step,replica,lambda,beta,phi,syndrome,E0_II,E0_IX,E0_XI,E0_XX,U_II,U_IX,U_XI,U_XX,F_II,F_IX,F_XI,F_XX,g_II,g_IX,g_XI,g_XX,delta_E0_IX,delta_E0_XI,delta_E0_XX,delta_U_IX,delta_U_XI,delta_U_XX,delta_F_IX,delta_F_XI,delta_F_XX,delta_S_IX,delta_S_XI,delta_S_XX
0,0,0.0,1.6582280766035322,-1.6574542368344505,"(0, 1, 0, 0, 0, 1, 0, 1, 0, 0, 0, 0, 0, 0, 0, 1, 0, 0, 0, 0, 0, 1, 0, 0, 1)",5,8,10,13,5.4286666666666665,7.058666666666666,8.224,10.01,0.0,1.6574542368344505,2.6839342657648504,4.059637127627955,8.0,22.0,13.0,4.0,3,5,8,1.63,2.7953333333333337,4.581333333333333,1.6574542368344505,2.6839342657648504,4.059637127627955,-0.0455253863406088,0.1847250615495129,0.8650912957581904
0,1,0.2857142857142857,1.6582280766035322,-1.87,"(1, 0, 1, 1, 1, 1, 0, 0, 1, 0, 0, 0, 0, 1, 0, 0, 0, 0, 0, 0, 1, 1, 0, 0, 1)",5,8,8,11,6.707333333333334,8.975333333333333,8.577333333333334,9.848,0.0,2.1040334826201885,0.878750332061432,1.840043572824907,26.0,51.0,16.0,31.0,3,3,6,2.268,1.87,3.140666666666667,2.1040334826201885,0.878750332061432,1.840043572824907,0.2718938827421041,1.6437180302996617,2.156729731287357
0,2,0.5714285714285714,1.6582280766035322,-0.6379999999999999,"(1, 1, 0, 0, 1, 1, 0, 0, 1, 1, 0, 0, 0, 1, 0, 1, 1, 1, 0, 0, 1, 0, 0, 1, 0)",7,10,12,15,8.562,9.2,10.999333333333333,10.026,0.0,0.2326678239038823,0.6800577589715154,1.3281669903338027,39.0,34.0,2.0,13.0,3,5,8,0.6379999999999999,2.437333333333333,1.4640000000000004,0.2326678239038823,0.6800577589715154,1.3281669903338027,0.6721331947533892,2.913963695736364,0.225242110358048
0,3,0.8571428571428571,1.6582280766035322,-0.1765091663762424,"(0, 0, 1, 0, 1, 0, 0, 1, 0, 1, 0, 1, 0, 1, 0, 0, 1, 0, 0, 0, 1, 1, 0, 0, 1)",6,9,9,12,7.144,8.134,8.304666666666666,6.616,0.0,1.2678811873710605,0.2756712053571347,0.1765091663762424,3.0,10.0,5.0,3.0,3,3,6,0.9900000000000002,1.1606666666666658,-0.5280000000000005,1.2678811873710605,0.2756712053571347,0.1765091663762424,-0.4607903868586187,1.4675243216101597,-1.168236879909635
0,4,1.1428571428571428,1.6582280766035322,0.3252706496039868,"(0, 1, 1, 0, 1, 1, 1, 0, 0, 1, 1, 1, 0, 0, 1, 0, 0, 0, 0, 0, 0, 0, 0, 0, 1)",5,10,10,15,5.8646666666666665,8.598666666666666,5.318,8.58,0.0,1.6936404584172209,-0.3252706496039868,0.8812192494199305,2.0,1.0,1.0,30.0,5,5,10,2.734,-0.5466666666666669,2.7153333333333336,1.6936404584172209,-0.3252706496039868,0.8812192494199305,1.7251534016149446,-0.3671250915415308,3.041379469639172
0,5,1.4285714285714284,1.6582280766035322,1.0851813028421649,"(1, 1, 1, 0, 0, 1, 1, 1, 0, 0, 0, 0, 1, 1, 0, 0, 0, 1, 1, 1, 0, 0, 1, 1, 1)",7,12,6,11,8.737333333333334,9.504,7.591333333333333,7.962666666666666,0.0,0.832983237147174,-1.0851813028421649,-0.5775792638374173,12.0,4.0,4.0,8.0,5,-1,4,0.7666666666666657,-1.1460000000000008,-0.7746666666666675,0.832983237147174,-1.0851813028421649,-0.5775792638374173,-0.1099679991148358,-0.100851271209571,-0.3268158649163331
0,6,1.7142857142857142,1.6582280766035322,-1.6673333333333336,"(1, 1, 0, 0, 0, 0, 0, 1, 1, 1, 0, 0, 0, 1, 0, 0, 0, 0, 1, 0, 0, 1, 0, 0, 0)",5,10,8,13,6.322,9.486666666666666,7.989333333333334,8.827333333333334,0.0,2.586614702424629,-0.1941600830138662,1.345154615740786,13.0,49.0,8.0,41.0,5,3,8,3.1646666666666663,1.6673333333333336,2.5053333333333336,2.586614702424629,-0.1941600830138662,1.345154615740786,0.9585419968419664,3.086780647399556,1.923840923389843
0,7,2.0,1.6582280766035322,0.6495832118748227,"(0, 0, 1, 0, 0, 0, 1, 1, 0, 0, 0, 1, 0, 1, 1, 0, 1, 1, 1, 1, 0, 1, 1, 0, 0)",6,11,9,14,8.493333333333334,8.019333333333334,7.777333333333333,8.026,0.0,-0.7838996860797104,-0.6495832118748227,-1.7716508770432142,4.0,8.0,3.0,17.0,5,3,8,-0.4740000000000002,-0.7160000000000011,-0.4673333333333342,-0.7838996860797104,-0.6495832118748227,-1.7716508770432142,0.5138843603879962,-0.1101341828269988,2.1628559717862776
10,0,0.0,1.6582280766035322,-3.396000000000001,"(0, 0, 1, 1, 0, 0, 0, 0, 1, 1, 0, 0, 1, 0, 0, 0, 0, 0, 0, 0, 1, 1, 0, 1, 0)",5,8,8,11,5.581333333333333,8.984666666666667,8.977333333333334,10.836,0.0,1.9961012595897056,2.69384678471166,3.750174919020922,4.0,6.0,2.0,6.0,3,3,6,3.403333333333334,3.396000000000001,5.254666666666667,1.9961012595897056,2.69384678471166,3.750174919020922,2.333511734978697,1.1643301756685716,2.4947904569644908
10,1,0.2857142857142857,1.6582280766035322,1.309557986363031,"(1, 1, 1, 1, 1, 1, 0, 0, 1, 1, 0, 0, 0, 1, 0, 1, 1, 1, 0, 0, 1, 1, 1, 1, 0)",8,13,13,18,9.549333333333331,8.466,7.772,7.726,0.0,-0.7538673331367793,-1.037645431312864,-1.309557986363031,24.0,38.0,15.0,1.0,5,5,10,-1.083333333333334,-1.777333333333333,-1.8233333333333333,-0.7538673331367793,-1.037645431312864,-1.309557986363031,-0.5463297718121917,-1.2265712470543042,-0.8519567054128769
10,2,0.5714285714285714,1.6582280766035322,1.27554588603625,"(1, 0, 1, 0, 1, 0, 0, 1, 0, 1, 0, 1, 1, 1, 0, 0, 1, 1, 0, 0, 0, 1, 0, 0, 1)",8,11,11,14,8.979333333333333,8.570666666666666,9.430666666666667,6.767333333333333,0.0,0.0791527535232077,-0.3571823277003997,-1.27554588603625,12.0,8.0,48.0,3.0,3,3,6,-0.4086666666666669,0.4513333333333342,-2.212,0.0791527535232077,-0.3571823277003997,-1.27554588603625,-0.8089158588713061,1.3407033694998025,-1.552854504225574
10,3,0.8571428571428571,1.6582280766035322,1.0515376976435191,"(0, 0, 1, 0, 1, 1, 0, 0, 0, 1, 0, 1, 0, 0, 0, 0, 0, 0, 0, 0, 0, 0, 0, 0, 1)",5,10,8,13,5.932,9.529333333333334,4.650666666666667,8.616666666666667,0.0,2.3507778204187937,-1.0515376976435191,1.6064913606135014,8.0,6.0,128.0,18.0,5,3,8,3.5973333333333333,-1.2813333333333334,2.6846666666666668,2.3507778204187937,-1.0515376976435191,1.6064913606135014,2.0670733505598067,-0.3810535749818064,1.787860563997965
10,4,1.1428571428571428,1.6582280766035322,-1.1425191447798335,"(0, 1, 0, 0, 1, 1, 0, 1, 0, 1, 0, 0, 0, 0, 0, 1, 1, 0, 0, 1, 0, 1, 0, 0, 1)",6,7,9,10,7.080666666666667,8.14,9.899333333333333,10.166,0.0,1.1425191447798335,1.0425464165170475,1.8710708626137988,2.0,12.0,2.0,13.0,1,3,4,1.059333333333334,2.818666666666666,3.0853333333333337,1.1425191447798335,1.0425464165170475,1.8710708626137988,-0.1379410481156331,2.945212466222187,2.013524121313107
10,5,1.4285714285714284,1.6582280766035322,2.725869011346512,"(1, 1, 1, 0, 0, 1, 0, 0, 1, 1, 0, 0, 0, 1, 1, 0, 0, 0, 1, 1, 0, 1, 0, 1, 0)",7,12,10,15,9.125333333333334,5.0986666666666665,9.423333333333334,5.776,0.0,-2.5469646266373998,-0.5488366438429554,-2.725869011346512,9.0,5.0,3.0,1.0,5,3,8,-4.026666666666667,0.298,-3.349333333333334,-2.5469646266373998,-0.5488366438429554,-2.725869011346512,-2.453683467784056,1.4042482991170944,-1.0338460434791337
10,6,1.7142857142857142,1.6582280766035322,1.171372313312735,"(1, 0, 1, 0, 1, 1, 0, 1, 0, 1, 0, 0, 0, 1, 0, 0, 1, 0, 1, 0, 0, 1, 0, 0, 0)",5,10,4,9,6.258666666666667,11.363333333333332,4.760666666666666,8.785333333333334,0.0,1.959951887519748,-1.171372313312735,1.2710502454730148,2.0,1.0,1.0,2.0,5,-1,4,5.104666666666667,-1.4980000000000002,2.5266666666666677,1.959951887519748,-1.171372313312735,1.2710502454730148,5.2146543396914975,-0.541623200660885,2.0820984030677607
10,7,2.0,1.6582280766035322,0.164459375686257,"(1, 1, 1, 0, 0, 1, 1, 1, 0, 0, 1, 1, 1, 1, 0, 0, 0, 1, 1, 1, 0, 0, 1, 0, 0)",7,10,6,9,8.553333333333333,10.0,8.033333333333333,11.328666666666669,0.0,1.2692814688579697,-0.164459375686257,1.242455023529806,4.0,1.0,1.0,3.0,3,-1,2,1.4466666666666672,-0.5199999999999996,2.775333333333334,1.2692814688579697,-0.164459375686257,1.242455023529806,0.2941451153802536,-0.5895674456101964,2.541861851332778
20,0,0.0,1.6582280766035322,-0.4166574413812463,"(1, 0, 1, 1, 1, 1, 1, 0, 0, 0, 0, 0, 0, 1, 0, 1, 1, 1, 0, 0, 0, 0, 0, 1, 1)",7,8,12,13,9.176,9.028666666666666,9.625333333333334,10.079333333333333,0.0,0.4166574413812463,1.703552977364028,0.8214493396365766,12.0,4.0,2.0,27.0,1,5,6,-0.1473333333333339,0.4493333333333336,0.9033333333333324,0.4166574413812463,1.703552977364028,0.8214493396365766,-0.9352253375770944,-2.0797822279593854,0.1357823373723871
20,1,0.2857142857142857,1.6582280766035322,-0.8179117864064881,"(0, 0, 1, 1, 0, 0, 1, 1, 1, 1, 0, 0, 0, 1, 0, 0, 0, 0, 0, 0, 0, 0, 0, 1, 0)",5,10,10,15,6.644,6.796,10.060666666666666,10.415333333333333,0.0,0.8179117864064881,2.575891494195927,2.8456299279901023,1.0,6.0,11.0,97.0,5,5,10,0.1520000000000001,3.416666666666666,3.7713333333333328,0.8179117864064881,2.575891494195927,2.8456299279901023,-1.1042336207604526,1.394196997102157,1.535027377347645
20,2,0.5714285714285714,1.6582280766035322,1.0515376976435191,"(0, 0, 1, 0, 1, 1, 0, 0, 0, 1, 0, 1, 0, 0, 0, 0, 0, 0, 0, 0, 0, 0, 0, 0, 1)",5,10,8,13,5.932,9.529333333333334,4.650666666666667,8.616666666666667,0.0,2.3507778204187937,-1.0515376976435191,1.6064913606135014,8.0,6.0,128.0,18.0,5,3,8,3.5973333333333333,-1.2813333333333334,2.6846666666666668,2.3507778204187937,-1.0515376976435191,1.6064913606135014,2.0670733505598067,-0.3810535749818064,1.787860563997965
20,3,0.8571428571428571,1.6582280766035322,1.132938271448347,"(1, 1, 0, 0, 1, 0, 0, 1, 0, 1, 1, 0, 0, 0, 0, 1, 1, 0, 0, 1, 1, 1, 0, 0, 1)",7,12,8,13,8.454,11.004,6.938,9.807333333333334,0.0,1.298392583980565,-1.132938271448347,1.5326817864482385,14.0,4.0,6.0,1.0,5,1,6,2.549999999999999,-1.516000000000001,1.3533333333333335,1.298392583980565,-1.132938271448347,1.5326817864482385,2.075450558128623,-0.6352037133566335,-0.2974006404505473
20,4,1.1428571428571428,1.6582280766035322,0.9256597618729056,"(1, 1, 1, 0, 0, 1, 0, 0, 1, 1, 0, 0, 0, 1, 1, 0, 0, 0, 0, 1, 0, 1, 0, 1, 1)",7,12,10,15,9.404666666666667,7.645333333333333,9.354666666666668,8.154666666666667,0.0,-0.9256597618729056,-0.7464237315484706,-0.5551010610212348,6.0,2.0,33.0,10.0,5,3,8,-1.759333333333334,-0.0500000000000007,-1.25,-0.9256597618729056,-0.7464237315484706,-0.5551010610212348,-1.3824209229180238,1.154829384866674,-1.152300931016593
20,5,1.4285714285714284,1.6582280766035322,1.171372313312735,"(1, 0, 1, 0, 1, 1, 0, 1, 0, 1, 0, 0, 0, 1, 0, 0, 1, 0, 1, 0, 0, 1, 0, 0, 0)",5,10,4,9,6.258666666666667,11.363333333333332,4.760666666666666,8.785333333333334,0.0,1.959951887519748,-1.171372313312735,1.2710502454730148,2.0,1.0,1.0,2.0,5,-1,4,5.104666666666667,-1.4980000000000002,2.5266666666666677,1.959951887519748,-1.171372313312735,1.2710502454730148,5.2146543396914975,-0.541623200660885,2.0820984030677607
20,6,1.7142857142857142,1.6582280766035322,0.9766666666666676,"(1, 1, 0, 1, 0, 1, 1, 0, 1, 0, 1, 1, 1, 0, 0, 0, 0, 0, 0, 0, 1, 1, 0, 0, 1)",7,10,8,11,8.641333333333334,9.356666666666667,7.664666666666666,9.084,0.0,0.7260828004754672,-0.9953421906030658,-0.1729716131461549,29.0,6.0,65.0,4.0,3,1,4,0.7153333333333336,-0.9766666666666676,0.4426666666666659,0.7260828004754672,-0.9953421906030658,-0.1729716131461549,-0.0178250682236131,0.0309682781366171,1.0208686806175211
20,7,2.0,1.6582280766035322,0.7659539733395789,"(0, 0, 1, 0, 1, 1, 1, 1, 0, 1, 0, 1, 0, 1, 0, 0, 1, 1, 0, 0, 1, 1, 1, 0, 1)",8,11,13,16,10.840666666666667,10.643333333333333,9.701333333333332,9.269333333333334,0.0,-0.1517831432784449,-0.7659539733395789,-0.3272973728087225,12.0,28.0,2.0,2.0,3,5,8,-0.1973333333333347,-1.1393333333333349,-1.5713333333333337,-0.1517831432784449,-0.7659539733395789,-0.3272973728087225,-0.0755326040436452,-0.6191481379659037,-2.062895358046353
30,0,0.0,1.6582280766035322,0.9820000000000002,"(0, 1, 1, 1, 0, 1, 1, 1, 1, 1, 0, 0, 0, 1, 0, 0, 0, 0, 0, 0, 0, 0, 1, 0, 0)",6,11,7,12,7.387333333333333,9.376,6.405333333333333,7.675333333333334,0.0,0.6009418549611195,-1.2521832949125478,0.440204280069017,18.0,9.0,71.0,3.0,5,1,6,1.988666666666666,-0.9820000000000002,0.2880000000000002,0.6009418549611195,-1.2521832949125478,0.440204280069017,2.301164245369488,0.4480255254532386,-0.252389410589671
30,1,0.2857142857142857,1.6582280766035322,0.498168563724514,"(0, 0, 1, 0, 0, 1, 0, 0, 0, 1, 0, 1, 0, 0, 0, 0, 0, 0, 0, 1, 0, 0, 0, 0, 1)",5,10,8,13,5.542,9.996666666666666,4.8726666666666665,7.998666666666667,0.0,3.650386438322203,-0.498168563724514,2.0328770733774904,6.0,28.0,50.0,6.0,5,3,8,4.454666666666666,-0.6693333333333333,2.456666666666667,3.650386438322203,-0.498168563724514,2.0328770733774904,1.333680056097889,-0.2838302266907191,0.7027398021645046
30,2,0.5714285714285714,1.6582280766035322,-0.5719999999999992,"(0, 1, 0, 1, 1, 0, 1, 0, 0, 0, 1, 0, 0, 1, 0, 1, 1, 1, 0, 0, 1, 0, 0, 1, 1)",7,12,10,15,9.853333333333332,10.874,9.686666666666667,10.425333333333333,0.0,0.6414763190558733,0.9208693252071622,0.5195044316434791,14.0,54.0,13.0,6.0,5,3,8,1.020666666666667,-0.166666666666666,0.5719999999999992,0.6414763190558733,0.9208693252071622,0.5195044316434791,0.6287840807852713,-1.803382716042053,0.0870496253460414
30,3,0.8571428571428571,1.6582280766035322,1.662871115218022,"(0, 0, 0, 0, 0, 1, 0, 0, 1, 1, 1, 0, 0, 1, 1, 1, 0, 0, 0, 1, 0, 0, 0, 1, 1)",5,10,10,15,6.610666666666667,7.390666666666666,4.818,8.404,0.0,-0.2784349188181395,-1.662871115218022,1.5006227103005696,26.0,17.0,6.0,4.0,5,5,10,0.7799999999999994,-1.7926666666666673,1.793333333333333,-0.2784349188181395,-1.662871115218022,1.5006227103005696,1.755126499641818,-0.2152306276303819,0.4853809734330408
30,4,1.1428571428571428,1.6582280766035322,1.3027039769797366,"(1, 0, 1, 0, 0, 1, 0, 1, 0, 1, 0, 0, 0, 1, 0, 0, 1, 0, 1, 0, 0, 1, 0, 0, 1)",6,11,5,10,7.466666666666667,10.146,5.985333333333333,10.596666666666666,0.0,1.96687959592867,-1.3027039769797366,1.3956015987823458,5.0,95.0,11.0,2.0,5,-1,4,2.679333333333334,-1.4813333333333336,3.129999999999999,1.96687959592867,-1.3027039769797366,1.3956015987823458,1.181410790645534,-0.2962082140111521,2.8760281249153903
30,5,1.4285714285714284,1.6582280766035322,1.2113540347152865,"(0, 1, 0, 1, 1, 1, 1, 1, 0, 1, 0, 1, 0, 0, 0, 1, 1, 0, 0, 1, 0, 1, 0, 1, 1)",7,12,12,17,10.140666666666666,9.342666666666666,7.556666666666667,8.408666666666667,0.0,-0.0226992998930629,-1.2113540347152865,-1.06753038620454,6.0,8.0,1.0,1.0,5,5,10,-0.798,-2.584,-1.731999999999999,-0.0226992998930629,-1.2113540347152865,-1.06753038620454,-1.2856253887276985,-2.2761600788716687,-1.1018421696455365
30,6,1.7142857142857142,1.6582280766035322,0.727333333333334,"(1, 0, 1, 0, 1, 1, 0, 1, 0, 1, 1, 0, 0, 0, 0, 0, 1, 1, 1, 0, 1, 1, 1, 0, 1)",8,13,13,18,10.023333333333332,10.628666666666666,9.296,8.892,0.0,0.1730821616845959,-0.7829415987465608,0.3294714940647154,49.0,8.0,17.0,18.0,5,5,10,0.6053333333333324,-0.727333333333334,-1.131333333333334,0.1730821616845959,-0.7829415987465608,0.3294714940647154,0.7167710289727074,0.0922111869994336,-2.4223475792294225
30,7,2.0,1.6582280766035322,1.6829909492141444,"(1, 1, 0, 1, 1, 1, 1, 0, 1, 1, 1, 1, 1, 0, 0, 1, 1, 0, 0, 0, 0, 0, 0, 0, 1)",8,7,11,10,10.592666666666666,8.522,9.813333333333333,8.281333333333333,0.0,-0.5794954385037144,-0.8571196680399595,-1.6829909492141444,112.0,18.0,13.0,12.0,-1,3,2,-2.070666666666666,-0.7793333333333337,-2.3113333333333337,-0.5794954385037144,-0.8571196680399595,-1.6829909492141444,-2.472701997563178,0.1289874841866068,-1.041934983066441
40,0,0.0,1.6582280766035322,-1.2264991844816,"(0, 0, 1, 0, 0, 0, 0, 0, 0, 0, 0, 1, 1, 1, 0, 0, 0, 0, 0, 0, 0, 0, 0, 0, 0)",4,9,7,12,4.447333333333333,6.812,5.644,8.632,0.0,2.048059072656617,1.2264991844816,3.7366511478184,5.0,8.0,20.0,24.0,5,3,8,2.364666666666668,1.1966666666666672,4.184666666666667,2.048059072656617,1.2264991844816,3.7366511478184,0.5250076016533585,-0.0494691186364966,0.7429119121082951
40,1,0.2857142857142857,1.6582280766035322,0.565492623634617,"(1, 1, 0, 0, 0, 0, 1, 0, 0, 0, 1, 0, 0, 1, 0, 1, 1, 1, 0, 0, 0, 0, 0, 0, 0)",6,5,11,10,6.600666666666666,5.859333333333334,8.048666666666668,8.952,0.0,-0.565492623634617,1.04840548905438,1.208958816382416,11.0,4.0,2.0,2.0,-1,5,4,-0.7413333333333325,1.4480000000000013,2.3513333333333337,-0.565492623634617,1.04840548905438,1.208958816382416,-0.291584001832301,0.6626188373066868,1.8943174980044093
40,2,0.5714285714285714,1.6582280766035322,3.171784965901611,"(0, 0, 0, 0, 0, 1, 1, 0, 1, 1, 1, 1, 0, 1, 1, 1, 0, 0, 0, 1, 0, 0, 0, 1, 1)",6,11,11,16,7.402,8.027333333333333,3.993333333333333,7.4,0.0,0.4353769938904598,-3.171784965901611,-0.4681362107815834,3.0,16.0,57.0,16.0,5,5,10,0.6253333333333329,-3.408666666666667,-0.0019999999999997,0.4353769938904598,-3.171784965901611,-0.4681362107815834,0.314990935393003,-0.3928038870422125,0.7729601522396041
40,3,0.8571428571428571,1.6582280766035322,1.3027039769797366,"(1, 0, 1, 0, 0, 1, 0, 1, 0, 1, 0, 0, 0, 1, 0, 0, 1, 0, 1, 0, 0, 1, 0, 0, 1)",6,11,5,10,7.466666666666667,10.146,5.985333333333333,10.596666666666666,0.0,1.96687959592867,-1.3027039769797366,1.3956015987823458,5.0,95.0,11.0,2.0,5,-1,4,2.679333333333334,-1.4813333333333336,3.129999999999999,1.96687959592867,-1.3027039769797366,1.3956015987823458,1.181410790645534,-0.2962082140111521,2.8760281249153903
40,4,1.1428571428571428,1.6582280766035322,-0.578666666666666,"(0, 1, 0, 0, 0, 1, 0, 1, 0, 0, 0, 0, 0, 0, 0, 1, 1, 0, 0, 1, 0, 1, 1, 1, 1)",6,7,11,12,6.949333333333334,7.962,9.029333333333334,7.528,0.0,0.1476191483305274,0.6108175243951152,-0.1165181595160087,2.0,73.0,4.0,46.0,1,5,6,1.0126666666666662,2.08,0.578666666666666,0.1476191483305274,0.6108175243951152,-0.1165181595160087,1.4344460825011942,2.436239630701904,1.1527749972048575
40,5,1.4285714285714284,1.6582280766035322,-0.6277314507764703,"(0, 1, 1, 1, 0, 1, 1, 1, 1, 1, 0, 0, 1, 0, 0, 0, 1, 1, 0, 0, 0, 0, 0, 1, 0)",6,9,11,14,7.597333333333333,8.036,8.912,9.558666666666667,0.0,0.6277314507764703,1.1717408084408691,1.598458166820178,1.0,10.0,13.0,45.0,3,5,8,0.4386666666666663,1.3146666666666675,1.961333333333334,0.6277314507764703,1.1717408084408691,1.598458166820178,-0.3135125333078623,0.2370036709826748,0.6017297894142971
40,6,1.7142857142857142,1.6582280766035322,1.6829909492141444,"(1, 1, 0, 1, 1, 1, 1, 0, 1, 1, 1, 1, 1, 0, 0, 1, 1, 0, 0, 0, 0, 0, 0, 0, 1)",8,7,11,10,10.592666666666666,8.522,9.813333333333333,8.281333333333333,0.0,-0.5794954385037144,-0.8571196680399595,-1.6829909492141444,112.0,18.0,13.0,12.0,-1,3,2,-2.070666666666666,-0.7793333333333337,-2.3113333333333337,-0.5794954385037144,-0.8571196680399595,-1.6829909492141444,-2.472701997563178,0.1289874841866068,-1.041934983066441
40,7,2.0,1.6582280766035322,1.0940000000000012,"(1, 0, 1, 0, 1, 1, 0, 1, 0, 1, 0, 1, 0, 0, 0, 0, 1, 1, 0, 1, 1, 1, 1, 0, 1)",7,10,10,13,9.964,9.844666666666669,9.276,8.87,0.0,0.0584433273220711,0.0497836918109197,-1.2375540383256225,2.0,11.0,1.0,5.0,3,3,6,-0.1193333333333335,-0.6880000000000006,-1.0940000000000012,0.0584433273220711,0.0497836918109197,-1.2375540383256225,-0.2947942500636104,-1.2234136322210758,0.2380453368613647
50,0,0.0,1.6582280766035322,-1.7776573476317998,"(0, 0, 1, 0, 0, 1, 1, 0, 1, 1, 0, 0, 0, 1, 0, 0, 0, 0, 0, 0, 0, 0, 0, 0, 0)",4,9,7,12,4.253333333333333,8.22,5.770666666666667,9.398,0.0,3.444839855848992,1.7776573476317998,4.003183673997808,6.0,6.0,2.0,62.0,5,3,8,3.966666666666668,1.517333333333334,5.144666666666667,3.444839855848992,1.7776573476317998,4.003183673997808,0.8653078688223502,-0.4316765895238553,1.892839147408926
50,1,0.2857142857142857,1.6582280766035322,0.8406110862995505,"(1, 1, 0, 0, 1, 0, 1, 0, 0, 0, 1, 0, 0, 1, 0, 1, 1, 0, 1, 0, 0, 0, 1, 1, 1)",7,6,12,11,8.533333333333333,7.104,10.484,8.428,0.0,-0.8406110862995505,1.3652007507112809,-0.3122627715808515,14.0,2.0,53.0,11.0,-1,5,4,-1.4293333333333331,1.9506666666666668,-0.1053333333333323,-0.8406110862995505,1.3652007507112809,-0.3122627715808515,-0.9762357593525388,0.9708360197316248,0.343136204377833
50,2,0.5714285714285714,1.6582280766035322,1.3027039769797366,"(1, 0, 1, 0, 0, 1, 0, 1, 0, 1, 0, 0, 0, 1, 0, 0, 1, 0, 1, 0, 0, 1, 0, 0, 1)",6,11,5,10,7.466666666666667,10.146,5.985333333333333,10.596666666666666,0.0,1.96687959592867,-1.3027039769797366,1.3956015987823458,5.0,95.0,11.0,2.0,5,-1,4,2.679333333333334,-1.4813333333333336,3.129999999999999,1.96687959592867,-1.3027039769797366,1.3956015987823458,1.181410790645534,-0.2962082140111521,2.8760281249153903
50,3,0.8571428571428571,1.6582280766035322,1.0769638614847743,"(1, 0, 1, 0, 0, 0, 0, 0, 0, 0, 0, 0, 0, 0, 0, 0, 1, 0, 0, 0, 0, 0, 1, 1, 1)",5,8,10,13,5.818666666666667,9.002,4.562666666666667,8.976666666666667,0.0,3.2698415194981,-1.0769638614847743,1.770655940197251,5.0,2.0,8.0,10.0,3,5,8,3.1833333333333336,-1.2560000000000002,3.1579999999999995,3.2698415194981,-1.0769638614847743,1.770655940197251,-0.143450303154461,-0.2968827516126266,2.300532871874047
50,4,1.1428571428571428,1.6582280766035322,-0.1270202706678312,"(0, 1, 1, 1, 0, 1, 1, 1, 1, 1, 0, 0, 1, 0, 0, 0, 1, 1, 1, 1, 0, 0, 0, 0, 1)",8,11,13,16,9.926666666666666,8.308666666666667,9.254,9.543333333333331,0.0,0.7919328798730334,0.1270202706678312,0.3717378852616995,30.0,39.0,12.0,4.0,3,5,8,-1.6179999999999986,-0.6726666666666663,-0.3833333333333328,0.7919328798730334,0.1270202706678312,0.3717378852616995,-3.9962183641354687,-1.3260633319811532,-1.2520802945095255
50,5,1.4285714285714284,1.6582280766035322,0.6559581775915438,"(1, 1, 0, 1, 1, 1, 1, 0, 1, 1, 1, 1, 1, 1, 0, 1, 1, 0, 1, 0, 0, 0, 0, 0, 1)",9,8,12,11,10.963333333333331,9.446666666666667,10.633333333333333,9.235333333333331,0.0,-0.6559581775915438,0.2933589715075711,-0.6224251209313388,29.0,5.0,4.0,4.0,-1,3,2,-1.5166666666666655,-0.33,-1.7279999999999998,-0.6559581775915438,0.2933589715075711,-0.6224251209313388,-1.4272509823553716,-1.0336713483565558,-1.8332953052592085
50,6,1.7142857142857142,1.6582280766035322,1.857841887513783,"(1, 0, 1, 0, 1, 1, 0, 1, 0, 1, 0, 1, 0, 0, 0, 0, 1, 0, 1, 1, 1, 1, 1, 0, 1)",7,12,10,15,9.220666666666666,6.510666666666666,8.791333333333334,8.943333333333333,0.0,-1.857841887513783,-0.2761870985365227,-0.5621761674814109,6.0,12.0,3.0,10.0,5,3,8,-2.71,-0.4293333333333322,-0.277333333333333,-1.857841887513783,-0.2761870985365227,-0.5621761674814109,-1.413072507830116,-0.2539513863661863,0.4723343850036661
50,7,2.0,1.6582280766035322,3.034004637492263,"(0, 0, 0, 0, 0, 1, 1, 0, 1, 1, 1, 1, 0, 1, 1, 1, 1, 1, 0, 1, 0, 0, 0, 0, 0)",6,11,11,16,6.992,11.091333333333331,3.854,7.112666666666667,0.0,2.1167465645408163,-3.034004637492263,-0.2199915914960689,16.0,4.0,1.0,14.0,5,5,10,4.099333333333333,-3.138,0.1206666666666667,2.1167465645408163,-3.034004637492263,-0.2199915914960689,3.2875810443144267,-0.1724480299468918,0.5648890882123027
60,0,0.0,1.6582280766035322,-2.742,"(0, 0, 0, 0, 0, 0, 1, 0, 0, 0, 1, 0, 0, 1, 0, 1, 0, 1, 0, 0, 1, 0, 1, 1, 0)",6,9,11,14,4.708666666666667,8.166666666666666,7.450666666666667,9.208666666666666,0.0,2.8633545436533527,1.7385968640495844,2.741861699907534,6.0,13.0,2.0,4.0,3,5,8,3.4579999999999997,2.742,4.499999999999999,2.8633545436533527,1.7385968640495844,2.741861699907534,0.9860577913387294,1.6638712521850103,2.9153942917653324
60,1,0.2857142857142857,1.6582280766035322,-1.5893333333333342,"(0, 1, 1, 0, 1, 1, 0, 0, 1, 0, 0, 1, 1, 1, 0, 0, 0, 0, 0, 0, 0, 0, 0, 0, 0)",5,10,8,13,5.786,7.375333333333334,7.663333333333333,8.404666666666667,0.0,1.368885701992623,0.1715713316592445,2.456351674629218,4.0,20.0,4.0,137.0,5,3,8,1.5893333333333342,1.8773333333333333,2.618666666666668,1.368885701992623,0.1715713316592445,2.456351674629218,0.3655524517099119,2.828542443179416,0.269155277050178
60,2,0.5714285714285714,1.6582280766035322,2.744993908496674,"(1, 0, 1, 0, 0, 1, 1, 1, 0, 1, 0, 0, 0, 0, 0, 0, 1, 0, 1, 1, 0, 0, 1, 1, 1)",8,11,13,16,9.563333333333333,10.749333333333333,6.196666666666666,8.273333333333333,0.0,1.1242417864243812,-2.744993908496674,-1.730158325615312,58.0,29.0,6.0,2.0,3,5,8,1.186,-3.3666666666666663,-1.2899999999999991,1.1242417864243812,-2.744993908496674,-1.730158325615312,0.1024092037119683,-1.0308752220570392,0.7298828936861117
60,3,0.8571428571428571,1.6582280766035322,0.0053333333333327,"(0, 0, 1, 1, 0, 1, 0, 1, 1, 0, 1, 1, 1, 0, 1, 0, 1, 1, 1, 1, 0, 0, 0, 0, 1)",8,13,13,18,10.056666666666668,10.637333333333334,10.054,10.051333333333334,0.0,0.0693507831148414,0.0295901587891694,-0.2952382966610554,14.0,1.0,7.0,4.0,5,5,10,0.5806666666666676,-0.0026666666666663,-0.0053333333333327,0.0693507831148414,0.0295901587891694,-0.2952382966610554,0.8478783541189803,-0.0534891736329664,0.480728549736747
60,4,1.1428571428571428,1.6582280766035322,1.2164761169963518,"(1, 1, 1, 1, 0, 1, 1, 0, 1, 0, 1, 1, 0, 0, 0, 1, 1, 0, 1, 0, 0, 0, 1, 0, 1)",8,9,7,8,9.96,8.670666666666667,7.944666666666666,8.732,0.0,-1.2164761169963518,-0.7700442692618674,-0.6873539625085711,15.0,16.0,20.0,1.0,1,-1,0,-1.2893333333333334,-2.0153333333333343,-1.2280000000000015,-1.2164761169963518,-0.7700442692618674,-0.6873539625085711,-0.1208138817131604,-2.0649732895306414,-0.896514438872736
60,5,1.4285714285714284,1.6582280766035322,1.857841887513783,"(1, 0, 1, 0, 1, 1, 0, 1, 0, 1, 0, 1, 0, 0, 0, 0, 1, 0, 1, 1, 1, 1, 1, 0, 1)",7,12,10,15,9.220666666666666,6.510666666666666,8.791333333333334,8.943333333333333,0.0,-1.857841887513783,-0.2761870985365227,-0.5621761674814109,6.0,12.0,3.0,10.0,5,3,8,-2.71,-0.4293333333333322,-0.277333333333333,-1.857841887513783,-0.2761870985365227,-0.5621761674814109,-1.413072507830116,-0.2539513863661863,0.4723343850036661
60,6,1.7142857142857142,1.6582280766035322,3.964666666666666,"(0, 0, 0, 0, 0, 1, 1, 1, 1, 1, 1, 1, 1, 1, 1, 1, 1, 1, 0, 1, 0, 0, 0, 0, 0)",7,12,12,17,6.342666666666666,10.442,2.378,6.58,0.0,2.384237178053372,-4.011143168765504,0.0614649873727705,43.0,8.0,5.0,2.0,5,5,10,4.099333333333334,-3.964666666666666,0.2373333333333338,2.384237178053372,-4.011143168765504,0.0614649873727705,2.8440205987600047,0.0770686406826151,0.2916298290576294
60,7,2.0,1.6582280766035322,1.464666666666667,"(1, 1, 0, 0, 1, 1, 0, 1, 0, 1, 0, 0, 0, 1, 0, 0, 1, 0, 1, 0, 0, 1, 0, 0, 0)",6,11,5,10,7.331333333333333,10.335333333333333,5.866666666666666,7.49,0.0,1.3453020137920384,-1.6799692891634457,0.0844590833683398,5.0,2.0,2.0,2.0,5,-1,4,3.004,-1.464666666666667,0.1586666666666669,1.3453020137920384,-1.6799692891634457,0.0844590833683398,2.75049957133578,0.3570208535905293,0.1230530981221814
70,0,0.0,1.6582280766035322,0.1513333333333335,"(0, 1, 0, 0, 0, 1, 0, 0, 1, 1, 0, 1, 1, 1, 0, 0, 0, 0, 0, 0, 0, 0, 1, 0, 0)",5,10,10,15,6.476666666666667,6.949333333333334,8.68,6.325333333333333,0.0,0.1055738542104241,1.3505346446115438,-0.1540678130728748,10.0,2.0,32.0,2.0,5,5,10,0.472666666666667,2.203333333333333,-0.1513333333333335,0.1055738542104241,1.3505346446115438,-0.1540678130728748,0.6087236083342968,1.414134729329147,0.0045343910790108
70,1,0.2857142857142857,1.6582280766035322,-0.0906666666666655,"(1, 0, 0, 0, 0, 1, 1, 1, 1, 1, 1, 0, 0, 0, 0, 0, 1, 0, 1, 1, 1, 0, 1, 1, 1)",8,11,11,14,10.726,11.437333333333331,10.816666666666666,11.095333333333333,0.0,-0.3361412558839419,-0.1740770985305573,-0.0091755286905399,20.0,23.0,16.0,3.0,3,3,6,0.7113333333333323,0.0906666666666655,0.3693333333333317,-0.3361412558839419,-0.1740770985305573,-0.0091755286905399,1.7369517733688358,0.4390055445557681,0.6276540222512365
70,2,0.5714285714285714,1.6582280766035322,-0.7459999999999996,"(0, 0, 1, 1, 0, 1, 0, 1, 1, 0, 1, 1, 1, 1, 0, 0, 0, 0, 1, 0, 0, 0, 0, 0, 0)",5,10,6,11,6.023333333333333,7.337333333333333,6.769333333333333,9.348666666666666,0.0,1.8236086901101245,-0.0391341826078438,2.30677950211958,2.0,3.0,1.0,5.0,5,1,6,1.314,0.7459999999999996,3.325333333333333,1.8236086901101245,-0.0391341826078438,2.30677950211958,-0.8450474380217572,1.3019315455014906,1.6889945604507408
70,3,0.8571428571428571,1.6582280766035322,-2.259096232539025,"(0, 0, 0, 0, 0, 0, 1, 0, 1, 0, 1, 0, 0, 0, 0, 1, 0, 1, 0, 0, 0, 0, 1, 1, 1)",5,10,10,15,6.996666666666667,9.189333333333334,9.432666666666666,10.552666666666669,0.0,2.259096232539025,1.8164967341371343,2.858932602115744,1.0,3.0,2.0,6.0,5,5,10,2.1926666666666668,2.435999999999999,3.556,2.259096232539025,1.8164967341371343,2.858932602115744,-0.1101553712461281,1.027277709001385,1.1558967304566394
70,4,1.1428571428571428,1.6582280766035322,1.060666666666667,"(1, 0, 1, 0, 1, 1, 0, 1, 0, 1, 0, 1, 0, 0, 0, 0, 1, 1, 0, 1, 1, 1, 1, 0, 1)",7,10,10,13,9.020666666666669,10.072666666666668,9.245333333333331,7.96,0.0,-0.0293322121994757,0.1139755431318811,-1.2270150776609878,2.0,11.0,1.0,5.0,3,3,6,1.0519999999999996,0.2246666666666659,-1.060666666666667,-0.0293322121994757,0.1139755431318811,-1.2270150776609878,1.7930954344049783,0.18355112887617,0.2758436056091664
70,5,1.4285714285714284,1.6582280766035322,2.409479094330558,"(1, 0, 0, 0, 1, 1, 1, 1, 1, 0, 1, 1, 1, 1, 0, 1, 1, 1, 0, 1, 0, 0, 0, 0, 0)",7,12,12,17,8.942,9.649333333333333,6.492,5.644,0.0,-0.0214095669445925,-2.409479094330558,-1.5052288994022465,6.0,17.0,1.0,5.0,5,5,10,0.7073333333333327,-2.45,-3.298,-0.0214095669445925,-2.409479094330558,-1.5052288994022465,1.2084219378663437,-0.0671929034704719,-2.9728233739346104
70,6,1.7142857142857142,1.6582280766035322,2.1845496681174934,"(1, 1, 0, 0, 1, 1, 0, 1, 0, 1, 1, 1, 0, 0, 0, 0, 1, 0, 0, 0, 0, 1, 0, 0, 0)",6,9,5,8,8.17,8.308666666666667,6.383333333333334,4.895333333333333,0.0,0.5906976903989917,-1.4740910610749132,-2.1845496681174934,7.0,2.0,2.0,2.0,3,-1,2,0.1386666666666673,-1.7866666666666662,-3.2746666666666666,0.5906976903989917,-1.4740910610749132,-2.1845496681174934,-0.7495705350487777,-0.5183216452535969,-1.807662613777011
70,7,2.0,1.6582280766035322,1.7392233057674118,"(1, 0, 1, 1, 0, 1, 1, 0, 0, 1, 1, 1, 0, 0, 0, 1, 1, 0, 1, 0, 0, 1, 1, 0, 1)",9,14,14,19,8.236,8.998666666666667,8.266,6.188,0.0,0.2682276037688246,-0.668007968281529,-1.7392233057674118,124.0,27.0,29.0,20.0,5,5,10,0.7626666666666662,0.0299999999999993,-2.048000000000001,0.2682276037688246,-0.668007968281529,-1.7392233057674118,0.8198927362667406,1.157456410697418,-0.5120221837773032
80,0,0.0,1.6582280766035322,-0.005748523998892,"(1, 0, 0, 0, 0, 0, 0, 1, 1, 1, 1, 1, 0, 1, 1, 0, 0, 0, 0, 0, 1, 0, 1, 1, 1)",7,10,10,13,8.899333333333333,8.870666666666667,9.484,10.694,0.0,0.005748523998892,1.2390648683509728,1.4061774089597958,2.0,15.0,7.0,6.0,3,3,6,-0.0286666666666661,0.5846666666666671,1.794666666666668,0.005748523998892,1.2390648683509728,1.4061774089597958,-0.0570682354232923,-1.0851414713117766,0.6442037945884006
80,1,0.2857142857142857,1.6582280766035322,0.6946501660456269,"(0, 0, 1, 1, 0, 1, 0, 1, 1, 1, 1, 1, 1, 1, 1, 0, 0, 0, 1, 0, 0, 0, 0, 0, 0)",6,11,7,12,7.189333333333333,9.518666666666666,5.943333333333333,8.33,0.0,1.2920176182638454,-0.6946501660456269,0.1335057849229914,4.0,23.0,15.0,8.0,5,1,6,2.329333333333333,-1.2459999999999996,1.1406666666666672,1.2920176182638454,-0.6946501660456269,0.1335057849229914,1.7201060430302948,-0.9142637746938362,1.670102451764133
80,2,0.5714285714285714,1.6582280766035322,-0.6420000000000012,"(0, 1, 0, 0, 0, 1, 0, 0, 1, 1, 1, 0, 0, 0, 0, 1, 0, 1, 1, 0, 0, 0, 0, 1, 1)",6,9,9,12,8.352666666666666,8.9,8.994666666666667,9.815333333333331,0.0,0.865373958910163,-0.1463294153820573,0.6041109130630736,2.0,4.0,7.0,9.0,3,3,6,0.5473333333333343,0.6420000000000012,1.4626666666666672,0.865373958910163,-0.1463294153820573,0.6041109130630736,-0.5273838948320487,1.307229970198978,1.4236812559549832
80,3,0.8571428571428571,1.6582280766035322,1.060666666666667,"(1, 0, 1, 0, 1, 1, 0, 1, 0, 1, 0, 1, 0, 0, 0, 0, 1, 1, 0, 1, 1, 1, 1, 0, 1)",7,10,10,13,9.020666666666669,10.072666666666668,9.245333333333331,7.96,0.0,-0.0293322121994757,0.1139755431318811,-1.2270150776609878,2.0,11.0,1.0,5.0,3,3,6,1.0519999999999996,0.2246666666666659,-1.060666666666667,-0.0293322121994757,0.1139755431318811,-1.2270150776609878,1.7930954344049783,0.18355112887617,0.2758436056091664
80,4,1.1428571428571428,1.6582280766035322,0.1923913063988228,"(1, 1, 0, 1, 0, 1, 0, 0, 1, 1, 0, 1, 1, 1, 0, 1, 0, 0, 0, 0, 1, 0, 1, 0, 0)",7,10,12,15,9.310666666666666,8.936,10.352,10.483333333333333,0.0,-0.1923913063988228,0.5496841826376635,-0.4504852941439592,19.0,2.0,3.0,8.0,3,5,8,-0.3746666666666662,1.041333333333334,1.1726666666666663,-0.1923913063988228,0.5496841826376635,-0.4504852941439592,-0.3022541200691618,0.815266425521842,2.6915561540102555
80,5,1.4285714285714284,1.6582280766035322,1.1506260375987845,"(1, 0, 1, 0, 1, 1, 0, 1, 0, 1, 1, 1, 0, 0, 0, 0, 1, 0, 0, 0, 0, 1, 0, 0, 0)",5,8,4,7,6.568666666666667,9.498666666666669,5.040666666666667,6.846,0.0,1.429097805929738,-1.1506260375987845,-0.2271035474690572,2.0,1.0,1.0,1.0,3,-1,2,2.93,-1.5280000000000005,0.277333333333333,1.429097805929738,-1.1506260375987845,-0.2271035474690572,2.488838158443152,-0.6257720998328221,0.8364713986208329
80,6,1.7142857142857142,1.6582280766035322,2.644652685105753,"(1, 0, 1, 1, 0, 1, 0, 0, 0, 1, 1, 0, 0, 0, 0, 1, 1, 0, 1, 0, 0, 1, 1, 0, 1)",8,13,13,18,8.623333333333333,7.548,8.410666666666666,5.031333333333333,0.0,-1.349392309714329,-0.4706788271657091,-2.644652685105753,76.0,1.0,3.0,9.0,5,5,10,-1.075333333333333,-0.2126666666666672,-3.592,-1.349392309714329,-0.4706788271657091,-2.644652685105753,0.4544522892801918,0.4278430086446481,-1.5709179158526076
80,7,2.0,1.6582280766035322,3.5609526707240517,"(1, 0, 0, 0, 1, 1, 1, 1, 1, 0, 1, 1, 1, 1, 0, 1, 0, 0, 0, 1, 0, 0, 0, 0, 0)",6,11,11,16,8.086666666666666,8.583333333333334,4.293333333333333,4.748666666666667,0.0,-0.3052613641463045,-3.5609526707240517,-3.298584139492561,5.0,4.0,1.0,4.0,5,5,10,0.4966666666666679,-3.793333333333333,-3.337999999999999,-0.3052613641463045,-3.5609526707240517,-3.298584139492561,1.3297795761094535,-0.3853401391984435,-0.065360486556923
90,0,0.0,1.6582280766035322,-0.9853333333333332,"(0, 0, 1, 0, 0, 0, 1, 1, 1, 1, 1, 1, 0, 0, 1, 0, 0, 0, 1, 0, 0, 0, 0, 1, 0)",5,10,8,13,6.112,8.98,7.097333333333333,8.976666666666667,0.0,2.1318548647943145,0.3005446265061866,2.163361198249782,3.0,2.0,2.0,16.0,5,3,8,2.8680000000000003,0.9853333333333332,2.8646666666666665,2.1318548647943145,0.3005446265061866,2.163361198249782,1.2206965316531715,1.1355358602017993,1.1629244180044696
90,1,0.2857142857142857,1.6582280766035322,0.7077317430943871,"(0, 1, 1, 0, 0, 1, 0, 0, 1, 1, 0, 0, 0, 1, 1, 0, 0, 1, 1, 0, 0, 0, 1, 1, 1)",7,12,12,17,8.490666666666666,7.397333333333333,10.799333333333331,9.242,0.0,-0.7077317430943871,0.0916815878797694,0.3551556044956632,5.0,16.0,1.0,13.0,5,5,10,-1.0933333333333328,2.3086666666666678,0.751333333333335,-0.7077317430943871,0.0916815878797694,0.3551556044956632,-0.6394153833171903,3.676266903055528,0.6569530332836482
90,2,0.5714285714285714,1.6582280766035322,-1.1066666666666665,"(0, 0, 0, 0, 0, 0, 0, 1, 1, 1, 1, 1, 0, 0, 0, 0, 1, 0, 0, 1, 0, 1, 1, 1, 0)",6,9,11,14,6.8373333333333335,7.944,10.445333333333334,9.219333333333331,0.0,0.0116444460490379,1.292607210468861,0.5141244027727212,1.0,3.0,3.0,4.0,3,5,8,1.1066666666666665,3.608000000000001,2.382,0.0116444460490379,1.292607210468861,0.5141244027727212,1.815796590732899,3.839449331965908,3.097363758924864
90,3,0.8571428571428571,1.6582280766035322,0.3293333333333343,"(0, 1, 0, 1, 1, 1, 0, 0, 0, 0, 0, 1, 1, 1, 0, 1, 0, 0, 0, 0, 0, 1, 1, 0, 0)",7,8,10,11,8.066,7.736666666666666,10.94,9.664666666666667,0.0,-0.9375253049988233,1.4699639156398117,1.0702572501527323,5.0,4.0,14.0,9.0,1,3,4,-0.3293333333333343,2.8739999999999988,1.5986666666666665,-0.9375253049988233,1.4699639156398117,1.0702572501527323,1.0085210033805734,2.328212055650548,0.8762233304050954
90,4,1.1428571428571428,1.6582280766035322,3.7346666666666666,"(1, 1, 1, 0, 1, 1, 1, 1, 0, 1, 0, 0, 0, 0, 0, 0, 1, 0, 0, 0, 0, 1, 0, 0, 0)",5,10,2,7,6.138,9.244,2.4033333333333333,8.076,0.0,2.6723635187414376,-3.757839617686113,1.3891897835528126,5.0,2.0,1.0,15.0,5,-3,2,3.106,-3.7346666666666666,1.9380000000000008,2.6723635187414376,-3.757839617686113,1.3891897835528126,0.7190681882625093,0.0384260379982046,0.9100525096395888
90,5,1.4285714285714284,1.6582280766035322,2.644652685105753,"(1, 0, 1, 1, 0, 1, 0, 0, 0, 1, 1, 0, 0, 0, 0, 1, 1, 0, 1, 0, 0, 1, 1, 0, 1)",8,13,13,18,8.623333333333333,7.548,8.410666666666666,5.031333333333333,0.0,-1.349392309714329,-0.4706788271657091,-2.644652685105753,76.0,1.0,3.0,9.0,5,5,10,-1.075333333333333,-0.2126666666666672,-3.592,-1.349392309714329,-0.4706788271657091,-2.644652685105753,0.4544522892801918,0.4278430086446481,-1.5709179158526076
90,6,1.7142857142857142,1.6582280766035322,3.5609526707240517,"(1, 0, 0, 0, 1, 1, 1, 1, 1, 0, 1, 1, 1, 1, 0, 1, 0, 0, 0, 1, 0, 0, 0, 0, 0)",6,11,11,16,8.086666666666666,8.583333333333334,4.293333333333333,4.748666666666667,0.0,-0.3052613641463045,-3.5609526707240517,-3.298584139492561,5.0,4.0,1.0,4.0,5,5,10,0.4966666666666679,-3.793333333333333,-3.337999999999999,-0.3052613641463045,-3.5609526707240517,-3.298584139492561,1.3297795761094535,-0.3853401391984435,-0.065360486556923
90,7,2.0,1.6582280766035322,0.9296026597439396,"(1, 0, 1, 1, 1, 0, 1, 0, 1, 1, 0, 0, 0, 0, 0, 0, 1, 1, 0, 0, 1, 1, 1, 0, 0)",7,12,10,15,8.724,7.760666666666666,9.206666666666669,7.886666666666667,0.0,-0.9296026597439396,0.8634946337566787,-1.0496215229772223,12.0,6.0,2.0,25.0,5,3,8,-0.9633333333333338,0.4826666666666668,-0.8373333333333335,-0.9296026597439396,0.8634946337566787,-1.0496215229772223,-0.0559331499886825,-0.6314996273845037,0.3520222363988317
100,0,0.0,1.6582280766035322,-1.7780000000000005,"(0, 0, 1, 0, 0, 1, 1, 0, 0, 0, 0, 0, 0, 1, 1, 0, 0, 1, 0, 0, 0, 1, 1, 1, 1)",6,9,11,14,4.559333333333333,6.3373333333333335,9.044666666666666,9.698666666666666,0.0,1.191750093898551,3.725375196897495,4.732582930626481,1.0,4.0,5.0,2.0,3,5,8,1.7780000000000005,4.485333333333333,5.139333333333333,1.191750093898551,3.725375196897495,4.732582930626481,0.972136054203608,1.260183918881205,0.6744849379382961
100,1,0.2857142857142857,1.6582280766035322,-1.650666666666667,"(0, 0, 1, 0, 0, 0, 1, 1, 1, 1, 1, 1, 0, 0, 1, 0, 1, 0, 1, 0, 0, 1, 0, 1, 0)",6,11,9,14,7.676666666666667,9.884,9.327333333333334,11.072666666666668,0.0,0.966673269634233,0.5189516889512791,1.093361894686743,3.0,18.0,2.0,2.0,5,3,8,2.2073333333333336,1.650666666666667,3.396,0.966673269634233,0.5189516889512791,1.093361894686743,2.0572973511465755,1.8766415507603968,3.818299156487603
100,2,0.5714285714285714,1.6582280766035322,0.2608208516933284,"(0, 1, 1, 1, 1, 1, 0, 0, 0, 0, 0, 0, 0, 1, 0, 1, 0, 0, 1, 0, 0, 1, 0, 1, 0)",7,10,10,13,8.088,9.103333333333332,7.158,9.387333333333334,0.0,1.119414500245824,-0.2608208516933284,1.377655886042214,4.0,1.0,4.0,3.0,3,3,6,1.0153333333333343,-0.9299999999999988,1.299333333333335,1.119414500245824,-0.2608208516933284,1.377655886042214,-0.172590313219949,-1.10965165199976,-0.129876655933123
100,3,0.8571428571428571,1.6582280766035322,1.9280000000000008,"(0, 0, 0, 1, 1, 0, 0, 1, 1, 1, 1, 1, 1, 1, 0, 0, 1, 0, 1, 1, 0, 1, 1, 0, 0)",8,13,13,18,10.727333333333334,10.283333333333331,8.218666666666667,8.799333333333333,0.0,-0.3107887910683145,-1.2632012992437578,-2.258396091795571,44.0,7.0,29.0,1.0,5,5,10,-0.4440000000000008,-2.5086666666666666,-1.9280000000000008,-0.3107887910683145,-1.2632012992437578,-2.258396091795571,-0.2208945667688214,-2.065265640698001,0.5478720758154924
100,4,1.1428571428571428,1.6582280766035322,2.644652685105753,"(1, 0, 1, 1, 0, 1, 0, 0, 0, 1, 1, 0, 0, 0, 0, 1, 1, 0, 1, 0, 0, 1, 1, 0, 1)",8,13,13,18,8.623333333333333,7.548,8.410666666666666,5.031333333333333,0.0,-1.349392309714329,-0.4706788271657091,-2.644652685105753,76.0,1.0,3.0,9.0,5,5,10,-1.075333333333333,-0.2126666666666672,-3.592,-1.349392309714329,-0.4706788271657091,-2.644652685105753,0.4544522892801918,0.4278430086446481,-1.5709179158526076
100,5,1.4285714285714284,1.6582280766035322,3.71,"(0, 0, 0, 0, 0, 1, 1, 1, 1, 0, 1, 1, 1, 1, 0, 1, 0, 0, 0, 1, 0, 0, 0, 0, 0)",5,10,10,15,6.470666666666666,8.595333333333333,2.760666666666667,5.860666666666667,0.0,1.5004753122493166,-3.9202354206548176,-0.2554039733097571,3.0,1.0,2.0,19.0,5,5,10,2.1246666666666663,-3.71,-0.6099999999999994,1.5004753122493166,-3.9202354206548176,-0.2554039733097571,1.0350516290680354,0.3486182772263734,-0.5880010873098152
100,6,1.7142857142857142,1.6582280766035322,1.3088946951323883,"(1, 0, 1, 1, 1, 0, 1, 1, 1, 1, 0, 0, 1, 0, 0, 0, 1, 1, 0, 0, 1, 1, 1, 0, 0)",7,12,8,13,9.931333333333331,11.29,7.465333333333334,8.195333333333334,0.0,0.4171364850478213,-1.205089617537007,-1.3088946951323883,2.0,30.0,13.0,2.0,5,1,6,1.3586666666666662,-2.4659999999999997,-1.7359999999999989,0.4171364850478213,-1.205089617537007,-1.3088946951323883,1.5612717821299915,-2.090876998281032,-0.7082380081977827
100,7,2.0,1.6582280766035322,3.934164536498288,"(1, 1, 1, 0, 1, 1, 1, 1, 0, 1, 0, 0, 0, 0, 0, 0, 0, 0, 0, 0, 0, 0, 0, 0, 0)",4,9,1,6,5.737333333333333,9.603333333333332,1.1586666666666667,6.768666666666666,0.0,3.326774016794819,-3.934164536498288,1.2297050920963664,5.0,1.0,1.0,14.0,5,-3,2,3.866000000000001,-4.578666666666666,1.0313333333333334,3.326774016794819,-3.934164536498288,1.2297050920963664,0.8941596649849765,-1.0687315276759894,-0.3289456199860839
110,0,0.0,1.6582280766035322,-4.3373333333333335,"(0, 0, 1, 0, 0, 1, 1, 0, 0, 0, 0, 0, 0, 0, 0, 0, 0, 1, 0, 0, 0, 1, 1, 1, 1)",5,8,10,13,3.818666666666666,8.156,7.869333333333333,9.846666666666666,0.0,2.8555424469369104,4.382991602565643,5.122119130577058,1.0,4.0,2.0,8.0,3,5,8,4.3373333333333335,4.050666666666666,6.027999999999999,2.8555424469369104,4.382991602565643,5.122119130577058,2.457147251477784,-0.5510705392631525,1.5021570917351383
110,1,0.2857142857142857,1.6582280766035322,0.2608208516933284,"(0, 1, 1, 1, 1, 1, 0, 0, 0, 0, 0, 0, 0, 1, 0, 1, 0, 0, 1, 0, 0, 1, 0, 1, 0)",7,10,10,13,8.088,9.103333333333332,7.158,9.387333333333334,0.0,1.119414500245824,-0.2608208516933284,1.377655886042214,4.0,1.0,4.0,3.0,3,3,6,1.0153333333333343,-0.9299999999999988,1.299333333333335,1.119414500245824,-0.2608208516933284,1.377655886042214,-0.172590313219949,-1.10965165199976,-0.129876655933123
110,2,0.5714285714285714,1.6582280766035322,0.4145570191508828,"(0, 0, 0, 1, 1, 0, 0, 1, 1, 1, 0, 1, 0, 1, 0, 1, 1, 1, 0, 0, 0, 1, 1, 0, 0)",8,11,13,16,11.21,10.704666666666666,10.712,11.104,0.0,0.0445510609914149,-0.4145570191508828,-0.3975325442310876,43.0,38.0,11.0,57.0,3,5,8,-0.5053333333333345,-0.4980000000000011,-0.1060000000000016,0.0445510609914149,-0.4145570191508828,-0.3975325442310876,-0.9118337415554276,-0.1383674936394988,0.4834274500876479
110,3,0.8571428571428571,1.6582280766035322,1.824,"(1, 0, 1, 0, 0, 1, 1, 1, 1, 1, 1, 0, 1, 0, 1, 1, 1, 0, 1, 0, 0, 1, 1, 1, 0)",9,12,10,13,10.09,8.266,9.335333333333333,8.290666666666667,0.0,-2.014747113073293,-0.3796605305165824,-1.9620154602373008,56.0,11.0,32.0,10.0,3,1,4,-1.824,-0.754666666666667,-1.7993333333333332,-2.014747113073293,-0.3796605305165824,-1.9620154602373008,0.316302218429203,-0.6218457038626771,0.2697640703937378
110,4,1.1428571428571428,1.6582280766035322,3.5498609673672155,"(0, 0, 0, 0, 0, 1, 1, 1, 1, 0, 1, 1, 1, 1, 0, 0, 0, 0, 0, 0, 0, 0, 0, 0, 0)",4,9,9,14,6.730666666666667,10.003333333333334,1.222,7.536666666666667,0.0,2.7807010864128707,-3.5498609673672155,1.501543948120905,5.0,2.0,1.0,3.0,5,5,10,3.272666666666667,-5.508666666666667,0.806,2.7807010864128707,-3.5498609673672155,1.501543948120905,0.815791137899393,-3.2481466071893657,-1.153370503285755
110,5,1.4285714285714284,1.6582280766035322,2.212297351265991,"(1, 0, 1, 1, 1, 0, 1, 1, 1, 1, 1, 1, 0, 1, 0, 0, 1, 1, 0, 0, 1, 1, 1, 0, 0)",8,11,11,14,12.128666666666666,9.100666666666667,10.632666666666667,8.745333333333333,0.0,-1.7743040419657796,-0.2614104438983436,-2.212297351265991,4.0,2.0,36.0,4.0,3,3,6,-3.0279999999999987,-1.4959999999999989,-3.383333333333333,-1.7743040419657796,-0.2614104438983436,-2.212297351265991,-2.0789138371367057,-2.047231065009256,-1.9418447441770568
110,6,1.7142857142857142,1.6582280766035322,0.5173333333333332,"(0, 1, 1, 1, 1, 0, 0, 0, 1, 1, 1, 1, 0, 0, 1, 0, 1, 0, 1, 1, 0, 0, 1, 0, 1)",8,13,13,18,9.510666666666667,8.993333333333334,9.959333333333332,10.04,0.0,-1.1648867990575742,0.3750543414149054,-1.1776735800038287,27.0,31.0,17.0,12.0,5,5,10,-0.5173333333333332,0.4486666666666661,0.5293333333333319,-1.1648867990575742,0.3750543414149054,-1.1776735800038287,1.0737913379658597,0.1220660245165406,2.8306067906520123
110,7,2.0,1.6582280766035322,5.652383619962055,"(1, 1, 1, 1, 1, 1, 1, 1, 1, 1, 0, 0, 0, 0, 0, 0, 0, 0, 0, 0, 0, 0, 0, 0, 0)",5,10,0,5,6.175333333333334,10.664666666666667,0.0626666666666666,6.1,0.0,3.208339682612515,-5.652383619962055,-0.3121890725552248,11.0,3.0,1.0,4.0,5,-5,0,4.489333333333334,-6.112666666666667,-0.0753333333333339,3.208339682612515,-5.652383619962055,-0.3121890725552248,2.12417963757612,-0.7632542712302028,0.3927608368824239
120,0,0.0,1.6582280766035322,-3.6386666666666674,"(0, 0, 1, 0, 0, 1, 1, 0, 0, 0, 1, 0, 0, 0, 1, 0, 0, 1, 0, 0, 0, 1, 1, 1, 1)",6,9,11,14,4.495333333333333,8.134,9.822666666666668,9.195333333333334,0.0,2.028012937686119,2.873893504317989,3.8825383690466975,18.0,17.0,9.0,1.0,3,5,8,3.6386666666666674,5.327333333333334,4.700000000000001,2.028012937686119,2.873893504317989,3.8825383690466975,2.670831235081722,4.068362808730615,1.3555378279928816
120,1,0.2857142857142857,1.6582280766035322,-0.2563620606429061,"(1, 0, 0, 0, 0, 1, 0, 1, 1, 1, 0, 1, 0, 0, 0, 1, 0, 0, 1, 0, 0, 1, 0, 1, 0)",7,12,12,17,7.602,10.113333333333332,7.626,10.826,0.0,0.6277314507764704,0.2563620606429061,1.8922224829686976,4.0,29.0,19.0,1.0,5,5,10,2.511333333333333,0.024,3.224,0.6277314507764704,0.2563620606429061,1.8922224829686976,3.1234415267990587,-0.3853092928955195,2.208390870530645
120,2,0.5714285714285714,1.6582280766035322,-0.3566666666666673,"(1, 0, 1, 0, 0, 1, 1, 0, 1, 1, 1, 0, 0, 0, 1, 1, 1, 0, 0, 0, 0, 1, 1, 0, 0)",7,12,10,15,8.652,10.637333333333334,9.008666666666668,9.108666666666666,0.0,1.461377979154287,0.1098483976967805,0.6016419957045747,23.0,2.0,2.0,15.0,5,3,8,1.985333333333335,0.3566666666666673,0.456666666666667,1.461377979154287,0.1098483976967805,0.6016419957045747,0.8688374791864453,0.4092809834245486,-0.2404021610254938
120,3,0.8571428571428571,1.6582280766035322,3.6872359511356154,"(0, 0, 0, 0, 0, 1, 1, 1, 1, 0, 1, 1, 1, 1, 0, 0, 0, 0, 0, 0, 1, 1, 0, 0, 0)",5,8,10,13,7.223333333333334,8.531333333333333,2.3626666666666667,6.8966666666666665,0.0,1.3548091880978994,-3.6872359511356154,-0.0221097076880476,5.0,2.0,1.0,2.0,3,5,8,1.307999999999999,-4.860666666666667,-0.3266666666666671,1.3548091880978994,-3.6872359511356154,-0.0221097076880476,-0.0776203099469544,-1.9458157584425635,-0.5050249003033371
120,4,1.1428571428571428,1.6582280766035322,0.706368311120292,"(1, 1, 1, 1, 1, 1, 1, 0, 0, 0, 0, 1, 0, 1, 0, 1, 0, 0, 1, 0, 1, 1, 0, 1, 0)",8,13,11,16,10.232666666666669,10.798666666666668,8.31,10.550666666666666,0.0,0.4238430963798621,-0.706368311120292,0.0152188487919401,91.0,10.0,3.0,3.0,5,3,8,0.5660000000000007,-1.9226666666666663,0.3179999999999996,0.4238430963798621,-0.706368311120292,0.0152188487919401,0.2357285688659361,-2.016900082693703,0.5020802059995437
120,5,1.4285714285714284,1.6582280766035322,1.471548444690788,"(0, 1, 1, 1, 0, 0, 0, 0, 1, 1, 1, 1, 0, 0, 1, 0, 1, 0, 0, 1, 0, 0, 1, 1, 0)",7,10,12,15,10.342666666666666,7.158666666666667,9.841333333333331,8.425333333333333,0.0,-0.5265426885908424,0.221391872982978,-1.471548444690788,10.0,4.0,8.0,1.0,3,5,8,-3.1839999999999997,-0.5013333333333332,-1.9173333333333336,-0.5265426885908424,0.221391872982978,-1.471548444690788,-4.406670326154001,-1.1984432287827878,-0.739213018472648
120,6,1.7142857142857142,1.6582280766035322,5.2317464311969575,"(1, 1, 1, 1, 1, 1, 1, 1, 1, 1, 0, 0, 1, 1, 0, 0, 0, 0, 0, 0, 0, 0, 0, 0, 0)",6,11,1,6,7.34,9.833333333333334,1.3586666666666667,5.568666666666667,0.0,2.0000441574607413,-5.2317464311969575,-0.6186296211115576,14.0,3.0,1.0,2.0,5,-5,0,2.493333333333334,-5.981333333333334,-1.7713333333333328,2.0000441574607413,-5.2317464311969575,-0.6186296211115576,0.8179859613165511,-1.242986046976803,-1.9114456596112657
120,7,2.0,1.6582280766035322,2.212297351265991,"(1, 0, 1, 1, 1, 0, 1, 1, 1, 1, 1, 1, 0, 1, 0, 0, 1, 1, 0, 0, 1, 1, 1, 0, 0)",8,11,11,14,12.128666666666666,9.100666666666667,10.632666666666667,8.745333333333333,0.0,-1.7743040419657796,-0.2614104438983436,-2.212297351265991,4.0,2.0,36.0,4.0,3,3,6,-3.0279999999999987,-1.4959999999999989,-3.383333333333333,-1.7743040419657796,-0.2614104438983436,-2.212297351265991,-2.0789138371367057,-2.047231065009256,-1.9418447441770568
130,0,0.0,1.6582280766035322,0.3613333333333326,"(1, 0, 0, 0, 0, 1, 0, 1, 1, 1, 0, 0, 0, 1, 0, 1, 1, 0, 0, 0, 0, 1, 0, 1, 0)",7,8,12,13,7.930666666666666,7.569333333333334,10.616666666666667,9.266,0.0,-1.0599025370521642,0.8870783219572625,0.2474444785420613,3.0,3.0,4.0,1.0,1,5,6,-0.3613333333333326,2.686000000000001,1.3353333333333337,-1.0599025370521642,0.8870783219572625,0.2474444785420613,1.1583870670571392,2.983022434141209,1.803967843238951
130,1,0.2857142857142857,1.6582280766035322,-1.0420000000000007,"(1, 0, 0, 0, 0, 1, 0, 1, 1, 1, 0, 0, 0, 0, 0, 1, 1, 0, 0, 0, 1, 1, 0, 0, 1)",6,11,7,12,7.728666666666666,8.545333333333334,8.770666666666667,9.880666666666666,0.0,1.568831158518196,0.7089109275044154,2.283490610021504,7.0,10.0,1.0,4.0,5,1,6,0.8166666666666673,1.0420000000000007,2.152,1.568831158518196,0.7089109275044154,2.283490610021504,-1.2472602786124336,0.5523376520220089,-0.2180414213473827
130,2,0.5714285714285714,1.6582280766035322,3.6872359511356154,"(0, 0, 0, 0, 0, 1, 1, 1, 1, 0, 1, 1, 1, 1, 0, 0, 0, 0, 0, 0, 1, 1, 0, 0, 0)",5,8,10,13,7.223333333333334,8.531333333333333,2.3626666666666667,6.8966666666666665,0.0,1.3548091880978994,-3.6872359511356154,-0.0221097076880476,5.0,2.0,1.0,2.0,3,5,8,1.307999999999999,-4.860666666666667,-0.3266666666666671,1.3548091880978994,-3.6872359511356154,-0.0221097076880476,-0.0776203099469544,-1.9458157584425635,-0.5050249003033371
130,3,0.8571428571428571,1.6582280766035322,1.7206666666666663,"(1, 1, 1, 1, 1, 1, 0, 0, 0, 0, 0, 0, 0, 1, 0, 1, 0, 0, 1, 0, 1, 1, 0, 1, 0)",7,12,10,15,8.893333333333333,10.123333333333331,7.172666666666666,8.06,0.0,1.6389557814021176,-2.210049530984375,0.6916285059949259,4.0,56.0,7.0,16.0,5,3,8,1.2300000000000004,-1.7206666666666663,-0.8333333333333321,1.6389557814021176,-2.210049530984375,0.6916285059949259,-0.6781419588103273,0.8115084058202812,-2.528734537723082
130,4,1.1428571428571428,1.6582280766035322,0.8213756406109487,"(0, 0, 1, 1, 0, 1, 1, 0, 1, 1, 1, 1, 0, 0, 1, 0, 1, 0, 0, 1, 0, 1, 1, 1, 0)",7,12,12,17,10.154,9.564666666666668,7.459333333333333,8.336666666666666,0.0,0.1934599422704125,-0.581853807323773,-0.8213756406109487,4.0,2.0,6.0,12.0,5,5,10,-0.5893333333333324,-2.6946666666666665,-1.817333333333334,0.1934599422704125,-0.581853807323773,-0.8213756406109487,-1.2980497877825763,-3.503525603971376,-1.6515250091815326
130,5,1.4285714285714284,1.6582280766035322,-1.5440314363947694,"(0, 1, 0, 0, 0, 0, 0, 0, 0, 0, 1, 0, 0, 0, 1, 0, 0, 1, 0, 0, 0, 1, 1, 1, 1)",4,9,9,14,5.14,9.676,6.078666666666667,9.407333333333334,0.0,2.409958137997134,1.5440314363947694,2.720783778578263,17.0,90.0,6.0,5.0,5,5,10,4.5360000000000005,0.9386666666666672,4.267333333333334,2.409958137997134,1.5440314363947694,2.720783778578263,3.5254623076076053,-1.003832857749771,2.5645318935535504
130,6,1.7142857142857142,1.6582280766035322,1.5449158247022898,"(1, 0, 1, 1, 1, 0, 1, 1, 1, 1, 1, 1, 1, 0, 0, 0, 1, 1, 0, 0, 1, 1, 1, 1, 1)",9,12,14,17,10.284666666666666,11.002,8.442,7.642666666666667,0.0,0.0659237784231933,-1.5449158247022898,-1.356246319097624,6.0,3.0,27.0,2.0,3,5,8,0.7173333333333343,-1.8426666666666665,-2.6419999999999995,0.0659237784231933,-1.5449158247022898,-1.356246319097624,1.080185613319806,-0.4937388059776701,-2.132072853268658
130,7,2.0,1.6582280766035322,5.2317464311969575,"(1, 1, 1, 1, 1, 1, 1, 1, 1, 1, 0, 0, 1, 1, 0, 0, 0, 0, 0, 0, 0, 0, 0, 0, 0)",6,11,1,6,7.34,9.833333333333334,1.3586666666666667,5.568666666666667,0.0,2.0000441574607413,-5.2317464311969575,-0.6186296211115576,14.0,3.0,1.0,2.0,5,-5,0,2.493333333333334,-5.981333333333334,-1.7713333333333328,2.0000441574607413,-5.2317464311969575,-0.6186296211115576,0.8179859613165511,-1.242986046976803,-1.9114456596112657
140,0,0.0,1.6582280766035322,-0.8623154493466505,"(1, 0, 0, 0, 0, 1, 0, 1, 1, 0, 0, 0, 0, 0, 1, 0, 1, 0, 1, 0, 1, 1, 0, 1, 0)",6,11,11,16,7.244666666666666,10.008666666666668,7.766,8.284,0.0,1.6576016348857057,0.8623154493466505,0.5665244099933926,17.0,3.0,4.0,16.0,5,5,10,2.764,0.5213333333333336,1.0393333333333343,1.6576016348857057,0.8623154493466505,0.5665244099933926,1.8346608329407688,-0.5654261183929649,0.7840250315509785
140,1,0.2857142857142857,1.6582280766035322,3.91,"(0, 0, 0, 0, 0, 1, 1, 1, 1, 0, 1, 1, 1, 1, 0, 0, 0, 0, 0, 0, 0, 0, 0, 0, 0)",4,9,9,14,5.1946666666666665,9.994,1.2846666666666666,7.865333333333333,0.0,3.096648809275062,-4.295916203787552,1.477960259920322,5.0,2.0,1.0,3.0,5,5,10,4.799333333333333,-3.91,2.6706666666666665,3.096648809275062,-4.295916203787552,1.477960259920322,2.8234392833917474,0.6399370843367693,1.9777792508117011
140,2,0.5714285714285714,1.6582280766035322,-0.969333333333334,"(1, 1, 1, 0, 0, 1, 0, 0, 0, 0, 0, 0, 0, 1, 0, 1, 0, 0, 1, 0, 1, 1, 0, 1, 0)",6,11,9,14,7.221333333333333,10.714,8.190666666666667,11.102666666666666,0.0,1.685496716085457,-0.0831693504198703,1.632654514711025,3.0,1.0,10.0,2.0,5,3,8,3.4926666666666675,0.969333333333334,3.881333333333333,1.685496716085457,-0.0831693504198703,1.632654514711025,2.996699951247981,1.7452895009001317,3.728822352303173
140,3,0.8571428571428571,1.6582280766035322,2.2983409636853094,"(0, 0, 1, 0, 0, 1, 1, 0, 0, 1, 1, 0, 0, 0, 1, 0, 0, 0, 0, 1, 0, 1, 1, 1, 0)",7,12,10,15,9.184666666666669,9.190666666666669,7.03,5.644,0.0,0.0501890364518666,-1.1561166150079825,-2.2983409636853094,5.0,60.0,10.0,1.0,5,3,8,0.0060000000000002,-2.1546666666666665,-3.540666666666666,0.0501890364518666,-1.1561166150079825,-2.2983409636853094,-0.0732755009225419,-1.6558237315543374,-2.060059360969907
140,4,1.1428571428571428,1.6582280766035322,-1.074666666666667,"(0, 1, 0, 0, 0, 0, 0, 0, 0, 0, 1, 0, 0, 0, 1, 0, 0, 1, 0, 1, 0, 1, 1, 0, 1)",4,9,9,14,4.8406666666666665,9.061333333333334,5.915333333333334,7.236666666666666,0.0,2.058561183808439,0.9556184157902088,1.3482868243299249,18.0,43.0,85.0,1.0,5,5,10,4.220666666666667,1.074666666666667,2.396,2.058561183808439,0.9556184157902088,1.3482868243299249,3.58526401625395,0.1974091520738846,1.7373474041235673
140,5,1.4285714285714284,1.6582280766035322,0.8083309130750018,"(1, 1, 0, 0, 1, 0, 1, 1, 1, 1, 1, 1, 0, 0, 0, 0, 1, 1, 0, 0, 0, 0, 1, 1, 1)",7,8,12,13,10.058,9.009333333333334,11.468666666666667,8.363333333333333,0.0,-0.0320959256604821,0.4314709455322377,-0.8083309130750018,6.0,4.0,2.0,5.0,1,5,6,-1.0486666666666655,1.4106666666666676,-1.6946666666666663,-0.0320959256604821,0.4314709455322377,-0.8083309130750018,-1.6857061445901111,1.6237298372751543,-1.4697468319032485
140,6,1.7142857142857142,1.6582280766035322,5.2317464311969575,"(1, 1, 1, 1, 1, 1, 1, 1, 1, 1, 0, 0, 1, 1, 0, 0, 0, 0, 0, 0, 0, 0, 0, 0, 0)",6,11,1,6,7.34,9.833333333333334,1.3586666666666667,5.568666666666667,0.0,2.0000441574607413,-5.2317464311969575,-0.6186296211115576,14.0,3.0,1.0,2.0,5,-5,0,2.493333333333334,-5.981333333333334,-1.7713333333333328,2.0000441574607413,-5.2317464311969575,-0.6186296211115576,0.8179859613165511,-1.242986046976803,-1.9114456596112657
140,7,2.0,1.6582280766035322,0.9933523169111416,"(1, 0, 0, 0, 0, 1, 0, 1, 0, 0, 1, 0, 0, 0, 0, 0, 1, 0, 0, 0, 1, 1, 0, 1, 0)",6,11,9,14,7.220666666666666,10.181333333333331,6.188,7.802666666666667,0.0,1.668656488729728,-0.9933523169111416,0.3646627788015235,3.0,3.0,5.0,10.0,5,3,8,2.9606666666666666,-1.0326666666666666,0.5820000000000007,1.668656488729728,-0.9933523169111416,0.3646627788015235,2.142447552312557,-0.0651921585780228,0.3603946822823073
150,0,0.0,1.6582280766035322,1.6693566294731823,"(0, 0, 0, 0, 0, 1, 1, 1, 0, 0, 1, 1, 0, 1, 0, 0, 0, 0, 0, 0, 1, 0, 0, 0, 1)",5,10,10,15,7.128666666666667,8.686666666666667,4.323333333333333,8.728666666666667,0.0,1.809274229625708,-1.6693566294731823,0.4546492890918747,5.0,10.0,2.0,3.0,5,5,10,1.5580000000000007,-2.805333333333333,1.6000000000000003,1.809274229625708,-1.6693566294731823,0.4546492890918747,-0.4166699824922706,-1.8837084647084388,1.8992527063856697
150,1,0.2857142857142857,1.6582280766035322,0.1011150631600026,"(0, 1, 1, 0, 0, 1, 0, 1, 1, 0, 0, 0, 0, 1, 1, 1, 0, 1, 1, 0, 0, 1, 0, 1, 0)",8,11,11,14,9.959333333333332,9.553333333333333,10.410666666666666,10.203333333333331,0.0,-0.1011150631600026,0.147471750279274,0.7830889967978147,7.0,2.0,5.0,3.0,3,3,6,-0.4060000000000006,0.4513333333333325,0.2439999999999997,-0.1011150631600026,0.147471750279274,0.7830889967978147,-0.5055687624015792,0.5038718084214359,-0.8939325102781684
150,2,0.5714285714285714,1.6582280766035322,1.2294471455066722,"(0, 1, 0, 0, 0, 0, 0, 0, 0, 1, 1, 0, 0, 0, 1, 0, 0, 0, 1, 0, 0, 1, 1, 1, 0)",6,9,9,12,7.520666666666667,8.504666666666667,6.300666666666666,5.898666666666666,0.0,1.0597919885137237,-1.0830071815861737,-1.2294471455066722,6.0,6.0,6.0,3.0,3,3,6,0.984,-1.2200000000000006,-1.6220000000000008,1.0597919885137237,-1.0830071815861737,-1.2294471455066722,-0.125680403335069,-0.2271653377868575,-0.6509421648716984
150,3,0.8571428571428571,1.6582280766035322,-0.6766666666666667,"(0, 1, 1, 0, 0, 0, 0, 1, 0, 0, 1, 0, 0, 0, 1, 0, 0, 1, 0, 1, 0, 1, 1, 0, 1)",5,10,8,13,6.934,9.286666666666669,7.610666666666667,8.586666666666666,0.0,1.7481408878682567,0.1765091663762417,2.1151988850026533,68.0,46.0,23.0,7.0,5,3,8,2.352666666666667,0.6766666666666667,1.6526666666666658,1.7481408878682567,0.1765091663762417,2.1151988850026533,1.00244161943414,0.829375209705422,-0.7669839107784495
150,4,1.1428571428571428,1.6582280766035322,-0.3158740238365654,"(1, 1, 1, 0, 1, 0, 1, 1, 0, 1, 0, 1, 1, 0, 1, 0, 1, 1, 1, 0, 0, 1, 1, 0, 1)",8,11,13,16,9.733333333333333,9.851333333333333,10.794666666666666,9.519333333333334,0.0,0.3158740238365654,0.6946133165328117,0.7810254240802628,2.0,19.0,41.0,56.0,3,5,8,0.1180000000000003,1.0613333333333337,-0.2139999999999986,0.3158740238365654,0.6946133165328117,0.7810254240802628,-0.3281202619563087,0.6081054281111447,-1.649979095144226
150,5,1.4285714285714284,1.6582280766035322,0.6546666666666665,"(0, 0, 0, 0, 0, 1, 0, 1, 1, 1, 0, 0, 0, 0, 1, 0, 1, 0, 0, 0, 0, 1, 0, 1, 0)",6,11,11,16,7.107333333333333,8.372,6.4526666666666666,7.518666666666666,0.0,0.9646096969166812,-0.709426820683805,-0.0818796174714007,6.0,12.0,6.0,13.0,5,5,10,1.2646666666666668,-0.6546666666666665,0.4113333333333333,0.9646096969166812,-0.709426820683805,-0.0818796174714007,0.4975628918200031,0.0908048248703528,0.8178595627688868
150,6,1.7142857142857142,1.6582280766035322,-0.2806666666666668,"(1, 1, 0, 0, 0, 1, 1, 1, 0, 0, 1, 0, 0, 0, 0, 0, 1, 0, 0, 0, 1, 1, 1, 1, 1)",6,9,11,14,8.386666666666667,8.667333333333334,10.343333333333334,11.290666666666668,0.0,-0.2838517972017116,0.9988428943203406,2.12337947684723,7.0,18.0,8.0,23.0,3,5,8,0.2806666666666668,1.956666666666667,2.904,-0.2838517972017116,0.9988428943203406,2.12337947684723,0.9361003665476418,1.5882902717429883,1.2944468686648607
150,7,2.0,1.6582280766035322,5.2317464311969575,"(1, 1, 1, 1, 1, 1, 1, 1, 1, 1, 0, 0, 1, 1, 0, 0, 0, 0, 0, 0, 0, 0, 0, 0, 0)",6,11,1,6,7.34,9.833333333333334,1.3586666666666667,5.568666666666667,0.0,2.0000441574607413,-5.2317464311969575,-0.6186296211115576,14.0,3.0,1.0,2.0,5,-5,0,2.493333333333334,-5.981333333333334,-1.7713333333333328,2.0000441574607413,-5.2317464311969575,-0.6186296211115576,0.8179859613165511,-1.242986046976803,-1.9114456596112657
160,0,0.0,1.6582280766035322,0.2542984879253551,"(0, 1, 1, 0, 1, 1, 0, 1, 1, 1, 0, 0, 0, 1, 0, 0, 0, 1, 1, 0, 1, 1, 0, 0, 0)",7,8,10,11,9.842666666666666,9.674,9.005333333333333,8.556666666666667,0.0,0.718233854246211,0.608201208985363,-0.2542984879253551,7.0,6.0,3.0,6.0,1,3,4,-0.1686666666666667,-0.8373333333333335,-1.2859999999999996,0.718233854246211,0.608201208985363,-0.2542984879253551,-1.470683344932032,-2.3970259637730997,-1.7107964139964935
160,1,0.2857142857142857,1.6582280766035322,-1.689333333333333,"(0, 0, 1, 0, 0, 0, 0, 0, 0, 1, 1, 0, 0, 0, 1, 0, 0, 0, 1, 0, 0, 1, 1, 1, 0)",6,11,9,14,7.272666666666667,8.962,9.464,9.129333333333332,0.0,0.0008843883075214,1.5072556226069844,1.5155467629900032,17.0,22.0,21.0,20.0,5,3,8,1.689333333333333,2.1913333333333336,1.8566666666666665,0.0008843883075214,1.5072556226069844,1.5155467629900032,2.7998334465534143,1.1343568665051014,0.5656546017649354
160,2,0.5714285714285714,1.6582280766035322,3.378,"(1, 1, 1, 0, 0, 0, 0, 0, 0, 0, 0, 0, 0, 1, 0, 0, 0, 1, 0, 1, 1, 1, 1, 0, 1)",6,11,11,16,7.546,10.782666666666668,4.168,7.389333333333333,0.0,1.614561403919639,-3.735287715844304,-1.1705616240308407,6.0,8.0,26.0,1.0,5,5,10,3.2366666666666672,-3.378,-0.1566666666666671,1.614561403919639,-3.735287715844304,-1.1705616240308407,2.689820489893472,0.5924645218385685,1.681269085028014
160,3,0.8571428571428571,1.6582280766035322,-0.0766666666666662,"(1, 1, 1, 0, 1, 0, 1, 1, 0, 0, 0, 1, 1, 0, 0, 0, 0, 0, 1, 0, 0, 1, 1, 0, 1)",7,10,10,13,9.129333333333332,9.720666666666666,9.206,9.447333333333331,0.0,0.5522636485346042,-0.2580571382323239,-0.6644704150514413,31.0,12.0,61.0,34.0,3,3,6,0.591333333333333,0.0766666666666662,0.3179999999999996,0.5522636485346042,-0.2580571382323239,-0.6644704150514413,0.0647864482773024,0.5550484111910684,1.629160026670625
160,4,1.1428571428571428,1.6582280766035322,1.282,"(0, 0, 0, 0, 0, 1, 0, 0, 0, 1, 0, 0, 0, 0, 1, 0, 1, 0, 0, 0, 0, 1, 0, 1, 0)",5,10,10,15,5.723333333333334,7.118,4.441333333333334,5.514,0.0,0.6601590220522736,-2.041205063273321,0.7151384951698836,6.0,5.0,6.0,27.0,5,5,10,1.3946666666666667,-1.282,-0.2093333333333333,0.6601590220522736,-2.041205063273321,0.7151384951698836,1.217981198779516,1.258935151819382,-1.53298514205304
160,5,1.4285714285714284,1.6582280766035322,0.8482757849647403,"(1, 1, 1, 1, 0, 1, 0, 0, 0, 0, 1, 0, 0, 0, 0, 0, 1, 0, 0, 0, 1, 1, 1, 1, 1)",6,9,11,14,8.142666666666667,10.084666666666667,6.82,8.246,0.0,1.3019669867234678,-0.8482757849647403,-0.8508921003744925,9.0,6.0,18.0,1.0,3,5,8,1.942,-1.3226666666666669,0.1033333333333335,1.3019669867234678,-0.8482757849647403,-0.8508921003744925,1.0613207125683073,-0.7866482793228391,1.5823234055834996
160,6,1.7142857142857142,1.6582280766035322,5.2317464311969575,"(1, 1, 1, 1, 1, 1, 1, 1, 1, 1, 0, 0, 1, 1, 0, 0, 0, 0, 0, 0, 0, 0, 0, 0, 0)",6,11,1,6,7.34,9.833333333333334,1.3586666666666667,5.568666666666667,0.0,2.0000441574607413,-5.2317464311969575,-0.6186296211115576,14.0,3.0,1.0,2.0,5,-5,0,2.493333333333334,-5.981333333333334,-1.7713333333333328,2.0000441574607413,-5.2317464311969575,-0.6186296211115576,0.8179859613165511,-1.242986046976803,-1.9114456596112657
160,7,2.0,1.6582280766035322,0.825465936533238,"(0, 0, 0, 0, 0, 1, 1, 0, 0, 1, 1, 1, 0, 1, 0, 0, 0, 0, 0, 0, 0, 0, 0, 0, 0)",4,9,9,14,4.898,8.79,3.768666666666667,7.044666666666667,0.0,3.975693937439001,-0.825465936533238,1.3272457525134662,5.0,2.0,2.0,6.0,5,5,10,3.892,-1.1293333333333329,2.1466666666666674,3.975693937439001,-0.825465936533238,1.3272457525134662,-0.1387836369028522,-0.5038814489383436,1.3587867664049709
170,0,0.0,1.6582280766035322,-1.2333333333333334,"(0, 0, 1, 1, 0, 0, 0, 0, 1, 1, 1, 0, 0, 0, 1, 0, 0, 0, 1, 0, 0, 1, 1, 1, 0)",5,10,10,15,5.6593333333333335,6.892666666666667,10.739333333333333,9.139333333333331,0.0,0.100451771929361,2.301657419838517,1.4925895165072456,44.0,1.0,5.0,29.0,5,5,10,1.2333333333333334,5.079999999999999,3.4799999999999995,0.100451771929361,2.301657419838517,1.4925895165072456,1.8785760125865152,4.60712567284687,3.2955798634638853
170,1,0.2857142857142857,1.6582280766035322,0.258,"(1, 0, 1, 0, 0, 0, 0, 0, 0, 0, 0, 0, 0, 1, 0, 0, 0, 1, 0, 1, 1, 0, 1, 0, 1)",5,10,10,15,5.939333333333333,9.137333333333334,5.681333333333333,7.897333333333333,0.0,2.8457036270157285,-0.4109089173823546,1.684391230701055,2.0,1.0,2.0,6.0,5,5,10,3.1980000000000013,-0.258,1.958,2.8457036270157285,-0.4109089173823546,1.684391230701055,0.5841877369681112,0.2535578599664702,0.4537057432564496
170,2,0.5714285714285714,1.6582280766035322,2.4541038543476006,"(1, 1, 1, 0, 1, 1, 1, 1, 0, 1, 0, 0, 0, 0, 0, 0, 0, 0, 1, 0, 0, 1, 1, 0, 1)",7,12,8,13,8.453333333333333,10.062666666666669,5.660666666666667,8.395333333333333,0.0,1.5240221509370857,-2.4541038543476006,-0.2415117069791011,14.0,15.0,2.0,60.0,5,1,6,1.6093333333333335,-2.7926666666666664,-0.0579999999999998,1.5240221509370857,-2.4541038543476006,-0.2415117069791011,0.1414653978977034,-0.5614143610813271,0.304304264898186
170,3,0.8571428571428571,1.6582280766035322,-1.1886666666666663,"(0, 0, 0, 0, 0, 1, 0, 0, 0, 1, 0, 0, 0, 0, 1, 0, 0, 0, 0, 0, 0, 0, 0, 1, 0)",4,9,9,14,4.65,7.34,5.838666666666667,6.946,0.0,1.5068502779660362,0.9731587838893933,1.8469344317210137,33.0,34.0,67.0,103.0,5,5,10,2.6899999999999995,1.1886666666666663,2.296,1.5068502779660362,0.9731587838893933,1.8469344317210137,1.9619320879023827,0.3573612219506571,0.7446531335561346
170,4,1.1428571428571428,1.6582280766035322,0.5520000000000005,"(0, 0, 1, 1, 0, 1, 0, 0, 0, 0, 1, 0, 0, 0, 0, 0, 1, 0, 0, 0, 1, 1, 1, 1, 1)",5,10,10,15,6.094666666666667,10.155333333333331,5.542666666666666,8.650666666666666,0.0,2.4704650380367563,-1.1372128149347018,1.1415610574466857,3.0,13.0,11.0,9.0,5,5,10,4.060666666666666,-0.5520000000000005,2.555999999999999,2.4704650380367563,-1.1372128149347018,1.1415610574466857,2.63691698805478,0.9704163205129088,2.3454623671833152
170,5,1.4285714285714284,1.6582280766035322,-0.2630686719749471,"(1, 0, 0, 0, 1, 1, 1, 1, 1, 1, 0, 1, 0, 1, 0, 1, 1, 1, 1, 0, 0, 1, 0, 0, 0)",8,11,9,12,9.410666666666666,10.979333333333331,8.466666666666667,10.398,0.0,1.0034490834220169,0.2630686719749471,1.2398755576328675,12.0,7.0,15.0,71.0,3,1,4,1.568666666666667,-0.9439999999999992,0.9873333333333338,1.0034490834220169,0.2630686719749471,1.2398755576328675,0.9372596659262732,-2.001595162257395,-0.4187726068613935
170,6,1.7142857142857142,1.6582280766035322,0.825465936533238,"(0, 0, 0, 0, 0, 1, 1, 0, 0, 1, 1, 1, 0, 1, 0, 0, 0, 0, 0, 0, 0, 0, 0, 0, 0)",4,9,9,14,4.898,8.79,3.768666666666667,7.044666666666667,0.0,3.975693937439001,-0.825465936533238,1.3272457525134662,5.0,2.0,2.0,6.0,5,5,10,3.892,-1.1293333333333329,2.1466666666666674,3.975693937439001,-0.825465936533238,1.3272457525134662,-0.1387836369028522,-0.5038814489383436,1.3587867664049709
170,7,2.0,1.6582280766035322,6.015093374584467,"(1, 1, 1, 1, 1, 1, 1, 1, 1, 1, 0, 0, 0, 0, 0, 0, 0, 0, 0, 0, 0, 0, 0, 0, 0)",5,10,0,5,6.832666666666666,10.416666666666666,0.296,6.696666666666666,0.0,3.5604736270574766,-6.015093374584467,-0.1719029772745661,11.0,3.0,1.0,4.0,5,-5,0,3.584,-6.536666666666666,-0.1360000000000001,3.5604736270574766,-6.015093374584467,-0.1719029772745661,0.0390120921539373,-0.8648874769372378,0.0595353249503439
180,0,0.0,1.6582280766035322,-1.089861190969469,"(0, 0, 1, 0, 0, 0, 0, 0, 0, 0, 0, 0, 0, 1, 0, 0, 0, 1, 0, 1, 0, 0, 1, 0, 1)",4,9,9,14,4.566666666666666,7.894,5.446,8.870666666666667,0.0,2.649295723720243,1.089861190969469,3.1089933960675564,3.0,17.0,10.0,5.0,5,5,10,3.3273333333333337,0.8793333333333333,4.304,2.649295723720243,1.089861190969469,3.1089933960675564,1.1243410012535724,-0.3491032044394317,1.9815935023674156
180,1,0.2857142857142857,1.6582280766035322,-1.3759999999999994,"(1, 1, 0, 0, 0, 1, 1, 1, 0, 1, 0, 0, 0, 0, 0, 0, 0, 0, 1, 0, 0, 1, 0, 0, 0)",6,9,11,14,7.703333333333333,9.079333333333333,10.448666666666666,9.417333333333334,0.0,1.2854584049830593,0.8720437207293907,1.417011165726939,6.0,6.0,1.0,5.0,3,5,8,1.3759999999999994,2.745333333333333,1.7140000000000004,1.2854584049830593,0.8720437207293907,1.417011165726939,0.1501386149575566,3.106341431229611,0.4924752234293437
180,2,0.5714285714285714,1.6582280766035322,-1.6826666666666663,"(0, 0, 0, 0, 0, 0, 0, 0, 0, 0, 1, 0, 0, 0, 1, 1, 0, 0, 1, 0, 0, 0, 0, 0, 0)",3,8,8,13,3.328,7.512666666666667,5.010666666666666,8.478666666666667,0.0,3.646369841425541,0.6610802598726083,5.0205618732632935,3.0,1.0,3.0,8.0,5,5,10,4.184666666666667,1.6826666666666663,5.150666666666668,3.646369841425541,0.6610802598726083,5.0205618732632935,0.8926189091613793,1.6940232624224243,0.2157434213221773
180,3,0.8571428571428571,1.6582280766035322,-0.1186922807719993,"(0, 0, 1, 1, 0, 0, 0, 0, 1, 1, 1, 0, 0, 0, 1, 1, 1, 0, 1, 0, 0, 1, 1, 1, 0)",6,9,11,14,8.386666666666667,8.028666666666666,10.281333333333333,8.396,0.0,0.2889738794827747,1.0887557055850658,0.1186922807719993,8.0,1.0,6.0,2.0,3,5,8,-0.3580000000000005,1.8946666666666656,0.009333333333334,0.2889738794827747,1.0887557055850658,0.1186922807719993,-1.072830251787448,1.3363841829080456,-0.1813420770706047
180,4,1.1428571428571428,1.6582280766035322,1.740549888228693,"(1, 1, 0, 0, 1, 1, 0, 1, 1, 1, 0, 0, 1, 1, 0, 1, 1, 1, 1, 0, 0, 1, 0, 0, 0)",7,10,8,11,9.322666666666668,11.172,7.53,7.876,0.0,0.4116827571514363,-1.740549888228693,-2.1622188633525656,3.0,42.0,3.0,9.0,3,1,4,1.849333333333334,-1.7926666666666664,-1.4466666666666663,0.4116827571514363,-1.740549888228693,-2.1622188633525656,2.383952549770068,-0.0864215052679731,1.186548742819891
180,5,1.4285714285714284,1.6582280766035322,1.314127325951893,"(0, 0, 0, 0, 0, 1, 1, 0, 0, 1, 1, 1, 0, 1, 0, 0, 0, 0, 0, 0, 1, 1, 1, 0, 1)",6,11,11,16,8.632666666666667,10.014,6.1,7.059333333333333,0.0,0.7929646662318095,-1.314127325951893,0.1916543161425551,5.0,2.0,2.0,29.0,5,5,10,1.3813333333333322,-2.5326666666666675,-1.573333333333334,0.7929646662318095,-1.314127325951893,0.1916543161425551,0.975649443181542,-2.020616147219197,-2.9267520752193934
180,6,1.7142857142857142,1.6582280766035322,6.015093374584467,"(1, 1, 1, 1, 1, 1, 1, 1, 1, 1, 0, 0, 0, 0, 0, 0, 0, 0, 0, 0, 0, 0, 0, 0, 0)",5,10,0,5,6.832666666666666,10.416666666666666,0.296,6.696666666666666,0.0,3.5604736270574766,-6.015093374584467,-0.1719029772745661,11.0,3.0,1.0,4.0,5,-5,0,3.584,-6.536666666666666,-0.1360000000000001,3.5604736270574766,-6.015093374584467,-0.1719029772745661,0.0390120921539373,-0.8648874769372378,0.0595353249503439
180,7,2.0,1.6582280766035322,2.534,"(1, 1, 1, 1, 0, 1, 0, 0, 0, 0, 1, 0, 0, 0, 0, 1, 0, 0, 0, 0, 1, 1, 1, 1, 1)",6,11,9,14,8.656666666666666,9.577333333333334,6.1226666666666665,7.204,0.0,1.1361441790631142,-2.915017560617756,-1.2967712054167757,1.0,6.0,1.0,1.0,5,3,8,0.9206666666666674,-2.534,-1.4526666666666666,1.1361441790631142,-2.915017560617756,-1.2967712054167757,-0.3573108609324736,0.6318140166953515,-0.258510230859627
190,0,0.0,1.6582280766035322,-2.322587943116534,"(0, 0, 1, 0, 0, 0, 0, 0, 0, 0, 0, 0, 0, 0, 0, 0, 1, 0, 1, 1, 0, 0, 1, 0, 1)",4,9,9,14,4.476666666666667,7.745333333333333,6.585333333333334,10.128666666666666,0.0,2.682828780380448,2.322587943116534,5.120571451038895,20.0,146.0,33.0,11.0,5,5,10,3.2686666666666664,2.108666666666667,5.651999999999999,2.682828780380448,2.322587943116534,5.120571451038895,0.9714528313778754,-0.3547302667920355,0.8812297405959778
190,1,0.2857142857142857,1.6582280766035322,-0.980666666666666,"(0, 1, 1, 0, 0, 0, 0, 0, 1, 1, 1, 0, 0, 1, 1, 1, 0, 0, 0, 0, 0, 0, 0, 0, 0)",4,9,9,14,5.746,9.82,6.082666666666666,6.726666666666667,0.0,2.641336228952546,0.9946052003467974,0.5657874197371251,2.0,2.0,1.0,6.0,5,5,10,4.074,0.336666666666666,0.980666666666666,2.641336228952546,0.9946052003467974,0.5657874197371251,2.3756832894835824,-1.0910121492277527,0.6879644156586947
190,2,0.5714285714285714,1.6582280766035322,1.0573333333333332,"(0, 0, 0, 0, 1, 0, 0, 0, 1, 1, 1, 0, 0, 0, 1, 1, 1, 0, 1, 0, 1, 1, 0, 1, 1)",6,7,11,12,7.986,6.9286666666666665,9.274666666666668,9.211333333333334,0.0,-1.1266001552444402,1.3745973764787005,-0.0456933958886304,1.0,23.0,184.0,1.0,1,5,6,-1.0573333333333332,1.2886666666666668,1.2253333333333345,-1.1266001552444402,1.3745973764787005,-0.0456933958886304,0.1148601888700943,-0.1424927156527844,2.107652208509417
190,3,0.8571428571428571,1.6582280766035322,1.309333333333334,"(1, 0, 0, 0, 0, 1, 1, 1, 1, 0, 0, 0, 1, 1, 0, 0, 0, 0, 1, 1, 0, 1, 0, 0, 0)",6,11,7,12,7.344666666666667,8.508,6.035333333333333,7.372666666666666,0.0,0.8933795886483572,-1.7964137496538266,-0.1314422122054398,5.0,12.0,1.0,2.0,5,1,6,1.1633333333333322,-1.309333333333334,0.0279999999999995,0.8933795886483572,-1.7964137496538266,-0.1314422122054398,0.4476448788208871,0.8076904219063783,0.264391552874838
190,4,1.1428571428571428,1.6582280766035322,1.2136018549969043,"(0, 0, 0, 0, 0, 1, 1, 0, 0, 1, 1, 1, 0, 1, 0, 0, 0, 0, 0, 0, 0, 1, 1, 0, 0)",5,10,10,15,5.900666666666667,9.027333333333331,4.629333333333333,8.267333333333333,0.0,1.2689129737298364,-1.2136018549969043,0.500526932544573,5.0,12.0,2.0,3.0,5,5,10,3.126666666666666,-1.2713333333333336,2.3666666666666663,1.2689129737298364,-1.2136018549969043,0.500526932544573,3.080579333041748,-0.0957319582812953,3.094485301986706
190,5,1.4285714285714284,1.6582280766035322,3.56,"(1, 1, 0, 0, 1, 1, 0, 0, 0, 1, 0, 0, 0, 0, 0, 0, 0, 0, 1, 0, 1, 1, 0, 0, 0)",6,11,11,16,6.966666666666667,7.688,3.4066666666666667,7.462,0.0,-0.279466705176916,-3.8383558031834166,-0.5221944460788596,39.0,21.0,20.0,25.0,5,5,10,0.7213333333333329,-3.56,0.4953333333333329,-0.279466705176916,-3.8383558031834166,-0.5221944460788596,1.659554722923591,0.4615774081242682,1.687293132545343
190,6,1.7142857142857142,1.6582280766035322,1.5173333333333332,"(1, 1, 1, 1, 0, 1, 0, 0, 0, 0, 0, 0, 0, 0, 0, 0, 0, 0, 0, 0, 1, 1, 1, 1, 1)",5,10,8,13,6.148666666666666,10.333333333333334,4.631333333333333,6.538666666666667,0.0,2.1443468496380613,-2.767840606440989,-0.1747403897611982,1.0,39.0,1.0,15.0,5,3,8,4.184666666666668,-1.5173333333333332,0.3900000000000005,2.1443468496380613,-2.767840606440989,-0.1747403897611982,3.3833156058474168,2.073626270264037,0.936468370294042
190,7,2.0,1.6582280766035322,6.015093374584467,"(1, 1, 1, 1, 1, 1, 1, 1, 1, 1, 0, 0, 0, 0, 0, 0, 0, 0, 0, 0, 0, 0, 0, 0, 0)",5,10,0,5,6.832666666666666,10.416666666666666,0.296,6.696666666666666,0.0,3.5604736270574766,-6.015093374584467,-0.1719029772745661,11.0,3.0,1.0,4.0,5,-5,0,3.584,-6.536666666666666,-0.1360000000000001,3.5604736270574766,-6.015093374584467,-0.1719029772745661,0.0390120921539373,-0.8648874769372378,0.0595353249503439
200,0,0.0,1.6582280766035322,-2.3466666666666667,"(0, 0, 1, 0, 0, 0, 0, 1, 0, 0, 0, 0, 1, 0, 0, 0, 0, 0, 1, 1, 0, 0, 0, 0, 1)",4,9,7,12,5.1706666666666665,7.642666666666667,7.830666666666667,7.517333333333333,0.0,1.970675095748452,1.906114749299352,2.273688639613136,2.0,5.0,2.0,6.0,5,3,8,2.4720000000000004,2.66,2.3466666666666667,1.970675095748452,1.906114749299352,2.273688639613136,0.8313110317304955,1.2501136892491072,0.1210142134352964
200,1,0.2857142857142857,1.6582280766035322,-0.1389595128193761,"(0, 1, 1, 0, 0, 0, 0, 0, 1, 1, 1, 0, 0, 1, 1, 1, 0, 0, 1, 0, 0, 0, 0, 1, 0)",5,10,10,15,7.057333333333333,9.664,7.141333333333334,8.221333333333334,0.0,1.8505088344639156,0.1389595128193761,1.8969760701216272,2.0,2.0,1.0,12.0,5,5,10,2.6066666666666665,0.0840000000000005,1.1640000000000006,1.8505088344639156,0.1389595128193761,1.8969760701216272,1.2538821477022644,-0.0911354072335404,-1.2154414989542006
200,2,0.5714285714285714,1.6582280766035322,0.6827109238940818,"(1, 0, 0, 1, 1, 1, 1, 1, 1, 0, 0, 0, 1, 1, 0, 0, 0, 0, 1, 1, 0, 1, 0, 1, 1)",8,9,13,14,10.965333333333334,8.747333333333334,9.688666666666666,7.168666666666667,0.0,-0.4768695453183631,-0.268964594025093,-0.6827109238940818,18.0,45.0,6.0,5.0,1,5,6,-2.218,-1.2766666666666673,-3.796666666666667,-0.4768695453183631,-0.268964594025093,-0.6827109238940818,-2.887191404982564,-1.6709998697058304,-5.163648841966308
200,3,0.8571428571428571,1.6582280766035322,0.3133333333333326,"(0, 0, 0, 1, 1, 0, 0, 0, 0, 1, 0, 1, 0, 0, 1, 1, 1, 0, 1, 1, 1, 1, 0, 0, 1)",7,10,12,15,8.856,8.777333333333333,8.542666666666667,9.346666666666666,0.0,-0.4433364886581568,-0.5327702562563076,-0.3952478744366558,15.0,4.0,10.0,35.0,3,5,8,-0.0786666666666668,-0.3133333333333326,0.4906666666666659,-0.4433364886581568,-0.5327702562563076,-0.3952478744366558,0.6047057375163007,0.3638764666343624,1.4690483655288622
200,4,1.1428571428571428,1.6582280766035322,1.2136018549969043,"(0, 0, 0, 0, 0, 1, 1, 0, 0, 1, 1, 1, 0, 1, 0, 0, 0, 0, 0, 0, 0, 1, 1, 0, 0)",5,10,10,15,5.900666666666667,9.027333333333331,4.629333333333333,8.267333333333333,0.0,1.2689129737298364,-1.2136018549969043,0.500526932544573,5.0,12.0,2.0,3.0,5,5,10,3.126666666666666,-1.2713333333333336,2.3666666666666663,1.2689129737298364,-1.2136018549969043,0.500526932544573,3.080579333041748,-0.0957319582812953,3.094485301986706
200,5,1.4285714285714284,1.6582280766035322,3.56,"(1, 1, 0, 0, 1, 1, 0, 0, 0, 1, 0, 0, 0, 0, 0, 0, 0, 0, 1, 0, 1, 1, 0, 0, 0)",6,11,11,16,6.966666666666667,7.688,3.4066666666666667,7.462,0.0,-0.279466705176916,-3.8383558031834166,-0.5221944460788596,39.0,21.0,20.0,25.0,5,5,10,0.7213333333333329,-3.56,0.4953333333333329,-0.279466705176916,-3.8383558031834166,-0.5221944460788596,1.659554722923591,0.4615774081242682,1.687293132545343
200,6,1.7142857142857142,1.6582280766035322,6.015093374584467,"(1, 1, 1, 1, 1, 1, 1, 1, 1, 1, 0, 0, 0, 0, 0, 0, 0, 0, 0, 0, 0, 0, 0, 0, 0)",5,10,0,5,6.832666666666666,10.416666666666666,0.296,6.696666666666666,0.0,3.5604736270574766,-6.015093374584467,-0.1719029772745661,11.0,3.0,1.0,4.0,5,-5,0,3.584,-6.536666666666666,-0.1360000000000001,3.5604736270574766,-6.015093374584467,-0.1719029772745661,0.0390120921539373,-0.8648874769372378,0.0595353249503439
200,7,2.0,1.6582280766035322,4.780745243873612,"(1, 1, 1, 1, 1, 1, 0, 0, 0, 1, 0, 0, 0, 0, 0, 0, 0, 0, 0, 0, 1, 1, 1, 1, 1)",6,11,11,16,7.479333333333333,10.255333333333333,1.1233333333333333,6.914,0.0,1.9043828221971228,-4.780745243873612,-0.7076211945559481,1.0,3.0,21.0,2.0,5,5,10,2.776,-6.356,-0.5653333333333332,1.9043828221971228,-4.780745243873612,-0.7076211945559481,1.4453400762826636,-2.612131664412027,0.2359457264392069
210,0,0.0,1.6582280766035322,1.2270150776609867,"(0, 1, 1, 0, 0, 0, 0, 0, 1, 1, 1, 1, 1, 1, 1, 0, 0, 1, 1, 0, 0, 0, 0, 1, 0)",6,9,11,14,7.950666666666667,9.914666666666667,6.363333333333333,9.762666666666666,0.0,1.0159410682657648,-1.2270150776609867,0.7093162721453645,2.0,7.0,2.0,8.0,3,5,8,1.9640000000000004,-1.5873333333333337,1.8119999999999996,1.0159410682657648,-1.2270150776609867,0.7093162721453645,1.5720979388764609,-0.5974898480686953,1.828501117142404
210,1,0.2857142857142857,1.6582280766035322,-3.6713333333333336,"(0, 0, 1, 0, 0, 0, 0, 1, 0, 0, 0, 0, 0, 1, 0, 0, 0, 0, 1, 0, 0, 0, 0, 0, 0)",2,7,5,10,2.405333333333333,7.782,6.076666666666667,9.619333333333334,0.0,5.620103446737506,3.6261394588909774,5.560149289390084,1.0,1.0,1.0,15.0,5,3,8,5.376666666666667,3.6713333333333336,7.214,5.620103446737506,3.6261394588909774,5.560149289390084,-0.4036737035914244,0.0749417514908097,2.742461682844066
210,2,0.5714285714285714,1.6582280766035322,0.3121153735295986,"(0, 0, 0, 1, 1, 0, 0, 1, 1, 0, 0, 1, 1, 1, 0, 1, 1, 0, 1, 1, 1, 1, 0, 0, 1)",7,10,10,13,9.332,9.993333333333334,8.712666666666667,8.448,0.0,0.2118109996514911,-0.2004981992177735,-0.3121153735295986,3.0,1.0,11.0,1.0,3,3,6,0.6613333333333333,-0.6193333333333335,-0.8840000000000003,0.2118109996514911,-0.2004981992177735,-0.3121153735295986,0.7454105547715724,-0.6945241788584274,-0.9483151441911436
210,3,0.8571428571428571,1.6582280766035322,1.2136018549969043,"(0, 0, 0, 0, 0, 1, 1, 0, 0, 1, 1, 1, 0, 1, 0, 0, 0, 0, 0, 0, 0, 1, 1, 0, 0)",5,10,10,15,5.900666666666667,9.027333333333331,4.629333333333333,8.267333333333333,0.0,1.2689129737298364,-1.2136018549969043,0.500526932544573,5.0,12.0,2.0,3.0,5,5,10,3.126666666666666,-1.2713333333333336,2.3666666666666663,1.2689129737298364,-1.2136018549969043,0.500526932544573,3.080579333041748,-0.0957319582812953,3.094485301986706
210,4,1.1428571428571428,1.6582280766035322,2.3600000000000003,"(1, 1, 0, 0, 1, 1, 0, 1, 0, 1, 0, 0, 1, 0, 0, 0, 0, 0, 1, 0, 1, 1, 0, 0, 0)",7,10,6,9,7.875333333333334,9.122666666666667,5.515333333333333,6.649333333333334,0.0,0.459439725757619,-2.362975009160034,-1.7172241466178044,12.0,4.0,4.0,20.0,3,-1,2,1.2473333333333336,-2.3600000000000003,-1.226,0.459439725757619,-2.362975009160034,-1.7172241466178044,1.3065073014584954,0.0049332437173207,0.8145616718272534
210,5,1.4285714285714284,1.6582280766035322,-1.0713627355371358,"(1, 0, 0, 1, 0, 1, 1, 1, 1, 0, 0, 0, 0, 0, 0, 1, 0, 0, 0, 0, 1, 0, 0, 1, 1)",5,10,6,11,6.48,10.213333333333331,6.996666666666667,9.117333333333333,0.0,2.114793540361705,1.0713627355371358,2.303757842068881,1.0,1.0,2.0,3.0,5,1,6,3.733333333333333,0.5166666666666666,2.6373333333333324,2.114793540361705,1.0713627355371358,2.303757842068881,2.6839081278056214,-0.9198125953826184,0.5531442452815298
210,6,1.7142857142857142,1.6582280766035322,4.780745243873612,"(1, 1, 1, 1, 1, 1, 0, 0, 0, 1, 0, 0, 0, 0, 0, 0, 0, 0, 0, 0, 1, 1, 1, 1, 1)",6,11,11,16,7.479333333333333,10.255333333333333,1.1233333333333333,6.914,0.0,1.9043828221971228,-4.780745243873612,-0.7076211945559481,1.0,3.0,21.0,2.0,5,5,10,2.776,-6.356,-0.5653333333333332,1.9043828221971228,-4.780745243873612,-0.7076211945559481,1.4453400762826636,-2.612131664412027,0.2359457264392069
210,7,2.0,1.6582280766035322,6.015093374584467,"(1, 1, 1, 1, 1, 1, 1, 1, 1, 1, 0, 0, 0, 0, 0, 0, 0, 0, 0, 0, 0, 0, 0, 0, 0)",5,10,0,5,6.832666666666666,10.416666666666666,0.296,6.696666666666666,0.0,3.5604736270574766,-6.015093374584467,-0.1719029772745661,11.0,3.0,1.0,4.0,5,-5,0,3.584,-6.536666666666666,-0.1360000000000001,3.5604736270574766,-6.015093374584467,-0.1719029772745661,0.0390120921539373,-0.8648874769372378,0.0595353249503439
220,0,0.0,1.6582280766035322,-3.1140000000000003,"(0, 0, 1, 0, 0, 0, 0, 1, 0, 0, 0, 0, 0, 0, 0, 0, 0, 1, 1, 0, 0, 0, 0, 0, 0)",2,7,5,10,2.917333333333333,6.031333333333333,7.398666666666666,10.323333333333334,0.0,2.588936221731876,4.358265579467845,6.217581447494165,1.0,1.0,1.0,14.0,5,3,8,3.1140000000000003,4.481333333333334,7.406000000000001,2.588936221731876,4.358265579467845,6.217581447494165,0.8706754991317355,0.2040744047842866,1.970669010521705
220,1,0.2857142857142857,1.6582280766035322,-1.2450344894267458,"(0, 0, 0, 0, 0, 0, 0, 1, 1, 0, 0, 0, 1, 1, 0, 1, 0, 0, 1, 1, 1, 1, 0, 0, 1)",6,9,11,14,7.38,8.460666666666667,9.228666666666667,9.484,0.0,1.2450344894267458,0.4929359329050096,1.255978794732329,24.0,8.0,1.0,21.0,3,5,8,1.0806666666666669,1.8486666666666676,2.104,1.2450344894267458,0.4929359329050096,1.255978794732329,-0.2725593385909562,2.2481107670378893,1.4062125721300192
220,2,0.5714285714285714,1.6582280766035322,0.9079999999999996,"(0, 0, 0, 0, 0, 1, 1, 0, 0, 1, 1, 1, 0, 1, 1, 0, 0, 0, 0, 1, 0, 1, 1, 0, 0)",6,11,11,16,6.848,10.051333333333334,5.94,8.166,0.0,1.3464811982020677,-1.4184114472138485,0.1222298340020867,9.0,3.0,3.0,6.0,5,5,10,3.203333333333334,-0.9079999999999996,1.3180000000000005,1.3464811982020677,-1.4184114472138485,0.1222298340020867,3.079084344575882,0.8463785923898458,1.9828596624226067
220,3,0.8571428571428571,1.6582280766035322,-0.6299999999999999,"(0, 1, 1, 0, 0, 0, 0, 0, 1, 1, 0, 1, 1, 1, 0, 0, 0, 1, 0, 0, 0, 0, 0, 0, 0)",5,10,10,15,6.294666666666667,6.924666666666667,9.344,8.258666666666667,0.0,0.0690559870123346,2.4563885241420325,2.729738210191922,3.0,3.0,4.0,3.0,5,5,10,0.6299999999999999,3.0493333333333323,1.9639999999999995,0.0690559870123346,2.4563885241420325,2.729738210191922,0.930173111738803,0.9832377304773376,-1.2697685994683827
220,4,1.1428571428571428,1.6582280766035322,-0.0173333333333332,"(1, 0, 0, 1, 0, 1, 1, 1, 1, 0, 1, 1, 1, 1, 0, 0, 0, 1, 1, 0, 1, 1, 0, 1, 1)",8,9,9,10,9.348666666666666,9.366,10.041333333333334,9.936,0.0,-0.0320959256604807,0.2137640238306022,-0.0619071815265313,2.0,9.0,4.0,27.0,1,1,2,0.0173333333333332,0.6926666666666677,0.5873333333333335,-0.0320959256604807,0.2137640238306022,-0.0619071815265313,0.0819649850692499,0.7941298083103971,1.0765888502091605
220,5,1.4285714285714284,1.6582280766035322,4.366261923748354,"(1, 0, 1, 1, 1, 1, 0, 0, 0, 1, 0, 0, 0, 0, 0, 0, 0, 0, 0, 0, 1, 0, 1, 1, 1)",5,10,10,15,7.417333333333334,8.322,2.599333333333333,6.605333333333333,0.0,1.6975096572626298,-4.366261923748354,-0.3890940057968154,2.0,1.0,2.0,39.0,5,5,10,0.9046666666666656,-4.818,-0.8120000000000003,1.6975096572626298,-4.366261923748354,-0.3890940057968154,-1.314714507344538,-0.7490847613113462,-0.7012745933516517
220,6,1.7142857142857142,1.6582280766035322,6.015093374584467,"(1, 1, 1, 1, 1, 1, 1, 1, 1, 1, 0, 0, 0, 0, 0, 0, 0, 0, 0, 0, 0, 0, 0, 0, 0)",5,10,0,5,6.832666666666666,10.416666666666666,0.296,6.696666666666666,0.0,3.5604736270574766,-6.015093374584467,-0.1719029772745661,11.0,3.0,1.0,4.0,5,-5,0,3.584,-6.536666666666666,-0.1360000000000001,3.5604736270574766,-6.015093374584467,-0.1719029772745661,0.0390120921539373,-0.8648874769372378,0.0595353249503439
220,7,2.0,1.6582280766035322,2.9652434465824364,"(0, 1, 0, 0, 0, 1, 0, 1, 1, 1, 0, 0, 1, 1, 0, 0, 0, 1, 1, 0, 1, 1, 1, 0, 0)",7,10,12,15,8.174,4.8133333333333335,9.847333333333331,7.824,0.0,-2.9652434465824364,0.944231916330864,0.4110931649464228,3.0,1.0,12.0,1.0,3,5,8,-3.360666666666666,1.6733333333333338,-0.3499999999999996,-2.9652434465824364,0.944231916330864,0.4110931649464228,-0.6557018856846473,1.2090164403649153,-1.2620660550252012
230,0,0.0,1.6582280766035322,-4.328122677986474,"(0, 0, 0, 0, 0, 0, 0, 0, 0, 0, 0, 0, 0, 0, 0, 0, 0, 1, 1, 0, 0, 0, 0, 0, 0)",1,6,6,11,1.224,5.2026666666666666,6.650666666666667,9.714666666666666,0.0,4.328122677986474,5.103768073195978,8.035220516528517,1.0,1.0,2.0,93.0,5,5,10,3.9786666666666655,5.426666666666667,8.490666666666666,4.328122677986474,5.103768073195978,8.035220516528517,-0.5794777695083863,0.5354395135888864,0.7552335935400668
230,1,0.2857142857142857,1.6582280766035322,-1.173333333333333,"(0, 0, 0, 1, 1, 1, 0, 0, 0, 1, 1, 0, 0, 1, 1, 0, 0, 0, 0, 1, 0, 1, 1, 0, 0)",6,11,11,16,6.612666666666667,8.42,9.393333333333333,7.786,0.0,0.2286143774944075,1.0103399423181254,0.7038993937617919,7.0,7.0,5.0,18.0,5,5,10,1.8073333333333328,2.780666666666666,1.173333333333333,0.2286143774944075,1.0103399423181254,0.7038993937617919,2.617876097638318,2.935605479076312,0.7784285387081352
230,2,0.5714285714285714,1.6582280766035322,-1.179073861490738,"(0, 0, 0, 0, 0, 0, 0, 0, 1, 1, 1, 1, 0, 1, 0, 0, 0, 1, 0, 0, 0, 0, 0, 0, 0)",4,7,9,12,4.626,8.162666666666667,5.66,8.972666666666667,0.0,2.186576391322231,1.179073861490738,4.224317600391092,2.0,2.0,6.0,9.0,3,5,8,3.536666666666666,1.0339999999999998,4.346666666666667,2.186576391322231,1.179073861490738,4.224317600391092,2.238757600525536,-0.2405655503052338,0.2028826568443849
230,3,0.8571428571428571,1.6582280766035322,0.7245351209373038,"(1, 0, 1, 0, 0, 1, 0, 1, 1, 0, 0, 1, 1, 1, 0, 0, 1, 1, 1, 1, 1, 1, 0, 1, 1)",8,11,9,12,9.438666666666666,10.573333333333334,8.088666666666667,9.476666666666668,0.0,0.5197992277459881,-0.7245351209373038,0.3774864092605916,4.0,9.0,5.0,9.0,3,1,4,1.1346666666666678,-1.3499999999999996,0.0380000000000002,0.5197992277459881,-0.7245351209373038,0.3774864092605916,1.0195904506075786,-1.037163423391195,-0.56294589546123
230,4,1.1428571428571428,1.6582280766035322,0.2625896283083727,"(0, 0, 0, 0, 1, 0, 0, 1, 1, 1, 1, 0, 1, 1, 1, 1, 1, 0, 1, 1, 1, 0, 1, 1, 1)",8,11,11,14,10.176,10.509333333333334,9.740666666666666,9.698666666666666,0.0,0.0325381198142425,-0.2625896283083727,0.5499052797145454,2.0,4.0,5.0,23.0,3,3,6,0.3333333333333339,-0.4353333333333342,-0.477333333333334,0.0325381198142425,-0.2625896283083727,0.5499052797145454,0.4987870683653117,-0.2864484617289098,-1.7033959095272653
230,5,1.4285714285714284,1.6582280766035322,6.015093374584467,"(1, 1, 1, 1, 1, 1, 1, 1, 1, 1, 0, 0, 0, 0, 0, 0, 0, 0, 0, 0, 0, 0, 0, 0, 0)",5,10,0,5,6.832666666666666,10.416666666666666,0.296,6.696666666666666,0.0,3.5604736270574766,-6.015093374584467,-0.1719029772745661,11.0,3.0,1.0,4.0,5,-5,0,3.584,-6.536666666666666,-0.1360000000000001,3.5604736270574766,-6.015093374584467,-0.1719029772745661,0.0390120921539373,-0.8648874769372378,0.0595353249503439
230,6,1.7142857142857142,1.6582280766035322,2.9652434465824364,"(0, 1, 0, 0, 0, 1, 0, 1, 1, 1, 0, 0, 1, 1, 0, 0, 0, 1, 1, 0, 1, 1, 1, 0, 0)",7,10,12,15,8.174,4.8133333333333335,9.847333333333331,7.824,0.0,-2.9652434465824364,0.944231916330864,0.4110931649464228,3.0,1.0,12.0,1.0,3,5,8,-3.360666666666666,1.6733333333333338,-0.3499999999999996,-2.9652434465824364,0.944231916330864,0.4110931649464228,-0.6557018856846473,1.2090164403649153,-1.2620660550252012
230,7,2.0,1.6582280766035322,5.407002714137545,"(1, 1, 1, 1, 1, 1, 0, 0, 0, 1, 0, 0, 0, 0, 0, 0, 0, 0, 0, 0, 1, 1, 1, 1, 1)",6,11,11,16,7.240666666666667,10.294666666666666,1.406,5.523333333333333,0.0,2.185434056425016,-5.407002714137545,-0.4231798051492212,1.0,3.0,21.0,2.0,5,5,10,3.0539999999999994,-5.834666666666667,-1.7173333333333334,2.185434056425016,-5.407002714137545,-0.4231798051492212,1.4402804340176767,-0.7091643734350306,-2.1460017158704154
240,0,0.0,1.6582280766035322,-3.364666666666668,"(0, 0, 0, 1, 1, 1, 0, 1, 1, 0, 1, 0, 0, 0, 1, 0, 0, 0, 0, 1, 0, 1, 1, 0, 0)",5,10,10,15,5.887333333333333,9.272,10.127333333333333,9.252,0.0,2.0620987370385264,2.185544604963456,1.8016095309605176,1.0,1.0,3.0,2.0,5,5,10,3.384666666666667,4.239999999999999,3.364666666666668,2.0620987370385264,2.185544604963456,1.8016095309605176,2.193119274124787,3.406755618179197,2.5919052277634345
240,1,0.2857142857142857,1.6582280766035322,-1.8889060268154896,"(0, 0, 0, 0, 1, 0, 1, 1, 1, 0, 1, 0, 0, 1, 0, 0, 1, 1, 0, 0, 0, 0, 0, 0, 0)",6,11,9,14,5.507333333333333,6.402,9.12,9.558666666666667,0.0,1.8889060268154896,2.623795860853362,4.423157571532263,24.0,2.0,26.0,17.0,5,3,8,0.8946666666666667,3.612666666666666,4.051333333333334,1.8889060268154896,2.623795860853362,4.423157571532263,-1.6486756218631091,1.6397733343331802,-0.6165693913431839
240,2,0.5714285714285714,1.6582280766035322,-3.762,"(0, 0, 1, 0, 0, 0, 0, 0, 0, 0, 0, 0, 0, 0, 0, 0, 0, 1, 1, 0, 0, 0, 1, 0, 0)",2,7,7,12,2.246,6.008,8.070666666666666,9.105333333333334,0.0,3.5724497187218374,3.9631651030824417,6.542815247585337,5.0,9.0,18.0,107.0,5,5,10,3.762,5.8246666666666655,6.859333333333334,3.5724497187218374,3.9631651030824417,6.542815247585337,0.3143175983435461,3.0867941573767355,0.5248591765401323
240,3,0.8571428571428571,1.6582280766035322,0.1956709130392172,"(0, 0, 0, 0, 1, 0, 0, 1, 1, 1, 1, 0, 1, 1, 1, 1, 1, 0, 0, 1, 1, 0, 1, 0, 1)",8,9,11,12,10.121333333333334,11.231333333333334,9.510666666666667,10.530666666666669,0.0,0.369342666928827,-0.1956709130392172,-0.3528340851884183,27.0,8.0,27.0,31.0,1,3,4,1.1099999999999994,-0.6106666666666669,0.4093333333333326,0.369342666928827,-0.1956709130392172,-0.3528340851884183,1.228178784840912,-0.6881576103362792,1.2638474124652026
240,4,1.1428571428571428,1.6582280766035322,1.715050025361813,"(1, 0, 1, 1, 1, 1, 1, 1, 1, 0, 0, 0, 1, 1, 0, 0, 1, 1, 0, 0, 1, 1, 0, 1, 1)",8,11,11,14,10.810666666666666,10.69,8.802,8.970666666666666,0.0,0.0081437423317636,-1.715050025361813,-0.6086434031391235,51.0,6.0,6.0,57.0,3,3,6,-0.1206666666666667,-2.0086666666666666,-1.84,0.0081437423317636,-1.715050025361813,-0.6086434031391235,-0.2135970367599814,-0.4868833583697365,-2.041870081225682
240,5,1.4285714285714284,1.6582280766035322,2.9652434465824364,"(0, 1, 0, 0, 0, 1, 0, 1, 1, 1, 0, 0, 1, 1, 0, 0, 0, 1, 1, 0, 1, 1, 1, 0, 0)",7,10,12,15,8.174,4.8133333333333335,9.847333333333331,7.824,0.0,-2.9652434465824364,0.944231916330864,0.4110931649464228,3.0,1.0,12.0,1.0,3,5,8,-3.360666666666666,1.6733333333333338,-0.3499999999999996,-2.9652434465824364,0.944231916330864,0.4110931649464228,-0.6557018856846473,1.2090164403649153,-1.2620660550252012
240,6,1.7142857142857142,1.6582280766035322,5.407002714137545,"(1, 1, 1, 1, 1, 1, 0, 0, 0, 1, 0, 0, 0, 0, 0, 0, 0, 0, 0, 0, 1, 1, 1, 1, 1)",6,11,11,16,7.240666666666667,10.294666666666666,1.406,5.523333333333333,0.0,2.185434056425016,-5.407002714137545,-0.4231798051492212,1.0,3.0,21.0,2.0,5,5,10,3.0539999999999994,-5.834666666666667,-1.7173333333333334,2.185434056425016,-5.407002714137545,-0.4231798051492212,1.4402804340176767,-0.7091643734350306,-2.1460017158704154
240,7,2.0,1.6582280766035322,6.015093374584467,"(1, 1, 1, 1, 1, 1, 1, 1, 1, 1, 0, 0, 0, 0, 0, 0, 0, 0, 0, 0, 0, 0, 0, 0, 0)",5,10,0,5,6.832666666666666,10.416666666666666,0.296,6.696666666666666,0.0,3.5604736270574766,-6.015093374584467,-0.1719029772745661,11.0,3.0,1.0,4.0,5,-5,0,3.584,-6.536666666666666,-0.1360000000000001,3.5604736270574766,-6.015093374584467,-0.1719029772745661,0.0390120921539373,-0.8648874769372378,0.0595353249503439
250,0,0.0,1.6582280766035322,-2.900666666666667,"(0, 0, 0, 1, 1, 0, 0, 1, 1, 0, 0, 0, 0, 0, 1, 0, 0, 0, 0, 1, 0, 1, 1, 0, 0)",4,9,9,14,5.008666666666667,7.909333333333333,9.664,9.068666666666669,0.0,1.3415433634850713,3.5487186324699995,2.590373352731598,1.0,2.0,8.0,7.0,5,5,10,2.900666666666667,4.655333333333333,4.0600000000000005,1.3415433634850713,3.5487186324699995,2.590373352731598,2.5853820362225632,1.8350195669537988,2.4369761686251805
250,1,0.2857142857142857,1.6582280766035322,-1.3649796536344003,"(1, 0, 1, 0, 1, 0, 0, 0, 0, 0, 1, 0, 0, 0, 0, 0, 0, 0, 0, 0, 0, 0, 1, 0, 1)",4,9,7,12,4.736,9.116666666666667,5.819333333333334,8.758666666666667,0.0,3.3502840059697774,1.3649796536344003,3.385180494604077,1.0,8.0,1.0,9.0,5,3,8,4.380666666666667,1.083333333333334,4.022666666666667,3.3502840059697774,1.3649796536344003,3.385180494604077,1.708609457613034,-0.4670338359952997,1.057097468960697
250,2,0.5714285714285714,1.6582280766035322,-1.3375267665884087,"(0, 0, 0, 0, 0, 0, 1, 0, 0, 1, 1, 0, 0, 1, 0, 0, 1, 1, 0, 0, 0, 0, 0, 0, 0)",5,8,10,13,5.913333333333333,7.956666666666667,6.88,9.026666666666667,0.0,2.554997820430722,1.3375267665884087,2.966127834889958,5.0,15.0,4.0,9.0,3,5,8,2.043333333333334,0.9666666666666668,3.113333333333334,2.554997820430722,1.3375267665884087,2.966127834889958,-0.8484564183058351,-0.614970630182224,0.2441002905492242
250,3,0.8571428571428571,1.6582280766035322,3.9138604549380975,"(1, 1, 1, 1, 1, 1, 1, 0, 0, 0, 0, 0, 0, 0, 0, 0, 1, 1, 0, 0, 0, 0, 1, 1, 1)",6,11,7,12,7.982666666666667,10.295333333333334,3.442,5.42,0.0,1.3394429412547066,-3.9138604549380975,-2.105581162158351,2.0,40.0,16.0,3.0,5,1,6,2.312666666666667,-4.540666666666667,-2.562666666666667,1.3394429412547066,-3.9138604549380975,-2.105581162158351,1.613826906294799,-1.03938765887781,-0.7579520169841796
250,4,1.1428571428571428,1.6582280766035322,1.1844170408486825,"(0, 1, 0, 0, 0, 0, 0, 1, 1, 0, 0, 0, 1, 1, 0, 0, 0, 1, 1, 0, 1, 1, 1, 0, 0)",6,9,11,14,7.1146666666666665,5.846,8.878,9.231333333333334,0.0,-1.1844170408486825,2.2443195779008485,1.3785771238625502,10.0,5.0,22.0,6.0,3,5,8,-1.2686666666666664,1.7633333333333336,2.116666666666667,-1.1844170408486825,2.2443195779008485,1.3785771238625502,-0.1397050949747227,-0.7975848952019462,1.2239208029252513
250,5,1.4285714285714284,1.6582280766035322,4.604567723112688,"(1, 1, 1, 1, 1, 1, 0, 0, 0, 1, 0, 0, 0, 0, 0, 0, 0, 0, 0, 0, 1, 1, 1, 1, 1)",6,11,11,16,6.998,9.701333333333332,1.2966666666666666,6.057333333333333,0.0,2.123711122462549,-4.604567723112688,-1.513446340759637,1.0,3.0,21.0,2.0,5,5,10,2.7033333333333323,-5.701333333333333,-0.940666666666667,2.123711122462549,-4.604567723112688,-1.513446340759637,0.9611458238889456,-1.81868752832108,0.9497993372887836
250,6,1.7142857142857142,1.6582280766035322,0.1178447419772917,"(1, 1, 0, 0, 0, 0, 1, 1, 1, 1, 1, 1, 1, 1, 1, 1, 1, 0, 1, 1, 1, 0, 1, 1, 0)",9,12,14,17,12.632666666666667,11.972,12.362666666666666,12.34,0.0,-0.0071119559729886,0.0170981739454231,-0.1178447419772917,41.0,1.0,6.0,3.0,3,5,8,-0.6606666666666676,-0.2700000000000013,-0.2926666666666673,-0.0071119559729886,0.0170981739454231,-0.1178447419772917,-1.0837427708687573,-0.4760742527779076,-0.2898946239257908
250,7,2.0,1.6582280766035322,6.015093374584467,"(1, 1, 1, 1, 1, 1, 1, 1, 1, 1, 0, 0, 0, 0, 0, 0, 0, 0, 0, 0, 0, 0, 0, 0, 0)",5,10,0,5,6.832666666666666,10.416666666666666,0.296,6.696666666666666,0.0,3.5604736270574766,-6.015093374584467,-0.1719029772745661,11.0,3.0,1.0,4.0,5,-5,0,3.584,-6.536666666666666,-0.1360000000000001,3.5604736270574766,-6.015093374584467,-0.1719029772745661,0.0390120921539373,-0.8648874769372378,0.0595353249503439
260,0,0.0,1.6582280766035322,-1.1526666666666658,"(1, 0, 1, 0, 0, 0, 0, 1, 1, 0, 1, 0, 0, 0, 1, 0, 1, 0, 1, 0, 0, 1, 1, 0, 0)",7,12,10,15,7.819333333333334,9.482666666666669,8.972,9.630666666666666,0.0,0.7694546770568533,0.2944276073791602,0.7220293540659927,37.0,33.0,32.0,13.0,5,3,8,1.663333333333333,1.1526666666666658,1.8113333333333328,0.7694546770568533,0.2944276073791602,0.7220293540659927,1.482254684914297,1.4231561045483454,1.806314442377056
260,1,0.2857142857142857,1.6582280766035322,1.3426666666666662,"(0, 1, 0, 0, 0, 0, 0, 0, 0, 1, 1, 0, 1, 0, 1, 0, 0, 1, 0, 0, 0, 0, 0, 0, 0)",5,8,8,11,5.800666666666666,9.268,4.458,5.803333333333334,0.0,2.0854244786494167,-1.4947636377632376,-0.0661080259872605,6.0,13.0,6.0,5.0,3,3,6,3.4673333333333343,-1.3426666666666662,0.0026666666666672,2.0854244786494167,-1.4947636377632376,-0.0661080259872605,2.2915200621439027,0.2522114678386906,0.1140441263185217
260,2,0.5714285714285714,1.6582280766035322,1.8113746518560716,"(1, 1, 0, 0, 1, 1, 1, 0, 0, 0, 0, 0, 1, 0, 0, 0, 0, 0, 0, 0, 0, 0, 0, 1, 1)",6,11,7,12,8.333333333333334,10.148666666666667,6.166,4.556666666666667,0.0,1.5983476182817382,-0.6509834933617339,-1.8113746518560716,28.0,12.0,1.0,9.0,5,1,6,1.8153333333333328,-2.1673333333333336,-3.7766666666666673,1.5983476182817382,-0.6509834933617339,-1.8113746518560716,0.3598118049204485,-2.51445387859418,-3.258902397683655
260,3,0.8571428571428571,1.6582280766035322,-0.8879995597775989,"(0, 0, 0, 1, 1, 1, 0, 1, 1, 1, 0, 0, 1, 0, 0, 0, 0, 1, 0, 0, 0, 1, 1, 1, 1)",6,11,11,16,7.58,8.011333333333333,8.515333333333333,8.021333333333333,0.0,1.1145135150416403,0.575441992094239,0.8879995597775989,3.0,6.0,11.0,14.0,5,5,10,0.4313333333333329,0.9353333333333324,0.4413333333333327,1.1145135150416403,0.575441992094239,0.8879995597775989,-1.1328685586878189,0.5967819265691675,-0.7406744775604334
260,4,1.1428571428571428,1.6582280766035322,1.1844170408486825,"(0, 1, 0, 0, 0, 0, 0, 1, 1, 0, 0, 0, 1, 1, 0, 0, 0, 1, 1, 0, 1, 1, 1, 0, 0)",6,9,11,14,7.1146666666666665,5.846,8.878,9.231333333333334,0.0,-1.1844170408486825,2.2443195779008485,1.3785771238625502,10.0,5.0,22.0,6.0,3,5,8,-1.2686666666666664,1.7633333333333336,2.116666666666667,-1.1844170408486825,2.2443195779008485,1.3785771238625502,-0.1397050949747227,-0.7975848952019462,1.2239208029252513
260,5,1.4285714285714284,1.6582280766035322,0.7651064345448696,"(0, 1, 1, 0, 0, 0, 1, 1, 1, 1, 0, 1, 1, 1, 0, 1, 1, 0, 1, 1, 1, 0, 1, 0, 1)",8,13,11,16,11.868666666666666,10.043333333333331,11.522666666666666,9.350666666666667,0.0,-0.7651064345448696,0.4679888127303306,-0.4223691158673263,28.0,12.0,49.0,1.0,5,3,8,-1.825333333333333,-0.3460000000000001,-2.517999999999999,-0.7651064345448696,0.4679888127303306,-0.4223691158673263,-1.7580980111413214,-1.3497791033106092,-3.475033970266282
260,6,1.7142857142857142,1.6582280766035322,6.015093374584467,"(1, 1, 1, 1, 1, 1, 1, 1, 1, 1, 0, 0, 0, 0, 0, 0, 0, 0, 0, 0, 0, 0, 0, 0, 0)",5,10,0,5,6.832666666666666,10.416666666666666,0.296,6.696666666666666,0.0,3.5604736270574766,-6.015093374584467,-0.1719029772745661,11.0,3.0,1.0,4.0,5,-5,0,3.584,-6.536666666666666,-0.1360000000000001,3.5604736270574766,-6.015093374584467,-0.1719029772745661,0.0390120921539373,-0.8648874769372378,0.0595353249503439
260,7,2.0,1.6582280766035322,5.344727037482879,"(1, 1, 1, 1, 1, 0, 0, 1, 1, 0, 0, 0, 0, 0, 0, 0, 0, 0, 0, 0, 1, 1, 1, 1, 1)",6,11,11,16,7.614666666666666,10.448,1.324,5.706,0.0,2.289386532071651,-5.344727037482879,-0.4318762901731854,6.0,15.0,68.0,24.0,5,5,10,2.833333333333334,-6.290666666666667,-1.908666666666666,2.289386532071651,-5.344727037482879,-0.4318762901731854,0.901987858030804,-1.568583651884491,-2.4488552655593905
270,0,0.0,1.6582280766035322,-1.1526666666666658,"(1, 0, 1, 0, 0, 0, 0, 1, 1, 0, 1, 0, 0, 0, 1, 0, 1, 0, 1, 0, 0, 1, 1, 0, 0)",7,12,10,15,7.819333333333334,9.482666666666669,8.972,9.630666666666666,0.0,0.7694546770568533,0.2944276073791602,0.7220293540659927,37.0,33.0,32.0,13.0,5,3,8,1.663333333333333,1.1526666666666658,1.8113333333333328,0.7694546770568533,0.2944276073791602,0.7220293540659927,1.482254684914297,1.4231561045483454,1.806314442377056
270,1,0.2857142857142857,1.6582280766035322,1.056,"(1, 1, 0, 0, 1, 1, 1, 0, 0, 0, 0, 0, 0, 0, 0, 0, 0, 1, 0, 1, 0, 0, 0, 1, 0)",6,11,7,12,6.588666666666667,8.038666666666666,5.532666666666667,7.704,0.0,0.7636324540323343,-1.600705987101797,1.0112243306256472,10.0,14.0,2.0,3.0,5,1,6,1.4499999999999993,-1.056,1.115333333333333,0.7636324540323343,-1.600705987101797,1.0112243306256472,1.1381539355930477,0.9032467613062412,0.1726364713170778
270,2,0.5714285714285714,1.6582280766035322,-0.1247356008733986,"(1, 1, 0, 1, 1, 1, 0, 1, 1, 1, 0, 0, 0, 0, 0, 0, 0, 0, 0, 0, 0, 1, 1, 1, 1)",6,9,11,14,9.204,8.932666666666666,9.164666666666667,10.89,0.0,0.1247356008733986,0.813526694381693,2.6032338327034794,27.0,13.0,3.0,6.0,3,5,8,-0.2713333333333345,-0.0393333333333334,1.686,0.1247356008733986,0.813526694381693,2.6032338327034794,-0.6567726269720421,-1.4142364433699235,-1.5209828941995769
270,3,0.8571428571428571,1.6582280766035322,3.5157751680148084,"(0, 1, 0, 0, 1, 0, 0, 1, 1, 1, 0, 0, 1, 1, 0, 0, 0, 1, 1, 0, 1, 1, 1, 0, 0)",7,10,10,13,9.629333333333332,4.962,9.639333333333331,7.168666666666667,0.0,-3.5157751680148084,-0.008180591844577,-1.106148675632996,11.0,41.0,1.0,4.0,3,3,6,-4.667333333333334,0.0099999999999997,-2.4606666666666666,-3.5157751680148084,-0.008180591844577,-1.106148675632996,-1.9095460815732304,0.0301475678459464,-2.246099762996644
270,4,1.1428571428571428,1.6582280766035322,-0.2353333333333331,"(0, 1, 1, 0, 1, 0, 1, 1, 1, 0, 0, 1, 0, 0, 0, 1, 1, 0, 0, 0, 1, 0, 1, 0, 1)",6,11,9,14,7.85,9.816666666666666,8.085333333333333,9.132666666666667,0.0,1.4869883905596066,-0.3845246662079526,0.5718307398385261,1.0,2.0,1.0,10.0,5,3,8,1.9666666666666668,0.2353333333333331,1.2826666666666675,1.4869883905596066,-0.3845246662079526,0.5718307398385261,0.7954159851775084,1.0278659383466595,1.178728091724918
270,5,1.4285714285714284,1.6582280766035322,0.2733333333333334,"(0, 0, 0, 0, 0, 0, 0, 0, 0, 1, 1, 0, 1, 1, 1, 0, 0, 0, 0, 0, 0, 1, 0, 0, 0)",5,8,10,13,5.929333333333333,9.257333333333332,5.656,7.812,0.0,1.971706882107228,-0.3799184771062756,1.0634032407694374,3.0,6.0,1.0,49.0,3,5,8,3.3280000000000003,-0.2733333333333334,1.8826666666666672,1.971706882107228,-0.3799184771062756,1.0634032407694374,2.24904332819394,0.1767424779531169,1.3585256149571838
270,6,1.7142857142857142,1.6582280766035322,5.344727037482879,"(1, 1, 1, 1, 1, 0, 0, 1, 1, 0, 0, 0, 0, 0, 0, 0, 0, 0, 0, 0, 1, 1, 1, 1, 1)",6,11,11,16,7.614666666666666,10.448,1.324,5.706,0.0,2.289386532071651,-5.344727037482879,-0.4318762901731854,6.0,15.0,68.0,24.0,5,5,10,2.833333333333334,-6.290666666666667,-1.908666666666666,2.289386532071651,-5.344727037482879,-0.4318762901731854,0.901987858030804,-1.568583651884491,-2.4488552655593905
270,7,2.0,1.6582280766035322,6.015093374584467,"(1, 1, 1, 1, 1, 1, 1, 1, 1, 1, 0, 0, 0, 0, 0, 0, 0, 0, 0, 0, 0, 0, 0, 0, 0)",5,10,0,5,6.832666666666666,10.416666666666666,0.296,6.696666666666666,0.0,3.5604736270574766,-6.015093374584467,-0.1719029772745661,11.0,3.0,1.0,4.0,5,-5,0,3.584,-6.536666666666666,-0.1360000000000001,3.5604736270574766,-6.015093374584467,-0.1719029772745661,0.0390120921539373,-0.8648874769372378,0.0595353249503439
280,0,0.0,1.6582280766035322,1.4548924648991264,"(1, 1, 1, 0, 1, 1, 1, 0, 0, 1, 0, 0, 0, 0, 1, 0, 0, 1, 0, 1, 0, 0, 0, 0, 0)",6,11,5,10,8.571333333333333,8.996666666666666,5.562,9.074666666666667,0.0,1.2679917359095003,-1.4548924648991264,1.0226108300849912,10.0,9.0,1.0,3.0,5,-1,4,0.4253333333333327,-3.009333333333333,0.5033333333333339,1.2679917359095003,-1.4548924648991264,1.0226108300849912,-1.3973198221376837,-2.577617491457579,-0.8610805246619977
280,1,0.2857142857142857,1.6582280766035322,-0.2720000000000002,"(0, 1, 1, 1, 0, 1, 0, 0, 1, 1, 0, 0, 0, 0, 0, 0, 0, 0, 0, 0, 0, 1, 1, 1, 1)",5,10,8,13,6.531333333333333,8.684666666666667,6.803333333333334,7.266666666666667,0.0,1.2957025695451856,-1.1392763876522531,0.2471128329267401,2.0,11.0,1.0,6.0,5,3,8,2.1533333333333333,0.2720000000000002,0.7353333333333332,1.2957025695451856,-1.1392763876522531,0.2471128329267401,1.4221474118724384,2.3402181298525773,0.8095809413476388
280,2,0.5714285714285714,1.6582280766035322,3.5157751680148084,"(0, 1, 0, 0, 1, 0, 0, 1, 1, 1, 0, 0, 1, 1, 0, 0, 0, 1, 1, 0, 1, 1, 1, 0, 0)",7,10,10,13,9.629333333333332,4.962,9.639333333333331,7.168666666666667,0.0,-3.5157751680148084,-0.008180591844577,-1.106148675632996,11.0,41.0,1.0,4.0,3,3,6,-4.667333333333334,0.0099999999999997,-2.4606666666666666,-3.5157751680148084,-0.008180591844577,-1.106148675632996,-1.9095460815732304,0.0301475678459464,-2.246099762996644
280,3,0.8571428571428571,1.6582280766035322,-0.9526666666666656,"(0, 0, 1, 0, 0, 1, 0, 1, 1, 0, 1, 0, 0, 0, 1, 0, 1, 0, 1, 0, 0, 1, 1, 0, 0)",6,11,11,16,7.176,7.689333333333333,8.128666666666666,8.128666666666666,0.0,1.4400052617225076,-0.6302372176477835,0.4146675676893244,9.0,2.0,10.0,2.0,5,5,10,0.5133333333333328,0.9526666666666656,0.9526666666666656,1.4400052617225076,-0.6302372176477835,0.4146675676893244,-1.5366334094552676,2.624815663535009,0.8921252111116299
280,4,1.1428571428571428,1.6582280766035322,-0.9093333333333335,"(0, 0, 0, 0, 0, 0, 0, 1, 1, 1, 1, 1, 1, 1, 0, 0, 0, 0, 0, 0, 0, 1, 0, 0, 0)",6,9,9,12,7.1226666666666665,8.032,8.426,8.093333333333334,0.0,0.195302417911083,0.7570363912387326,1.373970934760874,22.0,8.0,4.0,15.0,3,3,6,0.9093333333333335,1.3033333333333337,0.9706666666666672,0.195302417911083,0.7570363912387326,1.373970934760874,1.184026111516098,0.9058849275439216,-0.6687704607678517
280,5,1.4285714285714284,1.6582280766035322,4.247901288591675,"(1, 0, 1, 1, 1, 0, 0, 1, 1, 0, 0, 0, 0, 0, 0, 0, 0, 0, 0, 0, 1, 0, 1, 1, 1)",5,10,10,15,7.065333333333333,9.017333333333331,2.615333333333333,7.228666666666666,0.0,1.566030595544377,-4.247901288591675,0.5080442331585088,7.0,3.0,1.0,13.0,5,5,10,1.952,-4.449999999999999,0.1633333333333331,1.566030595544377,-4.247901288591675,0.5080442331585088,0.6400253031782586,-0.3351257575026784,-0.5716092924013739
280,6,1.7142857142857142,1.6582280766035322,1.1394237857035074,"(0, 0, 1, 0, 1, 1, 1, 0, 1, 0, 1, 1, 0, 0, 0, 1, 1, 0, 0, 0, 0, 0, 1, 0, 0)",6,9,9,12,8.823333333333334,7.82,6.080666666666667,9.29,0.0,0.8658161530639247,-1.1394237857035074,1.5495588633167805,71.0,14.0,2.0,9.0,3,3,6,-1.003333333333334,-2.7426666666666675,0.466666666666665,0.8658161530639247,-1.1394237857035074,1.5495588633167805,-3.0994761577130063,-2.6585423588278467,-1.795682244420095
280,7,2.0,1.6582280766035322,5.936666666666667,"(1, 1, 1, 1, 1, 1, 1, 1, 1, 1, 0, 0, 0, 1, 1, 0, 0, 0, 0, 0, 0, 0, 0, 0, 0)",6,11,1,6,7.190666666666667,9.616,1.254,5.273333333333333,0.0,1.9547192567002445,-6.047594644885897,-0.4034653157940465,14.0,4.0,1.0,2.0,5,-5,0,2.4253333333333327,-5.936666666666667,-1.9173333333333336,1.9547192567002445,-6.047594644885897,-0.4034653157940465,0.7803854751178332,0.1839438879639912,-2.5103384509557745
290,0,0.0,1.6582280766035322,-1.1293333333333333,"(0, 1, 1, 1, 0, 1, 0, 0, 0, 0, 0, 0, 0, 0, 0, 0, 0, 0, 0, 0, 0, 1, 1, 1, 1)",5,8,8,11,6.101333333333334,7.230666666666667,8.939333333333334,8.632666666666667,0.0,0.9575714399693188,0.9479905666378328,2.1084922736706115,2.0,9.0,5.0,6.0,3,3,6,1.1293333333333333,2.838,2.531333333333333,0.9575714399693188,0.9479905666378328,2.1084922736706115,0.2848203940667905,3.134066707446679,0.7011669170735148
290,1,0.2857142857142857,1.6582280766035322,-0.8339999999999996,"(0, 0, 0, 0, 0, 0, 0, 1, 1, 0, 0, 0, 1, 1, 0, 0, 1, 0, 0, 1, 1, 0, 1, 0, 0)",6,11,11,16,7.192,10.881333333333334,8.026,8.118666666666666,0.0,2.368133940953911,0.2427277409019444,-0.0316537315067203,24.0,4.0,7.0,4.0,5,5,10,3.689333333333334,0.8339999999999996,0.926666666666666,2.368133940953911,0.2427277409019444,-0.0316537315067203,2.1908499272350856,0.9804642609531936,1.5891137906329853
290,2,0.5714285714285714,1.6582280766035322,-1.126666666666667,"(0, 0, 1, 0, 1, 1, 1, 0, 0, 1, 0, 0, 0, 0, 1, 0, 0, 1, 1, 1, 1, 0, 1, 0, 1)",6,9,9,12,8.206666666666667,9.333333333333334,9.454,10.974666666666666,0.0,0.27390242874209,0.8367418874541417,1.2586319596548945,14.0,12.0,10.0,2.0,3,3,6,1.126666666666667,1.2473333333333336,2.767999999999999,0.27390242874209,0.8367418874541417,1.2586319596548945,1.414077602049948,0.6808542635701157,2.502876462428305
290,3,0.8571428571428571,1.6582280766035322,-0.3953584229750947,"(0, 1, 1, 0, 0, 1, 1, 1, 1, 0, 1, 0, 1, 0, 1, 0, 0, 0, 1, 0, 0, 1, 1, 0, 0)",7,10,12,15,8.944,7.086666666666667,8.864,10.646,0.0,0.3953584229750947,0.5397716636908573,1.232026611403611,38.0,20.0,14.0,23.0,3,5,8,-1.857333333333334,-0.08,1.702,0.3953584229750947,0.5397716636908573,1.232026611403611,-3.735476718243959,-1.0277227738154615,0.7793230682270347
290,4,1.1428571428571428,1.6582280766035322,4.247901288591675,"(1, 0, 1, 1, 1, 0, 0, 1, 1, 0, 0, 0, 0, 0, 0, 0, 0, 0, 0, 0, 1, 0, 1, 1, 1)",5,10,10,15,7.065333333333333,9.017333333333331,2.615333333333333,7.228666666666666,0.0,1.566030595544377,-4.247901288591675,0.5080442331585088,7.0,3.0,1.0,13.0,5,5,10,1.952,-4.449999999999999,0.1633333333333331,1.566030595544377,-4.247901288591675,0.5080442331585088,0.6400253031782586,-0.3351257575026784,-0.5716092924013739
290,5,1.4285714285714284,1.6582280766035322,0.6813333333333338,"(0, 0, 1, 1, 1, 1, 1, 1, 1, 0, 1, 1, 0, 0, 0, 0, 0, 0, 1, 0, 0, 0, 0, 0, 0)",6,11,9,14,7.32,10.539333333333332,6.6386666666666665,8.096,0.0,0.7720709924666043,-1.4376837424152624,-0.0894337675981501,2.0,3.0,1.0,14.0,5,3,8,3.219333333333333,-0.6813333333333338,0.7759999999999998,0.7720709924666043,-1.4376837424152624,-0.0894337675981501,4.058119124439694,1.2542014840902214,1.4350865718720285
290,6,1.7142857142857142,1.6582280766035322,5.936666666666667,"(1, 1, 1, 1, 1, 1, 1, 1, 1, 1, 0, 0, 0, 1, 1, 0, 0, 0, 0, 0, 0, 0, 0, 0, 0)",6,11,1,6,7.190666666666667,9.616,1.254,5.273333333333333,0.0,1.9547192567002445,-6.047594644885897,-0.4034653157940465,14.0,4.0,1.0,2.0,5,-5,0,2.4253333333333327,-5.936666666666667,-1.9173333333333336,1.9547192567002445,-6.047594644885897,-0.4034653157940465,0.7803854751178332,0.1839438879639912,-2.5103384509557745
290,7,2.0,1.6582280766035322,2.0698371347293434,"(1, 0, 0, 0, 1, 0, 0, 1, 1, 1, 1, 1, 1, 1, 0, 0, 0, 0, 0, 0, 0, 1, 0, 0, 0)",6,7,9,10,7.578666666666667,8.180666666666667,7.991333333333333,5.334,0.0,1.3733444930430454,-0.7574785853924928,-2.0698371347293434,7.0,3.0,4.0,14.0,1,3,4,0.6020000000000003,0.4126666666666665,-2.2446666666666677,1.3733444930430454,-0.7574785853924928,-2.0698371347293434,-1.279065095097495,1.940367710668815,-0.2899072384779244
300,0,0.0,1.6582280766035322,-1.7566899748409697,"(0, 0, 1, 0, 0, 0, 0, 0, 1, 0, 0, 0, 1, 1, 0, 0, 0, 1, 0, 1, 1, 0, 1, 0, 0)",5,10,10,15,5.874,9.034666666666666,7.420666666666666,10.249333333333333,0.0,2.009330234689721,1.7566899748409697,1.9170222050921224,7.0,3.0,1.0,10.0,5,5,10,3.1606666666666667,1.5466666666666669,4.375333333333333,2.009330234689721,1.7566899748409697,1.9170222050921224,1.9091783971207048,-0.3482665463557851,4.0764405338764815
300,1,0.2857142857142857,1.6582280766035322,1.5164680008103373,"(0, 1, 0, 0, 1, 1, 0, 0, 0, 0, 0, 1, 0, 1, 1, 0, 0, 1, 1, 1, 1, 0, 1, 0, 1)",8,9,13,14,8.958,10.952,6.608666666666666,8.635333333333334,0.0,0.8124580585101043,-1.5164680008103373,-0.1297102851032102,17.0,32.0,10.0,13.0,1,5,6,1.994,-2.349333333333334,-0.3226666666666666,0.8124580585101043,-1.5164680008103373,-0.1297102851032102,1.9592660210631927,-1.38108067841937,-0.3199656894683475
300,2,0.5714285714285714,1.6582280766035322,-0.2704017250248163,"(0, 1, 1, 0, 0, 1, 1, 1, 1, 0, 1, 0, 0, 1, 1, 0, 0, 1, 0, 0, 0, 1, 1, 0, 0)",6,9,9,12,8.556666666666667,10.219333333333331,8.762,9.9,0.0,1.3048780982357278,0.2704017250248163,1.0005379719097576,36.0,1.0,2.0,2.0,3,3,6,1.6626666666666663,0.2053333333333338,1.3433333333333335,1.3048780982357278,0.2704017250248163,1.0005379719097576,0.5932950496599668,-0.1078982340022522,0.5684328928420294
300,3,0.8571428571428571,1.6582280766035322,1.9759814255935837,"(1, 0, 1, 1, 1, 1, 0, 1, 1, 1, 0, 0, 0, 0, 0, 1, 1, 0, 0, 0, 0, 0, 1, 1, 0)",6,9,7,10,7.913333333333333,9.860666666666669,5.529333333333334,7.388666666666666,0.0,0.8289666402505111,-1.9759814255935837,-0.312962912324306,7.0,3.0,1.0,6.0,3,1,4,1.9473333333333336,-2.3839999999999995,-0.5246666666666666,0.8289666402505111,-1.9759814255935837,-0.312962912324306,1.8545070504081815,-0.6765878558564667,-0.3510531093728793
300,4,1.1428571428571428,1.6582280766035322,1.713797141926157,"(0, 0, 1, 1, 1, 1, 1, 1, 1, 0, 1, 1, 0, 0, 0, 0, 0, 0, 1, 0, 0, 0, 0, 1, 1)",6,11,7,12,8.832666666666666,10.638,6.004,8.474666666666666,0.0,1.828362277263055,-1.713797141926157,0.4646723565771241,4.0,11.0,1.0,47.0,5,1,6,1.8053333333333332,-2.828666666666667,-0.3580000000000005,1.828362277263055,-1.713797141926157,0.4646723565771241,-0.0381872413987927,-1.8487079476743495,-1.3641783995217809
300,5,1.4285714285714284,1.6582280766035322,5.936666666666667,"(1, 1, 1, 1, 1, 1, 1, 1, 1, 1, 0, 0, 0, 1, 1, 0, 0, 0, 0, 0, 0, 0, 0, 0, 0)",6,11,1,6,7.190666666666667,9.616,1.254,5.273333333333333,0.0,1.9547192567002445,-6.047594644885897,-0.4034653157940465,14.0,4.0,1.0,2.0,5,-5,0,2.4253333333333327,-5.936666666666667,-1.9173333333333336,1.9547192567002445,-6.047594644885897,-0.4034653157940465,0.7803854751178332,0.1839438879639912,-2.5103384509557745
300,6,1.7142857142857142,1.6582280766035322,0.9076403501071464,"(1, 1, 0, 0, 1, 0, 1, 1, 1, 1, 1, 1, 1, 1, 0, 0, 0, 0, 0, 0, 1, 1, 0, 0, 1)",7,10,12,15,9.0,10.346,6.683333333333334,8.794666666666666,0.0,0.9727534392484452,-0.9076403501071464,-0.4745111764983039,39.0,19.0,21.0,4.0,3,5,8,1.346,-2.3166666666666664,-0.2053333333333338,0.9727534392484452,-0.9076403501071464,-0.4745111764983039,0.6189279265339342,-2.3364869987922523,0.4463582571357357
300,7,2.0,1.6582280766035322,2.0164790401755224,"(1, 1, 0, 1, 1, 1, 0, 0, 0, 0, 0, 0, 1, 0, 0, 0, 0, 0, 1, 0, 0, 1, 0, 1, 1)",6,11,9,14,8.577333333333334,9.985333333333331,5.576666666666667,7.218666666666667,0.0,1.2615062216543405,-2.0164790401755224,0.0827640057789242,3.0,2.0,6.0,15.0,5,3,8,1.4079999999999997,-3.0006666666666666,-1.3586666666666671,1.2615062216543405,-2.0164790401755224,0.0827640057789242,0.2429200963005063,-1.6320075548934057,-2.390220811526789
310,0,0.0,1.6582280766035322,0.4815125839328537,"(0, 1, 0, 0, 1, 1, 1, 1, 0, 0, 0, 1, 0, 1, 1, 1, 0, 1, 1, 0, 0, 0, 1, 0, 0)",9,10,10,11,10.25,9.572666666666668,11.322666666666668,10.528,0.0,-0.4815125839328537,0.2230501010595809,0.4180208733553442,32.0,6.0,11.0,4.0,1,1,2,-0.6773333333333333,1.0726666666666669,0.2780000000000004,-0.4815125839328537,0.2230501010595809,0.4180208733553442,-0.3247154646374197,1.4088580434371365,-0.2321865435083784
310,1,0.2857142857142857,1.6582280766035322,-0.3286666666666651,"(0, 1, 0, 0, 0, 1, 1, 1, 1, 0, 1, 0, 0, 1, 1, 1, 1, 0, 1, 0, 0, 1, 1, 1, 0)",7,10,10,13,9.766666666666667,10.095333333333333,9.407333333333334,10.374,0.0,0.2642478563849765,0.7845998268231649,0.2148695092150043,1.0,5.0,6.0,6.0,3,3,6,0.3286666666666651,-0.3593333333333337,0.6073333333333331,0.2642478563849765,0.7845998268231649,0.2148695092150043,0.1068210798704922,-1.8969020839293111,0.6507945322042031
310,2,0.5714285714285714,1.6582280766035322,-3.0926666666666662,"(0, 0, 1, 0, 1, 0, 0, 0, 1, 0, 0, 0, 1, 1, 0, 0, 0, 1, 0, 1, 1, 0, 1, 0, 1)",6,11,11,16,4.8933333333333335,8.008,7.986,10.764666666666669,0.0,2.240081883927306,2.342044485882015,3.729760288922292,1.0,40.0,37.0,2.0,5,5,10,3.1146666666666656,3.0926666666666662,5.871333333333333,2.240081883927306,2.342044485882015,3.729760288922292,1.4502610421086064,1.244702775098481,3.5512165503396926
310,3,0.8571428571428571,1.6582280766035322,0.1433333333333335,"(0, 0, 1, 1, 1, 1, 1, 1, 1, 0, 0, 1, 0, 1, 0, 1, 0, 0, 0, 0, 0, 0, 0, 1, 1)",7,8,10,11,7.581333333333333,9.52,7.438,6.591333333333333,0.0,0.7767140310810957,-0.5916557777321397,0.5248107614886112,6.0,4.0,3.0,3.0,1,3,4,1.9386666666666663,-0.1433333333333335,-0.9900000000000002,0.7767140310810957,-0.5916557777321397,0.5248107614886112,1.926782484011466,0.7434208646736264,-2.511901735441592
310,4,1.1428571428571428,1.6582280766035322,2.138672024664796,"(1, 0, 1, 1, 1, 1, 1, 1, 1, 1, 0, 1, 0, 0, 0, 1, 1, 0, 0, 0, 0, 0, 1, 1, 0)",7,10,8,11,9.159333333333333,9.448,6.8133333333333335,8.314666666666668,0.0,-0.0784894622925676,-2.138672024664796,-1.061376517564702,7.0,2.0,1.0,2.0,3,1,4,0.2886666666666677,-2.345999999999999,-0.8446666666666651,-0.0784894622925676,-2.138672024664796,-1.061376517564702,0.6088286015372714,-0.3437970697661991,0.3593543592356901
310,5,1.4285714285714284,1.6582280766035322,0.9431632804592752,"(1, 1, 0, 0, 1, 0, 1, 1, 1, 1, 0, 0, 1, 1, 0, 0, 0, 0, 0, 0, 1, 1, 0, 0, 1)",6,11,11,16,7.633333333333334,10.106666666666667,5.4,7.482,0.0,1.502391486915614,-0.9431632804592752,-0.1469558570998863,28.0,23.0,36.0,2.0,5,5,10,2.4733333333333336,-2.2333333333333334,-0.1513333333333335,1.502391486915614,-0.9431632804592752,-0.1469558570998863,1.610043030479137,-2.139396205268828,-0.0072588539949669
310,6,1.7142857142857142,1.6582280766035322,-1.0605289787699923,"(0, 0, 0, 1, 1, 1, 0, 0, 0, 0, 0, 0, 1, 0, 0, 0, 0, 0, 1, 0, 0, 1, 0, 1, 1)",7,8,12,13,8.238,9.079333333333333,10.037333333333333,10.486666666666666,0.0,1.0605289787699923,1.10165303506976,1.391474453347244,39.0,2.0,1.0,3.0,1,5,6,0.841333333333333,1.7993333333333332,2.248666666666667,1.0605289787699923,1.10165303506976,1.391474453347244,-0.3634763735323016,1.1569130590737835,1.421420195172191
310,7,2.0,1.6582280766035322,5.936666666666667,"(1, 1, 1, 1, 1, 1, 1, 1, 1, 1, 0, 0, 0, 1, 1, 0, 0, 0, 0, 0, 0, 0, 0, 0, 0)",6,11,1,6,7.190666666666667,9.616,1.254,5.273333333333333,0.0,1.9547192567002445,-6.047594644885897,-0.4034653157940465,14.0,4.0,1.0,2.0,5,-5,0,2.4253333333333327,-5.936666666666667,-1.9173333333333336,1.9547192567002445,-6.047594644885897,-0.4034653157940465,0.7803854751178332,0.1839438879639912,-2.5103384509557745
320,0,0.0,1.6582280766035322,1.0340000000000007,"(0, 1, 1, 1, 1, 1, 1, 0, 1, 0, 1, 1, 0, 1, 1, 1, 1, 1, 1, 0, 0, 1, 1, 1, 0)",10,13,13,16,10.625333333333334,11.155333333333331,10.176666666666666,9.591333333333331,0.0,-0.109295655004579,0.0990514904424515,-1.2940811909813963,96.0,48.0,20.0,13.0,3,3,6,0.5299999999999994,-0.4486666666666679,-1.0340000000000007,-0.109295655004579,0.0990514904424515,-1.2940811909813963,1.0600980043792374,-0.9082416261838864,0.4312739330818355
320,1,0.2857142857142857,1.6582280766035322,1.147714926086525,"(1, 1, 1, 0, 1, 0, 0, 1, 1, 0, 0, 0, 0, 1, 0, 0, 1, 1, 0, 1, 1, 1, 1, 0, 1)",8,11,11,14,10.444666666666668,8.544,11.036666666666669,9.978666666666667,0.0,-1.147714926086525,-0.2982599567117565,-0.5911398845527523,14.0,4.0,23.0,1.0,3,3,6,-1.900666666666666,0.5920000000000005,-0.4659999999999993,-1.147714926086525,-0.2982599567117565,-0.5911398845527523,-1.2485657165574893,1.4762540556952808,0.2075104700682997
320,2,0.5714285714285714,1.6582280766035322,0.5032537964927658,"(0, 0, 0, 1, 1, 0, 1, 1, 0, 1, 0, 1, 0, 1, 1, 1, 0, 1, 1, 0, 1, 0, 1, 1, 0)",8,13,13,18,7.832,6.433333333333334,9.680666666666667,8.86,0.0,-0.5032537964927658,0.6823424287659463,0.2325204258526285,16.0,6.0,9.0,1.0,5,5,10,-1.3986666666666665,1.8486666666666676,1.0279999999999996,-0.5032537964927658,0.6823424287659463,0.2325204258526285,-1.4847987614745153,1.9340315977101927,1.3190865642157918
320,3,0.8571428571428571,1.6582280766035322,0.2450124106963758,"(1, 0, 0, 0, 1, 1, 1, 0, 0, 1, 0, 1, 0, 1, 0, 1, 1, 0, 1, 0, 0, 0, 1, 1, 0)",6,9,7,10,8.764666666666667,10.364666666666666,8.072666666666667,9.569333333333333,0.0,0.1938652869113611,-0.2450124106963758,0.9884144821941448,2.0,1.0,3.0,13.0,3,1,4,1.5999999999999996,-0.6920000000000002,0.804666666666666,0.1938652869113611,-0.2450124106963758,0.9884144821941448,2.331692060730433,-0.7412073704765986,-0.3046957867222319
320,4,1.1428571428571428,1.6582280766035322,-0.0266666666666663,"(1, 0, 0, 0, 1, 0, 0, 0, 0, 1, 0, 0, 0, 1, 0, 0, 0, 0, 0, 0, 1, 0, 0, 0, 1)",4,9,9,14,5.352666666666667,7.746,5.379333333333333,6.708,0.0,2.4535142621425865,-0.4284492854815394,1.818928801982822,4.0,4.0,4.0,13.0,5,5,10,2.393333333333333,0.0266666666666663,1.3553333333333333,2.4535142621425865,-0.4284492854815394,1.818928801982822,-0.0997937058275816,0.7546860499623046,-0.7687470223007549
320,5,1.4285714285714284,1.6582280766035322,1.8026666666666664,"(1, 1, 0, 1, 1, 1, 0, 0, 0, 0, 0, 0, 1, 0, 0, 1, 1, 0, 1, 0, 0, 1, 0, 1, 1)",7,10,10,13,8.02,11.148,6.217333333333333,8.537333333333333,0.0,1.351050537790932,-1.8915960412508697,-0.102367946595658,4.0,4.0,13.0,17.0,3,3,6,3.128,-1.8026666666666664,0.5173333333333332,1.351050537790932,-1.8915960412508697,-0.102367946595658,2.946587488940624,0.1474651857703191,1.0276060614853983
320,6,1.7142857142857142,1.6582280766035322,1.995806463487199,"(0, 0, 1, 1, 1, 1, 1, 1, 1, 0, 1, 1, 0, 1, 1, 1, 0, 0, 0, 0, 0, 0, 0, 1, 1)",8,13,7,12,10.253333333333334,10.677333333333332,8.264,7.694,0.0,0.1904382822197125,-1.2414232371710303,-1.995806463487199,31.0,59.0,9.0,16.0,5,-1,4,0.4239999999999995,-1.9893333333333345,-2.559333333333334,0.1904382822197125,-1.2414232371710303,-1.995806463487199,0.3872985980430222,-1.24020552023158,-0.9344560774993652
320,7,2.0,1.6582280766035322,5.936666666666667,"(1, 1, 1, 1, 1, 1, 1, 1, 1, 1, 0, 0, 0, 1, 1, 0, 0, 0, 0, 0, 0, 0, 0, 0, 0)",6,11,1,6,7.190666666666667,9.616,1.254,5.273333333333333,0.0,1.9547192567002445,-6.047594644885897,-0.4034653157940465,14.0,4.0,1.0,2.0,5,-5,0,2.4253333333333327,-5.936666666666667,-1.9173333333333336,1.9547192567002445,-6.047594644885897,-0.4034653157940465,0.7803854751178332,0.1839438879639912,-2.5103384509557745
330,0,0.0,1.6582280766035322,-0.4045708011784482,"(1, 1, 0, 0, 1, 1, 1, 0, 1, 0, 0, 0, 0, 1, 0, 0, 1, 1, 0, 1, 1, 1, 1, 0, 1)",8,9,13,14,11.059333333333331,10.614,11.498,11.644666666666666,0.0,0.4045708011784482,0.0975406604171017,0.4523277697846299,101.0,28.0,22.0,11.0,1,5,6,-0.4453333333333322,0.4386666666666663,0.5853333333333328,0.4045708011784482,0.0975406604171017,0.4523277697846299,-1.4093348982688594,0.56566472122266,0.2205535598209345
330,1,0.2857142857142857,1.6582280766035322,-0.1604796283024094,"(0, 1, 1, 1, 1, 0, 1, 0, 1, 0, 0, 1, 0, 1, 0, 1, 1, 1, 0, 0, 0, 1, 1, 1, 0)",8,11,13,16,11.047333333333333,10.871333333333334,11.289333333333332,11.52,0.0,0.1604796283024094,-0.0542424828613427,0.3737277589536221,8.0,3.0,104.0,2.0,3,5,8,-0.1759999999999983,0.2420000000000008,0.472666666666667,0.1604796283024094,-0.0542424828613427,0.3737277589536221,-0.5579599668561732,0.4912376025634206,0.1640632746382567
330,2,0.5714285714285714,1.6582280766035322,1.39228514262914,"(1, 0, 0, 0, 1, 1, 1, 1, 0, 1, 0, 0, 0, 1, 0, 0, 1, 0, 1, 0, 1, 0, 1, 1, 0)",7,10,8,11,9.671333333333331,10.458,7.788,8.554,0.0,0.9627672212760108,-1.39228514262914,-0.5124661746961179,4.0,5.0,4.0,6.0,3,1,4,0.7866666666666671,-1.8833333333333329,-1.1173333333333328,0.9627672212760108,-1.39228514262914,-0.5124661746961179,-0.2920148839586673,-0.8142698967910581,-1.0030077050676325
330,3,0.8571428571428571,1.6582280766035322,2.342155034420457,"(1, 0, 0, 0, 1, 0, 1, 0, 0, 1, 1, 0, 0, 1, 0, 0, 0, 0, 0, 0, 1, 0, 0, 0, 1)",6,9,11,14,8.520666666666667,9.426666666666666,6.9366666666666665,4.899333333333334,0.0,0.9254386647960252,-1.3562831686104355,-2.342155034420457,12.0,1.0,10.0,3.0,3,5,8,0.9059999999999988,-1.5840000000000003,-3.621333333333333,0.9254386647960252,-1.3562831686104355,-2.342155034420457,-0.0322337397364558,-0.3776064433253692,-2.1211693702392767
330,4,1.1428571428571428,1.6582280766035322,-0.6273333333333326,"(1, 0, 0, 1, 1, 1, 0, 1, 1, 0, 0, 0, 1, 0, 0, 1, 1, 0, 1, 0, 0, 0, 0, 1, 1)",6,9,7,10,8.630666666666666,10.993333333333334,9.258,10.004,0.0,1.777288852503666,0.2919955395334759,1.1230257525015397,6.0,1.0,2.0,1.0,3,1,4,2.362666666666668,0.6273333333333326,1.373333333333333,1.777288852503666,0.2919955395334759,1.1230257525015397,0.9706899268658944,0.5560665448252083,0.4150670583219882
330,5,1.4285714285714284,1.6582280766035322,1.2247304078665544,"(1, 0, 0, 1, 1, 1, 1, 1, 1, 0, 0, 1, 0, 1, 1, 1, 0, 1, 1, 0, 1, 0, 1, 1, 0)",8,13,11,16,11.213333333333331,8.148666666666667,11.868666666666666,9.107333333333331,0.0,-1.2247304078665544,0.3194852760922808,-0.2100790725492616,2.0,2.0,35.0,8.0,5,3,8,-3.0646666666666658,0.6553333333333331,-2.106,-1.2247304078665544,0.3194852760922808,-0.2100790725492616,-3.0510339635032078,0.5569126779898631,-3.1438693129190227
330,6,1.7142857142857142,1.6582280766035322,3.88979772307094,"(1, 0, 1, 1, 1, 1, 0, 1, 1, 1, 0, 0, 0, 1, 1, 0, 0, 0, 0, 0, 0, 0, 0, 0, 0)",5,10,2,7,7.270666666666667,8.96,2.4873333333333334,6.531333333333333,0.0,2.189782298936997,-3.88979772307094,0.1521516384065767,6.0,1.0,1.0,12.0,5,-3,2,1.6893333333333338,-4.783333333333333,-0.7393333333333336,2.189782298936997,-3.88979772307094,0.1521516384065767,-0.8298585256711906,-1.481685836382172,-1.4782854100092258
330,7,2.0,1.6582280766035322,2.321408758706505,"(0, 0, 1, 1, 1, 1, 0, 1, 1, 0, 1, 0, 0, 1, 1, 1, 0, 0, 0, 0, 1, 1, 0, 1, 1)",8,11,7,10,10.276,10.858666666666666,9.517333333333331,7.310666666666667,0.0,-0.4805176470868905,-1.3410643198184984,-2.321408758706505,10.0,27.0,2.0,2.0,3,-1,2,0.5826666666666664,-0.7586666666666666,-2.9653333333333327,-0.4805176470868905,-1.3410643198184984,-2.321408758706505,1.7630020796706072,0.965748140204373,-1.067773808861192
340,0,0.0,1.6582280766035322,-1.0006666666666657,"(1, 1, 0, 0, 1, 1, 1, 0, 1, 0, 0, 0, 0, 1, 0, 0, 1, 0, 0, 1, 1, 1, 0, 0, 1)",7,12,8,13,8.65,11.244666666666667,9.650666666666666,10.892666666666669,0.0,1.0370926886206624,-0.0884388307521892,0.7788513028242727,21.0,10.0,6.0,10.0,5,1,6,2.594666666666667,1.0006666666666657,2.2426666666666666,1.0370926886206624,-0.0884388307521892,0.7788513028242727,2.582812901782938,1.8059853142032007,2.4273397352870725
340,1,0.2857142857142857,1.6582280766035322,1.1672820173904457,"(1, 0, 0, 0, 1, 1, 1, 1, 0, 1, 0, 0, 0, 1, 0, 0, 1, 0, 0, 0, 1, 0, 0, 1, 0)",7,10,12,15,8.816,7.518666666666666,10.346666666666666,9.162,0.0,-1.1672820173904457,1.7703242945819315,0.5213469072841503,4.0,11.0,4.0,13.0,3,5,8,-1.2973333333333343,1.530666666666665,0.3460000000000001,-1.1672820173904457,1.7703242945819315,0.5213469072841503,-0.2156547434957345,-0.3974070073812973,-0.2907651648041743
340,2,0.5714285714285714,1.6582280766035322,1.1743939733634343,"(1, 0, 0, 0, 1, 0, 1, 0, 0, 1, 0, 0, 0, 1, 0, 1, 0, 0, 0, 0, 1, 0, 0, 0, 1)",6,9,9,12,7.895333333333333,8.9,6.074666666666666,9.809333333333331,0.0,1.393058982398222,-1.1743939733634343,2.1487319416628567,28.0,4.0,20.0,30.0,3,3,6,1.004666666666667,-1.8206666666666669,1.914,1.393058982398222,-1.1743939733634343,2.1487319416628567,-0.6440430426831282,-1.0716675251776038,-0.389239096141012
340,3,0.8571428571428571,1.6582280766035322,-0.270666666666667,"(0, 0, 0, 0, 0, 1, 0, 1, 0, 0, 1, 1, 1, 1, 0, 1, 1, 0, 1, 0, 1, 0, 0, 0, 0)",5,10,10,15,6.396,10.920666666666667,6.666666666666667,10.311333333333334,0.0,2.8516732480915,-0.6616698520776227,2.2632970769997542,1.0,19.0,2.0,11.0,5,5,10,4.524666666666668,0.270666666666667,3.9153333333333338,2.8516732480915,-0.6616698520776227,2.2632970769997542,2.774204658654268,1.5460265922245768,2.739452903819332
340,4,1.1428571428571428,1.6582280766035322,0.8213019415853229,"(1, 0, 0, 1, 1, 1, 1, 1, 0, 1, 0, 1, 0, 1, 1, 0, 0, 0, 1, 1, 1, 0, 1, 0, 0)",8,13,11,16,10.874666666666666,11.44,9.759333333333334,10.99,0.0,0.608311757523802,-0.8213019415853229,0.2915533453797137,23.0,78.0,6.0,48.0,5,3,8,0.5653333333333332,-1.1153333333333322,0.1153333333333339,0.608311757523802,-0.8213019415853229,0.2915533453797137,-0.0712680296808116,-0.4875711091993611,-0.2922129716347196
340,5,1.4285714285714284,1.6582280766035322,4.081967932392882,"(1, 0, 1, 1, 1, 1, 0, 1, 1, 1, 0, 0, 0, 1, 1, 0, 0, 0, 0, 0, 0, 1, 1, 0, 0)",6,11,3,8,8.148,7.816666666666666,4.045333333333334,6.884,0.0,-0.0064855142551598,-4.081967932392882,-0.6754515698698389,6.0,18.0,1.0,6.0,5,-3,2,-0.3313333333333332,-4.102666666666666,-1.2639999999999991,-0.0064855142551598,-4.081967932392882,-0.6754515698698389,-0.5386717742188517,-0.0343232223229449,-0.9759475312827643
340,6,1.7142857142857142,1.6582280766035322,1.6933333333333325,"(0, 0, 1, 1, 1, 1, 0, 1, 1, 0, 1, 0, 0, 1, 1, 1, 0, 0, 0, 0, 0, 0, 0, 1, 1)",7,12,6,11,8.844,9.66,7.150666666666667,6.525333333333333,0.0,-0.5510476146117613,-1.852277611078959,-1.461562226718354,11.0,28.0,10.0,41.0,5,-1,4,0.8160000000000007,-1.6933333333333325,-2.318666666666666,-0.5510476146117613,-1.852277611078959,-1.461562226718354,2.266876736603109,0.2635658639732678,-1.421274646903837
340,7,2.0,1.6582280766035322,1.246666666666666,"(0, 1, 0, 1, 1, 0, 1, 1, 1, 0, 1, 1, 1, 1, 0, 1, 0, 1, 1, 0, 0, 1, 1, 1, 0)",8,13,13,18,10.202,8.955333333333334,8.886,8.540666666666667,0.0,-1.2606955323724454,-0.2713229628451515,-0.3666526524934486,26.0,68.0,1.0,7.0,5,5,10,-1.246666666666666,-1.3160000000000007,-1.661333333333333,-1.2606955323724454,-0.2713229628451515,-0.3666526524934486,0.0232630589962235,-1.7323127939931624,-2.1468758552048737
350,0,0.0,1.6582280766035322,-0.9213333333333332,"(1, 1, 0, 0, 1, 0, 1, 1, 1, 0, 0, 0, 0, 1, 0, 0, 1, 0, 0, 1, 0, 1, 0, 0, 0)",6,9,11,14,8.237333333333334,9.158666666666669,9.531333333333333,10.563333333333333,0.0,0.8815508950352516,0.3951373258982161,0.900049350467585,5.0,1.0,2.0,8.0,3,5,8,0.9213333333333332,1.2939999999999987,2.3259999999999987,0.8815508950352516,0.3951373258982161,0.900049350467585,0.0659683561416263,1.4905193232065066,2.364551402905692
350,1,0.2857142857142857,1.6582280766035322,-0.3476383038817279,"(0, 0, 0, 0, 1, 0, 1, 0, 0, 1, 0, 0, 1, 0, 1, 1, 0, 1, 1, 1, 0, 0, 0, 0, 1)",6,11,11,16,7.378,8.68,7.684,9.513333333333334,0.0,1.1303588055514084,0.3476383038817279,1.2018468604094268,31.0,41.0,3.0,6.0,5,5,10,1.3019999999999996,0.306,2.135333333333333,1.1303588055514084,0.3476383038817279,1.2018468604094268,0.2846202477364202,-0.0690458045588309,1.5479334785320251
350,2,0.5714285714285714,1.6582280766035322,-1.0006666666666677,"(0, 0, 1, 1, 0, 0, 1, 1, 1, 0, 0, 1, 1, 1, 0, 0, 0, 0, 1, 0, 1, 0, 0, 0, 0)",7,10,10,13,8.097333333333333,9.63,9.098,9.914,0.0,0.7313154312949709,0.772623735158806,1.055038401360795,33.0,10.0,18.0,6.0,3,3,6,1.5326666666666675,1.0006666666666677,1.8166666666666664,0.7313154312949709,0.772623735158806,1.055038401360795,1.3288231177142729,0.3781471916973122,1.26295337346504
350,3,0.8571428571428571,1.6582280766035322,0.2105212667030211,"(1, 0, 0, 1, 1, 1, 1, 1, 0, 0, 0, 0, 1, 1, 0, 0, 0, 0, 1, 1, 1, 0, 1, 0, 0)",7,10,10,13,9.120666666666668,9.902,11.752666666666666,8.5,0.0,0.2649848466412446,1.1971669722821223,-0.2105212667030211,1.0,4.0,10.0,6.0,3,3,6,0.7813333333333325,2.632,-0.6206666666666667,0.2649848466412446,1.1971669722821223,-0.2105212667030211,0.8562235579445654,2.379280411799838,-0.6801146177095024
350,4,1.1428571428571428,1.6582280766035322,2.227074005904171,"(1, 0, 0, 0, 1, 0, 0, 0, 0, 0, 0, 0, 0, 0, 1, 0, 1, 1, 1, 1, 0, 1, 1, 1, 0)",5,10,10,15,8.018,10.606,4.771333333333334,6.268666666666666,0.0,2.1496163299703794,-2.227074005904171,-0.7093531216581769,35.0,2.0,4.0,40.0,5,5,10,2.587999999999999,-3.246666666666667,-1.7493333333333343,2.1496163299703794,-2.227074005904171,-0.7093531216581769,0.7269401099676139,-1.6907171767752716,-1.7245243861118305
350,5,1.4285714285714284,1.6582280766035322,1.6933333333333325,"(0, 0, 1, 1, 1, 1, 0, 1, 1, 0, 1, 0, 0, 1, 1, 1, 0, 0, 0, 0, 0, 0, 0, 1, 1)",7,12,6,11,8.844,9.66,7.150666666666667,6.525333333333333,0.0,-0.5510476146117613,-1.852277611078959,-1.461562226718354,11.0,28.0,10.0,41.0,5,-1,4,0.8160000000000007,-1.6933333333333325,-2.318666666666666,-0.5510476146117613,-1.852277611078959,-1.461562226718354,2.266876736603109,0.2635658639732678,-1.421274646903837
350,6,1.7142857142857142,1.6582280766035322,0.3128892132986796,"(0, 0, 0, 1, 1, 0, 0, 1, 1, 0, 1, 1, 0, 0, 0, 1, 0, 1, 1, 0, 0, 1, 1, 1, 0)",7,12,12,17,8.488666666666667,8.101333333333333,10.498666666666669,11.004,0.0,-0.3128892132986796,0.8271610141226557,0.1595583904820736,9.0,8.0,1.0,30.0,5,5,10,-0.3873333333333342,2.01,2.5153333333333325,-0.3128892132986796,0.8271610141226557,0.1595583904820736,-0.1234453299795078,1.9614168164830608,3.9064121523950393
350,7,2.0,1.6582280766035322,3.83072795403104,"(1, 0, 1, 1, 1, 1, 0, 1, 1, 1, 0, 0, 0, 1, 1, 0, 0, 0, 0, 0, 0, 0, 0, 0, 0)",5,10,2,7,6.826666666666667,8.938,2.424,7.17,0.0,1.3522665717137732,-3.83072795403104,0.2605629051036354,6.0,1.0,1.0,12.0,5,-3,2,2.111333333333333,-4.402666666666667,0.3433333333333328,1.3522665717137732,-3.83072795403104,0.2605629051036354,1.2587058161340754,-0.9484048313888764,0.1372522480029818
360,0,0.0,1.6582280766035322,-3.714,"(0, 1, 0, 0, 1, 0, 0, 1, 0, 0, 0, 0, 1, 0, 0, 0, 1, 0, 0, 1, 1, 1, 0, 1, 1)",7,10,12,15,3.4446666666666665,7.158666666666667,7.989333333333334,10.213333333333331,0.0,2.4835466150855168,2.8453351318875946,4.84563723593803,16.0,1.0,1.0,14.0,3,5,8,3.714,4.544666666666667,6.768666666666666,2.4835466150855168,2.8453351318875946,4.84563723593803,2.04037234981705,2.8178792624284297,3.1888213941691324
360,1,0.2857142857142857,1.6582280766035322,0.7181970047333964,"(0, 0, 0, 1, 0, 1, 1, 0, 1, 1, 0, 1, 0, 1, 0, 0, 0, 1, 1, 0, 1, 0, 0, 0, 0)",7,12,12,17,9.733333333333333,8.106666666666667,9.02,9.762,0.0,-0.7181970047333964,0.3940686900266256,0.6091224468056975,16.0,4.0,58.0,6.0,5,5,10,-1.6266666666666652,-0.7133333333333329,0.0286666666666679,-0.7181970047333964,0.3940686900266256,0.6091224468056975,-1.5064499001602654,-1.836325127223044,-0.9625280718533458
360,2,0.5714285714285714,1.6582280766035322,-0.0579999999999998,"(1, 0, 0, 1, 1, 1, 1, 1, 1, 1, 0, 0, 1, 1, 0, 0, 0, 1, 0, 1, 1, 0, 1, 0, 0)",8,13,11,16,9.93,10.7,10.778666666666666,9.988,0.0,0.5387767268448942,-0.2204337856498288,-0.5146771454649223,10.0,18.0,15.0,5.0,5,3,8,0.7699999999999996,0.8486666666666665,0.0579999999999998,0.5387767268448942,-0.2204337856498288,-0.5146771454649223,0.3834209235099635,1.7728123867407484,0.9496293214390992
360,3,0.8571428571428571,1.6582280766035322,0.779809390157422,"(0, 1, 0, 0, 1, 0, 0, 0, 0, 1, 0, 0, 1, 0, 1, 1, 0, 1, 1, 1, 0, 0, 0, 0, 1)",7,10,12,15,8.992,9.934,7.752,9.061333333333334,0.0,0.910256665516899,-0.779809390157422,-0.1485403861508633,6.0,6.0,1.0,1.0,3,5,8,0.9419999999999984,-1.240000000000001,0.0693333333333328,0.910256665516899,-0.779809390157422,-0.1485403861508633,0.0526376884848925,-0.7631009898302664,0.3612843188027361
360,4,1.1428571428571428,1.6582280766035322,1.6933333333333325,"(0, 0, 1, 1, 1, 1, 0, 1, 1, 0, 1, 0, 0, 1, 1, 1, 0, 0, 0, 0, 0, 0, 0, 1, 1)",7,12,6,11,8.844,9.66,7.150666666666667,6.525333333333333,0.0,-0.5510476146117613,-1.852277611078959,-1.461562226718354,11.0,28.0,10.0,41.0,5,-1,4,0.8160000000000007,-1.6933333333333325,-2.318666666666666,-0.5510476146117613,-1.852277611078959,-1.461562226718354,2.266876736603109,0.2635658639732678,-1.421274646903837
360,5,1.4285714285714284,1.6582280766035322,0.5310383291540789,"(0, 0, 0, 1, 1, 1, 0, 1, 1, 0, 0, 1, 0, 0, 0, 1, 0, 1, 1, 0, 0, 1, 1, 1, 0)",8,11,11,14,9.284666666666666,9.891333333333334,8.584666666666667,9.224666666666666,0.0,0.2265508047768557,-0.5310383291540789,0.1958183110904705,14.0,12.0,5.0,2.0,3,3,6,0.6066666666666674,-0.6999999999999993,-0.0600000000000005,0.2265508047768557,-0.5310383291540789,0.1958183110904705,0.6303187945480362,-0.2801769864665497,-0.4242051059595157
360,6,1.7142857142857142,1.6582280766035322,4.096302392877301,"(1, 0, 1, 1, 1, 1, 0, 1, 1, 1, 0, 0, 0, 0, 0, 0, 0, 0, 0, 0, 0, 0, 0, 0, 0)",4,9,1,6,6.421333333333333,9.876666666666669,1.3093333333333332,7.323333333333333,0.0,3.1570451607762444,-4.096302392877301,1.277314662651294,5.0,2.0,1.0,10.0,5,-3,2,3.455333333333334,-5.112,0.902,3.1570451607762444,-4.096302392877301,1.277314662651294,0.4946298226529249,-1.6842582894698834,-0.6223573111693584
360,7,2.0,1.6582280766035322,3.109767235836638,"(1, 0, 0, 0, 1, 0, 0, 0, 0, 0, 1, 1, 1, 0, 1, 1, 1, 1, 1, 1, 0, 1, 1, 1, 0)",7,12,12,17,8.390666666666666,8.822666666666667,4.702,8.115333333333334,0.0,1.091703666610139,-3.109767235836638,-0.1654543125322194,11.0,14.0,33.0,24.0,5,5,10,0.4320000000000004,-3.6886666666666654,-0.2753333333333323,1.091703666610139,-3.109767235836638,-0.1654543125322194,-1.093939142211228,-0.9599472897321576,-0.1822044773221089
370,0,0.0,1.6582280766035322,-0.8733333333333331,"(0, 0, 1, 0, 0, 0, 1, 1, 0, 1, 1, 1, 0, 1, 0, 0, 0, 1, 1, 0, 1, 0, 0, 0, 0)",7,12,10,15,7.722666666666667,10.374,8.596,8.867333333333333,0.0,1.4904890942768816,0.3043401263259682,0.6741986864341826,2.0,51.0,2.0,1.0,5,3,8,2.651333333333333,0.8733333333333331,1.1446666666666658,1.4904890942768816,0.3043401263259682,0.6741986864341826,1.9249445097668716,0.943520511256298,0.7801432139644593
370,1,0.2857142857142857,1.6582280766035322,-1.543333333333333,"(0, 1, 0, 0, 0, 1, 0, 0, 0, 0, 0, 0, 1, 1, 0, 0, 0, 1, 0, 1, 1, 0, 1, 0, 0)",6,9,9,12,6.645333333333333,8.188666666666666,8.97,10.104666666666668,0.0,0.8577461097577878,1.0211736990852691,1.4907470408665755,12.0,6.0,16.0,44.0,3,3,6,1.543333333333333,2.3246666666666678,3.4593333333333334,0.8577461097577878,1.0211736990852691,1.4907470408665755,1.136859983093632,2.161488636498732,3.2643650613852304
370,2,0.5714285714285714,1.6582280766035322,-1.705333333333333,"(0, 0, 0, 0, 1, 0, 1, 0, 0, 1, 0, 0, 1, 0, 1, 1, 0, 0, 0, 1, 0, 0, 0, 0, 1)",5,10,10,15,5.886,7.618666666666667,7.591333333333333,9.395333333333332,0.0,1.0384561205947578,1.4212120101876675,2.2153927103423188,3.0,13.0,5.0,1.0,5,5,10,1.7326666666666668,1.705333333333333,3.509333333333333,1.0384561205947578,1.4212120101876675,2.2153927103423188,1.1511594185707097,0.4711379552018874,2.1456486705015663
370,3,0.8571428571428571,1.6582280766035322,1.5522120282393466,"(0, 0, 1, 1, 1, 0, 1, 1, 1, 0, 0, 0, 0, 1, 1, 0, 0, 0, 0, 0, 0, 0, 0, 1, 1)",6,11,9,14,7.371333333333333,5.623333333333333,9.903333333333334,7.002,0.0,-1.5522120282393466,1.0314178636473963,0.2110371598824091,9.0,2.0,24.0,2.0,5,3,8,-1.7480000000000002,2.532000000000001,-0.3693333333333335,-1.5522120282393466,1.0314178636473963,0.2110371598824091,-0.3246611118347754,2.4883074297495984,-0.9623866466825842
370,4,1.1428571428571428,1.6582280766035322,0.5738206135304492,"(0, 0, 0, 1, 1, 0, 0, 1, 1, 0, 1, 1, 0, 0, 0, 1, 0, 1, 1, 0, 0, 1, 1, 1, 0)",7,12,12,17,8.878,8.044,9.938666666666666,9.709333333333332,0.0,-0.5738206135304492,1.4056983652932211,0.1057949512873052,9.0,8.0,1.0,30.0,5,5,10,-0.8339999999999996,1.0606666666666662,0.8313333333333333,-0.5738206135304492,1.4056983652932211,0.1057949512873052,-0.4314367635972896,-0.5721412499807618,1.203108115762224
370,5,1.4285714285714284,1.6582280766035322,4.0729766512664085,"(1, 0, 1, 1, 1, 1, 0, 1, 1, 1, 1, 0, 0, 0, 1, 0, 0, 0, 0, 0, 0, 0, 0, 0, 0)",5,10,2,7,6.809333333333333,8.87,2.47,7.410666666666667,0.0,1.4811661675350885,-4.0729766512664085,-0.0488256044777697,2.0,1.0,84.0,48.0,5,-3,2,2.060666666666666,-4.339333333333332,0.6013333333333337,1.4811661675350885,-4.0729766512664085,-0.0488256044777697,0.960943998065743,-0.4416801285943337,1.0781118049331015
370,6,1.7142857142857142,1.6582280766035322,1.5066666666666677,"(1, 0, 0, 0, 1, 0, 0, 0, 1, 0, 1, 1, 1, 1, 1, 0, 1, 1, 1, 1, 1, 1, 1, 1, 0)",8,11,13,16,10.942,11.304,9.48,9.435333333333332,0.0,-0.4627193323980124,-0.7574048863668651,-1.5203740491685585,2.0,1.0,18.0,10.0,3,5,8,0.3620000000000001,-1.4619999999999995,-1.5066666666666677,-0.4627193323980124,-0.7574048863668651,-1.5203740491685585,1.367572752300105,-1.16837940006412,0.0227299665213791
370,7,2.0,1.6582280766035322,-0.9973333333333336,"(1, 1, 0, 0, 0, 0, 0, 0, 0, 0, 0, 0, 0, 0, 0, 0, 1, 0, 0, 1, 1, 1, 0, 1, 1)",5,8,10,13,5.87,6.867333333333334,6.895333333333333,8.338666666666667,0.0,0.6393390473126952,0.6020841898583357,2.1143144966951293,12.0,6.0,20.0,20.0,3,5,8,0.9973333333333336,1.0253333333333332,2.4686666666666666,0.6393390473126952,0.6020841898583357,2.1143144966951293,0.5936361763430581,0.7018436131086376,0.5875967172521902
380,0,0.0,1.6582280766035322,-1.5873333333333337,"(1, 0, 0, 0, 0, 1, 0, 0, 1, 1, 0, 0, 1, 0, 0, 1, 0, 1, 1, 0, 1, 0, 1, 0, 0)",6,11,9,14,7.09,8.677333333333333,8.789333333333333,9.600666666666667,0.0,0.9844715843231098,0.2051780873450768,1.7040688705434162,3.0,8.0,6.0,18.0,5,3,8,1.5873333333333337,1.6993333333333336,2.5106666666666677,0.9844715843231098,0.2051780873450768,1.7040688705434162,0.9996822785190648,2.4776501797021844,1.3375231120581068
380,1,0.2857142857142857,1.6582280766035322,-0.0496731432724783,"(0, 0, 0, 1, 1, 0, 1, 0, 1, 1, 1, 0, 1, 1, 0, 0, 0, 0, 0, 1, 1, 0, 0, 0, 0)",7,10,8,11,8.198666666666666,6.787333333333334,9.195333333333334,8.097333333333333,0.0,0.0496731432724783,0.519688679207547,0.7132960195292128,32.0,6.0,10.0,3.0,3,1,4,-1.4113333333333324,0.996666666666668,-0.1013333333333328,0.0496731432724783,0.519688679207547,0.7132960195292128,-2.422681959607357,0.7909382907265617,-1.3508412649420394
380,2,0.5714285714285714,1.6582280766035322,-0.6859999999999999,"(0, 0, 0, 0, 0, 0, 1, 0, 0, 1, 1, 1, 0, 1, 0, 0, 0, 1, 1, 0, 1, 0, 0, 0, 0)",6,11,11,16,6.832,9.220666666666666,7.518,9.544,0.0,1.7401076940749336,0.3109361891195689,2.782138217412593,2.0,63.0,2.0,13.0,5,5,10,2.3886666666666665,0.6859999999999999,2.7120000000000006,1.7401076940749336,0.3109361891195689,2.782138217412593,1.0754586976847522,0.6219413417198482,-0.1163051613564834
380,3,0.8571428571428571,1.6582280766035322,0.6324113389037742,"(0, 0, 1, 0, 1, 0, 0, 1, 1, 0, 1, 1, 0, 0, 0, 1, 1, 0, 1, 0, 1, 0, 0, 1, 1)",7,12,8,13,9.958,9.537333333333333,9.616,7.667333333333334,0.0,0.2908532046362588,-1.5864452256430064,-0.6324113389037742,14.0,6.0,5.0,31.0,5,1,6,-0.4206666666666674,-0.3420000000000005,-2.290666666666666,0.2908532046362588,-1.5864452256430064,-0.6324113389037742,-1.179862227655844,2.06357401295645,-2.749765542673821
380,4,1.1428571428571428,1.6582280766035322,0.7126695778113846,"(0, 0, 1, 0, 1, 1, 1, 0, 1, 1, 0, 0, 0, 0, 1, 0, 0, 0, 1, 0, 0, 0, 0, 1, 1)",6,9,9,12,7.092666666666666,10.416,5.881333333333333,9.716,0.0,2.353799480469494,-0.7126695778113846,1.706169292773782,16.0,13.0,18.0,12.0,3,3,6,3.323333333333334,-1.2113333333333332,2.623333333333333,2.353799480469494,-0.7126695778113846,1.706169292773782,1.6077082560364178,-0.8268982401910547,1.5208671629069883
380,5,1.4285714285714284,1.6582280766035322,1.4243442187768087,"(0, 0, 0, 0, 1, 1, 0, 0, 1, 0, 0, 0, 1, 1, 0, 0, 1, 1, 1, 1, 1, 1, 1, 1, 1)",8,13,11,16,9.941333333333333,10.832666666666666,8.361333333333333,10.318666666666669,0.0,0.1446343377926417,-1.4243442187768087,-0.1324739985642155,3.0,26.0,21.0,9.0,5,3,8,0.8913333333333338,-1.58,0.3773333333333344,0.1446343377926417,-1.4243442187768087,-0.1324739985642155,1.2381972391772311,-0.2581127867099528,0.8453768314108527
380,6,1.7142857142857142,1.6582280766035322,1.4177481559832077,"(1, 0, 1, 0, 0, 0, 0, 1, 0, 0, 1, 1, 1, 0, 0, 0, 1, 0, 0, 1, 1, 1, 0, 1, 1)",7,10,12,15,8.862,10.427333333333332,7.043333333333333,9.282,0.0,1.0561070372323824,-1.4177481559832077,0.73562682429414,2.0,21.0,6.0,5.0,3,5,8,1.5653333333333332,-1.818666666666667,0.4199999999999999,1.0561070372323824,-1.4177481559832077,0.73562682429414,0.8444133415394205,-0.664814330845386,-0.5233812617737528
380,7,2.0,1.6582280766035322,4.0729766512664085,"(1, 0, 1, 1, 1, 1, 0, 1, 1, 1, 1, 0, 0, 0, 1, 0, 0, 0, 0, 0, 0, 0, 0, 0, 0)",5,10,2,7,6.809333333333333,8.87,2.47,7.410666666666667,0.0,1.4811661675350885,-4.0729766512664085,-0.0488256044777697,2.0,1.0,84.0,48.0,5,-3,2,2.060666666666666,-4.339333333333332,0.6013333333333337,1.4811661675350885,-4.0729766512664085,-0.0488256044777697,0.960943998065743,-0.4416801285943337,1.0781118049331015
390,0,0.0,1.6582280766035322,-1.8053333333333328,"(0, 0, 0, 0, 1, 0, 1, 0, 0, 1, 1, 0, 1, 1, 0, 0, 0, 0, 0, 1, 1, 0, 0, 0, 0)",6,9,9,12,6.480666666666667,8.286,9.55,9.611333333333333,0.0,1.634460140838881,1.164849949544761,2.6832341250213965,8.0,10.0,4.0,4.0,3,3,6,1.8053333333333328,3.0693333333333337,3.1306666666666656,1.634460140838881,1.164849949544761,2.6832341250213965,0.2833467253331795,3.1580678184231115,0.7419452029422645
390,1,0.2857142857142857,1.6582280766035322,-1.1853333333333331,"(0, 0, 0, 0, 0, 1, 0, 1, 0, 0, 1, 0, 0, 0, 0, 0, 1, 1, 1, 0, 1, 1, 0, 0, 0)",6,5,11,10,4.794666666666667,5.98,9.63,8.389333333333333,0.0,-0.1277941104369124,3.8554908266416543,3.0078414833947416,8.0,2.0,7.0,100.0,-1,5,4,1.1853333333333331,4.835333333333334,3.594666666666666,-0.1277941104369124,3.8554908266416543,3.0078414833947416,2.177464795418448,1.6248023552457271,0.9730899949595184
390,2,0.5714285714285714,1.6582280766035322,-3.3270688128973283,"(0, 0, 0, 0, 0, 0, 0, 0, 1, 1, 0, 0, 1, 0, 0, 0, 0, 0, 1, 0, 0, 0, 0, 0, 0)",3,8,8,13,3.453333333333333,6.552666666666667,7.098,8.578666666666667,0.0,3.3270688128973283,3.529888531422346,4.342788784086212,2.0,2.0,2.0,11.0,5,5,10,3.099333333333334,3.6446666666666663,5.125333333333334,3.3270688128973283,3.529888531422346,4.342788784086212,-0.3776373662517853,0.1903283264423303,1.2976373427546335
390,3,0.8571428571428571,1.6582280766035322,-0.4323184843269479,"(0, 0, 1, 0, 1, 0, 1, 0, 1, 1, 1, 0, 0, 0, 1, 0, 0, 0, 1, 0, 1, 1, 0, 1, 1)",7,10,10,13,9.408666666666669,9.805333333333332,10.562666666666669,11.128666666666666,0.0,0.4323184843269479,0.8895840888285742,1.0296490870323527,35.0,4.0,4.0,20.0,3,3,6,0.3966666666666665,1.154,1.7199999999999989,0.4323184843269479,0.8895840888285742,1.0296490870323527,-0.0591188450262283,0.4384618878051637,1.1447592665918325
390,4,1.1428571428571428,1.6582280766035322,-0.3766666666666669,"(0, 0, 0, 0, 1, 1, 1, 1, 0, 0, 0, 0, 0, 0, 0, 1, 1, 1, 1, 0, 1, 1, 0, 0, 0)",6,11,9,14,7.468,10.081333333333331,7.844666666666667,9.468666666666667,0.0,1.2647858282947333,-0.3205539119638698,1.1573326489308249,6.0,3.0,38.0,2.0,5,3,8,2.6133333333333333,0.3766666666666669,2.0006666666666675,1.2647858282947333,-0.3205539119638698,1.1573326489308249,2.23619933548865,1.1561507390709167,1.3984401461644351
390,5,1.4285714285714284,1.6582280766035322,2.014,"(0, 0, 1, 0, 0, 0, 0, 1, 0, 0, 1, 1, 1, 0, 0, 0, 1, 1, 1, 1, 0, 1, 0, 1, 1)",6,9,9,12,7.917333333333334,10.259333333333334,5.903333333333333,8.706666666666667,0.0,1.0721734248190304,-2.068657950319313,-0.0522526091694184,2.0,5.0,2.0,9.0,3,3,6,2.3420000000000005,-2.014,0.7893333333333334,1.0721734248190304,-2.068657950319313,-0.0522526091694184,2.1056620793823906,0.0906353478290854,1.395541438732909
390,6,1.7142857142857142,1.6582280766035322,0.7099427138631923,"(0, 0, 1, 0, 1, 0, 0, 1, 1, 0, 1, 1, 0, 0, 0, 1, 1, 0, 1, 1, 1, 0, 0, 1, 0)",8,9,9,10,11.793333333333331,10.213333333333331,10.641333333333334,9.7,0.0,0.2029671165762719,0.0214832659702193,-0.7099427138631923,57.0,21.0,10.0,1.0,1,1,2,-1.58,-1.1519999999999992,-2.0933333333333337,0.2029671165762719,0.0214832659702193,-0.7099427138631923,-2.9565661323676173,-1.9459028990562268,-2.2939771661153414
390,7,2.0,1.6582280766035322,4.0729766512664085,"(1, 0, 1, 1, 1, 1, 0, 1, 1, 1, 1, 0, 0, 0, 1, 0, 0, 0, 0, 0, 0, 0, 0, 0, 0)",5,10,2,7,6.809333333333333,8.87,2.47,7.410666666666667,0.0,1.4811661675350885,-4.0729766512664085,-0.0488256044777697,2.0,1.0,84.0,48.0,5,-3,2,2.060666666666666,-4.339333333333332,0.6013333333333337,1.4811661675350885,-4.0729766512664085,-0.0488256044777697,0.960943998065743,-0.4416801285943337,1.0781118049331015
400,0,0.0,1.6582280766035322,-3.661404442653413,"(0, 0, 0, 0, 0, 1, 0, 0, 0, 0, 0, 0, 1, 1, 0, 0, 0, 0, 0, 1, 1, 0, 0, 0, 1)",4,9,7,12,4.917333333333334,8.196,9.024,9.876,0.0,3.661404442653413,2.808964662740756,3.607862100535524,4.0,6.0,1.0,6.0,5,3,8,3.278666666666666,4.106666666666666,4.958666666666666,3.661404442653413,2.808964662740756,3.607862100535524,-0.634666526118017,2.151885897974611,2.239942057562912
400,1,0.2857142857142857,1.6582280766035322,2.0205693360978105,"(1, 0, 0, 0, 0, 0, 1, 0, 1, 1, 0, 1, 1, 0, 0, 1, 0, 0, 1, 1, 0, 0, 0, 0, 1)",7,12,12,17,10.336666666666666,8.214,9.558666666666667,7.049333333333333,0.0,-0.4348242511982594,-0.1552101479700903,-2.0205693360978105,12.0,12.0,2.0,2.0,5,5,10,-2.1226666666666656,-0.7779999999999987,-3.2873333333333328,-0.4348242511982594,-0.1552101479700903,-2.0205693360978105,-2.798827682212035,-1.0327276184597534,-2.100583626646462
400,2,0.5714285714285714,1.6582280766035322,-0.8948167196480791,"(0, 1, 1, 0, 1, 0, 1, 0, 1, 1, 1, 0, 0, 0, 1, 0, 0, 0, 1, 0, 0, 0, 1, 1, 1)",6,11,9,14,7.977333333333333,10.036666666666669,8.684,9.164,0.0,0.3674264922625293,0.8948167196480791,0.7463868820356567,32.0,1.0,1.0,10.0,5,3,8,2.059333333333334,0.7066666666666661,1.1866666666666663,0.3674264922625293,0.8948167196480791,0.7463868820356567,2.8055674268611983,-0.3119957004682211,0.7300843004360968
400,3,0.8571428571428571,1.6582280766035322,0.3074723349151076,"(0, 0, 0, 1, 1, 1, 1, 1, 1, 0, 1, 0, 0, 0, 0, 1, 1, 0, 0, 0, 1, 0, 0, 0, 0)",6,9,9,12,6.887333333333333,6.129333333333333,8.057333333333334,7.067333333333333,0.0,-0.3074723349151076,0.3473803572920328,0.357735070392602,4.0,4.0,2.0,30.0,3,3,6,-0.758,1.1700000000000008,0.1799999999999997,-0.3074723349151076,0.3473803572920328,0.357735070392602,-0.7470776235304014,1.3640909879039185,-0.2947252839221183
400,4,1.1428571428571428,1.6582280766035322,0.8993333333333338,"(1, 1, 0, 0, 0, 1, 0, 1, 0, 0, 1, 0, 0, 1, 0, 0, 1, 1, 0, 0, 0, 1, 1, 0, 0)",6,9,11,14,6.941333333333334,6.042,8.698666666666666,8.51,0.0,-1.1240943883731285,1.3297883688975922,1.0602341826674846,4.0,7.0,24.0,4.0,3,5,8,-0.8993333333333338,1.7573333333333323,1.5686666666666662,-1.1240943883731285,1.3297883688975922,1.0602341826674846,0.3727050919940194,0.7089670640378032,0.8430970200247191
400,5,1.4285714285714284,1.6582280766035322,0.84341164927337,"(0, 0, 1, 1, 0, 0, 1, 0, 1, 0, 1, 1, 0, 0, 0, 1, 1, 0, 1, 1, 1, 0, 0, 1, 0)",8,13,13,18,9.704,9.988666666666669,8.880666666666666,7.690666666666667,0.0,0.0483834103240089,-0.6722088127422587,-0.84341164927337,38.0,27.0,7.0,15.0,5,5,10,0.2846666666666664,-0.8233333333333341,-2.0133333333333336,0.0483834103240089,-0.6722088127422587,-0.84341164927337,0.3918115296987042,-0.2505989231073698,-1.9399969839355191
400,6,1.7142857142857142,1.6582280766035322,2.634040025415491,"(0, 1, 0, 0, 0, 0, 0, 1, 0, 0, 1, 1, 1, 0, 0, 1, 1, 1, 1, 1, 1, 1, 0, 1, 1)",7,10,12,15,9.848,10.468666666666667,6.330666666666667,7.764,0.0,0.8417902707095801,-2.634040025415491,-1.3297146698719655,20.0,8.0,6.0,2.0,3,5,8,0.6206666666666667,-3.517333333333334,-2.0840000000000005,0.8417902707095801,-2.634040025415491,-1.3297146698719655,-0.3666733686237213,-1.4647017630653762,-1.250777112188472
400,7,2.0,1.6582280766035322,3.8500002492324543,"(1, 0, 1, 1, 1, 1, 0, 1, 1, 1, 0, 0, 0, 0, 0, 0, 0, 0, 0, 0, 0, 0, 0, 0, 0)",4,9,1,6,6.107333333333333,10.048666666666668,1.102,6.873333333333333,0.0,3.15310226290521,-3.8500002492324543,1.3818935800157566,5.0,2.0,1.0,10.0,5,-3,2,3.9413333333333354,-5.005333333333333,0.766,3.15310226290521,-3.8500002492324543,1.3818935800157566,1.307066891835172,-1.9158057578850265,-1.0212920265819916
410,0,0.0,1.6582280766035322,-2.2986666666666657,"(1, 0, 0, 0, 0, 0, 0, 0, 1, 1, 0, 0, 1, 0, 0, 1, 0, 0, 1, 1, 1, 0, 0, 0, 0)",5,10,10,15,5.9013333333333335,8.83,8.2,10.606,0.0,2.230427311570191,0.893674384750864,2.1378613353829,6.0,40.0,4.0,3.0,5,5,10,2.9286666666666665,2.2986666666666657,4.704666666666666,2.230427311570191,0.893674384750864,2.1378613353829,1.1578401028105192,2.329797649284048,4.256348667510372
410,1,0.2857142857142857,1.6582280766035322,-2.343039422727977,"(1, 0, 0, 0, 1, 0, 1, 0, 0, 1, 0, 1, 1, 0, 0, 0, 0, 0, 0, 0, 0, 0, 0, 0, 0)",4,7,9,12,4.833333333333333,6.739333333333334,8.162,8.88,0.0,2.343039422727977,2.7246898269364856,4.253502414539314,3.0,3.0,2.0,31.0,3,5,8,1.9060000000000008,3.328666666666668,4.046666666666668,2.343039422727977,2.7246898269364856,4.253502414539314,-0.7247110413501306,1.0015313532588597,-0.3429808443677115
410,2,0.5714285714285714,1.6582280766035322,-1.0759999999999996,"(0, 0, 0, 0, 0, 1, 0, 1, 0, 0, 1, 1, 0, 0, 1, 1, 1, 0, 0, 0, 0, 0, 0, 0, 1)",6,9,11,14,7.1273333333333335,10.069333333333333,8.203333333333333,10.298666666666668,0.0,2.2541215483092154,0.6258152761101735,2.5324827681017283,6.0,1.0,9.0,29.0,3,5,8,2.9419999999999997,1.0759999999999996,3.171333333333334,2.2541215483092154,0.6258152761101735,2.5324827681017283,1.1406593618842242,0.7465089488121186,1.0593599440210848
410,3,0.8571428571428571,1.6582280766035322,0.8650791628076556,"(0, 1, 0, 0, 0, 0, 0, 1, 0, 1, 1, 0, 0, 1, 0, 0, 1, 1, 0, 0, 1, 1, 1, 0, 0)",8,13,11,16,8.705333333333334,8.326,9.724,6.650666666666667,0.0,-0.6690397546403061,0.4290388776865541,-0.8650791628076556,16.0,4.0,1.0,8.0,5,3,8,-0.3793333333333333,1.0186666666666664,-2.054666666666667,-0.6690397546403061,0.4290388776865541,-0.8650791628076556,0.480399321783554,0.9777373544324848,-1.9726073984757253
410,4,1.1428571428571428,1.6582280766035322,0.1593741429180064,"(0, 1, 0, 1, 1, 1, 1, 0, 1, 0, 1, 1, 0, 0, 1, 0, 1, 0, 1, 0, 0, 0, 1, 1, 1)",8,13,9,14,9.738,9.472666666666669,10.188666666666666,9.06,0.0,-0.0284109743791401,-0.1396596535628299,-0.1593741429180064,4.0,20.0,36.0,40.0,5,1,6,-0.2653333333333325,0.4506666666666667,-0.677999999999999,-0.0284109743791401,-0.1396596535628299,-0.1593741429180064,-0.392871307592982,0.978895678562599,-0.8599999574659309
410,5,1.4285714285714284,1.6582280766035322,2.634040025415491,"(0, 1, 0, 0, 0, 0, 0, 1, 0, 0, 1, 1, 1, 0, 0, 1, 1, 1, 1, 1, 1, 1, 0, 1, 1)",7,10,12,15,9.848,10.468666666666667,6.330666666666667,7.764,0.0,0.8417902707095801,-2.634040025415491,-1.3297146698719655,20.0,8.0,6.0,2.0,3,5,8,0.6206666666666667,-3.517333333333334,-2.0840000000000005,0.8417902707095801,-2.634040025415491,-1.3297146698719655,-0.3666733686237213,-1.4647017630653762,-1.250777112188472
410,6,1.7142857142857142,1.6582280766035322,1.0395984554919746,"(0, 1, 0, 1, 0, 0, 1, 0, 1, 0, 1, 1, 0, 1, 1, 1, 1, 0, 0, 1, 1, 0, 0, 0, 0)",7,12,8,13,9.246,9.369333333333334,8.101333333333333,10.372666666666667,0.0,0.8547612992199005,-1.0395984554919746,1.1588803284689897,9.0,34.0,9.0,22.0,5,1,6,0.123333333333333,-1.1446666666666676,1.126666666666667,0.8547612992199005,-1.0395984554919746,1.1588803284689897,-1.2128743890461169,-0.1742270577283849,-0.0534175984508219
410,7,2.0,1.6582280766035322,4.929333333333333,"(1, 0, 1, 1, 1, 1, 0, 1, 1, 1, 0, 0, 0, 0, 0, 1, 0, 0, 0, 1, 0, 0, 0, 0, 0)",5,10,2,7,7.471333333333333,8.945333333333334,2.542,6.641333333333334,0.0,1.240280902273816,-5.25650930380757,-0.706810505274052,5.0,2.0,1.0,16.0,5,-3,2,1.474000000000001,-4.929333333333333,-0.8299999999999992,1.240280902273816,-5.25650930380757,-0.706810505274052,0.387559569888005,0.5425323802303873,-0.2042762788971684
420,0,0.0,1.6582280766035322,-2.1989946771403504,"(1, 0, 0, 0, 0, 0, 1, 0, 1, 1, 0, 1, 1, 1, 0, 1, 0, 0, 0, 0, 0, 1, 0, 0, 1)",7,10,12,15,4.167333333333334,7.046,6.319333333333334,8.986,0.0,2.7326124721913674,2.1989946771403504,4.32473252280764,68.0,25.0,5.0,4.0,3,5,8,2.8786666666666667,2.152,4.818666666666667,2.7326124721913674,2.1989946771403504,4.32473252280764,0.2421911659846538,-0.0779278930850469,0.8190554653401672
420,1,0.2857142857142857,1.6582280766035322,-1.7106666666666666,"(0, 0, 0, 0, 0, 0, 0, 0, 1, 1, 1, 0, 1, 0, 0, 0, 0, 0, 1, 1, 0, 0, 0, 0, 0)",4,7,9,12,4.472666666666667,6.183333333333334,8.421333333333333,9.468666666666667,0.0,1.3003087586468638,3.2437520644262032,3.938918123651218,1.0,1.0,16.0,2.0,3,5,8,1.7106666666666666,3.948666666666666,4.996,1.3003087586468638,3.2437520644262032,3.938918123651218,0.6804670045347267,1.1689091850429467,1.7528828466302946
420,2,0.5714285714285714,1.6582280766035322,1.0185205341627026,"(0, 0, 0, 0, 0, 0, 0, 1, 0, 1, 1, 0, 0, 0, 1, 0, 1, 1, 0, 1, 0, 1, 1, 0, 1)",6,11,11,16,7.148,10.462,5.906666666666666,9.095333333333333,0.0,1.021100000059642,-1.0185205341627026,0.8162167088170715,10.0,23.0,20.0,9.0,5,5,10,3.314,-1.2413333333333334,1.947333333333333,1.021100000059642,-1.0185205341627026,0.8162167088170715,3.80215115674534,-0.3694744394113642,1.87564934468588
420,3,0.8571428571428571,1.6582280766035322,0.4950732046481874,"(1, 1, 0, 1, 1, 0, 1, 0, 1, 0, 1, 0, 0, 0, 1, 0, 0, 0, 1, 0, 0, 0, 1, 1, 1)",7,12,8,13,9.03,8.064666666666668,9.534666666666666,9.572,0.0,-0.4950732046481874,0.5254740527192533,-0.0353386827880626,3.0,31.0,9.0,8.0,5,1,6,-0.9653333333333318,0.504666666666667,0.5419999999999998,-0.4950732046481874,0.5254740527192533,-0.0353386827880626,-0.7797985486928967,-0.0345033917531272,0.9573592135084656
420,4,1.1428571428571428,1.6582280766035322,2.634040025415491,"(0, 1, 0, 0, 0, 0, 0, 1, 0, 0, 1, 1, 1, 0, 0, 1, 1, 1, 1, 1, 1, 1, 0, 1, 1)",7,10,12,15,9.848,10.468666666666667,6.330666666666667,7.764,0.0,0.8417902707095801,-2.634040025415491,-1.3297146698719655,20.0,8.0,6.0,2.0,3,5,8,0.6206666666666667,-3.517333333333334,-2.0840000000000005,0.8417902707095801,-2.634040025415491,-1.3297146698719655,-0.3666733686237213,-1.4647017630653762,-1.250777112188472
420,5,1.4285714285714284,1.6582280766035322,0.2326666666666659,"(0, 1, 0, 1, 0, 0, 1, 0, 1, 0, 1, 1, 0, 1, 1, 1, 0, 0, 0, 1, 1, 1, 0, 0, 0)",6,7,7,8,7.85,9.399333333333333,9.296,7.617333333333334,0.0,0.0093966257674196,-0.5797533850934079,-0.6040740635502597,4.0,1.0,2.0,8.0,1,1,2,1.5493333333333332,1.4459999999999995,-0.2326666666666659,0.0093966257674196,-0.5797533850934079,-0.6040740635502597,2.553566284678201,3.359161139436536,0.6158781733706065
420,6,1.7142857142857142,1.6582280766035322,0.7833333333333332,"(0, 0, 0, 0, 1, 1, 0, 0, 1, 0, 1, 0, 1, 0, 1, 1, 1, 0, 0, 0, 0, 0, 0, 0, 0)",6,9,9,12,6.584666666666666,8.536,5.801333333333333,8.362,0.0,0.8043880152039667,-1.382077827579824,1.909246957888495,8.0,3.0,2.0,39.0,3,3,6,1.9513333333333331,-0.7833333333333332,1.777333333333334,0.8043880152039667,-1.382077827579824,1.909246957888495,1.9018969288510856,0.9928549310713132,-0.2187428759239052
420,7,2.0,1.6582280766035322,5.698666666666667,"(1, 1, 1, 1, 1, 1, 1, 1, 1, 1, 0, 0, 0, 0, 0, 1, 0, 0, 0, 1, 0, 0, 0, 0, 0)",6,11,1,6,7.048,10.262666666666666,1.3493333333333333,5.371333333333333,0.0,2.5563244028920056,-5.725050859230103,-0.6718403176141247,11.0,10.0,1.0,25.0,5,-5,0,3.214666666666666,-5.698666666666667,-1.6766666666666667,2.5563244028920056,-5.725050859230103,-0.6718403176141247,1.0916816258058706,0.043751008887203,-1.6662312641099462
430,0,0.0,1.6582280766035322,-3.722666666666667,"(1, 0, 0, 0, 0, 0, 0, 0, 1, 1, 0, 0, 1, 1, 0, 1, 0, 0, 0, 0, 0, 1, 0, 0, 1)",6,9,11,14,2.604,6.326666666666667,7.723333333333334,9.136666666666668,0.0,2.642368015311322,4.656341288615533,5.597477845870072,1.0,18.0,31.0,1.0,3,5,8,3.722666666666667,5.1193333333333335,6.532666666666667,2.642368015311322,4.656341288615533,5.597477845870072,1.791381554794364,0.7677464077951355,1.5507563595706622
430,1,0.2857142857142857,1.6582280766035322,0.5677772934290491,"(0, 0, 0, 0, 0, 0, 0, 0, 1, 1, 0, 1, 0, 0, 1, 1, 1, 1, 0, 0, 1, 1, 1, 0, 0)",6,9,11,14,6.873333333333333,10.432,6.249333333333333,7.796,0.0,1.9542033635208564,-0.5677772934290491,0.2017510826534295,18.0,6.0,2.0,1.0,3,5,8,3.5586666666666678,-0.6239999999999997,0.9226666666666672,1.9542033635208564,-0.5677772934290491,0.2017510826534295,2.660566097156428,-0.093230070578592,1.1954424622717834
430,2,0.5714285714285714,1.6582280766035322,0.6193333333333335,"(1, 1, 1, 1, 1, 0, 0, 0, 1, 0, 1, 1, 0, 0, 1, 1, 0, 0, 1, 1, 0, 0, 0, 1, 1)",8,9,13,14,9.738,9.118666666666666,10.845333333333333,10.582,0.0,-1.0798381234842218,0.779919938695861,0.5394031685627216,107.0,16.0,6.0,7.0,1,5,6,-0.6193333333333335,1.107333333333333,0.8440000000000012,-1.0798381234842218,0.779919938695861,0.5394031685627216,0.7636219724386207,0.5429260836439286,0.5050910179337704
430,3,0.8571428571428571,1.6582280766035322,-1.5926666666666671,"(0, 0, 0, 0, 1, 0, 0, 0, 1, 0, 1, 0, 1, 0, 1, 0, 0, 0, 0, 1, 0, 0, 0, 0, 0)",5,10,10,15,5.616666666666666,7.209333333333333,8.405333333333333,10.424666666666669,0.0,1.504528758658792,1.9496708734448056,3.855969870308228,2.0,9.0,2.0,9.0,5,5,10,1.5926666666666671,2.788666666666667,4.808000000000001,1.504528758658792,1.9496708734448056,3.855969870308228,0.146152753671758,1.3912463804727415,1.5786830908273994
430,4,1.1428571428571428,1.6582280766035322,1.3369740238962082,"(0, 1, 1, 1, 0, 0, 1, 1, 1, 0, 1, 1, 1, 0, 1, 0, 0, 0, 0, 0, 1, 1, 1, 0, 1)",7,12,10,15,9.041333333333334,7.428666666666666,9.225333333333332,8.368666666666666,0.0,-1.3369740238962082,0.8987964670319283,0.5772107687092832,6.0,5.0,1.0,5.0,5,3,8,-1.6126666666666676,0.1839999999999992,-0.6726666666666681,-1.3369740238962082,0.8987964670319283,0.5772107687092832,-0.4571612807550035,-1.1852955706893558,-2.0725818556536195
430,5,1.4285714285714284,1.6582280766035322,0.6540051534124331,"(0, 0, 0, 0, 0, 1, 0, 1, 0, 1, 1, 0, 1, 0, 1, 1, 1, 0, 0, 1, 0, 0, 0, 0, 1)",5,8,10,13,7.084666666666666,9.376,5.284,7.933333333333334,0.0,1.50979823899111,-0.6540051534124331,1.5660305955443763,2.0,4.0,1.0,11.0,3,5,8,2.291333333333333,-1.8006666666666664,0.8486666666666673,1.50979823899111,-0.6540051534124331,1.5660305955443763,1.295963436289265,-1.9014263156388629,-1.1895530080076364
430,6,1.7142857142857142,1.6582280766035322,5.698666666666667,"(1, 1, 1, 1, 1, 1, 1, 1, 1, 1, 0, 0, 0, 0, 0, 1, 0, 0, 0, 1, 0, 0, 0, 0, 0)",6,11,1,6,7.048,10.262666666666666,1.3493333333333333,5.371333333333333,0.0,2.5563244028920056,-5.725050859230103,-0.6718403176141247,11.0,10.0,1.0,25.0,5,-5,0,3.214666666666666,-5.698666666666667,-1.6766666666666667,2.5563244028920056,-5.725050859230103,-0.6718403176141247,1.0916816258058706,0.043751008887203,-1.6662312641099462
430,7,2.0,1.6582280766035322,1.9044196717099364,"(0, 1, 0, 0, 0, 0, 0, 1, 0, 0, 0, 0, 1, 0, 0, 1, 1, 1, 1, 1, 1, 1, 0, 1, 1)",6,11,11,16,8.873333333333333,10.645333333333332,5.308,6.926666666666667,0.0,1.5589923385970144,-1.9044196717099364,-1.00919760742091,10.0,12.0,2.0,6.0,5,5,10,1.7720000000000002,-3.565333333333333,-1.9466666666666663,1.5589923385970144,-1.9044196717099364,-1.00919760742091,0.3532152846700897,-2.7541736665182954,-1.554537514988413
440,0,0.0,1.6582280766035322,0.8298141790452208,"(0, 0, 0, 0, 0, 0, 1, 1, 0, 0, 0, 1, 0, 0, 1, 1, 1, 1, 0, 0, 1, 1, 1, 0, 0)",6,9,11,14,7.687333333333333,8.049333333333333,6.432,9.414666666666667,0.0,0.5973674522182191,-0.8298141790452208,1.462372916000248,13.0,8.0,6.0,2.0,3,5,8,0.3620000000000001,-1.2553333333333327,1.727333333333334,0.5973674522182191,-0.8298141790452208,1.462372916000248,-0.390292917586891,-0.7056078087731376,0.4393648032103123
440,1,0.2857142857142857,1.6582280766035322,0.6193333333333335,"(1, 1, 1, 1, 1, 0, 0, 0, 1, 0, 1, 1, 0, 0, 1, 1, 0, 0, 1, 1, 0, 0, 0, 1, 1)",8,9,13,14,9.738,9.118666666666666,10.845333333333333,10.582,0.0,-1.0798381234842218,0.779919938695861,0.5394031685627216,107.0,16.0,6.0,7.0,1,5,6,-0.6193333333333335,1.107333333333333,0.8440000000000012,-1.0798381234842218,0.779919938695861,0.5394031685627216,0.7636219724386207,0.5429260836439286,0.5050910179337704
440,2,0.5714285714285714,1.6582280766035322,-0.1439999999999992,"(0, 0, 0, 0, 0, 0, 1, 1, 1, 0, 1, 0, 0, 1, 1, 0, 0, 0, 1, 1, 0, 0, 0, 1, 1)",5,10,10,15,6.690666666666667,6.834666666666666,9.610666666666669,7.792,0.0,-1.2866744389059022,1.8634061639486104,1.472911876664884,6.0,2.0,6.0,6.0,5,5,10,0.1439999999999992,2.92,1.1013333333333328,-1.2866744389059022,1.8634061639486104,1.472911876664884,2.3723845230727707,1.7520735645066436,-0.6161619732158206
440,3,0.8571428571428571,1.6582280766035322,-0.1120000000000001,"(0, 0, 0, 0, 1, 0, 0, 0, 1, 1, 0, 0, 1, 1, 0, 1, 0, 1, 1, 0, 1, 0, 0, 0, 1)",5,10,10,15,6.3053333333333335,9.116666666666667,6.772,6.417333333333334,0.0,1.83112599072406,-0.2265876542896686,-0.5465519740485236,3.0,123.0,2.0,1.0,5,5,10,2.8113333333333337,0.4666666666666668,0.1120000000000001,1.83112599072406,-0.2265876542896686,-0.5465519740485236,1.6254073364076351,1.149573779236512,1.0920293732699429
440,4,1.1428571428571428,1.6582280766035322,4.028666666666666,"(0, 0, 0, 0, 0, 1, 0, 1, 1, 1, 1, 0, 1, 1, 1, 1, 1, 0, 0, 0, 0, 0, 0, 0, 0)",5,8,10,13,6.514666666666667,10.049333333333331,2.486,5.874,0.0,1.751273096457396,-5.060875240281168,-0.4835761566504027,5.0,2.0,1.0,5.0,3,5,8,3.5346666666666664,-4.028666666666666,-0.6406666666666672,1.751273096457396,-5.060875240281168,-0.4835761566504027,2.957273289755225,1.7116372376784503,-0.260491894276938
440,5,1.4285714285714284,1.6582280766035322,1.6486666666666665,"(0, 1, 1, 0, 0, 0, 1, 1, 0, 0, 1, 1, 1, 0, 1, 0, 0, 1, 1, 0, 0, 0, 1, 1, 0)",6,11,7,12,8.308,6.6593333333333335,9.796666666666669,8.034,0.0,-1.7044005161587372,0.3441744496772659,-0.6309742079040515,8.0,8.0,4.0,2.0,5,1,6,-1.6486666666666665,1.488666666666667,-0.2739999999999991,-1.7044005161587372,0.3441744496772659,-0.6309742079040515,0.0924194340449475,1.897829127666047,0.5919446541698061
440,6,1.7142857142857142,1.6582280766035322,3.13213489011438,"(0, 1, 0, 0, 0, 0, 0, 1, 0, 0, 0, 0, 1, 0, 0, 1, 1, 1, 1, 1, 1, 0, 1, 1, 1)",7,12,12,17,6.487333333333333,9.132,2.369333333333333,7.578,0.0,2.6313131614672987,-3.13213489011438,0.7943649477187191,39.0,41.0,6.0,4.0,5,5,10,2.6446666666666667,-4.117999999999999,1.0906666666666671,2.6313131614672987,-3.13213489011438,0.7943649477187191,0.0221431572426633,-1.6347892049561612,0.4913358295053765
440,7,2.0,1.6582280766035322,5.262626322934597,"(1, 0, 1, 1, 1, 1, 0, 1, 1, 1, 0, 0, 0, 0, 0, 1, 0, 0, 0, 1, 0, 0, 0, 0, 0)",5,10,2,7,7.522,9.616666666666667,2.248,6.440666666666667,0.0,1.502723132530934,-5.262626322934597,-0.0893600685725238,5.0,2.0,1.0,16.0,5,-3,2,2.094666666666667,-5.274,-1.0813333333333333,1.502723132530934,-5.262626322934597,-0.0893600685725238,0.9815773880677936,-0.0188601506440724,-1.6449179188664436
450,0,0.0,1.6582280766035322,0.1536256189191144,"(1, 0, 0, 1, 0, 0, 0, 0, 1, 0, 1, 1, 0, 0, 1, 0, 0, 0, 1, 0, 0, 0, 0, 1, 0)",6,9,7,10,7.291333333333333,8.934666666666667,6.444,9.429333333333334,0.0,1.2219298448927365,-0.1536256189191144,1.2497143775540496,3.0,4.0,4.0,8.0,3,1,4,1.6433333333333335,-0.8473333333333333,2.138000000000001,1.2219298448927365,-0.1536256189191144,1.2497143775540496,0.6987830961108701,-1.1503256089981224,1.472980159183121
450,1,0.2857142857142857,1.6582280766035322,-2.6961314545060904,"(0, 0, 0, 0, 1, 0, 1, 1, 0, 0, 0, 1, 0, 0, 1, 0, 0, 1, 0, 0, 0, 0, 1, 0, 1)",5,8,10,13,6.496666666666667,8.721333333333334,9.068666666666669,10.360666666666669,0.0,2.6961314545060904,2.9793936595027866,2.5870937460912047,9.0,18.0,1.0,11.0,3,5,8,2.224666666666667,2.572,3.864,2.6961314545060904,2.9793936595027866,2.5870937460912047,-0.7817961483252598,-0.67555160441778,2.117401801422203
450,2,0.5714285714285714,1.6582280766035322,2.075327712138542,"(1, 0, 0, 0, 1, 0, 0, 0, 1, 1, 1, 0, 1, 1, 1, 1, 0, 1, 1, 0, 0, 0, 1, 1, 1)",8,13,13,18,10.125333333333334,8.621333333333334,9.817333333333334,6.874,0.0,-0.2131744316255865,0.3831243847210432,-2.075327712138542,20.0,1.0,6.0,11.0,5,5,10,-1.5039999999999996,-0.3079999999999998,-3.251333333333334,-0.2131744316255865,0.3831243847210432,-2.075327712138542,-2.140483199476164,-1.146041859169775,-1.950085539308782
450,3,0.8571428571428571,1.6582280766035322,1.2620958138593543,"(0, 0, 0, 0, 0, 1, 0, 1, 1, 0, 1, 0, 1, 0, 0, 1, 1, 0, 1, 0, 0, 0, 0, 0, 0)",5,8,10,13,6.082,9.255333333333333,4.769333333333333,9.059333333333331,0.0,2.1375296897675806,-1.2620958138593543,2.3968765609483724,3.0,7.0,1.0,12.0,3,5,8,3.173333333333333,-1.3126666666666669,2.977333333333333,2.1375296897675806,-1.2620958138593543,2.3968765609483724,1.717598683608968,-0.0838580079828698,0.9625297172234076
450,4,1.1428571428571428,1.6582280766035322,1.97012235305625,"(0, 1, 1, 1, 0, 1, 1, 1, 1, 1, 0, 0, 1, 0, 1, 0, 0, 1, 1, 0, 0, 0, 1, 1, 0)",7,10,10,13,10.134666666666666,8.13,9.492,7.857333333333333,0.0,-1.229668242583553,-0.0650762396284863,-1.97012235305625,2.0,4.0,14.0,57.0,3,3,6,-2.0046666666666653,-0.6426666666666652,-2.277333333333333,-1.229668242583553,-0.0650762396284863,-1.97012235305625,-1.2851241461381078,-0.957776662892132,-0.5094258729363531
450,5,1.4285714285714284,1.6582280766035322,1.7855062938610564,"(1, 1, 0, 0, 0, 0, 0, 0, 0, 0, 0, 0, 0, 0, 0, 1, 1, 1, 1, 1, 0, 0, 1, 1, 1)",5,6,10,11,7.02,8.274666666666667,5.228666666666666,6.218666666666667,0.0,1.833079014903171,-1.7855062938610564,-0.4276017466868305,3.0,1.0,2.0,3.0,1,5,6,1.254666666666667,-1.7913333333333332,-0.801333333333333,1.833079014903171,-1.7855062938610564,-0.4276017466868305,-0.9591395956999506,-0.0096625604564064,-0.6197322100908161
450,6,1.7142857142857142,1.6582280766035322,5.262626322934597,"(1, 0, 1, 1, 1, 1, 0, 1, 1, 1, 0, 0, 0, 0, 0, 1, 0, 0, 0, 1, 0, 0, 0, 0, 0)",5,10,2,7,7.522,9.616666666666667,2.248,6.440666666666667,0.0,1.502723132530934,-5.262626322934597,-0.0893600685725238,5.0,2.0,1.0,16.0,5,-3,2,2.094666666666667,-5.274,-1.0813333333333333,1.502723132530934,-5.262626322934597,-0.0893600685725238,0.9815773880677936,-0.0188601506440724,-1.6449179188664436
450,7,2.0,1.6582280766035322,1.850103489822968,"(0, 0, 0, 0, 0, 1, 1, 1, 1, 1, 1, 0, 0, 1, 1, 0, 0, 0, 0, 1, 0, 0, 0, 0, 1)",5,10,10,15,6.874666666666666,8.997333333333334,4.4206666666666665,8.360666666666667,0.0,0.951564969380734,-1.850103489822968,1.2928283075457403,3.0,4.0,2.0,7.0,5,5,10,2.122666666666668,-2.454,1.4860000000000009,0.951564969380734,-1.850103489822968,1.2928283075457403,1.941953714997585,-1.001398148538445,0.3203227240326768
460,0,0.0,1.6582280766035322,-0.6440000000000001,"(0, 1, 1, 0, 1, 0, 1, 1, 0, 0, 1, 1, 0, 1, 0, 1, 0, 1, 0, 0, 0, 0, 1, 0, 1)",7,12,12,17,9.461333333333334,10.54,10.150666666666666,10.105333333333334,0.0,0.8621680512953972,0.3010605196855749,-0.0285952219432073,14.0,4.0,14.0,11.0,5,5,10,1.078666666666665,0.689333333333332,0.6440000000000001,0.8621680512953972,0.3010605196855749,-0.0285952219432073,0.3590040825544255,0.643844880972562,1.115316281215611
460,1,0.2857142857142857,1.6582280766035322,-0.9240000000000004,"(1, 0, 0, 1, 0, 1, 1, 0, 1, 0, 1, 1, 0, 0, 1, 0, 1, 1, 1, 0, 0, 0, 0, 1, 0)",6,11,7,12,7.734666666666667,10.446,8.658666666666667,10.197333333333331,0.0,0.7259354024242138,-0.1459240707411102,1.985009556232869,36.0,3.0,2.0,54.0,5,1,6,2.711333333333333,0.9240000000000004,2.4626666666666663,0.7259354024242138,-0.1459240707411102,1.985009556232869,3.2922425922640617,1.7741781339368534,0.7920644315106373
460,2,0.5714285714285714,1.6582280766035322,1.2620958138593543,"(0, 0, 0, 0, 0, 1, 0, 1, 1, 0, 1, 0, 1, 0, 0, 1, 1, 0, 1, 0, 0, 0, 0, 0, 0)",5,8,10,13,6.082,9.255333333333333,4.769333333333333,9.059333333333331,0.0,2.1375296897675806,-1.2620958138593543,2.3968765609483724,3.0,7.0,1.0,12.0,3,5,8,3.173333333333333,-1.3126666666666669,2.977333333333333,2.1375296897675806,-1.2620958138593543,2.3968765609483724,1.717598683608968,-0.0838580079828698,0.9625297172234076
460,3,0.8571428571428571,1.6582280766035322,1.1420401011132593,"(0, 1, 1, 1, 0, 1, 1, 1, 1, 1, 0, 0, 1, 0, 1, 0, 0, 1, 1, 0, 1, 0, 1, 1, 1)",8,11,11,14,10.983333333333333,8.668666666666667,10.95,9.677333333333332,0.0,-1.1420401011132593,0.4706051281400825,-0.7852262685409921,18.0,17.0,26.0,2.0,3,3,6,-2.3146666666666658,-0.0333333333333332,-1.3059999999999992,-1.1420401011132593,0.4706051281400825,-0.7852262685409921,-1.944482294371831,-0.8356449056956053,-0.8635616230629137
460,4,1.1428571428571428,1.6582280766035322,1.7855062938610564,"(1, 1, 0, 0, 0, 0, 0, 0, 0, 0, 0, 0, 0, 0, 0, 1, 1, 1, 1, 1, 0, 0, 1, 1, 1)",5,6,10,11,7.02,8.274666666666667,5.228666666666666,6.218666666666667,0.0,1.833079014903171,-1.7855062938610564,-0.4276017466868305,3.0,1.0,2.0,3.0,1,5,6,1.254666666666667,-1.7913333333333332,-0.801333333333333,1.833079014903171,-1.7855062938610564,-0.4276017466868305,-0.9591395956999506,-0.0096625604564064,-0.6197322100908161
460,5,1.4285714285714284,1.6582280766035322,5.262626322934597,"(1, 0, 1, 1, 1, 1, 0, 1, 1, 1, 0, 0, 0, 0, 0, 1, 0, 0, 0, 1, 0, 0, 0, 0, 0)",5,10,2,7,7.522,9.616666666666667,2.248,6.440666666666667,0.0,1.502723132530934,-5.262626322934597,-0.0893600685725238,5.0,2.0,1.0,16.0,5,-3,2,2.094666666666667,-5.274,-1.0813333333333333,1.502723132530934,-5.262626322934597,-0.0893600685725238,0.9815773880677936,-0.0188601506440724,-1.6449179188664436
460,6,1.7142857142857142,1.6582280766035322,1.850103489822968,"(0, 0, 0, 0, 0, 1, 1, 1, 1, 1, 1, 0, 0, 1, 1, 0, 0, 0, 0, 1, 0, 0, 0, 0, 1)",5,10,10,15,6.874666666666666,8.997333333333334,4.4206666666666665,8.360666666666667,0.0,0.951564969380734,-1.850103489822968,1.2928283075457403,3.0,4.0,2.0,7.0,5,5,10,2.122666666666668,-2.454,1.4860000000000009,0.951564969380734,-1.850103489822968,1.2928283075457403,1.941953714997585,-1.001398148538445,0.3203227240326768
460,7,2.0,1.6582280766035322,2.180090877067071,"(1, 0, 0, 0, 1, 0, 0, 0, 1, 1, 1, 0, 1, 1, 0, 1, 0, 1, 1, 1, 0, 0, 1, 1, 1)",7,12,12,17,9.299333333333331,6.778666666666667,10.621333333333334,9.527333333333331,0.0,-2.180090877067071,0.3572560267260274,0.6592377842319375,1.0,3.0,40.0,4.0,5,5,10,-2.520666666666666,1.322000000000001,0.2279999999999997,-2.180090877067071,0.3572560267260274,0.6592377842319375,-0.5647523365254662,1.5997655432169506,-0.7150906015056951
470,0,0.0,1.6582280766035322,-1.1446666666666676,"(0, 0, 0, 1, 0, 0, 1, 0, 1, 1, 1, 0, 0, 0, 1, 0, 1, 1, 1, 0, 0, 0, 0, 1, 0)",6,9,9,12,7.267333333333333,9.506,8.412,10.518,0.0,1.274182454062154,0.7467922266766043,1.8928489246865248,3.0,13.0,1.0,6.0,3,3,6,2.238666666666667,1.1446666666666676,3.2506666666666675,1.274182454062154,0.7467922266766043,1.8928489246865248,1.599334800781654,0.6597665673544302,2.2515715026618834
470,1,0.2857142857142857,1.6582280766035322,-1.2953333333333337,"(0, 1, 1, 0, 1, 0, 1, 1, 0, 0, 1, 1, 0, 0, 1, 0, 0, 0, 0, 1, 0, 0, 0, 0, 1)",5,8,6,9,6.012,9.553333333333333,7.307333333333333,9.584,0.0,2.0234804476100714,-0.188890602681549,0.6993300541729299,3.0,2.0,1.0,19.0,3,1,4,3.541333333333333,1.2953333333333337,3.572,2.0234804476100714,-0.188890602681549,0.6993300541729299,2.516946271260005,2.461181802666883,4.763541958985596
470,2,0.5714285714285714,1.6582280766035322,0.693213035045903,"(0, 1, 0, 0, 0, 1, 1, 1, 1, 1, 0, 0, 1, 0, 1, 0, 0, 1, 1, 1, 1, 0, 1, 1, 0)",8,13,9,14,10.387333333333334,9.315333333333331,9.318,9.233333333333333,0.0,-0.2799088993306752,-0.693213035045903,-0.599246777371703,32.0,9.0,1.0,1.0,5,1,6,-1.072000000000001,-1.0693333333333346,-1.1540000000000017,-0.2799088993306752,-0.693213035045903,-0.599246777371703,-1.3134677023576706,-0.6236932388007144,-0.9199073693485348
470,3,0.8571428571428571,1.6582280766035322,0.2395955323128032,"(1, 1, 0, 0, 1, 0, 1, 1, 1, 0, 0, 0, 1, 0, 0, 0, 1, 0, 1, 0, 0, 0, 0, 0, 1)",7,10,12,15,8.309333333333333,6.886666666666667,9.107333333333331,10.141333333333334,0.0,-0.2395955323128032,0.7071790004021858,1.274035056010901,15.0,20.0,12.0,15.0,3,5,8,-1.4226666666666663,0.798,1.8320000000000007,-0.2395955323128032,0.7071790004021858,1.274035056010901,-1.961801771604765,0.1506019314782936,0.9252331358832424
470,4,1.1428571428571428,1.6582280766035322,5.262626322934597,"(1, 0, 1, 1, 1, 1, 0, 1, 1, 1, 0, 0, 0, 0, 0, 1, 0, 0, 0, 1, 0, 0, 0, 0, 0)",5,10,2,7,7.522,9.616666666666667,2.248,6.440666666666667,0.0,1.502723132530934,-5.262626322934597,-0.0893600685725238,5.0,2.0,1.0,16.0,5,-3,2,2.094666666666667,-5.274,-1.0813333333333333,1.502723132530934,-5.262626322934597,-0.0893600685725238,0.9815773880677936,-0.0188601506440724,-1.6449179188664436
470,5,1.4285714285714284,1.6582280766035322,2.97025498032506,"(0, 0, 1, 0, 0, 1, 1, 0, 1, 1, 1, 0, 0, 1, 1, 0, 0, 0, 0, 1, 0, 0, 0, 0, 1)",6,11,9,14,7.455333333333333,8.718666666666667,3.661333333333333,8.942,0.0,1.4243810682896203,-2.97025498032506,1.2534730278610162,6.0,4.0,6.0,42.0,5,3,8,1.2633333333333343,-3.794,1.4866666666666672,1.4243810682896203,-2.97025498032506,1.2534730278610162,-0.2670538757779171,-1.365957119587314,0.3866882391528735
470,6,1.7142857142857142,1.6582280766035322,1.2741824540621554,"(1, 1, 0, 0, 1, 0, 0, 0, 1, 1, 1, 0, 1, 1, 0, 1, 0, 1, 1, 1, 0, 1, 1, 1, 1)",8,13,13,18,10.996,7.906666666666666,10.467333333333332,8.072,0.0,-1.2741824540621554,-0.0707510646017513,-1.1300271599360874,2.0,14.0,2.0,2.0,5,5,10,-3.089333333333334,-0.528666666666668,-2.9240000000000013,-1.2741824540621554,-0.0707510646017513,-1.1300271599360874,-3.009934151279057,-0.7593285080588551,-2.97481613205816
470,7,2.0,1.6582280766035322,3.924325716577106,"(0, 1, 0, 0, 0, 0, 0, 0, 0, 0, 0, 1, 1, 0, 0, 1, 1, 1, 1, 1, 1, 0, 1, 1, 1)",7,12,12,17,7.554,9.9,2.138,5.45,0.0,1.8814992747399943,-3.924325716577106,-1.708380263542585,27.0,12.0,5.0,5.0,5,5,10,2.346,-5.416,-2.104,1.8814992747399943,-3.924325716577106,-1.708380263542585,0.7702481442288447,-2.473536177919298,-0.6560277546521756
480,0,0.0,1.6582280766035322,-1.3486666666666665,"(1, 1, 1, 0, 0, 0, 0, 0, 0, 0, 1, 1, 0, 0, 1, 0, 0, 1, 1, 1, 0, 0, 0, 0, 1)",6,9,11,14,7.379333333333333,8.728,10.024,9.566666666666666,0.0,-0.0827640057789228,0.2638425117440285,0.3807660159009847,16.0,8.0,105.0,12.0,3,5,8,1.3486666666666665,2.644666666666666,2.187333333333333,-0.0827640057789228,0.2638425117440285,0.3807660159009847,2.3736385307607506,3.947949459148595,2.995700648040646
480,1,0.2857142857142857,1.6582280766035322,0.5749997979404774,"(0, 1, 0, 0, 0, 1, 1, 1, 1, 1, 0, 0, 1, 1, 0, 0, 0, 1, 0, 0, 0, 0, 1, 1, 1)",6,11,9,14,7.560666666666667,8.762666666666666,6.123333333333333,9.595333333333333,0.0,0.3183797907078773,-0.5749997979404774,0.7321629700896792,3.0,9.0,18.0,2.0,5,3,8,1.201999999999999,-1.437333333333334,2.034666666666665,0.3183797907078773,-0.5749997979404774,0.7321629700896792,1.4652438401024857,-1.4299456797852206,2.1598481995438465
480,2,0.5714285714285714,1.6582280766035322,-0.397333333333334,"(1, 1, 0, 0, 1, 1, 0, 1, 1, 0, 0, 0, 1, 0, 0, 0, 1, 0, 1, 0, 0, 0, 0, 0, 1)",7,12,10,15,9.058,11.211333333333334,9.455333333333334,9.712,0.0,1.2996086179034076,-0.0188669505604669,1.3373056695115275,3.0,62.0,27.0,8.0,5,3,8,2.153333333333334,0.397333333333334,0.6539999999999999,1.2996086179034076,-0.0188669505604669,1.3373056695115275,1.415670292816265,0.6901549962430615,-1.1330766460863897
480,3,0.8571428571428571,1.6582280766035322,0.4435575857350385,"(0, 0, 0, 1, 0, 1, 1, 0, 1, 1, 1, 0, 0, 0, 1, 0, 0, 1, 0, 0, 0, 0, 0, 0, 0)",6,9,11,14,7.94,8.616666666666667,8.024666666666667,7.352666666666667,0.0,0.3055193107359975,0.193607340321665,-0.4435575857350385,9.0,6.0,5.0,1.0,3,5,8,0.6766666666666667,0.0846666666666662,-0.5873333333333335,0.3055193107359975,0.193607340321665,-0.4435575857350385,0.6154469661614003,-0.1806484837388217,-0.2384129814021556
480,4,1.1428571428571428,1.6582280766035322,2.97025498032506,"(0, 0, 1, 0, 0, 1, 1, 0, 1, 1, 1, 0, 0, 1, 1, 0, 0, 0, 0, 1, 0, 0, 0, 0, 1)",6,11,9,14,7.455333333333333,8.718666666666667,3.661333333333333,8.942,0.0,1.4243810682896203,-2.97025498032506,1.2534730278610162,6.0,4.0,6.0,42.0,5,3,8,1.2633333333333343,-3.794,1.4866666666666672,1.4243810682896203,-2.97025498032506,1.2534730278610162,-0.2670538757779171,-1.365957119587314,0.3866882391528735
480,5,1.4285714285714284,1.6582280766035322,1.6578964309882127,"(1, 1, 0, 0, 1, 0, 0, 0, 1, 1, 1, 0, 1, 1, 0, 1, 0, 1, 1, 1, 0, 1, 0, 0, 1)",7,12,12,17,10.356666666666667,7.285333333333333,10.493333333333334,9.267333333333331,0.0,-1.6578964309882127,0.5394400180755349,-0.9366409166913026,1.0,3.0,1.0,16.0,5,5,10,-3.0713333333333344,0.1366666666666667,-1.0893333333333342,-1.6578964309882127,0.5394400180755349,-0.9366409166913026,-2.343800755976205,-0.667890079813886,-0.2531988523602612
480,6,1.7142857142857142,1.6582280766035322,2.7665508734925206,"(0, 1, 0, 0, 0, 0, 0, 0, 0, 0, 0, 1, 1, 0, 0, 1, 0, 0, 1, 1, 1, 0, 1, 1, 1)",6,11,11,16,7.583333333333333,9.534,3.3666666666666667,7.295333333333334,0.0,1.6097341177410822,-2.7665508734925206,-0.7027202093517637,7.0,4.0,1.0,18.0,5,5,10,1.950666666666668,-4.216666666666667,-0.2879999999999993,1.6097341177410822,-2.7665508734925206,-0.7027202093517637,0.5653439248564132,-2.40462272256757,0.6877006950819904
480,7,2.0,1.6582280766035322,5.262626322934597,"(1, 0, 1, 1, 1, 1, 0, 1, 1, 1, 0, 0, 0, 0, 0, 1, 0, 0, 0, 1, 0, 0, 0, 0, 0)",5,10,2,7,7.522,9.616666666666667,2.248,6.440666666666667,0.0,1.502723132530934,-5.262626322934597,-0.0893600685725238,5.0,2.0,1.0,16.0,5,-3,2,2.094666666666667,-5.274,-1.0813333333333333,1.502723132530934,-5.262626322934597,-0.0893600685725238,0.9815773880677936,-0.0188601506440724,-1.6449179188664436
490,0,0.0,1.6582280766035322,-0.1429761097160373,"(1, 0, 0, 0, 1, 1, 0, 1, 1, 1, 0, 0, 1, 0, 0, 0, 0, 1, 0, 1, 0, 0, 1, 1, 1)",6,11,7,12,8.392666666666667,8.112,8.936666666666667,9.426,0.0,0.1429761097160373,-0.3216962468610856,1.0906350307385493,2.0,2.0,3.0,1.0,5,1,6,-0.2806666666666668,0.5440000000000005,1.0333333333333332,0.1429761097160373,-0.3216962468610856,1.0906350307385493,-0.7024963462480719,1.4355218223553554,-0.095019283474369
490,1,0.2857142857142857,1.6582280766035322,-0.6326324359806543,"(0, 1, 0, 0, 1, 1, 0, 1, 1, 0, 0, 0, 1, 0, 0, 0, 1, 1, 0, 0, 0, 0, 0, 1, 1)",7,12,10,15,8.808666666666667,9.550666666666666,9.061333333333334,10.796666666666669,0.0,0.953923338200793,0.6326324359806543,1.5448421256766645,7.0,5.0,10.0,1.0,5,3,8,0.7419999999999991,0.2526666666666664,1.9879999999999995,0.953923338200793,0.6326324359806543,1.5448421256766645,-0.3514172294921023,-0.6300699068247156,0.7348568295708938
490,2,0.5714285714285714,1.6582280766035322,-0.79967127756385,"(0, 0, 0, 1, 0, 1, 1, 0, 1, 0, 1, 1, 0, 0, 0, 1, 1, 1, 0, 1, 0, 0, 0, 0, 0)",5,10,8,13,6.5713333333333335,9.250666666666667,6.618,8.827333333333334,0.0,2.537862796972486,0.79967127756385,1.23762773735125,3.0,1.0,9.0,9.0,5,3,8,2.679333333333334,0.0466666666666668,2.256,2.537862796972486,0.79967127756385,1.23762773735125,0.2345904154057193,-1.2486533876016273,1.688693478358424
490,3,0.8571428571428571,1.6582280766035322,1.5152519668874953,"(0, 0, 1, 0, 1, 1, 1, 0, 1, 0, 1, 0, 0, 1, 1, 0, 0, 0, 0, 1, 0, 0, 0, 0, 1)",6,11,9,14,7.976666666666667,9.014666666666669,5.8053333333333335,9.921333333333331,0.0,1.0699993035630395,-1.5152519668874953,1.1032375641207357,12.0,10.0,4.0,3.0,5,3,8,1.0380000000000005,-2.171333333333333,1.9446666666666663,1.0699993035630395,-1.5152519668874953,1.1032375641207357,-0.0530621435999915,-1.0879325423768988,1.3952813623129752
490,4,1.1428571428571428,1.6582280766035322,0.1458135222026691,"(1, 1, 1, 1, 0, 0, 0, 0, 0, 1, 1, 1, 0, 0, 1, 0, 0, 1, 1, 1, 0, 0, 0, 1, 0)",7,8,12,13,10.692666666666666,9.46,9.611333333333333,8.835333333333333,0.0,-0.1458135222026691,0.2513873764130958,0.2594205702064173,4.0,4.0,1.0,3.0,1,5,6,-1.232666666666665,-1.0813333333333333,-1.857333333333333,-0.1458135222026691,0.2513873764130958,0.2594205702064173,-1.802250399295033,-2.2099548991725158,-3.510060754109739
490,5,1.4285714285714284,1.6582280766035322,1.6578964309882127,"(1, 1, 0, 0, 1, 0, 0, 0, 1, 1, 1, 0, 1, 1, 0, 1, 0, 1, 1, 1, 0, 1, 0, 0, 1)",7,12,12,17,10.356666666666667,7.285333333333333,10.493333333333334,9.267333333333331,0.0,-1.6578964309882127,0.5394400180755349,-0.9366409166913026,1.0,3.0,1.0,16.0,5,5,10,-3.0713333333333344,0.1366666666666667,-1.0893333333333342,-1.6578964309882127,0.5394400180755349,-0.9366409166913026,-2.343800755976205,-0.667890079813886,-0.2531988523602612
490,6,1.7142857142857142,1.6582280766035322,5.262626322934597,"(1, 0, 1, 1, 1, 1, 0, 1, 1, 1, 0, 0, 0, 0, 0, 1, 0, 0, 0, 1, 0, 0, 0, 0, 0)",5,10,2,7,7.522,9.616666666666667,2.248,6.440666666666667,0.0,1.502723132530934,-5.262626322934597,-0.0893600685725238,5.0,2.0,1.0,16.0,5,-3,2,2.094666666666667,-5.274,-1.0813333333333333,1.502723132530934,-5.262626322934597,-0.0893600685725238,0.9815773880677936,-0.0188601506440724,-1.6449179188664436
490,7,2.0,1.6582280766035322,3.565890505441049,"(0, 1, 0, 0, 0, 1, 0, 0, 0, 1, 0, 1, 1, 0, 0, 1, 0, 0, 1, 1, 1, 0, 1, 1, 1)",7,12,12,17,8.536,9.542,4.815333333333333,7.716666666666667,0.0,0.44617390114479,-3.565890505441049,-1.270055308627052,2.0,35.0,6.0,2.0,5,5,10,1.0060000000000002,-3.7206666666666655,-0.8193333333333328,0.44617390114479,-3.565890505441049,-1.270055308627052,0.928319355137134,-0.2566541761332336,0.7473998341742488
499,0,0.0,1.6582280766035322,1.1486666666666672,"(1, 1, 0, 0, 1, 1, 1, 1, 1, 1, 0, 0, 1, 0, 0, 0, 0, 1, 1, 1, 0, 0, 1, 0, 1)",7,12,8,13,9.375333333333334,11.166666666666666,8.226666666666667,8.584666666666667,0.0,0.3358833092942479,-1.2629433526540628,-0.9764383905297866,15.0,5.0,13.0,1.0,5,1,6,1.7913333333333323,-1.1486666666666672,-0.7906666666666666,0.3358833092942479,-1.2629433526540628,-0.9764383905297866,2.413468093954896,0.1894968092055048,0.308051888348864
499,1,0.2857142857142857,1.6582280766035322,0.6428397510299704,"(0, 1, 0, 0, 0, 0, 0, 1, 0, 1, 1, 0, 1, 1, 0, 0, 1, 1, 0, 0, 1, 1, 1, 0, 1)",8,11,13,16,10.192666666666666,9.17,8.506666666666666,9.529333333333334,0.0,1.0304229268014349,-0.6428397510299704,0.3704113028004149,10.0,2.0,69.0,33.0,3,5,8,-1.022666666666666,-1.686,-0.6633333333333322,1.0304229268014349,-0.6428397510299704,0.3704113028004149,-3.404490807671336,-1.729797613238834,-1.7141843796752816
499,2,0.5714285714285714,1.6582280766035322,1.5039999999999996,"(0, 0, 1, 1, 0, 0, 1, 1, 1, 1, 1, 1, 0, 0, 0, 1, 1, 0, 0, 1, 0, 0, 1, 0, 0)",7,10,12,15,8.373333333333333,6.8693333333333335,11.836,8.050666666666666,0.0,-1.7852483472713638,0.4283018874302858,0.1328793432051619,14.0,7.0,18.0,6.0,3,5,8,-1.5039999999999996,3.4626666666666672,-0.3226666666666666,-1.7852483472713638,0.4283018874302858,0.1328793432051619,0.4663739059437167,5.031668871586646,-0.7553991837541761
499,3,0.8571428571428571,1.6582280766035322,1.5152519668874953,"(0, 0, 1, 0, 1, 1, 1, 0, 1, 0, 1, 0, 0, 1, 1, 0, 0, 0, 0, 1, 0, 0, 0, 0, 1)",6,11,9,14,7.976666666666667,9.014666666666669,5.8053333333333335,9.921333333333331,0.0,1.0699993035630395,-1.5152519668874953,1.1032375641207357,12.0,10.0,4.0,3.0,5,3,8,1.0380000000000005,-2.171333333333333,1.9446666666666663,1.0699993035630395,-1.5152519668874953,1.1032375641207357,-0.0530621435999915,-1.0879325423768988,1.3952813623129752
499,4,1.1428571428571428,1.6582280766035322,0.1017046553650162,"(1, 1, 1, 1, 0, 0, 0, 0, 0, 1, 1, 1, 0, 0, 1, 0, 0, 0, 0, 1, 0, 0, 0, 1, 0)",6,7,11,12,8.282666666666668,7.969333333333333,9.002666666666666,9.954666666666666,0.0,-0.1017046553650162,1.2442238001448502,1.533013432063558,2.0,2.0,24.0,55.0,1,5,6,-0.3133333333333343,0.7199999999999989,1.6719999999999988,-0.1017046553650162,1.2442238001448502,1.533013432063558,-0.3509286156215525,-0.8692826238239914,0.2304714292229704
499,5,1.4285714285714284,1.6582280766035322,0.890763273238604,"(1, 1, 0, 0, 1, 0, 0, 0, 1, 1, 1, 0, 1, 1, 0, 1, 0, 1, 1, 1, 1, 0, 0, 0, 1)",7,10,10,13,9.859333333333334,9.161333333333332,10.189333333333334,8.645333333333333,0.0,-0.5049488740821821,-0.3617516672892625,-0.890763273238604,2.0,24.0,2.0,1.0,3,3,6,-0.6980000000000004,0.33,-1.2140000000000004,-0.5049488740821821,-0.3617516672892625,-0.890763273238604,-0.32012279721685,1.1470820367363606,-0.5360002157051718
499,6,1.7142857142857142,1.6582280766035322,5.262626322934597,"(1, 0, 1, 1, 1, 1, 0, 1, 1, 1, 0, 0, 0, 0, 0, 1, 0, 0, 0, 1, 0, 0, 0, 0, 0)",5,10,2,7,7.522,9.616666666666667,2.248,6.440666666666667,0.0,1.502723132530934,-5.262626322934597,-0.0893600685725238,5.0,2.0,1.0,16.0,5,-3,2,2.094666666666667,-5.274,-1.0813333333333333,1.502723132530934,-5.262626322934597,-0.0893600685725238,0.9815773880677936,-0.0188601506440724,-1.6449179188664436
499,7,2.0,1.6582280766035322,3.565890505441049,"(0, 1, 0, 0, 0, 1, 0, 0, 0, 1, 0, 1, 1, 0, 0, 1, 0, 0, 1, 1, 1, 0, 1, 1, 1)",7,12,12,17,8.536,9.542,4.815333333333333,7.716666666666667,0.0,0.44617390114479,-3.565890505441049,-1.270055308627052,2.0,35.0,6.0,2.0,5,5,10,1.0060000000000002,-3.7206666666666655,-0.8193333333333328,0.44617390114479,-3.565890505441049,-1.270055308627052,0.928319355137134,-0.2566541761332336,0.7473998341742488
