step,replica,lambda,beta,phi,syndrome,E0_II,E0_IX,E0_XI,E0_XX,U_II,U_IX,U_XI,U_XX,F_II,F_IX,F_XI,F_XX,g_II,g_IX,g_XI,g_XX,Z_II,Z_IX,Z_XI,Z_XX,delta_E0_IX,delta_E0_XI,delta_E0_XX,delta_U_IX,delta_U_XI,delta_U_XX,delta_F_IX,delta_F_XI,delta_F_XX,delta_S_IX,delta_S_XI,delta_S_XX
0,0,0.0,1.6582280766035322,-6.5307193950043345,"(0, 0, 1, 0, 1, 1, 0, 0, 0, 1, 0, 0, 0, 0, 0, 1, 1, 1, 0, 1, 0, 1, 1, 1, 1)",7.0,10.0,10.0,11.0,7.015333333333333,10.953666666666667,10.542333333333334,11.380666666666666,0.0,6.5307193950043345,6.971725151977045,11.023513333375742,8.0,15.0,15.0,2.0,0.10266849945029446,0.028808129405989206,0.09754719414657384,0.12136706008281689,3.0,3.0,4.0,3.9383333333333335,3.527,4.365333333333333,6.5307193950043345,6.971725151977045,11.023513333375742,-4.29876735285851,-5.7121399631907055,-11.040781015150431
0,1,0.2857142857142857,1.6582280766035322,-7.66713994541355,"(1, 0, 1, 1, 0, 1, 0, 0, 0, 0, 0, 0, 0, 0, 0, 0, 1, 1, 0, 1, 1, 1, 1, 0, 0)",6.0,9.0,10.0,12.0,6.028666666666667,9.429666666666666,10.143,13.511333333333333,0.0,7.66713994541355,8.139403301630237,13.01137872685165,5.0,2.0,10.0,4.0,0.4357285657734008,0.014533365202696295,0.08617932965487189,0.06073587604191595,3.0,4.0,6.0,3.400999999999999,4.114333333333334,7.482666666666666,7.66713994541355,8.139403301630237,13.01137872685165,-7.07423303620461,-6.6744840317236145,-9.167865565655298
0,2,0.5714285714285714,1.6582280766035322,-6.200252964093657,"(0, 0, 0, 0, 0, 1, 1, 1, 0, 0, 0, 0, 0, 0, 1, 0, 1, 1, 0, 0, 1, 0, 1, 1, 1)",6.0,9.0,10.0,13.0,6.016333333333334,9.245,10.395333333333333,13.634,0.0,6.200252964093657,7.5783418319114295,11.815308027575727,2.0,2.0,6.0,47.0,0.16465976845928568,0.15128650599245544,0.06265656137269704,6.85209009785033e-05,3.0,4.0,7.0,3.2286666666666655,4.379,7.617666666666667,6.200252964093657,7.5783418319114295,11.815308027575727,-4.927567830443772,-5.305238452327711,-6.960646760171664
0,3,0.8571428571428571,1.6582280766035322,-7.309598334963217,"(1, 1, 0, 0, 0, 0, 1, 1, 0, 0, 0, 1, 1, 0, 0, 0, 0, 1, 1, 1, 1, 0, 0, 1, 1)",7.0,11.0,10.0,12.0,7.034,11.909333333333333,10.914,13.891,0.0,8.28830297053103,7.309598334963217,10.138848654507758,8.0,19.0,7.0,1.0,0.11743381342553182,0.009867884029015193,0.13058925359364137,0.07013125057472812,4.0,3.0,5.0,4.875333333333333,3.88,6.857,8.28830297053103,7.309598334963217,10.138848654507758,-5.659482076996592,-5.687056250508733,-5.442053582068289
0,4,1.1428571428571428,1.6582280766035322,-6.910914243456711,"(0, 0, 0, 0, 0, 0, 0, 0, 1, 0, 0, 1, 0, 1, 1, 1, 0, 0, 0, 1, 1, 0, 0, 0, 1)",5.0,7.0,8.0,11.0,5.058,9.984,8.330333333333334,12.342666666666666,0.0,6.910914243456711,7.50912923446964,12.74030449821799,4.0,1.0,2.0,9.0,0.25009626788456363,0.06201079490162972,0.08030833259336863,0.08176767676245132,2.0,3.0,6.0,4.926,3.272333333333334,7.284666666666666,6.910914243456711,7.50912923446964,12.74030449821799,-3.2914405281501766,-7.025573918102985,-9.046691828058815
0,5,1.4285714285714284,1.6582280766035322,-6.955677189146804,"(0, 1, 0, 0, 1, 0, 1, 0, 1, 1, 0, 1, 0, 1, 0, 0, 1, 1, 1, 0, 0, 0, 0, 1, 1)",6.0,11.0,9.0,12.0,6.213333333333333,11.887666666666666,9.498,12.710333333333333,0.0,8.068145556227302,6.955677189146804,11.905239263596858,1.0,9.0,1.0,1.0,0.19828745899922323,0.0662401981065281,0.002823604545205416,0.005315945876510135,5.0,3.0,6.0,5.674333333333333,3.2846666666666664,6.497,8.068145556227302,6.955677189146804,11.905239263596858,-3.9694866381194918,-6.087372717883566,-8.968094191885921
0,6,1.7142857142857142,1.6582280766035322,-8.897360930689302,"(0, 0, 0, 0, 1, 0, 1, 1, 1, 1, 0, 0, 0, 0, 0, 0, 0, 0, 1, 0, 1, 1, 0, 0, 0)",5.0,9.0,9.0,12.0,5.0,9.081333333333333,9.602333333333334,12.341,0.0,8.897360930689302,9.080097664731014,13.616807009997803,1.0,2.0,3.0,30.0,0.1885194387383711,0.0009648289397682264,0.02490186103566119,0.03674546433024365,4.0,4.0,7.0,4.081333333333333,4.602333333333334,7.340999999999999,8.897360930689302,9.080097664731014,13.616807009997803,-7.986072179633119,-7.425154534737476,-10.406719387323623
0,7,2.0,1.6582280766035322,-4.414092591380163,"(0, 1, 1, 1, 1, 1, 0, 1, 1, 1, 1, 0, 1, 1, 1, 0, 1, 0, 0, 1, 0, 1, 0, 0, 1)",8.0,12.0,11.0,13.0,8.106666666666667,12.502333333333333,11.433,13.963333333333333,0.0,7.321233568634052,4.414092591380163,9.562549911240607,6.0,27.0,6.0,4.0,0.15564111142280673,0.09612925369987257,0.002263402583643746,0.05988146119526202,4.0,3.0,5.0,4.395666666666665,3.3263333333333325,5.856666666666666,7.321233568634052,4.414092591380163,9.562549911240607,-4.851257176824334,-1.8037529422786807,-6.1451996447671045
1,0,0.0,1.6582280766035322,-6.5307193950043345,"(0, 0, 1, 0, 1, 1, 0, 0, 0, 1, 0, 0, 0, 0, 0, 1, 1, 1, 0, 1, 0, 1, 1, 1, 1)",7.0,10.0,10.0,11.0,7.015333333333333,10.953666666666667,10.542333333333334,11.380666666666666,0.0,6.5307193950043345,6.971725151977045,11.023513333375742,8.0,15.0,15.0,2.0,0.10266849945029446,0.028808129405989206,0.09754719414657384,0.12136706008281689,3.0,3.0,4.0,3.9383333333333335,3.527,4.365333333333333,6.5307193950043345,6.971725151977045,11.023513333375742,-4.29876735285851,-5.7121399631907055,-11.040781015150431
1,1,0.2857142857142857,1.6582280766035322,-7.66713994541355,"(1, 0, 1, 1, 0, 1, 0, 0, 0, 0, 0, 0, 0, 0, 0, 0, 1, 1, 0, 1, 1, 1, 1, 0, 0)",6.0,9.0,10.0,12.0,6.028666666666667,9.429666666666666,10.143,13.511333333333333,0.0,7.66713994541355,8.139403301630237,13.01137872685165,5.0,2.0,10.0,4.0,0.4357285657734008,0.014533365202696295,0.08617932965487189,0.06073587604191595,3.0,4.0,6.0,3.400999999999999,4.114333333333334,7.482666666666666,7.66713994541355,8.139403301630237,13.01137872685165,-7.07423303620461,-6.6744840317236145,-9.167865565655298
1,2,0.5714285714285714,1.6582280766035322,-6.200252964093657,"(0, 0, 0, 0, 0, 1, 1, 1, 0, 0, 0, 0, 0, 0, 1, 0, 1, 1, 0, 0, 1, 0, 1, 1, 1)",6.0,9.0,10.0,13.0,6.016333333333334,9.245,10.395333333333333,13.634,0.0,6.200252964093657,7.5783418319114295,11.815308027575727,2.0,2.0,6.0,47.0,0.16465976845928568,0.15128650599245544,0.06265656137269704,6.85209009785033e-05,3.0,4.0,7.0,3.2286666666666655,4.379,7.617666666666667,6.200252964093657,7.5783418319114295,11.815308027575727,-4.927567830443772,-5.305238452327711,-6.960646760171664
1,3,0.8571428571428571,1.6582280766035322,-7.309598334963217,"(1, 1, 0, 0, 0, 0, 1, 1, 0, 0, 0, 1, 1, 0, 0, 0, 0, 1, 1, 1, 1, 0, 0, 1, 1)",7.0,11.0,10.0,12.0,7.034,11.909333333333333,10.914,13.891,0.0,8.28830297053103,7.309598334963217,10.138848654507758,8.0,19.0,7.0,1.0,0.11743381342553182,0.009867884029015193,0.13058925359364137,0.07013125057472812,4.0,3.0,5.0,4.875333333333333,3.88,6.857,8.28830297053103,7.309598334963217,10.138848654507758,-5.659482076996592,-5.687056250508733,-5.442053582068289
1,4,1.1428571428571428,1.6582280766035322,-6.910914243456711,"(0, 0, 0, 0, 0, 0, 0, 0, 1, 0, 0, 1, 0, 1, 1, 1, 0, 0, 0, 1, 1, 0, 0, 0, 1)",5.0,7.0,8.0,11.0,5.058,9.984,8.330333333333334,12.342666666666666,0.0,6.910914243456711,7.50912923446964,12.74030449821799,4.0,1.0,2.0,9.0,0.25009626788456363,0.06201079490162972,0.08030833259336863,0.08176767676245132,2.0,3.0,6.0,4.926,3.272333333333334,7.284666666666666,6.910914243456711,7.50912923446964,12.74030449821799,-3.2914405281501766,-7.025573918102985,-9.046691828058815
1,5,1.4285714285714284,1.6582280766035322,-6.879242087193584,"(0, 1, 1, 1, 1, 0, 1, 0, 1, 1, 0, 1, 0, 1, 0, 0, 1, 1, 1, 0, 0, 0, 0, 1, 1)",7.0,10.0,10.0,13.0,7.12,11.121,10.148666666666667,14.644333333333334,0.0,6.986962425525391,6.879242087193584,11.33422842541843,1.0,6.0,7.0,14.0,0.24337180346081072,0.06368507964467603,0.0012225392362253276,0.014082363609928197,3.0,3.0,6.0,4.001,3.028666666666667,7.524333333333334,6.986962425525391,6.879242087193584,11.33422842541843,-4.951406729689387,-6.385132273397187,-6.317675010609507
1,6,1.7142857142857142,1.6582280766035322,-7.589894154178435,"(0, 0, 0, 0, 1, 0, 1, 1, 1, 1, 0, 0, 0, 0, 0, 0, 0, 0, 1, 0, 0, 0, 0, 0, 0)",4.0,8.0,8.0,11.0,4.152666666666667,9.111333333333333,8.379,11.722666666666667,0.0,8.061217847818378,7.589894154178435,14.22452917531659,1.0,1.0,5.0,6.0,0.2550129263494329,0.07947454000301517,2.4933405700924793e-05,0.01693793928783656,4.0,4.0,7.0,4.958666666666666,4.226333333333333,7.57,8.061217847818378,7.589894154178435,14.22452917531659,-5.144737477685221,-5.577550990488971,-11.034727115087318
1,7,2.0,1.6582280766035322,-4.414092591380163,"(0, 1, 1, 1, 1, 1, 0, 1, 1, 1, 1, 0, 1, 1, 1, 0, 1, 0, 0, 1, 0, 1, 0, 0, 1)",8.0,12.0,11.0,13.0,8.106666666666667,12.502333333333333,11.433,13.963333333333333,0.0,7.321233568634052,4.414092591380163,9.562549911240607,6.0,27.0,6.0,4.0,0.15564111142280673,0.09612925369987257,0.002263402583643746,0.05988146119526202,4.0,3.0,5.0,4.395666666666665,3.3263333333333325,5.856666666666666,7.321233568634052,4.414092591380163,9.562549911240607,-4.851257176824334,-1.8037529422786807,-6.1451996447671045
2,0,0.0,1.6582280766035322,-6.5307193950043345,"(0, 0, 1, 0, 1, 1, 0, 0, 0, 1, 0, 0, 0, 0, 0, 1, 1, 1, 0, 1, 0, 1, 1, 1, 1)",7.0,10.0,10.0,11.0,7.015333333333333,10.953666666666667,10.542333333333334,11.380666666666666,0.0,6.5307193950043345,6.971725151977045,11.023513333375742,8.0,15.0,15.0,2.0,0.10266849945029446,0.028808129405989206,0.09754719414657384,0.12136706008281689,3.0,3.0,4.0,3.9383333333333335,3.527,4.365333333333333,6.5307193950043345,6.971725151977045,11.023513333375742,-4.29876735285851,-5.7121399631907055,-11.040781015150431
2,1,0.2857142857142857,1.6582280766035322,-8.716733831256164,"(1, 0, 1, 1, 0, 1, 0, 0, 0, 0, 0, 0, 0, 0, 0, 0, 1, 1, 0, 1, 1, 1, 0, 1, 0)",6.0,10.0,10.0,13.0,6.012666666666667,10.508666666666667,11.421,14.043333333333333,0.0,8.95386965858867,8.716733831256164,12.88469010179914,2.0,2.0,1.0,20.0,0.16028365314859552,0.0680785587756713,0.1167628100702288,0.0038230574667874172,4.0,4.0,7.0,4.4959999999999996,5.408333333333332,8.030666666666665,8.95386965858867,8.716733831256164,12.88469010179914,-7.392164629710737,-5.4860825943047455,-8.049077944628195
2,2,0.5714285714285714,1.6582280766035322,-6.200252964093657,"(0, 0, 0, 0, 0, 1, 1, 1, 0, 0, 0, 0, 0, 0, 1, 0, 1, 1, 0, 0, 1, 0, 1, 1, 1)",6.0,9.0,10.0,13.0,6.016333333333334,9.245,10.395333333333333,13.634,0.0,6.200252964093657,7.5783418319114295,11.815308027575727,2.0,2.0,6.0,47.0,0.16465976845928568,0.15128650599245544,0.06265656137269704,6.85209009785033e-05,3.0,4.0,7.0,3.2286666666666655,4.379,7.617666666666667,6.200252964093657,7.5783418319114295,11.815308027575727,-4.927567830443772,-5.305238452327711,-6.960646760171664
2,3,0.8571428571428571,1.6582280766035322,-7.2750703414570514,"(1, 1, 0, 0, 0, 0, 1, 1, 0, 0, 0, 1, 1, 1, 0, 0, 0, 1, 0, 1, 1, 0, 0, 1, 1)",8.0,11.0,11.0,11.0,8.144333333333334,11.718,12.303,12.775666666666666,0.0,8.718530245005814,7.2750703414570514,9.500421632637194,24.0,13.0,9.0,4.0,0.11407008704481657,0.06269877238211646,0.10798511991569822,0.002526893129314064,3.0,3.0,3.0,3.573666666666666,4.158666666666667,4.631333333333332,8.718530245005814,7.2750703414570514,9.500421632637194,-8.531357235896891,-5.167708071567839,-8.074058925367407
2,4,1.1428571428571428,1.6582280766035322,-7.558995837684389,"(0, 0, 0, 0, 0, 0, 0, 1, 0, 0, 0, 1, 0, 1, 1, 1, 0, 0, 0, 1, 1, 0, 0, 0, 1)",5.0,10.0,9.0,11.0,5.013333333333334,10.284,9.388333333333334,11.524666666666667,0.0,7.558995837684389,8.726204156049208,12.61433443866534,4.0,22.0,8.0,15.0,0.12852495099978878,0.020402103263909333,0.08109705564853441,0.03375280343234145,5.0,4.0,6.0,5.270666666666667,4.375,6.511333333333333,7.558995837684389,8.726204156049208,12.61433443866534,-3.794571679892472,-7.215288898594775,-10.120167784403925
2,5,1.4285714285714284,1.6582280766035322,-4.102916880427306,"(0, 1, 1, 1, 1, 0, 1, 1, 1, 1, 0, 1, 1, 1, 0, 0, 1, 1, 1, 0, 0, 0, 0, 1, 1)",8.0,9.0,9.0,12.0,8.086666666666666,9.206333333333333,9.17,13.381,0.0,4.102916880427306,4.118513436725582,8.962188436106295,25.0,1.0,3.0,6.0,0.17272046455638215,0.183045696067636,0.0045845264115975,0.004424249921478819,1.0,1.0,4.0,1.1196666666666673,1.083333333333334,5.294333333333334,4.102916880427306,4.118513436725582,8.962188436106295,-4.94690926399138,-5.033020864993437,-6.082140312331658
2,6,1.7142857142857142,1.6582280766035322,-7.589894154178435,"(0, 0, 0, 0, 1, 0, 1, 1, 1, 1, 0, 0, 0, 0, 0, 0, 0, 0, 1, 0, 0, 0, 0, 0, 0)",4.0,8.0,8.0,11.0,4.152666666666667,9.111333333333333,8.379,11.722666666666667,0.0,8.061217847818378,7.589894154178435,14.22452917531659,1.0,1.0,5.0,6.0,0.2550129263494329,0.07947454000301517,2.4933405700924793e-05,0.01693793928783656,4.0,4.0,7.0,4.958666666666666,4.226333333333333,7.57,8.061217847818378,7.589894154178435,14.22452917531659,-5.144737477685221,-5.577550990488971,-11.034727115087318
2,7,2.0,1.6582280766035322,-4.414092591380163,"(0, 1, 1, 1, 1, 1, 0, 1, 1, 1, 1, 0, 1, 1, 1, 0, 1, 0, 0, 1, 0, 1, 0, 0, 1)",8.0,12.0,11.0,13.0,8.106666666666667,12.502333333333333,11.433,13.963333333333333,0.0,7.321233568634052,4.414092591380163,9.562549911240607,6.0,27.0,6.0,4.0,0.15564111142280673,0.09612925369987257,0.002263402583643746,0.05988146119526202,4.0,3.0,5.0,4.395666666666665,3.3263333333333325,5.856666666666666,7.321233568634052,4.414092591380163,9.562549911240607,-4.851257176824334,-1.8037529422786807,-6.1451996447671045
3,0,0.0,1.6582280766035322,-6.5307193950043345,"(0, 0, 1, 0, 1, 1, 0, 0, 0, 1, 0, 0, 0, 0, 0, 1, 1, 1, 0, 1, 0, 1, 1, 1, 1)",7.0,10.0,10.0,11.0,7.015333333333333,10.953666666666667,10.542333333333334,11.380666666666666,0.0,6.5307193950043345,6.971725151977045,11.023513333375742,8.0,15.0,15.0,2.0,0.10266849945029446,0.028808129405989206,0.09754719414657384,0.12136706008281689,3.0,3.0,4.0,3.9383333333333335,3.527,4.365333333333333,6.5307193950043345,6.971725151977045,11.023513333375742,-4.29876735285851,-5.7121399631907055,-11.040781015150431
3,1,0.2857142857142857,1.6582280766035322,-8.716733831256164,"(1, 0, 1, 1, 0, 1, 0, 0, 0, 0, 0, 0, 0, 0, 0, 0, 1, 1, 0, 1, 1, 1, 0, 1, 0)",6.0,10.0,10.0,13.0,6.012666666666667,10.508666666666667,11.421,14.043333333333333,0.0,8.95386965858867,8.716733831256164,12.88469010179914,2.0,2.0,1.0,20.0,0.16028365314859552,0.0680785587756713,0.1167628100702288,0.0038230574667874172,4.0,4.0,7.0,4.4959999999999996,5.408333333333332,8.030666666666665,8.95386965858867,8.716733831256164,12.88469010179914,-7.392164629710737,-5.4860825943047455,-8.049077944628195
3,2,0.5714285714285714,1.6582280766035322,-6.200252964093657,"(0, 0, 0, 0, 0, 1, 1, 1, 0, 0, 0, 0, 0, 0, 1, 0, 1, 1, 0, 0, 1, 0, 1, 1, 1)",6.0,9.0,10.0,13.0,6.016333333333334,9.245,10.395333333333333,13.634,0.0,6.200252964093657,7.5783418319114295,11.815308027575727,2.0,2.0,6.0,47.0,0.16465976845928568,0.15128650599245544,0.06265656137269704,6.85209009785033e-05,3.0,4.0,7.0,3.2286666666666655,4.379,7.617666666666667,6.200252964093657,7.5783418319114295,11.815308027575727,-4.927567830443772,-5.305238452327711,-6.960646760171664
3,3,0.8571428571428571,1.6582280766035322,-7.129827986702988,"(1, 1, 0, 0, 0, 0, 1, 1, 0, 0, 0, 1, 1, 1, 0, 0, 0, 1, 0, 1, 1, 0, 1, 0, 1)",7.0,11.0,11.0,12.0,7.123333333333333,12.191333333333333,11.39,14.24,0.0,7.129827986702988,7.186548599301032,10.471489206674427,4.0,23.0,7.0,7.0,0.2901424355839596,0.01183536571277188,0.062408201965223474,0.0007915323959776896,4.0,4.0,5.0,5.068,4.2666666666666675,7.116666666666667,7.129827986702988,7.186548599301032,10.471489206674427,-3.41898105667783,-4.841830201061687,-5.563060927863244
3,4,1.1428571428571428,1.6582280766035322,-7.558995837684389,"(0, 0, 0, 0, 0, 0, 0, 1, 0, 0, 0, 1, 0, 1, 1, 1, 0, 0, 0, 1, 1, 0, 0, 0, 1)",5.0,10.0,9.0,11.0,5.013333333333334,10.284,9.388333333333334,11.524666666666667,0.0,7.558995837684389,8.726204156049208,12.61433443866534,4.0,22.0,8.0,15.0,0.12852495099978878,0.020402103263909333,0.08109705564853441,0.03375280343234145,5.0,4.0,6.0,5.270666666666667,4.375,6.511333333333333,7.558995837684389,8.726204156049208,12.61433443866534,-3.794571679892472,-7.215288898594775,-10.120167784403925
3,5,1.4285714285714284,1.6582280766035322,-4.102916880427306,"(0, 1, 1, 1, 1, 0, 1, 1, 1, 1, 0, 1, 1, 1, 0, 0, 1, 1, 1, 0, 0, 0, 0, 1, 1)",8.0,9.0,9.0,12.0,8.086666666666666,9.206333333333333,9.17,13.381,0.0,4.102916880427306,4.118513436725582,8.962188436106295,25.0,1.0,3.0,6.0,0.17272046455638215,0.183045696067636,0.0045845264115975,0.004424249921478819,1.0,1.0,4.0,1.1196666666666673,1.083333333333334,5.294333333333334,4.102916880427306,4.118513436725582,8.962188436106295,-4.94690926399138,-5.033020864993437,-6.082140312331658
3,6,1.7142857142857142,1.6582280766035322,-7.589894154178435,"(0, 0, 0, 0, 1, 0, 1, 1, 1, 1, 0, 0, 0, 0, 0, 0, 0, 0, 1, 0, 0, 0, 0, 0, 0)",4.0,8.0,8.0,11.0,4.152666666666667,9.111333333333333,8.379,11.722666666666667,0.0,8.061217847818378,7.589894154178435,14.22452917531659,1.0,1.0,5.0,6.0,0.2550129263494329,0.07947454000301517,2.4933405700924793e-05,0.01693793928783656,4.0,4.0,7.0,4.958666666666666,4.226333333333333,7.57,8.061217847818378,7.589894154178435,14.22452917531659,-5.144737477685221,-5.577550990488971,-11.034727115087318
3,7,2.0,1.6582280766035322,-4.414092591380163,"(0, 1, 1, 1, 1, 1, 0, 1, 1, 1, 1, 0, 1, 1, 1, 0, 1, 0, 0, 1, 0, 1, 0, 0, 1)",8.0,12.0,11.0,13.0,8.106666666666667,12.502333333333333,11.433,13.963333333333333,0.0,7.321233568634052,4.414092591380163,9.562549911240607,6.0,27.0,6.0,4.0,0.15564111142280673,0.09612925369987257,0.002263402583643746,0.05988146119526202,4.0,3.0,5.0,4.395666666666665,3.3263333333333325,5.856666666666666,7.321233568634052,4.414092591380163,9.562549911240607,-4.851257176824334,-1.8037529422786807,-6.1451996447671045
4,0,0.0,1.6582280766035322,-6.5307193950043345,"(0, 0, 1, 0, 1, 1, 0, 0, 0, 1, 0, 0, 0, 0, 0, 1, 1, 1, 0, 1, 0, 1, 1, 1, 1)",7.0,10.0,10.0,11.0,7.015333333333333,10.953666666666667,10.542333333333334,11.380666666666666,0.0,6.5307193950043345,6.971725151977045,11.023513333375742,8.0,15.0,15.0,2.0,0.10266849945029446,0.028808129405989206,0.09754719414657384,0.12136706008281689,3.0,3.0,4.0,3.9383333333333335,3.527,4.365333333333333,6.5307193950043345,6.971725151977045,11.023513333375742,-4.29876735285851,-5.7121399631907055,-11.040781015150431
4,1,0.2857142857142857,1.6582280766035322,-8.716733831256164,"(1, 0, 1, 1, 0, 1, 0, 0, 0, 0, 0, 0, 0, 0, 0, 0, 1, 1, 0, 1, 1, 1, 0, 1, 0)",6.0,10.0,10.0,13.0,6.012666666666667,10.508666666666667,11.421,14.043333333333333,0.0,8.95386965858867,8.716733831256164,12.88469010179914,2.0,2.0,1.0,20.0,0.16028365314859552,0.0680785587756713,0.1167628100702288,0.0038230574667874172,4.0,4.0,7.0,4.4959999999999996,5.408333333333332,8.030666666666665,8.95386965858867,8.716733831256164,12.88469010179914,-7.392164629710737,-5.4860825943047455,-8.049077944628195
4,2,0.5714285714285714,1.6582280766035322,-6.200252964093657,"(0, 0, 0, 0, 0, 1, 1, 1, 0, 0, 0, 0, 0, 0, 1, 0, 1, 1, 0, 0, 1, 0, 1, 1, 1)",6.0,9.0,10.0,13.0,6.016333333333334,9.245,10.395333333333333,13.634,0.0,6.200252964093657,7.5783418319114295,11.815308027575727,2.0,2.0,6.0,47.0,0.16465976845928568,0.15128650599245544,0.06265656137269704,6.85209009785033e-05,3.0,4.0,7.0,3.2286666666666655,4.379,7.617666666666667,6.200252964093657,7.5783418319114295,11.815308027575727,-4.927567830443772,-5.305238452327711,-6.960646760171664
4,3,0.8571428571428571,1.6582280766035322,-7.129827986702988,"(1, 1, 0, 0, 0, 0, 1, 1, 0, 0, 0, 1, 1, 1, 0, 0, 0, 1, 0, 1, 1, 0, 1, 0, 1)",7.0,11.0,11.0,12.0,7.123333333333333,12.191333333333333,11.39,14.24,0.0,7.129827986702988,7.186548599301032,10.471489206674427,4.0,23.0,7.0,7.0,0.2901424355839596,0.01183536571277188,0.062408201965223474,0.0007915323959776896,4.0,4.0,5.0,5.068,4.2666666666666675,7.116666666666667,7.129827986702988,7.186548599301032,10.471489206674427,-3.41898105667783,-4.841830201061687,-5.563060927863244
4,4,1.1428571428571428,1.6582280766035322,-7.558995837684389,"(0, 0, 0, 0, 0, 0, 0, 1, 0, 0, 0, 1, 0, 1, 1, 1, 0, 0, 0, 1, 1, 0, 0, 0, 1)",5.0,10.0,9.0,11.0,5.013333333333334,10.284,9.388333333333334,11.524666666666667,0.0,7.558995837684389,8.726204156049208,12.61433443866534,4.0,22.0,8.0,15.0,0.12852495099978878,0.020402103263909333,0.08109705564853441,0.03375280343234145,5.0,4.0,6.0,5.270666666666667,4.375,6.511333333333333,7.558995837684389,8.726204156049208,12.61433443866534,-3.794571679892472,-7.215288898594775,-10.120167784403925
4,5,1.4285714285714284,1.6582280766035322,-4.102916880427306,"(0, 1, 1, 1, 1, 0, 1, 1, 1, 1, 0, 1, 1, 1, 0, 0, 1, 1, 1, 0, 0, 0, 0, 1, 1)",8.0,9.0,9.0,12.0,8.086666666666666,9.206333333333333,9.17,13.381,0.0,4.102916880427306,4.118513436725582,8.962188436106295,25.0,1.0,3.0,6.0,0.17272046455638215,0.183045696067636,0.0045845264115975,0.004424249921478819,1.0,1.0,4.0,1.1196666666666673,1.083333333333334,5.294333333333334,4.102916880427306,4.118513436725582,8.962188436106295,-4.94690926399138,-5.033020864993437,-6.082140312331658
4,6,1.7142857142857142,1.6582280766035322,-8.101015321656863,"(0, 0, 0, 0, 1, 0, 1, 1, 1, 1, 0, 0, 1, 0, 0, 0, 0, 1, 1, 0, 0, 0, 0, 0, 0)",5.0,8.0,8.0,11.0,5.132333333333333,8.911666666666667,9.000333333333334,11.457,0.0,8.151130659083103,8.101015321656863,13.473886174550984,4.0,3.0,1.0,12.0,0.12603956852999884,0.10557310464268027,0.000991774972074652,0.01598402029763763,3.0,3.0,6.0,3.7793333333333337,3.8680000000000003,6.324666666666667,8.151130659083103,8.101015321656863,13.473886174550984,-7.249437070778506,-7.019304855064342,-11.855036513775461
4,7,2.0,1.6582280766035322,-4.414092591380163,"(0, 1, 1, 1, 1, 1, 0, 1, 1, 1, 1, 0, 1, 1, 1, 0, 1, 0, 0, 1, 0, 1, 0, 0, 1)",8.0,12.0,11.0,13.0,8.106666666666667,12.502333333333333,11.433,13.963333333333333,0.0,7.321233568634052,4.414092591380163,9.562549911240607,6.0,27.0,6.0,4.0,0.15564111142280673,0.09612925369987257,0.002263402583643746,0.05988146119526202,4.0,3.0,5.0,4.395666666666665,3.3263333333333325,5.856666666666666,7.321233568634052,4.414092591380163,9.562549911240607,-4.851257176824334,-1.8037529422786807,-6.1451996447671045
5,0,0.0,1.6582280766035322,-6.5307193950043345,"(0, 0, 1, 0, 1, 1, 0, 0, 0, 1, 0, 0, 0, 0, 0, 1, 1, 1, 0, 1, 0, 1, 1, 1, 1)",7.0,10.0,10.0,11.0,7.015333333333333,10.953666666666667,10.542333333333334,11.380666666666666,0.0,6.5307193950043345,6.971725151977045,11.023513333375742,8.0,15.0,15.0,2.0,0.10266849945029446,0.028808129405989206,0.09754719414657384,0.12136706008281689,3.0,3.0,4.0,3.9383333333333335,3.527,4.365333333333333,6.5307193950043345,6.971725151977045,11.023513333375742,-4.29876735285851,-5.7121399631907055,-11.040781015150431
5,1,0.2857142857142857,1.6582280766035322,-7.311569783898735,"(1, 0, 1, 1, 0, 1, 0, 0, 0, 0, 0, 0, 0, 0, 0, 0, 1, 1, 1, 0, 1, 1, 0, 1, 0)",5.0,9.0,9.0,12.0,5.096666666666667,9.675666666666666,9.982666666666667,13.568,0.0,8.020453074268541,7.311569783898735,13.29500021459828,1.0,2.0,2.0,9.0,0.46013902804840634,0.053496200534482743,0.006111936189124168,0.00025710599591952083,4.0,4.0,7.0,4.579,4.886,8.471333333333334,8.020453074268541,7.311569783898735,13.29500021459828,-5.706714112065637,-4.0221479174220445,-7.998739854696131
5,2,0.5714285714285714,1.6582280766035322,-6.200252964093657,"(0, 0, 0, 0, 0, 1, 1, 1, 0, 0, 0, 0, 0, 0, 1, 0, 1, 1, 0, 0, 1, 0, 1, 1, 1)",6.0,9.0,10.0,13.0,6.016333333333334,9.245,10.395333333333333,13.634,0.0,6.200252964093657,7.5783418319114295,11.815308027575727,2.0,2.0,6.0,47.0,0.16465976845928568,0.15128650599245544,0.06265656137269704,6.85209009785033e-05,3.0,4.0,7.0,3.2286666666666655,4.379,7.617666666666667,6.200252964093657,7.5783418319114295,11.815308027575727,-4.927567830443772,-5.305238452327711,-6.960646760171664
5,3,0.8571428571428571,1.6582280766035322,-7.129827986702988,"(1, 1, 0, 0, 0, 0, 1, 1, 0, 0, 0, 1, 1, 1, 0, 0, 0, 1, 0, 1, 1, 0, 1, 0, 1)",7.0,11.0,11.0,12.0,7.123333333333333,12.191333333333333,11.39,14.24,0.0,7.129827986702988,7.186548599301032,10.471489206674427,4.0,23.0,7.0,7.0,0.2901424355839596,0.01183536571277188,0.062408201965223474,0.0007915323959776896,4.0,4.0,5.0,5.068,4.2666666666666675,7.116666666666667,7.129827986702988,7.186548599301032,10.471489206674427,-3.41898105667783,-4.841830201061687,-5.563060927863244
5,4,1.1428571428571428,1.6582280766035322,-8.832413664355665,"(0, 0, 0, 0, 0, 0, 1, 1, 0, 0, 0, 0, 0, 1, 1, 1, 0, 0, 0, 1, 1, 0, 0, 0, 1)",4.0,8.0,9.0,10.0,4.173333333333333,8.608333333333333,9.271666666666667,10.932,0.0,8.832413664355665,10.472161710283272,14.053998842394325,2.0,2.0,12.0,5.0,0.38277096356914575,0.0005143329115307188,0.07064123567363387,0.0008705623767173441,4.0,5.0,6.0,4.435,5.098333333333334,6.7586666666666675,8.832413664355665,10.472161710283272,14.053998842394325,-7.291914802674585,-8.911033093507177,-12.097324641940736
5,5,1.4285714285714284,1.6582280766035322,-4.102916880427306,"(0, 1, 1, 1, 1, 0, 1, 1, 1, 1, 0, 1, 1, 1, 0, 0, 1, 1, 1, 0, 0, 0, 0, 1, 1)",8.0,9.0,9.0,12.0,8.086666666666666,9.206333333333333,9.17,13.381,0.0,4.102916880427306,4.118513436725582,8.962188436106295,25.0,1.0,3.0,6.0,0.17272046455638215,0.183045696067636,0.0045845264115975,0.004424249921478819,1.0,1.0,4.0,1.1196666666666673,1.083333333333334,5.294333333333334,4.102916880427306,4.118513436725582,8.962188436106295,-4.94690926399138,-5.033020864993437,-6.082140312331658
5,6,1.7142857142857142,1.6582280766035322,-5.680803806719398,"(0, 1, 1, 0, 1, 0, 1, 1, 1, 1, 0, 0, 1, 0, 0, 0, 0, 1, 1, 0, 0, 0, 0, 0, 0)",6.0,9.0,8.0,10.0,6.427,9.343666666666667,8.207,11.159666666666666,0.0,6.9097995456941055,5.680803806719398,10.886608180895713,9.0,10.0,4.0,2.0,0.266417135811026,0.12348050851869696,0.002628167894219912,0.0021463004018721344,3.0,2.0,4.0,2.916666666666668,1.7800000000000011,4.732666666666667,6.9097995456941055,5.680803806719398,10.886608180895713,-6.621525053611993,-6.468422393624042,-10.20463860067066
5,7,2.0,1.6582280766035322,-4.414092591380163,"(0, 1, 1, 1, 1, 1, 0, 1, 1, 1, 1, 0, 1, 1, 1, 0, 1, 0, 0, 1, 0, 1, 0, 0, 1)",8.0,12.0,11.0,13.0,8.106666666666667,12.502333333333333,11.433,13.963333333333333,0.0,7.321233568634052,4.414092591380163,9.562549911240607,6.0,27.0,6.0,4.0,0.15564111142280673,0.09612925369987257,0.002263402583643746,0.05988146119526202,4.0,3.0,5.0,4.395666666666665,3.3263333333333325,5.856666666666666,7.321233568634052,4.414092591380163,9.562549911240607,-4.851257176824334,-1.8037529422786807,-6.1451996447671045
6,0,0.0,1.6582280766035322,-6.5307193950043345,"(0, 0, 1, 0, 1, 1, 0, 0, 0, 1, 0, 0, 0, 0, 0, 1, 1, 1, 0, 1, 0, 1, 1, 1, 1)",7.0,10.0,10.0,11.0,7.015333333333333,10.953666666666667,10.542333333333334,11.380666666666666,0.0,6.5307193950043345,6.971725151977045,11.023513333375742,8.0,15.0,15.0,2.0,0.10266849945029446,0.028808129405989206,0.09754719414657384,0.12136706008281689,3.0,3.0,4.0,3.9383333333333335,3.527,4.365333333333333,6.5307193950043345,6.971725151977045,11.023513333375742,-4.29876735285851,-5.7121399631907055,-11.040781015150431
6,1,0.2857142857142857,1.6582280766035322,-8.30412983628439,"(1, 0, 0, 0, 0, 1, 0, 0, 0, 0, 0, 0, 0, 0, 0, 0, 1, 1, 1, 0, 1, 1, 0, 1, 0)",4.0,8.0,8.0,11.0,4.000666666666667,8.146333333333333,8.516333333333334,12.581,0.0,8.407732241559296,8.30412983628439,13.638916717685852,1.0,3.0,1.0,8.0,0.37473647181159553,0.04683523891519213,0.06517695984625693,0.03240782194391998,4.0,4.0,7.0,4.145666666666666,4.515666666666667,8.580333333333332,8.407732241559296,8.30412983628439,13.638916717685852,-7.067476800612334,-6.282135995038519,-8.388284995773466
6,2,0.5714285714285714,1.6582280766035322,-6.200252964093657,"(0, 0, 0, 0, 0, 1, 1, 1, 0, 0, 0, 0, 0, 0, 1, 0, 1, 1, 0, 0, 1, 0, 1, 1, 1)",6.0,9.0,10.0,13.0,6.016333333333334,9.245,10.395333333333333,13.634,0.0,6.200252964093657,7.5783418319114295,11.815308027575727,2.0,2.0,6.0,47.0,0.16465976845928568,0.15128650599245544,0.06265656137269704,6.85209009785033e-05,3.0,4.0,7.0,3.2286666666666655,4.379,7.617666666666667,6.200252964093657,7.5783418319114295,11.815308027575727,-4.927567830443772,-5.305238452327711,-6.960646760171664
6,3,0.8571428571428571,1.6582280766035322,-7.129827986702988,"(1, 1, 0, 0, 0, 0, 1, 1, 0, 0, 0, 1, 1, 1, 0, 0, 0, 1, 0, 1, 1, 0, 1, 0, 1)",7.0,11.0,11.0,12.0,7.123333333333333,12.191333333333333,11.39,14.24,0.0,7.129827986702988,7.186548599301032,10.471489206674427,4.0,23.0,7.0,7.0,0.2901424355839596,0.01183536571277188,0.062408201965223474,0.0007915323959776896,4.0,4.0,5.0,5.068,4.2666666666666675,7.116666666666667,7.129827986702988,7.186548599301032,10.471489206674427,-3.41898105667783,-4.841830201061687,-5.563060927863244
6,4,1.1428571428571428,1.6582280766035322,-8.832413664355665,"(0, 0, 0, 0, 0, 0, 1, 1, 0, 0, 0, 0, 0, 1, 1, 1, 0, 0, 0, 1, 1, 0, 0, 0, 1)",4.0,8.0,9.0,10.0,4.173333333333333,8.608333333333333,9.271666666666667,10.932,0.0,8.832413664355665,10.472161710283272,14.053998842394325,2.0,2.0,12.0,5.0,0.38277096356914575,0.0005143329115307188,0.07064123567363387,0.0008705623767173441,4.0,5.0,6.0,4.435,5.098333333333334,6.7586666666666675,8.832413664355665,10.472161710283272,14.053998842394325,-7.291914802674585,-8.911033093507177,-12.097324641940736
6,5,1.4285714285714284,1.6582280766035322,-4.102916880427306,"(0, 1, 1, 1, 1, 0, 1, 1, 1, 1, 0, 1, 1, 1, 0, 0, 1, 1, 1, 0, 0, 0, 0, 1, 1)",8.0,9.0,9.0,12.0,8.086666666666666,9.206333333333333,9.17,13.381,0.0,4.102916880427306,4.118513436725582,8.962188436106295,25.0,1.0,3.0,6.0,0.17272046455638215,0.183045696067636,0.0045845264115975,0.004424249921478819,1.0,1.0,4.0,1.1196666666666673,1.083333333333334,5.294333333333334,4.102916880427306,4.118513436725582,8.962188436106295,-4.94690926399138,-5.033020864993437,-6.082140312331658
6,6,1.7142857142857142,1.6582280766035322,-5.680803806719398,"(0, 1, 1, 0, 1, 0, 1, 1, 1, 1, 0, 0, 1, 0, 0, 0, 0, 1, 1, 0, 0, 0, 0, 0, 0)",6.0,9.0,8.0,10.0,6.427,9.343666666666667,8.207,11.159666666666666,0.0,6.9097995456941055,5.680803806719398,10.886608180895713,9.0,10.0,4.0,2.0,0.266417135811026,0.12348050851869696,0.002628167894219912,0.0021463004018721344,3.0,2.0,4.0,2.916666666666668,1.7800000000000011,4.732666666666667,6.9097995456941055,5.680803806719398,10.886608180895713,-6.621525053611993,-6.468422393624042,-10.20463860067066
6,7,2.0,1.6582280766035322,-4.414092591380163,"(0, 1, 1, 1, 1, 1, 0, 1, 1, 1, 1, 0, 1, 1, 1, 0, 1, 0, 0, 1, 0, 1, 0, 0, 1)",8.0,12.0,11.0,13.0,8.106666666666667,12.502333333333333,11.433,13.963333333333333,0.0,7.321233568634052,4.414092591380163,9.562549911240607,6.0,27.0,6.0,4.0,0.15564111142280673,0.09612925369987257,0.002263402583643746,0.05988146119526202,4.0,3.0,5.0,4.395666666666665,3.3263333333333325,5.856666666666666,7.321233568634052,4.414092591380163,9.562549911240607,-4.851257176824334,-1.8037529422786807,-6.1451996447671045
7,0,0.0,1.6582280766035322,-5.422608482814025,"(0, 0, 1, 0, 1, 0, 0, 0, 0, 1, 1, 0, 0, 0, 0, 1, 1, 1, 0, 1, 0, 1, 1, 1, 1)",7.0,10.0,11.0,12.0,7.195,10.828,11.142,13.214666666666666,0.0,6.764078147273469,5.422608482814025,10.887658392010895,7.0,2.0,13.0,4.0,0.2372107956839222,0.04655405504261607,0.01759108182996584,0.06696712062911502,3.0,4.0,5.0,3.632999999999999,3.946999999999999,6.019666666666666,6.764078147273469,5.422608482814025,10.887658392010895,-5.192041693848636,-2.4468954162765577,-8.072240555639471
7,1,0.2857142857142857,1.6582280766035322,-8.30412983628439,"(1, 0, 0, 0, 0, 1, 0, 0, 0, 0, 0, 0, 0, 0, 0, 0, 1, 1, 1, 0, 1, 1, 0, 1, 0)",4.0,8.0,8.0,11.0,4.000666666666667,8.146333333333333,8.516333333333334,12.581,0.0,8.407732241559296,8.30412983628439,13.638916717685852,1.0,3.0,1.0,8.0,0.37473647181159553,0.04683523891519213,0.06517695984625693,0.03240782194391998,4.0,4.0,7.0,4.145666666666666,4.515666666666667,8.580333333333332,8.407732241559296,8.30412983628439,13.638916717685852,-7.067476800612334,-6.282135995038519,-8.388284995773466
7,2,0.5714285714285714,1.6582280766035322,-8.448662837916793,"(0, 0, 0, 0, 0, 1, 1, 1, 0, 0, 1, 0, 0, 0, 0, 0, 1, 1, 0, 0, 1, 0, 1, 1, 1)",5.0,9.0,9.0,12.0,5.097,9.804666666666666,9.504,12.726333333333333,0.0,8.448662837916793,9.243912173943034,14.04313744849257,1.0,2.0,3.0,27.0,0.3596190621561644,0.06310667099214635,0.007828872010741554,0.05145189895663214,4.0,4.0,7.0,4.7076666666666656,4.406999999999999,7.629333333333332,8.448662837916793,9.243912173943034,14.04313744849257,-6.203424885633276,-8.02070357089777,-10.635550061592324
7,3,0.8571428571428571,1.6582280766035322,-7.129827986702988,"(1, 1, 0, 0, 0, 0, 1, 1, 0, 0, 0, 1, 1, 1, 0, 0, 0, 1, 0, 1, 1, 0, 1, 0, 1)",7.0,11.0,11.0,12.0,7.123333333333333,12.191333333333333,11.39,14.24,0.0,7.129827986702988,7.186548599301032,10.471489206674427,4.0,23.0,7.0,7.0,0.2901424355839596,0.01183536571277188,0.062408201965223474,0.0007915323959776896,4.0,4.0,5.0,5.068,4.2666666666666675,7.116666666666667,7.129827986702988,7.186548599301032,10.471489206674427,-3.41898105667783,-4.841830201061687,-5.563060927863244
7,4,1.1428571428571428,1.6582280766035322,-8.832413664355665,"(0, 0, 0, 0, 0, 0, 1, 1, 0, 0, 0, 0, 0, 1, 1, 1, 0, 0, 0, 1, 1, 0, 0, 0, 1)",4.0,8.0,9.0,10.0,4.173333333333333,8.608333333333333,9.271666666666667,10.932,0.0,8.832413664355665,10.472161710283272,14.053998842394325,2.0,2.0,12.0,5.0,0.38277096356914575,0.0005143329115307188,0.07064123567363387,0.0008705623767173441,4.0,5.0,6.0,4.435,5.098333333333334,6.7586666666666675,8.832413664355665,10.472161710283272,14.053998842394325,-7.291914802674585,-8.911033093507177,-12.097324641940736
7,5,1.4285714285714284,1.6582280766035322,-4.102916880427306,"(0, 1, 1, 1, 1, 0, 1, 1, 1, 1, 0, 1, 1, 1, 0, 0, 1, 1, 1, 0, 0, 0, 0, 1, 1)",8.0,9.0,9.0,12.0,8.086666666666666,9.206333333333333,9.17,13.381,0.0,4.102916880427306,4.118513436725582,8.962188436106295,25.0,1.0,3.0,6.0,0.17272046455638215,0.183045696067636,0.0045845264115975,0.004424249921478819,1.0,1.0,4.0,1.1196666666666673,1.083333333333334,5.294333333333334,4.102916880427306,4.118513436725582,8.962188436106295,-4.94690926399138,-5.033020864993437,-6.082140312331658
7,6,1.7142857142857142,1.6582280766035322,-5.680803806719398,"(0, 1, 1, 0, 1, 0, 1, 1, 1, 1, 0, 0, 1, 0, 0, 0, 0, 1, 1, 0, 0, 0, 0, 0, 0)",6.0,9.0,8.0,10.0,6.427,9.343666666666667,8.207,11.159666666666666,0.0,6.9097995456941055,5.680803806719398,10.886608180895713,9.0,10.0,4.0,2.0,0.266417135811026,0.12348050851869696,0.002628167894219912,0.0021463004018721344,3.0,2.0,4.0,2.916666666666668,1.7800000000000011,4.732666666666667,6.9097995456941055,5.680803806719398,10.886608180895713,-6.621525053611993,-6.468422393624042,-10.20463860067066
7,7,2.0,1.6582280766035322,-4.414092591380163,"(0, 1, 1, 1, 1, 1, 0, 1, 1, 1, 1, 0, 1, 1, 1, 0, 1, 0, 0, 1, 0, 1, 0, 0, 1)",8.0,12.0,11.0,13.0,8.106666666666667,12.502333333333333,11.433,13.963333333333333,0.0,7.321233568634052,4.414092591380163,9.562549911240607,6.0,27.0,6.0,4.0,0.15564111142280673,0.09612925369987257,0.002263402583643746,0.05988146119526202,4.0,3.0,5.0,4.395666666666665,3.3263333333333325,5.856666666666666,7.321233568634052,4.414092591380163,9.562549911240607,-4.851257176824334,-1.8037529422786807,-6.1451996447671045
8,0,0.0,1.6582280766035322,-5.422608482814025,"(0, 0, 1, 0, 1, 0, 0, 0, 0, 1, 1, 0, 0, 0, 0, 1, 1, 1, 0, 1, 0, 1, 1, 1, 1)",7.0,10.0,11.0,12.0,7.195,10.828,11.142,13.214666666666666,0.0,6.764078147273469,5.422608482814025,10.887658392010895,7.0,2.0,13.0,4.0,0.2372107956839222,0.04655405504261607,0.01759108182996584,0.06696712062911502,3.0,4.0,5.0,3.632999999999999,3.946999999999999,6.019666666666666,6.764078147273469,5.422608482814025,10.887658392010895,-5.192041693848636,-2.4468954162765577,-8.072240555639471
8,1,0.2857142857142857,1.6582280766035322,-8.369021828348808,"(1, 0, 0, 0, 0, 1, 0, 0, 0, 0, 0, 0, 0, 0, 0, 0, 1, 0, 0, 0, 1, 1, 0, 1, 0)",4.0,8.0,8.0,12.0,4.099,8.689666666666668,8.0,12.968666666666667,0.0,8.745467238872418,8.369021828348808,14.77244458133921,1.0,2.0,1.0,41.0,0.3297283324067589,0.0002467626806222095,0.06272800304564213,0.0011882877657751051,4.0,4.0,8.0,4.590666666666667,3.901,8.869666666666667,8.745467238872418,8.369021828348808,14.77244458133921,-6.8896069615199975,-7.408999242645442,-9.788152068065259
8,2,0.5714285714285714,1.6582280766035322,-5.5953774236397065,"(0, 0, 0, 0, 0, 1, 1, 1, 0, 1, 1, 0, 0, 0, 1, 0, 1, 1, 0, 0, 1, 0, 1, 1, 1)",6.0,9.0,9.0,12.0,6.249333333333333,10.565,9.467,12.982666666666667,0.0,5.5953774236397065,7.19019670106956,11.501092231815763,2.0,2.0,3.0,6.0,0.30228695196712596,0.0003883882117010421,0.05759319570123036,0.09137351113435575,3.0,3.0,6.0,4.315666666666666,3.217666666666667,6.733333333333333,5.5953774236397065,7.19019670106956,11.501092231815763,-2.122052307144255,-6.5873608381976725,-7.906031667939894
8,3,0.8571428571428571,1.6582280766035322,-6.192910698665586,"(1, 1, 0, 0, 0, 0, 1, 1, 0, 0, 1, 1, 1, 1, 0, 1, 0, 1, 0, 1, 1, 0, 1, 0, 1)",7.0,10.0,12.0,13.0,7.048,11.322333333333333,12.655,14.188666666666666,0.0,6.192910698665586,7.943363893462885,10.71781898745388,2.0,3.0,38.0,2.0,0.2855531563949121,0.011621087611414798,0.02414011811268445,0.003785606320508778,3.0,5.0,6.0,4.274333333333333,5.606999999999999,7.140666666666666,6.192910698665586,7.943363893462885,10.71781898745388,-3.1814388543299748,-3.8742242053029003,-5.9317344126168425
8,4,1.1428571428571428,1.6582280766035322,-8.373324008969773,"(0, 0, 0, 0, 0, 0, 1, 1, 0, 0, 0, 0, 0, 1, 1, 0, 1, 0, 0, 1, 1, 0, 0, 0, 1)",5.0,9.0,8.0,11.0,5.0473333333333334,9.465666666666667,9.903,11.785,0.0,8.373324008969773,8.74618580437228,12.721161176311421,3.0,9.0,2.0,17.0,0.2534798183763701,0.0028472215569584763,0.11683243217406716,0.05528322554945339,4.0,3.0,6.0,4.418333333333334,4.855666666666667,6.737666666666667,8.373324008969773,8.74618580437228,12.721161176311421,-6.558276581045516,-6.45136806670681,-9.921998592096015
8,5,1.4285714285714284,1.6582280766035322,-3.8433489121696334,"(0, 1, 1, 1, 1, 0, 1, 1, 1, 1, 0, 1, 0, 1, 0, 0, 1, 0, 1, 0, 0, 0, 0, 1, 1)",7.0,10.0,8.0,12.0,7.189666666666667,10.507666666666667,8.062,13.178666666666667,0.0,7.064309552920742,3.8433489121696334,11.7047871262701,7.0,9.0,1.0,12.0,0.2528705257207745,0.0624713469959015,0.004969578945836536,0.0017764722927417795,3.0,1.0,5.0,3.3180000000000005,0.8723333333333327,5.989,7.064309552920742,3.8433489121696334,11.7047871262701,-6.212235684301199,-4.926621448852849,-9.478078692670099
8,6,1.7142857142857142,1.6582280766035322,-5.680803806719398,"(0, 1, 1, 0, 1, 0, 1, 1, 1, 1, 0, 0, 1, 0, 0, 0, 0, 1, 1, 0, 0, 0, 0, 0, 0)",6.0,9.0,8.0,10.0,6.427,9.343666666666667,8.207,11.159666666666666,0.0,6.9097995456941055,5.680803806719398,10.886608180895713,9.0,10.0,4.0,2.0,0.266417135811026,0.12348050851869696,0.002628167894219912,0.0021463004018721344,3.0,2.0,4.0,2.916666666666668,1.7800000000000011,4.732666666666667,6.9097995456941055,5.680803806719398,10.886608180895713,-6.621525053611993,-6.468422393624042,-10.20463860067066
8,7,2.0,1.6582280766035322,-4.414092591380163,"(0, 1, 1, 1, 1, 1, 0, 1, 1, 1, 1, 0, 1, 1, 1, 0, 1, 0, 0, 1, 0, 1, 0, 0, 1)",8.0,12.0,11.0,13.0,8.106666666666667,12.502333333333333,11.433,13.963333333333333,0.0,7.321233568634052,4.414092591380163,9.562549911240607,6.0,27.0,6.0,4.0,0.15564111142280673,0.09612925369987257,0.002263402583643746,0.05988146119526202,4.0,3.0,5.0,4.395666666666665,3.3263333333333325,5.856666666666666,7.321233568634052,4.414092591380163,9.562549911240607,-4.851257176824334,-1.8037529422786807,-6.1451996447671045
9,0,0.0,1.6582280766035322,-5.422608482814025,"(0, 0, 1, 0, 1, 0, 0, 0, 0, 1, 1, 0, 0, 0, 0, 1, 1, 1, 0, 1, 0, 1, 1, 1, 1)",7.0,10.0,11.0,12.0,7.195,10.828,11.142,13.214666666666666,0.0,6.764078147273469,5.422608482814025,10.887658392010895,7.0,2.0,13.0,4.0,0.2372107956839222,0.04655405504261607,0.01759108182996584,0.06696712062911502,3.0,4.0,5.0,3.632999999999999,3.946999999999999,6.019666666666666,6.764078147273469,5.422608482814025,10.887658392010895,-5.192041693848636,-2.4468954162765577,-8.072240555639471
9,1,0.2857142857142857,1.6582280766035322,-8.369021828348808,"(1, 0, 0, 0, 0, 1, 0, 0, 0, 0, 0, 0, 0, 0, 0, 0, 1, 0, 0, 0, 1, 1, 0, 1, 0)",4.0,8.0,8.0,12.0,4.099,8.689666666666668,8.0,12.968666666666667,0.0,8.745467238872418,8.369021828348808,14.77244458133921,1.0,2.0,1.0,41.0,0.3297283324067589,0.0002467626806222095,0.06272800304564213,0.0011882877657751051,4.0,4.0,8.0,4.590666666666667,3.901,8.869666666666667,8.745467238872418,8.369021828348808,14.77244458133921,-6.8896069615199975,-7.408999242645442,-9.788152068065259
9,2,0.5714285714285714,1.6582280766035322,-5.5953774236397065,"(0, 0, 0, 0, 0, 1, 1, 1, 0, 1, 1, 0, 0, 0, 1, 0, 1, 1, 0, 0, 1, 0, 1, 1, 1)",6.0,9.0,9.0,12.0,6.249333333333333,10.565,9.467,12.982666666666667,0.0,5.5953774236397065,7.19019670106956,11.501092231815763,2.0,2.0,3.0,6.0,0.30228695196712596,0.0003883882117010421,0.05759319570123036,0.09137351113435575,3.0,3.0,6.0,4.315666666666666,3.217666666666667,6.733333333333333,5.5953774236397065,7.19019670106956,11.501092231815763,-2.122052307144255,-6.5873608381976725,-7.906031667939894
9,3,0.8571428571428571,1.6582280766035322,-6.192910698665586,"(1, 1, 0, 0, 0, 0, 1, 1, 0, 0, 1, 1, 1, 1, 0, 1, 0, 1, 0, 1, 1, 0, 1, 0, 1)",7.0,10.0,12.0,13.0,7.048,11.322333333333333,12.655,14.188666666666666,0.0,6.192910698665586,7.943363893462885,10.71781898745388,2.0,3.0,38.0,2.0,0.2855531563949121,0.011621087611414798,0.02414011811268445,0.003785606320508778,3.0,5.0,6.0,4.274333333333333,5.606999999999999,7.140666666666666,6.192910698665586,7.943363893462885,10.71781898745388,-3.1814388543299748,-3.8742242053029003,-5.9317344126168425
9,4,1.1428571428571428,1.6582280766035322,-8.373324008969773,"(0, 0, 0, 0, 0, 0, 1, 1, 0, 0, 0, 0, 0, 1, 1, 0, 1, 0, 0, 1, 1, 0, 0, 0, 1)",5.0,9.0,8.0,11.0,5.0473333333333334,9.465666666666667,9.903,11.785,0.0,8.373324008969773,8.74618580437228,12.721161176311421,3.0,9.0,2.0,17.0,0.2534798183763701,0.0028472215569584763,0.11683243217406716,0.05528322554945339,4.0,3.0,6.0,4.418333333333334,4.855666666666667,6.737666666666667,8.373324008969773,8.74618580437228,12.721161176311421,-6.558276581045516,-6.45136806670681,-9.921998592096015
9,5,1.4285714285714284,1.6582280766035322,-3.8433489121696334,"(0, 1, 1, 1, 1, 0, 1, 1, 1, 1, 0, 1, 0, 1, 0, 0, 1, 0, 1, 0, 0, 0, 0, 1, 1)",7.0,10.0,8.0,12.0,7.189666666666667,10.507666666666667,8.062,13.178666666666667,0.0,7.064309552920742,3.8433489121696334,11.7047871262701,7.0,9.0,1.0,12.0,0.2528705257207745,0.0624713469959015,0.004969578945836536,0.0017764722927417795,3.0,1.0,5.0,3.3180000000000005,0.8723333333333327,5.989,7.064309552920742,3.8433489121696334,11.7047871262701,-6.212235684301199,-4.926621448852849,-9.478078692670099
9,6,1.7142857142857142,1.6582280766035322,-5.186384680923648,"(0, 1, 1, 0, 1, 1, 1, 1, 1, 1, 1, 0, 1, 0, 0, 0, 0, 1, 1, 0, 0, 0, 0, 0, 0)",7.0,12.0,9.0,12.0,7.161,12.649333333333333,9.966666666666667,12.420333333333334,0.0,6.901480768176478,5.186384680923648,10.917184064152643,10.0,54.0,4.0,2.0,0.256859274845667,0.03958549915075734,0.033511201081246396,0.0006797578051354519,5.0,2.0,5.0,5.488333333333333,2.805666666666667,5.259333333333334,6.901480768176478,5.186384680923648,10.917184064152643,-2.3433207528371636,-3.9477734537167333,-9.382006935076392
9,7,2.0,1.6582280766035322,-3.8134363201433468,"(0, 0, 0, 1, 1, 1, 0, 1, 1, 1, 1, 0, 1, 1, 1, 0, 1, 0, 0, 1, 0, 1, 0, 0, 1)",7.0,10.0,8.0,12.0,7.392,10.901333333333334,8.713333333333333,12.838666666666667,0.0,6.927689984165015,3.8134363201433468,10.008769874276414,6.0,2.0,1.0,7.0,0.19732411860409993,0.10541088419661013,0.06350771258619564,0.06347569034436185,3.0,1.0,5.0,3.509333333333333,1.3213333333333326,5.446666666666666,6.927689984165015,3.8134363201433468,10.008769874276414,-5.668414974253512,-4.132475142515887,-7.565007627221517
10,0,0.0,1.6582280766035322,-8.369021828348808,"(1, 0, 0, 0, 0, 1, 0, 0, 0, 0, 0, 0, 0, 0, 0, 0, 1, 0, 0, 0, 1, 1, 0, 1, 0)",4.0,8.0,8.0,12.0,4.099,8.689666666666668,8.0,12.968666666666667,0.0,8.745467238872418,8.369021828348808,14.77244458133921,1.0,2.0,1.0,41.0,0.3297283324067589,0.0002467626806222095,0.06272800304564213,0.0011882877657751051,4.0,4.0,8.0,4.590666666666667,3.901,8.869666666666667,8.745467238872418,8.369021828348808,14.77244458133921,-6.8896069615199975,-7.408999242645442,-9.788152068065259
10,1,0.2857142857142857,1.6582280766035322,-7.127165609402219,"(0, 0, 1, 0, 1, 0, 0, 0, 0, 1, 1, 0, 0, 0, 0, 1, 1, 1, 1, 1, 0, 1, 1, 0, 1)",6.0,10.0,9.0,12.0,7.697333333333333,11.495333333333333,10.538333333333334,13.937,0.0,8.311131243718938,7.127165609402219,11.20624085503925,1.0,2.0,3.0,2.0,0.25031611348210486,0.013934316424449708,0.05113531215053751,0.0014304299162166156,4.0,3.0,6.0,3.798,2.841000000000001,6.2396666666666665,8.311131243718938,7.127165609402219,11.20624085503925,-7.483800941731362,-7.107440154483246,-8.235712763693817
10,2,0.5714285714285714,1.6582280766035322,-6.192910698665586,"(1, 1, 0, 0, 0, 0, 1, 1, 0, 0, 1, 1, 1, 1, 0, 1, 0, 1, 0, 1, 1, 0, 1, 0, 1)",7.0,10.0,12.0,13.0,7.048,11.322333333333333,12.655,14.188666666666666,0.0,6.192910698665586,7.943363893462885,10.71781898745388,2.0,3.0,38.0,2.0,0.2855531563949121,0.011621087611414798,0.02414011811268445,0.003785606320508778,3.0,5.0,6.0,4.274333333333333,5.606999999999999,7.140666666666666,6.192910698665586,7.943363893462885,10.71781898745388,-3.1814388543299748,-3.8742242053029003,-5.9317344126168425
10,3,0.8571428571428571,1.6582280766035322,-6.554837401140714,"(0, 0, 0, 0, 0, 1, 1, 1, 0, 1, 0, 0, 0, 1, 1, 0, 1, 0, 0, 1, 1, 0, 0, 0, 1)",6.0,8.0,10.0,12.0,6.01,8.733333333333333,11.012333333333334,14.404333333333334,0.0,6.554837401140714,8.0181407673395,12.16271602200237,3.0,1.0,2.0,2.0,0.20368570284926069,0.0640908178094554,0.1119364408193259,0.0068751136377684105,2.0,4.0,6.0,2.7233333333333327,5.002333333333334,8.394333333333334,6.554837401140714,8.0181407673395,12.16271602200237,-6.353507620858843,-5.000896560698677,-6.248837977737702
10,4,1.1428571428571428,1.6582280766035322,-3.8433489121696334,"(0, 1, 1, 1, 1, 0, 1, 1, 1, 1, 0, 1, 0, 1, 0, 0, 1, 0, 1, 0, 0, 0, 0, 1, 1)",7.0,10.0,8.0,12.0,7.189666666666667,10.507666666666667,8.062,13.178666666666667,0.0,7.064309552920742,3.8433489121696334,11.7047871262701,7.0,9.0,1.0,12.0,0.2528705257207745,0.0624713469959015,0.004969578945836536,0.0017764722927417795,3.0,1.0,5.0,3.3180000000000005,0.8723333333333327,5.989,7.064309552920742,3.8433489121696334,11.7047871262701,-6.212235684301199,-4.926621448852849,-9.478078692670099
10,5,1.4285714285714284,1.6582280766035322,-5.186384680923648,"(0, 1, 1, 0, 1, 1, 1, 1, 1, 1, 1, 0, 1, 0, 0, 0, 0, 1, 1, 0, 0, 0, 0, 0, 0)",7.0,12.0,9.0,12.0,7.161,12.649333333333333,9.966666666666667,12.420333333333334,0.0,6.901480768176478,5.186384680923648,10.917184064152643,10.0,54.0,4.0,2.0,0.256859274845667,0.03958549915075734,0.033511201081246396,0.0006797578051354519,5.0,2.0,5.0,5.488333333333333,2.805666666666667,5.259333333333334,6.901480768176478,5.186384680923648,10.917184064152643,-2.3433207528371636,-3.9477734537167333,-9.382006935076392
10,6,1.7142857142857142,1.6582280766035322,-5.5953774236397065,"(0, 0, 0, 0, 0, 1, 1, 1, 0, 1, 1, 0, 0, 0, 1, 0, 1, 1, 0, 0, 1, 0, 1, 1, 1)",6.0,9.0,9.0,12.0,6.249333333333333,10.565,9.467,12.982666666666667,0.0,5.5953774236397065,7.19019670106956,11.501092231815763,2.0,2.0,3.0,6.0,0.30228695196712596,0.0003883882117010421,0.05759319570123036,0.09137351113435575,3.0,3.0,6.0,4.315666666666666,3.217666666666667,6.733333333333333,5.5953774236397065,7.19019670106956,11.501092231815763,-2.122052307144255,-6.5873608381976725,-7.906031667939894
10,7,2.0,1.6582280766035322,-4.157887141166714,"(0, 0, 0, 1, 1, 1, 0, 1, 1, 0, 1, 0, 1, 1, 0, 0, 1, 0, 0, 1, 0, 1, 0, 0, 1)",6.0,11.0,8.0,11.0,6.140333333333333,11.288333333333334,8.398666666666667,11.418,0.0,7.746523008391841,4.157887141166714,11.261257177669673,2.0,15.0,1.0,3.0,0.26588208851257944,0.053744200347295004,0.06308325553564897,0.062430149908688434,5.0,2.0,5.0,5.148000000000001,2.2583333333333337,5.277666666666666,7.746523008391841,4.157887141166714,11.261257177669673,-4.3089438102156254,-3.1498934571684627,-9.922157784243664
11,0,0.0,1.6582280766035322,-8.369021828348808,"(1, 0, 0, 0, 0, 1, 0, 0, 0, 0, 0, 0, 0, 0, 0, 0, 1, 0, 0, 0, 1, 1, 0, 1, 0)",4.0,8.0,8.0,12.0,4.099,8.689666666666668,8.0,12.968666666666667,0.0,8.745467238872418,8.369021828348808,14.77244458133921,1.0,2.0,1.0,41.0,0.3297283324067589,0.0002467626806222095,0.06272800304564213,0.0011882877657751051,4.0,4.0,8.0,4.590666666666667,3.901,8.869666666666667,8.745467238872418,8.369021828348808,14.77244458133921,-6.8896069615199975,-7.408999242645442,-9.788152068065259
11,1,0.2857142857142857,1.6582280766035322,-7.127165609402219,"(0, 0, 1, 0, 1, 0, 0, 0, 0, 1, 1, 0, 0, 0, 0, 1, 1, 1, 1, 1, 0, 1, 1, 0, 1)",6.0,10.0,9.0,12.0,7.697333333333333,11.495333333333333,10.538333333333334,13.937,0.0,8.311131243718938,7.127165609402219,11.20624085503925,1.0,2.0,3.0,2.0,0.25031611348210486,0.013934316424449708,0.05113531215053751,0.0014304299162166156,4.0,3.0,6.0,3.798,2.841000000000001,6.2396666666666665,8.311131243718938,7.127165609402219,11.20624085503925,-7.483800941731362,-7.107440154483246,-8.235712763693817
11,2,0.5714285714285714,1.6582280766035322,-6.192910698665586,"(1, 1, 0, 0, 0, 0, 1, 1, 0, 0, 1, 1, 1, 1, 0, 1, 0, 1, 0, 1, 1, 0, 1, 0, 1)",7.0,10.0,12.0,13.0,7.048,11.322333333333333,12.655,14.188666666666666,0.0,6.192910698665586,7.943363893462885,10.71781898745388,2.0,3.0,38.0,2.0,0.2855531563949121,0.011621087611414798,0.02414011811268445,0.003785606320508778,3.0,5.0,6.0,4.274333333333333,5.606999999999999,7.140666666666666,6.192910698665586,7.943363893462885,10.71781898745388,-3.1814388543299748,-3.8742242053029003,-5.9317344126168425
11,3,0.8571428571428571,1.6582280766035322,-6.554837401140714,"(0, 0, 0, 0, 0, 1, 1, 1, 0, 1, 0, 0, 0, 1, 1, 0, 1, 0, 0, 1, 1, 0, 0, 0, 1)",6.0,8.0,10.0,12.0,6.01,8.733333333333333,11.012333333333334,14.404333333333334,0.0,6.554837401140714,8.0181407673395,12.16271602200237,3.0,1.0,2.0,2.0,0.20368570284926069,0.0640908178094554,0.1119364408193259,0.0068751136377684105,2.0,4.0,6.0,2.7233333333333327,5.002333333333334,8.394333333333334,6.554837401140714,8.0181407673395,12.16271602200237,-6.353507620858843,-5.000896560698677,-6.248837977737702
11,4,1.1428571428571428,1.6582280766035322,-3.8433489121696334,"(0, 1, 1, 1, 1, 0, 1, 1, 1, 1, 0, 1, 0, 1, 0, 0, 1, 0, 1, 0, 0, 0, 0, 1, 1)",7.0,10.0,8.0,12.0,7.189666666666667,10.507666666666667,8.062,13.178666666666667,0.0,7.064309552920742,3.8433489121696334,11.7047871262701,7.0,9.0,1.0,12.0,0.2528705257207745,0.0624713469959015,0.004969578945836536,0.0017764722927417795,3.0,1.0,5.0,3.3180000000000005,0.8723333333333327,5.989,7.064309552920742,3.8433489121696334,11.7047871262701,-6.212235684301199,-4.926621448852849,-9.478078692670099
11,5,1.4285714285714284,1.6582280766035322,-5.517016934641987,"(0, 1, 1, 0, 1, 1, 1, 1, 1, 1, 0, 0, 1, 0, 1, 0, 0, 1, 1, 0, 0, 0, 0, 0, 0)",7.0,11.0,10.0,13.0,7.075333333333333,11.428333333333333,10.339666666666666,14.509666666666666,0.0,7.097474114452812,5.517016934641987,11.288009923972208,6.0,21.0,6.0,4.0,0.2636651743767929,0.00015059518892788666,0.06299033241289398,1.1195700399689756e-05,4.0,3.0,6.0,4.353,3.264333333333333,7.434333333333333,7.097474114452812,5.517016934641987,11.288009923972208,-4.550964032097268,-3.735463195394367,-6.390274720747159
11,6,1.7142857142857142,1.6582280766035322,-5.5953774236397065,"(0, 0, 0, 0, 0, 1, 1, 1, 0, 1, 1, 0, 0, 0, 1, 0, 1, 1, 0, 0, 1, 0, 1, 1, 1)",6.0,9.0,9.0,12.0,6.249333333333333,10.565,9.467,12.982666666666667,0.0,5.5953774236397065,7.19019670106956,11.501092231815763,2.0,2.0,3.0,6.0,0.30228695196712596,0.0003883882117010421,0.05759319570123036,0.09137351113435575,3.0,3.0,6.0,4.315666666666666,3.217666666666667,6.733333333333333,5.5953774236397065,7.19019670106956,11.501092231815763,-2.122052307144255,-6.5873608381976725,-7.906031667939894
11,7,2.0,1.6582280766035322,-4.157887141166714,"(0, 0, 0, 1, 1, 1, 0, 1, 1, 0, 1, 0, 1, 1, 0, 0, 1, 0, 0, 1, 0, 1, 0, 0, 1)",6.0,11.0,8.0,11.0,6.140333333333333,11.288333333333334,8.398666666666667,11.418,0.0,7.746523008391841,4.157887141166714,11.261257177669673,2.0,15.0,1.0,3.0,0.26588208851257944,0.053744200347295004,0.06308325553564897,0.062430149908688434,5.0,2.0,5.0,5.148000000000001,2.2583333333333337,5.277666666666666,7.746523008391841,4.157887141166714,11.261257177669673,-4.3089438102156254,-3.1498934571684627,-9.922157784243664
12,0,0.0,1.6582280766035322,-8.12998825110641,"(1, 0, 0, 0, 0, 1, 0, 0, 0, 0, 1, 1, 0, 0, 0, 0, 1, 0, 0, 0, 1, 1, 0, 1, 0)",5.0,9.0,9.0,12.0,5.307,9.866333333333333,9.309,12.810333333333332,0.0,8.12998825110641,8.352826467467311,13.206460047685852,1.0,2.0,2.0,2.0,0.17058944157093645,0.005422241600095487,0.0896853786796659,0.007170963289039552,4.0,4.0,7.0,4.559333333333333,4.001999999999999,7.503333333333332,8.12998825110641,8.352826467467311,13.206460047685852,-5.920960236513792,-7.2146626047840625,-9.457084842167001
12,1,0.2857142857142857,1.6582280766035322,-7.127165609402219,"(0, 0, 1, 0, 1, 0, 0, 0, 0, 1, 1, 0, 0, 0, 0, 1, 1, 1, 1, 1, 0, 1, 1, 0, 1)",6.0,10.0,9.0,12.0,7.697333333333333,11.495333333333333,10.538333333333334,13.937,0.0,8.311131243718938,7.127165609402219,11.20624085503925,1.0,2.0,3.0,2.0,0.25031611348210486,0.013934316424449708,0.05113531215053751,0.0014304299162166156,4.0,3.0,6.0,3.798,2.841000000000001,6.2396666666666665,8.311131243718938,7.127165609402219,11.20624085503925,-7.483800941731362,-7.107440154483246,-8.235712763693817
12,2,0.5714285714285714,1.6582280766035322,-6.726325821396128,"(1, 1, 0, 0, 0, 0, 1, 0, 0, 0, 1, 1, 0, 1, 0, 1, 0, 1, 0, 1, 1, 0, 1, 0, 1)",7.0,11.0,11.0,13.0,7.5,12.576333333333332,12.783666666666667,14.916,0.0,6.928482248690506,6.726325821396128,10.383888702338743,1.0,1.0,2.0,4.0,0.1812176807540838,0.019911812503834895,0.030871016912325456,0.03188363444841094,4.0,4.0,6.0,5.0763333333333325,5.283666666666667,7.416,6.928482248690506,6.726325821396128,10.383888702338743,-3.0712853334960446,-2.3922579153415118,-4.921436374452526
12,3,0.8571428571428571,1.6582280766035322,-6.110846833630117,"(0, 0, 0, 0, 0, 1, 1, 1, 0, 1, 0, 0, 0, 1, 0, 0, 1, 0, 0, 0, 1, 0, 0, 0, 1)",6.0,9.0,9.0,11.0,6.195333333333333,9.04,9.762,12.666666666666666,0.0,6.110846833630117,6.983461721808116,10.964517263361468,5.0,5.0,4.0,1.0,0.12517829751213588,0.07338128550827185,0.0006101265284820593,0.05898775760384107,3.0,3.0,5.0,2.844666666666666,3.5666666666666673,6.471333333333333,6.110846833630117,6.983461721808116,10.964517263361468,-5.416071656104408,-5.665825492435664,-7.450723746116455
12,4,1.1428571428571428,1.6582280766035322,-3.8433489121696334,"(0, 1, 1, 1, 1, 0, 1, 1, 1, 1, 0, 1, 0, 1, 0, 0, 1, 0, 1, 0, 0, 0, 0, 1, 1)",7.0,10.0,8.0,12.0,7.189666666666667,10.507666666666667,8.062,13.178666666666667,0.0,7.064309552920742,3.8433489121696334,11.7047871262701,7.0,9.0,1.0,12.0,0.2528705257207745,0.0624713469959015,0.004969578945836536,0.0017764722927417795,3.0,1.0,5.0,3.3180000000000005,0.8723333333333327,5.989,7.064309552920742,3.8433489121696334,11.7047871262701,-6.212235684301199,-4.926621448852849,-9.478078692670099
12,5,1.4285714285714284,1.6582280766035322,-5.517016934641987,"(0, 1, 1, 0, 1, 1, 1, 1, 1, 1, 0, 0, 1, 0, 1, 0, 0, 1, 1, 0, 0, 0, 0, 0, 0)",7.0,11.0,10.0,13.0,7.075333333333333,11.428333333333333,10.339666666666666,14.509666666666666,0.0,7.097474114452812,5.517016934641987,11.288009923972208,6.0,21.0,6.0,4.0,0.2636651743767929,0.00015059518892788666,0.06299033241289398,1.1195700399689756e-05,4.0,3.0,6.0,4.353,3.264333333333333,7.434333333333333,7.097474114452812,5.517016934641987,11.288009923972208,-4.550964032097268,-3.735463195394367,-6.390274720747159
12,6,1.7142857142857142,1.6582280766035322,-5.5953774236397065,"(0, 0, 0, 0, 0, 1, 1, 1, 0, 1, 1, 0, 0, 0, 1, 0, 1, 1, 0, 0, 1, 0, 1, 1, 1)",6.0,9.0,9.0,12.0,6.249333333333333,10.565,9.467,12.982666666666667,0.0,5.5953774236397065,7.19019670106956,11.501092231815763,2.0,2.0,3.0,6.0,0.30228695196712596,0.0003883882117010421,0.05759319570123036,0.09137351113435575,3.0,3.0,6.0,4.315666666666666,3.217666666666667,6.733333333333333,5.5953774236397065,7.19019670106956,11.501092231815763,-2.122052307144255,-6.5873608381976725,-7.906031667939894
12,7,2.0,1.6582280766035322,-4.157887141166714,"(0, 0, 0, 1, 1, 1, 0, 1, 1, 0, 1, 0, 1, 1, 0, 0, 1, 0, 0, 1, 0, 1, 0, 0, 1)",6.0,11.0,8.0,11.0,6.140333333333333,11.288333333333334,8.398666666666667,11.418,0.0,7.746523008391841,4.157887141166714,11.261257177669673,2.0,15.0,1.0,3.0,0.26588208851257944,0.053744200347295004,0.06308325553564897,0.062430149908688434,5.0,2.0,5.0,5.148000000000001,2.2583333333333337,5.277666666666666,7.746523008391841,4.157887141166714,11.261257177669673,-4.3089438102156254,-3.1498934571684627,-9.922157784243664
13,0,0.0,1.6582280766035322,-8.312024844404663,"(1, 0, 0, 0, 0, 1, 0, 0, 0, 0, 0, 1, 0, 0, 1, 0, 1, 0, 0, 0, 1, 1, 0, 1, 0)",6.0,10.0,10.0,12.0,6.018666666666666,10.939,10.538666666666666,13.044333333333332,0.0,8.312024844404663,9.031345759278869,13.107657291454892,1.0,16.0,5.0,18.0,0.2084651057295915,0.0013548860443010969,0.05013970015859867,0.005245329524918471,4.0,4.0,6.0,4.920333333333334,4.52,7.025666666666666,8.312024844404663,9.031345759278869,13.107657291454892,-5.624198090836337,-7.4808402013025015,-10.085327615663294
13,1,0.2857142857142857,1.6582280766035322,-7.127165609402219,"(0, 0, 1, 0, 1, 0, 0, 0, 0, 1, 1, 0, 0, 0, 0, 1, 1, 1, 1, 1, 0, 1, 1, 0, 1)",6.0,10.0,9.0,12.0,7.697333333333333,11.495333333333333,10.538333333333334,13.937,0.0,8.311131243718938,7.127165609402219,11.20624085503925,1.0,2.0,3.0,2.0,0.25031611348210486,0.013934316424449708,0.05113531215053751,0.0014304299162166156,4.0,3.0,6.0,3.798,2.841000000000001,6.2396666666666665,8.311131243718938,7.127165609402219,11.20624085503925,-7.483800941731362,-7.107440154483246,-8.235712763693817
13,2,0.5714285714285714,1.6582280766035322,-6.726325821396128,"(1, 1, 0, 0, 0, 0, 1, 0, 0, 0, 1, 1, 0, 1, 0, 1, 0, 1, 0, 1, 1, 0, 1, 0, 1)",7.0,11.0,11.0,13.0,7.5,12.576333333333332,12.783666666666667,14.916,0.0,6.928482248690506,6.726325821396128,10.383888702338743,1.0,1.0,2.0,4.0,0.1812176807540838,0.019911812503834895,0.030871016912325456,0.03188363444841094,4.0,4.0,6.0,5.0763333333333325,5.283666666666667,7.416,6.928482248690506,6.726325821396128,10.383888702338743,-3.0712853334960446,-2.3922579153415118,-4.921436374452526
13,3,0.8571428571428571,1.6582280766035322,-6.110846833630117,"(0, 0, 0, 0, 0, 1, 1, 1, 0, 1, 0, 0, 0, 1, 0, 0, 1, 0, 0, 0, 1, 0, 0, 0, 1)",6.0,9.0,9.0,11.0,6.195333333333333,9.04,9.762,12.666666666666666,0.0,6.110846833630117,6.983461721808116,10.964517263361468,5.0,5.0,4.0,1.0,0.12517829751213588,0.07338128550827185,0.0006101265284820593,0.05898775760384107,3.0,3.0,5.0,2.844666666666666,3.5666666666666673,6.471333333333333,6.110846833630117,6.983461721808116,10.964517263361468,-5.416071656104408,-5.665825492435664,-7.450723746116455
13,4,1.1428571428571428,1.6582280766035322,-3.8433489121696334,"(0, 1, 1, 1, 1, 0, 1, 1, 1, 1, 0, 1, 0, 1, 0, 0, 1, 0, 1, 0, 0, 0, 0, 1, 1)",7.0,10.0,8.0,12.0,7.189666666666667,10.507666666666667,8.062,13.178666666666667,0.0,7.064309552920742,3.8433489121696334,11.7047871262701,7.0,9.0,1.0,12.0,0.2528705257207745,0.0624713469959015,0.004969578945836536,0.0017764722927417795,3.0,1.0,5.0,3.3180000000000005,0.8723333333333327,5.989,7.064309552920742,3.8433489121696334,11.7047871262701,-6.212235684301199,-4.926621448852849,-9.478078692670099
13,5,1.4285714285714284,1.6582280766035322,-6.963968329529822,"(0, 1, 1, 0, 1, 1, 0, 0, 1, 1, 0, 0, 1, 0, 1, 0, 0, 1, 1, 0, 0, 0, 0, 0, 0)",7.0,10.0,10.0,12.0,7.059666666666667,11.143333333333333,11.293666666666667,14.954,0.0,6.963968329529822,7.512722061968946,11.353086163600693,18.0,11.0,8.0,1.0,0.27878046518068506,0.016270042399907876,0.03955988847384301,0.0041828092425873,3.0,3.0,5.0,4.083666666666666,4.234,7.894333333333334,6.963968329529822,7.512722061968946,11.353086163600693,-4.776197086447526,-5.4368689785363316,-5.735401053181267
13,6,1.7142857142857142,1.6582280766035322,-5.5953774236397065,"(0, 0, 0, 0, 0, 1, 1, 1, 0, 1, 1, 0, 0, 0, 1, 0, 1, 1, 0, 0, 1, 0, 1, 1, 1)",6.0,9.0,9.0,12.0,6.249333333333333,10.565,9.467,12.982666666666667,0.0,5.5953774236397065,7.19019670106956,11.501092231815763,2.0,2.0,3.0,6.0,0.30228695196712596,0.0003883882117010421,0.05759319570123036,0.09137351113435575,3.0,3.0,6.0,4.315666666666666,3.217666666666667,6.733333333333333,5.5953774236397065,7.19019670106956,11.501092231815763,-2.122052307144255,-6.5873608381976725,-7.906031667939894
13,7,2.0,1.6582280766035322,-4.157887141166714,"(0, 0, 0, 1, 1, 1, 0, 1, 1, 0, 1, 0, 1, 1, 0, 0, 1, 0, 0, 1, 0, 1, 0, 0, 1)",6.0,11.0,8.0,11.0,6.140333333333333,11.288333333333334,8.398666666666667,11.418,0.0,7.746523008391841,4.157887141166714,11.261257177669673,2.0,15.0,1.0,3.0,0.26588208851257944,0.053744200347295004,0.06308325553564897,0.062430149908688434,5.0,2.0,5.0,5.148000000000001,2.2583333333333337,5.277666666666666,7.746523008391841,4.157887141166714,11.261257177669673,-4.3089438102156254,-3.1498934571684627,-9.922157784243664
14,0,0.0,1.6582280766035322,-8.312024844404663,"(1, 0, 0, 0, 0, 1, 0, 0, 0, 0, 0, 1, 0, 0, 1, 0, 1, 0, 0, 0, 1, 1, 0, 1, 0)",6.0,10.0,10.0,12.0,6.018666666666666,10.939,10.538666666666666,13.044333333333332,0.0,8.312024844404663,9.031345759278869,13.107657291454892,1.0,16.0,5.0,18.0,0.2084651057295915,0.0013548860443010969,0.05013970015859867,0.005245329524918471,4.0,4.0,6.0,4.920333333333334,4.52,7.025666666666666,8.312024844404663,9.031345759278869,13.107657291454892,-5.624198090836337,-7.4808402013025015,-10.085327615663294
14,1,0.2857142857142857,1.6582280766035322,-5.989105255672808,"(0, 0, 0, 1, 1, 0, 0, 0, 0, 1, 1, 0, 0, 0, 0, 1, 1, 1, 1, 1, 0, 1, 1, 0, 1)",7.0,10.0,11.0,12.0,7.145666666666667,10.343333333333334,11.296666666666667,13.303,0.0,8.537101668668981,5.989105255672808,11.966510791027359,10.0,8.0,35.0,3.0,0.12532822715520545,0.08377926258111876,0.023661949088198405,0.017792674526518892,3.0,4.0,5.0,3.1976666666666667,4.151,6.157333333333334,8.537101668668981,5.989105255672808,11.966510791027359,-8.854001033519875,-3.047997742709164,-9.63294116232056
14,2,0.5714285714285714,1.6582280766035322,-6.1370652619968595,"(1, 1, 0, 0, 0, 0, 0, 0, 0, 0, 1, 0, 0, 1, 0, 1, 0, 1, 0, 1, 1, 0, 1, 0, 1)",6.0,8.0,9.0,12.0,6.354,10.077,10.741333333333333,12.630333333333333,0.0,6.1370652619968595,7.418884777589593,12.170454419693185,4.0,1.0,2.0,17.0,0.24256211577060902,0.12185884153323469,0.06691673995667258,0.047604737512308114,2.0,3.0,6.0,3.723,4.387333333333333,6.276333333333333,6.1370652619968595,7.418884777589593,12.170454419693185,-4.003070796196455,-5.027003720533718,-9.77379707230282
14,3,0.8571428571428571,1.6582280766035322,-6.110846833630117,"(0, 0, 0, 0, 0, 1, 1, 1, 0, 1, 0, 0, 0, 1, 0, 0, 1, 0, 0, 0, 1, 0, 0, 0, 1)",6.0,9.0,9.0,11.0,6.195333333333333,9.04,9.762,12.666666666666666,0.0,6.110846833630117,6.983461721808116,10.964517263361468,5.0,5.0,4.0,1.0,0.12517829751213588,0.07338128550827185,0.0006101265284820593,0.05898775760384107,3.0,3.0,5.0,2.844666666666666,3.5666666666666673,6.471333333333333,6.110846833630117,6.983461721808116,10.964517263361468,-5.416071656104408,-5.665825492435664,-7.450723746116455
14,4,1.1428571428571428,1.6582280766035322,-4.495999845986174,"(0, 1, 1, 1, 1, 0, 1, 1, 1, 1, 0, 0, 1, 1, 0, 0, 1, 0, 1, 0, 0, 0, 0, 1, 1)",8.0,9.0,9.0,12.0,8.593666666666667,10.734333333333334,9.047333333333333,12.435666666666666,0.0,4.640459148592952,4.495999845986174,9.633439161515408,16.0,1.0,3.0,5.0,0.16564480373076412,0.14657700524827608,0.0010058235564872682,0.005155063757256121,1.0,1.0,4.0,2.1406666666666663,0.4536666666666651,3.8419999999999987,4.640459148592952,4.495999845986174,9.633439161515408,-4.145226079212595,-6.70311037293363,-9.603527021566071
14,5,1.4285714285714284,1.6582280766035322,-6.963968329529822,"(0, 1, 1, 0, 1, 1, 0, 0, 1, 1, 0, 0, 1, 0, 1, 0, 0, 1, 1, 0, 0, 0, 0, 0, 0)",7.0,10.0,10.0,12.0,7.059666666666667,11.143333333333333,11.293666666666667,14.954,0.0,6.963968329529822,7.512722061968946,11.353086163600693,18.0,11.0,8.0,1.0,0.27878046518068506,0.016270042399907876,0.03955988847384301,0.0041828092425873,3.0,3.0,5.0,4.083666666666666,4.234,7.894333333333334,6.963968329529822,7.512722061968946,11.353086163600693,-4.776197086447526,-5.4368689785363316,-5.735401053181267
14,6,1.7142857142857142,1.6582280766035322,-5.5953774236397065,"(0, 0, 0, 0, 0, 1, 1, 1, 0, 1, 1, 0, 0, 0, 1, 0, 1, 1, 0, 0, 1, 0, 1, 1, 1)",6.0,9.0,9.0,12.0,6.249333333333333,10.565,9.467,12.982666666666667,0.0,5.5953774236397065,7.19019670106956,11.501092231815763,2.0,2.0,3.0,6.0,0.30228695196712596,0.0003883882117010421,0.05759319570123036,0.09137351113435575,3.0,3.0,6.0,4.315666666666666,3.217666666666667,6.733333333333333,5.5953774236397065,7.19019670106956,11.501092231815763,-2.122052307144255,-6.5873608381976725,-7.906031667939894
14,7,2.0,1.6582280766035322,-4.157887141166714,"(0, 0, 0, 1, 1, 1, 0, 1, 1, 0, 1, 0, 1, 1, 0, 0, 1, 0, 0, 1, 0, 1, 0, 0, 1)",6.0,11.0,8.0,11.0,6.140333333333333,11.288333333333334,8.398666666666667,11.418,0.0,7.746523008391841,4.157887141166714,11.261257177669673,2.0,15.0,1.0,3.0,0.26588208851257944,0.053744200347295004,0.06308325553564897,0.062430149908688434,5.0,2.0,5.0,5.148000000000001,2.2583333333333337,5.277666666666666,7.746523008391841,4.157887141166714,11.261257177669673,-4.3089438102156254,-3.1498934571684627,-9.922157784243664
15,0,0.0,1.6582280766035322,-8.312024844404663,"(1, 0, 0, 0, 0, 1, 0, 0, 0, 0, 0, 1, 0, 0, 1, 0, 1, 0, 0, 0, 1, 1, 0, 1, 0)",6.0,10.0,10.0,12.0,6.018666666666666,10.939,10.538666666666666,13.044333333333332,0.0,8.312024844404663,9.031345759278869,13.107657291454892,1.0,16.0,5.0,18.0,0.2084651057295915,0.0013548860443010969,0.05013970015859867,0.005245329524918471,4.0,4.0,6.0,4.920333333333334,4.52,7.025666666666666,8.312024844404663,9.031345759278869,13.107657291454892,-5.624198090836337,-7.4808402013025015,-10.085327615663294
15,1,0.2857142857142857,1.6582280766035322,-5.989105255672808,"(0, 0, 0, 1, 1, 0, 0, 0, 0, 1, 1, 0, 0, 0, 0, 1, 1, 1, 1, 1, 0, 1, 1, 0, 1)",7.0,10.0,11.0,12.0,7.145666666666667,10.343333333333334,11.296666666666667,13.303,0.0,8.537101668668981,5.989105255672808,11.966510791027359,10.0,8.0,35.0,3.0,0.12532822715520545,0.08377926258111876,0.023661949088198405,0.017792674526518892,3.0,4.0,5.0,3.1976666666666667,4.151,6.157333333333334,8.537101668668981,5.989105255672808,11.966510791027359,-8.854001033519875,-3.047997742709164,-9.63294116232056
15,2,0.5714285714285714,1.6582280766035322,-6.1370652619968595,"(1, 1, 0, 0, 0, 0, 0, 0, 0, 0, 1, 0, 0, 1, 0, 1, 0, 1, 0, 1, 1, 0, 1, 0, 1)",6.0,8.0,9.0,12.0,6.354,10.077,10.741333333333333,12.630333333333333,0.0,6.1370652619968595,7.418884777589593,12.170454419693185,4.0,1.0,2.0,17.0,0.24256211577060902,0.12185884153323469,0.06691673995667258,0.047604737512308114,2.0,3.0,6.0,3.723,4.387333333333333,6.276333333333333,6.1370652619968595,7.418884777589593,12.170454419693185,-4.003070796196455,-5.027003720533718,-9.77379707230282
15,3,0.8571428571428571,1.6582280766035322,-5.28293961687299,"(0, 0, 0, 0, 0, 1, 1, 1, 0, 1, 0, 0, 0, 1, 0, 1, 0, 0, 0, 0, 1, 0, 0, 0, 1)",6.0,8.0,9.0,11.0,6.269333333333333,8.219666666666667,9.671,12.245333333333333,0.0,5.28293961687299,7.641898029136362,11.175370175679813,8.0,4.0,4.0,6.0,0.1293968804144131,0.13819989060299467,0.06372073360922749,0.06580770952444344,2.0,3.0,5.0,1.950333333333334,3.4016666666666664,5.976,5.28293961687299,7.641898029136362,11.175370175679813,-5.526221307630809,-7.031270696542098,-8.621741605967305
15,4,1.1428571428571428,1.6582280766035322,-4.495999845986174,"(0, 1, 1, 1, 1, 0, 1, 1, 1, 1, 0, 0, 1, 1, 0, 0, 1, 0, 1, 0, 0, 0, 0, 1, 1)",8.0,9.0,9.0,12.0,8.593666666666667,10.734333333333334,9.047333333333333,12.435666666666666,0.0,4.640459148592952,4.495999845986174,9.633439161515408,16.0,1.0,3.0,5.0,0.16564480373076412,0.14657700524827608,0.0010058235564872682,0.005155063757256121,1.0,1.0,4.0,2.1406666666666663,0.4536666666666651,3.8419999999999987,4.640459148592952,4.495999845986174,9.633439161515408,-4.145226079212595,-6.70311037293363,-9.603527021566071
15,5,1.4285714285714284,1.6582280766035322,-6.963968329529822,"(0, 1, 1, 0, 1, 1, 0, 0, 1, 1, 0, 0, 1, 0, 1, 0, 0, 1, 1, 0, 0, 0, 0, 0, 0)",7.0,10.0,10.0,12.0,7.059666666666667,11.143333333333333,11.293666666666667,14.954,0.0,6.963968329529822,7.512722061968946,11.353086163600693,18.0,11.0,8.0,1.0,0.27878046518068506,0.016270042399907876,0.03955988847384301,0.0041828092425873,3.0,3.0,5.0,4.083666666666666,4.234,7.894333333333334,6.963968329529822,7.512722061968946,11.353086163600693,-4.776197086447526,-5.4368689785363316,-5.735401053181267
15,6,1.7142857142857142,1.6582280766035322,-5.5953774236397065,"(0, 0, 0, 0, 0, 1, 1, 1, 0, 1, 1, 0, 0, 0, 1, 0, 1, 1, 0, 0, 1, 0, 1, 1, 1)",6.0,9.0,9.0,12.0,6.249333333333333,10.565,9.467,12.982666666666667,0.0,5.5953774236397065,7.19019670106956,11.501092231815763,2.0,2.0,3.0,6.0,0.30228695196712596,0.0003883882117010421,0.05759319570123036,0.09137351113435575,3.0,3.0,6.0,4.315666666666666,3.217666666666667,6.733333333333333,5.5953774236397065,7.19019670106956,11.501092231815763,-2.122052307144255,-6.5873608381976725,-7.906031667939894
15,7,2.0,1.6582280766035322,-4.157887141166714,"(0, 0, 0, 1, 1, 1, 0, 1, 1, 0, 1, 0, 1, 1, 0, 0, 1, 0, 0, 1, 0, 1, 0, 0, 1)",6.0,11.0,8.0,11.0,6.140333333333333,11.288333333333334,8.398666666666667,11.418,0.0,7.746523008391841,4.157887141166714,11.261257177669673,2.0,15.0,1.0,3.0,0.26588208851257944,0.053744200347295004,0.06308325553564897,0.062430149908688434,5.0,2.0,5.0,5.148000000000001,2.2583333333333337,5.277666666666666,7.746523008391841,4.157887141166714,11.261257177669673,-4.3089438102156254,-3.1498934571684627,-9.922157784243664
16,0,0.0,1.6582280766035322,-8.377257694462605,"(1, 0, 0, 0, 0, 1, 0, 0, 0, 0, 0, 1, 0, 1, 0, 0, 1, 0, 0, 0, 1, 1, 0, 1, 0)",5.0,9.0,9.0,11.0,5.217333333333333,9.249666666666666,9.445666666666666,12.896,0.0,8.377257694462605,8.460887663792644,13.066293713321835,1.0,4.0,1.0,3.0,0.3664150395156403,0.0010970371387269652,0.06054070504079056,0.01434296819659064,4.0,4.0,6.0,4.032333333333333,4.228333333333333,7.678666666666667,8.377257694462605,8.460887663792644,13.066293713321835,-7.204875566343224,-7.018540426517494,-8.933914435032168
16,1,0.2857142857142857,1.6582280766035322,-7.584237753961577,"(0, 0, 0, 1, 1, 0, 0, 0, 0, 1, 1, 0, 0, 0, 0, 1, 1, 1, 0, 0, 0, 1, 1, 0, 1)",6.0,10.0,9.0,12.0,6.054,11.112666666666666,10.21,12.525666666666666,0.0,8.123088179832099,7.584237753961577,12.696794435963552,6.0,12.0,4.0,24.0,0.16926402808153004,0.059331374937254246,0.0692755716230393,0.027422239175658638,4.0,3.0,6.0,5.0586666666666655,4.156000000000001,6.471666666666666,8.123088179832099,7.584237753961577,12.696794435963552,-5.081509791678802,-5.684800096891317,-10.322681647492413
16,2,0.5714285714285714,1.6582280766035322,-6.1370652619968595,"(1, 1, 0, 0, 0, 0, 0, 0, 0, 0, 1, 0, 0, 1, 0, 1, 0, 1, 0, 1, 1, 0, 1, 0, 1)",6.0,8.0,9.0,12.0,6.354,10.077,10.741333333333333,12.630333333333333,0.0,6.1370652619968595,7.418884777589593,12.170454419693185,4.0,1.0,2.0,17.0,0.24256211577060902,0.12185884153323469,0.06691673995667258,0.047604737512308114,2.0,3.0,6.0,3.723,4.387333333333333,6.276333333333333,6.1370652619968595,7.418884777589593,12.170454419693185,-4.003070796196455,-5.027003720533718,-9.77379707230282
16,3,0.8571428571428571,1.6582280766035322,-5.28293961687299,"(0, 0, 0, 0, 0, 1, 1, 1, 0, 1, 0, 0, 0, 1, 0, 1, 0, 0, 0, 0, 1, 0, 0, 0, 1)",6.0,8.0,9.0,11.0,6.269333333333333,8.219666666666667,9.671,12.245333333333333,0.0,5.28293961687299,7.641898029136362,11.175370175679813,8.0,4.0,4.0,6.0,0.1293968804144131,0.13819989060299467,0.06372073360922749,0.06580770952444344,2.0,3.0,5.0,1.950333333333334,3.4016666666666664,5.976,5.28293961687299,7.641898029136362,11.175370175679813,-5.526221307630809,-7.031270696542098,-8.621741605967305
16,4,1.1428571428571428,1.6582280766035322,-4.405193434035724,"(0, 1, 1, 1, 1, 0, 1, 1, 1, 1, 1, 0, 1, 1, 1, 0, 1, 0, 1, 0, 0, 0, 0, 1, 1)",9.0,11.0,10.0,13.0,9.622333333333334,11.253333333333334,10.306666666666667,15.141,0.0,4.715143898687535,4.405193434035724,8.94785397562188,18.0,9.0,3.0,3.0,0.1656056441810319,0.07105373960115798,0.007238116406750834,0.017302411483606034,2.0,1.0,4.0,1.6310000000000002,0.684333333333333,5.518666666666666,4.715143898687535,4.405193434035724,8.94785397562188,-5.114214005089151,-6.170034688098552,-5.686374675642047
16,5,1.4285714285714284,1.6582280766035322,-6.963968329529822,"(0, 1, 1, 0, 1, 1, 0, 0, 1, 1, 0, 0, 1, 0, 1, 0, 0, 1, 1, 0, 0, 0, 0, 0, 0)",7.0,10.0,10.0,12.0,7.059666666666667,11.143333333333333,11.293666666666667,14.954,0.0,6.963968329529822,7.512722061968946,11.353086163600693,18.0,11.0,8.0,1.0,0.27878046518068506,0.016270042399907876,0.03955988847384301,0.0041828092425873,3.0,3.0,5.0,4.083666666666666,4.234,7.894333333333334,6.963968329529822,7.512722061968946,11.353086163600693,-4.776197086447526,-5.4368689785363316,-5.735401053181267
16,6,1.7142857142857142,1.6582280766035322,-5.5953774236397065,"(0, 0, 0, 0, 0, 1, 1, 1, 0, 1, 1, 0, 0, 0, 1, 0, 1, 1, 0, 0, 1, 0, 1, 1, 1)",6.0,9.0,9.0,12.0,6.249333333333333,10.565,9.467,12.982666666666667,0.0,5.5953774236397065,7.19019670106956,11.501092231815763,2.0,2.0,3.0,6.0,0.30228695196712596,0.0003883882117010421,0.05759319570123036,0.09137351113435575,3.0,3.0,6.0,4.315666666666666,3.217666666666667,6.733333333333333,5.5953774236397065,7.19019670106956,11.501092231815763,-2.122052307144255,-6.5873608381976725,-7.906031667939894
16,7,2.0,1.6582280766035322,-4.157887141166714,"(0, 0, 0, 1, 1, 1, 0, 1, 1, 0, 1, 0, 1, 1, 0, 0, 1, 0, 0, 1, 0, 1, 0, 0, 1)",6.0,11.0,8.0,11.0,6.140333333333333,11.288333333333334,8.398666666666667,11.418,0.0,7.746523008391841,4.157887141166714,11.261257177669673,2.0,15.0,1.0,3.0,0.26588208851257944,0.053744200347295004,0.06308325553564897,0.062430149908688434,5.0,2.0,5.0,5.148000000000001,2.2583333333333337,5.277666666666666,7.746523008391841,4.157887141166714,11.261257177669673,-4.3089438102156254,-3.1498934571684627,-9.922157784243664
17,0,0.0,1.6582280766035322,-8.377257694462605,"(1, 0, 0, 0, 0, 1, 0, 0, 0, 0, 0, 1, 0, 1, 0, 0, 1, 0, 0, 0, 1, 1, 0, 1, 0)",5.0,9.0,9.0,11.0,5.217333333333333,9.249666666666666,9.445666666666666,12.896,0.0,8.377257694462605,8.460887663792644,13.066293713321835,1.0,4.0,1.0,3.0,0.3664150395156403,0.0010970371387269652,0.06054070504079056,0.01434296819659064,4.0,4.0,6.0,4.032333333333333,4.228333333333333,7.678666666666667,8.377257694462605,8.460887663792644,13.066293713321835,-7.204875566343224,-7.018540426517494,-8.933914435032168
17,1,0.2857142857142857,1.6582280766035322,-8.32003961344158,"(0, 0, 0, 1, 1, 0, 0, 0, 0, 1, 1, 0, 0, 0, 0, 1, 1, 1, 0, 0, 0, 0, 0, 0, 1)",5.0,9.0,9.0,11.0,5.306333333333333,9.920666666666667,9.227666666666666,12.734,0.0,8.827641652446328,8.32003961344158,14.219010960772781,3.0,3.0,6.0,10.0,0.3608872380757263,0.0001839857125547068,0.09246640985252016,0.0011829685493898547,4.0,4.0,6.0,4.6143333333333345,3.921333333333333,7.427666666666667,8.827641652446328,8.32003961344158,14.219010960772781,-6.986626150140401,-7.294058254407775,-11.261597786367956
17,2,0.5714285714285714,1.6582280766035322,-6.186158025442527,"(1, 0, 0, 0, 0, 0, 1, 0, 0, 0, 1, 0, 0, 1, 0, 1, 0, 1, 0, 1, 1, 0, 1, 0, 1)",7.0,9.0,11.0,12.0,7.468,9.956,11.078666666666667,13.926,0.0,6.186158025442527,7.180422367795801,10.98471079638322,8.0,4.0,8.0,6.0,0.213907486794465,0.00023115390032967944,0.11520670038591335,0.008146905781098036,2.0,4.0,5.0,2.4879999999999995,3.610666666666667,6.458,6.186158025442527,7.180422367795801,10.98471079638322,-6.132389469505479,-5.919469130227857,-7.5063189372269905
17,3,0.8571428571428571,1.6582280766035322,-5.28293961687299,"(0, 0, 0, 0, 0, 1, 1, 1, 0, 1, 0, 0, 0, 1, 0, 1, 0, 0, 0, 0, 1, 0, 0, 0, 1)",6.0,8.0,9.0,11.0,6.269333333333333,8.219666666666667,9.671,12.245333333333333,0.0,5.28293961687299,7.641898029136362,11.175370175679813,8.0,4.0,4.0,6.0,0.1293968804144131,0.13819989060299467,0.06372073360922749,0.06580770952444344,2.0,3.0,5.0,1.950333333333334,3.4016666666666664,5.976,5.28293961687299,7.641898029136362,11.175370175679813,-5.526221307630809,-7.031270696542098,-8.621741605967305
17,4,1.1428571428571428,1.6582280766035322,-4.405193434035724,"(0, 1, 1, 1, 1, 0, 1, 1, 1, 1, 1, 0, 1, 1, 1, 0, 1, 0, 1, 0, 0, 0, 0, 1, 1)",9.0,11.0,10.0,13.0,9.622333333333334,11.253333333333334,10.306666666666667,15.141,0.0,4.715143898687535,4.405193434035724,8.94785397562188,18.0,9.0,3.0,3.0,0.1656056441810319,0.07105373960115798,0.007238116406750834,0.017302411483606034,2.0,1.0,4.0,1.6310000000000002,0.684333333333333,5.518666666666666,4.715143898687535,4.405193434035724,8.94785397562188,-5.114214005089151,-6.170034688098552,-5.686374675642047
17,5,1.4285714285714284,1.6582280766035322,-6.298816198491333,"(1, 0, 1, 0, 1, 1, 0, 0, 1, 1, 0, 0, 1, 0, 1, 0, 0, 1, 1, 0, 0, 0, 0, 0, 0)",7.0,10.0,9.0,11.0,7.105666666666667,10.215666666666667,9.090666666666667,12.746666666666666,0.0,6.298816198491333,6.363671341042937,10.895424426836325,24.0,13.0,9.0,1.0,0.22131009417206438,0.09482362951097534,0.005971633079299098,0.007525566057786337,3.0,2.0,4.0,3.1100000000000003,1.9850000000000003,5.640999999999999,6.298816198491333,6.363671341042937,10.895424426836325,-5.28778455146647,-7.260835755936638,-8.713034110971417
17,6,1.7142857142857142,1.6582280766035322,-5.5953774236397065,"(0, 0, 0, 0, 0, 1, 1, 1, 0, 1, 1, 0, 0, 0, 1, 0, 1, 1, 0, 0, 1, 0, 1, 1, 1)",6.0,9.0,9.0,12.0,6.249333333333333,10.565,9.467,12.982666666666667,0.0,5.5953774236397065,7.19019670106956,11.501092231815763,2.0,2.0,3.0,6.0,0.30228695196712596,0.0003883882117010421,0.05759319570123036,0.09137351113435575,3.0,3.0,6.0,4.315666666666666,3.217666666666667,6.733333333333333,5.5953774236397065,7.19019670106956,11.501092231815763,-2.122052307144255,-6.5873608381976725,-7.906031667939894
17,7,2.0,1.6582280766035322,-4.157887141166714,"(0, 0, 0, 1, 1, 1, 0, 1, 1, 0, 1, 0, 1, 1, 0, 0, 1, 0, 0, 1, 0, 1, 0, 0, 1)",6.0,11.0,8.0,11.0,6.140333333333333,11.288333333333334,8.398666666666667,11.418,0.0,7.746523008391841,4.157887141166714,11.261257177669673,2.0,15.0,1.0,3.0,0.26588208851257944,0.053744200347295004,0.06308325553564897,0.062430149908688434,5.0,2.0,5.0,5.148000000000001,2.2583333333333337,5.277666666666666,7.746523008391841,4.157887141166714,11.261257177669673,-4.3089438102156254,-3.1498934571684627,-9.922157784243664
18,0,0.0,1.6582280766035322,-8.377257694462605,"(1, 0, 0, 0, 0, 1, 0, 0, 0, 0, 0, 1, 0, 1, 0, 0, 1, 0, 0, 0, 1, 1, 0, 1, 0)",5.0,9.0,9.0,11.0,5.217333333333333,9.249666666666666,9.445666666666666,12.896,0.0,8.377257694462605,8.460887663792644,13.066293713321835,1.0,4.0,1.0,3.0,0.3664150395156403,0.0010970371387269652,0.06054070504079056,0.01434296819659064,4.0,4.0,6.0,4.032333333333333,4.228333333333333,7.678666666666667,8.377257694462605,8.460887663792644,13.066293713321835,-7.204875566343224,-7.018540426517494,-8.933914435032168
18,1,0.2857142857142857,1.6582280766035322,-8.32003961344158,"(0, 0, 0, 1, 1, 0, 0, 0, 0, 1, 1, 0, 0, 0, 0, 1, 1, 1, 0, 0, 0, 0, 0, 0, 1)",5.0,9.0,9.0,11.0,5.306333333333333,9.920666666666667,9.227666666666666,12.734,0.0,8.827641652446328,8.32003961344158,14.219010960772781,3.0,3.0,6.0,10.0,0.3608872380757263,0.0001839857125547068,0.09246640985252016,0.0011829685493898547,4.0,4.0,6.0,4.6143333333333345,3.921333333333333,7.427666666666667,8.827641652446328,8.32003961344158,14.219010960772781,-6.986626150140401,-7.294058254407775,-11.261597786367956
18,2,0.5714285714285714,1.6582280766035322,-6.186158025442527,"(1, 0, 0, 0, 0, 0, 1, 0, 0, 0, 1, 0, 0, 1, 0, 1, 0, 1, 0, 1, 1, 0, 1, 0, 1)",7.0,9.0,11.0,12.0,7.468,9.956,11.078666666666667,13.926,0.0,6.186158025442527,7.180422367795801,10.98471079638322,8.0,4.0,8.0,6.0,0.213907486794465,0.00023115390032967944,0.11520670038591335,0.008146905781098036,2.0,4.0,5.0,2.4879999999999995,3.610666666666667,6.458,6.186158025442527,7.180422367795801,10.98471079638322,-6.132389469505479,-5.919469130227857,-7.5063189372269905
18,3,0.8571428571428571,1.6582280766035322,-5.28293961687299,"(0, 0, 0, 0, 0, 1, 1, 1, 0, 1, 0, 0, 0, 1, 0, 1, 0, 0, 0, 0, 1, 0, 0, 0, 1)",6.0,8.0,9.0,11.0,6.269333333333333,8.219666666666667,9.671,12.245333333333333,0.0,5.28293961687299,7.641898029136362,11.175370175679813,8.0,4.0,4.0,6.0,0.1293968804144131,0.13819989060299467,0.06372073360922749,0.06580770952444344,2.0,3.0,5.0,1.950333333333334,3.4016666666666664,5.976,5.28293961687299,7.641898029136362,11.175370175679813,-5.526221307630809,-7.031270696542098,-8.621741605967305
18,4,1.1428571428571428,1.6582280766035322,-4.961630289896446,"(0, 0, 1, 1, 1, 0, 0, 1, 1, 1, 1, 0, 1, 1, 1, 0, 1, 0, 1, 0, 0, 0, 0, 1, 1)",8.0,10.0,10.0,12.0,8.024,12.129,10.862333333333334,13.611,0.0,5.507168902342602,4.961630289896446,9.384953684236368,13.0,8.0,3.0,3.0,0.1366339359094915,0.025628231452006538,0.006243452090122046,0.04996130808396792,2.0,2.0,4.0,4.105,2.8383333333333347,5.5870000000000015,5.507168902342602,4.961630289896446,9.384953684236368,-2.3251158420048577,-3.5209106283397817,-6.29787343284057
18,5,1.4285714285714284,1.6582280766035322,-6.298816198491333,"(1, 0, 1, 0, 1, 1, 0, 0, 1, 1, 0, 0, 1, 0, 1, 0, 0, 1, 1, 0, 0, 0, 0, 0, 0)",7.0,10.0,9.0,11.0,7.105666666666667,10.215666666666667,9.090666666666667,12.746666666666666,0.0,6.298816198491333,6.363671341042937,10.895424426836325,24.0,13.0,9.0,1.0,0.22131009417206438,0.09482362951097534,0.005971633079299098,0.007525566057786337,3.0,2.0,4.0,3.1100000000000003,1.9850000000000003,5.640999999999999,6.298816198491333,6.363671341042937,10.895424426836325,-5.28778455146647,-7.260835755936638,-8.713034110971417
18,6,1.7142857142857142,1.6582280766035322,-5.5953774236397065,"(0, 0, 0, 0, 0, 1, 1, 1, 0, 1, 1, 0, 0, 0, 1, 0, 1, 1, 0, 0, 1, 0, 1, 1, 1)",6.0,9.0,9.0,12.0,6.249333333333333,10.565,9.467,12.982666666666667,0.0,5.5953774236397065,7.19019670106956,11.501092231815763,2.0,2.0,3.0,6.0,0.30228695196712596,0.0003883882117010421,0.05759319570123036,0.09137351113435575,3.0,3.0,6.0,4.315666666666666,3.217666666666667,6.733333333333333,5.5953774236397065,7.19019670106956,11.501092231815763,-2.122052307144255,-6.5873608381976725,-7.906031667939894
18,7,2.0,1.6582280766035322,-4.157887141166714,"(0, 0, 0, 1, 1, 1, 0, 1, 1, 0, 1, 0, 1, 1, 0, 0, 1, 0, 0, 1, 0, 1, 0, 0, 1)",6.0,11.0,8.0,11.0,6.140333333333333,11.288333333333334,8.398666666666667,11.418,0.0,7.746523008391841,4.157887141166714,11.261257177669673,2.0,15.0,1.0,3.0,0.26588208851257944,0.053744200347295004,0.06308325553564897,0.062430149908688434,5.0,2.0,5.0,5.148000000000001,2.2583333333333337,5.277666666666666,7.746523008391841,4.157887141166714,11.261257177669673,-4.3089438102156254,-3.1498934571684627,-9.922157784243664
19,0,0.0,1.6582280766035322,-6.115886004507352,"(0, 1, 0, 0, 0, 1, 0, 0, 0, 0, 0, 1, 0, 1, 0, 0, 1, 0, 0, 0, 1, 1, 0, 1, 0)",6.0,9.0,9.0,11.0,6.193666666666667,9.776333333333334,9.898666666666667,12.583333333333334,0.0,6.115886004507352,7.441326130892961,11.821222374382277,3.0,4.0,1.0,3.0,0.2664821934132436,0.047294959368682644,0.01715334748432308,0.0007631148134972345,3.0,3.0,5.0,3.5826666666666664,3.705,6.389666666666667,6.115886004507352,7.441326130892961,11.821222374382277,-4.200655430202434,-6.195680893594151,-9.006758174170193
19,1,0.2857142857142857,1.6582280766035322,-8.32003961344158,"(0, 0, 0, 1, 1, 0, 0, 0, 0, 1, 1, 0, 0, 0, 0, 1, 1, 1, 0, 0, 0, 0, 0, 0, 1)",5.0,9.0,9.0,11.0,5.306333333333333,9.920666666666667,9.227666666666666,12.734,0.0,8.827641652446328,8.32003961344158,14.219010960772781,3.0,3.0,6.0,10.0,0.3608872380757263,0.0001839857125547068,0.09246640985252016,0.0011829685493898547,4.0,4.0,6.0,4.6143333333333345,3.921333333333333,7.427666666666667,8.827641652446328,8.32003961344158,14.219010960772781,-6.986626150140401,-7.294058254407775,-11.261597786367956
19,2,0.5714285714285714,1.6582280766035322,-6.3029525563046365,"(1, 0, 0, 0, 0, 0, 1, 0, 0, 0, 1, 0, 0, 1, 0, 0, 0, 1, 0, 0, 1, 0, 1, 0, 1)",6.0,9.0,10.0,12.0,6.62,9.379,10.759333333333334,13.970666666666666,0.0,6.3029525563046365,7.155816105614647,11.934221405424605,2.0,4.0,2.0,7.0,0.16699880473613551,0.000242356447666057,0.0803532475881549,0.0011919754193664672,3.0,4.0,6.0,2.7589999999999995,4.139333333333334,7.350666666666666,6.3029525563046365,7.155816105614647,11.934221405424605,-5.8766816310152095,-5.002016425587733,-7.600579158457582
19,3,0.8571428571428571,1.6582280766035322,-6.101275172676833,"(0, 0, 1, 0, 0, 1, 1, 1, 0, 1, 0, 0, 0, 1, 0, 1, 0, 0, 0, 0, 1, 0, 1, 0, 1)",7.0,9.0,10.0,12.0,7.132666666666666,10.018,10.201666666666666,13.812666666666667,0.0,6.101275172676833,7.852502207243214,10.531535487803882,8.0,4.0,6.0,3.0,0.2099244148701206,0.0004524729033025403,0.12503308040804773,0.011327253050278492,2.0,3.0,5.0,2.8853333333333344,3.069,6.680000000000001,6.101275172676833,7.852502207243214,10.531535487803882,-5.3327650507233955,-7.932137664545666,-6.3867242839112786
19,4,1.1428571428571428,1.6582280766035322,-5.098609141402101,"(0, 0, 1, 1, 1, 0, 0, 1, 1, 1, 1, 0, 1, 1, 1, 0, 0, 1, 1, 0, 0, 0, 0, 1, 1)",7.0,12.0,9.0,11.0,7.059333333333333,13.831,9.341333333333333,12.494,0.0,5.8765207816496305,5.098609141402101,11.408977662160437,8.0,8.0,2.0,1.0,0.24218616005786853,0.11313399214383205,0.024723988195427832,0.006249136267179373,5.0,2.0,4.0,6.7716666666666665,2.282,5.434666666666667,5.8765207816496305,5.098609141402101,11.408977662160437,1.4843560391913662,-4.670580359091133,-9.906770231088968
19,5,1.4285714285714284,1.6582280766035322,-6.298816198491333,"(1, 0, 1, 0, 1, 1, 0, 0, 1, 1, 0, 0, 1, 0, 1, 0, 0, 1, 1, 0, 0, 0, 0, 0, 0)",7.0,10.0,9.0,11.0,7.105666666666667,10.215666666666667,9.090666666666667,12.746666666666666,0.0,6.298816198491333,6.363671341042937,10.895424426836325,24.0,13.0,9.0,1.0,0.22131009417206438,0.09482362951097534,0.005971633079299098,0.007525566057786337,3.0,2.0,4.0,3.1100000000000003,1.9850000000000003,5.640999999999999,6.298816198491333,6.363671341042937,10.895424426836325,-5.28778455146647,-7.260835755936638,-8.713034110971417
19,6,1.7142857142857142,1.6582280766035322,-5.5953774236397065,"(0, 0, 0, 0, 0, 1, 1, 1, 0, 1, 1, 0, 0, 0, 1, 0, 1, 1, 0, 0, 1, 0, 1, 1, 1)",6.0,9.0,9.0,12.0,6.249333333333333,10.565,9.467,12.982666666666667,0.0,5.5953774236397065,7.19019670106956,11.501092231815763,2.0,2.0,3.0,6.0,0.30228695196712596,0.0003883882117010421,0.05759319570123036,0.09137351113435575,3.0,3.0,6.0,4.315666666666666,3.217666666666667,6.733333333333333,5.5953774236397065,7.19019670106956,11.501092231815763,-2.122052307144255,-6.5873608381976725,-7.906031667939894
19,7,2.0,1.6582280766035322,-4.157887141166714,"(0, 0, 0, 1, 1, 1, 0, 1, 1, 0, 1, 0, 1, 1, 0, 0, 1, 0, 0, 1, 0, 1, 0, 0, 1)",6.0,11.0,8.0,11.0,6.140333333333333,11.288333333333334,8.398666666666667,11.418,0.0,7.746523008391841,4.157887141166714,11.261257177669673,2.0,15.0,1.0,3.0,0.26588208851257944,0.053744200347295004,0.06308325553564897,0.062430149908688434,5.0,2.0,5.0,5.148000000000001,2.2583333333333337,5.277666666666666,7.746523008391841,4.157887141166714,11.261257177669673,-4.3089438102156254,-3.1498934571684627,-9.922157784243664
20,0,0.0,1.6582280766035322,-8.32003961344158,"(0, 0, 0, 1, 1, 0, 0, 0, 0, 1, 1, 0, 0, 0, 0, 1, 1, 1, 0, 0, 0, 0, 0, 0, 1)",5.0,9.0,9.0,11.0,5.306333333333333,9.920666666666667,9.227666666666666,12.734,0.0,8.827641652446328,8.32003961344158,14.219010960772781,3.0,3.0,6.0,10.0,0.3608872380757263,0.0001839857125547068,0.09246640985252016,0.0011829685493898547,4.0,4.0,6.0,4.6143333333333345,3.921333333333333,7.427666666666667,8.827641652446328,8.32003961344158,14.219010960772781,-6.986626150140401,-7.294058254407775,-11.261597786367956
20,1,0.2857142857142857,1.6582280766035322,-7.640829393264775,"(1, 0, 0, 0, 0, 0, 1, 0, 0, 0, 1, 0, 0, 1, 0, 1, 0, 1, 0, 0, 0, 0, 1, 0, 1)",7.0,11.0,12.0,13.0,7.174,11.736,13.939666666666668,14.064666666666668,0.0,7.825371753434339,7.640829393264775,11.37931380434564,6.0,15.0,31.0,11.0,0.20104762058886785,5.2396393072992054e-05,0.036321562211313795,0.036793208369328104,4.0,5.0,6.0,4.562,6.765666666666667,6.890666666666667,7.825371753434339,7.640829393264775,11.37931380434564,-5.411414665939721,-1.4512194048418827,-7.443200709665354
20,2,0.5714285714285714,1.6582280766035322,-6.101275172676833,"(0, 0, 1, 0, 0, 1, 1, 1, 0, 1, 0, 0, 0, 1, 0, 1, 0, 0, 0, 0, 1, 0, 1, 0, 1)",7.0,9.0,10.0,12.0,7.132666666666666,10.018,10.201666666666666,13.812666666666667,0.0,6.101275172676833,7.852502207243214,10.531535487803882,8.0,4.0,6.0,3.0,0.2099244148701206,0.0004524729033025403,0.12503308040804773,0.011327253050278492,2.0,3.0,5.0,2.8853333333333344,3.069,6.680000000000001,6.101275172676833,7.852502207243214,10.531535487803882,-5.3327650507233955,-7.932137664545666,-6.3867242839112786
20,3,0.8571428571428571,1.6582280766035322,-5.098609141402101,"(0, 0, 1, 1, 1, 0, 0, 1, 1, 1, 1, 0, 1, 1, 1, 0, 0, 1, 1, 0, 0, 0, 0, 1, 1)",7.0,12.0,9.0,11.0,7.059333333333333,13.831,9.341333333333333,12.494,0.0,5.8765207816496305,5.098609141402101,11.408977662160437,8.0,8.0,2.0,1.0,0.24218616005786853,0.11313399214383205,0.024723988195427832,0.006249136267179373,5.0,2.0,4.0,6.7716666666666665,2.282,5.434666666666667,5.8765207816496305,5.098609141402101,11.408977662160437,1.4843560391913662,-4.670580359091133,-9.906770231088968
20,4,1.1428571428571428,1.6582280766035322,-6.473271004528226,"(1, 0, 1, 0, 1, 1, 0, 0, 1, 1, 0, 0, 1, 0, 1, 0, 0, 1, 0, 0, 0, 0, 0, 1, 0)",7.0,10.0,10.0,12.0,7.168,10.234,10.502333333333333,12.368,0.0,7.150832209006633,6.473271004528226,11.710664623563838,16.0,6.0,15.0,32.0,0.2832715143191045,0.07956613077982347,0.0025346634031574757,0.044310973442400065,3.0,3.0,5.0,3.066,3.3343333333333325,5.2,7.150832209006633,6.473271004528226,11.710664623563838,-6.773583457189226,-5.205074577083879,-10.796166876142923
20,5,1.4285714285714284,1.6582280766035322,-5.5953774236397065,"(0, 0, 0, 0, 0, 1, 1, 1, 0, 1, 1, 0, 0, 0, 1, 0, 1, 1, 0, 0, 1, 0, 1, 1, 1)",6.0,9.0,9.0,12.0,6.249333333333333,10.565,9.467,12.982666666666667,0.0,5.5953774236397065,7.19019670106956,11.501092231815763,2.0,2.0,3.0,6.0,0.30228695196712596,0.0003883882117010421,0.05759319570123036,0.09137351113435575,3.0,3.0,6.0,4.315666666666666,3.217666666666667,6.733333333333333,5.5953774236397065,7.19019670106956,11.501092231815763,-2.122052307144255,-6.5873608381976725,-7.906031667939894
20,6,1.7142857142857142,1.6582280766035322,-4.157887141166714,"(0, 0, 0, 1, 1, 1, 0, 1, 1, 0, 1, 0, 1, 1, 0, 0, 1, 0, 0, 1, 0, 1, 0, 0, 1)",6.0,11.0,8.0,11.0,6.140333333333333,11.288333333333334,8.398666666666667,11.418,0.0,7.746523008391841,4.157887141166714,11.261257177669673,2.0,15.0,1.0,3.0,0.26588208851257944,0.053744200347295004,0.06308325553564897,0.062430149908688434,5.0,2.0,5.0,5.148000000000001,2.2583333333333337,5.277666666666666,7.746523008391841,4.157887141166714,11.261257177669673,-4.3089438102156254,-3.1498934571684627,-9.922157784243664
20,7,2.0,1.6582280766035322,-6.115886004507352,"(0, 1, 0, 0, 0, 1, 0, 0, 0, 0, 0, 1, 0, 1, 0, 0, 1, 0, 0, 0, 1, 1, 0, 1, 0)",6.0,9.0,9.0,11.0,6.193666666666667,9.776333333333334,9.898666666666667,12.583333333333334,0.0,6.115886004507352,7.441326130892961,11.821222374382277,3.0,4.0,1.0,3.0,0.2664821934132436,0.047294959368682644,0.01715334748432308,0.0007631148134972345,3.0,3.0,5.0,3.5826666666666664,3.705,6.389666666666667,6.115886004507352,7.441326130892961,11.821222374382277,-4.200655430202434,-6.195680893594151,-9.006758174170193
21,0,0.0,1.6582280766035322,-8.32003961344158,"(0, 0, 0, 1, 1, 0, 0, 0, 0, 1, 1, 0, 0, 0, 0, 1, 1, 1, 0, 0, 0, 0, 0, 0, 1)",5.0,9.0,9.0,11.0,5.306333333333333,9.920666666666667,9.227666666666666,12.734,0.0,8.827641652446328,8.32003961344158,14.219010960772781,3.0,3.0,6.0,10.0,0.3608872380757263,0.0001839857125547068,0.09246640985252016,0.0011829685493898547,4.0,4.0,6.0,4.6143333333333345,3.921333333333333,7.427666666666667,8.827641652446328,8.32003961344158,14.219010960772781,-6.986626150140401,-7.294058254407775,-11.261597786367956
21,1,0.2857142857142857,1.6582280766035322,-7.858296793133124,"(1, 0, 0, 0, 0, 0, 1, 1, 1, 0, 1, 0, 0, 1, 0, 1, 0, 1, 0, 0, 0, 0, 1, 0, 1)",6.0,10.0,10.0,12.0,6.123333333333333,10.968333333333334,10.281333333333333,12.784666666666666,0.0,7.858296793133124,7.9531474391148445,12.311965761274891,2.0,5.0,6.0,8.0,0.3038510087279034,0.004772175861487298,0.06737121001988336,0.04718099512991552,4.0,4.0,6.0,4.845000000000001,4.1579999999999995,6.661333333333333,7.858296793133124,7.9531474391148445,12.311965761274891,-4.99673334551273,-6.29322003839023,-9.370037342579076
21,2,0.5714285714285714,1.6582280766035322,-6.042279102662563,"(0, 0, 1, 0, 0, 1, 1, 1, 0, 1, 0, 0, 0, 1, 1, 1, 0, 0, 0, 1, 1, 0, 1, 0, 1)",6.0,8.0,11.0,12.0,6.048,8.187666666666667,11.634,13.480333333333334,0.0,6.042279102662563,8.237082147720386,11.514450180210625,2.0,1.0,21.0,11.0,0.18727470650478523,0.07510172668641127,0.007805537304452073,0.03503673642285425,2.0,5.0,6.0,2.139666666666667,5.586,7.432333333333334,6.042279102662563,8.237082147720386,11.514450180210625,-6.4714215134705,-4.396098850732336,-6.769080767468206
21,3,0.8571428571428571,1.6582280766035322,-5.098609141402101,"(0, 0, 1, 1, 1, 0, 0, 1, 1, 1, 1, 0, 1, 1, 1, 0, 0, 1, 1, 0, 0, 0, 0, 1, 1)",7.0,12.0,9.0,11.0,7.059333333333333,13.831,9.341333333333333,12.494,0.0,5.8765207816496305,5.098609141402101,11.408977662160437,8.0,8.0,2.0,1.0,0.24218616005786853,0.11313399214383205,0.024723988195427832,0.006249136267179373,5.0,2.0,4.0,6.7716666666666665,2.282,5.434666666666667,5.8765207816496305,5.098609141402101,11.408977662160437,1.4843560391913662,-4.670580359091133,-9.906770231088968
21,4,1.1428571428571428,1.6582280766035322,-5.041658219348974,"(1, 0, 1, 0, 1, 1, 0, 0, 1, 1, 0, 0, 1, 0, 1, 0, 0, 1, 0, 0, 1, 0, 0, 1, 1)",8.0,10.0,10.0,13.0,8.36,11.701666666666666,10.319,13.442333333333334,0.0,5.568983960087099,5.041658219348974,9.665774609009176,31.0,6.0,6.0,41.0,0.2711277349204302,0.0013251035072086293,0.04760117042607112,0.06251414880413941,2.0,2.0,5.0,3.341666666666667,1.9590000000000014,5.0823333333333345,5.568983960087099,5.041658219348974,9.665774609009176,-3.6934000714543482,-5.111750409897116,-7.600391010789191
21,5,1.4285714285714284,1.6582280766035322,-5.5953774236397065,"(0, 0, 0, 0, 0, 1, 1, 1, 0, 1, 1, 0, 0, 0, 1, 0, 1, 1, 0, 0, 1, 0, 1, 1, 1)",6.0,9.0,9.0,12.0,6.249333333333333,10.565,9.467,12.982666666666667,0.0,5.5953774236397065,7.19019670106956,11.501092231815763,2.0,2.0,3.0,6.0,0.30228695196712596,0.0003883882117010421,0.05759319570123036,0.09137351113435575,3.0,3.0,6.0,4.315666666666666,3.217666666666667,6.733333333333333,5.5953774236397065,7.19019670106956,11.501092231815763,-2.122052307144255,-6.5873608381976725,-7.906031667939894
21,6,1.7142857142857142,1.6582280766035322,-4.157887141166714,"(0, 0, 0, 1, 1, 1, 0, 1, 1, 0, 1, 0, 1, 1, 0, 0, 1, 0, 0, 1, 0, 1, 0, 0, 1)",6.0,11.0,8.0,11.0,6.140333333333333,11.288333333333334,8.398666666666667,11.418,0.0,7.746523008391841,4.157887141166714,11.261257177669673,2.0,15.0,1.0,3.0,0.26588208851257944,0.053744200347295004,0.06308325553564897,0.062430149908688434,5.0,2.0,5.0,5.148000000000001,2.2583333333333337,5.277666666666666,7.746523008391841,4.157887141166714,11.261257177669673,-4.3089438102156254,-3.1498934571684627,-9.922157784243664
21,7,2.0,1.6582280766035322,-6.115886004507352,"(0, 1, 0, 0, 0, 1, 0, 0, 0, 0, 0, 1, 0, 1, 0, 0, 1, 0, 0, 0, 1, 1, 0, 1, 0)",6.0,9.0,9.0,11.0,6.193666666666667,9.776333333333334,9.898666666666667,12.583333333333334,0.0,6.115886004507352,7.441326130892961,11.821222374382277,3.0,4.0,1.0,3.0,0.2664821934132436,0.047294959368682644,0.01715334748432308,0.0007631148134972345,3.0,3.0,5.0,3.5826666666666664,3.705,6.389666666666667,6.115886004507352,7.441326130892961,11.821222374382277,-4.200655430202434,-6.195680893594151,-9.006758174170193
22,0,0.0,1.6582280766035322,-9.420983295389682,"(0, 0, 0, 0, 0, 0, 0, 0, 0, 1, 1, 0, 0, 0, 0, 1, 1, 1, 0, 0, 0, 0, 0, 0, 1)",4.0,8.0,8.0,12.0,4.092,8.560333333333332,8.000666666666667,12.782333333333334,0.0,9.882726115698139,9.420983295389682,14.962145873302655,1.0,1.0,1.0,63.0,0.2894616210137755,0.02918209375389737,0.00039640162490292634,0.0007391066574981591,4.0,4.0,8.0,4.468333333333333,3.908666666666668,8.690333333333335,9.882726115698139,9.420983295389682,14.962145873302655,-8.97829812947684,-9.140678200877032,-10.40009564497124
22,1,0.2857142857142857,1.6582280766035322,-7.858296793133124,"(1, 0, 0, 0, 0, 0, 1, 1, 1, 0, 1, 0, 0, 1, 0, 1, 0, 1, 0, 0, 0, 0, 1, 0, 1)",6.0,10.0,10.0,12.0,6.123333333333333,10.968333333333334,10.281333333333333,12.784666666666666,0.0,7.858296793133124,7.9531474391148445,12.311965761274891,2.0,5.0,6.0,8.0,0.3038510087279034,0.004772175861487298,0.06737121001988336,0.04718099512991552,4.0,4.0,6.0,4.845000000000001,4.1579999999999995,6.661333333333333,7.858296793133124,7.9531474391148445,12.311965761274891,-4.99673334551273,-6.29322003839023,-9.370037342579076
22,2,0.5714285714285714,1.6582280766035322,-6.042279102662563,"(0, 0, 1, 0, 0, 1, 1, 1, 0, 1, 0, 0, 0, 1, 1, 1, 0, 0, 0, 1, 1, 0, 1, 0, 1)",6.0,8.0,11.0,12.0,6.048,8.187666666666667,11.634,13.480333333333334,0.0,6.042279102662563,8.237082147720386,11.514450180210625,2.0,1.0,21.0,11.0,0.18727470650478523,0.07510172668641127,0.007805537304452073,0.03503673642285425,2.0,5.0,6.0,2.139666666666667,5.586,7.432333333333334,6.042279102662563,8.237082147720386,11.514450180210625,-6.4714215134705,-4.396098850732336,-6.769080767468206
22,3,0.8571428571428571,1.6582280766035322,-5.203888199510018,"(0, 0, 1, 1, 1, 1, 1, 1, 1, 1, 1, 0, 1, 1, 1, 0, 0, 1, 1, 0, 0, 0, 0, 1, 1)",8.0,12.0,10.0,13.0,8.009333333333334,12.474,10.186,15.183,0.0,5.203888199510018,5.81472414866154,9.949635618589092,9.0,9.0,4.0,5.0,0.2067458097941271,0.021534779250479755,0.020097164241667607,0.004484043119376425,4.0,2.0,5.0,4.464666666666666,2.176666666666666,7.173666666666666,5.203888199510018,5.81472414866154,9.949635618589092,-1.225797900590747,-6.03272906094145,-4.603189655857448
22,4,1.1428571428571428,1.6582280766035322,-7.174056614457285,"(0, 0, 1, 0, 1, 1, 0, 0, 1, 1, 0, 0, 1, 0, 1, 0, 0, 1, 0, 0, 0, 0, 0, 1, 1)",7.0,9.0,10.0,12.0,7.125333333333334,10.023333333333333,10.386666666666667,13.109666666666667,0.0,7.174056614457285,7.900922467080037,11.758403167413615,15.0,3.0,8.0,17.0,0.3323567906249754,0.00016774513027088903,0.0011022750384478296,0.06616840984557694,2.0,3.0,5.0,2.8979999999999997,3.261333333333333,5.984333333333334,7.174056614457285,7.900922467080037,11.758403167413615,-7.090677135239316,-7.693496965483446,-9.574724715141421
22,5,1.4285714285714284,1.6582280766035322,-5.5953774236397065,"(0, 0, 0, 0, 0, 1, 1, 1, 0, 1, 1, 0, 0, 0, 1, 0, 1, 1, 0, 0, 1, 0, 1, 1, 1)",6.0,9.0,9.0,12.0,6.249333333333333,10.565,9.467,12.982666666666667,0.0,5.5953774236397065,7.19019670106956,11.501092231815763,2.0,2.0,3.0,6.0,0.30228695196712596,0.0003883882117010421,0.05759319570123036,0.09137351113435575,3.0,3.0,6.0,4.315666666666666,3.217666666666667,6.733333333333333,5.5953774236397065,7.19019670106956,11.501092231815763,-2.122052307144255,-6.5873608381976725,-7.906031667939894
22,6,1.7142857142857142,1.6582280766035322,-4.157887141166714,"(0, 0, 0, 1, 1, 1, 0, 1, 1, 0, 1, 0, 1, 1, 0, 0, 1, 0, 0, 1, 0, 1, 0, 0, 1)",6.0,11.0,8.0,11.0,6.140333333333333,11.288333333333334,8.398666666666667,11.418,0.0,7.746523008391841,4.157887141166714,11.261257177669673,2.0,15.0,1.0,3.0,0.26588208851257944,0.053744200347295004,0.06308325553564897,0.062430149908688434,5.0,2.0,5.0,5.148000000000001,2.2583333333333337,5.277666666666666,7.746523008391841,4.157887141166714,11.261257177669673,-4.3089438102156254,-3.1498934571684627,-9.922157784243664
22,7,2.0,1.6582280766035322,-6.75531717560208,"(0, 1, 0, 0, 0, 1, 0, 0, 0, 0, 0, 1, 0, 1, 0, 1, 1, 0, 0, 0, 0, 1, 0, 1, 0)",6.0,9.0,10.0,12.0,6.258666666666667,9.422333333333333,10.482333333333333,12.958,0.0,6.75531717560208,6.945700183552573,12.796067023482884,3.0,4.0,14.0,14.0,0.25211291259497076,0.055672524678494116,0.0761723087393738,0.005517644180343944,3.0,4.0,6.0,3.163666666666666,4.2236666666666665,6.699333333333334,6.75531717560208,6.945700183552573,12.796067023482884,-5.955775715264069,-4.513752403156064,-10.109774980580644
23,0,0.0,1.6582280766035322,-9.420983295389682,"(0, 0, 0, 0, 0, 0, 0, 0, 0, 1, 1, 0, 0, 0, 0, 1, 1, 1, 0, 0, 0, 0, 0, 0, 1)",4.0,8.0,8.0,12.0,4.092,8.560333333333332,8.000666666666667,12.782333333333334,0.0,9.882726115698139,9.420983295389682,14.962145873302655,1.0,1.0,1.0,63.0,0.2894616210137755,0.02918209375389737,0.00039640162490292634,0.0007391066574981591,4.0,4.0,8.0,4.468333333333333,3.908666666666668,8.690333333333335,9.882726115698139,9.420983295389682,14.962145873302655,-8.97829812947684,-9.140678200877032,-10.40009564497124
23,1,0.2857142857142857,1.6582280766035322,-7.858296793133124,"(1, 0, 0, 0, 0, 0, 1, 1, 1, 0, 1, 0, 0, 1, 0, 1, 0, 1, 0, 0, 0, 0, 1, 0, 1)",6.0,10.0,10.0,12.0,6.123333333333333,10.968333333333334,10.281333333333333,12.784666666666666,0.0,7.858296793133124,7.9531474391148445,12.311965761274891,2.0,5.0,6.0,8.0,0.3038510087279034,0.004772175861487298,0.06737121001988336,0.04718099512991552,4.0,4.0,6.0,4.845000000000001,4.1579999999999995,6.661333333333333,7.858296793133124,7.9531474391148445,12.311965761274891,-4.99673334551273,-6.29322003839023,-9.370037342579076
23,2,0.5714285714285714,1.6582280766035322,-6.042279102662563,"(0, 0, 1, 0, 0, 1, 1, 1, 0, 1, 0, 0, 0, 1, 1, 1, 0, 0, 0, 1, 1, 0, 1, 0, 1)",6.0,8.0,11.0,12.0,6.048,8.187666666666667,11.634,13.480333333333334,0.0,6.042279102662563,8.237082147720386,11.514450180210625,2.0,1.0,21.0,11.0,0.18727470650478523,0.07510172668641127,0.007805537304452073,0.03503673642285425,2.0,5.0,6.0,2.139666666666667,5.586,7.432333333333334,6.042279102662563,8.237082147720386,11.514450180210625,-6.4714215134705,-4.396098850732336,-6.769080767468206
23,3,0.8571428571428571,1.6582280766035322,-5.203888199510018,"(0, 0, 1, 1, 1, 1, 1, 1, 1, 1, 1, 0, 1, 1, 1, 0, 0, 1, 1, 0, 0, 0, 0, 1, 1)",8.0,12.0,10.0,13.0,8.009333333333334,12.474,10.186,15.183,0.0,5.203888199510018,5.81472414866154,9.949635618589092,9.0,9.0,4.0,5.0,0.2067458097941271,0.021534779250479755,0.020097164241667607,0.004484043119376425,4.0,2.0,5.0,4.464666666666666,2.176666666666666,7.173666666666666,5.203888199510018,5.81472414866154,9.949635618589092,-1.225797900590747,-6.03272906094145,-4.603189655857448
23,4,1.1428571428571428,1.6582280766035322,-7.174056614457285,"(0, 0, 1, 0, 1, 1, 0, 0, 1, 1, 0, 0, 1, 0, 1, 0, 0, 1, 0, 0, 0, 0, 0, 1, 1)",7.0,9.0,10.0,12.0,7.125333333333334,10.023333333333333,10.386666666666667,13.109666666666667,0.0,7.174056614457285,7.900922467080037,11.758403167413615,15.0,3.0,8.0,17.0,0.3323567906249754,0.00016774513027088903,0.0011022750384478296,0.06616840984557694,2.0,3.0,5.0,2.8979999999999997,3.261333333333333,5.984333333333334,7.174056614457285,7.900922467080037,11.758403167413615,-7.090677135239316,-7.693496965483446,-9.574724715141421
23,5,1.4285714285714284,1.6582280766035322,-6.059957656434795,"(0, 0, 0, 1, 0, 1, 1, 1, 0, 1, 1, 0, 0, 0, 1, 0, 1, 1, 0, 0, 1, 0, 1, 0, 1)",7.0,10.0,12.0,13.0,7.0,10.197,13.476333333333333,14.206666666666667,0.0,6.059957656434795,7.815689543942616,11.14258332165408,4.0,8.0,42.0,17.0,0.226435338537849,0.10449910992567617,0.0002566263097051313,0.03754965545669445,3.0,5.0,6.0,3.196999999999999,6.476333333333333,7.206666666666667,6.059957656434795,7.815689543942616,11.14258332165408,-4.747436768027228,-2.2209580730056273,-6.526647504471585
23,6,1.7142857142857142,1.6582280766035322,-4.157887141166714,"(0, 0, 0, 1, 1, 1, 0, 1, 1, 0, 1, 0, 1, 1, 0, 0, 1, 0, 0, 1, 0, 1, 0, 0, 1)",6.0,11.0,8.0,11.0,6.140333333333333,11.288333333333334,8.398666666666667,11.418,0.0,7.746523008391841,4.157887141166714,11.261257177669673,2.0,15.0,1.0,3.0,0.26588208851257944,0.053744200347295004,0.06308325553564897,0.062430149908688434,5.0,2.0,5.0,5.148000000000001,2.2583333333333337,5.277666666666666,7.746523008391841,4.157887141166714,11.261257177669673,-4.3089438102156254,-3.1498934571684627,-9.922157784243664
23,7,2.0,1.6582280766035322,-6.470802087169727,"(0, 1, 1, 1, 0, 1, 0, 0, 0, 0, 0, 1, 0, 1, 0, 1, 1, 0, 0, 0, 0, 1, 0, 1, 0)",7.0,12.0,9.0,13.0,8.788666666666666,12.55,11.055666666666667,13.783666666666667,0.0,6.470802087169727,6.690959501473456,10.739025882077998,1.0,43.0,1.0,10.0,0.1833180690444351,0.005160466985292556,0.10701907016272423,0.04335085048098538,5.0,2.0,6.0,3.7613333333333347,2.2670000000000012,4.995000000000001,6.470802087169727,6.690959501473456,10.739025882077998,-4.492917160291491,-7.335933855100248,-9.524904990399104
24,0,0.0,1.6582280766035322,-8.711132705308522,"(0, 0, 0, 0, 0, 0, 0, 0, 0, 1, 1, 0, 1, 0, 0, 1, 1, 0, 0, 0, 0, 0, 0, 0, 1)",5.0,8.0,9.0,12.0,5.125333333333334,8.06,9.166333333333334,12.861333333333333,0.0,8.711132705308522,9.01131804906478,13.46683870522542,3.0,1.0,3.0,76.0,0.19245589787411793,0.04431017548019505,0.0005222909682746503,0.0009058202284030918,3.0,4.0,7.0,2.9346666666666668,4.041,7.735999999999999,8.711132705308522,9.01131804906478,13.46683870522542,-9.578698168822708,-8.24192093860851,-9.503037643491028
24,1,0.2857142857142857,1.6582280766035322,-7.3715239412461555,"(1, 0, 0, 0, 0, 0, 1, 1, 1, 0, 1, 0, 0, 1, 0, 1, 0, 1, 0, 0, 1, 1, 1, 0, 1)",7.0,11.0,10.0,13.0,7.072,11.213,10.505,13.829,0.0,7.777034405001346,7.3715239412461555,11.428296019252867,3.0,22.0,1.0,29.0,0.1868200434547298,0.037327285672758455,0.09980393005278383,0.020214351292995987,4.0,3.0,6.0,4.140999999999999,3.4330000000000007,6.757000000000001,7.777034405001346,7.3715239412461555,11.428296019252867,-6.029374337869652,-6.530970979749575,-7.7460742132514175
24,2,0.5714285714285714,1.6582280766035322,-6.042279102662563,"(0, 0, 1, 0, 0, 1, 1, 1, 0, 1, 0, 0, 0, 1, 1, 1, 0, 0, 0, 1, 1, 0, 1, 0, 1)",6.0,8.0,11.0,12.0,6.048,8.187666666666667,11.634,13.480333333333334,0.0,6.042279102662563,8.237082147720386,11.514450180210625,2.0,1.0,21.0,11.0,0.18727470650478523,0.07510172668641127,0.007805537304452073,0.03503673642285425,2.0,5.0,6.0,2.139666666666667,5.586,7.432333333333334,6.042279102662563,8.237082147720386,11.514450180210625,-6.4714215134705,-4.396098850732336,-6.769080767468206
24,3,0.8571428571428571,1.6582280766035322,-5.203888199510018,"(0, 0, 1, 1, 1, 1, 1, 1, 1, 1, 1, 0, 1, 1, 1, 0, 0, 1, 1, 0, 0, 0, 0, 1, 1)",8.0,12.0,10.0,13.0,8.009333333333334,12.474,10.186,15.183,0.0,5.203888199510018,5.81472414866154,9.949635618589092,9.0,9.0,4.0,5.0,0.2067458097941271,0.021534779250479755,0.020097164241667607,0.004484043119376425,4.0,2.0,5.0,4.464666666666666,2.176666666666666,7.173666666666666,5.203888199510018,5.81472414866154,9.949635618589092,-1.225797900590747,-6.03272906094145,-4.603189655857448
24,4,1.1428571428571428,1.6582280766035322,-7.174056614457285,"(0, 0, 1, 0, 1, 1, 0, 0, 1, 1, 0, 0, 1, 0, 1, 0, 0, 1, 0, 0, 0, 0, 0, 1, 1)",7.0,9.0,10.0,12.0,7.125333333333334,10.023333333333333,10.386666666666667,13.109666666666667,0.0,7.174056614457285,7.900922467080037,11.758403167413615,15.0,3.0,8.0,17.0,0.3323567906249754,0.00016774513027088903,0.0011022750384478296,0.06616840984557694,2.0,3.0,5.0,2.8979999999999997,3.261333333333333,5.984333333333334,7.174056614457285,7.900922467080037,11.758403167413615,-7.090677135239316,-7.693496965483446,-9.574724715141421
24,5,1.4285714285714284,1.6582280766035322,-6.059957656434795,"(0, 0, 0, 1, 0, 1, 1, 1, 0, 1, 1, 0, 0, 0, 1, 0, 1, 1, 0, 0, 1, 0, 1, 0, 1)",7.0,10.0,12.0,13.0,7.0,10.197,13.476333333333333,14.206666666666667,0.0,6.059957656434795,7.815689543942616,11.14258332165408,4.0,8.0,42.0,17.0,0.226435338537849,0.10449910992567617,0.0002566263097051313,0.03754965545669445,3.0,5.0,6.0,3.196999999999999,6.476333333333333,7.206666666666667,6.059957656434795,7.815689543942616,11.14258332165408,-4.747436768027228,-2.2209580730056273,-6.526647504471585
24,6,1.7142857142857142,1.6582280766035322,-4.157887141166714,"(0, 0, 0, 1, 1, 1, 0, 1, 1, 0, 1, 0, 1, 1, 0, 0, 1, 0, 0, 1, 0, 1, 0, 0, 1)",6.0,11.0,8.0,11.0,6.140333333333333,11.288333333333334,8.398666666666667,11.418,0.0,7.746523008391841,4.157887141166714,11.261257177669673,2.0,15.0,1.0,3.0,0.26588208851257944,0.053744200347295004,0.06308325553564897,0.062430149908688434,5.0,2.0,5.0,5.148000000000001,2.2583333333333337,5.277666666666666,7.746523008391841,4.157887141166714,11.261257177669673,-4.3089438102156254,-3.1498934571684627,-9.922157784243664
24,7,2.0,1.6582280766035322,-6.470802087169727,"(0, 1, 1, 1, 0, 1, 0, 0, 0, 0, 0, 1, 0, 1, 0, 1, 1, 0, 0, 0, 0, 1, 0, 1, 0)",7.0,12.0,9.0,13.0,8.788666666666666,12.55,11.055666666666667,13.783666666666667,0.0,6.470802087169727,6.690959501473456,10.739025882077998,1.0,43.0,1.0,10.0,0.1833180690444351,0.005160466985292556,0.10701907016272423,0.04335085048098538,5.0,2.0,6.0,3.7613333333333347,2.2670000000000012,4.995000000000001,6.470802087169727,6.690959501473456,10.739025882077998,-4.492917160291491,-7.335933855100248,-9.524904990399104
25,0,0.0,1.6582280766035322,-8.711132705308522,"(0, 0, 0, 0, 0, 0, 0, 0, 0, 1, 1, 0, 1, 0, 0, 1, 1, 0, 0, 0, 0, 0, 0, 0, 1)",5.0,8.0,9.0,12.0,5.125333333333334,8.06,9.166333333333334,12.861333333333333,0.0,8.711132705308522,9.01131804906478,13.46683870522542,3.0,1.0,3.0,76.0,0.19245589787411793,0.04431017548019505,0.0005222909682746503,0.0009058202284030918,3.0,4.0,7.0,2.9346666666666668,4.041,7.735999999999999,8.711132705308522,9.01131804906478,13.46683870522542,-9.578698168822708,-8.24192093860851,-9.503037643491028
25,1,0.2857142857142857,1.6582280766035322,-7.3715239412461555,"(1, 0, 0, 0, 0, 0, 1, 1, 1, 0, 1, 0, 0, 1, 0, 1, 0, 1, 0, 0, 1, 1, 1, 0, 1)",7.0,11.0,10.0,13.0,7.072,11.213,10.505,13.829,0.0,7.777034405001346,7.3715239412461555,11.428296019252867,3.0,22.0,1.0,29.0,0.1868200434547298,0.037327285672758455,0.09980393005278383,0.020214351292995987,4.0,3.0,6.0,4.140999999999999,3.4330000000000007,6.757000000000001,7.777034405001346,7.3715239412461555,11.428296019252867,-6.029374337869652,-6.530970979749575,-7.7460742132514175
25,2,0.5714285714285714,1.6582280766035322,-6.042279102662563,"(0, 0, 1, 0, 0, 1, 1, 1, 0, 1, 0, 0, 0, 1, 1, 1, 0, 0, 0, 1, 1, 0, 1, 0, 1)",6.0,8.0,11.0,12.0,6.048,8.187666666666667,11.634,13.480333333333334,0.0,6.042279102662563,8.237082147720386,11.514450180210625,2.0,1.0,21.0,11.0,0.18727470650478523,0.07510172668641127,0.007805537304452073,0.03503673642285425,2.0,5.0,6.0,2.139666666666667,5.586,7.432333333333334,6.042279102662563,8.237082147720386,11.514450180210625,-6.4714215134705,-4.396098850732336,-6.769080767468206
25,3,0.8571428571428571,1.6582280766035322,-5.203888199510018,"(0, 0, 1, 1, 1, 1, 1, 1, 1, 1, 1, 0, 1, 1, 1, 0, 0, 1, 1, 0, 0, 0, 0, 1, 1)",8.0,12.0,10.0,13.0,8.009333333333334,12.474,10.186,15.183,0.0,5.203888199510018,5.81472414866154,9.949635618589092,9.0,9.0,4.0,5.0,0.2067458097941271,0.021534779250479755,0.020097164241667607,0.004484043119376425,4.0,2.0,5.0,4.464666666666666,2.176666666666666,7.173666666666666,5.203888199510018,5.81472414866154,9.949635618589092,-1.225797900590747,-6.03272906094145,-4.603189655857448
25,4,1.1428571428571428,1.6582280766035322,-7.872861563072623,"(1, 0, 1, 0, 1, 0, 0, 0, 1, 1, 0, 0, 1, 0, 1, 0, 0, 1, 0, 0, 0, 0, 0, 1, 1)",6.0,10.0,10.0,13.0,6.024666666666667,11.209333333333333,10.532,14.275,0.0,8.248754230904035,7.872861563072623,12.051522617087898,2.0,4.0,13.0,41.0,0.2673914574239199,0.04820845230266391,0.0016230060288489829,0.053740862511971306,4.0,4.0,7.0,5.184666666666667,4.507333333333333,8.250333333333334,8.248754230904035,7.872861563072623,12.051522617087898,-5.080956028190133,-5.580813403155473,-6.303238794806289
25,5,1.4285714285714284,1.6582280766035322,-6.059957656434795,"(0, 0, 0, 1, 0, 1, 1, 1, 0, 1, 1, 0, 0, 0, 1, 0, 1, 1, 0, 0, 1, 0, 1, 0, 1)",7.0,10.0,12.0,13.0,7.0,10.197,13.476333333333333,14.206666666666667,0.0,6.059957656434795,7.815689543942616,11.14258332165408,4.0,8.0,42.0,17.0,0.226435338537849,0.10449910992567617,0.0002566263097051313,0.03754965545669445,3.0,5.0,6.0,3.196999999999999,6.476333333333333,7.206666666666667,6.059957656434795,7.815689543942616,11.14258332165408,-4.747436768027228,-2.2209580730056273,-6.526647504471585
25,6,1.7142857142857142,1.6582280766035322,-4.157887141166714,"(0, 0, 0, 1, 1, 1, 0, 1, 1, 0, 1, 0, 1, 1, 0, 0, 1, 0, 0, 1, 0, 1, 0, 0, 1)",6.0,11.0,8.0,11.0,6.140333333333333,11.288333333333334,8.398666666666667,11.418,0.0,7.746523008391841,4.157887141166714,11.261257177669673,2.0,15.0,1.0,3.0,0.26588208851257944,0.053744200347295004,0.06308325553564897,0.062430149908688434,5.0,2.0,5.0,5.148000000000001,2.2583333333333337,5.277666666666666,7.746523008391841,4.157887141166714,11.261257177669673,-4.3089438102156254,-3.1498934571684627,-9.922157784243664
25,7,2.0,1.6582280766035322,-6.470802087169727,"(0, 1, 1, 1, 0, 1, 0, 0, 0, 0, 0, 1, 0, 1, 0, 1, 1, 0, 0, 0, 0, 1, 0, 1, 0)",7.0,12.0,9.0,13.0,8.788666666666666,12.55,11.055666666666667,13.783666666666667,0.0,6.470802087169727,6.690959501473456,10.739025882077998,1.0,43.0,1.0,10.0,0.1833180690444351,0.005160466985292556,0.10701907016272423,0.04335085048098538,5.0,2.0,6.0,3.7613333333333347,2.2670000000000012,4.995000000000001,6.470802087169727,6.690959501473456,10.739025882077998,-4.492917160291491,-7.335933855100248,-9.524904990399104
26,0,0.0,1.6582280766035322,-7.736223569560493,"(1, 0, 0, 0, 1, 0, 0, 0, 0, 1, 1, 0, 1, 0, 0, 1, 1, 0, 0, 0, 0, 0, 0, 0, 1)",6.0,9.0,10.0,11.0,6.133333333333334,10.843333333333334,10.476333333333333,11.997,0.0,7.736223569560493,8.881930197198686,12.153061449645252,9.0,5.0,18.0,6.0,0.37797526826617406,0.06316343100765096,0.026138885274230167,0.000817002885677652,3.0,4.0,5.0,4.71,4.342999999999999,5.863666666666666,7.736223569560493,8.881930197198686,12.153061449645252,-5.0181688891245715,-7.5265814907384705,-10.42925101397887
26,1,0.2857142857142857,1.6582280766035322,-7.3715239412461555,"(1, 0, 0, 0, 0, 0, 1, 1, 1, 0, 1, 0, 0, 1, 0, 1, 0, 1, 0, 0, 1, 1, 1, 0, 1)",7.0,11.0,10.0,13.0,7.072,11.213,10.505,13.829,0.0,7.777034405001346,7.3715239412461555,11.428296019252867,3.0,22.0,1.0,29.0,0.1868200434547298,0.037327285672758455,0.09980393005278383,0.020214351292995987,4.0,3.0,6.0,4.140999999999999,3.4330000000000007,6.757000000000001,7.777034405001346,7.3715239412461555,11.428296019252867,-6.029374337869652,-6.530970979749575,-7.7460742132514175
26,2,0.5714285714285714,1.6582280766035322,-6.042279102662563,"(0, 0, 1, 0, 0, 1, 1, 1, 0, 1, 0, 0, 0, 1, 1, 1, 0, 0, 0, 1, 1, 0, 1, 0, 1)",6.0,8.0,11.0,12.0,6.048,8.187666666666667,11.634,13.480333333333334,0.0,6.042279102662563,8.237082147720386,11.514450180210625,2.0,1.0,21.0,11.0,0.18727470650478523,0.07510172668641127,0.007805537304452073,0.03503673642285425,2.0,5.0,6.0,2.139666666666667,5.586,7.432333333333334,6.042279102662563,8.237082147720386,11.514450180210625,-6.4714215134705,-4.396098850732336,-6.769080767468206
26,3,0.8571428571428571,1.6582280766035322,-5.203888199510018,"(0, 0, 1, 1, 1, 1, 1, 1, 1, 1, 1, 0, 1, 1, 1, 0, 0, 1, 1, 0, 0, 0, 0, 1, 1)",8.0,12.0,10.0,13.0,8.009333333333334,12.474,10.186,15.183,0.0,5.203888199510018,5.81472414866154,9.949635618589092,9.0,9.0,4.0,5.0,0.2067458097941271,0.021534779250479755,0.020097164241667607,0.004484043119376425,4.0,2.0,5.0,4.464666666666666,2.176666666666666,7.173666666666666,5.203888199510018,5.81472414866154,9.949635618589092,-1.225797900590747,-6.03272906094145,-4.603189655857448
26,4,1.1428571428571428,1.6582280766035322,-7.351625204326914,"(1, 0, 1, 0, 1, 0, 0, 0, 1, 1, 0, 0, 1, 0, 1, 0, 0, 1, 0, 0, 1, 1, 0, 1, 1)",7.0,11.0,11.0,13.0,7.537,11.113666666666667,12.128666666666666,14.564333333333334,0.0,7.670419552053942,7.351625204326914,11.335951140142459,2.0,2.0,6.0,5.0,0.3382037795350212,3.578406820027879e-05,0.0001000016897970482,0.004736593746573438,4.0,4.0,6.0,3.576666666666667,4.591666666666666,7.027333333333334,7.670419552053942,7.351625204326914,11.335951140142459,-6.788375973225901,-4.576640737409851,-7.144671018604825
26,5,1.4285714285714284,1.6582280766035322,-5.691176944576373,"(0, 0, 0, 1, 0, 1, 0, 1, 0, 1, 1, 1, 0, 0, 1, 0, 1, 1, 0, 0, 1, 0, 1, 0, 1)",7.0,9.0,10.0,12.0,7.48,9.565333333333333,10.854666666666667,13.791666666666666,0.0,5.691176944576373,6.792608882569252,10.503133725802945,4.0,2.0,4.0,2.0,0.23714538286196266,0.0005306197107435137,0.00016690349714297748,0.06209917381658114,2.0,3.0,5.0,2.085333333333333,3.3746666666666663,6.311666666666666,5.691176944576373,6.792608882569252,10.503133725802945,-5.9793111160046815,-5.6677277466181595,-6.950408359618616
26,6,1.7142857142857142,1.6582280766035322,-4.157887141166714,"(0, 0, 0, 1, 1, 1, 0, 1, 1, 0, 1, 0, 1, 1, 0, 0, 1, 0, 0, 1, 0, 1, 0, 0, 1)",6.0,11.0,8.0,11.0,6.140333333333333,11.288333333333334,8.398666666666667,11.418,0.0,7.746523008391841,4.157887141166714,11.261257177669673,2.0,15.0,1.0,3.0,0.26588208851257944,0.053744200347295004,0.06308325553564897,0.062430149908688434,5.0,2.0,5.0,5.148000000000001,2.2583333333333337,5.277666666666666,7.746523008391841,4.157887141166714,11.261257177669673,-4.3089438102156254,-3.1498934571684627,-9.922157784243664
26,7,2.0,1.6582280766035322,-5.88695840615403,"(0, 1, 1, 1, 0, 1, 0, 0, 0, 0, 0, 1, 0, 1, 0, 1, 1, 0, 0, 0, 0, 1, 1, 0, 0)",7.0,10.0,10.0,11.0,7.088666666666667,10.201666666666666,10.33,11.737666666666666,0.0,5.88695840615403,6.916100812385199,9.774010840520372,6.0,11.0,3.0,9.0,0.28846836534907305,0.06557835002337392,0.09620840822736898,0.03321342775815981,3.0,3.0,4.0,3.1129999999999995,3.2413333333333334,4.648999999999999,5.88695840615403,6.916100812385199,9.774010840520372,-4.599855712414998,-6.093602608753386,-8.49843686864835
27,0,0.0,1.6582280766035322,-7.736223569560493,"(1, 0, 0, 0, 1, 0, 0, 0, 0, 1, 1, 0, 1, 0, 0, 1, 1, 0, 0, 0, 0, 0, 0, 0, 1)",6.0,9.0,10.0,11.0,6.133333333333334,10.843333333333334,10.476333333333333,11.997,0.0,7.736223569560493,8.881930197198686,12.153061449645252,9.0,5.0,18.0,6.0,0.37797526826617406,0.06316343100765096,0.026138885274230167,0.000817002885677652,3.0,4.0,5.0,4.71,4.342999999999999,5.863666666666666,7.736223569560493,8.881930197198686,12.153061449645252,-5.0181688891245715,-7.5265814907384705,-10.42925101397887
27,1,0.2857142857142857,1.6582280766035322,-6.955621914877583,"(1, 0, 0, 1, 1, 0, 1, 1, 1, 0, 1, 0, 0, 1, 0, 1, 0, 1, 0, 0, 1, 1, 1, 0, 1)",8.0,12.0,11.0,13.0,8.171333333333333,12.246666666666666,11.903666666666666,14.991666666666667,0.0,6.993300541729297,6.955621914877583,10.786570965985502,4.0,13.0,1.0,2.0,0.22663048519138848,0.007930158874656968,0.09762883344601289,0.05762429320688437,4.0,3.0,5.0,4.075333333333333,3.732333333333333,6.820333333333334,6.993300541729297,6.955621914877583,10.786570965985502,-4.838655151570617,-5.344947624912249,-6.576926600945352
27,2,0.5714285714285714,1.6582280766035322,-6.042279102662563,"(0, 0, 1, 0, 0, 1, 1, 1, 0, 1, 0, 0, 0, 1, 1, 1, 0, 0, 0, 1, 1, 0, 1, 0, 1)",6.0,8.0,11.0,12.0,6.048,8.187666666666667,11.634,13.480333333333334,0.0,6.042279102662563,8.237082147720386,11.514450180210625,2.0,1.0,21.0,11.0,0.18727470650478523,0.07510172668641127,0.007805537304452073,0.03503673642285425,2.0,5.0,6.0,2.139666666666667,5.586,7.432333333333334,6.042279102662563,8.237082147720386,11.514450180210625,-6.4714215134705,-4.396098850732336,-6.769080767468206
27,3,0.8571428571428571,1.6582280766035322,-4.854849614141381,"(0, 0, 1, 1, 1, 1, 1, 1, 1, 1, 1, 1, 0, 1, 1, 0, 0, 1, 1, 0, 0, 0, 0, 1, 1)",8.0,11.0,10.0,12.0,8.347333333333333,11.538333333333334,10.176333333333334,12.477666666666666,0.0,6.091233680435179,4.854849614141381,9.508685135885601,14.0,11.0,4.0,12.0,0.18748371610788914,0.009403044327412543,0.0012030554301678434,0.07159555870280437,3.0,2.0,4.0,3.1910000000000007,1.8290000000000006,4.130333333333333,6.091233680435179,4.854849614141381,9.508685135885601,-4.80924891760881,-5.017548785749201,-8.91853396484339
27,4,1.1428571428571428,1.6582280766035322,-5.206845372913296,"(1, 0, 1, 0, 1, 1, 0, 0, 1, 1, 1, 0, 1, 0, 1, 0, 0, 1, 0, 0, 1, 1, 0, 1, 1)",8.0,10.0,10.0,13.0,8.038666666666666,12.358666666666666,10.394666666666666,14.091333333333333,0.0,6.004130644522477,5.206845372913296,9.935457768534132,9.0,2.0,2.0,4.0,0.3160409785026123,0.08766634380962553,0.015794478767963093,0.02427647778660776,2.0,2.0,5.0,4.32,2.356,6.052666666666667,6.004130644522477,5.206845372913296,9.935457768534132,-2.792672719415574,-4.727351839420095,-6.438553220702996
27,5,1.4285714285714284,1.6582280766035322,-5.691176944576373,"(0, 0, 0, 1, 0, 1, 0, 1, 0, 1, 1, 1, 0, 0, 1, 0, 1, 1, 0, 0, 1, 0, 1, 0, 1)",7.0,9.0,10.0,12.0,7.48,9.565333333333333,10.854666666666667,13.791666666666666,0.0,5.691176944576373,6.792608882569252,10.503133725802945,4.0,2.0,4.0,2.0,0.23714538286196266,0.0005306197107435137,0.00016690349714297748,0.06209917381658114,2.0,3.0,5.0,2.085333333333333,3.3746666666666663,6.311666666666666,5.691176944576373,6.792608882569252,10.503133725802945,-5.9793111160046815,-5.6677277466181595,-6.950408359618616
27,6,1.7142857142857142,1.6582280766035322,-4.157887141166714,"(0, 0, 0, 1, 1, 1, 0, 1, 1, 0, 1, 0, 1, 1, 0, 0, 1, 0, 0, 1, 0, 1, 0, 0, 1)",6.0,11.0,8.0,11.0,6.140333333333333,11.288333333333334,8.398666666666667,11.418,0.0,7.746523008391841,4.157887141166714,11.261257177669673,2.0,15.0,1.0,3.0,0.26588208851257944,0.053744200347295004,0.06308325553564897,0.062430149908688434,5.0,2.0,5.0,5.148000000000001,2.2583333333333337,5.277666666666666,7.746523008391841,4.157887141166714,11.261257177669673,-4.3089438102156254,-3.1498934571684627,-9.922157784243664
27,7,2.0,1.6582280766035322,-5.88695840615403,"(0, 1, 1, 1, 0, 1, 0, 0, 0, 0, 0, 1, 0, 1, 0, 1, 1, 0, 0, 0, 0, 1, 1, 0, 0)",7.0,10.0,10.0,11.0,7.088666666666667,10.201666666666666,10.33,11.737666666666666,0.0,5.88695840615403,6.916100812385199,9.774010840520372,6.0,11.0,3.0,9.0,0.28846836534907305,0.06557835002337392,0.09620840822736898,0.03321342775815981,3.0,3.0,4.0,3.1129999999999995,3.2413333333333334,4.648999999999999,5.88695840615403,6.916100812385199,9.774010840520372,-4.599855712414998,-6.093602608753386,-8.49843686864835
28,0,0.0,1.6582280766035322,-7.736223569560493,"(1, 0, 0, 0, 1, 0, 0, 0, 0, 1, 1, 0, 1, 0, 0, 1, 1, 0, 0, 0, 0, 0, 0, 0, 1)",6.0,9.0,10.0,11.0,6.133333333333334,10.843333333333334,10.476333333333333,11.997,0.0,7.736223569560493,8.881930197198686,12.153061449645252,9.0,5.0,18.0,6.0,0.37797526826617406,0.06316343100765096,0.026138885274230167,0.000817002885677652,3.0,4.0,5.0,4.71,4.342999999999999,5.863666666666666,7.736223569560493,8.881930197198686,12.153061449645252,-5.0181688891245715,-7.5265814907384705,-10.42925101397887
28,1,0.2857142857142857,1.6582280766035322,-6.955621914877583,"(1, 0, 0, 1, 1, 0, 1, 1, 1, 0, 1, 0, 0, 1, 0, 1, 0, 1, 0, 0, 1, 1, 1, 0, 1)",8.0,12.0,11.0,13.0,8.171333333333333,12.246666666666666,11.903666666666666,14.991666666666667,0.0,6.993300541729297,6.955621914877583,10.786570965985502,4.0,13.0,1.0,2.0,0.22663048519138848,0.007930158874656968,0.09762883344601289,0.05762429320688437,4.0,3.0,5.0,4.075333333333333,3.732333333333333,6.820333333333334,6.993300541729297,6.955621914877583,10.786570965985502,-4.838655151570617,-5.344947624912249,-6.576926600945352
28,2,0.5714285714285714,1.6582280766035322,-6.2609164745627375,"(0, 0, 1, 0, 0, 1, 1, 0, 0, 1, 0, 0, 1, 1, 1, 1, 0, 0, 0, 1, 1, 0, 1, 0, 1)",6.0,9.0,10.0,12.0,6.019333333333333,9.514333333333333,10.256333333333334,13.458,0.0,6.2609164745627375,7.976427118834717,12.396913100688007,2.0,3.0,8.0,5.0,0.189703284440672,0.033339279733073046,0.1371361604268913,0.002895057502042301,3.0,4.0,6.0,3.495,4.237000000000001,7.438666666666667,6.2609164745627375,7.976427118834717,12.396913100688007,-4.58652035566019,-6.20082303886438,-8.221903447613528
28,3,0.8571428571428571,1.6582280766035322,-3.9539527248790893,"(0, 0, 1, 1, 1, 1, 1, 1, 1, 1, 1, 1, 0, 1, 1, 0, 0, 0, 0, 0, 0, 0, 0, 1, 1)",7.0,10.0,9.0,12.0,7.007333333333333,10.0,9.061,12.587666666666667,0.0,5.101308368215684,3.9539527248790893,9.981261712961201,14.0,6.0,4.0,9.0,0.3675190080658796,0.0004810499526013039,0.062283063268967216,0.00031286916899165467,3.0,2.0,5.0,2.9926666666666666,2.0536666666666665,5.580333333333334,5.101308368215684,3.9539527248790893,9.981261712961201,-3.4966088730056266,-3.1511076953060937,-7.297743002220218
28,4,1.1428571428571428,1.6582280766035322,-5.206845372913296,"(1, 0, 1, 0, 1, 1, 0, 0, 1, 1, 1, 0, 1, 0, 1, 0, 0, 1, 0, 0, 1, 1, 0, 1, 1)",8.0,10.0,10.0,13.0,8.038666666666666,12.358666666666666,10.394666666666666,14.091333333333333,0.0,6.004130644522477,5.206845372913296,9.935457768534132,9.0,2.0,2.0,4.0,0.3160409785026123,0.08766634380962553,0.015794478767963093,0.02427647778660776,2.0,2.0,5.0,4.32,2.356,6.052666666666667,6.004130644522477,5.206845372913296,9.935457768534132,-2.792672719415574,-4.727351839420095,-6.438553220702996
28,5,1.4285714285714284,1.6582280766035322,-5.691176944576373,"(0, 0, 0, 1, 0, 1, 0, 1, 0, 1, 1, 1, 0, 0, 1, 0, 1, 1, 0, 0, 1, 0, 1, 0, 1)",7.0,9.0,10.0,12.0,7.48,9.565333333333333,10.854666666666667,13.791666666666666,0.0,5.691176944576373,6.792608882569252,10.503133725802945,4.0,2.0,4.0,2.0,0.23714538286196266,0.0005306197107435137,0.00016690349714297748,0.06209917381658114,2.0,3.0,5.0,2.085333333333333,3.3746666666666663,6.311666666666666,5.691176944576373,6.792608882569252,10.503133725802945,-5.9793111160046815,-5.6677277466181595,-6.950408359618616
28,6,1.7142857142857142,1.6582280766035322,-4.157887141166714,"(0, 0, 0, 1, 1, 1, 0, 1, 1, 0, 1, 0, 1, 1, 0, 0, 1, 0, 0, 1, 0, 1, 0, 0, 1)",6.0,11.0,8.0,11.0,6.140333333333333,11.288333333333334,8.398666666666667,11.418,0.0,7.746523008391841,4.157887141166714,11.261257177669673,2.0,15.0,1.0,3.0,0.26588208851257944,0.053744200347295004,0.06308325553564897,0.062430149908688434,5.0,2.0,5.0,5.148000000000001,2.2583333333333337,5.277666666666666,7.746523008391841,4.157887141166714,11.261257177669673,-4.3089438102156254,-3.1498934571684627,-9.922157784243664
28,7,2.0,1.6582280766035322,-5.88695840615403,"(0, 1, 1, 1, 0, 1, 0, 0, 0, 0, 0, 1, 0, 1, 0, 1, 1, 0, 0, 0, 0, 1, 1, 0, 0)",7.0,10.0,10.0,11.0,7.088666666666667,10.201666666666666,10.33,11.737666666666666,0.0,5.88695840615403,6.916100812385199,9.774010840520372,6.0,11.0,3.0,9.0,0.28846836534907305,0.06557835002337392,0.09620840822736898,0.03321342775815981,3.0,3.0,4.0,3.1129999999999995,3.2413333333333334,4.648999999999999,5.88695840615403,6.916100812385199,9.774010840520372,-4.599855712414998,-6.093602608753386,-8.49843686864835
29,0,0.0,1.6582280766035322,-7.736223569560493,"(1, 0, 0, 0, 1, 0, 0, 0, 0, 1, 1, 0, 1, 0, 0, 1, 1, 0, 0, 0, 0, 0, 0, 0, 1)",6.0,9.0,10.0,11.0,6.133333333333334,10.843333333333334,10.476333333333333,11.997,0.0,7.736223569560493,8.881930197198686,12.153061449645252,9.0,5.0,18.0,6.0,0.37797526826617406,0.06316343100765096,0.026138885274230167,0.000817002885677652,3.0,4.0,5.0,4.71,4.342999999999999,5.863666666666666,7.736223569560493,8.881930197198686,12.153061449645252,-5.0181688891245715,-7.5265814907384705,-10.42925101397887
29,1,0.2857142857142857,1.6582280766035322,-6.934461082144482,"(1, 0, 0, 1, 1, 0, 1, 1, 1, 0, 1, 0, 0, 1, 0, 1, 0, 1, 0, 0, 1, 1, 0, 1, 1)",8.0,12.0,12.0,14.0,8.372666666666667,12.423333333333334,12.426333333333334,14.427666666666667,0.0,7.2604963591393465,6.934461082144482,10.319494178697306,2.0,14.0,8.0,20.0,0.263963932990827,0.018664072176933444,0.0023482276619145688,0.019319407514669512,4.0,4.0,6.0,4.050666666666666,4.0536666666666665,6.055,7.2604963591393465,6.934461082144482,10.319494178697306,-5.3226297171738794,-4.777014182667975,-7.071503979628194
29,2,0.5714285714285714,1.6582280766035322,-6.2609164745627375,"(0, 0, 1, 0, 0, 1, 1, 0, 0, 1, 0, 0, 1, 1, 1, 1, 0, 0, 0, 1, 1, 0, 1, 0, 1)",6.0,9.0,10.0,12.0,6.019333333333333,9.514333333333333,10.256333333333334,13.458,0.0,6.2609164745627375,7.976427118834717,12.396913100688007,2.0,3.0,8.0,5.0,0.189703284440672,0.033339279733073046,0.1371361604268913,0.002895057502042301,3.0,4.0,6.0,3.495,4.237000000000001,7.438666666666667,6.2609164745627375,7.976427118834717,12.396913100688007,-4.58652035566019,-6.20082303886438,-8.221903447613528
29,3,0.8571428571428571,1.6582280766035322,-6.213583275353908,"(0, 0, 1, 1, 1, 1, 1, 0, 1, 1, 1, 1, 1, 1, 1, 0, 0, 0, 0, 0, 0, 0, 0, 1, 1)",7.0,11.0,10.0,13.0,7.510666666666666,11.719666666666667,11.144,16.297333333333334,0.0,7.353099184839451,6.213583275353908,11.272533128590577,1.0,1.0,1.0,4.0,0.18096365807479461,0.01715902793675695,0.0062128371782460765,0.001960238284732069,4.0,3.0,6.0,4.2090000000000005,3.6333333333333337,8.786666666666669,7.353099184839451,6.213583275353908,11.272533128590577,-5.213633543927055,-4.278642898513153,-4.122133561849311
29,4,1.1428571428571428,1.6582280766035322,-5.240885110374684,"(1, 0, 1, 0, 1, 1, 0, 0, 1, 1, 1, 0, 1, 0, 1, 0, 0, 0, 1, 0, 1, 1, 0, 1, 1)",8.0,12.0,11.0,14.0,9.044333333333332,12.285,11.313666666666666,15.763,0.0,6.20871913966254,5.240885110374684,9.813209509775639,1.0,22.0,4.0,4.0,0.18947970152491614,0.0029019972321415646,0.001520800718185246,0.051018594810777834,4.0,3.0,6.0,3.2406666666666677,2.269333333333334,6.7186666666666675,6.20871913966254,5.240885110374684,9.813209509775639,-4.921707943554302,-4.927510587771087,-5.131457826695816
29,5,1.4285714285714284,1.6582280766035322,-5.691176944576373,"(0, 0, 0, 1, 0, 1, 0, 1, 0, 1, 1, 1, 0, 0, 1, 0, 1, 1, 0, 0, 1, 0, 1, 0, 1)",7.0,9.0,10.0,12.0,7.48,9.565333333333333,10.854666666666667,13.791666666666666,0.0,5.691176944576373,6.792608882569252,10.503133725802945,4.0,2.0,4.0,2.0,0.23714538286196266,0.0005306197107435137,0.00016690349714297748,0.06209917381658114,2.0,3.0,5.0,2.085333333333333,3.3746666666666663,6.311666666666666,5.691176944576373,6.792608882569252,10.503133725802945,-5.9793111160046815,-5.6677277466181595,-6.950408359618616
29,6,1.7142857142857142,1.6582280766035322,-5.785760431590198,"(0, 0, 0, 1, 1, 0, 0, 1, 1, 1, 1, 0, 1, 1, 0, 0, 1, 0, 0, 1, 0, 1, 0, 0, 1)",7.0,9.0,9.0,14.0,7.118666666666667,11.417333333333334,9.544333333333332,16.567,0.0,6.318880758218234,5.785760431590198,11.605109194109822,6.0,2.0,2.0,6.0,0.1592449812228131,0.08840131698689038,0.12095393845893664,0.0039368640770848585,2.0,2.0,7.0,4.298666666666667,2.4256666666666655,9.448333333333334,6.318880758218234,5.785760431590198,11.605109194109822,-3.3499757273609077,-5.57180182101667,-3.576426287280323
29,7,2.0,1.6582280766035322,-5.88695840615403,"(0, 1, 1, 1, 0, 1, 0, 0, 0, 0, 0, 1, 0, 1, 0, 1, 1, 0, 0, 0, 0, 1, 1, 0, 0)",7.0,10.0,10.0,11.0,7.088666666666667,10.201666666666666,10.33,11.737666666666666,0.0,5.88695840615403,6.916100812385199,9.774010840520372,6.0,11.0,3.0,9.0,0.28846836534907305,0.06557835002337392,0.09620840822736898,0.03321342775815981,3.0,3.0,4.0,3.1129999999999995,3.2413333333333334,4.648999999999999,5.88695840615403,6.916100812385199,9.774010840520372,-4.599855712414998,-6.093602608753386,-8.49843686864835
30,0,0.0,1.6582280766035322,-7.525158772543473,"(1, 0, 0, 1, 0, 0, 1, 1, 1, 0, 1, 0, 0, 1, 0, 1, 0, 1, 0, 0, 1, 1, 0, 1, 0)",7.0,10.0,11.0,12.0,7.248666666666667,10.496333333333334,11.814666666666668,14.181,0.0,7.525158772543473,8.257791573921526,11.008248422692786,2.0,2.0,12.0,2.0,0.21298728563085217,0.06369168579733517,0.025469680233078315,0.03060911383639068,3.0,4.0,5.0,3.2476666666666674,4.566000000000001,6.932333333333332,7.525158772543473,8.257791573921526,11.008248422692786,-7.093057507414888,-6.121832440845019,-6.75879683902784
30,1,0.2857142857142857,1.6582280766035322,-5.836797006836774,"(0, 0, 1, 0, 0, 1, 1, 1, 0, 1, 0, 0, 0, 1, 1, 1, 0, 0, 0, 1, 1, 0, 1, 0, 1)",6.0,8.0,11.0,12.0,6.0,8.368666666666666,11.400666666666666,13.373333333333333,0.0,5.836797006836774,9.120512367909122,13.041991459621393,2.0,1.0,43.0,9.0,0.24127342648229405,0.11276919642408857,0.029814332882190462,0.0224208003335167,2.0,5.0,6.0,2.368666666666666,5.400666666666666,7.373333333333333,5.836797006836774,9.120512367909122,13.041991459621393,-5.750951103390632,-6.168352582433195,-9.399928061677633
30,2,0.5714285714285714,1.6582280766035322,-5.9751485026947275,"(0, 0, 1, 1, 1, 1, 1, 0, 1, 1, 1, 1, 1, 1, 1, 0, 0, 0, 0, 0, 0, 0, 0, 0, 0)",6.0,10.0,10.0,12.0,6.0,11.123666666666667,11.129,13.624666666666666,0.0,7.247792489596923,5.9751485026947275,11.445191520877817,1.0,7.0,16.0,3.0,0.14309974609069848,0.11771824181863415,0.009497763945940797,0.00015011196263414858,4.0,4.0,6.0,5.123666666666667,5.129,7.624666666666666,7.247792489596923,5.9751485026947275,11.445191520877817,-3.522285077821533,-1.4031072041444375,-6.335301580614546
30,3,0.8571428571428571,1.6582280766035322,-5.240885110374684,"(1, 0, 1, 0, 1, 1, 0, 0, 1, 1, 1, 0, 1, 0, 1, 0, 0, 0, 1, 0, 1, 1, 0, 1, 1)",8.0,12.0,11.0,14.0,9.044333333333332,12.285,11.313666666666666,15.763,0.0,6.20871913966254,5.240885110374684,9.813209509775639,1.0,22.0,4.0,4.0,0.18947970152491614,0.0029019972321415646,0.001520800718185246,0.051018594810777834,4.0,3.0,6.0,3.2406666666666677,2.269333333333334,6.7186666666666675,6.20871913966254,5.240885110374684,9.813209509775639,-4.921707943554302,-4.927510587771087,-5.131457826695816
30,4,1.1428571428571428,1.6582280766035322,-7.080937895577794,"(1, 0, 0, 0, 1, 0, 0, 0, 0, 1, 1, 0, 1, 0, 0, 1, 1, 0, 0, 0, 0, 0, 1, 1, 1)",7.0,10.0,11.0,12.0,7.210666666666667,10.516,11.661333333333333,12.906,0.0,7.080937895577794,9.016182184756149,10.880279277070011,9.0,6.0,25.0,6.0,0.2827237131454578,0.03702124232632843,0.000304550936317765,0.020090138022009568,3.0,4.0,5.0,3.3053333333333335,4.450666666666667,5.695333333333334,7.080937895577794,9.016182184756149,10.880279277070011,-6.260813491266153,-7.5706660162651005,-8.597822939575757
30,5,1.4285714285714284,1.6582280766035322,-6.2160153431995955,"(0, 0, 0, 0, 0, 0, 0, 1, 1, 1, 1, 0, 1, 1, 0, 0, 1, 0, 0, 1, 0, 1, 0, 0, 1)",6.0,9.0,8.0,12.0,6.324666666666666,10.966666666666667,8.343333333333334,12.908333333333333,0.0,8.948194833615403,6.2160153431995955,12.391321187118573,5.0,2.0,2.0,25.0,0.28129604613460824,0.00015839936785725284,0.06036977731513855,0.0022058049519996024,3.0,2.0,6.0,4.642,2.0186666666666673,6.583666666666667,8.948194833615403,6.2160153431995955,12.391321187118573,-7.140653176426137,-6.960161422721579,-9.630415785026774
30,6,1.7142857142857142,1.6582280766035322,-5.88695840615403,"(0, 1, 1, 1, 0, 1, 0, 0, 0, 0, 0, 1, 0, 1, 0, 1, 1, 0, 0, 0, 0, 1, 1, 0, 0)",7.0,10.0,10.0,11.0,7.088666666666667,10.201666666666666,10.33,11.737666666666666,0.0,5.88695840615403,6.916100812385199,9.774010840520372,6.0,11.0,3.0,9.0,0.28846836534907305,0.06557835002337392,0.09620840822736898,0.03321342775815981,3.0,3.0,4.0,3.1129999999999995,3.2413333333333334,4.648999999999999,5.88695840615403,6.916100812385199,9.774010840520372,-4.599855712414998,-6.093602608753386,-8.49843686864835
30,7,2.0,1.6582280766035322,-5.691176944576373,"(0, 0, 0, 1, 0, 1, 0, 1, 0, 1, 1, 1, 0, 0, 1, 0, 1, 1, 0, 0, 1, 0, 1, 0, 1)",7.0,9.0,10.0,12.0,7.48,9.565333333333333,10.854666666666667,13.791666666666666,0.0,5.691176944576373,6.792608882569252,10.503133725802945,4.0,2.0,4.0,2.0,0.23714538286196266,0.0005306197107435137,0.00016690349714297748,0.06209917381658114,2.0,3.0,5.0,2.085333333333333,3.3746666666666663,6.311666666666666,5.691176944576373,6.792608882569252,10.503133725802945,-5.9793111160046815,-5.6677277466181595,-6.950408359618616
31,0,0.0,1.6582280766035322,-6.518273472051605,"(1, 0, 0, 0, 0, 0, 1, 1, 1, 0, 1, 0, 0, 1, 0, 1, 0, 1, 0, 0, 1, 1, 0, 0, 0)",6.0,11.0,10.0,12.0,6.052666666666667,11.171333333333333,10.271,13.135666666666667,0.0,7.579631564859899,6.518273472051605,10.556952439266931,2.0,12.0,12.0,10.0,0.17161575533580367,0.05789736653839056,0.11010144216330811,0.06832480045446566,5.0,4.0,6.0,5.118666666666666,4.218333333333334,7.083,7.579631564859899,6.518273472051605,10.556952439266931,-4.080841089719772,-3.8138253125300596,-5.760605471577752
31,1,0.2857142857142857,1.6582280766035322,-5.836797006836774,"(0, 0, 1, 0, 0, 1, 1, 1, 0, 1, 0, 0, 0, 1, 1, 1, 0, 0, 0, 1, 1, 0, 1, 0, 1)",6.0,8.0,11.0,12.0,6.0,8.368666666666666,11.400666666666666,13.373333333333333,0.0,5.836797006836774,9.120512367909122,13.041991459621393,2.0,1.0,43.0,9.0,0.24127342648229405,0.11276919642408857,0.029814332882190462,0.0224208003335167,2.0,5.0,6.0,2.368666666666666,5.400666666666666,7.373333333333333,5.836797006836774,9.120512367909122,13.041991459621393,-5.750951103390632,-6.168352582433195,-9.399928061677633
31,2,0.5714285714285714,1.6582280766035322,-6.748536865244411,"(0, 0, 1, 1, 1, 0, 0, 0, 1, 1, 1, 1, 1, 1, 1, 0, 0, 0, 0, 0, 0, 0, 0, 0, 0)",5.0,9.0,9.0,12.0,5.167333333333334,10.211666666666666,9.190333333333333,13.486333333333333,0.0,8.617240146659949,6.748536865244411,13.138131838551583,1.0,3.0,8.0,11.0,0.17861933116422488,0.07150143348353587,0.0006935707092197449,0.002189197176450778,4.0,4.0,7.0,5.0443333333333324,4.023,8.318999999999999,8.617240146659949,6.748536865244411,13.138131838551583,-5.92469439294625,-4.5195617537662605,-7.991219719540237
31,3,0.8571428571428571,1.6582280766035322,-5.240885110374684,"(1, 0, 1, 0, 1, 1, 0, 0, 1, 1, 1, 0, 1, 0, 1, 0, 0, 0, 1, 0, 1, 1, 0, 1, 1)",8.0,12.0,11.0,14.0,9.044333333333332,12.285,11.313666666666666,15.763,0.0,6.20871913966254,5.240885110374684,9.813209509775639,1.0,22.0,4.0,4.0,0.18947970152491614,0.0029019972321415646,0.001520800718185246,0.051018594810777834,4.0,3.0,6.0,3.2406666666666677,2.269333333333334,6.7186666666666675,6.20871913966254,5.240885110374684,9.813209509775639,-4.921707943554302,-4.927510587771087,-5.131457826695816
31,4,1.1428571428571428,1.6582280766035322,-7.080937895577794,"(1, 0, 0, 0, 1, 0, 0, 0, 0, 1, 1, 0, 1, 0, 0, 1, 1, 0, 0, 0, 0, 0, 1, 1, 1)",7.0,10.0,11.0,12.0,7.210666666666667,10.516,11.661333333333333,12.906,0.0,7.080937895577794,9.016182184756149,10.880279277070011,9.0,6.0,25.0,6.0,0.2827237131454578,0.03702124232632843,0.000304550936317765,0.020090138022009568,3.0,4.0,5.0,3.3053333333333335,4.450666666666667,5.695333333333334,7.080937895577794,9.016182184756149,10.880279277070011,-6.260813491266153,-7.5706660162651005,-8.597822939575757
31,5,1.4285714285714284,1.6582280766035322,-6.2160153431995955,"(0, 0, 0, 0, 0, 0, 0, 1, 1, 1, 1, 0, 1, 1, 0, 0, 1, 0, 0, 1, 0, 1, 0, 0, 1)",6.0,9.0,8.0,12.0,6.324666666666666,10.966666666666667,8.343333333333334,12.908333333333333,0.0,8.948194833615403,6.2160153431995955,12.391321187118573,5.0,2.0,2.0,25.0,0.28129604613460824,0.00015839936785725284,0.06036977731513855,0.0022058049519996024,3.0,2.0,6.0,4.642,2.0186666666666673,6.583666666666667,8.948194833615403,6.2160153431995955,12.391321187118573,-7.140653176426137,-6.960161422721579,-9.630415785026774
31,6,1.7142857142857142,1.6582280766035322,-5.88695840615403,"(0, 1, 1, 1, 0, 1, 0, 0, 0, 0, 0, 1, 0, 1, 0, 1, 1, 0, 0, 0, 0, 1, 1, 0, 0)",7.0,10.0,10.0,11.0,7.088666666666667,10.201666666666666,10.33,11.737666666666666,0.0,5.88695840615403,6.916100812385199,9.774010840520372,6.0,11.0,3.0,9.0,0.28846836534907305,0.06557835002337392,0.09620840822736898,0.03321342775815981,3.0,3.0,4.0,3.1129999999999995,3.2413333333333334,4.648999999999999,5.88695840615403,6.916100812385199,9.774010840520372,-4.599855712414998,-6.093602608753386,-8.49843686864835
31,7,2.0,1.6582280766035322,-5.691176944576373,"(0, 0, 0, 1, 0, 1, 0, 1, 0, 1, 1, 1, 0, 0, 1, 0, 1, 1, 0, 0, 1, 0, 1, 0, 1)",7.0,9.0,10.0,12.0,7.48,9.565333333333333,10.854666666666667,13.791666666666666,0.0,5.691176944576373,6.792608882569252,10.503133725802945,4.0,2.0,4.0,2.0,0.23714538286196266,0.0005306197107435137,0.00016690349714297748,0.06209917381658114,2.0,3.0,5.0,2.085333333333333,3.3746666666666663,6.311666666666666,5.691176944576373,6.792608882569252,10.503133725802945,-5.9793111160046815,-5.6677277466181595,-6.950408359618616
32,0,0.0,1.6582280766035322,-6.8566993977299795,"(1, 0, 0, 0, 0, 0, 1, 1, 1, 0, 1, 0, 1, 1, 0, 1, 0, 0, 0, 0, 1, 1, 0, 0, 0)",6.0,9.0,9.0,10.0,6.172,10.141,9.476666666666667,11.276666666666667,0.0,6.884870850275831,6.8566993977299795,10.732282421233144,6.0,8.0,7.0,3.0,0.2927349008404642,0.002261023100894877,0.0178233949983609,0.05957456185137477,3.0,3.0,4.0,3.9690000000000003,3.304666666666667,5.104666666666668,6.884870850275831,6.8566993977299795,10.732282421233144,-4.835178911677198,-5.890080403663909,-9.331870448558504
32,1,0.2857142857142857,1.6582280766035322,-5.836797006836774,"(0, 0, 1, 0, 0, 1, 1, 1, 0, 1, 0, 0, 0, 1, 1, 1, 0, 0, 0, 1, 1, 0, 1, 0, 1)",6.0,8.0,11.0,12.0,6.0,8.368666666666666,11.400666666666666,13.373333333333333,0.0,5.836797006836774,9.120512367909122,13.041991459621393,2.0,1.0,43.0,9.0,0.24127342648229405,0.11276919642408857,0.029814332882190462,0.0224208003335167,2.0,5.0,6.0,2.368666666666666,5.400666666666666,7.373333333333333,5.836797006836774,9.120512367909122,13.041991459621393,-5.750951103390632,-6.168352582433195,-9.399928061677633
32,2,0.5714285714285714,1.6582280766035322,-6.748536865244411,"(0, 0, 1, 1, 1, 0, 0, 0, 1, 1, 1, 1, 1, 1, 1, 0, 0, 0, 0, 0, 0, 0, 0, 0, 0)",5.0,9.0,9.0,12.0,5.167333333333334,10.211666666666666,9.190333333333333,13.486333333333333,0.0,8.617240146659949,6.748536865244411,13.138131838551583,1.0,3.0,8.0,11.0,0.17861933116422488,0.07150143348353587,0.0006935707092197449,0.002189197176450778,4.0,4.0,7.0,5.0443333333333324,4.023,8.318999999999999,8.617240146659949,6.748536865244411,13.138131838551583,-5.92469439294625,-4.5195617537662605,-7.991219719540237
32,3,0.8571428571428571,1.6582280766035322,-6.47817198973241,"(1, 0, 1, 0, 1, 1, 0, 0, 1, 1, 0, 0, 1, 0, 0, 0, 0, 0, 1, 0, 1, 1, 0, 1, 1)",7.0,11.0,10.0,13.0,7.198333333333333,12.044666666666666,10.972666666666667,14.335333333333333,0.0,7.534196115560962,6.47817198973241,11.220999084921019,1.0,7.0,4.0,6.0,0.19328277280228767,0.00027498947072387915,0.05112433183236438,0.0003586301746244428,4.0,3.0,6.0,4.846333333333333,3.7743333333333338,7.137,7.534196115560962,6.47817198973241,11.220999084921019,-4.457089531547541,-4.48358117464692,-6.772201947439167
32,4,1.1428571428571428,1.6582280766035322,-5.619366456481236,"(1, 0, 0, 0, 1, 0, 0, 0, 0, 1, 1, 0, 1, 0, 0, 1, 1, 0, 0, 0, 0, 1, 0, 1, 1)",7.0,9.0,11.0,12.0,7.179333333333333,11.844,11.502333333333333,13.023333333333333,0.0,5.619366456481236,8.157091067780671,10.838326106731941,7.0,2.0,35.0,9.0,0.3120971062643348,0.029367178358961132,0.00024746535313934035,0.005582098629312458,2.0,4.0,5.0,4.664666666666666,4.3229999999999995,5.844,5.619366456481236,8.157091067780671,10.838326106731941,-1.5831099961980108,-6.3577974568487265,-8.281731773896913
32,5,1.4285714285714284,1.6582280766035322,-6.2160153431995955,"(0, 0, 0, 0, 0, 0, 0, 1, 1, 1, 1, 0, 1, 1, 0, 0, 1, 0, 0, 1, 0, 1, 0, 0, 1)",6.0,9.0,8.0,12.0,6.324666666666666,10.966666666666667,8.343333333333334,12.908333333333333,0.0,8.948194833615403,6.2160153431995955,12.391321187118573,5.0,2.0,2.0,25.0,0.28129604613460824,0.00015839936785725284,0.06036977731513855,0.0022058049519996024,3.0,2.0,6.0,4.642,2.0186666666666673,6.583666666666667,8.948194833615403,6.2160153431995955,12.391321187118573,-7.140653176426137,-6.960161422721579,-9.630415785026774
32,6,1.7142857142857142,1.6582280766035322,-4.983417564347376,"(0, 1, 1, 1, 0, 1, 0, 1, 0, 0, 0, 1, 1, 1, 0, 1, 1, 0, 0, 0, 0, 1, 1, 0, 0)",8.0,9.0,10.0,12.0,8.017333333333333,11.357666666666667,10.648,13.434,0.0,4.983417564347376,5.806018451259371,9.332351004695225,33.0,1.0,2.0,2.0,0.301929938074484,0.09572907124561617,0.003588613885067344,0.07476773251253481,1.0,2.0,4.0,3.3403333333333336,2.6306666666666665,5.416666666666666,4.983417564347376,5.806018451259371,9.332351004695225,-2.7246084040920096,-5.265457482304754,-6.4930977084356725
32,7,2.0,1.6582280766035322,-4.787700589417142,"(0, 0, 0, 1, 0, 1, 0, 1, 0, 1, 1, 1, 1, 1, 1, 0, 1, 1, 0, 0, 1, 0, 1, 0, 1)",8.0,11.0,9.0,13.0,8.132,13.342666666666666,11.723666666666666,13.685,0.0,6.111740434315843,4.787700589417142,10.460296167157352,8.0,5.0,1.0,14.0,0.34594010638456857,0.001074374252827858,0.0007603449656286938,0.06267621165537969,3.0,1.0,5.0,5.210666666666667,3.591666666666667,5.553000000000001,6.111740434315843,4.787700589417142,10.460296167157352,-1.494185820606792,-1.983297031275098,-8.137416284589222
33,0,0.0,1.6582280766035322,-6.8566993977299795,"(1, 0, 0, 0, 0, 0, 1, 1, 1, 0, 1, 0, 1, 1, 0, 1, 0, 0, 0, 0, 1, 1, 0, 0, 0)",6.0,9.0,9.0,10.0,6.172,10.141,9.476666666666667,11.276666666666667,0.0,6.884870850275831,6.8566993977299795,10.732282421233144,6.0,8.0,7.0,3.0,0.2927349008404642,0.002261023100894877,0.0178233949983609,0.05957456185137477,3.0,3.0,4.0,3.9690000000000003,3.304666666666667,5.104666666666668,6.884870850275831,6.8566993977299795,10.732282421233144,-4.835178911677198,-5.890080403663909,-9.331870448558504
33,1,0.2857142857142857,1.6582280766035322,-4.845075280867625,"(0, 0, 1, 0, 0, 1, 1, 1, 0, 1, 1, 0, 0, 1, 1, 0, 0, 0, 0, 1, 1, 0, 1, 0, 1)",7.0,9.0,10.0,13.0,7.061333333333334,10.058666666666667,10.402666666666667,14.562,0.0,4.845075280867625,6.843940253918335,11.317756693190834,7.0,3.0,6.0,15.0,0.26783941960415947,0.07452580829136407,0.031225119988930152,0.029579458052674926,2.0,3.0,6.0,2.9973333333333336,3.341333333333333,7.500666666666666,4.845075280867625,6.843940253918335,11.317756693190834,-3.0639775757194525,-5.808121137019889,-6.329605852905697
33,2,0.5714285714285714,1.6582280766035322,-6.748536865244411,"(0, 0, 1, 1, 1, 0, 0, 0, 1, 1, 1, 1, 1, 1, 1, 0, 0, 0, 0, 0, 0, 0, 0, 0, 0)",5.0,9.0,9.0,12.0,5.167333333333334,10.211666666666666,9.190333333333333,13.486333333333333,0.0,8.617240146659949,6.748536865244411,13.138131838551583,1.0,3.0,8.0,11.0,0.17861933116422488,0.07150143348353587,0.0006935707092197449,0.002189197176450778,4.0,4.0,7.0,5.0443333333333324,4.023,8.318999999999999,8.617240146659949,6.748536865244411,13.138131838551583,-5.92469439294625,-4.5195617537662605,-7.991219719540237
33,3,0.8571428571428571,1.6582280766035322,-6.47817198973241,"(1, 0, 1, 0, 1, 1, 0, 0, 1, 1, 0, 0, 1, 0, 0, 0, 0, 0, 1, 0, 1, 1, 0, 1, 1)",7.0,11.0,10.0,13.0,7.198333333333333,12.044666666666666,10.972666666666667,14.335333333333333,0.0,7.534196115560962,6.47817198973241,11.220999084921019,1.0,7.0,4.0,6.0,0.19328277280228767,0.00027498947072387915,0.05112433183236438,0.0003586301746244428,4.0,3.0,6.0,4.846333333333333,3.7743333333333338,7.137,7.534196115560962,6.47817198973241,11.220999084921019,-4.457089531547541,-4.48358117464692,-6.772201947439167
33,4,1.1428571428571428,1.6582280766035322,-5.619366456481236,"(1, 0, 0, 0, 1, 0, 0, 0, 0, 1, 1, 0, 1, 0, 0, 1, 1, 0, 0, 0, 0, 1, 0, 1, 1)",7.0,9.0,11.0,12.0,7.179333333333333,11.844,11.502333333333333,13.023333333333333,0.0,5.619366456481236,8.157091067780671,10.838326106731941,7.0,2.0,35.0,9.0,0.3120971062643348,0.029367178358961132,0.00024746535313934035,0.005582098629312458,2.0,4.0,5.0,4.664666666666666,4.3229999999999995,5.844,5.619366456481236,8.157091067780671,10.838326106731941,-1.5831099961980108,-6.3577974568487265,-8.281731773896913
33,5,1.4285714285714284,1.6582280766035322,-6.2160153431995955,"(0, 0, 0, 0, 0, 0, 0, 1, 1, 1, 1, 0, 1, 1, 0, 0, 1, 0, 0, 1, 0, 1, 0, 0, 1)",6.0,9.0,8.0,12.0,6.324666666666666,10.966666666666667,8.343333333333334,12.908333333333333,0.0,8.948194833615403,6.2160153431995955,12.391321187118573,5.0,2.0,2.0,25.0,0.28129604613460824,0.00015839936785725284,0.06036977731513855,0.0022058049519996024,3.0,2.0,6.0,4.642,2.0186666666666673,6.583666666666667,8.948194833615403,6.2160153431995955,12.391321187118573,-7.140653176426137,-6.960161422721579,-9.630415785026774
33,6,1.7142857142857142,1.6582280766035322,-4.983417564347376,"(0, 1, 1, 1, 0, 1, 0, 1, 0, 0, 0, 1, 1, 1, 0, 1, 1, 0, 0, 0, 0, 1, 1, 0, 0)",8.0,9.0,10.0,12.0,8.017333333333333,11.357666666666667,10.648,13.434,0.0,4.983417564347376,5.806018451259371,9.332351004695225,33.0,1.0,2.0,2.0,0.301929938074484,0.09572907124561617,0.003588613885067344,0.07476773251253481,1.0,2.0,4.0,3.3403333333333336,2.6306666666666665,5.416666666666666,4.983417564347376,5.806018451259371,9.332351004695225,-2.7246084040920096,-5.265457482304754,-6.4930977084356725
33,7,2.0,1.6582280766035322,-4.787700589417142,"(0, 0, 0, 1, 0, 1, 0, 1, 0, 1, 1, 1, 1, 1, 1, 0, 1, 1, 0, 0, 1, 0, 1, 0, 1)",8.0,11.0,9.0,13.0,8.132,13.342666666666666,11.723666666666666,13.685,0.0,6.111740434315843,4.787700589417142,10.460296167157352,8.0,5.0,1.0,14.0,0.34594010638456857,0.001074374252827858,0.0007603449656286938,0.06267621165537969,3.0,1.0,5.0,5.210666666666667,3.591666666666667,5.553000000000001,6.111740434315843,4.787700589417142,10.460296167157352,-1.494185820606792,-1.983297031275098,-8.137416284589222
34,0,0.0,1.6582280766035322,-6.8566993977299795,"(1, 0, 0, 0, 0, 0, 1, 1, 1, 0, 1, 0, 1, 1, 0, 1, 0, 0, 0, 0, 1, 1, 0, 0, 0)",6.0,9.0,9.0,10.0,6.172,10.141,9.476666666666667,11.276666666666667,0.0,6.884870850275831,6.8566993977299795,10.732282421233144,6.0,8.0,7.0,3.0,0.2927349008404642,0.002261023100894877,0.0178233949983609,0.05957456185137477,3.0,3.0,4.0,3.9690000000000003,3.304666666666667,5.104666666666668,6.884870850275831,6.8566993977299795,10.732282421233144,-4.835178911677198,-5.890080403663909,-9.331870448558504
34,1,0.2857142857142857,1.6582280766035322,-4.845075280867625,"(0, 0, 1, 0, 0, 1, 1, 1, 0, 1, 1, 0, 0, 1, 1, 0, 0, 0, 0, 1, 1, 0, 1, 0, 1)",7.0,9.0,10.0,13.0,7.061333333333334,10.058666666666667,10.402666666666667,14.562,0.0,4.845075280867625,6.843940253918335,11.317756693190834,7.0,3.0,6.0,15.0,0.26783941960415947,0.07452580829136407,0.031225119988930152,0.029579458052674926,2.0,3.0,6.0,2.9973333333333336,3.341333333333333,7.500666666666666,4.845075280867625,6.843940253918335,11.317756693190834,-3.0639775757194525,-5.808121137019889,-6.329605852905697
34,2,0.5714285714285714,1.6582280766035322,-6.748536865244411,"(0, 0, 1, 1, 1, 0, 0, 0, 1, 1, 1, 1, 1, 1, 1, 0, 0, 0, 0, 0, 0, 0, 0, 0, 0)",5.0,9.0,9.0,12.0,5.167333333333334,10.211666666666666,9.190333333333333,13.486333333333333,0.0,8.617240146659949,6.748536865244411,13.138131838551583,1.0,3.0,8.0,11.0,0.17861933116422488,0.07150143348353587,0.0006935707092197449,0.002189197176450778,4.0,4.0,7.0,5.0443333333333324,4.023,8.318999999999999,8.617240146659949,6.748536865244411,13.138131838551583,-5.92469439294625,-4.5195617537662605,-7.991219719540237
34,3,0.8571428571428571,1.6582280766035322,-6.47817198973241,"(1, 0, 1, 0, 1, 1, 0, 0, 1, 1, 0, 0, 1, 0, 0, 0, 0, 0, 1, 0, 1, 1, 0, 1, 1)",7.0,11.0,10.0,13.0,7.198333333333333,12.044666666666666,10.972666666666667,14.335333333333333,0.0,7.534196115560962,6.47817198973241,11.220999084921019,1.0,7.0,4.0,6.0,0.19328277280228767,0.00027498947072387915,0.05112433183236438,0.0003586301746244428,4.0,3.0,6.0,4.846333333333333,3.7743333333333338,7.137,7.534196115560962,6.47817198973241,11.220999084921019,-4.457089531547541,-4.48358117464692,-6.772201947439167
34,4,1.1428571428571428,1.6582280766035322,-5.405915653509549,"(1, 0, 1, 0, 1, 0, 0, 0, 0, 1, 1, 0, 1, 0, 0, 1, 1, 0, 0, 0, 0, 1, 1, 1, 1)",8.0,12.0,11.0,13.0,8.142,13.752,11.353666666666667,13.946666666666667,0.0,6.077332201726319,5.405915653509549,10.082800545518557,11.0,18.0,30.0,24.0,0.24206321048881027,0.08535823120025608,0.09962506502760506,0.012584682636785,4.0,3.0,5.0,5.610000000000001,3.211666666666668,5.804666666666668,6.077332201726319,5.405915653509549,10.082800545518557,-0.7749433780035265,-3.63856527704172,-7.094121713380978
34,5,1.4285714285714284,1.6582280766035322,-7.052794080166551,"(0, 0, 1, 0, 0, 0, 0, 0, 1, 1, 1, 0, 1, 1, 0, 0, 1, 0, 0, 1, 0, 1, 0, 0, 1)",7.0,11.0,11.0,12.0,7.115333333333333,11.485666666666667,11.910333333333334,14.462666666666667,0.0,7.052794080166551,8.511629442936712,11.677251327820276,4.0,30.0,20.0,1.0,0.126250170461675,0.0002635395379039884,0.06260936932364622,0.006784712799056467,4.0,4.0,5.0,4.370333333333334,4.795000000000001,7.347333333333334,7.052794080166551,8.511629442936712,11.677251327820276,-4.44813172478572,-6.163019292609,-7.179991587849105
34,6,1.7142857142857142,1.6582280766035322,-4.983417564347376,"(0, 1, 1, 1, 0, 1, 0, 1, 0, 0, 0, 1, 1, 1, 0, 1, 1, 0, 0, 0, 0, 1, 1, 0, 0)",8.0,9.0,10.0,12.0,8.017333333333333,11.357666666666667,10.648,13.434,0.0,4.983417564347376,5.806018451259371,9.332351004695225,33.0,1.0,2.0,2.0,0.301929938074484,0.09572907124561617,0.003588613885067344,0.07476773251253481,1.0,2.0,4.0,3.3403333333333336,2.6306666666666665,5.416666666666666,4.983417564347376,5.806018451259371,9.332351004695225,-2.7246084040920096,-5.265457482304754,-6.4930977084356725
34,7,2.0,1.6582280766035322,-4.787700589417142,"(0, 0, 0, 1, 0, 1, 0, 1, 0, 1, 1, 1, 1, 1, 1, 0, 1, 1, 0, 0, 1, 0, 1, 0, 1)",8.0,11.0,9.0,13.0,8.132,13.342666666666666,11.723666666666666,13.685,0.0,6.111740434315843,4.787700589417142,10.460296167157352,8.0,5.0,1.0,14.0,0.34594010638456857,0.001074374252827858,0.0007603449656286938,0.06267621165537969,3.0,1.0,5.0,5.210666666666667,3.591666666666667,5.553000000000001,6.111740434315843,4.787700589417142,10.460296167157352,-1.494185820606792,-1.983297031275098,-8.137416284589222
35,0,0.0,1.6582280766035322,-6.8566993977299795,"(1, 0, 0, 0, 0, 0, 1, 1, 1, 0, 1, 0, 1, 1, 0, 1, 0, 0, 0, 0, 1, 1, 0, 0, 0)",6.0,9.0,9.0,10.0,6.172,10.141,9.476666666666667,11.276666666666667,0.0,6.884870850275831,6.8566993977299795,10.732282421233144,6.0,8.0,7.0,3.0,0.2927349008404642,0.002261023100894877,0.0178233949983609,0.05957456185137477,3.0,3.0,4.0,3.9690000000000003,3.304666666666667,5.104666666666668,6.884870850275831,6.8566993977299795,10.732282421233144,-4.835178911677198,-5.890080403663909,-9.331870448558504
35,1,0.2857142857142857,1.6582280766035322,-4.845075280867625,"(0, 0, 1, 0, 0, 1, 1, 1, 0, 1, 1, 0, 0, 1, 1, 0, 0, 0, 0, 1, 1, 0, 1, 0, 1)",7.0,9.0,10.0,13.0,7.061333333333334,10.058666666666667,10.402666666666667,14.562,0.0,4.845075280867625,6.843940253918335,11.317756693190834,7.0,3.0,6.0,15.0,0.26783941960415947,0.07452580829136407,0.031225119988930152,0.029579458052674926,2.0,3.0,6.0,2.9973333333333336,3.341333333333333,7.500666666666666,4.845075280867625,6.843940253918335,11.317756693190834,-3.0639775757194525,-5.808121137019889,-6.329605852905697
35,2,0.5714285714285714,1.6582280766035322,-6.748536865244411,"(0, 0, 1, 1, 1, 0, 0, 0, 1, 1, 1, 1, 1, 1, 1, 0, 0, 0, 0, 0, 0, 0, 0, 0, 0)",5.0,9.0,9.0,12.0,5.167333333333334,10.211666666666666,9.190333333333333,13.486333333333333,0.0,8.617240146659949,6.748536865244411,13.138131838551583,1.0,3.0,8.0,11.0,0.17861933116422488,0.07150143348353587,0.0006935707092197449,0.002189197176450778,4.0,4.0,7.0,5.0443333333333324,4.023,8.318999999999999,8.617240146659949,6.748536865244411,13.138131838551583,-5.92469439294625,-4.5195617537662605,-7.991219719540237
35,3,0.8571428571428571,1.6582280766035322,-5.177061754181856,"(1, 1, 1, 0, 1, 1, 0, 0, 1, 1, 0, 0, 1, 0, 0, 0, 0, 0, 1, 0, 1, 0, 0, 1, 1)",7.0,9.0,10.0,13.0,7.037333333333334,9.542,11.405333333333333,13.184333333333333,0.0,5.177061754181856,5.826580479409255,11.265439597373993,6.0,2.0,5.0,31.0,0.15568951285007776,0.12312591461127426,0.10181647152763465,0.016067622079097617,2.0,3.0,6.0,2.504666666666666,4.367999999999999,6.146999999999999,5.177061754181856,5.826580479409255,11.265439597373993,-4.431440565895041,-2.4186591029422684,-8.487540248764835
35,4,1.1428571428571428,1.6582280766035322,-5.405915653509549,"(1, 0, 1, 0, 1, 0, 0, 0, 0, 1, 1, 0, 1, 0, 0, 1, 1, 0, 0, 0, 0, 1, 1, 1, 1)",8.0,12.0,11.0,13.0,8.142,13.752,11.353666666666667,13.946666666666667,0.0,6.077332201726319,5.405915653509549,10.082800545518557,11.0,18.0,30.0,24.0,0.24206321048881027,0.08535823120025608,0.09962506502760506,0.012584682636785,4.0,3.0,5.0,5.610000000000001,3.211666666666668,5.804666666666668,6.077332201726319,5.405915653509549,10.082800545518557,-0.7749433780035265,-3.63856527704172,-7.094121713380978
35,5,1.4285714285714284,1.6582280766035322,-7.349368171667093,"(0, 1, 0, 0, 0, 0, 0, 0, 1, 1, 1, 0, 1, 1, 0, 0, 1, 0, 0, 1, 0, 1, 0, 0, 1)",6.0,10.0,10.0,13.0,6.142666666666667,10.692,11.969666666666667,14.173,0.0,7.349368171667093,8.172724473591762,12.158717849862112,2.0,4.0,3.0,35.0,0.20030477191148915,0.032708340914791634,0.062391190890155955,0.008196798939477922,4.0,4.0,7.0,4.549333333333333,5.827,8.030333333333333,7.349368171667093,8.172724473591762,12.158717849862112,-4.643096384393073,-3.8897461820859007,-6.845803116323321
35,6,1.7142857142857142,1.6582280766035322,-5.784728645231423,"(0, 1, 1, 1, 0, 1, 0, 1, 0, 0, 0, 1, 1, 0, 1, 1, 1, 0, 0, 0, 0, 1, 1, 0, 0)",8.0,10.0,10.0,13.0,8.074,10.342,10.966666666666667,13.835333333333333,0.0,5.784728645231423,6.398273033574729,10.325758595875586,20.0,3.0,2.0,20.0,0.1601953693638474,0.04235547739186635,0.061096613934714696,0.0033094759778963885,2.0,2.0,5.0,2.2680000000000007,2.892666666666667,5.761333333333333,5.784728645231423,6.398273033574729,10.325758595875586,-5.831538177318648,-5.813094903127053,-7.568858123906012
35,7,2.0,1.6582280766035322,-4.787700589417142,"(0, 0, 0, 1, 0, 1, 0, 1, 0, 1, 1, 1, 1, 1, 1, 0, 1, 1, 0, 0, 1, 0, 1, 0, 1)",8.0,11.0,9.0,13.0,8.132,13.342666666666666,11.723666666666666,13.685,0.0,6.111740434315843,4.787700589417142,10.460296167157352,8.0,5.0,1.0,14.0,0.34594010638456857,0.001074374252827858,0.0007603449656286938,0.06267621165537969,3.0,1.0,5.0,5.210666666666667,3.591666666666667,5.553000000000001,6.111740434315843,4.787700589417142,10.460296167157352,-1.494185820606792,-1.983297031275098,-8.137416284589222
36,0,0.0,1.6582280766035322,-6.8566993977299795,"(1, 0, 0, 0, 0, 0, 1, 1, 1, 0, 1, 0, 1, 1, 0, 1, 0, 0, 0, 0, 1, 1, 0, 0, 0)",6.0,9.0,9.0,10.0,6.172,10.141,9.476666666666667,11.276666666666667,0.0,6.884870850275831,6.8566993977299795,10.732282421233144,6.0,8.0,7.0,3.0,0.2927349008404642,0.002261023100894877,0.0178233949983609,0.05957456185137477,3.0,3.0,4.0,3.9690000000000003,3.304666666666667,5.104666666666668,6.884870850275831,6.8566993977299795,10.732282421233144,-4.835178911677198,-5.890080403663909,-9.331870448558504
36,1,0.2857142857142857,1.6582280766035322,-4.845075280867625,"(0, 0, 1, 0, 0, 1, 1, 1, 0, 1, 1, 0, 0, 1, 1, 0, 0, 0, 0, 1, 1, 0, 1, 0, 1)",7.0,9.0,10.0,13.0,7.061333333333334,10.058666666666667,10.402666666666667,14.562,0.0,4.845075280867625,6.843940253918335,11.317756693190834,7.0,3.0,6.0,15.0,0.26783941960415947,0.07452580829136407,0.031225119988930152,0.029579458052674926,2.0,3.0,6.0,2.9973333333333336,3.341333333333333,7.500666666666666,4.845075280867625,6.843940253918335,11.317756693190834,-3.0639775757194525,-5.808121137019889,-6.329605852905697
36,2,0.5714285714285714,1.6582280766035322,-6.748536865244411,"(0, 0, 1, 1, 1, 0, 0, 0, 1, 1, 1, 1, 1, 1, 1, 0, 0, 0, 0, 0, 0, 0, 0, 0, 0)",5.0,9.0,9.0,12.0,5.167333333333334,10.211666666666666,9.190333333333333,13.486333333333333,0.0,8.617240146659949,6.748536865244411,13.138131838551583,1.0,3.0,8.0,11.0,0.17861933116422488,0.07150143348353587,0.0006935707092197449,0.002189197176450778,4.0,4.0,7.0,5.0443333333333324,4.023,8.318999999999999,8.617240146659949,6.748536865244411,13.138131838551583,-5.92469439294625,-4.5195617537662605,-7.991219719540237
36,3,0.8571428571428571,1.6582280766035322,-5.0044217866510206,"(1, 1, 1, 0, 1, 1, 0, 0, 1, 1, 0, 0, 1, 0, 0, 0, 0, 1, 1, 0, 1, 0, 1, 1, 1)",8.0,12.0,10.0,13.0,8.057333333333334,12.804666666666666,10.457333333333333,14.330666666666668,0.0,6.930085202497889,5.0044217866510206,10.380001078736928,8.0,10.0,3.0,7.0,0.24968756914870616,0.008132035980218682,0.04237530873957569,0.04492030903384798,4.0,2.0,5.0,4.747333333333332,2.3999999999999986,6.273333333333333,6.930085202497889,5.0044217866510206,10.380001078736928,-3.619500433707508,-4.318725329942659,-6.809791756710367
36,4,1.1428571428571428,1.6582280766035322,-5.405915653509549,"(1, 0, 1, 0, 1, 0, 0, 0, 0, 1, 1, 0, 1, 0, 0, 1, 1, 0, 0, 0, 0, 1, 1, 1, 1)",8.0,12.0,11.0,13.0,8.142,13.752,11.353666666666667,13.946666666666667,0.0,6.077332201726319,5.405915653509549,10.082800545518557,11.0,18.0,30.0,24.0,0.24206321048881027,0.08535823120025608,0.09962506502760506,0.012584682636785,4.0,3.0,5.0,5.610000000000001,3.211666666666668,5.804666666666668,6.077332201726319,5.405915653509549,10.082800545518557,-0.7749433780035265,-3.63856527704172,-7.094121713380978
36,5,1.4285714285714284,1.6582280766035322,-7.303822173829715,"(0, 1, 0, 1, 0, 0, 0, 0, 0, 1, 1, 0, 1, 1, 0, 0, 1, 0, 0, 1, 0, 1, 0, 0, 1)",7.0,11.0,11.0,12.0,7.153333333333333,12.462,11.341333333333333,12.430666666666667,0.0,7.45978773681248,7.303822173829715,11.313988830505664,4.0,3.0,16.0,4.0,0.21286488195241715,0.05878451736280074,0.04416145688414377,0.03574981739704444,4.0,4.0,5.0,5.308666666666666,4.188,5.277333333333334,7.45978773681248,7.303822173829715,11.313988830505664,-3.567049354689224,-5.166743810348286,-10.010151634194214
36,6,1.7142857142857142,1.6582280766035322,-5.784728645231423,"(0, 1, 1, 1, 0, 1, 0, 1, 0, 0, 0, 1, 1, 0, 1, 1, 1, 0, 0, 0, 0, 1, 1, 0, 0)",8.0,10.0,10.0,13.0,8.074,10.342,10.966666666666667,13.835333333333333,0.0,5.784728645231423,6.398273033574729,10.325758595875586,20.0,3.0,2.0,20.0,0.1601953693638474,0.04235547739186635,0.061096613934714696,0.0033094759778963885,2.0,2.0,5.0,2.2680000000000007,2.892666666666667,5.761333333333333,5.784728645231423,6.398273033574729,10.325758595875586,-5.831538177318648,-5.813094903127053,-7.568858123906012
36,7,2.0,1.6582280766035322,-4.787700589417142,"(0, 0, 0, 1, 0, 1, 0, 1, 0, 1, 1, 1, 1, 1, 1, 0, 1, 1, 0, 0, 1, 0, 1, 0, 1)",8.0,11.0,9.0,13.0,8.132,13.342666666666666,11.723666666666666,13.685,0.0,6.111740434315843,4.787700589417142,10.460296167157352,8.0,5.0,1.0,14.0,0.34594010638456857,0.001074374252827858,0.0007603449656286938,0.06267621165537969,3.0,1.0,5.0,5.210666666666667,3.591666666666667,5.553000000000001,6.111740434315843,4.787700589417142,10.460296167157352,-1.494185820606792,-1.983297031275098,-8.137416284589222
37,0,0.0,1.6582280766035322,-6.8566993977299795,"(1, 0, 0, 0, 0, 0, 1, 1, 1, 0, 1, 0, 1, 1, 0, 1, 0, 0, 0, 0, 1, 1, 0, 0, 0)",6.0,9.0,9.0,10.0,6.172,10.141,9.476666666666667,11.276666666666667,0.0,6.884870850275831,6.8566993977299795,10.732282421233144,6.0,8.0,7.0,3.0,0.2927349008404642,0.002261023100894877,0.0178233949983609,0.05957456185137477,3.0,3.0,4.0,3.9690000000000003,3.304666666666667,5.104666666666668,6.884870850275831,6.8566993977299795,10.732282421233144,-4.835178911677198,-5.890080403663909,-9.331870448558504
37,1,0.2857142857142857,1.6582280766035322,-4.845075280867625,"(0, 0, 1, 0, 0, 1, 1, 1, 0, 1, 1, 0, 0, 1, 1, 0, 0, 0, 0, 1, 1, 0, 1, 0, 1)",7.0,9.0,10.0,13.0,7.061333333333334,10.058666666666667,10.402666666666667,14.562,0.0,4.845075280867625,6.843940253918335,11.317756693190834,7.0,3.0,6.0,15.0,0.26783941960415947,0.07452580829136407,0.031225119988930152,0.029579458052674926,2.0,3.0,6.0,2.9973333333333336,3.341333333333333,7.500666666666666,4.845075280867625,6.843940253918335,11.317756693190834,-3.0639775757194525,-5.808121137019889,-6.329605852905697
37,2,0.5714285714285714,1.6582280766035322,-7.01221355418078,"(0, 0, 1, 1, 1, 0, 0, 0, 1, 1, 1, 1, 1, 1, 1, 0, 0, 1, 0, 0, 0, 0, 1, 0, 0)",6.0,10.0,10.0,12.0,6.124,10.558,10.228333333333333,13.457333333333333,0.0,7.980683237564668,7.01221355418078,12.28118720569749,1.0,7.0,8.0,5.0,0.15304725214836187,0.14486342719286496,0.00022595000391706802,0.0005454927977454433,4.0,4.0,6.0,4.434,4.104333333333334,7.333333333333333,7.980683237564668,7.01221355418078,12.28118720569749,-5.8812097233488485,-4.821928625609316,-8.204670210085755
37,3,0.8571428571428571,1.6582280766035322,-5.0044217866510206,"(1, 1, 1, 0, 1, 1, 0, 0, 1, 1, 0, 0, 1, 0, 0, 0, 0, 1, 1, 0, 1, 0, 1, 1, 1)",8.0,12.0,10.0,13.0,8.057333333333334,12.804666666666666,10.457333333333333,14.330666666666668,0.0,6.930085202497889,5.0044217866510206,10.380001078736928,8.0,10.0,3.0,7.0,0.24968756914870616,0.008132035980218682,0.04237530873957569,0.04492030903384798,4.0,2.0,5.0,4.747333333333332,2.3999999999999986,6.273333333333333,6.930085202497889,5.0044217866510206,10.380001078736928,-3.619500433707508,-4.318725329942659,-6.809791756710367
37,4,1.1428571428571428,1.6582280766035322,-5.405915653509549,"(1, 0, 1, 0, 1, 0, 0, 0, 0, 1, 1, 0, 1, 0, 0, 1, 1, 0, 0, 0, 0, 1, 1, 1, 1)",8.0,12.0,11.0,13.0,8.142,13.752,11.353666666666667,13.946666666666667,0.0,6.077332201726319,5.405915653509549,10.082800545518557,11.0,18.0,30.0,24.0,0.24206321048881027,0.08535823120025608,0.09962506502760506,0.012584682636785,4.0,3.0,5.0,5.610000000000001,3.211666666666668,5.804666666666668,6.077332201726319,5.405915653509549,10.082800545518557,-0.7749433780035265,-3.63856527704172,-7.094121713380978
37,5,1.4285714285714284,1.6582280766035322,-7.313495170943236,"(0, 1, 0, 1, 0, 0, 0, 0, 0, 1, 1, 1, 0, 1, 0, 0, 1, 0, 0, 1, 0, 1, 0, 0, 1)",7.0,12.0,10.0,12.0,7.272666666666667,12.647333333333334,11.446666666666667,13.048666666666668,0.0,7.837753189739646,7.313495170943236,11.76729311237985,4.0,84.0,2.0,4.0,0.22993707235028207,0.0015996967490065504,0.056791758240109194,0.037787621587855036,5.0,3.0,5.0,5.374666666666667,4.174,5.776000000000001,7.837753189739646,7.313495170943236,11.76729311237985,-4.084359227663388,-5.20599903881928,-9.934930454109628
37,6,1.7142857142857142,1.6582280766035322,-6.442004192906046,"(0, 1, 1, 1, 0, 1, 0, 1, 0, 0, 0, 1, 1, 0, 1, 1, 1, 0, 0, 0, 0, 0, 0, 0, 0)",7.0,9.0,9.0,12.0,7.038666666666667,10.503,11.531666666666666,13.394666666666666,0.0,6.442004192906046,6.780724914686927,11.938901293551908,14.0,2.0,2.0,2.0,0.39384736596142345,0.018711007592636473,0.008095923565383275,0.018381293757740547,2.0,2.0,5.0,3.4643333333333333,4.492999999999999,6.355999999999999,6.442004192906046,6.780724914686927,11.938901293551908,-4.9376574222276455,-3.793569685079284,-9.257723673873954
37,7,2.0,1.6582280766035322,-4.787700589417142,"(0, 0, 0, 1, 0, 1, 0, 1, 0, 1, 1, 1, 1, 1, 1, 0, 1, 1, 0, 0, 1, 0, 1, 0, 1)",8.0,11.0,9.0,13.0,8.132,13.342666666666666,11.723666666666666,13.685,0.0,6.111740434315843,4.787700589417142,10.460296167157352,8.0,5.0,1.0,14.0,0.34594010638456857,0.001074374252827858,0.0007603449656286938,0.06267621165537969,3.0,1.0,5.0,5.210666666666667,3.591666666666667,5.553000000000001,6.111740434315843,4.787700589417142,10.460296167157352,-1.494185820606792,-1.983297031275098,-8.137416284589222
38,0,0.0,1.6582280766035322,-6.8566993977299795,"(1, 0, 0, 0, 0, 0, 1, 1, 1, 0, 1, 0, 1, 1, 0, 1, 0, 0, 0, 0, 1, 1, 0, 0, 0)",6.0,9.0,9.0,10.0,6.172,10.141,9.476666666666667,11.276666666666667,0.0,6.884870850275831,6.8566993977299795,10.732282421233144,6.0,8.0,7.0,3.0,0.2927349008404642,0.002261023100894877,0.0178233949983609,0.05957456185137477,3.0,3.0,4.0,3.9690000000000003,3.304666666666667,5.104666666666668,6.884870850275831,6.8566993977299795,10.732282421233144,-4.835178911677198,-5.890080403663909,-9.331870448558504
38,1,0.2857142857142857,1.6582280766035322,-4.845075280867625,"(0, 0, 1, 0, 0, 1, 1, 1, 0, 1, 1, 0, 0, 1, 1, 0, 0, 0, 0, 1, 1, 0, 1, 0, 1)",7.0,9.0,10.0,13.0,7.061333333333334,10.058666666666667,10.402666666666667,14.562,0.0,4.845075280867625,6.843940253918335,11.317756693190834,7.0,3.0,6.0,15.0,0.26783941960415947,0.07452580829136407,0.031225119988930152,0.029579458052674926,2.0,3.0,6.0,2.9973333333333336,3.341333333333333,7.500666666666666,4.845075280867625,6.843940253918335,11.317756693190834,-3.0639775757194525,-5.808121137019889,-6.329605852905697
38,2,0.5714285714285714,1.6582280766035322,-7.01221355418078,"(0, 0, 1, 1, 1, 0, 0, 0, 1, 1, 1, 1, 1, 1, 1, 0, 0, 1, 0, 0, 0, 0, 1, 0, 0)",6.0,10.0,10.0,12.0,6.124,10.558,10.228333333333333,13.457333333333333,0.0,7.980683237564668,7.01221355418078,12.28118720569749,1.0,7.0,8.0,5.0,0.15304725214836187,0.14486342719286496,0.00022595000391706802,0.0005454927977454433,4.0,4.0,6.0,4.434,4.104333333333334,7.333333333333333,7.980683237564668,7.01221355418078,12.28118720569749,-5.8812097233488485,-4.821928625609316,-8.204670210085755
38,3,0.8571428571428571,1.6582280766035322,-5.0044217866510206,"(1, 1, 1, 0, 1, 1, 0, 0, 1, 1, 0, 0, 1, 0, 0, 0, 0, 1, 1, 0, 1, 0, 1, 1, 1)",8.0,12.0,10.0,13.0,8.057333333333334,12.804666666666666,10.457333333333333,14.330666666666668,0.0,6.930085202497889,5.0044217866510206,10.380001078736928,8.0,10.0,3.0,7.0,0.24968756914870616,0.008132035980218682,0.04237530873957569,0.04492030903384798,4.0,2.0,5.0,4.747333333333332,2.3999999999999986,6.273333333333333,6.930085202497889,5.0044217866510206,10.380001078736928,-3.619500433707508,-4.318725329942659,-6.809791756710367
38,4,1.1428571428571428,1.6582280766035322,-5.405915653509549,"(1, 0, 1, 0, 1, 0, 0, 0, 0, 1, 1, 0, 1, 0, 0, 1, 1, 0, 0, 0, 0, 1, 1, 1, 1)",8.0,12.0,11.0,13.0,8.142,13.752,11.353666666666667,13.946666666666667,0.0,6.077332201726319,5.405915653509549,10.082800545518557,11.0,18.0,30.0,24.0,0.24206321048881027,0.08535823120025608,0.09962506502760506,0.012584682636785,4.0,3.0,5.0,5.610000000000001,3.211666666666668,5.804666666666668,6.077332201726319,5.405915653509549,10.082800545518557,-0.7749433780035265,-3.63856527704172,-7.094121713380978
38,5,1.4285714285714284,1.6582280766035322,-7.313495170943236,"(0, 1, 0, 1, 0, 0, 0, 0, 0, 1, 1, 1, 0, 1, 0, 0, 1, 0, 0, 1, 0, 1, 0, 0, 1)",7.0,12.0,10.0,12.0,7.272666666666667,12.647333333333334,11.446666666666667,13.048666666666668,0.0,7.837753189739646,7.313495170943236,11.76729311237985,4.0,84.0,2.0,4.0,0.22993707235028207,0.0015996967490065504,0.056791758240109194,0.037787621587855036,5.0,3.0,5.0,5.374666666666667,4.174,5.776000000000001,7.837753189739646,7.313495170943236,11.76729311237985,-4.084359227663388,-5.20599903881928,-9.934930454109628
38,6,1.7142857142857142,1.6582280766035322,-6.442004192906046,"(0, 1, 1, 1, 0, 1, 0, 1, 0, 0, 0, 1, 1, 0, 1, 1, 1, 0, 0, 0, 0, 0, 0, 0, 0)",7.0,9.0,9.0,12.0,7.038666666666667,10.503,11.531666666666666,13.394666666666666,0.0,6.442004192906046,6.780724914686927,11.938901293551908,14.0,2.0,2.0,2.0,0.39384736596142345,0.018711007592636473,0.008095923565383275,0.018381293757740547,2.0,2.0,5.0,3.4643333333333333,4.492999999999999,6.355999999999999,6.442004192906046,6.780724914686927,11.938901293551908,-4.9376574222276455,-3.793569685079284,-9.257723673873954
38,7,2.0,1.6582280766035322,-4.787700589417142,"(0, 0, 0, 1, 0, 1, 0, 1, 0, 1, 1, 1, 1, 1, 1, 0, 1, 1, 0, 0, 1, 0, 1, 0, 1)",8.0,11.0,9.0,13.0,8.132,13.342666666666666,11.723666666666666,13.685,0.0,6.111740434315843,4.787700589417142,10.460296167157352,8.0,5.0,1.0,14.0,0.34594010638456857,0.001074374252827858,0.0007603449656286938,0.06267621165537969,3.0,1.0,5.0,5.210666666666667,3.591666666666667,5.553000000000001,6.111740434315843,4.787700589417142,10.460296167157352,-1.494185820606792,-1.983297031275098,-8.137416284589222
39,0,0.0,1.6582280766035322,-6.8566993977299795,"(1, 0, 0, 0, 0, 0, 1, 1, 1, 0, 1, 0, 1, 1, 0, 1, 0, 0, 0, 0, 1, 1, 0, 0, 0)",6.0,9.0,9.0,10.0,6.172,10.141,9.476666666666667,11.276666666666667,0.0,6.884870850275831,6.8566993977299795,10.732282421233144,6.0,8.0,7.0,3.0,0.2927349008404642,0.002261023100894877,0.0178233949983609,0.05957456185137477,3.0,3.0,4.0,3.9690000000000003,3.304666666666667,5.104666666666668,6.884870850275831,6.8566993977299795,10.732282421233144,-4.835178911677198,-5.890080403663909,-9.331870448558504
39,1,0.2857142857142857,1.6582280766035322,-4.845075280867625,"(0, 0, 1, 0, 0, 1, 1, 1, 0, 1, 1, 0, 0, 1, 1, 0, 0, 0, 0, 1, 1, 0, 1, 0, 1)",7.0,9.0,10.0,13.0,7.061333333333334,10.058666666666667,10.402666666666667,14.562,0.0,4.845075280867625,6.843940253918335,11.317756693190834,7.0,3.0,6.0,15.0,0.26783941960415947,0.07452580829136407,0.031225119988930152,0.029579458052674926,2.0,3.0,6.0,2.9973333333333336,3.341333333333333,7.500666666666666,4.845075280867625,6.843940253918335,11.317756693190834,-3.0639775757194525,-5.808121137019889,-6.329605852905697
39,2,0.5714285714285714,1.6582280766035322,-6.727633979101005,"(0, 0, 1, 1, 1, 0, 0, 0, 1, 1, 0, 1, 1, 1, 1, 1, 0, 1, 0, 0, 0, 0, 1, 0, 0)",7.0,10.0,10.0,12.0,7.162,10.840333333333334,10.776,12.419,0.0,6.727633979101005,7.1091369852582575,9.902283994623856,9.0,6.0,10.0,11.0,0.18670439324765709,0.0956275052820675,0.0035616219710918307,0.004809141229570441,3.0,3.0,5.0,3.6783333333333337,3.614,5.257000000000001,6.727633979101005,7.1091369852582575,9.902283994623856,-5.056435944817234,-5.795734280530668,-7.702940343682289
39,3,0.8571428571428571,1.6582280766035322,-5.320148412436333,"(0, 1, 1, 0, 0, 1, 0, 0, 1, 1, 0, 0, 1, 0, 0, 0, 0, 1, 1, 0, 1, 0, 1, 1, 1)",7.0,10.0,11.0,11.0,7.07,10.904666666666667,11.75,13.588333333333333,0.0,5.320148412436333,7.813331175122558,9.802808734784051,5.0,5.0,10.0,1.0,0.1296081393790316,0.07002522017735326,0.07710514903544853,0.08921819994780567,3.0,4.0,4.0,3.834666666666667,4.68,6.518333333333333,5.320148412436333,7.813331175122558,9.802808734784051,-2.46326753811729,-5.195777727885365,-5.446409327599239
39,4,1.1428571428571428,1.6582280766035322,-6.867800313465019,"(1, 0, 1, 0, 0, 0, 0, 0, 0, 1, 1, 0, 1, 0, 0, 1, 1, 0, 0, 0, 0, 1, 1, 1, 0)",7.0,11.0,10.0,13.0,7.298333333333333,12.023,10.55,13.886,0.0,8.203714913867842,6.867800313465019,11.86038419412473,2.0,4.0,2.0,12.0,0.32029356151293503,0.007681959998957275,0.010229306365563611,0.0010477101663878751,4.0,3.0,6.0,4.724666666666667,3.251666666666668,6.587666666666666,8.203714913867842,6.867800313465019,11.86038419412473,-5.7690554833672945,-5.996374341871747,-8.743368244030517
39,5,1.4285714285714284,1.6582280766035322,-5.26878940395264,"(0, 1, 0, 1, 0, 0, 0, 0, 0, 1, 1, 1, 0, 1, 0, 1, 1, 0, 0, 1, 1, 1, 0, 0, 1)",8.0,11.0,10.0,12.0,8.064,11.157,11.018333333333333,12.639,0.0,5.26878940395264,7.139003515393528,9.421618949485714,18.0,32.0,5.0,23.0,0.20498064093116444,0.00031271600541000084,0.11229641308129674,0.06203017506452971,3.0,2.0,4.0,3.093,2.9543333333333326,4.574999999999999,5.26878940395264,7.139003515393528,9.421618949485714,-3.607955078410732,-6.9391375872178305,-8.036799618635929
39,6,1.7142857142857142,1.6582280766035322,-6.2633393300302185,"(0, 1, 1, 1, 0, 1, 0, 1, 0, 0, 0, 1, 1, 0, 1, 1, 1, 1, 0, 0, 0, 0, 1, 0, 0)",8.0,11.0,10.0,13.0,8.009666666666666,11.411333333333333,11.054333333333334,14.707333333333333,0.0,6.2633393300302185,6.801268518080404,11.26009641801605,9.0,18.0,2.0,9.0,0.08308868096330098,0.06185429615434031,0.06100851618837391,0.052405615147634144,3.0,2.0,5.0,3.4016666666666673,3.044666666666668,6.697666666666667,6.2633393300302185,6.801268518080404,11.26009641801605,-4.745305956438249,-6.229302662635067,-7.565549111218818
39,7,2.0,1.6582280766035322,-4.787700589417142,"(0, 0, 0, 1, 0, 1, 0, 1, 0, 1, 1, 1, 1, 1, 1, 0, 1, 1, 0, 0, 1, 0, 1, 0, 1)",8.0,11.0,9.0,13.0,8.132,13.342666666666666,11.723666666666666,13.685,0.0,6.111740434315843,4.787700589417142,10.460296167157352,8.0,5.0,1.0,14.0,0.34594010638456857,0.001074374252827858,0.0007603449656286938,0.06267621165537969,3.0,1.0,5.0,5.210666666666667,3.591666666666667,5.553000000000001,6.111740434315843,4.787700589417142,10.460296167157352,-1.494185820606792,-1.983297031275098,-8.137416284589222
40,0,0.0,1.6582280766035322,-6.8566993977299795,"(1, 0, 0, 0, 0, 0, 1, 1, 1, 0, 1, 0, 1, 1, 0, 1, 0, 0, 0, 0, 1, 1, 0, 0, 0)",6.0,9.0,9.0,10.0,6.172,10.141,9.476666666666667,11.276666666666667,0.0,6.884870850275831,6.8566993977299795,10.732282421233144,6.0,8.0,7.0,3.0,0.2927349008404642,0.002261023100894877,0.0178233949983609,0.05957456185137477,3.0,3.0,4.0,3.9690000000000003,3.304666666666667,5.104666666666668,6.884870850275831,6.8566993977299795,10.732282421233144,-4.835178911677198,-5.890080403663909,-9.331870448558504
40,1,0.2857142857142857,1.6582280766035322,-7.661115050068556,"(0, 0, 1, 1, 1, 0, 0, 0, 1, 1, 0, 1, 1, 1, 1, 1, 0, 0, 0, 0, 0, 0, 0, 0, 0)",6.0,10.0,10.0,12.0,6.604666666666667,11.229333333333333,10.423333333333334,13.639,0.0,8.28594460171097,7.661115050068556,12.405241090583838,2.0,2.0,25.0,2.0,0.1665097329547509,0.06324195308926948,0.004746322212922535,0.0005579824966347703,4.0,4.0,6.0,4.624666666666666,3.818666666666667,7.034333333333333,8.28594460171097,7.661115050068556,12.405241090583838,-6.071233868139467,-6.371655792256866,-8.906190039920496
40,2,0.5714285714285714,1.6582280766035322,-5.320148412436333,"(0, 1, 1, 0, 0, 1, 0, 0, 1, 1, 0, 0, 1, 0, 0, 0, 0, 1, 1, 0, 1, 0, 1, 1, 1)",7.0,10.0,11.0,11.0,7.07,10.904666666666667,11.75,13.588333333333333,0.0,5.320148412436333,7.813331175122558,9.802808734784051,5.0,5.0,10.0,1.0,0.1296081393790316,0.07002522017735326,0.07710514903544853,0.08921819994780567,3.0,4.0,4.0,3.834666666666667,4.68,6.518333333333333,5.320148412436333,7.813331175122558,9.802808734784051,-2.46326753811729,-5.195777727885365,-5.446409327599239
40,3,0.8571428571428571,1.6582280766035322,-5.725327230576203,"(1, 0, 1, 0, 0, 1, 1, 0, 0, 1, 1, 0, 1, 0, 0, 1, 1, 0, 0, 0, 0, 1, 1, 1, 0)",8.0,11.0,12.0,13.0,8.091666666666667,11.883666666666667,12.369666666666667,13.732,0.0,6.584925028352863,5.725327230576203,10.522663967594053,5.0,7.0,20.0,4.0,0.1208364030712408,0.04915549494584035,0.05383446944303452,0.055214300329040164,3.0,4.0,5.0,3.792,4.2780000000000005,5.6403333333333325,6.584925028352863,5.725327230576203,10.522663967594053,-4.631306697863435,-2.3999986497742927,-8.096017736992657
40,4,1.1428571428571428,1.6582280766035322,-5.623300141974068,"(0, 1, 0, 1, 0, 0, 0, 0, 0, 1, 1, 1, 0, 1, 1, 1, 1, 0, 0, 0, 1, 1, 0, 0, 1)",7.0,10.0,10.0,12.0,7.252666666666666,10.531666666666666,10.221666666666666,12.844333333333333,0.0,5.623300141974068,7.6483466938787075,10.699449505316394,6.0,17.0,5.0,9.0,0.26970058723891494,0.0018214477107496784,0.06711012964185742,0.00035587572582764567,3.0,3.0,5.0,3.279,2.9689999999999994,5.591666666666667,5.623300141974068,7.6483466938787075,10.699449505316394,-3.8873843154070458,-7.759424067951588,-8.469868912242667
40,5,1.4285714285714284,1.6582280766035322,-5.811269506835282,"(0, 1, 0, 0, 0, 1, 0, 1, 0, 0, 0, 1, 1, 0, 1, 1, 1, 1, 0, 0, 0, 0, 1, 0, 0)",7.0,9.0,9.0,12.0,7.049333333333333,9.366666666666667,10.330666666666668,13.493666666666666,0.0,6.61651427321216,5.811269506835282,11.640825584404222,12.0,2.0,2.0,2.0,0.14665952061679724,0.09653965401541863,0.06127962277631484,0.013563259304834875,2.0,2.0,5.0,2.317333333333334,3.2813333333333343,6.444333333333333,6.61651427321216,5.811269506835282,11.640825584404222,-7.129022540905832,-4.195211194915836,-8.61696935057844
40,6,1.7142857142857142,1.6582280766035322,-4.787700589417142,"(0, 0, 0, 1, 0, 1, 0, 1, 0, 1, 1, 1, 1, 1, 1, 0, 1, 1, 0, 0, 1, 0, 1, 0, 1)",8.0,11.0,9.0,13.0,8.132,13.342666666666666,11.723666666666666,13.685,0.0,6.111740434315843,4.787700589417142,10.460296167157352,8.0,5.0,1.0,14.0,0.34594010638456857,0.001074374252827858,0.0007603449656286938,0.06267621165537969,3.0,1.0,5.0,5.210666666666667,3.591666666666667,5.553000000000001,6.111740434315843,4.787700589417142,10.460296167157352,-1.494185820606792,-1.983297031275098,-8.137416284589222
40,7,2.0,1.6582280766035322,-4.845075280867625,"(0, 0, 1, 0, 0, 1, 1, 1, 0, 1, 1, 0, 0, 1, 1, 0, 0, 0, 0, 1, 1, 0, 1, 0, 1)",7.0,9.0,10.0,13.0,7.061333333333334,10.058666666666667,10.402666666666667,14.562,0.0,4.845075280867625,6.843940253918335,11.317756693190834,7.0,3.0,6.0,15.0,0.26783941960415947,0.07452580829136407,0.031225119988930152,0.029579458052674926,2.0,3.0,6.0,2.9973333333333336,3.341333333333333,7.500666666666666,4.845075280867625,6.843940253918335,11.317756693190834,-3.0639775757194525,-5.808121137019889,-6.329605852905697
41,0,0.0,1.6582280766035322,-6.8566993977299795,"(1, 0, 0, 0, 0, 0, 1, 1, 1, 0, 1, 0, 1, 1, 0, 1, 0, 0, 0, 0, 1, 1, 0, 0, 0)",6.0,9.0,9.0,10.0,6.172,10.141,9.476666666666667,11.276666666666667,0.0,6.884870850275831,6.8566993977299795,10.732282421233144,6.0,8.0,7.0,3.0,0.2927349008404642,0.002261023100894877,0.0178233949983609,0.05957456185137477,3.0,3.0,4.0,3.9690000000000003,3.304666666666667,5.104666666666668,6.884870850275831,6.8566993977299795,10.732282421233144,-4.835178911677198,-5.890080403663909,-9.331870448558504
41,1,0.2857142857142857,1.6582280766035322,-9.343617743237923,"(0, 0, 1, 1, 1, 0, 0, 0, 0, 1, 0, 1, 1, 0, 1, 1, 0, 0, 0, 0, 0, 0, 0, 0, 0)",5.0,9.0,9.0,11.0,5.156333333333333,9.164,9.851666666666667,11.896333333333333,0.0,9.707663292699822,9.343617743237923,13.416133775594165,2.0,5.0,5.0,8.0,0.23572449001866858,0.08628881699512732,0.05456164745545935,0.005719930001253794,4.0,4.0,6.0,4.007666666666666,4.695333333333333,6.739999999999999,9.707663292699822,9.343617743237923,13.416133775594165,-9.451894441833582,-7.7079157165422725,-11.07055246985139
41,2,0.5714285714285714,1.6582280766035322,-5.320148412436333,"(0, 1, 1, 0, 0, 1, 0, 0, 1, 1, 0, 0, 1, 0, 0, 0, 0, 1, 1, 0, 1, 0, 1, 1, 1)",7.0,10.0,11.0,11.0,7.07,10.904666666666667,11.75,13.588333333333333,0.0,5.320148412436333,7.813331175122558,9.802808734784051,5.0,5.0,10.0,1.0,0.1296081393790316,0.07002522017735326,0.07710514903544853,0.08921819994780567,3.0,4.0,4.0,3.834666666666667,4.68,6.518333333333333,5.320148412436333,7.813331175122558,9.802808734784051,-2.46326753811729,-5.195777727885365,-5.446409327599239
41,3,0.8571428571428571,1.6582280766035322,-5.725327230576203,"(1, 0, 1, 0, 0, 1, 1, 0, 0, 1, 1, 0, 1, 0, 0, 1, 1, 0, 0, 0, 0, 1, 1, 1, 0)",8.0,11.0,12.0,13.0,8.091666666666667,11.883666666666667,12.369666666666667,13.732,0.0,6.584925028352863,5.725327230576203,10.522663967594053,5.0,7.0,20.0,4.0,0.1208364030712408,0.04915549494584035,0.05383446944303452,0.055214300329040164,3.0,4.0,5.0,3.792,4.2780000000000005,5.6403333333333325,6.584925028352863,5.725327230576203,10.522663967594053,-4.631306697863435,-2.3999986497742927,-8.096017736992657
41,4,1.1428571428571428,1.6582280766035322,-5.623300141974068,"(0, 1, 0, 1, 0, 0, 0, 0, 0, 1, 1, 1, 0, 1, 1, 1, 1, 0, 0, 0, 1, 1, 0, 0, 1)",7.0,10.0,10.0,12.0,7.252666666666666,10.531666666666666,10.221666666666666,12.844333333333333,0.0,5.623300141974068,7.6483466938787075,10.699449505316394,6.0,17.0,5.0,9.0,0.26970058723891494,0.0018214477107496784,0.06711012964185742,0.00035587572582764567,3.0,3.0,5.0,3.279,2.9689999999999994,5.591666666666667,5.623300141974068,7.6483466938787075,10.699449505316394,-3.8873843154070458,-7.759424067951588,-8.469868912242667
41,5,1.4285714285714284,1.6582280766035322,-5.811269506835282,"(0, 1, 0, 0, 0, 1, 0, 1, 0, 0, 0, 1, 1, 0, 1, 1, 1, 1, 0, 0, 0, 0, 1, 0, 0)",7.0,9.0,9.0,12.0,7.049333333333333,9.366666666666667,10.330666666666668,13.493666666666666,0.0,6.61651427321216,5.811269506835282,11.640825584404222,12.0,2.0,2.0,2.0,0.14665952061679724,0.09653965401541863,0.06127962277631484,0.013563259304834875,2.0,2.0,5.0,2.317333333333334,3.2813333333333343,6.444333333333333,6.61651427321216,5.811269506835282,11.640825584404222,-7.129022540905832,-4.195211194915836,-8.61696935057844
41,6,1.7142857142857142,1.6582280766035322,-4.172368999702385,"(1, 1, 0, 1, 0, 1, 0, 1, 0, 1, 1, 1, 1, 1, 1, 0, 1, 1, 0, 0, 1, 0, 1, 0, 1)",9.0,13.0,10.0,14.0,9.110666666666667,13.268333333333333,10.383,16.755333333333333,0.0,5.121888821121975,4.172368999702385,8.486958694108132,8.0,50.0,1.0,2.0,0.1282409807325128,0.06492426274688437,0.06416889044611093,0.0009288373485128685,4.0,1.0,5.0,4.157666666666666,1.2723333333333322,7.644666666666666,5.121888821121975,4.172368999702385,8.486958694108132,-1.5989002486009416,-4.808920565124798,-1.3967122886027525
41,7,2.0,1.6582280766035322,-4.845075280867625,"(0, 0, 1, 0, 0, 1, 1, 1, 0, 1, 1, 0, 0, 1, 1, 0, 0, 0, 0, 1, 1, 0, 1, 0, 1)",7.0,9.0,10.0,13.0,7.061333333333334,10.058666666666667,10.402666666666667,14.562,0.0,4.845075280867625,6.843940253918335,11.317756693190834,7.0,3.0,6.0,15.0,0.26783941960415947,0.07452580829136407,0.031225119988930152,0.029579458052674926,2.0,3.0,6.0,2.9973333333333336,3.341333333333333,7.500666666666666,4.845075280867625,6.843940253918335,11.317756693190834,-3.0639775757194525,-5.808121137019889,-6.329605852905697
42,0,0.0,1.6582280766035322,-6.8566993977299795,"(1, 0, 0, 0, 0, 0, 1, 1, 1, 0, 1, 0, 1, 1, 0, 1, 0, 0, 0, 0, 1, 1, 0, 0, 0)",6.0,9.0,9.0,10.0,6.172,10.141,9.476666666666667,11.276666666666667,0.0,6.884870850275831,6.8566993977299795,10.732282421233144,6.0,8.0,7.0,3.0,0.2927349008404642,0.002261023100894877,0.0178233949983609,0.05957456185137477,3.0,3.0,4.0,3.9690000000000003,3.304666666666667,5.104666666666668,6.884870850275831,6.8566993977299795,10.732282421233144,-4.835178911677198,-5.890080403663909,-9.331870448558504
42,1,0.2857142857142857,1.6582280766035322,-9.343617743237923,"(0, 0, 1, 1, 1, 0, 0, 0, 0, 1, 0, 1, 1, 0, 1, 1, 0, 0, 0, 0, 0, 0, 0, 0, 0)",5.0,9.0,9.0,11.0,5.156333333333333,9.164,9.851666666666667,11.896333333333333,0.0,9.707663292699822,9.343617743237923,13.416133775594165,2.0,5.0,5.0,8.0,0.23572449001866858,0.08628881699512732,0.05456164745545935,0.005719930001253794,4.0,4.0,6.0,4.007666666666666,4.695333333333333,6.739999999999999,9.707663292699822,9.343617743237923,13.416133775594165,-9.451894441833582,-7.7079157165422725,-11.07055246985139
42,2,0.5714285714285714,1.6582280766035322,-5.320148412436333,"(0, 1, 1, 0, 0, 1, 0, 0, 1, 1, 0, 0, 1, 0, 0, 0, 0, 1, 1, 0, 1, 0, 1, 1, 1)",7.0,10.0,11.0,11.0,7.07,10.904666666666667,11.75,13.588333333333333,0.0,5.320148412436333,7.813331175122558,9.802808734784051,5.0,5.0,10.0,1.0,0.1296081393790316,0.07002522017735326,0.07710514903544853,0.08921819994780567,3.0,4.0,4.0,3.834666666666667,4.68,6.518333333333333,5.320148412436333,7.813331175122558,9.802808734784051,-2.46326753811729,-5.195777727885365,-5.446409327599239
42,3,0.8571428571428571,1.6582280766035322,-5.725327230576203,"(1, 0, 1, 0, 0, 1, 1, 0, 0, 1, 1, 0, 1, 0, 0, 1, 1, 0, 0, 0, 0, 1, 1, 1, 0)",8.0,11.0,12.0,13.0,8.091666666666667,11.883666666666667,12.369666666666667,13.732,0.0,6.584925028352863,5.725327230576203,10.522663967594053,5.0,7.0,20.0,4.0,0.1208364030712408,0.04915549494584035,0.05383446944303452,0.055214300329040164,3.0,4.0,5.0,3.792,4.2780000000000005,5.6403333333333325,6.584925028352863,5.725327230576203,10.522663967594053,-4.631306697863435,-2.3999986497742927,-8.096017736992657
42,4,1.1428571428571428,1.6582280766035322,-5.636252745727982,"(0, 0, 0, 1, 0, 0, 1, 0, 0, 1, 1, 1, 0, 1, 1, 1, 1, 0, 0, 0, 1, 1, 0, 0, 1)",7.0,10.0,9.0,12.0,7.448666666666667,10.766333333333334,10.653333333333334,14.139666666666667,0.0,5.8869860432886405,5.636252745727982,10.887621542498083,3.0,1.0,1.0,3.0,0.2667850254871139,0.0038424171913885516,0.06132474364674212,0.0003571108263780503,3.0,2.0,5.0,3.3176666666666668,3.204666666666667,6.691,5.8869860432886405,5.636252745727982,10.887621542498083,-4.260517528076042,-4.032124306977769,-6.958955668649545
42,5,1.4285714285714284,1.6582280766035322,-5.487703147198917,"(0, 1, 0, 0, 0, 1, 0, 1, 0, 0, 0, 1, 1, 0, 1, 1, 1, 0, 1, 0, 0, 0, 1, 0, 0)",8.0,11.0,10.0,13.0,8.006666666666666,11.893333333333333,10.224666666666666,14.198666666666666,0.0,5.487703147198917,6.245522590584933,9.857124916671022,24.0,21.0,4.0,4.0,0.09067268944276345,0.06226780733631402,0.1028732611694963,0.01273618282004033,3.0,2.0,5.0,3.8866666666666667,2.218,6.192,5.487703147198917,6.245522590584933,9.857124916671022,-2.6548836436850816,-6.6785510388629294,-6.077613041083071
42,6,1.7142857142857142,1.6582280766035322,-4.172368999702385,"(1, 1, 0, 1, 0, 1, 0, 1, 0, 1, 1, 1, 1, 1, 1, 0, 1, 1, 0, 0, 1, 0, 1, 0, 1)",9.0,13.0,10.0,14.0,9.110666666666667,13.268333333333333,10.383,16.755333333333333,0.0,5.121888821121975,4.172368999702385,8.486958694108132,8.0,50.0,1.0,2.0,0.1282409807325128,0.06492426274688437,0.06416889044611093,0.0009288373485128685,4.0,1.0,5.0,4.157666666666666,1.2723333333333322,7.644666666666666,5.121888821121975,4.172368999702385,8.486958694108132,-1.5989002486009416,-4.808920565124798,-1.3967122886027525
42,7,2.0,1.6582280766035322,-4.845075280867625,"(0, 0, 1, 0, 0, 1, 1, 1, 0, 1, 1, 0, 0, 1, 1, 0, 0, 0, 0, 1, 1, 0, 1, 0, 1)",7.0,9.0,10.0,13.0,7.061333333333334,10.058666666666667,10.402666666666667,14.562,0.0,4.845075280867625,6.843940253918335,11.317756693190834,7.0,3.0,6.0,15.0,0.26783941960415947,0.07452580829136407,0.031225119988930152,0.029579458052674926,2.0,3.0,6.0,2.9973333333333336,3.341333333333333,7.500666666666666,4.845075280867625,6.843940253918335,11.317756693190834,-3.0639775757194525,-5.808121137019889,-6.329605852905697
43,0,0.0,1.6582280766035322,-6.9303799986003956,"(1, 0, 0, 0, 0, 0, 1, 1, 1, 0, 1, 0, 1, 1, 0, 1, 1, 1, 0, 0, 1, 1, 0, 0, 0)",6.0,10.0,9.0,12.0,6.268,11.758,10.015333333333333,13.267,0.0,7.129054146933906,6.9303799986003956,11.24823087489013,1.0,10.0,1.0,3.0,0.21500051380541185,0.028397297509677864,0.03086489035435878,0.0354851671669175,4.0,3.0,6.0,5.489999999999999,3.7473333333333327,6.999,7.129054146933906,6.9303799986003956,11.24823087489013,-2.7179256055192553,-5.278217349485089,-7.046193940713405
43,1,0.2857142857142857,1.6582280766035322,-7.345802981302393,"(0, 1, 1, 1, 1, 0, 1, 0, 0, 1, 0, 1, 1, 0, 1, 1, 0, 0, 0, 0, 0, 0, 0, 0, 0)",6.0,10.0,9.0,12.0,6.104666666666667,10.908666666666667,9.312,12.860666666666667,0.0,8.116888249301242,7.345802981302393,12.243674401653434,2.0,7.0,4.0,9.0,0.17975594170566409,0.0608937996986751,0.032672317785804615,0.006667555324824097,4.0,3.0,6.0,4.804,3.2073333333333327,6.756,8.116888249301242,7.345802981302393,12.243674401653434,-5.493524309641241,-6.862526564433832,-9.099815768080214
43,2,0.5714285714285714,1.6582280766035322,-6.829439970626257,"(0, 1, 1, 0, 0, 1, 0, 0, 1, 1, 0, 0, 1, 0, 0, 0, 0, 1, 1, 0, 1, 1, 0, 1, 1)",7.0,10.0,11.0,13.0,7.0713333333333335,11.842,11.369333333333334,14.199333333333334,0.0,8.273968510046611,6.829439970626257,11.500060445456985,2.0,2.0,14.0,12.0,0.1723720373747127,0.03993455152567982,0.006654239257553994,0.020555461495202664,3.0,4.0,6.0,4.770666666666667,4.298,7.128,8.273968510046611,6.829439970626257,11.500060445456985,-5.809273477509533,-4.1977048335288805,-7.249873383264518
43,3,0.8571428571428571,1.6582280766035322,-5.725327230576203,"(1, 0, 1, 0, 0, 1, 1, 0, 0, 1, 1, 0, 1, 0, 0, 1, 1, 0, 0, 0, 0, 1, 1, 1, 0)",8.0,11.0,12.0,13.0,8.091666666666667,11.883666666666667,12.369666666666667,13.732,0.0,6.584925028352863,5.725327230576203,10.522663967594053,5.0,7.0,20.0,4.0,0.1208364030712408,0.04915549494584035,0.05383446944303452,0.055214300329040164,3.0,4.0,5.0,3.792,4.2780000000000005,5.6403333333333325,6.584925028352863,5.725327230576203,10.522663967594053,-4.631306697863435,-2.3999986497742927,-8.096017736992657
43,4,1.1428571428571428,1.6582280766035322,-5.636252745727982,"(0, 0, 0, 1, 0, 0, 1, 0, 0, 1, 1, 1, 0, 1, 1, 1, 1, 0, 0, 0, 1, 1, 0, 0, 1)",7.0,10.0,9.0,12.0,7.448666666666667,10.766333333333334,10.653333333333334,14.139666666666667,0.0,5.8869860432886405,5.636252745727982,10.887621542498083,3.0,1.0,1.0,3.0,0.2667850254871139,0.0038424171913885516,0.06132474364674212,0.0003571108263780503,3.0,2.0,5.0,3.3176666666666668,3.204666666666667,6.691,5.8869860432886405,5.636252745727982,10.887621542498083,-4.260517528076042,-4.032124306977769,-6.958955668649545
43,5,1.4285714285714284,1.6582280766035322,-5.487703147198917,"(0, 1, 0, 0, 0, 1, 0, 1, 0, 0, 0, 1, 1, 0, 1, 1, 1, 0, 1, 0, 0, 0, 1, 0, 0)",8.0,11.0,10.0,13.0,8.006666666666666,11.893333333333333,10.224666666666666,14.198666666666666,0.0,5.487703147198917,6.245522590584933,9.857124916671022,24.0,21.0,4.0,4.0,0.09067268944276345,0.06226780733631402,0.1028732611694963,0.01273618282004033,3.0,2.0,5.0,3.8866666666666667,2.218,6.192,5.487703147198917,6.245522590584933,9.857124916671022,-2.6548836436850816,-6.6785510388629294,-6.077613041083071
43,6,1.7142857142857142,1.6582280766035322,-4.172368999702385,"(1, 1, 0, 1, 0, 1, 0, 1, 0, 1, 1, 1, 1, 1, 1, 0, 1, 1, 0, 0, 1, 0, 1, 0, 1)",9.0,13.0,10.0,14.0,9.110666666666667,13.268333333333333,10.383,16.755333333333333,0.0,5.121888821121975,4.172368999702385,8.486958694108132,8.0,50.0,1.0,2.0,0.1282409807325128,0.06492426274688437,0.06416889044611093,0.0009288373485128685,4.0,1.0,5.0,4.157666666666666,1.2723333333333322,7.644666666666666,5.121888821121975,4.172368999702385,8.486958694108132,-1.5989002486009416,-4.808920565124798,-1.3967122886027525
43,7,2.0,1.6582280766035322,-4.845075280867625,"(0, 0, 1, 0, 0, 1, 1, 1, 0, 1, 1, 0, 0, 1, 1, 0, 0, 0, 0, 1, 1, 0, 1, 0, 1)",7.0,9.0,10.0,13.0,7.061333333333334,10.058666666666667,10.402666666666667,14.562,0.0,4.845075280867625,6.843940253918335,11.317756693190834,7.0,3.0,6.0,15.0,0.26783941960415947,0.07452580829136407,0.031225119988930152,0.029579458052674926,2.0,3.0,6.0,2.9973333333333336,3.341333333333333,7.500666666666666,4.845075280867625,6.843940253918335,11.317756693190834,-3.0639775757194525,-5.808121137019889,-6.329605852905697
44,0,0.0,1.6582280766035322,-6.78218968282126,"(1, 0, 0, 0, 0, 0, 1, 1, 1, 0, 1, 0, 1, 1, 0, 1, 1, 1, 0, 1, 1, 1, 0, 0, 1)",7.0,11.0,10.0,13.0,7.207333333333334,11.395333333333333,11.135333333333334,14.357333333333333,0.0,7.070408147291362,6.78218968282126,10.950855306485899,1.0,4.0,1.0,17.0,0.14161443158576684,5.011065571664962e-05,0.07631403598629989,0.0008571242905396774,4.0,3.0,6.0,4.188,3.928,7.1499999999999995,7.070408147291362,6.78218968282126,10.950855306485899,-4.779690118069306,-4.732897468006343,-6.3026849843224415
44,1,0.2857142857142857,1.6582280766035322,-7.345802981302393,"(0, 1, 1, 1, 1, 0, 1, 0, 0, 1, 0, 1, 1, 0, 1, 1, 0, 0, 0, 0, 0, 0, 0, 0, 0)",6.0,10.0,9.0,12.0,6.104666666666667,10.908666666666667,9.312,12.860666666666667,0.0,8.116888249301242,7.345802981302393,12.243674401653434,2.0,7.0,4.0,9.0,0.17975594170566409,0.0608937996986751,0.032672317785804615,0.006667555324824097,4.0,3.0,6.0,4.804,3.2073333333333327,6.756,8.116888249301242,7.345802981302393,12.243674401653434,-5.493524309641241,-6.862526564433832,-9.099815768080214
44,2,0.5714285714285714,1.6582280766035322,-6.829439970626257,"(0, 1, 1, 0, 0, 1, 0, 0, 1, 1, 0, 0, 1, 0, 0, 0, 0, 1, 1, 0, 1, 1, 0, 1, 1)",7.0,10.0,11.0,13.0,7.0713333333333335,11.842,11.369333333333334,14.199333333333334,0.0,8.273968510046611,6.829439970626257,11.500060445456985,2.0,2.0,14.0,12.0,0.1723720373747127,0.03993455152567982,0.006654239257553994,0.020555461495202664,3.0,4.0,6.0,4.770666666666667,4.298,7.128,8.273968510046611,6.829439970626257,11.500060445456985,-5.809273477509533,-4.1977048335288805,-7.249873383264518
44,3,0.8571428571428571,1.6582280766035322,-5.725327230576203,"(1, 0, 1, 0, 0, 1, 1, 0, 0, 1, 1, 0, 1, 0, 0, 1, 1, 0, 0, 0, 0, 1, 1, 1, 0)",8.0,11.0,12.0,13.0,8.091666666666667,11.883666666666667,12.369666666666667,13.732,0.0,6.584925028352863,5.725327230576203,10.522663967594053,5.0,7.0,20.0,4.0,0.1208364030712408,0.04915549494584035,0.05383446944303452,0.055214300329040164,3.0,4.0,5.0,3.792,4.2780000000000005,5.6403333333333325,6.584925028352863,5.725327230576203,10.522663967594053,-4.631306697863435,-2.3999986497742927,-8.096017736992657
44,4,1.1428571428571428,1.6582280766035322,-4.666622302690474,"(0, 0, 0, 1, 0, 0, 1, 0, 0, 1, 1, 0, 1, 1, 1, 1, 1, 0, 0, 0, 1, 1, 0, 0, 1)",8.0,10.0,11.0,12.0,8.212666666666667,10.112333333333334,12.319666666666667,13.080666666666668,0.0,4.666622302690474,6.745109860552764,10.06747114818818,14.0,6.0,14.0,10.0,0.21292204481136742,0.008221948767564562,0.13236532032281154,0.001986698792061129,2.0,3.0,4.0,1.8996666666666666,4.106999999999999,4.868,4.666622302690474,6.745109860552764,10.06747114818818,-4.588243522371061,-4.374587839933224,-8.621909041415643
44,5,1.4285714285714284,1.6582280766035322,-7.327636171485383,"(0, 1, 0, 0, 0, 1, 0, 1, 0, 0, 0, 0, 1, 0, 1, 1, 0, 0, 1, 0, 0, 0, 1, 0, 0)",7.0,10.0,10.0,12.0,7.056,11.436333333333334,10.257666666666667,14.014,0.0,7.3949233818826725,7.327636171485383,10.462894057810697,8.0,1.0,12.0,20.0,0.10341560766249637,0.12035110342075586,0.08008779348183094,0.01239977222103987,3.0,3.0,5.0,4.380333333333334,3.201666666666667,6.957999999999999,7.3949233818826725,7.327636171485383,10.462894057810697,-4.998877857954119,-6.841798476100368,-5.811913732182583
44,6,1.7142857142857142,1.6582280766035322,-4.172368999702385,"(1, 1, 0, 1, 0, 1, 0, 1, 0, 1, 1, 1, 1, 1, 1, 0, 1, 1, 0, 0, 1, 0, 1, 0, 1)",9.0,13.0,10.0,14.0,9.110666666666667,13.268333333333333,10.383,16.755333333333333,0.0,5.121888821121975,4.172368999702385,8.486958694108132,8.0,50.0,1.0,2.0,0.1282409807325128,0.06492426274688437,0.06416889044611093,0.0009288373485128685,4.0,1.0,5.0,4.157666666666666,1.2723333333333322,7.644666666666666,5.121888821121975,4.172368999702385,8.486958694108132,-1.5989002486009416,-4.808920565124798,-1.3967122886027525
44,7,2.0,1.6582280766035322,-4.845075280867625,"(0, 0, 1, 0, 0, 1, 1, 1, 0, 1, 1, 0, 0, 1, 1, 0, 0, 0, 0, 1, 1, 0, 1, 0, 1)",7.0,9.0,10.0,13.0,7.061333333333334,10.058666666666667,10.402666666666667,14.562,0.0,4.845075280867625,6.843940253918335,11.317756693190834,7.0,3.0,6.0,15.0,0.26783941960415947,0.07452580829136407,0.031225119988930152,0.029579458052674926,2.0,3.0,6.0,2.9973333333333336,3.341333333333333,7.500666666666666,4.845075280867625,6.843940253918335,11.317756693190834,-3.0639775757194525,-5.808121137019889,-6.329605852905697
45,0,0.0,1.6582280766035322,-6.91137486236688,"(1, 0, 0, 0, 0, 0, 1, 0, 0, 0, 1, 0, 1, 1, 0, 1, 1, 1, 0, 1, 1, 1, 0, 0, 1)",7.0,10.0,11.0,13.0,7.235333333333333,10.211333333333334,11.308333333333334,14.356666666666667,0.0,6.91137486236688,7.126686565735644,11.832977368969757,3.0,8.0,3.0,17.0,0.27542847905646717,0.007979635145875262,0.014966101256903397,0.0010475090931240897,3.0,4.0,6.0,2.976000000000001,4.073,7.121333333333334,6.91137486236688,7.126686565735644,11.832977368969757,-6.52574908873652,-5.063708800449863,-7.8129804268538905
45,1,0.2857142857142857,1.6582280766035322,-7.345802981302393,"(0, 1, 1, 1, 1, 0, 1, 0, 0, 1, 0, 1, 1, 0, 1, 1, 0, 0, 0, 0, 0, 0, 0, 0, 0)",6.0,10.0,9.0,12.0,6.104666666666667,10.908666666666667,9.312,12.860666666666667,0.0,8.116888249301242,7.345802981302393,12.243674401653434,2.0,7.0,4.0,9.0,0.17975594170566409,0.0608937996986751,0.032672317785804615,0.006667555324824097,4.0,3.0,6.0,4.804,3.2073333333333327,6.756,8.116888249301242,7.345802981302393,12.243674401653434,-5.493524309641241,-6.862526564433832,-9.099815768080214
45,2,0.5714285714285714,1.6582280766035322,-6.829439970626257,"(0, 1, 1, 0, 0, 1, 0, 0, 1, 1, 0, 0, 1, 0, 0, 0, 0, 1, 1, 0, 1, 1, 0, 1, 1)",7.0,10.0,11.0,13.0,7.0713333333333335,11.842,11.369333333333334,14.199333333333334,0.0,8.273968510046611,6.829439970626257,11.500060445456985,2.0,2.0,14.0,12.0,0.1723720373747127,0.03993455152567982,0.006654239257553994,0.020555461495202664,3.0,4.0,6.0,4.770666666666667,4.298,7.128,8.273968510046611,6.829439970626257,11.500060445456985,-5.809273477509533,-4.1977048335288805,-7.249873383264518
45,3,0.8571428571428571,1.6582280766035322,-5.725327230576203,"(1, 0, 1, 0, 0, 1, 1, 0, 0, 1, 1, 0, 1, 0, 0, 1, 1, 0, 0, 0, 0, 1, 1, 1, 0)",8.0,11.0,12.0,13.0,8.091666666666667,11.883666666666667,12.369666666666667,13.732,0.0,6.584925028352863,5.725327230576203,10.522663967594053,5.0,7.0,20.0,4.0,0.1208364030712408,0.04915549494584035,0.05383446944303452,0.055214300329040164,3.0,4.0,5.0,3.792,4.2780000000000005,5.6403333333333325,6.584925028352863,5.725327230576203,10.522663967594053,-4.631306697863435,-2.3999986497742927,-8.096017736992657
45,4,1.1428571428571428,1.6582280766035322,-4.666622302690474,"(0, 0, 0, 1, 0, 0, 1, 0, 0, 1, 1, 0, 1, 1, 1, 1, 1, 0, 0, 0, 1, 1, 0, 0, 1)",8.0,10.0,11.0,12.0,8.212666666666667,10.112333333333334,12.319666666666667,13.080666666666668,0.0,4.666622302690474,6.745109860552764,10.06747114818818,14.0,6.0,14.0,10.0,0.21292204481136742,0.008221948767564562,0.13236532032281154,0.001986698792061129,2.0,3.0,4.0,1.8996666666666666,4.106999999999999,4.868,4.666622302690474,6.745109860552764,10.06747114818818,-4.588243522371061,-4.374587839933224,-8.621909041415643
45,5,1.4285714285714284,1.6582280766035322,-7.327636171485383,"(0, 1, 0, 0, 0, 1, 0, 1, 0, 0, 0, 0, 1, 0, 1, 1, 0, 0, 1, 0, 0, 0, 1, 0, 0)",7.0,10.0,10.0,12.0,7.056,11.436333333333334,10.257666666666667,14.014,0.0,7.3949233818826725,7.327636171485383,10.462894057810697,8.0,1.0,12.0,20.0,0.10341560766249637,0.12035110342075586,0.08008779348183094,0.01239977222103987,3.0,3.0,5.0,4.380333333333334,3.201666666666667,6.957999999999999,7.3949233818826725,7.327636171485383,10.462894057810697,-4.998877857954119,-6.841798476100368,-5.811913732182583
45,6,1.7142857142857142,1.6582280766035322,-4.172368999702385,"(1, 1, 0, 1, 0, 1, 0, 1, 0, 1, 1, 1, 1, 1, 1, 0, 1, 1, 0, 0, 1, 0, 1, 0, 1)",9.0,13.0,10.0,14.0,9.110666666666667,13.268333333333333,10.383,16.755333333333333,0.0,5.121888821121975,4.172368999702385,8.486958694108132,8.0,50.0,1.0,2.0,0.1282409807325128,0.06492426274688437,0.06416889044611093,0.0009288373485128685,4.0,1.0,5.0,4.157666666666666,1.2723333333333322,7.644666666666666,5.121888821121975,4.172368999702385,8.486958694108132,-1.5989002486009416,-4.808920565124798,-1.3967122886027525
45,7,2.0,1.6582280766035322,-4.845075280867625,"(0, 0, 1, 0, 0, 1, 1, 1, 0, 1, 1, 0, 0, 1, 1, 0, 0, 0, 0, 1, 1, 0, 1, 0, 1)",7.0,9.0,10.0,13.0,7.061333333333334,10.058666666666667,10.402666666666667,14.562,0.0,4.845075280867625,6.843940253918335,11.317756693190834,7.0,3.0,6.0,15.0,0.26783941960415947,0.07452580829136407,0.031225119988930152,0.029579458052674926,2.0,3.0,6.0,2.9973333333333336,3.341333333333333,7.500666666666666,4.845075280867625,6.843940253918335,11.317756693190834,-3.0639775757194525,-5.808121137019889,-6.329605852905697
46,0,0.0,1.6582280766035322,-7.397604183939848,"(1, 0, 0, 0, 0, 0, 1, 0, 0, 0, 1, 0, 1, 1, 0, 1, 0, 0, 0, 1, 1, 1, 0, 0, 1)",6.0,9.0,9.0,12.0,6.168666666666667,9.265333333333333,9.788333333333334,12.328666666666667,0.0,7.397604183939848,8.203585940572996,12.432132022559426,3.0,4.0,1.0,2.0,0.3558091651419133,8.846378763741863e-05,0.05087917524908343,0.013418252536116853,3.0,3.0,6.0,3.096666666666666,3.6196666666666673,6.16,7.397604183939848,8.203585940572996,12.432132022559426,-7.13193534685988,-7.6011836408755515,-10.400625419972139
46,1,0.2857142857142857,1.6582280766035322,-7.345802981302393,"(0, 1, 1, 1, 1, 0, 1, 0, 0, 1, 0, 1, 1, 0, 1, 1, 0, 0, 0, 0, 0, 0, 0, 0, 0)",6.0,10.0,9.0,12.0,6.104666666666667,10.908666666666667,9.312,12.860666666666667,0.0,8.116888249301242,7.345802981302393,12.243674401653434,2.0,7.0,4.0,9.0,0.17975594170566409,0.0608937996986751,0.032672317785804615,0.006667555324824097,4.0,3.0,6.0,4.804,3.2073333333333327,6.756,8.116888249301242,7.345802981302393,12.243674401653434,-5.493524309641241,-6.862526564433832,-9.099815768080214
46,2,0.5714285714285714,1.6582280766035322,-6.596855058126207,"(0, 1, 1, 0, 0, 1, 0, 0, 0, 0, 0, 0, 1, 0, 0, 0, 0, 1, 1, 0, 1, 1, 0, 1, 1)",7.0,10.0,10.0,12.0,7.28,10.532,10.282333333333334,13.564333333333334,0.0,6.596855058126207,7.258266963614135,11.474330273135022,6.0,7.0,4.0,4.0,0.30744729552477357,0.01354368887340717,0.008425584153879315,0.039920297516345224,3.0,3.0,5.0,3.252,3.0023333333333335,6.2843333333333335,6.596855058126207,7.258266963614135,11.474330273135022,-5.546532569554216,-7.057308637892822,-8.606198643065573
46,3,0.8571428571428571,1.6582280766035322,-5.725327230576203,"(1, 0, 1, 0, 0, 1, 1, 0, 0, 1, 1, 0, 1, 0, 0, 1, 1, 0, 0, 0, 0, 1, 1, 1, 0)",8.0,11.0,12.0,13.0,8.091666666666667,11.883666666666667,12.369666666666667,13.732,0.0,6.584925028352863,5.725327230576203,10.522663967594053,5.0,7.0,20.0,4.0,0.1208364030712408,0.04915549494584035,0.05383446944303452,0.055214300329040164,3.0,4.0,5.0,3.792,4.2780000000000005,5.6403333333333325,6.584925028352863,5.725327230576203,10.522663967594053,-4.631306697863435,-2.3999986497742927,-8.096017736992657
46,4,1.1428571428571428,1.6582280766035322,-4.666622302690474,"(0, 0, 0, 1, 0, 0, 1, 0, 0, 1, 1, 0, 1, 1, 1, 1, 1, 0, 0, 0, 1, 1, 0, 0, 1)",8.0,10.0,11.0,12.0,8.212666666666667,10.112333333333334,12.319666666666667,13.080666666666668,0.0,4.666622302690474,6.745109860552764,10.06747114818818,14.0,6.0,14.0,10.0,0.21292204481136742,0.008221948767564562,0.13236532032281154,0.001986698792061129,2.0,3.0,4.0,1.8996666666666666,4.106999999999999,4.868,4.666622302690474,6.745109860552764,10.06747114818818,-4.588243522371061,-4.374587839933224,-8.621909041415643
46,5,1.4285714285714284,1.6582280766035322,-7.327636171485383,"(0, 1, 0, 0, 0, 1, 0, 1, 0, 0, 0, 0, 1, 0, 1, 1, 0, 0, 1, 0, 0, 0, 1, 0, 0)",7.0,10.0,10.0,12.0,7.056,11.436333333333334,10.257666666666667,14.014,0.0,7.3949233818826725,7.327636171485383,10.462894057810697,8.0,1.0,12.0,20.0,0.10341560766249637,0.12035110342075586,0.08008779348183094,0.01239977222103987,3.0,3.0,5.0,4.380333333333334,3.201666666666667,6.957999999999999,7.3949233818826725,7.327636171485383,10.462894057810697,-4.998877857954119,-6.841798476100368,-5.811913732182583
46,6,1.7142857142857142,1.6582280766035322,-4.172368999702385,"(1, 1, 0, 1, 0, 1, 0, 1, 0, 1, 1, 1, 1, 1, 1, 0, 1, 1, 0, 0, 1, 0, 1, 0, 1)",9.0,13.0,10.0,14.0,9.110666666666667,13.268333333333333,10.383,16.755333333333333,0.0,5.121888821121975,4.172368999702385,8.486958694108132,8.0,50.0,1.0,2.0,0.1282409807325128,0.06492426274688437,0.06416889044611093,0.0009288373485128685,4.0,1.0,5.0,4.157666666666666,1.2723333333333322,7.644666666666666,5.121888821121975,4.172368999702385,8.486958694108132,-1.5989002486009416,-4.808920565124798,-1.3967122886027525
46,7,2.0,1.6582280766035322,-4.845075280867625,"(0, 0, 1, 0, 0, 1, 1, 1, 0, 1, 1, 0, 0, 1, 1, 0, 0, 0, 0, 1, 1, 0, 1, 0, 1)",7.0,9.0,10.0,13.0,7.061333333333334,10.058666666666667,10.402666666666667,14.562,0.0,4.845075280867625,6.843940253918335,11.317756693190834,7.0,3.0,6.0,15.0,0.26783941960415947,0.07452580829136407,0.031225119988930152,0.029579458052674926,2.0,3.0,6.0,2.9973333333333336,3.341333333333333,7.500666666666666,4.845075280867625,6.843940253918335,11.317756693190834,-3.0639775757194525,-5.808121137019889,-6.329605852905697
47,0,0.0,1.6582280766035322,-7.397604183939848,"(1, 0, 0, 0, 0, 0, 1, 0, 0, 0, 1, 0, 1, 1, 0, 1, 0, 0, 0, 1, 1, 1, 0, 0, 1)",6.0,9.0,9.0,12.0,6.168666666666667,9.265333333333333,9.788333333333334,12.328666666666667,0.0,7.397604183939848,8.203585940572996,12.432132022559426,3.0,4.0,1.0,2.0,0.3558091651419133,8.846378763741863e-05,0.05087917524908343,0.013418252536116853,3.0,3.0,6.0,3.096666666666666,3.6196666666666673,6.16,7.397604183939848,8.203585940572996,12.432132022559426,-7.13193534685988,-7.6011836408755515,-10.400625419972139
47,1,0.2857142857142857,1.6582280766035322,-7.345802981302393,"(0, 1, 1, 1, 1, 0, 1, 0, 0, 1, 0, 1, 1, 0, 1, 1, 0, 0, 0, 0, 0, 0, 0, 0, 0)",6.0,10.0,9.0,12.0,6.104666666666667,10.908666666666667,9.312,12.860666666666667,0.0,8.116888249301242,7.345802981302393,12.243674401653434,2.0,7.0,4.0,9.0,0.17975594170566409,0.0608937996986751,0.032672317785804615,0.006667555324824097,4.0,3.0,6.0,4.804,3.2073333333333327,6.756,8.116888249301242,7.345802981302393,12.243674401653434,-5.493524309641241,-6.862526564433832,-9.099815768080214
47,2,0.5714285714285714,1.6582280766035322,-6.596855058126207,"(0, 1, 1, 0, 0, 1, 0, 0, 0, 0, 0, 0, 1, 0, 0, 0, 0, 1, 1, 0, 1, 1, 0, 1, 1)",7.0,10.0,10.0,12.0,7.28,10.532,10.282333333333334,13.564333333333334,0.0,6.596855058126207,7.258266963614135,11.474330273135022,6.0,7.0,4.0,4.0,0.30744729552477357,0.01354368887340717,0.008425584153879315,0.039920297516345224,3.0,3.0,5.0,3.252,3.0023333333333335,6.2843333333333335,6.596855058126207,7.258266963614135,11.474330273135022,-5.546532569554216,-7.057308637892822,-8.606198643065573
47,3,0.8571428571428571,1.6582280766035322,-5.725327230576203,"(1, 0, 1, 0, 0, 1, 1, 0, 0, 1, 1, 0, 1, 0, 0, 1, 1, 0, 0, 0, 0, 1, 1, 1, 0)",8.0,11.0,12.0,13.0,8.091666666666667,11.883666666666667,12.369666666666667,13.732,0.0,6.584925028352863,5.725327230576203,10.522663967594053,5.0,7.0,20.0,4.0,0.1208364030712408,0.04915549494584035,0.05383446944303452,0.055214300329040164,3.0,4.0,5.0,3.792,4.2780000000000005,5.6403333333333325,6.584925028352863,5.725327230576203,10.522663967594053,-4.631306697863435,-2.3999986497742927,-8.096017736992657
47,4,1.1428571428571428,1.6582280766035322,-4.666622302690474,"(0, 0, 0, 1, 0, 0, 1, 0, 0, 1, 1, 0, 1, 1, 1, 1, 1, 0, 0, 0, 1, 1, 0, 0, 1)",8.0,10.0,11.0,12.0,8.212666666666667,10.112333333333334,12.319666666666667,13.080666666666668,0.0,4.666622302690474,6.745109860552764,10.06747114818818,14.0,6.0,14.0,10.0,0.21292204481136742,0.008221948767564562,0.13236532032281154,0.001986698792061129,2.0,3.0,4.0,1.8996666666666666,4.106999999999999,4.868,4.666622302690474,6.745109860552764,10.06747114818818,-4.588243522371061,-4.374587839933224,-8.621909041415643
47,5,1.4285714285714284,1.6582280766035322,-7.327636171485383,"(0, 1, 0, 0, 0, 1, 0, 1, 0, 0, 0, 0, 1, 0, 1, 1, 0, 0, 1, 0, 0, 0, 1, 0, 0)",7.0,10.0,10.0,12.0,7.056,11.436333333333334,10.257666666666667,14.014,0.0,7.3949233818826725,7.327636171485383,10.462894057810697,8.0,1.0,12.0,20.0,0.10341560766249637,0.12035110342075586,0.08008779348183094,0.01239977222103987,3.0,3.0,5.0,4.380333333333334,3.201666666666667,6.957999999999999,7.3949233818826725,7.327636171485383,10.462894057810697,-4.998877857954119,-6.841798476100368,-5.811913732182583
47,6,1.7142857142857142,1.6582280766035322,-4.172368999702385,"(1, 1, 0, 1, 0, 1, 0, 1, 0, 1, 1, 1, 1, 1, 1, 0, 1, 1, 0, 0, 1, 0, 1, 0, 1)",9.0,13.0,10.0,14.0,9.110666666666667,13.268333333333333,10.383,16.755333333333333,0.0,5.121888821121975,4.172368999702385,8.486958694108132,8.0,50.0,1.0,2.0,0.1282409807325128,0.06492426274688437,0.06416889044611093,0.0009288373485128685,4.0,1.0,5.0,4.157666666666666,1.2723333333333322,7.644666666666666,5.121888821121975,4.172368999702385,8.486958694108132,-1.5989002486009416,-4.808920565124798,-1.3967122886027525
47,7,2.0,1.6582280766035322,-4.845075280867625,"(0, 0, 1, 0, 0, 1, 1, 1, 0, 1, 1, 0, 0, 1, 1, 0, 0, 0, 0, 1, 1, 0, 1, 0, 1)",7.0,9.0,10.0,13.0,7.061333333333334,10.058666666666667,10.402666666666667,14.562,0.0,4.845075280867625,6.843940253918335,11.317756693190834,7.0,3.0,6.0,15.0,0.26783941960415947,0.07452580829136407,0.031225119988930152,0.029579458052674926,2.0,3.0,6.0,2.9973333333333336,3.341333333333333,7.500666666666666,4.845075280867625,6.843940253918335,11.317756693190834,-3.0639775757194525,-5.808121137019889,-6.329605852905697
48,0,0.0,1.6582280766035322,-7.291026180505257,"(1, 0, 1, 0, 0, 0, 1, 1, 0, 0, 1, 0, 1, 1, 0, 1, 0, 0, 0, 1, 1, 1, 0, 0, 1)",7.0,11.0,10.0,14.0,7.020666666666667,12.084,10.113666666666667,14.826666666666666,0.0,7.291026180505257,7.507222272181547,10.523815514869472,6.0,17.0,6.0,50.0,0.337522750500062,0.06330456905727586,0.011578987601197861,0.06787588665852404,4.0,3.0,7.0,5.063333333333333,3.093,7.805999999999999,7.291026180505257,7.507222272181547,10.523815514869472,-3.6940228252293474,-7.31978730810008,-4.506757993785245
48,1,0.2857142857142857,1.6582280766035322,-7.345802981302393,"(0, 1, 1, 1, 1, 0, 1, 0, 0, 1, 0, 1, 1, 0, 1, 1, 0, 0, 0, 0, 0, 0, 0, 0, 0)",6.0,10.0,9.0,12.0,6.104666666666667,10.908666666666667,9.312,12.860666666666667,0.0,8.116888249301242,7.345802981302393,12.243674401653434,2.0,7.0,4.0,9.0,0.17975594170566409,0.0608937996986751,0.032672317785804615,0.006667555324824097,4.0,3.0,6.0,4.804,3.2073333333333327,6.756,8.116888249301242,7.345802981302393,12.243674401653434,-5.493524309641241,-6.862526564433832,-9.099815768080214
48,2,0.5714285714285714,1.6582280766035322,-6.596855058126207,"(0, 1, 1, 0, 0, 1, 0, 0, 0, 0, 0, 0, 1, 0, 0, 0, 0, 1, 1, 0, 1, 1, 0, 1, 1)",7.0,10.0,10.0,12.0,7.28,10.532,10.282333333333334,13.564333333333334,0.0,6.596855058126207,7.258266963614135,11.474330273135022,6.0,7.0,4.0,4.0,0.30744729552477357,0.01354368887340717,0.008425584153879315,0.039920297516345224,3.0,3.0,5.0,3.252,3.0023333333333335,6.2843333333333335,6.596855058126207,7.258266963614135,11.474330273135022,-5.546532569554216,-7.057308637892822,-8.606198643065573
48,3,0.8571428571428571,1.6582280766035322,-5.68599958802609,"(1, 0, 1, 0, 0, 1, 1, 0, 0, 1, 1, 0, 1, 0, 0, 1, 1, 0, 0, 0, 0, 0, 0, 1, 0)",8.0,10.0,11.0,13.0,8.118,10.108333333333333,12.055666666666667,13.934333333333333,0.0,5.68599958802609,7.817808390929387,10.79137061502945,30.0,6.0,4.0,47.0,0.3390178840204447,0.02106559648680632,0.05033800607388025,0.03492867301497943,2.0,3.0,5.0,1.9903333333333322,3.937666666666667,5.816333333333333,5.68599958802609,7.817808390929387,10.79137061502945,-6.1282575452877515,-6.434159948373283,-8.249746502657818
48,4,1.1428571428571428,1.6582280766035322,-4.666622302690474,"(0, 0, 0, 1, 0, 0, 1, 0, 0, 1, 1, 0, 1, 1, 1, 1, 1, 0, 0, 0, 1, 1, 0, 0, 1)",8.0,10.0,11.0,12.0,8.212666666666667,10.112333333333334,12.319666666666667,13.080666666666668,0.0,4.666622302690474,6.745109860552764,10.06747114818818,14.0,6.0,14.0,10.0,0.21292204481136742,0.008221948767564562,0.13236532032281154,0.001986698792061129,2.0,3.0,4.0,1.8996666666666666,4.106999999999999,4.868,4.666622302690474,6.745109860552764,10.06747114818818,-4.588243522371061,-4.374587839933224,-8.621909041415643
48,5,1.4285714285714284,1.6582280766035322,-7.327636171485383,"(0, 1, 0, 0, 0, 1, 0, 1, 0, 0, 0, 0, 1, 0, 1, 1, 0, 0, 1, 0, 0, 0, 1, 0, 0)",7.0,10.0,10.0,12.0,7.056,11.436333333333334,10.257666666666667,14.014,0.0,7.3949233818826725,7.327636171485383,10.462894057810697,8.0,1.0,12.0,20.0,0.10341560766249637,0.12035110342075586,0.08008779348183094,0.01239977222103987,3.0,3.0,5.0,4.380333333333334,3.201666666666667,6.957999999999999,7.3949233818826725,7.327636171485383,10.462894057810697,-4.998877857954119,-6.841798476100368,-5.811913732182583
48,6,1.7142857142857142,1.6582280766035322,-4.172368999702385,"(1, 1, 0, 1, 0, 1, 0, 1, 0, 1, 1, 1, 1, 1, 1, 0, 1, 1, 0, 0, 1, 0, 1, 0, 1)",9.0,13.0,10.0,14.0,9.110666666666667,13.268333333333333,10.383,16.755333333333333,0.0,5.121888821121975,4.172368999702385,8.486958694108132,8.0,50.0,1.0,2.0,0.1282409807325128,0.06492426274688437,0.06416889044611093,0.0009288373485128685,4.0,1.0,5.0,4.157666666666666,1.2723333333333322,7.644666666666666,5.121888821121975,4.172368999702385,8.486958694108132,-1.5989002486009416,-4.808920565124798,-1.3967122886027525
48,7,2.0,1.6582280766035322,-4.845075280867625,"(0, 0, 1, 0, 0, 1, 1, 1, 0, 1, 1, 0, 0, 1, 1, 0, 0, 0, 0, 1, 1, 0, 1, 0, 1)",7.0,9.0,10.0,13.0,7.061333333333334,10.058666666666667,10.402666666666667,14.562,0.0,4.845075280867625,6.843940253918335,11.317756693190834,7.0,3.0,6.0,15.0,0.26783941960415947,0.07452580829136407,0.031225119988930152,0.029579458052674926,2.0,3.0,6.0,2.9973333333333336,3.341333333333333,7.500666666666666,4.845075280867625,6.843940253918335,11.317756693190834,-3.0639775757194525,-5.808121137019889,-6.329605852905697
49,0,0.0,1.6582280766035322,-7.291026180505257,"(1, 0, 1, 0, 0, 0, 1, 1, 0, 0, 1, 0, 1, 1, 0, 1, 0, 0, 0, 1, 1, 1, 0, 0, 1)",7.0,11.0,10.0,14.0,7.020666666666667,12.084,10.113666666666667,14.826666666666666,0.0,7.291026180505257,7.507222272181547,10.523815514869472,6.0,17.0,6.0,50.0,0.337522750500062,0.06330456905727586,0.011578987601197861,0.06787588665852404,4.0,3.0,7.0,5.063333333333333,3.093,7.805999999999999,7.291026180505257,7.507222272181547,10.523815514869472,-3.6940228252293474,-7.31978730810008,-4.506757993785245
49,1,0.2857142857142857,1.6582280766035322,-7.345802981302393,"(0, 1, 1, 1, 1, 0, 1, 0, 0, 1, 0, 1, 1, 0, 1, 1, 0, 0, 0, 0, 0, 0, 0, 0, 0)",6.0,10.0,9.0,12.0,6.104666666666667,10.908666666666667,9.312,12.860666666666667,0.0,8.116888249301242,7.345802981302393,12.243674401653434,2.0,7.0,4.0,9.0,0.17975594170566409,0.0608937996986751,0.032672317785804615,0.006667555324824097,4.0,3.0,6.0,4.804,3.2073333333333327,6.756,8.116888249301242,7.345802981302393,12.243674401653434,-5.493524309641241,-6.862526564433832,-9.099815768080214
49,2,0.5714285714285714,1.6582280766035322,-6.596855058126207,"(0, 1, 1, 0, 0, 1, 0, 0, 0, 0, 0, 0, 1, 0, 0, 0, 0, 1, 1, 0, 1, 1, 0, 1, 1)",7.0,10.0,10.0,12.0,7.28,10.532,10.282333333333334,13.564333333333334,0.0,6.596855058126207,7.258266963614135,11.474330273135022,6.0,7.0,4.0,4.0,0.30744729552477357,0.01354368887340717,0.008425584153879315,0.039920297516345224,3.0,3.0,5.0,3.252,3.0023333333333335,6.2843333333333335,6.596855058126207,7.258266963614135,11.474330273135022,-5.546532569554216,-7.057308637892822,-8.606198643065573
49,3,0.8571428571428571,1.6582280766035322,-5.68599958802609,"(1, 0, 1, 0, 0, 1, 1, 0, 0, 1, 1, 0, 1, 0, 0, 1, 1, 0, 0, 0, 0, 0, 0, 1, 0)",8.0,10.0,11.0,13.0,8.118,10.108333333333333,12.055666666666667,13.934333333333333,0.0,5.68599958802609,7.817808390929387,10.79137061502945,30.0,6.0,4.0,47.0,0.3390178840204447,0.02106559648680632,0.05033800607388025,0.03492867301497943,2.0,3.0,5.0,1.9903333333333322,3.937666666666667,5.816333333333333,5.68599958802609,7.817808390929387,10.79137061502945,-6.1282575452877515,-6.434159948373283,-8.249746502657818
49,4,1.1428571428571428,1.6582280766035322,-4.666622302690474,"(0, 0, 0, 1, 0, 0, 1, 0, 0, 1, 1, 0, 1, 1, 1, 1, 1, 0, 0, 0, 1, 1, 0, 0, 1)",8.0,10.0,11.0,12.0,8.212666666666667,10.112333333333334,12.319666666666667,13.080666666666668,0.0,4.666622302690474,6.745109860552764,10.06747114818818,14.0,6.0,14.0,10.0,0.21292204481136742,0.008221948767564562,0.13236532032281154,0.001986698792061129,2.0,3.0,4.0,1.8996666666666666,4.106999999999999,4.868,4.666622302690474,6.745109860552764,10.06747114818818,-4.588243522371061,-4.374587839933224,-8.621909041415643
49,5,1.4285714285714284,1.6582280766035322,-7.9943544068184424,"(0, 0, 0, 0, 0, 1, 1, 1, 0, 0, 0, 0, 1, 0, 1, 1, 0, 0, 1, 0, 0, 0, 1, 0, 0)",6.0,10.0,10.0,12.0,7.1866666666666665,10.681333333333333,10.438666666666666,13.367666666666667,0.0,8.222112033139938,7.9943544068184424,11.517637663068983,4.0,8.0,24.0,20.0,0.24916172319177365,0.005424551112242937,0.07091062302992442,0.01323832679030984,4.0,4.0,6.0,3.4946666666666664,3.252,6.181,8.222112033139938,7.9943544068184424,11.517637663068983,-7.839182637295254,-7.863905226590831,-8.84936240756085
49,6,1.7142857142857142,1.6582280766035322,-4.172368999702385,"(1, 1, 0, 1, 0, 1, 0, 1, 0, 1, 1, 1, 1, 1, 1, 0, 1, 1, 0, 0, 1, 0, 1, 0, 1)",9.0,13.0,10.0,14.0,9.110666666666667,13.268333333333333,10.383,16.755333333333333,0.0,5.121888821121975,4.172368999702385,8.486958694108132,8.0,50.0,1.0,2.0,0.1282409807325128,0.06492426274688437,0.06416889044611093,0.0009288373485128685,4.0,1.0,5.0,4.157666666666666,1.2723333333333322,7.644666666666666,5.121888821121975,4.172368999702385,8.486958694108132,-1.5989002486009416,-4.808920565124798,-1.3967122886027525
49,7,2.0,1.6582280766035322,-4.845075280867625,"(0, 0, 1, 0, 0, 1, 1, 1, 0, 1, 1, 0, 0, 1, 1, 0, 0, 0, 0, 1, 1, 0, 1, 0, 1)",7.0,9.0,10.0,13.0,7.061333333333334,10.058666666666667,10.402666666666667,14.562,0.0,4.845075280867625,6.843940253918335,11.317756693190834,7.0,3.0,6.0,15.0,0.26783941960415947,0.07452580829136407,0.031225119988930152,0.029579458052674926,2.0,3.0,6.0,2.9973333333333336,3.341333333333333,7.500666666666666,4.845075280867625,6.843940253918335,11.317756693190834,-3.0639775757194525,-5.808121137019889,-6.329605852905697
