step,replica,lambda,beta,phi,syndrome,E0_II,E0_IX,E0_XI,E0_XX,U_II,U_IX,U_XI,U_XX,F_II,F_IX,F_XI,F_XX,g_II,g_IX,g_XI,g_XX,Z_II,Z_IX,Z_XI,Z_XX,delta_E0_IX,delta_E0_XI,delta_E0_XX,delta_U_IX,delta_U_XI,delta_U_XX,delta_F_IX,delta_F_XI,delta_F_XX,delta_S_IX,delta_S_XI,delta_S_XX
0,0,0.0,1.6582280766035322,-2.4341932929277035,"(0, 0, 1, 1, 1, 1, 1, 0, 0, 1, 1, 1, 1, 0, 1, 1, 1, 0, 1, 0, 0, 0, 1, 1, 1)",9.0,12.0,12.0,14.0,9.085666666666667,12.397333333333334,14.102333333333334,15.748,0.0,6.791328361998986,6.763460917933844,9.395547919170225,7.0,7.0,2.0,11.0,0.17290496972456432,0.0001377506419851926,0.1096912784348339,0.0006453030298881823,3.0,3.0,5.0,3.3116666666666674,5.0166666666666675,6.662333333333333,6.791328361998986,6.763460917933844,9.395547919170225,-5.770072720281897,-2.896583271500877,-4.5322931656170296
0,1,0.2857142857142857,1.6582280766035322,-2.6929945391931494,"(0, 0, 0, 0, 0, 0, 0, 0, 1, 1, 0, 1, 1, 0, 0, 0, 0, 1, 0, 0, 0, 1, 0, 0, 0)",4.0,7.0,9.0,10.0,4.011333333333333,7.300666666666666,9.325666666666667,10.553666666666667,0.0,7.772207118822791,8.527437883933665,13.757194441438697,3.0,2.0,6.0,6.0,0.1720700357067367,0.08526856864823311,0.0028735692575369946,0.0030344488624437053,3.0,5.0,6.0,3.2893333333333334,5.314333333333334,6.542333333333334,7.772207118822791,8.527437883933665,13.757194441438697,-7.433627174968578,-5.328060178868044,-11.963885258255187
0,2,0.5714285714285714,1.6582280766035322,-2.8862356506087155,"(0, 1, 0, 0, 1, 0, 1, 1, 0, 1, 1, 0, 1, 1, 0, 1, 0, 0, 0, 1, 0, 0, 0, 0, 0)",6.0,9.0,9.0,11.0,6.168,9.38,9.880666666666666,14.452333333333334,0.0,7.654307102576278,7.64711223519946,12.091845196483973,3.0,3.0,4.0,1.0,0.14907877294745353,0.15262386697168878,0.0015638017015068598,0.036309628061999936,3.0,3.0,5.0,3.2120000000000006,3.7126666666666663,8.284333333333333,7.654307102576278,7.64711223519946,12.091845196483973,-7.366358362387271,-6.524208107609425,-6.313723073477418
0,3,0.8571428571428571,1.6582280766035322,-2.019734872768634,"(0, 0, 1, 1, 1, 1, 1, 1, 1, 0, 0, 0, 0, 0, 0, 1, 1, 0, 1, 1, 1, 0, 0, 1, 1)",8.0,11.0,11.0,13.0,8.406333333333333,11.553,11.488333333333333,13.568333333333333,0.0,6.693916674876734,6.306830967528249,10.051192875902855,16.0,23.0,37.0,23.0,0.29354648197340555,0.001134244966702281,0.01496432845773718,0.0006919453507013571,3.0,3.0,5.0,3.1466666666666683,3.0820000000000007,5.162000000000001,6.693916674876734,6.306830967528249,10.051192875902855,-5.882149558346041,-5.347505252655876,-8.107396898752082
0,4,1.1428571428571428,1.6582280766035322,-1.3208964052058818,"(1, 1, 1, 1, 0, 0, 1, 0, 1, 1, 1, 0, 0, 1, 1, 1, 0, 1, 1, 0, 1, 0, 0, 0, 0)",7.0,12.0,10.0,13.0,7.0,12.155333333333333,11.182666666666666,13.888333333333334,0.0,7.854049886781377,6.756118652505772,11.318981939491882,2.0,20.0,1.0,15.0,0.291363079142938,0.04004514300217319,0.00442179929700432,0.01433660101191465,5.0,3.0,6.0,5.155333333333333,4.182666666666666,6.888333333333334,7.854049886781377,6.756118652505772,11.318981939491882,-4.4750875597222635,-4.267370336709521,-7.3470259162964116
0,5,1.4285714285714284,1.6582280766035322,-1.6740488169038457,"(0, 1, 1, 1, 0, 1, 0, 0, 1, 1, 1, 1, 1, 0, 0, 0, 0, 1, 1, 1, 0, 0, 0, 1, 1)",7.0,10.0,11.0,13.0,7.344666666666667,10.165,11.862333333333334,14.465333333333334,0.0,7.1039872658425836,7.671801408784446,11.326858522855748,1.0,1.0,5.0,7.0,0.18654102667408715,0.06279400054430356,0.12006196941258514,0.003356236524840474,3.0,4.0,6.0,2.8203333333333322,4.517666666666667,7.120666666666667,7.1039872658425836,7.671801408784446,11.326858522855748,-7.103275221339973,-5.230274786770343,-6.974825431513861
0,6,1.7142857142857142,1.6582280766035322,-1.9115527156180934,"(1, 0, 0, 1, 0, 1, 1, 0, 1, 0, 0, 0, 1, 0, 1, 1, 0, 0, 1, 0, 1, 0, 0, 0, 0)",7.0,11.0,10.0,13.0,7.543666666666667,11.614333333333333,10.240666666666666,14.973666666666666,0.0,8.590616373652258,5.818602559885151,11.728122080259192,4.0,4.0,8.0,1.0,0.23648713854807696,0.06076577886239306,0.0022269359747081915,0.01910841805265416,4.0,3.0,6.0,4.070666666666666,2.696999999999999,7.43,8.590616373652258,5.818602559885151,11.728122080259192,-7.495107508959418,-5.1763290087990175,-7.127266710155373
0,7,2.0,1.6582280766035322,-1.822522651254649,"(1, 0, 0, 1, 1, 0, 0, 0, 1, 1, 0, 1, 1, 1, 0, 1, 0, 1, 0, 1, 0, 0, 1, 1, 1)",8.0,12.0,12.0,13.0,8.065,12.218,13.841,13.709333333333333,0.0,6.0039279722020025,7.28150058144299,10.340719498077831,8.0,21.0,3.0,14.0,0.24484397618614487,0.07507601828254938,0.0015371284392989126,0.028049976556774336,4.0,4.0,5.0,4.1530000000000005,5.776,5.644333333333334,6.0039279722020025,7.28150058144299,10.340719498077831,-3.069260731276202,-2.4964633334917092,-7.787679396951708
1,0,0.0,1.6582280766035322,-2.4341932929277035,"(0, 0, 1, 1, 1, 1, 1, 0, 0, 1, 1, 1, 1, 0, 1, 1, 1, 0, 1, 0, 0, 0, 1, 1, 1)",9.0,12.0,12.0,14.0,9.085666666666667,12.397333333333334,14.102333333333334,15.748,0.0,6.791328361998986,6.763460917933844,9.395547919170225,7.0,7.0,2.0,11.0,0.17290496972456432,0.0001377506419851926,0.1096912784348339,0.0006453030298881823,3.0,3.0,5.0,3.3116666666666674,5.0166666666666675,6.662333333333333,6.791328361998986,6.763460917933844,9.395547919170225,-5.770072720281897,-2.896583271500877,-4.5322931656170296
1,1,0.2857142857142857,1.6582280766035322,-2.6929945391931494,"(0, 0, 0, 0, 0, 0, 0, 0, 1, 1, 0, 1, 1, 0, 0, 0, 0, 1, 0, 0, 0, 1, 0, 0, 0)",4.0,7.0,9.0,10.0,4.011333333333333,7.300666666666666,9.325666666666667,10.553666666666667,0.0,7.772207118822791,8.527437883933665,13.757194441438697,3.0,2.0,6.0,6.0,0.1720700357067367,0.08526856864823311,0.0028735692575369946,0.0030344488624437053,3.0,5.0,6.0,3.2893333333333334,5.314333333333334,6.542333333333334,7.772207118822791,8.527437883933665,13.757194441438697,-7.433627174968578,-5.328060178868044,-11.963885258255187
1,2,0.5714285714285714,1.6582280766035322,-2.273855309913586,"(0, 1, 0, 0, 1, 0, 1, 0, 0, 1, 1, 0, 0, 1, 0, 1, 0, 0, 0, 1, 0, 0, 0, 0, 0)",5.0,8.0,8.0,11.0,5.22,8.815333333333333,8.573666666666666,11.735,0.0,7.906984211937844,6.95558506536477,13.307519836576637,3.0,3.0,3.0,7.0,0.2654271760795669,0.23374103555646342,0.0002311195193103418,0.004938142058381856,3.0,3.0,6.0,3.5953333333333335,3.3536666666666664,6.515,7.906984211937844,6.95558506536477,13.307519836576637,-7.149700543414287,-5.972802218356031,-11.263547103897816
1,3,0.8571428571428571,1.6582280766035322,-2.019734872768634,"(0, 0, 1, 1, 1, 1, 1, 1, 1, 0, 0, 0, 0, 0, 0, 1, 1, 0, 1, 1, 1, 0, 0, 1, 1)",8.0,11.0,11.0,13.0,8.406333333333333,11.553,11.488333333333333,13.568333333333333,0.0,6.693916674876734,6.306830967528249,10.051192875902855,16.0,23.0,37.0,23.0,0.29354648197340555,0.001134244966702281,0.01496432845773718,0.0006919453507013571,3.0,3.0,5.0,3.1466666666666683,3.0820000000000007,5.162000000000001,6.693916674876734,6.306830967528249,10.051192875902855,-5.882149558346041,-5.347505252655876,-8.107396898752082
1,4,1.1428571428571428,1.6582280766035322,-1.3208964052058818,"(1, 1, 1, 1, 0, 0, 1, 0, 1, 1, 1, 0, 0, 1, 1, 1, 0, 1, 1, 0, 1, 0, 0, 0, 0)",7.0,12.0,10.0,13.0,7.0,12.155333333333333,11.182666666666666,13.888333333333334,0.0,7.854049886781377,6.756118652505772,11.318981939491882,2.0,20.0,1.0,15.0,0.291363079142938,0.04004514300217319,0.00442179929700432,0.01433660101191465,5.0,3.0,6.0,5.155333333333333,4.182666666666666,6.888333333333334,7.854049886781377,6.756118652505772,11.318981939491882,-4.4750875597222635,-4.267370336709521,-7.3470259162964116
1,5,1.4285714285714284,1.6582280766035322,-1.6740488169038457,"(0, 1, 1, 1, 0, 1, 0, 0, 1, 1, 1, 1, 1, 0, 0, 0, 0, 1, 1, 1, 0, 0, 0, 1, 1)",7.0,10.0,11.0,13.0,7.344666666666667,10.165,11.862333333333334,14.465333333333334,0.0,7.1039872658425836,7.671801408784446,11.326858522855748,1.0,1.0,5.0,7.0,0.18654102667408715,0.06279400054430356,0.12006196941258514,0.003356236524840474,3.0,4.0,6.0,2.8203333333333322,4.517666666666667,7.120666666666667,7.1039872658425836,7.671801408784446,11.326858522855748,-7.103275221339973,-5.230274786770343,-6.974825431513861
1,6,1.7142857142857142,1.6582280766035322,-1.9115527156180934,"(1, 0, 0, 1, 0, 1, 1, 0, 1, 0, 0, 0, 1, 0, 1, 1, 0, 0, 1, 0, 1, 0, 0, 0, 0)",7.0,11.0,10.0,13.0,7.543666666666667,11.614333333333333,10.240666666666666,14.973666666666666,0.0,8.590616373652258,5.818602559885151,11.728122080259192,4.0,4.0,8.0,1.0,0.23648713854807696,0.06076577886239306,0.0022269359747081915,0.01910841805265416,4.0,3.0,6.0,4.070666666666666,2.696999999999999,7.43,8.590616373652258,5.818602559885151,11.728122080259192,-7.495107508959418,-5.1763290087990175,-7.127266710155373
1,7,2.0,1.6582280766035322,-0.9439412287053339,"(1, 0, 0, 1, 1, 0, 0, 0, 1, 1, 0, 1, 0, 0, 0, 1, 0, 1, 0, 1, 0, 0, 1, 1, 1)",7.0,11.0,12.0,13.0,7.525666666666667,11.953,12.381333333333334,13.779,0.0,6.8904904009798775,7.872686527886762,12.096727756931752,2.0,26.0,38.0,41.0,0.11705073595974973,0.00010500115444373174,0.0011376159173722873,0.061598299755882636,4.0,5.0,6.0,4.4273333333333325,4.855666666666667,6.253333333333333,6.8904904009798775,7.872686527886762,12.096727756931752,-4.084476206655927,-5.002907041545654,-9.689680695879414
2,0,0.0,1.6582280766035322,-2.1339800599111283,"(0, 0, 0, 0, 1, 1, 1, 0, 0, 1, 1, 1, 1, 0, 1, 1, 1, 0, 1, 0, 0, 0, 1, 1, 1)",8.0,11.0,12.0,13.0,8.296333333333333,11.684333333333333,14.093333333333334,15.133,0.0,6.3746709206177385,7.187626447550824,10.526468679792037,3.0,3.0,6.0,1.0,0.25795303191888536,0.029602029990670388,0.002337551675943446,0.014957970851153161,3.0,4.0,5.0,3.388,5.797000000000001,6.836666666666666,6.3746709206177385,7.187626447550824,10.526468679792037,-4.952581576143654,-2.3059758193962043,-6.118533295272726
2,1,0.2857142857142857,1.6582280766035322,-2.421186659354084,"(0, 1, 0, 0, 0, 0, 1, 0, 1, 1, 0, 1, 1, 0, 0, 0, 0, 1, 0, 0, 0, 1, 0, 0, 0)",4.0,9.0,8.0,11.0,4.109333333333334,9.523666666666667,8.322333333333333,12.573333333333334,0.0,9.91776079000549,9.649809557582765,15.409333136049813,1.0,11.0,2.0,4.0,0.14943784477103803,0.07820266899968603,0.11023301249135461,0.00574622295208435,5.0,4.0,7.0,5.414333333333333,4.212999999999999,8.464,9.91776079000549,9.649809557582765,15.409333136049813,-7.467709849601007,-9.015470255530172,-11.51694640756266
2,2,0.5714285714285714,1.6582280766035322,-1.5706683542285036,"(1, 1, 0, 0, 1, 0, 1, 0, 0, 1, 1, 0, 0, 1, 0, 1, 0, 0, 0, 1, 1, 0, 0, 0, 0)",6.0,9.0,9.0,12.0,6.846666666666667,10.620333333333333,9.863333333333333,12.951,0.0,7.565601112856192,6.77235086290008,11.573086967474968,3.0,6.0,3.0,20.0,0.30328915145044993,0.03339214185648674,0.01603936727049598,0.00034660909895267966,3.0,3.0,6.0,3.7736666666666663,3.0166666666666666,6.104333333333334,7.565601112856192,6.77235086290008,11.573086967474968,-6.287892163311537,-6.227780981050415,-9.068440820161259
2,3,0.8571428571428571,1.6582280766035322,-2.019734872768634,"(0, 0, 1, 1, 1, 1, 1, 1, 1, 0, 0, 0, 0, 0, 0, 1, 1, 0, 1, 1, 1, 0, 0, 1, 1)",8.0,11.0,11.0,13.0,8.406333333333333,11.553,11.488333333333333,13.568333333333333,0.0,6.693916674876734,6.306830967528249,10.051192875902855,16.0,23.0,37.0,23.0,0.29354648197340555,0.001134244966702281,0.01496432845773718,0.0006919453507013571,3.0,3.0,5.0,3.1466666666666683,3.0820000000000007,5.162000000000001,6.693916674876734,6.306830967528249,10.051192875902855,-5.882149558346041,-5.347505252655876,-8.107396898752082
2,4,1.1428571428571428,1.6582280766035322,-1.3208964052058818,"(1, 1, 1, 1, 0, 0, 1, 0, 1, 1, 1, 0, 0, 1, 1, 1, 0, 1, 1, 0, 1, 0, 0, 0, 0)",7.0,12.0,10.0,13.0,7.0,12.155333333333333,11.182666666666666,13.888333333333334,0.0,7.854049886781377,6.756118652505772,11.318981939491882,2.0,20.0,1.0,15.0,0.291363079142938,0.04004514300217319,0.00442179929700432,0.01433660101191465,5.0,3.0,6.0,5.155333333333333,4.182666666666666,6.888333333333334,7.854049886781377,6.756118652505772,11.318981939491882,-4.4750875597222635,-4.267370336709521,-7.3470259162964116
2,5,1.4285714285714284,1.6582280766035322,-1.6740488169038457,"(0, 1, 1, 1, 0, 1, 0, 0, 1, 1, 1, 1, 1, 0, 0, 0, 0, 1, 1, 1, 0, 0, 0, 1, 1)",7.0,10.0,11.0,13.0,7.344666666666667,10.165,11.862333333333334,14.465333333333334,0.0,7.1039872658425836,7.671801408784446,11.326858522855748,1.0,1.0,5.0,7.0,0.18654102667408715,0.06279400054430356,0.12006196941258514,0.003356236524840474,3.0,4.0,6.0,2.8203333333333322,4.517666666666667,7.120666666666667,7.1039872658425836,7.671801408784446,11.326858522855748,-7.103275221339973,-5.230274786770343,-6.974825431513861
2,6,1.7142857142857142,1.6582280766035322,-1.1558783968513928,"(1, 0, 0, 1, 1, 1, 1, 0, 1, 1, 0, 0, 1, 0, 1, 1, 0, 0, 1, 0, 1, 0, 0, 0, 0)",7.0,11.0,11.0,14.0,7.598,12.288,11.342666666666666,15.165666666666667,0.0,7.179390581437028,7.000956028016283,11.560281761772305,2.0,12.0,16.0,31.0,0.20977982903773315,0.130344587730659,0.0031549678122933266,0.0032203859398373066,4.0,4.0,7.0,4.69,3.7446666666666664,7.567666666666667,7.179390581437028,7.000956028016283,11.560281761772305,-4.127977355771271,-5.399670444535319,-6.6206664497752525
2,7,2.0,1.6582280766035322,-0.9439412287053339,"(1, 0, 0, 1, 1, 0, 0, 0, 1, 1, 0, 1, 0, 0, 0, 1, 0, 1, 0, 1, 0, 0, 1, 1, 1)",7.0,11.0,12.0,13.0,7.525666666666667,11.953,12.381333333333334,13.779,0.0,6.8904904009798775,7.872686527886762,12.096727756931752,2.0,26.0,38.0,41.0,0.11705073595974973,0.00010500115444373174,0.0011376159173722873,0.061598299755882636,4.0,5.0,6.0,4.4273333333333325,4.855666666666667,6.253333333333333,6.8904904009798775,7.872686527886762,12.096727756931752,-4.084476206655927,-5.002907041545654,-9.689680695879414
3,0,0.0,1.6582280766035322,-2.1339800599111283,"(0, 0, 0, 0, 1, 1, 1, 0, 0, 1, 1, 1, 1, 0, 1, 1, 1, 0, 1, 0, 0, 0, 1, 1, 1)",8.0,11.0,12.0,13.0,8.296333333333333,11.684333333333333,14.093333333333334,15.133,0.0,6.3746709206177385,7.187626447550824,10.526468679792037,3.0,3.0,6.0,1.0,0.25795303191888536,0.029602029990670388,0.002337551675943446,0.014957970851153161,3.0,4.0,5.0,3.388,5.797000000000001,6.836666666666666,6.3746709206177385,7.187626447550824,10.526468679792037,-4.952581576143654,-2.3059758193962043,-6.118533295272726
3,1,0.2857142857142857,1.6582280766035322,-2.421186659354084,"(0, 1, 0, 0, 0, 0, 1, 0, 1, 1, 0, 1, 1, 0, 0, 0, 0, 1, 0, 0, 0, 1, 0, 0, 0)",4.0,9.0,8.0,11.0,4.109333333333334,9.523666666666667,8.322333333333333,12.573333333333334,0.0,9.91776079000549,9.649809557582765,15.409333136049813,1.0,11.0,2.0,4.0,0.14943784477103803,0.07820266899968603,0.11023301249135461,0.00574622295208435,5.0,4.0,7.0,5.414333333333333,4.212999999999999,8.464,9.91776079000549,9.649809557582765,15.409333136049813,-7.467709849601007,-9.015470255530172,-11.51694640756266
3,2,0.5714285714285714,1.6582280766035322,-1.5706683542285036,"(1, 1, 0, 0, 1, 0, 1, 0, 0, 1, 1, 0, 0, 1, 0, 1, 0, 0, 0, 1, 1, 0, 0, 0, 0)",6.0,9.0,9.0,12.0,6.846666666666667,10.620333333333333,9.863333333333333,12.951,0.0,7.565601112856192,6.77235086290008,11.573086967474968,3.0,6.0,3.0,20.0,0.30328915145044993,0.03339214185648674,0.01603936727049598,0.00034660909895267966,3.0,3.0,6.0,3.7736666666666663,3.0166666666666666,6.104333333333334,7.565601112856192,6.77235086290008,11.573086967474968,-6.287892163311537,-6.227780981050415,-9.068440820161259
3,3,0.8571428571428571,1.6582280766035322,-1.7467428726033838,"(0, 0, 1, 1, 1, 1, 1, 1, 1, 0, 0, 0, 0, 0, 0, 1, 1, 0, 1, 1, 1, 0, 0, 0, 0)",7.0,10.0,10.0,12.0,7.210666666666667,10.349666666666666,10.127333333333333,12.272,0.0,6.3037632455865324,6.246001634251511,10.506183022988253,4.0,8.0,14.0,8.0,0.44406522672984927,0.03982164031624421,0.04655559549765414,0.013277671235983989,3.0,3.0,5.0,3.1389999999999993,2.916666666666666,5.061333333333334,6.3037632455865324,6.246001634251511,10.506183022988253,-5.247899269634509,-5.5207967196671,-9.028802628271816
3,4,1.1428571428571428,1.6582280766035322,-1.3208964052058818,"(1, 1, 1, 1, 0, 0, 1, 0, 1, 1, 1, 0, 0, 1, 1, 1, 0, 1, 1, 0, 1, 0, 0, 0, 0)",7.0,12.0,10.0,13.0,7.0,12.155333333333333,11.182666666666666,13.888333333333334,0.0,7.854049886781377,6.756118652505772,11.318981939491882,2.0,20.0,1.0,15.0,0.291363079142938,0.04004514300217319,0.00442179929700432,0.01433660101191465,5.0,3.0,6.0,5.155333333333333,4.182666666666666,6.888333333333334,7.854049886781377,6.756118652505772,11.318981939491882,-4.4750875597222635,-4.267370336709521,-7.3470259162964116
3,5,1.4285714285714284,1.6582280766035322,-1.6740488169038457,"(0, 1, 1, 1, 0, 1, 0, 0, 1, 1, 1, 1, 1, 0, 0, 0, 0, 1, 1, 1, 0, 0, 0, 1, 1)",7.0,10.0,11.0,13.0,7.344666666666667,10.165,11.862333333333334,14.465333333333334,0.0,7.1039872658425836,7.671801408784446,11.326858522855748,1.0,1.0,5.0,7.0,0.18654102667408715,0.06279400054430356,0.12006196941258514,0.003356236524840474,3.0,4.0,6.0,2.8203333333333322,4.517666666666667,7.120666666666667,7.1039872658425836,7.671801408784446,11.326858522855748,-7.103275221339973,-5.230274786770343,-6.974825431513861
3,6,1.7142857142857142,1.6582280766035322,-1.1997619718976404,"(1, 0, 1, 1, 1, 1, 1, 0, 1, 1, 0, 0, 1, 0, 1, 1, 0, 0, 1, 0, 1, 0, 1, 0, 0)",8.0,12.0,12.0,14.0,8.273333333333333,12.354333333333333,12.877666666666666,14.867666666666667,0.0,7.052480859307638,6.29524179574843,10.29030015217088,2.0,14.0,18.0,5.0,0.15037504686999584,0.016655866129804325,0.000534346343308577,0.05796381153812831,4.0,4.0,6.0,4.0809999999999995,4.604333333333333,6.594333333333333,7.052480859307638,6.29524179574843,10.29030015217088,-4.9273929899939155,-2.803911887343222,-6.128755949191462
3,7,2.0,1.6582280766035322,-1.258895036494085,"(1, 0, 0, 1, 1, 0, 0, 0, 1, 1, 0, 1, 0, 0, 0, 1, 0, 1, 0, 1, 1, 0, 1, 1, 0)",7.0,10.0,10.0,13.0,7.090333333333334,11.174333333333333,10.727333333333334,13.678,0.0,7.657807806293553,6.638154149611838,10.860822734304529,4.0,2.0,2.0,41.0,0.12537641017099024,0.06524065729709913,0.004889174324403647,0.057344201783853424,3.0,3.0,6.0,4.084,3.6370000000000005,6.587666666666667,7.657807806293553,6.638154149611838,10.860822734304529,-5.9261884447808475,-4.976598073101546,-7.085867367065845
4,0,0.0,1.6582280766035322,-2.1339800599111283,"(0, 0, 0, 0, 1, 1, 1, 0, 0, 1, 1, 1, 1, 0, 1, 1, 1, 0, 1, 0, 0, 0, 1, 1, 1)",8.0,11.0,12.0,13.0,8.296333333333333,11.684333333333333,14.093333333333334,15.133,0.0,6.3746709206177385,7.187626447550824,10.526468679792037,3.0,3.0,6.0,1.0,0.25795303191888536,0.029602029990670388,0.002337551675943446,0.014957970851153161,3.0,4.0,5.0,3.388,5.797000000000001,6.836666666666666,6.3746709206177385,7.187626447550824,10.526468679792037,-4.952581576143654,-2.3059758193962043,-6.118533295272726
4,1,0.2857142857142857,1.6582280766035322,-2.421186659354084,"(0, 1, 0, 0, 0, 0, 1, 0, 1, 1, 0, 1, 1, 0, 0, 0, 0, 1, 0, 0, 0, 1, 0, 0, 0)",4.0,9.0,8.0,11.0,4.109333333333334,9.523666666666667,8.322333333333333,12.573333333333334,0.0,9.91776079000549,9.649809557582765,15.409333136049813,1.0,11.0,2.0,4.0,0.14943784477103803,0.07820266899968603,0.11023301249135461,0.00574622295208435,5.0,4.0,7.0,5.414333333333333,4.212999999999999,8.464,9.91776079000549,9.649809557582765,15.409333136049813,-7.467709849601007,-9.015470255530172,-11.51694640756266
4,2,0.5714285714285714,1.6582280766035322,-1.5706683542285036,"(1, 1, 0, 0, 1, 0, 1, 0, 0, 1, 1, 0, 0, 1, 0, 1, 0, 0, 0, 1, 1, 0, 0, 0, 0)",6.0,9.0,9.0,12.0,6.846666666666667,10.620333333333333,9.863333333333333,12.951,0.0,7.565601112856192,6.77235086290008,11.573086967474968,3.0,6.0,3.0,20.0,0.30328915145044993,0.03339214185648674,0.01603936727049598,0.00034660909895267966,3.0,3.0,6.0,3.7736666666666663,3.0166666666666666,6.104333333333334,7.565601112856192,6.77235086290008,11.573086967474968,-6.287892163311537,-6.227780981050415,-9.068440820161259
4,3,0.8571428571428571,1.6582280766035322,-1.7467428726033838,"(0, 0, 1, 1, 1, 1, 1, 1, 1, 0, 0, 0, 0, 0, 0, 1, 1, 0, 1, 1, 1, 0, 0, 0, 0)",7.0,10.0,10.0,12.0,7.210666666666667,10.349666666666666,10.127333333333333,12.272,0.0,6.3037632455865324,6.246001634251511,10.506183022988253,4.0,8.0,14.0,8.0,0.44406522672984927,0.03982164031624421,0.04655559549765414,0.013277671235983989,3.0,3.0,5.0,3.1389999999999993,2.916666666666666,5.061333333333334,6.3037632455865324,6.246001634251511,10.506183022988253,-5.247899269634509,-5.5207967196671,-9.028802628271816
4,4,1.1428571428571428,1.6582280766035322,-1.9105916857359873,"(1, 0, 1, 1, 0, 0, 0, 0, 1, 1, 1, 0, 0, 1, 1, 1, 0, 1, 1, 0, 1, 0, 0, 0, 0)",6.0,11.0,10.0,11.0,6.207333333333334,11.316,10.852,12.276,0.0,7.601925520112013,7.5841824796923545,11.69176082349056,2.0,13.0,6.0,2.0,0.3974944175182597,0.05838870911318786,0.11696563128295326,0.03214668520923809,5.0,4.0,5.0,5.108666666666667,4.644666666666667,6.068666666666666,7.601925520112013,7.5841824796923545,11.69176082349056,-4.134391833023403,-4.874387652779254,-9.324372608230645
4,5,1.4285714285714284,1.6582280766035322,-1.6740488169038457,"(0, 1, 1, 1, 0, 1, 0, 0, 1, 1, 1, 1, 1, 0, 0, 0, 0, 1, 1, 1, 0, 0, 0, 1, 1)",7.0,10.0,11.0,13.0,7.344666666666667,10.165,11.862333333333334,14.465333333333334,0.0,7.1039872658425836,7.671801408784446,11.326858522855748,1.0,1.0,5.0,7.0,0.18654102667408715,0.06279400054430356,0.12006196941258514,0.003356236524840474,3.0,4.0,6.0,2.8203333333333322,4.517666666666667,7.120666666666667,7.1039872658425836,7.671801408784446,11.326858522855748,-7.103275221339973,-5.230274786770343,-6.974825431513861
4,6,1.7142857142857142,1.6582280766035322,-1.1997619718976404,"(1, 0, 1, 1, 1, 1, 1, 0, 1, 1, 0, 0, 1, 0, 1, 1, 0, 0, 1, 0, 1, 0, 1, 0, 0)",8.0,12.0,12.0,14.0,8.273333333333333,12.354333333333333,12.877666666666666,14.867666666666667,0.0,7.052480859307638,6.29524179574843,10.29030015217088,2.0,14.0,18.0,5.0,0.15037504686999584,0.016655866129804325,0.000534346343308577,0.05796381153812831,4.0,4.0,6.0,4.0809999999999995,4.604333333333333,6.594333333333333,7.052480859307638,6.29524179574843,10.29030015217088,-4.9273929899939155,-2.803911887343222,-6.128755949191462
4,7,2.0,1.6582280766035322,-1.258895036494085,"(1, 0, 0, 1, 1, 0, 0, 0, 1, 1, 0, 1, 0, 0, 0, 1, 0, 1, 0, 1, 1, 0, 1, 1, 0)",7.0,10.0,10.0,13.0,7.090333333333334,11.174333333333333,10.727333333333334,13.678,0.0,7.657807806293553,6.638154149611838,10.860822734304529,4.0,2.0,2.0,41.0,0.12537641017099024,0.06524065729709913,0.004889174324403647,0.057344201783853424,3.0,3.0,6.0,4.084,3.6370000000000005,6.587666666666667,7.657807806293553,6.638154149611838,10.860822734304529,-5.9261884447808475,-4.976598073101546,-7.085867367065845
5,0,0.0,1.6582280766035322,-2.1339800599111283,"(0, 0, 0, 0, 1, 1, 1, 0, 0, 1, 1, 1, 1, 0, 1, 1, 1, 0, 1, 0, 0, 0, 1, 1, 1)",8.0,11.0,12.0,13.0,8.296333333333333,11.684333333333333,14.093333333333334,15.133,0.0,6.3746709206177385,7.187626447550824,10.526468679792037,3.0,3.0,6.0,1.0,0.25795303191888536,0.029602029990670388,0.002337551675943446,0.014957970851153161,3.0,4.0,5.0,3.388,5.797000000000001,6.836666666666666,6.3746709206177385,7.187626447550824,10.526468679792037,-4.952581576143654,-2.3059758193962043,-6.118533295272726
5,1,0.2857142857142857,1.6582280766035322,-2.421186659354084,"(0, 1, 0, 0, 0, 0, 1, 0, 1, 1, 0, 1, 1, 0, 0, 0, 0, 1, 0, 0, 0, 1, 0, 0, 0)",4.0,9.0,8.0,11.0,4.109333333333334,9.523666666666667,8.322333333333333,12.573333333333334,0.0,9.91776079000549,9.649809557582765,15.409333136049813,1.0,11.0,2.0,4.0,0.14943784477103803,0.07820266899968603,0.11023301249135461,0.00574622295208435,5.0,4.0,7.0,5.414333333333333,4.212999999999999,8.464,9.91776079000549,9.649809557582765,15.409333136049813,-7.467709849601007,-9.015470255530172,-11.51694640756266
5,2,0.5714285714285714,1.6582280766035322,-0.5105942923072284,"(1, 1, 0, 0, 1, 0, 1, 0, 0, 1, 1, 0, 0, 1, 0, 1, 0, 0, 1, 0, 1, 0, 0, 0, 0)",5.0,10.0,8.0,12.0,5.0,10.354666666666667,8.113666666666667,13.965666666666667,0.0,9.359849953632233,5.9797270546617955,13.199992958187096,1.0,23.0,1.0,1.0,0.4479541683396115,0.06310098269700824,0.016987827454863498,0.036107752122771834,5.0,3.0,7.0,5.354666666666667,3.113666666666667,8.965666666666667,9.359849953632233,5.9797270546617955,13.199992958187096,-6.641507378389525,-4.752581804614735,-7.021478742099688
5,3,0.8571428571428571,1.6582280766035322,-1.7467428726033838,"(0, 0, 1, 1, 1, 1, 1, 1, 1, 0, 0, 0, 0, 0, 0, 1, 1, 0, 1, 1, 1, 0, 0, 0, 0)",7.0,10.0,10.0,12.0,7.210666666666667,10.349666666666666,10.127333333333333,12.272,0.0,6.3037632455865324,6.246001634251511,10.506183022988253,4.0,8.0,14.0,8.0,0.44406522672984927,0.03982164031624421,0.04655559549765414,0.013277671235983989,3.0,3.0,5.0,3.1389999999999993,2.916666666666666,5.061333333333334,6.3037632455865324,6.246001634251511,10.506183022988253,-5.247899269634509,-5.5207967196671,-9.028802628271816
5,4,1.1428571428571428,1.6582280766035322,-1.339992280899804,"(1, 0, 1, 1, 0, 0, 0, 0, 0, 0, 1, 0, 0, 1, 1, 1, 0, 1, 1, 0, 1, 0, 0, 0, 0)",5.0,10.0,9.0,12.0,5.1,10.238333333333333,10.258333333333333,12.741333333333333,0.0,9.60553486793745,8.500961508977229,13.223300275041584,1.0,5.0,7.0,31.0,0.41402456073970045,0.11728164282892856,0.0027897983877694056,0.06298583148563679,5.0,4.0,7.0,5.138333333333334,5.158333333333333,7.641333333333334,9.60553486793745,8.500961508977229,13.223300275041584,-7.407639008526932,-5.54283989049875,-9.256174305413372
5,5,1.4285714285714284,1.6582280766035322,-1.6740488169038457,"(0, 1, 1, 1, 0, 1, 0, 0, 1, 1, 1, 1, 1, 0, 0, 0, 0, 1, 1, 1, 0, 0, 0, 1, 1)",7.0,10.0,11.0,13.0,7.344666666666667,10.165,11.862333333333334,14.465333333333334,0.0,7.1039872658425836,7.671801408784446,11.326858522855748,1.0,1.0,5.0,7.0,0.18654102667408715,0.06279400054430356,0.12006196941258514,0.003356236524840474,3.0,4.0,6.0,2.8203333333333322,4.517666666666667,7.120666666666667,7.1039872658425836,7.671801408784446,11.326858522855748,-7.103275221339973,-5.230274786770343,-6.974825431513861
5,6,1.7142857142857142,1.6582280766035322,-1.5159091326650886,"(1, 0, 1, 1, 1, 1, 1, 0, 1, 1, 0, 0, 1, 0, 1, 1, 0, 0, 0, 1, 1, 0, 1, 0, 0)",8.0,12.0,11.0,13.0,8.221,12.893333333333333,12.532333333333334,16.049333333333333,0.0,6.729881799382623,6.708638055245691,10.309250014135179,1.0,7.0,4.0,2.0,0.254154898339515,0.013325914801415064,0.0006447210449661877,0.018588219089222778,4.0,3.0,5.0,4.672333333333333,4.311333333333334,7.828333333333333,6.729881799382623,6.708638055245691,10.309250014135179,-3.411884635375463,-3.9752779980492945,-4.113925695819664
5,7,2.0,1.6582280766035322,-1.258895036494085,"(1, 0, 0, 1, 1, 0, 0, 0, 1, 1, 0, 1, 0, 0, 0, 1, 0, 1, 0, 1, 1, 0, 1, 1, 0)",7.0,10.0,10.0,13.0,7.090333333333334,11.174333333333333,10.727333333333334,13.678,0.0,7.657807806293553,6.638154149611838,10.860822734304529,4.0,2.0,2.0,41.0,0.12537641017099024,0.06524065729709913,0.004889174324403647,0.057344201783853424,3.0,3.0,6.0,4.084,3.6370000000000005,6.587666666666667,7.657807806293553,6.638154149611838,10.860822734304529,-5.9261884447808475,-4.976598073101546,-7.085867367065845
6,0,0.0,1.6582280766035322,-2.1339800599111283,"(0, 0, 0, 0, 1, 1, 1, 0, 0, 1, 1, 1, 1, 0, 1, 1, 1, 0, 1, 0, 0, 0, 1, 1, 1)",8.0,11.0,12.0,13.0,8.296333333333333,11.684333333333333,14.093333333333334,15.133,0.0,6.3746709206177385,7.187626447550824,10.526468679792037,3.0,3.0,6.0,1.0,0.25795303191888536,0.029602029990670388,0.002337551675943446,0.014957970851153161,3.0,4.0,5.0,3.388,5.797000000000001,6.836666666666666,6.3746709206177385,7.187626447550824,10.526468679792037,-4.952581576143654,-2.3059758193962043,-6.118533295272726
6,1,0.2857142857142857,1.6582280766035322,-2.421186659354084,"(0, 1, 0, 0, 0, 0, 1, 0, 1, 1, 0, 1, 1, 0, 0, 0, 0, 1, 0, 0, 0, 1, 0, 0, 0)",4.0,9.0,8.0,11.0,4.109333333333334,9.523666666666667,8.322333333333333,12.573333333333334,0.0,9.91776079000549,9.649809557582765,15.409333136049813,1.0,11.0,2.0,4.0,0.14943784477103803,0.07820266899968603,0.11023301249135461,0.00574622295208435,5.0,4.0,7.0,5.414333333333333,4.212999999999999,8.464,9.91776079000549,9.649809557582765,15.409333136049813,-7.467709849601007,-9.015470255530172,-11.51694640756266
6,2,0.5714285714285714,1.6582280766035322,-0.5105942923072284,"(1, 1, 0, 0, 1, 0, 1, 0, 0, 1, 1, 0, 0, 1, 0, 1, 0, 0, 1, 0, 1, 0, 0, 0, 0)",5.0,10.0,8.0,12.0,5.0,10.354666666666667,8.113666666666667,13.965666666666667,0.0,9.359849953632233,5.9797270546617955,13.199992958187096,1.0,23.0,1.0,1.0,0.4479541683396115,0.06310098269700824,0.016987827454863498,0.036107752122771834,5.0,3.0,7.0,5.354666666666667,3.113666666666667,8.965666666666667,9.359849953632233,5.9797270546617955,13.199992958187096,-6.641507378389525,-4.752581804614735,-7.021478742099688
6,3,0.8571428571428571,1.6582280766035322,-1.7467428726033838,"(0, 0, 1, 1, 1, 1, 1, 1, 1, 0, 0, 0, 0, 0, 0, 1, 1, 0, 1, 1, 1, 0, 0, 0, 0)",7.0,10.0,10.0,12.0,7.210666666666667,10.349666666666666,10.127333333333333,12.272,0.0,6.3037632455865324,6.246001634251511,10.506183022988253,4.0,8.0,14.0,8.0,0.44406522672984927,0.03982164031624421,0.04655559549765414,0.013277671235983989,3.0,3.0,5.0,3.1389999999999993,2.916666666666666,5.061333333333334,6.3037632455865324,6.246001634251511,10.506183022988253,-5.247899269634509,-5.5207967196671,-9.028802628271816
6,4,1.1428571428571428,1.6582280766035322,-1.339992280899804,"(1, 0, 1, 1, 0, 0, 0, 0, 0, 0, 1, 0, 0, 1, 1, 1, 0, 1, 1, 0, 1, 0, 0, 0, 0)",5.0,10.0,9.0,12.0,5.1,10.238333333333333,10.258333333333333,12.741333333333333,0.0,9.60553486793745,8.500961508977229,13.223300275041584,1.0,5.0,7.0,31.0,0.41402456073970045,0.11728164282892856,0.0027897983877694056,0.06298583148563679,5.0,4.0,7.0,5.138333333333334,5.158333333333333,7.641333333333334,9.60553486793745,8.500961508977229,13.223300275041584,-7.407639008526932,-5.54283989049875,-9.256174305413372
6,5,1.4285714285714284,1.6582280766035322,-1.6740488169038457,"(0, 1, 1, 1, 0, 1, 0, 0, 1, 1, 1, 1, 1, 0, 0, 0, 0, 1, 1, 1, 0, 0, 0, 1, 1)",7.0,10.0,11.0,13.0,7.344666666666667,10.165,11.862333333333334,14.465333333333334,0.0,7.1039872658425836,7.671801408784446,11.326858522855748,1.0,1.0,5.0,7.0,0.18654102667408715,0.06279400054430356,0.12006196941258514,0.003356236524840474,3.0,4.0,6.0,2.8203333333333322,4.517666666666667,7.120666666666667,7.1039872658425836,7.671801408784446,11.326858522855748,-7.103275221339973,-5.230274786770343,-6.974825431513861
6,6,1.7142857142857142,1.6582280766035322,-1.5159091326650886,"(1, 0, 1, 1, 1, 1, 1, 0, 1, 1, 0, 0, 1, 0, 1, 1, 0, 0, 0, 1, 1, 0, 1, 0, 0)",8.0,12.0,11.0,13.0,8.221,12.893333333333333,12.532333333333334,16.049333333333333,0.0,6.729881799382623,6.708638055245691,10.309250014135179,1.0,7.0,4.0,2.0,0.254154898339515,0.013325914801415064,0.0006447210449661877,0.018588219089222778,4.0,3.0,5.0,4.672333333333333,4.311333333333334,7.828333333333333,6.729881799382623,6.708638055245691,10.309250014135179,-3.411884635375463,-3.9752779980492945,-4.113925695819664
6,7,2.0,1.6582280766035322,-1.5241013505999672,"(1, 0, 0, 1, 0, 0, 0, 0, 1, 1, 0, 1, 0, 0, 0, 1, 0, 1, 0, 1, 1, 0, 1, 1, 1)",7.0,11.0,10.0,13.0,8.830333333333334,12.327,10.284,14.486333333333333,0.0,7.561824037792817,6.066369471664329,9.751099655928632,2.0,8.0,2.0,9.0,0.2115993025238057,0.0018768755091016181,0.015350273989749225,0.025066305999068124,4.0,3.0,6.0,3.496666666666666,1.4536666666666669,5.655999999999999,7.561824037792817,6.066369471664329,9.751099655928632,-6.740958088613189,-7.648913300274991,-6.790609225950324
7,0,0.0,1.6582280766035322,-1.60039684815089,"(0, 0, 0, 0, 1, 1, 1, 0, 0, 1, 1, 1, 1, 0, 1, 1, 1, 1, 1, 0, 0, 0, 0, 1, 1)",7.0,9.0,9.0,13.0,7.044,9.119333333333334,11.727,13.876,0.0,5.853784632243757,5.648910553379389,11.448111844768277,5.0,1.0,1.0,15.0,0.19864617075317534,0.0005411480944536308,0.11351979463361415,0.0010727151532093564,2.0,2.0,6.0,2.075333333333334,4.683000000000001,6.832,5.853784632243757,5.648910553379389,11.448111844768277,-6.265534029932349,-1.601699999101357,-7.654566265736884
7,1,0.2857142857142857,1.6582280766035322,-2.421186659354084,"(0, 1, 0, 0, 0, 0, 1, 0, 1, 1, 0, 1, 1, 0, 0, 0, 0, 1, 0, 0, 0, 1, 0, 0, 0)",4.0,9.0,8.0,11.0,4.109333333333334,9.523666666666667,8.322333333333333,12.573333333333334,0.0,9.91776079000549,9.649809557582765,15.409333136049813,1.0,11.0,2.0,4.0,0.14943784477103803,0.07820266899968603,0.11023301249135461,0.00574622295208435,5.0,4.0,7.0,5.414333333333333,4.212999999999999,8.464,9.91776079000549,9.649809557582765,15.409333136049813,-7.467709849601007,-9.015470255530172,-11.51694640756266
7,2,0.5714285714285714,1.6582280766035322,-0.5105942923072284,"(1, 1, 0, 0, 1, 0, 1, 0, 0, 1, 1, 0, 0, 1, 0, 1, 0, 0, 1, 0, 1, 0, 0, 0, 0)",5.0,10.0,8.0,12.0,5.0,10.354666666666667,8.113666666666667,13.965666666666667,0.0,9.359849953632233,5.9797270546617955,13.199992958187096,1.0,23.0,1.0,1.0,0.4479541683396115,0.06310098269700824,0.016987827454863498,0.036107752122771834,5.0,3.0,7.0,5.354666666666667,3.113666666666667,8.965666666666667,9.359849953632233,5.9797270546617955,13.199992958187096,-6.641507378389525,-4.752581804614735,-7.021478742099688
7,3,0.8571428571428571,1.6582280766035322,-1.7467428726033838,"(0, 0, 1, 1, 1, 1, 1, 1, 1, 0, 0, 0, 0, 0, 0, 1, 1, 0, 1, 1, 1, 0, 0, 0, 0)",7.0,10.0,10.0,12.0,7.210666666666667,10.349666666666666,10.127333333333333,12.272,0.0,6.3037632455865324,6.246001634251511,10.506183022988253,4.0,8.0,14.0,8.0,0.44406522672984927,0.03982164031624421,0.04655559549765414,0.013277671235983989,3.0,3.0,5.0,3.1389999999999993,2.916666666666666,5.061333333333334,6.3037632455865324,6.246001634251511,10.506183022988253,-5.247899269634509,-5.5207967196671,-9.028802628271816
7,4,1.1428571428571428,1.6582280766035322,-1.339992280899804,"(1, 0, 1, 1, 0, 0, 0, 0, 0, 0, 1, 0, 0, 1, 1, 1, 0, 1, 1, 0, 1, 0, 0, 0, 0)",5.0,10.0,9.0,12.0,5.1,10.238333333333333,10.258333333333333,12.741333333333333,0.0,9.60553486793745,8.500961508977229,13.223300275041584,1.0,5.0,7.0,31.0,0.41402456073970045,0.11728164282892856,0.0027897983877694056,0.06298583148563679,5.0,4.0,7.0,5.138333333333334,5.158333333333333,7.641333333333334,9.60553486793745,8.500961508977229,13.223300275041584,-7.407639008526932,-5.54283989049875,-9.256174305413372
7,5,1.4285714285714284,1.6582280766035322,-1.6740488169038457,"(0, 1, 1, 1, 0, 1, 0, 0, 1, 1, 1, 1, 1, 0, 0, 0, 0, 1, 1, 1, 0, 0, 0, 1, 1)",7.0,10.0,11.0,13.0,7.344666666666667,10.165,11.862333333333334,14.465333333333334,0.0,7.1039872658425836,7.671801408784446,11.326858522855748,1.0,1.0,5.0,7.0,0.18654102667408715,0.06279400054430356,0.12006196941258514,0.003356236524840474,3.0,4.0,6.0,2.8203333333333322,4.517666666666667,7.120666666666667,7.1039872658425836,7.671801408784446,11.326858522855748,-7.103275221339973,-5.230274786770343,-6.974825431513861
7,6,1.7142857142857142,1.6582280766035322,-0.5392748149015971,"(1, 0, 1, 1, 1, 1, 1, 0, 1, 1, 0, 0, 1, 0, 1, 0, 0, 0, 0, 1, 0, 0, 1, 0, 0)",7.0,11.0,12.0,14.0,8.552,12.282,12.562333333333333,14.974333333333334,0.0,6.954691464679044,7.67835140968703,10.395247564663475,1.0,14.0,42.0,11.0,0.1258443166913117,0.008215817351318948,0.06775890199599825,0.022380723633812324,4.0,5.0,7.0,3.7300000000000004,4.0103333333333335,6.422333333333334,6.954691464679044,7.67835140968703,10.395247564663475,-5.347273925114558,-6.082410559698979,-6.587997924329379
7,7,2.0,1.6582280766035322,-1.5241013505999672,"(1, 0, 0, 1, 0, 0, 0, 0, 1, 1, 0, 1, 0, 0, 0, 1, 0, 1, 0, 1, 1, 0, 1, 1, 1)",7.0,11.0,10.0,13.0,8.830333333333334,12.327,10.284,14.486333333333333,0.0,7.561824037792817,6.066369471664329,9.751099655928632,2.0,8.0,2.0,9.0,0.2115993025238057,0.0018768755091016181,0.015350273989749225,0.025066305999068124,4.0,3.0,6.0,3.496666666666666,1.4536666666666669,5.655999999999999,7.561824037792817,6.066369471664329,9.751099655928632,-6.740958088613189,-7.648913300274991,-6.790609225950324
8,0,0.0,1.6582280766035322,-1.60039684815089,"(0, 0, 0, 0, 1, 1, 1, 0, 0, 1, 1, 1, 1, 0, 1, 1, 1, 1, 1, 0, 0, 0, 0, 1, 1)",7.0,9.0,9.0,13.0,7.044,9.119333333333334,11.727,13.876,0.0,5.853784632243757,5.648910553379389,11.448111844768277,5.0,1.0,1.0,15.0,0.19864617075317534,0.0005411480944536308,0.11351979463361415,0.0010727151532093564,2.0,2.0,6.0,2.075333333333334,4.683000000000001,6.832,5.853784632243757,5.648910553379389,11.448111844768277,-6.265534029932349,-1.601699999101357,-7.654566265736884
8,1,0.2857142857142857,1.6582280766035322,-1.1260191754214,"(0, 1, 0, 0, 0, 0, 1, 0, 1, 1, 0, 1, 1, 0, 0, 0, 0, 1, 0, 0, 0, 0, 1, 0, 0)",4.0,8.0,8.0,11.0,4.068666666666667,8.763,8.395666666666667,11.931,0.0,7.086566658660044,6.8771232402068145,12.305775043122237,1.0,4.0,2.0,15.0,0.228410846815998,0.06279007432728681,0.09370843387551474,0.00015123989535318616,4.0,4.0,7.0,4.694333333333333,4.327,7.862333333333332,7.086566658660044,6.8771232402068145,12.305775043122237,-3.9668684658433846,-4.228685955710113,-7.368239799923167
8,2,0.5714285714285714,1.6582280766035322,-0.8492503031483845,"(1, 0, 1, 0, 1, 0, 1, 0, 0, 1, 1, 0, 0, 1, 0, 1, 0, 0, 1, 0, 1, 0, 0, 0, 0)",6.0,11.0,9.0,12.0,6.049333333333333,11.367333333333333,9.431333333333333,12.374666666666666,0.0,9.382512404012479,6.951439495173261,12.134305047623226,2.0,50.0,2.0,6.0,0.448004783024391,0.01251175458383202,0.007065964138801019,0.0013979315516351504,5.0,3.0,6.0,5.318,3.3819999999999997,6.325333333333333,9.382512404012479,6.951439495173261,12.134305047623226,-6.7398885860368125,-5.918944788633841,-9.632599992831253
8,3,0.8571428571428571,1.6582280766035322,-1.6812153739329962,"(0, 0, 1, 1, 1, 1, 1, 1, 1, 0, 0, 0, 0, 1, 1, 1, 1, 0, 1, 1, 1, 0, 0, 0, 0)",8.0,11.0,11.0,13.0,8.228666666666667,11.166,11.662333333333333,13.406333333333333,0.0,6.02763142131923,6.148396487186984,8.3431718951102,8.0,16.0,27.0,24.0,0.3554068609691824,0.00637152825417454,0.021526903106605523,0.011342626400180644,3.0,3.0,5.0,2.937333333333333,3.4336666666666655,5.177666666666665,6.02763142131923,6.148396487186984,8.3431718951102,-5.124419054572426,-4.5016412087796605,-5.249129646440346
8,4,1.1428571428571428,1.6582280766035322,-1.955504996845855,"(1, 0, 1, 1, 0, 0, 0, 0, 1, 0, 1, 0, 0, 0, 1, 1, 0, 1, 1, 0, 1, 0, 0, 0, 0)",6.0,11.0,10.0,11.0,6.245333333333333,11.147666666666666,10.934,12.214,0.0,7.302919360765788,8.748774482647423,11.51034145953193,2.0,10.0,6.0,2.0,0.23192033894094147,0.0007361045544514585,0.014350221889075488,0.037744298072365026,5.0,4.0,5.0,4.902333333333333,4.688666666666666,5.9686666666666675,7.302919360765788,8.748774482647423,11.51034145953193,-3.9807191509906343,-6.732584774496739,-9.18936073293524
8,5,1.4285714285714284,1.6582280766035322,-1.6740488169038457,"(0, 1, 1, 1, 0, 1, 0, 0, 1, 1, 1, 1, 1, 0, 0, 0, 0, 1, 1, 1, 0, 0, 0, 1, 1)",7.0,10.0,11.0,13.0,7.344666666666667,10.165,11.862333333333334,14.465333333333334,0.0,7.1039872658425836,7.671801408784446,11.326858522855748,1.0,1.0,5.0,7.0,0.18654102667408715,0.06279400054430356,0.12006196941258514,0.003356236524840474,3.0,4.0,6.0,2.8203333333333322,4.517666666666667,7.120666666666667,7.1039872658425836,7.671801408784446,11.326858522855748,-7.103275221339973,-5.230274786770343,-6.974825431513861
8,6,1.7142857142857142,1.6582280766035322,-0.38611522230811923,"(1, 0, 1, 1, 1, 1, 1, 0, 1, 1, 0, 0, 1, 0, 1, 0, 0, 0, 0, 0, 0, 0, 1, 0, 1)",7.0,12.0,10.0,12.0,7.676333333333333,12.439666666666668,11.284666666666666,13.379666666666667,0.0,7.891378443261364,5.936567062779087,10.186983330620277,2.0,55.0,6.0,2.0,0.14852879959938833,0.0029519505811069244,0.005485012667976243,0.05759156012741512,5.0,3.0,5.0,4.7633333333333345,3.6083333333333334,5.703333333333334,7.891378443261364,5.936567062779087,10.186983330620277,-5.187012226165041,-3.8607425390623007,-7.434914311164561
8,7,2.0,1.6582280766035322,-1.6401520894258383,"(1, 0, 0, 1, 0, 0, 0, 0, 1, 1, 0, 1, 0, 0, 0, 0, 1, 1, 0, 1, 1, 0, 1, 1, 1)",6.0,10.0,11.0,12.0,6.510666666666666,10.910333333333334,11.045666666666667,13.056,0.0,9.613227203737253,7.9478042597569,12.129376425284434,1.0,9.0,13.0,6.0,0.3119726940384468,0.10126160615680058,0.014145222032149194,0.07078215810809398,4.0,5.0,6.0,4.3996666666666675,4.535000000000001,6.545333333333333,9.613227203737253,7.9478042597569,12.129376425284434,-8.645272461642636,-5.659207843481024,-9.259617036037316
9,0,0.0,1.6582280766035322,-1.60039684815089,"(0, 0, 0, 0, 1, 1, 1, 0, 0, 1, 1, 1, 1, 0, 1, 1, 1, 1, 1, 0, 0, 0, 0, 1, 1)",7.0,9.0,9.0,13.0,7.044,9.119333333333334,11.727,13.876,0.0,5.853784632243757,5.648910553379389,11.448111844768277,5.0,1.0,1.0,15.0,0.19864617075317534,0.0005411480944536308,0.11351979463361415,0.0010727151532093564,2.0,2.0,6.0,2.075333333333334,4.683000000000001,6.832,5.853784632243757,5.648910553379389,11.448111844768277,-6.265534029932349,-1.601699999101357,-7.654566265736884
9,1,0.2857142857142857,1.6582280766035322,-2.2973159224133024,"(0, 1, 0, 0, 0, 0, 1, 0, 1, 1, 0, 0, 0, 0, 0, 0, 0, 1, 0, 0, 0, 0, 1, 0, 0)",3.0,8.0,7.0,10.0,3.0153333333333334,8.314666666666668,7.108666666666666,10.846666666666666,0.0,9.95738322865811,8.430929009875339,15.13297100232743,1.0,6.0,2.0,3.0,0.2997907179353518,0.062202409337654425,0.009635720973865926,0.01917498580115088,5.0,4.0,7.0,5.299333333333334,4.093333333333333,7.831333333333332,9.95738322865811,8.430929009875339,15.13297100232743,-7.724109118647687,-7.192722935796048,-12.10778058791198
9,2,0.5714285714285714,1.6582280766035322,-0.8492503031483845,"(1, 0, 1, 0, 1, 0, 1, 0, 0, 1, 1, 0, 0, 1, 0, 1, 0, 0, 1, 0, 1, 0, 0, 0, 0)",6.0,11.0,9.0,12.0,6.049333333333333,11.367333333333333,9.431333333333333,12.374666666666666,0.0,9.382512404012479,6.951439495173261,12.134305047623226,2.0,50.0,2.0,6.0,0.448004783024391,0.01251175458383202,0.007065964138801019,0.0013979315516351504,5.0,3.0,6.0,5.318,3.3819999999999997,6.325333333333333,9.382512404012479,6.951439495173261,12.134305047623226,-6.7398885860368125,-5.918944788633841,-9.632599992831253
9,3,0.8571428571428571,1.6582280766035322,-1.423294482464329,"(0, 0, 1, 1, 1, 1, 1, 1, 1, 0, 0, 0, 0, 1, 1, 1, 0, 1, 1, 1, 1, 0, 0, 0, 0)",7.0,11.0,11.0,13.0,7.14,11.674,11.765666666666666,15.157333333333334,0.0,8.658603724793004,7.155079115358378,11.968509877097484,1.0,2.0,11.0,3.0,0.24843837222896245,0.07899982282821023,0.00020018109344643441,0.01036937891300741,4.0,4.0,6.0,4.534,4.625666666666667,8.017333333333333,8.658603724793004,7.155079115358378,11.968509877097484,-6.8395337013152675,-4.194342739731087,-6.551951880487019
9,4,1.1428571428571428,1.6582280766035322,-2.5455166634608273,"(1, 0, 0, 1, 0, 0, 0, 0, 1, 0, 1, 0, 0, 0, 1, 1, 0, 1, 1, 0, 1, 0, 1, 0, 0)",6.0,10.0,10.0,11.0,6.226333333333334,10.626333333333333,10.940666666666667,13.928,0.0,7.835035538169657,8.75002736608308,12.79723699551471,3.0,8.0,7.0,1.0,0.23949703057588465,0.13493827197177283,0.012185245952480819,0.061456109148280126,4.0,4.0,5.0,4.3999999999999995,4.714333333333333,7.701666666666667,7.835035538169657,8.75002736608308,12.79723699551471,-5.69607237352385,-6.692101153686965,-8.449617785603719
9,5,1.4285714285714284,1.6582280766035322,-1.6740488169038457,"(0, 1, 1, 1, 0, 1, 0, 0, 1, 1, 1, 1, 1, 0, 0, 0, 0, 1, 1, 1, 0, 0, 0, 1, 1)",7.0,10.0,11.0,13.0,7.344666666666667,10.165,11.862333333333334,14.465333333333334,0.0,7.1039872658425836,7.671801408784446,11.326858522855748,1.0,1.0,5.0,7.0,0.18654102667408715,0.06279400054430356,0.12006196941258514,0.003356236524840474,3.0,4.0,6.0,2.8203333333333322,4.517666666666667,7.120666666666667,7.1039872658425836,7.671801408784446,11.326858522855748,-7.103275221339973,-5.230274786770343,-6.974825431513861
9,6,1.7142857142857142,1.6582280766035322,-0.38611522230811923,"(1, 0, 1, 1, 1, 1, 1, 0, 1, 1, 0, 0, 1, 0, 1, 0, 0, 0, 0, 0, 0, 0, 1, 0, 1)",7.0,12.0,10.0,12.0,7.676333333333333,12.439666666666668,11.284666666666666,13.379666666666667,0.0,7.891378443261364,5.936567062779087,10.186983330620277,2.0,55.0,6.0,2.0,0.14852879959938833,0.0029519505811069244,0.005485012667976243,0.05759156012741512,5.0,3.0,5.0,4.7633333333333345,3.6083333333333334,5.703333333333334,7.891378443261364,5.936567062779087,10.186983330620277,-5.187012226165041,-3.8607425390623007,-7.434914311164561
9,7,2.0,1.6582280766035322,-1.6401520894258383,"(1, 0, 0, 1, 0, 0, 0, 0, 1, 1, 0, 1, 0, 0, 0, 0, 1, 1, 0, 1, 1, 0, 1, 1, 1)",6.0,10.0,11.0,12.0,6.510666666666666,10.910333333333334,11.045666666666667,13.056,0.0,9.613227203737253,7.9478042597569,12.129376425284434,1.0,9.0,13.0,6.0,0.3119726940384468,0.10126160615680058,0.014145222032149194,0.07078215810809398,4.0,5.0,6.0,4.3996666666666675,4.535000000000001,6.545333333333333,9.613227203737253,7.9478042597569,12.129376425284434,-8.645272461642636,-5.659207843481024,-9.259617036037316
10,0,0.0,1.6582280766035322,-2.2973159224133024,"(0, 1, 0, 0, 0, 0, 1, 0, 1, 1, 0, 0, 0, 0, 0, 0, 0, 1, 0, 0, 0, 0, 1, 0, 0)",3.0,8.0,7.0,10.0,3.0153333333333334,8.314666666666668,7.108666666666666,10.846666666666666,0.0,9.95738322865811,8.430929009875339,15.13297100232743,1.0,6.0,2.0,3.0,0.2997907179353518,0.062202409337654425,0.009635720973865926,0.01917498580115088,5.0,4.0,7.0,5.299333333333334,4.093333333333333,7.831333333333332,9.95738322865811,8.430929009875339,15.13297100232743,-7.724109118647687,-7.192722935796048,-12.10778058791198
10,1,0.2857142857142857,1.6582280766035322,-1.60039684815089,"(0, 0, 0, 0, 1, 1, 1, 0, 0, 1, 1, 1, 1, 0, 1, 1, 1, 1, 1, 0, 0, 0, 0, 1, 1)",7.0,9.0,9.0,13.0,7.044,9.119333333333334,11.727,13.876,0.0,5.853784632243757,5.648910553379389,11.448111844768277,5.0,1.0,1.0,15.0,0.19864617075317534,0.0005411480944536308,0.11351979463361415,0.0010727151532093564,2.0,2.0,6.0,2.075333333333334,4.683000000000001,6.832,5.853784632243757,5.648910553379389,11.448111844768277,-6.265534029932349,-1.601699999101357,-7.654566265736884
10,2,0.5714285714285714,1.6582280766035322,-1.423294482464329,"(0, 0, 1, 1, 1, 1, 1, 1, 1, 0, 0, 0, 0, 1, 1, 1, 0, 1, 1, 1, 1, 0, 0, 0, 0)",7.0,11.0,11.0,13.0,7.14,11.674,11.765666666666666,15.157333333333334,0.0,8.658603724793004,7.155079115358378,11.968509877097484,1.0,2.0,11.0,3.0,0.24843837222896245,0.07899982282821023,0.00020018109344643441,0.01036937891300741,4.0,4.0,6.0,4.534,4.625666666666667,8.017333333333333,8.658603724793004,7.155079115358378,11.968509877097484,-6.8395337013152675,-4.194342739731087,-6.551951880487019
10,3,0.8571428571428571,1.6582280766035322,-1.2575733548945267,"(1, 0, 0, 1, 0, 0, 0, 0, 1, 0, 1, 0, 0, 0, 1, 1, 0, 1, 0, 0, 1, 0, 1, 1, 0)",6.0,11.0,9.0,11.0,6.138,11.295,11.155,12.032333333333334,0.0,8.694504362651472,7.814206351051877,11.120989507145419,2.0,45.0,2.0,2.0,0.12091676537561392,0.012082547327640896,0.039157186467913246,0.05707901609256929,5.0,3.0,5.0,5.157,5.0169999999999995,5.894333333333334,8.694504362651472,7.814206351051877,11.120989507145419,-5.865989055256154,-4.638406107367939,-8.66698801416839
10,4,1.1428571428571428,1.6582280766035322,-1.1590338984004502,"(0, 1, 1, 1, 0, 1, 0, 0, 1, 1, 1, 1, 1, 1, 0, 0, 0, 1, 0, 1, 0, 0, 0, 1, 1)",7.0,11.0,11.0,14.0,7.115333333333333,11.353,11.367,14.968333333333334,0.0,7.3911831563321115,8.05204231912784,11.79943509993135,1.0,2.0,6.0,20.0,0.06312365175812744,0.11517162887972153,0.1257372021787628,0.0003767779353769505,4.0,4.0,7.0,4.237666666666667,4.251666666666668,7.853000000000001,7.3911831563321115,8.05204231912784,11.79943509993135,-5.229249583195453,-6.301889608551584,-6.544089485199828
10,5,1.4285714285714284,1.6582280766035322,-0.38611522230811923,"(1, 0, 1, 1, 1, 1, 1, 0, 1, 1, 0, 0, 1, 0, 1, 0, 0, 0, 0, 0, 0, 0, 1, 0, 1)",7.0,12.0,10.0,12.0,7.676333333333333,12.439666666666668,11.284666666666666,13.379666666666667,0.0,7.891378443261364,5.936567062779087,10.186983330620277,2.0,55.0,6.0,2.0,0.14852879959938833,0.0029519505811069244,0.005485012667976243,0.05759156012741512,5.0,3.0,5.0,4.7633333333333345,3.6083333333333334,5.703333333333334,7.891378443261364,5.936567062779087,10.186983330620277,-5.187012226165041,-3.8607425390623007,-7.434914311164561
10,6,1.7142857142857142,1.6582280766035322,-1.9583626517449702,"(1, 1, 0, 1, 0, 0, 0, 0, 1, 1, 0, 1, 0, 0, 0, 0, 1, 1, 0, 1, 1, 1, 1, 1, 1)",7.0,10.0,9.0,13.0,7.0,11.317,11.939666666666668,14.363333333333333,0.0,6.293261134434709,5.9356274002023435,11.013877185775035,2.0,2.0,1.0,4.0,0.2664999529379991,0.06182600044217539,0.003953001291092079,0.012648353869270088,3.0,2.0,6.0,4.317,4.9396666666666675,7.363333333333333,6.293261134434709,5.9356274002023435,11.013877185775035,-3.2770916998199815,-1.651530051543507,-6.0534343109912525
10,7,2.0,1.6582280766035322,-0.8492503031483845,"(1, 0, 1, 0, 1, 0, 1, 0, 0, 1, 1, 0, 0, 1, 0, 1, 0, 0, 1, 0, 1, 0, 0, 0, 0)",6.0,11.0,9.0,12.0,6.049333333333333,11.367333333333333,9.431333333333333,12.374666666666666,0.0,9.382512404012479,6.951439495173261,12.134305047623226,2.0,50.0,2.0,6.0,0.448004783024391,0.01251175458383202,0.007065964138801019,0.0013979315516351504,5.0,3.0,6.0,5.318,3.3819999999999997,6.325333333333333,9.382512404012479,6.951439495173261,12.134305047623226,-6.7398885860368125,-5.918944788633841,-9.632599992831253
11,0,0.0,1.6582280766035322,-2.2973159224133024,"(0, 1, 0, 0, 0, 0, 1, 0, 1, 1, 0, 0, 0, 0, 0, 0, 0, 1, 0, 0, 0, 0, 1, 0, 0)",3.0,8.0,7.0,10.0,3.0153333333333334,8.314666666666668,7.108666666666666,10.846666666666666,0.0,9.95738322865811,8.430929009875339,15.13297100232743,1.0,6.0,2.0,3.0,0.2997907179353518,0.062202409337654425,0.009635720973865926,0.01917498580115088,5.0,4.0,7.0,5.299333333333334,4.093333333333333,7.831333333333332,9.95738322865811,8.430929009875339,15.13297100232743,-7.724109118647687,-7.192722935796048,-12.10778058791198
11,1,0.2857142857142857,1.6582280766035322,-2.0972091755241404,"(0, 0, 0, 1, 0, 1, 1, 0, 0, 1, 1, 1, 1, 0, 1, 1, 1, 1, 1, 0, 0, 0, 0, 1, 1)",8.0,11.0,12.0,12.0,9.062666666666667,12.015,12.869333333333334,13.875,0.0,6.714266818327939,7.369488005663214,9.592849423151433,3.0,3.0,8.0,2.0,0.15103442027381409,0.08335078263049585,0.030209052987573586,0.02620768987945974,3.0,4.0,4.0,2.9523333333333337,3.8066666666666666,4.812333333333333,6.714266818327939,7.369488005663214,9.592849423151433,-6.238143727133028,-5.907970376246267,-7.927186000791306
11,2,0.5714285714285714,1.6582280766035322,-1.423294482464329,"(0, 0, 1, 1, 1, 1, 1, 1, 1, 0, 0, 0, 0, 1, 1, 1, 0, 1, 1, 1, 1, 0, 0, 0, 0)",7.0,11.0,11.0,13.0,7.14,11.674,11.765666666666666,15.157333333333334,0.0,8.658603724793004,7.155079115358378,11.968509877097484,1.0,2.0,11.0,3.0,0.24843837222896245,0.07899982282821023,0.00020018109344643441,0.01036937891300741,4.0,4.0,6.0,4.534,4.625666666666667,8.017333333333333,8.658603724793004,7.155079115358378,11.968509877097484,-6.8395337013152675,-4.194342739731087,-6.551951880487019
11,3,0.8571428571428571,1.6582280766035322,-1.2575733548945267,"(1, 0, 0, 1, 0, 0, 0, 0, 1, 0, 1, 0, 0, 0, 1, 1, 0, 1, 0, 0, 1, 0, 1, 1, 0)",6.0,11.0,9.0,11.0,6.138,11.295,11.155,12.032333333333334,0.0,8.694504362651472,7.814206351051877,11.120989507145419,2.0,45.0,2.0,2.0,0.12091676537561392,0.012082547327640896,0.039157186467913246,0.05707901609256929,5.0,3.0,5.0,5.157,5.0169999999999995,5.894333333333334,8.694504362651472,7.814206351051877,11.120989507145419,-5.865989055256154,-4.638406107367939,-8.66698801416839
11,4,1.1428571428571428,1.6582280766035322,-1.1590338984004502,"(0, 1, 1, 1, 0, 1, 0, 0, 1, 1, 1, 1, 1, 1, 0, 0, 0, 1, 0, 1, 0, 0, 0, 1, 1)",7.0,11.0,11.0,14.0,7.115333333333333,11.353,11.367,14.968333333333334,0.0,7.3911831563321115,8.05204231912784,11.79943509993135,1.0,2.0,6.0,20.0,0.06312365175812744,0.11517162887972153,0.1257372021787628,0.0003767779353769505,4.0,4.0,7.0,4.237666666666667,4.251666666666668,7.853000000000001,7.3911831563321115,8.05204231912784,11.79943509993135,-5.229249583195453,-6.301889608551584,-6.544089485199828
11,5,1.4285714285714284,1.6582280766035322,-0.38611522230811923,"(1, 0, 1, 1, 1, 1, 1, 0, 1, 1, 0, 0, 1, 0, 1, 0, 0, 0, 0, 0, 0, 0, 1, 0, 1)",7.0,12.0,10.0,12.0,7.676333333333333,12.439666666666668,11.284666666666666,13.379666666666667,0.0,7.891378443261364,5.936567062779087,10.186983330620277,2.0,55.0,6.0,2.0,0.14852879959938833,0.0029519505811069244,0.005485012667976243,0.05759156012741512,5.0,3.0,5.0,4.7633333333333345,3.6083333333333334,5.703333333333334,7.891378443261364,5.936567062779087,10.186983330620277,-5.187012226165041,-3.8607425390623007,-7.434914311164561
11,6,1.7142857142857142,1.6582280766035322,-1.7139569688360021,"(1, 1, 1, 0, 0, 0, 0, 0, 1, 1, 0, 1, 0, 0, 0, 0, 1, 1, 0, 1, 1, 1, 1, 1, 1)",8.0,11.0,10.0,14.0,8.888666666666667,11.546333333333333,10.65,15.456666666666667,0.0,6.965847654683305,5.140709709791424,10.807086932244374,13.0,8.0,6.0,23.0,0.12953420780452957,0.0011456310172759418,0.06287876343066623,0.04476470243840311,3.0,2.0,6.0,2.6576666666666657,1.761333333333333,6.568,6.965847654683305,5.140709709791424,10.807086932244374,-7.1439466734187365,-5.603776788853515,-7.0293729702107575
11,7,2.0,1.6582280766035322,-0.8492503031483845,"(1, 0, 1, 0, 1, 0, 1, 0, 0, 1, 1, 0, 0, 1, 0, 1, 0, 0, 1, 0, 1, 0, 0, 0, 0)",6.0,11.0,9.0,12.0,6.049333333333333,11.367333333333333,9.431333333333333,12.374666666666666,0.0,9.382512404012479,6.951439495173261,12.134305047623226,2.0,50.0,2.0,6.0,0.448004783024391,0.01251175458383202,0.007065964138801019,0.0013979315516351504,5.0,3.0,6.0,5.318,3.3819999999999997,6.325333333333333,9.382512404012479,6.951439495173261,12.134305047623226,-6.7398885860368125,-5.918944788633841,-9.632599992831253
12,0,0.0,1.6582280766035322,-2.2973159224133024,"(0, 1, 0, 0, 0, 0, 1, 0, 1, 1, 0, 0, 0, 0, 0, 0, 0, 1, 0, 0, 0, 0, 1, 0, 0)",3.0,8.0,7.0,10.0,3.0153333333333334,8.314666666666668,7.108666666666666,10.846666666666666,0.0,9.95738322865811,8.430929009875339,15.13297100232743,1.0,6.0,2.0,3.0,0.2997907179353518,0.062202409337654425,0.009635720973865926,0.01917498580115088,5.0,4.0,7.0,5.299333333333334,4.093333333333333,7.831333333333332,9.95738322865811,8.430929009875339,15.13297100232743,-7.724109118647687,-7.192722935796048,-12.10778058791198
12,1,0.2857142857142857,1.6582280766035322,-0.5565855494178007,"(0, 1, 0, 1, 0, 1, 0, 0, 0, 1, 1, 1, 1, 0, 1, 1, 1, 1, 1, 0, 0, 0, 0, 1, 1)",8.0,12.0,11.0,14.0,8.737333333333334,12.273333333333333,12.312333333333333,15.027333333333333,0.0,6.028027553581975,6.097719194690341,9.509403701385466,2.0,44.0,7.0,37.0,0.21710488240363088,0.003402967062256295,0.07703981928038474,0.06354053060940486,4.0,3.0,6.0,3.5359999999999996,3.5749999999999993,6.289999999999999,6.028027553581975,6.097719194690341,9.509403701385466,-4.132350057019244,-4.183243798022176,-5.338505607558715
12,2,0.5714285714285714,1.6582280766035322,-2.4342741097301843,"(0, 0, 1, 1, 1, 1, 1, 1, 1, 0, 1, 0, 0, 1, 0, 1, 0, 1, 1, 1, 1, 0, 0, 0, 0)",8.0,11.0,11.0,13.0,8.086,12.584333333333333,11.751666666666667,14.015333333333333,0.0,7.125406045165378,7.384716066833357,9.36726591808593,3.0,3.0,6.0,3.0,0.23791616628133005,0.08904113675993204,0.00138042514832375,0.08238627036595392,3.0,3.0,5.0,4.498333333333333,3.6656666666666666,5.929333333333332,7.125406045165378,7.384716066833357,9.36726591808593,-4.356285730038877,-6.16703213363193,-5.700876337506911
12,3,0.8571428571428571,1.6582280766035322,-1.2575733548945267,"(1, 0, 0, 1, 0, 0, 0, 0, 1, 0, 1, 0, 0, 0, 1, 1, 0, 1, 0, 0, 1, 0, 1, 1, 0)",6.0,11.0,9.0,11.0,6.138,11.295,11.155,12.032333333333334,0.0,8.694504362651472,7.814206351051877,11.120989507145419,2.0,45.0,2.0,2.0,0.12091676537561392,0.012082547327640896,0.039157186467913246,0.05707901609256929,5.0,3.0,5.0,5.157,5.0169999999999995,5.894333333333334,8.694504362651472,7.814206351051877,11.120989507145419,-5.865989055256154,-4.638406107367939,-8.66698801416839
12,4,1.1428571428571428,1.6582280766035322,-1.1590338984004502,"(0, 1, 1, 1, 0, 1, 0, 0, 1, 1, 1, 1, 1, 1, 0, 0, 0, 1, 0, 1, 0, 0, 0, 1, 1)",7.0,11.0,11.0,14.0,7.115333333333333,11.353,11.367,14.968333333333334,0.0,7.3911831563321115,8.05204231912784,11.79943509993135,1.0,2.0,6.0,20.0,0.06312365175812744,0.11517162887972153,0.1257372021787628,0.0003767779353769505,4.0,4.0,7.0,4.237666666666667,4.251666666666668,7.853000000000001,7.3911831563321115,8.05204231912784,11.79943509993135,-5.229249583195453,-6.301889608551584,-6.544089485199828
12,5,1.4285714285714284,1.6582280766035322,-1.3204193534751147,"(1, 0, 1, 1, 1, 1, 1, 0, 1, 1, 0, 0, 1, 0, 1, 0, 0, 0, 1, 1, 0, 0, 1, 0, 1)",8.0,11.0,11.0,13.0,9.682,12.311333333333334,11.582333333333333,14.892333333333333,0.0,5.887630909762875,5.557164478852198,9.087255682595018,2.0,9.0,8.0,1.0,0.1780205730341673,0.061741491158482736,0.013686155759297746,0.05269306132647681,3.0,3.0,5.0,2.6293333333333333,1.9003333333333323,5.210333333333333,5.887630909762875,5.557164478852198,9.087255682595018,-5.40300052316471,-6.06386007689764,-6.428821490357452
12,6,1.7142857142857142,1.6582280766035322,-1.2637911141257678,"(1, 1, 1, 0, 0, 0, 0, 0, 1, 1, 0, 1, 0, 0, 0, 0, 1, 1, 0, 1, 1, 1, 1, 0, 0)",7.0,10.0,9.0,13.0,7.037333333333334,10.382666666666667,9.433333333333334,14.46,0.0,5.445141959899426,4.630721664832008,9.544429163314613,3.0,2.0,1.0,8.0,0.13173914181500462,0.00317868053439544,0.0734326119401292,0.10295918661284885,3.0,2.0,6.0,3.3453333333333335,2.396,7.422666666666667,5.445141959899426,4.630721664832008,9.544429163314613,-3.4819616200661967,-3.705678208018625,-3.518366143826031
12,7,2.0,1.6582280766035322,-0.8492503031483845,"(1, 0, 1, 0, 1, 0, 1, 0, 0, 1, 1, 0, 0, 1, 0, 1, 0, 0, 1, 0, 1, 0, 0, 0, 0)",6.0,11.0,9.0,12.0,6.049333333333333,11.367333333333333,9.431333333333333,12.374666666666666,0.0,9.382512404012479,6.951439495173261,12.134305047623226,2.0,50.0,2.0,6.0,0.448004783024391,0.01251175458383202,0.007065964138801019,0.0013979315516351504,5.0,3.0,6.0,5.318,3.3819999999999997,6.325333333333333,9.382512404012479,6.951439495173261,12.134305047623226,-6.7398885860368125,-5.918944788633841,-9.632599992831253
13,0,0.0,1.6582280766035322,-2.2973159224133024,"(0, 1, 0, 0, 0, 0, 1, 0, 1, 1, 0, 0, 0, 0, 0, 0, 0, 1, 0, 0, 0, 0, 1, 0, 0)",3.0,8.0,7.0,10.0,3.0153333333333334,8.314666666666668,7.108666666666666,10.846666666666666,0.0,9.95738322865811,8.430929009875339,15.13297100232743,1.0,6.0,2.0,3.0,0.2997907179353518,0.062202409337654425,0.009635720973865926,0.01917498580115088,5.0,4.0,7.0,5.299333333333334,4.093333333333333,7.831333333333332,9.95738322865811,8.430929009875339,15.13297100232743,-7.724109118647687,-7.192722935796048,-12.10778058791198
13,1,0.2857142857142857,1.6582280766035322,-0.5565855494178007,"(0, 1, 0, 1, 0, 1, 0, 0, 0, 1, 1, 1, 1, 0, 1, 1, 1, 1, 1, 0, 0, 0, 0, 1, 1)",8.0,12.0,11.0,14.0,8.737333333333334,12.273333333333333,12.312333333333333,15.027333333333333,0.0,6.028027553581975,6.097719194690341,9.509403701385466,2.0,44.0,7.0,37.0,0.21710488240363088,0.003402967062256295,0.07703981928038474,0.06354053060940486,4.0,3.0,6.0,3.5359999999999996,3.5749999999999993,6.289999999999999,6.028027553581975,6.097719194690341,9.509403701385466,-4.132350057019244,-4.183243798022176,-5.338505607558715
13,2,0.5714285714285714,1.6582280766035322,-2.4342741097301843,"(0, 0, 1, 1, 1, 1, 1, 1, 1, 0, 1, 0, 0, 1, 0, 1, 0, 1, 1, 1, 1, 0, 0, 0, 0)",8.0,11.0,11.0,13.0,8.086,12.584333333333333,11.751666666666667,14.015333333333333,0.0,7.125406045165378,7.384716066833357,9.36726591808593,3.0,3.0,6.0,3.0,0.23791616628133005,0.08904113675993204,0.00138042514832375,0.08238627036595392,3.0,3.0,5.0,4.498333333333333,3.6656666666666666,5.929333333333332,7.125406045165378,7.384716066833357,9.36726591808593,-4.356285730038877,-6.16703213363193,-5.700876337506911
13,3,0.8571428571428571,1.6582280766035322,-1.2575733548945267,"(1, 0, 0, 1, 0, 0, 0, 0, 1, 0, 1, 0, 0, 0, 1, 1, 0, 1, 0, 0, 1, 0, 1, 1, 0)",6.0,11.0,9.0,11.0,6.138,11.295,11.155,12.032333333333334,0.0,8.694504362651472,7.814206351051877,11.120989507145419,2.0,45.0,2.0,2.0,0.12091676537561392,0.012082547327640896,0.039157186467913246,0.05707901609256929,5.0,3.0,5.0,5.157,5.0169999999999995,5.894333333333334,8.694504362651472,7.814206351051877,11.120989507145419,-5.865989055256154,-4.638406107367939,-8.66698801416839
13,4,1.1428571428571428,1.6582280766035322,-2.181982387900373,"(0, 1, 1, 1, 0, 0, 1, 0, 1, 1, 1, 1, 1, 1, 0, 0, 0, 1, 0, 1, 0, 0, 0, 1, 1)",8.0,10.0,11.0,13.0,8.132,12.220666666666666,11.528,14.278333333333334,0.0,7.3826340693594,6.752452125980838,10.61357171570474,8.0,3.0,1.0,19.0,0.1916085053860541,0.012135362713851246,0.11020177686245941,0.014877925654218757,2.0,3.0,5.0,4.088666666666667,3.396000000000001,6.1463333333333345,7.3826340693594,6.752452125980838,10.61357171570474,-5.462149230561905,-5.56576315307704,-7.407700110529211
13,5,1.4285714285714284,1.6582280766035322,-1.3204193534751147,"(1, 0, 1, 1, 1, 1, 1, 0, 1, 1, 0, 0, 1, 0, 1, 0, 0, 0, 1, 1, 0, 0, 1, 0, 1)",8.0,11.0,11.0,13.0,9.682,12.311333333333334,11.582333333333333,14.892333333333333,0.0,5.887630909762875,5.557164478852198,9.087255682595018,2.0,9.0,8.0,1.0,0.1780205730341673,0.061741491158482736,0.013686155759297746,0.05269306132647681,3.0,3.0,5.0,2.6293333333333333,1.9003333333333323,5.210333333333333,5.887630909762875,5.557164478852198,9.087255682595018,-5.40300052316471,-6.06386007689764,-6.428821490357452
13,6,1.7142857142857142,1.6582280766035322,-1.2637911141257678,"(1, 1, 1, 0, 0, 0, 0, 0, 1, 1, 0, 1, 0, 0, 0, 0, 1, 1, 0, 1, 1, 1, 1, 0, 0)",7.0,10.0,9.0,13.0,7.037333333333334,10.382666666666667,9.433333333333334,14.46,0.0,5.445141959899426,4.630721664832008,9.544429163314613,3.0,2.0,1.0,8.0,0.13173914181500462,0.00317868053439544,0.0734326119401292,0.10295918661284885,3.0,2.0,6.0,3.3453333333333335,2.396,7.422666666666667,5.445141959899426,4.630721664832008,9.544429163314613,-3.4819616200661967,-3.705678208018625,-3.518366143826031
13,7,2.0,1.6582280766035322,-0.8492503031483845,"(1, 0, 1, 0, 1, 0, 1, 0, 0, 1, 1, 0, 0, 1, 0, 1, 0, 0, 1, 0, 1, 0, 0, 0, 0)",6.0,11.0,9.0,12.0,6.049333333333333,11.367333333333333,9.431333333333333,12.374666666666666,0.0,9.382512404012479,6.951439495173261,12.134305047623226,2.0,50.0,2.0,6.0,0.448004783024391,0.01251175458383202,0.007065964138801019,0.0013979315516351504,5.0,3.0,6.0,5.318,3.3819999999999997,6.325333333333333,9.382512404012479,6.951439495173261,12.134305047623226,-6.7398885860368125,-5.918944788633841,-9.632599992831253
14,0,0.0,1.6582280766035322,-2.2973159224133024,"(0, 1, 0, 0, 0, 0, 1, 0, 1, 1, 0, 0, 0, 0, 0, 0, 0, 1, 0, 0, 0, 0, 1, 0, 0)",3.0,8.0,7.0,10.0,3.0153333333333334,8.314666666666668,7.108666666666666,10.846666666666666,0.0,9.95738322865811,8.430929009875339,15.13297100232743,1.0,6.0,2.0,3.0,0.2997907179353518,0.062202409337654425,0.009635720973865926,0.01917498580115088,5.0,4.0,7.0,5.299333333333334,4.093333333333333,7.831333333333332,9.95738322865811,8.430929009875339,15.13297100232743,-7.724109118647687,-7.192722935796048,-12.10778058791198
14,1,0.2857142857142857,1.6582280766035322,-2.1908020086694098,"(0, 1, 0, 1, 0, 1, 0, 0, 0, 1, 1, 1, 1, 0, 0, 1, 1, 1, 1, 1, 0, 0, 0, 1, 1)",8.0,10.0,11.0,12.0,8.587,11.324333333333334,12.153666666666666,13.227666666666666,0.0,6.9655344338243905,6.516725792513442,9.687948803344645,1.0,2.0,2.0,1.0,0.21403210778029572,0.00045832493710315996,0.0658349256005245,0.0644257794644508,2.0,3.0,4.0,2.737333333333334,3.5666666666666664,4.640666666666666,6.9655344338243905,6.516725792513442,9.687948803344645,-7.011321778360223,-4.891870870119596,-8.36954494957889
14,2,0.5714285714285714,1.6582280766035322,-2.4342741097301843,"(0, 0, 1, 1, 1, 1, 1, 1, 1, 0, 1, 0, 0, 1, 0, 1, 0, 1, 1, 1, 1, 0, 0, 0, 0)",8.0,11.0,11.0,13.0,8.086,12.584333333333333,11.751666666666667,14.015333333333333,0.0,7.125406045165378,7.384716066833357,9.36726591808593,3.0,3.0,6.0,3.0,0.23791616628133005,0.08904113675993204,0.00138042514832375,0.08238627036595392,3.0,3.0,5.0,4.498333333333333,3.6656666666666666,5.929333333333332,7.125406045165378,7.384716066833357,9.36726591808593,-4.356285730038877,-6.16703213363193,-5.700876337506911
14,3,0.8571428571428571,1.6582280766035322,-1.2575733548945267,"(1, 0, 0, 1, 0, 0, 0, 0, 1, 0, 1, 0, 0, 0, 1, 1, 0, 1, 0, 0, 1, 0, 1, 1, 0)",6.0,11.0,9.0,11.0,6.138,11.295,11.155,12.032333333333334,0.0,8.694504362651472,7.814206351051877,11.120989507145419,2.0,45.0,2.0,2.0,0.12091676537561392,0.012082547327640896,0.039157186467913246,0.05707901609256929,5.0,3.0,5.0,5.157,5.0169999999999995,5.894333333333334,8.694504362651472,7.814206351051877,11.120989507145419,-5.865989055256154,-4.638406107367939,-8.66698801416839
14,4,1.1428571428571428,1.6582280766035322,-2.181982387900373,"(0, 1, 1, 1, 0, 0, 1, 0, 1, 1, 1, 1, 1, 1, 0, 0, 0, 1, 0, 1, 0, 0, 0, 1, 1)",8.0,10.0,11.0,13.0,8.132,12.220666666666666,11.528,14.278333333333334,0.0,7.3826340693594,6.752452125980838,10.61357171570474,8.0,3.0,1.0,19.0,0.1916085053860541,0.012135362713851246,0.11020177686245941,0.014877925654218757,2.0,3.0,5.0,4.088666666666667,3.396000000000001,6.1463333333333345,7.3826340693594,6.752452125980838,10.61357171570474,-5.462149230561905,-5.56576315307704,-7.407700110529211
14,5,1.4285714285714284,1.6582280766035322,-0.6098021192477063,"(1, 0, 1, 0, 1, 1, 1, 0, 0, 1, 0, 0, 1, 0, 1, 0, 0, 0, 1, 1, 0, 0, 1, 0, 1)",7.0,12.0,10.0,12.0,7.189333333333333,12.641,11.566,13.68,0.0,8.483605388442111,6.0912889547044,10.801522655809546,2.0,42.0,2.0,1.0,0.16464152056914635,0.008325329616536176,0.061552194254462705,0.0019519395539129322,5.0,3.0,5.0,5.451666666666667,4.376666666666668,6.490666666666667,8.483605388442111,6.0912889547044,10.801522655809546,-5.027645914989467,-2.8432348187943557,-7.1483824353912135
14,6,1.7142857142857142,1.6582280766035322,-2.2571768214874055,"(1, 1, 1, 0, 0, 0, 0, 0, 1, 1, 0, 1, 0, 0, 0, 0, 1, 1, 1, 0, 1, 1, 1, 0, 0)",6.0,9.0,8.0,12.0,6.004,9.204666666666666,8.352333333333334,12.417666666666667,0.0,6.4091804893674995,7.813653608359675,12.70224816385994,3.0,2.0,1.0,5.0,0.36483130662850716,0.007812219140533186,0.09904153302488257,0.027798152959814543,3.0,2.0,6.0,3.2006666666666668,2.3483333333333345,6.413666666666668,6.4091804893674995,7.813653608359675,12.70224816385994,-5.3204477049730485,-9.062747527679216,-10.427902400655361
14,7,2.0,1.6582280766035322,-0.8492503031483845,"(1, 0, 1, 0, 1, 0, 1, 0, 0, 1, 1, 0, 0, 1, 0, 1, 0, 0, 1, 0, 1, 0, 0, 0, 0)",6.0,11.0,9.0,12.0,6.049333333333333,11.367333333333333,9.431333333333333,12.374666666666666,0.0,9.382512404012479,6.951439495173261,12.134305047623226,2.0,50.0,2.0,6.0,0.448004783024391,0.01251175458383202,0.007065964138801019,0.0013979315516351504,5.0,3.0,6.0,5.318,3.3819999999999997,6.325333333333333,9.382512404012479,6.951439495173261,12.134305047623226,-6.7398885860368125,-5.918944788633841,-9.632599992831253
15,0,0.0,1.6582280766035322,-2.1253403457316065,"(0, 1, 1, 1, 0, 0, 1, 0, 1, 1, 0, 0, 0, 0, 0, 0, 0, 1, 0, 0, 0, 0, 1, 0, 0)",4.0,8.0,8.0,11.0,4.06,9.141,9.244666666666667,11.811,0.0,9.253106127389982,8.910193773526572,14.415114855587557,1.0,2.0,4.0,11.0,0.2496201589119981,0.05869636202366528,0.0015512117439769834,0.00546106601889222,4.0,4.0,7.0,5.081,5.184666666666668,7.751,9.253106127389982,8.910193773526572,14.415114855587557,-6.918303519007701,-6.177773648742622,-11.050622359245981
15,1,0.2857142857142857,1.6582280766035322,-2.1908020086694098,"(0, 1, 0, 1, 0, 1, 0, 0, 0, 1, 1, 1, 1, 0, 0, 1, 1, 1, 1, 1, 0, 0, 0, 1, 1)",8.0,10.0,11.0,12.0,8.587,11.324333333333334,12.153666666666666,13.227666666666666,0.0,6.9655344338243905,6.516725792513442,9.687948803344645,1.0,2.0,2.0,1.0,0.21403210778029572,0.00045832493710315996,0.0658349256005245,0.0644257794644508,2.0,3.0,4.0,2.737333333333334,3.5666666666666664,4.640666666666666,6.9655344338243905,6.516725792513442,9.687948803344645,-7.011321778360223,-4.891870870119596,-8.36954494957889
15,2,0.5714285714285714,1.6582280766035322,-2.3405072278488266,"(0, 0, 1, 1, 1, 1, 1, 1, 1, 0, 1, 0, 0, 1, 0, 1, 0, 1, 1, 1, 1, 0, 0, 1, 1)",9.0,12.0,10.0,14.0,9.302333333333333,13.121,11.089,15.827,0.0,6.441819945341979,6.420502502179421,9.906309803898722,13.0,19.0,1.0,6.0,0.11988027755361437,0.07471290987175394,0.06353488187092879,0.003406263289503679,3.0,1.0,5.0,3.818666666666667,1.786666666666667,6.524666666666667,6.441819945341979,6.420502502179421,9.906309803898722,-4.349786415934012,-7.683956684818835,-5.6075355952118455
15,3,0.8571428571428571,1.6582280766035322,-0.8085311429236053,"(1, 0, 0, 1, 1, 0, 0, 0, 1, 1, 1, 0, 0, 0, 1, 1, 0, 1, 0, 0, 1, 0, 1, 1, 0)",6.0,11.0,11.0,11.0,6.058666666666666,11.415333333333333,12.686,13.189333333333334,0.0,6.083403158962327,8.679810619417124,11.709061669756457,1.0,3.0,15.0,1.0,0.14897715478601467,0.07019263904570991,0.00016679709415253017,0.050361457722405904,5.0,5.0,5.0,5.3566666666666665,6.6273333333333335,7.130666666666667,6.083403158962327,8.679810619417124,11.709061669756457,-1.2050948558170316,-3.403475462375161,-7.592023139904804
15,4,1.1428571428571428,1.6582280766035322,-1.7499156748837994,"(0, 1, 1, 0, 0, 0, 1, 0, 0, 1, 1, 1, 1, 1, 0, 0, 0, 1, 0, 1, 0, 0, 0, 1, 1)",8.0,12.0,12.0,13.0,8.052666666666667,13.027333333333333,12.437,14.358,0.0,7.530833597516737,7.446328452257381,10.329876528932486,4.0,9.0,31.0,18.0,0.18760311760332166,0.06435337754061568,0.0010813725602491274,0.05342607624860313,4.0,4.0,5.0,4.974666666666666,4.384333333333332,6.3053333333333335,7.530833597516737,7.446328452257381,10.329876528932486,-4.238707773221067,-5.077486276622829,-6.673610522446215
15,5,1.4285714285714284,1.6582280766035322,-1.7156889406627314,"(1, 1, 1, 0, 1, 1, 1, 0, 0, 1, 0, 0, 1, 0, 1, 0, 0, 0, 1, 1, 0, 1, 1, 0, 1)",8.0,10.0,10.0,13.0,8.093,10.638333333333334,11.253333333333334,13.877333333333333,0.0,5.845806712719653,4.897420013819075,9.41985017287067,6.0,2.0,1.0,9.0,0.18825670338659042,0.048154082922116793,0.0009162779230372422,0.024358856100139135,2.0,2.0,5.0,2.5453333333333337,3.160333333333334,5.784333333333333,5.845806712719653,4.897420013819075,9.41985017287067,-5.472937623780936,-2.8804859050754854,-6.02851609628575
15,6,1.7142857142857142,1.6582280766035322,-1.5085942917324227,"(1, 1, 1, 0, 0, 0, 0, 0, 1, 1, 0, 1, 0, 0, 0, 0, 1, 0, 1, 0, 1, 1, 0, 0, 0)",7.0,10.0,12.0,12.0,7.074,10.429333333333334,12.137333333333334,13.385,0.0,6.340953616393467,7.020053288031835,10.92234299594652,11.0,6.0,61.0,5.0,0.2579248124968378,0.0035322390414447625,0.07051997782287876,0.05009565573313775,3.0,5.0,5.0,3.355333333333334,5.063333333333334,6.311,6.340953616393467,7.020053288031835,10.92234299594652,-4.950839379447297,-3.244687966931445,-7.646658426727568
15,7,2.0,1.6582280766035322,-0.8492503031483845,"(1, 0, 1, 0, 1, 0, 1, 0, 0, 1, 1, 0, 0, 1, 0, 1, 0, 0, 1, 0, 1, 0, 0, 0, 0)",6.0,11.0,9.0,12.0,6.049333333333333,11.367333333333333,9.431333333333333,12.374666666666666,0.0,9.382512404012479,6.951439495173261,12.134305047623226,2.0,50.0,2.0,6.0,0.448004783024391,0.01251175458383202,0.007065964138801019,0.0013979315516351504,5.0,3.0,6.0,5.318,3.3819999999999997,6.325333333333333,9.382512404012479,6.951439495173261,12.134305047623226,-6.7398885860368125,-5.918944788633841,-9.632599992831253
16,0,0.0,1.6582280766035322,-2.1253403457316065,"(0, 1, 1, 1, 0, 0, 1, 0, 1, 1, 0, 0, 0, 0, 0, 0, 0, 1, 0, 0, 0, 0, 1, 0, 0)",4.0,8.0,8.0,11.0,4.06,9.141,9.244666666666667,11.811,0.0,9.253106127389982,8.910193773526572,14.415114855587557,1.0,2.0,4.0,11.0,0.2496201589119981,0.05869636202366528,0.0015512117439769834,0.00546106601889222,4.0,4.0,7.0,5.081,5.184666666666668,7.751,9.253106127389982,8.910193773526572,14.415114855587557,-6.918303519007701,-6.177773648742622,-11.050622359245981
16,1,0.2857142857142857,1.6582280766035322,-2.1908020086694098,"(0, 1, 0, 1, 0, 1, 0, 0, 0, 1, 1, 1, 1, 0, 0, 1, 1, 1, 1, 1, 0, 0, 0, 1, 1)",8.0,10.0,11.0,12.0,8.587,11.324333333333334,12.153666666666666,13.227666666666666,0.0,6.9655344338243905,6.516725792513442,9.687948803344645,1.0,2.0,2.0,1.0,0.21403210778029572,0.00045832493710315996,0.0658349256005245,0.0644257794644508,2.0,3.0,4.0,2.737333333333334,3.5666666666666664,4.640666666666666,6.9655344338243905,6.516725792513442,9.687948803344645,-7.011321778360223,-4.891870870119596,-8.36954494957889
16,2,0.5714285714285714,1.6582280766035322,-0.9219332549969292,"(0, 0, 1, 1, 1, 1, 1, 1, 1, 0, 1, 0, 0, 1, 0, 1, 0, 1, 0, 0, 1, 0, 0, 1, 1)",8.0,12.0,13.0,13.0,8.004666666666667,12.981333333333334,13.459333333333333,14.28,0.0,6.554653153576647,6.813170910719137,10.253054507094724,2.0,4.0,34.0,3.0,0.137124332298155,0.069839075032912,0.019608566687152988,0.004931666374173235,4.0,5.0,5.0,4.976666666666667,5.454666666666666,6.275333333333332,6.554653153576647,6.813170910719137,10.253054507094724,-2.616661497095101,-2.2527098796728637,-6.595968931231497
16,3,0.8571428571428571,1.6582280766035322,-0.8085311429236053,"(1, 0, 0, 1, 1, 0, 0, 0, 1, 1, 1, 0, 0, 0, 1, 1, 0, 1, 0, 0, 1, 0, 1, 1, 0)",6.0,11.0,11.0,11.0,6.058666666666666,11.415333333333333,12.686,13.189333333333334,0.0,6.083403158962327,8.679810619417124,11.709061669756457,1.0,3.0,15.0,1.0,0.14897715478601467,0.07019263904570991,0.00016679709415253017,0.050361457722405904,5.0,5.0,5.0,5.3566666666666665,6.6273333333333335,7.130666666666667,6.083403158962327,8.679810619417124,11.709061669756457,-1.2050948558170316,-3.403475462375161,-7.592023139904804
16,4,1.1428571428571428,1.6582280766035322,-2.356457429961839,"(0, 1, 1, 0, 0, 1, 0, 0, 0, 1, 1, 1, 1, 1, 0, 0, 0, 1, 0, 1, 0, 0, 0, 1, 1)",7.0,11.0,10.0,13.0,7.349,11.544333333333332,11.514,14.533333333333333,0.0,6.800347280260071,7.914971343840149,11.38298954324878,6.0,11.0,3.0,6.0,0.2571167174055099,0.00038876555076715016,0.05446016876533285,0.059088125442894844,4.0,3.0,6.0,4.195333333333332,4.164999999999999,7.184333333333333,6.800347280260071,7.914971343840149,11.38298954324878,-4.3197072667377014,-6.218307768814414,-6.962329611287568
16,5,1.4285714285714284,1.6582280766035322,-1.7156889406627314,"(1, 1, 1, 0, 1, 1, 1, 0, 0, 1, 0, 0, 1, 0, 1, 0, 0, 0, 1, 1, 0, 1, 1, 0, 1)",8.0,10.0,10.0,13.0,8.093,10.638333333333334,11.253333333333334,13.877333333333333,0.0,5.845806712719653,4.897420013819075,9.41985017287067,6.0,2.0,1.0,9.0,0.18825670338659042,0.048154082922116793,0.0009162779230372422,0.024358856100139135,2.0,2.0,5.0,2.5453333333333337,3.160333333333334,5.784333333333333,5.845806712719653,4.897420013819075,9.41985017287067,-5.472937623780936,-2.8804859050754854,-6.02851609628575
16,6,1.7142857142857142,1.6582280766035322,-1.1280572683001793,"(1, 1, 1, 0, 0, 0, 0, 1, 0, 1, 0, 1, 0, 0, 0, 0, 1, 0, 1, 0, 1, 1, 0, 0, 0)",7.0,10.0,11.0,13.0,7.082,10.581666666666667,11.522,13.367666666666667,0.0,6.805920769073099,6.686675745608897,10.668376153636485,6.0,10.0,22.0,79.0,0.233639014636047,0.06726862341472077,0.06024671489409224,0.003974124770875035,3.0,4.0,6.0,3.499666666666667,4.44,6.285666666666667,6.805920769073099,6.686675745608897,10.668376153636485,-5.482523380995955,-3.725500800392848,-7.267531922890015
16,7,2.0,1.6582280766035322,-0.8492503031483845,"(1, 0, 1, 0, 1, 0, 1, 0, 0, 1, 1, 0, 0, 1, 0, 1, 0, 0, 1, 0, 1, 0, 0, 0, 0)",6.0,11.0,9.0,12.0,6.049333333333333,11.367333333333333,9.431333333333333,12.374666666666666,0.0,9.382512404012479,6.951439495173261,12.134305047623226,2.0,50.0,2.0,6.0,0.448004783024391,0.01251175458383202,0.007065964138801019,0.0013979315516351504,5.0,3.0,6.0,5.318,3.3819999999999997,6.325333333333333,9.382512404012479,6.951439495173261,12.134305047623226,-6.7398885860368125,-5.918944788633841,-9.632599992831253
17,0,0.0,1.6582280766035322,-1.0196166067414825,"(0, 1, 1, 1, 0, 0, 0, 0, 1, 1, 0, 1, 0, 0, 0, 0, 0, 1, 0, 0, 0, 0, 1, 0, 0)",5.0,10.0,9.0,12.0,5.259333333333333,10.370333333333333,9.771333333333333,12.940333333333333,0.0,9.123810399305922,7.838582303777947,13.99189820092552,1.0,34.0,6.0,12.0,0.19851509363696773,0.046719680723317815,0.005624837214413082,0.020239971134411533,5.0,4.0,7.0,5.111,4.512,7.681,9.123810399305922,7.838582303777947,13.99189820092552,-6.654154870215712,-5.516232175257054,-10.464908585361417
17,1,0.2857142857142857,1.6582280766035322,-2.1908020086694098,"(0, 1, 0, 1, 0, 1, 0, 0, 0, 1, 1, 1, 1, 0, 0, 1, 1, 1, 1, 1, 0, 0, 0, 1, 1)",8.0,10.0,11.0,12.0,8.587,11.324333333333334,12.153666666666666,13.227666666666666,0.0,6.9655344338243905,6.516725792513442,9.687948803344645,1.0,2.0,2.0,1.0,0.21403210778029572,0.00045832493710315996,0.0658349256005245,0.0644257794644508,2.0,3.0,4.0,2.737333333333334,3.5666666666666664,4.640666666666666,6.9655344338243905,6.516725792513442,9.687948803344645,-7.011321778360223,-4.891870870119596,-8.36954494957889
17,2,0.5714285714285714,1.6582280766035322,-1.1206848957188207,"(0, 0, 1, 1, 1, 1, 1, 1, 1, 0, 0, 1, 0, 1, 0, 1, 0, 1, 0, 0, 1, 0, 0, 1, 1)",8.0,12.0,11.0,13.0,8.050666666666666,12.736,11.918666666666667,15.731333333333334,0.0,6.257940876403055,6.178649937206793,10.12948887825315,4.0,38.0,2.0,5.0,0.19104861022067518,0.05440914756214305,0.05227905329856865,0.0069149688875255215,4.0,3.0,5.0,4.685333333333334,3.8680000000000003,7.680666666666667,6.257940876403055,6.178649937206793,10.12948887825315,-2.607741981396709,-3.8315846010784926,-4.060705745863062
17,3,0.8571428571428571,1.6582280766035322,-0.8085311429236053,"(1, 0, 0, 1, 1, 0, 0, 0, 1, 1, 1, 0, 0, 0, 1, 1, 0, 1, 0, 0, 1, 0, 1, 1, 0)",6.0,11.0,11.0,11.0,6.058666666666666,11.415333333333333,12.686,13.189333333333334,0.0,6.083403158962327,8.679810619417124,11.709061669756457,1.0,3.0,15.0,1.0,0.14897715478601467,0.07019263904570991,0.00016679709415253017,0.050361457722405904,5.0,5.0,5.0,5.3566666666666665,6.6273333333333335,7.130666666666667,6.083403158962327,8.679810619417124,11.709061669756457,-1.2050948558170316,-3.403475462375161,-7.592023139904804
17,4,1.1428571428571428,1.6582280766035322,-2.356457429961839,"(0, 1, 1, 0, 0, 1, 0, 0, 0, 1, 1, 1, 1, 1, 0, 0, 0, 1, 0, 1, 0, 0, 0, 1, 1)",7.0,11.0,10.0,13.0,7.349,11.544333333333332,11.514,14.533333333333333,0.0,6.800347280260071,7.914971343840149,11.38298954324878,6.0,11.0,3.0,6.0,0.2571167174055099,0.00038876555076715016,0.05446016876533285,0.059088125442894844,4.0,3.0,6.0,4.195333333333332,4.164999999999999,7.184333333333333,6.800347280260071,7.914971343840149,11.38298954324878,-4.3197072667377014,-6.218307768814414,-6.962329611287568
17,5,1.4285714285714284,1.6582280766035322,-1.7156889406627314,"(1, 1, 1, 0, 1, 1, 1, 0, 0, 1, 0, 0, 1, 0, 1, 0, 0, 0, 1, 1, 0, 1, 1, 0, 1)",8.0,10.0,10.0,13.0,8.093,10.638333333333334,11.253333333333334,13.877333333333333,0.0,5.845806712719653,4.897420013819075,9.41985017287067,6.0,2.0,1.0,9.0,0.18825670338659042,0.048154082922116793,0.0009162779230372422,0.024358856100139135,2.0,2.0,5.0,2.5453333333333337,3.160333333333334,5.784333333333333,5.845806712719653,4.897420013819075,9.41985017287067,-5.472937623780936,-2.8804859050754854,-6.02851609628575
17,6,1.7142857142857142,1.6582280766035322,-2.4606106843969964,"(1, 1, 1, 0, 0, 0, 0, 1, 0, 1, 0, 1, 0, 0, 0, 0, 0, 1, 1, 0, 1, 1, 0, 0, 0)",7.0,9.0,9.0,12.0,7.163333333333333,9.705333333333334,10.000333333333334,12.761333333333333,0.0,5.343031959893461,5.698841643241562,10.039631341257646,12.0,4.0,2.0,7.0,0.3715671011307432,0.008014302934406532,0.010535446386972016,0.03914405385931175,2.0,2.0,5.0,2.5420000000000007,2.8370000000000006,5.598,5.343031959893461,5.698841643241562,10.039631341257646,-4.644749839359154,-4.7455861636163466,-7.365237795995633
17,7,2.0,1.6582280766035322,-0.8492503031483845,"(1, 0, 1, 0, 1, 0, 1, 0, 0, 1, 1, 0, 0, 1, 0, 1, 0, 0, 1, 0, 1, 0, 0, 0, 0)",6.0,11.0,9.0,12.0,6.049333333333333,11.367333333333333,9.431333333333333,12.374666666666666,0.0,9.382512404012479,6.951439495173261,12.134305047623226,2.0,50.0,2.0,6.0,0.448004783024391,0.01251175458383202,0.007065964138801019,0.0013979315516351504,5.0,3.0,6.0,5.318,3.3819999999999997,6.325333333333333,9.382512404012479,6.951439495173261,12.134305047623226,-6.7398885860368125,-5.918944788633841,-9.632599992831253
18,0,0.0,1.6582280766035322,-1.0196166067414825,"(0, 1, 1, 1, 0, 0, 0, 0, 1, 1, 0, 1, 0, 0, 0, 0, 0, 1, 0, 0, 0, 0, 1, 0, 0)",5.0,10.0,9.0,12.0,5.259333333333333,10.370333333333333,9.771333333333333,12.940333333333333,0.0,9.123810399305922,7.838582303777947,13.99189820092552,1.0,34.0,6.0,12.0,0.19851509363696773,0.046719680723317815,0.005624837214413082,0.020239971134411533,5.0,4.0,7.0,5.111,4.512,7.681,9.123810399305922,7.838582303777947,13.99189820092552,-6.654154870215712,-5.516232175257054,-10.464908585361417
18,1,0.2857142857142857,1.6582280766035322,-2.1908020086694098,"(0, 1, 0, 1, 0, 1, 0, 0, 0, 1, 1, 1, 1, 0, 0, 1, 1, 1, 1, 1, 0, 0, 0, 1, 1)",8.0,10.0,11.0,12.0,8.587,11.324333333333334,12.153666666666666,13.227666666666666,0.0,6.9655344338243905,6.516725792513442,9.687948803344645,1.0,2.0,2.0,1.0,0.21403210778029572,0.00045832493710315996,0.0658349256005245,0.0644257794644508,2.0,3.0,4.0,2.737333333333334,3.5666666666666664,4.640666666666666,6.9655344338243905,6.516725792513442,9.687948803344645,-7.011321778360223,-4.891870870119596,-8.36954494957889
18,2,0.5714285714285714,1.6582280766035322,-1.1206848957188207,"(0, 0, 1, 1, 1, 1, 1, 1, 1, 0, 0, 1, 0, 1, 0, 1, 0, 1, 0, 0, 1, 0, 0, 1, 1)",8.0,12.0,11.0,13.0,8.050666666666666,12.736,11.918666666666667,15.731333333333334,0.0,6.257940876403055,6.178649937206793,10.12948887825315,4.0,38.0,2.0,5.0,0.19104861022067518,0.05440914756214305,0.05227905329856865,0.0069149688875255215,4.0,3.0,5.0,4.685333333333334,3.8680000000000003,7.680666666666667,6.257940876403055,6.178649937206793,10.12948887825315,-2.607741981396709,-3.8315846010784926,-4.060705745863062
18,3,0.8571428571428571,1.6582280766035322,-1.8721077532950816,"(1, 0, 0, 1, 1, 0, 0, 0, 1, 1, 1, 0, 0, 0, 1, 1, 0, 1, 1, 0, 1, 0, 1, 0, 0)",7.0,9.0,10.0,12.0,7.056,9.838,10.291666666666666,12.377333333333333,0.0,6.011224175739057,6.600530797029343,9.89040002674153,7.0,3.0,1.0,17.0,0.21959134492546215,0.10532647319402129,0.033139688895725175,0.11329206049701501,2.0,3.0,5.0,2.781999999999999,3.235666666666666,5.321333333333333,6.011224175739057,6.600530797029343,9.89040002674153,-5.354790193857405,-5.579712174923519,-7.5765546748835355
18,4,1.1428571428571428,1.6582280766035322,-2.356457429961839,"(0, 1, 1, 0, 0, 1, 0, 0, 0, 1, 1, 1, 1, 1, 0, 0, 0, 1, 0, 1, 0, 0, 0, 1, 1)",7.0,11.0,10.0,13.0,7.349,11.544333333333332,11.514,14.533333333333333,0.0,6.800347280260071,7.914971343840149,11.38298954324878,6.0,11.0,3.0,6.0,0.2571167174055099,0.00038876555076715016,0.05446016876533285,0.059088125442894844,4.0,3.0,6.0,4.195333333333332,4.164999999999999,7.184333333333333,6.800347280260071,7.914971343840149,11.38298954324878,-4.3197072667377014,-6.218307768814414,-6.962329611287568
18,5,1.4285714285714284,1.6582280766035322,-1.7156889406627314,"(1, 1, 1, 0, 1, 1, 1, 0, 0, 1, 0, 0, 1, 0, 1, 0, 0, 0, 1, 1, 0, 1, 1, 0, 1)",8.0,10.0,10.0,13.0,8.093,10.638333333333334,11.253333333333334,13.877333333333333,0.0,5.845806712719653,4.897420013819075,9.41985017287067,6.0,2.0,1.0,9.0,0.18825670338659042,0.048154082922116793,0.0009162779230372422,0.024358856100139135,2.0,2.0,5.0,2.5453333333333337,3.160333333333334,5.784333333333333,5.845806712719653,4.897420013819075,9.41985017287067,-5.472937623780936,-2.8804859050754854,-6.02851609628575
18,6,1.7142857142857142,1.6582280766035322,-1.8496017116329122,"(1, 1, 1, 0, 0, 0, 0, 1, 0, 1, 0, 1, 0, 0, 0, 0, 0, 1, 1, 0, 0, 1, 0, 0, 1)",7.0,11.0,10.0,12.0,8.145666666666667,11.272666666666666,10.842,14.805,0.0,7.824321542319155,7.311643482924362,11.363275053893602,1.0,6.0,2.0,1.0,0.15502622581422587,0.033037544267479575,0.001234926412666246,0.0040076584897869826,4.0,3.0,5.0,3.126999999999999,2.6963333333333335,6.659333333333333,7.824321542319155,7.311643482924362,11.363275053893602,-7.789230466308232,-7.653236872285092,-7.800208231739766
18,7,2.0,1.6582280766035322,-0.8492503031483845,"(1, 0, 1, 0, 1, 0, 1, 0, 0, 1, 1, 0, 0, 1, 0, 1, 0, 0, 1, 0, 1, 0, 0, 0, 0)",6.0,11.0,9.0,12.0,6.049333333333333,11.367333333333333,9.431333333333333,12.374666666666666,0.0,9.382512404012479,6.951439495173261,12.134305047623226,2.0,50.0,2.0,6.0,0.448004783024391,0.01251175458383202,0.007065964138801019,0.0013979315516351504,5.0,3.0,6.0,5.318,3.3819999999999997,6.325333333333333,9.382512404012479,6.951439495173261,12.134305047623226,-6.7398885860368125,-5.918944788633841,-9.632599992831253
19,0,0.0,1.6582280766035322,-1.0196166067414825,"(0, 1, 1, 1, 0, 0, 0, 0, 1, 1, 0, 1, 0, 0, 0, 0, 0, 1, 0, 0, 0, 0, 1, 0, 0)",5.0,10.0,9.0,12.0,5.259333333333333,10.370333333333333,9.771333333333333,12.940333333333333,0.0,9.123810399305922,7.838582303777947,13.99189820092552,1.0,34.0,6.0,12.0,0.19851509363696773,0.046719680723317815,0.005624837214413082,0.020239971134411533,5.0,4.0,7.0,5.111,4.512,7.681,9.123810399305922,7.838582303777947,13.99189820092552,-6.654154870215712,-5.516232175257054,-10.464908585361417
19,1,0.2857142857142857,1.6582280766035322,-2.1908020086694098,"(0, 1, 0, 1, 0, 1, 0, 0, 0, 1, 1, 1, 1, 0, 0, 1, 1, 1, 1, 1, 0, 0, 0, 1, 1)",8.0,10.0,11.0,12.0,8.587,11.324333333333334,12.153666666666666,13.227666666666666,0.0,6.9655344338243905,6.516725792513442,9.687948803344645,1.0,2.0,2.0,1.0,0.21403210778029572,0.00045832493710315996,0.0658349256005245,0.0644257794644508,2.0,3.0,4.0,2.737333333333334,3.5666666666666664,4.640666666666666,6.9655344338243905,6.516725792513442,9.687948803344645,-7.011321778360223,-4.891870870119596,-8.36954494957889
19,2,0.5714285714285714,1.6582280766035322,-1.472974241466471,"(0, 0, 1, 1, 1, 0, 1, 1, 1, 0, 1, 1, 0, 1, 0, 1, 0, 1, 0, 0, 1, 0, 0, 1, 1)",8.0,12.0,11.0,13.0,9.383333333333333,12.983,11.861666666666666,14.375,0.0,6.536541618028855,6.490138869018565,9.802348115873885,2.0,13.0,2.0,5.0,0.14431311115895692,0.09081855221107621,0.005710385984831255,0.012628014495128357,4.0,3.0,5.0,3.5996666666666677,2.4783333333333335,4.991666666666667,6.536541618028855,6.490138869018565,9.802348115873885,-4.870008501822412,-6.652488577146724,-7.977207046671178
19,3,0.8571428571428571,1.6582280766035322,-1.7200634263996426,"(1, 0, 0, 1, 1, 0, 0, 0, 1, 1, 1, 0, 0, 0, 1, 1, 0, 1, 1, 0, 1, 0, 1, 1, 1)",7.0,10.0,10.0,12.0,7.346,11.530666666666667,11.063,13.622666666666667,0.0,5.674594663810339,6.465062775549039,10.768956898860694,4.0,10.0,6.0,1.0,0.20763622352814967,0.06471174429672519,0.0023968641284699633,0.02415109035922444,3.0,3.0,5.0,4.184666666666667,3.7170000000000005,6.276666666666667,5.674594663810339,6.465062775549039,10.768956898860694,-2.470640436981305,-4.556914850684446,-7.449241791275935
19,4,1.1428571428571428,1.6582280766035322,-2.356457429961839,"(0, 1, 1, 0, 0, 1, 0, 0, 0, 1, 1, 1, 1, 1, 0, 0, 0, 1, 0, 1, 0, 0, 0, 1, 1)",7.0,11.0,10.0,13.0,7.349,11.544333333333332,11.514,14.533333333333333,0.0,6.800347280260071,7.914971343840149,11.38298954324878,6.0,11.0,3.0,6.0,0.2571167174055099,0.00038876555076715016,0.05446016876533285,0.059088125442894844,4.0,3.0,6.0,4.195333333333332,4.164999999999999,7.184333333333333,6.800347280260071,7.914971343840149,11.38298954324878,-4.3197072667377014,-6.218307768814414,-6.962329611287568
19,5,1.4285714285714284,1.6582280766035322,-0.7566658532075383,"(1, 1, 1, 0, 1, 0, 0, 0, 0, 1, 0, 0, 1, 0, 1, 0, 0, 0, 1, 1, 0, 1, 1, 0, 1)",7.0,11.0,11.0,14.0,8.238,11.218333333333334,11.544666666666666,15.499333333333333,0.0,7.181205419943087,7.383444758641294,11.012458479531718,1.0,12.0,16.0,34.0,0.16573235315169937,0.0001777238344446721,0.06155769931493776,0.0007471072270477391,4.0,4.0,7.0,2.980333333333334,3.3066666666666666,7.261333333333333,7.181205419943087,7.383444758641294,11.012458479531718,-6.966004040236357,-6.760227894194504,-6.220221036279692
19,6,1.7142857142857142,1.6582280766035322,-1.8496017116329122,"(1, 1, 1, 0, 0, 0, 0, 1, 0, 1, 0, 1, 0, 0, 0, 0, 0, 1, 1, 0, 0, 1, 0, 0, 1)",7.0,11.0,10.0,12.0,8.145666666666667,11.272666666666666,10.842,14.805,0.0,7.824321542319155,7.311643482924362,11.363275053893602,1.0,6.0,2.0,1.0,0.15502622581422587,0.033037544267479575,0.001234926412666246,0.0040076584897869826,4.0,3.0,5.0,3.126999999999999,2.6963333333333335,6.659333333333333,7.824321542319155,7.311643482924362,11.363275053893602,-7.789230466308232,-7.653236872285092,-7.800208231739766
19,7,2.0,1.6582280766035322,-0.8492503031483845,"(1, 0, 1, 0, 1, 0, 1, 0, 0, 1, 1, 0, 0, 1, 0, 1, 0, 0, 1, 0, 1, 0, 0, 0, 0)",6.0,11.0,9.0,12.0,6.049333333333333,11.367333333333333,9.431333333333333,12.374666666666666,0.0,9.382512404012479,6.951439495173261,12.134305047623226,2.0,50.0,2.0,6.0,0.448004783024391,0.01251175458383202,0.007065964138801019,0.0013979315516351504,5.0,3.0,6.0,5.318,3.3819999999999997,6.325333333333333,9.382512404012479,6.951439495173261,12.134305047623226,-6.7398885860368125,-5.918944788633841,-9.632599992831253
20,0,0.0,1.6582280766035322,-0.42083906199004595,"(0, 1, 0, 1, 1, 1, 0, 0, 0, 0, 1, 1, 1, 0, 0, 1, 1, 1, 1, 1, 0, 0, 0, 1, 1)",8.0,11.0,13.0,13.0,8.219333333333333,12.021,13.724666666666666,14.568666666666667,0.0,6.0504044202379195,6.419719450032135,9.84357350833389,1.0,3.0,28.0,2.0,0.16355160270489164,0.006511225291627079,0.024957365469317188,0.04005879748194528,3.0,5.0,5.0,3.8016666666666676,5.505333333333333,6.349333333333334,6.0504044202379195,6.419719450032135,9.84357350833389,-3.7289200798902047,-1.5162607315664276,-5.794247164581962
20,1,0.2857142857142857,1.6582280766035322,-1.5576739199517473,"(0, 0, 0, 0, 1, 0, 1, 1, 1, 0, 1, 1, 0, 1, 0, 1, 0, 1, 0, 0, 1, 0, 0, 1, 1)",7.0,11.0,10.0,13.0,7.113,11.345666666666666,11.083666666666666,14.711,0.0,8.095966938401425,7.190021665883696,11.157516586721714,2.0,18.0,3.0,4.0,0.2588649471184478,0.00038875114793733123,0.023118393115313295,0.001521374302952956,4.0,3.0,6.0,4.232666666666666,3.9706666666666655,7.598,8.095966938401425,7.190021665883696,11.157516586721714,-6.406232978940633,-5.338424848255623,-5.902490343237918
20,2,0.5714285714285714,1.6582280766035322,-1.7200634263996426,"(1, 0, 0, 1, 1, 0, 0, 0, 1, 1, 1, 0, 0, 0, 1, 1, 0, 1, 1, 0, 1, 0, 1, 1, 1)",7.0,10.0,10.0,12.0,7.346,11.530666666666667,11.063,13.622666666666667,0.0,5.674594663810339,6.465062775549039,10.768956898860694,4.0,10.0,6.0,1.0,0.20763622352814967,0.06471174429672519,0.0023968641284699633,0.02415109035922444,3.0,3.0,5.0,4.184666666666667,3.7170000000000005,6.276666666666667,5.674594663810339,6.465062775549039,10.768956898860694,-2.470640436981305,-4.556914850684446,-7.449241791275935
20,3,0.8571428571428571,1.6582280766035322,-2.26773069302493,"(0, 1, 1, 0, 0, 1, 0, 0, 0, 1, 1, 1, 0, 0, 0, 0, 0, 1, 0, 1, 0, 0, 0, 1, 1)",6.0,9.0,11.0,12.0,6.198666666666667,11.179666666666666,11.773333333333333,13.463333333333333,0.0,8.788489045082079,9.183884317569987,12.436959308737983,3.0,1.0,24.0,18.0,0.19583305180476243,0.0606619921418958,0.006824606518115304,0.03905332908071721,3.0,5.0,6.0,4.980999999999999,5.574666666666666,7.264666666666666,8.788489045082079,9.183884317569987,12.436959308737983,-6.313685235915477,-5.984906043300932,-8.576840879492522
20,4,1.1428571428571428,1.6582280766035322,-0.7566658532075383,"(1, 1, 1, 0, 1, 0, 0, 0, 0, 1, 0, 0, 1, 0, 1, 0, 0, 0, 1, 1, 0, 1, 1, 0, 1)",7.0,11.0,11.0,14.0,8.238,11.218333333333334,11.544666666666666,15.499333333333333,0.0,7.181205419943087,7.383444758641294,11.012458479531718,1.0,12.0,16.0,34.0,0.16573235315169937,0.0001777238344446721,0.06155769931493776,0.0007471072270477391,4.0,4.0,7.0,2.980333333333334,3.3066666666666666,7.261333333333333,7.181205419943087,7.383444758641294,11.012458479531718,-6.966004040236357,-6.760227894194504,-6.220221036279692
20,5,1.4285714285714284,1.6582280766035322,-1.8496017116329122,"(1, 1, 1, 0, 0, 0, 0, 1, 0, 1, 0, 1, 0, 0, 0, 0, 0, 1, 1, 0, 0, 1, 0, 0, 1)",7.0,11.0,10.0,12.0,8.145666666666667,11.272666666666666,10.842,14.805,0.0,7.824321542319155,7.311643482924362,11.363275053893602,1.0,6.0,2.0,1.0,0.15502622581422587,0.033037544267479575,0.001234926412666246,0.0040076584897869826,4.0,3.0,5.0,3.126999999999999,2.6963333333333335,6.659333333333333,7.824321542319155,7.311643482924362,11.363275053893602,-7.789230466308232,-7.653236872285092,-7.800208231739766
20,6,1.7142857142857142,1.6582280766035322,-0.8492503031483845,"(1, 0, 1, 0, 1, 0, 1, 0, 0, 1, 1, 0, 0, 1, 0, 1, 0, 0, 1, 0, 1, 0, 0, 0, 0)",6.0,11.0,9.0,12.0,6.049333333333333,11.367333333333333,9.431333333333333,12.374666666666666,0.0,9.382512404012479,6.951439495173261,12.134305047623226,2.0,50.0,2.0,6.0,0.448004783024391,0.01251175458383202,0.007065964138801019,0.0013979315516351504,5.0,3.0,6.0,5.318,3.3819999999999997,6.325333333333333,9.382512404012479,6.951439495173261,12.134305047623226,-6.7398885860368125,-5.918944788633841,-9.632599992831253
20,7,2.0,1.6582280766035322,-1.0196166067414825,"(0, 1, 1, 1, 0, 0, 0, 0, 1, 1, 0, 1, 0, 0, 0, 0, 0, 1, 0, 0, 0, 0, 1, 0, 0)",5.0,10.0,9.0,12.0,5.259333333333333,10.370333333333333,9.771333333333333,12.940333333333333,0.0,9.123810399305922,7.838582303777947,13.99189820092552,1.0,34.0,6.0,12.0,0.19851509363696773,0.046719680723317815,0.005624837214413082,0.020239971134411533,5.0,4.0,7.0,5.111,4.512,7.681,9.123810399305922,7.838582303777947,13.99189820092552,-6.654154870215712,-5.516232175257054,-10.464908585361417
21,0,0.0,1.6582280766035322,-0.42083906199004595,"(0, 1, 0, 1, 1, 1, 0, 0, 0, 0, 1, 1, 1, 0, 0, 1, 1, 1, 1, 1, 0, 0, 0, 1, 1)",8.0,11.0,13.0,13.0,8.219333333333333,12.021,13.724666666666666,14.568666666666667,0.0,6.0504044202379195,6.419719450032135,9.84357350833389,1.0,3.0,28.0,2.0,0.16355160270489164,0.006511225291627079,0.024957365469317188,0.04005879748194528,3.0,5.0,5.0,3.8016666666666676,5.505333333333333,6.349333333333334,6.0504044202379195,6.419719450032135,9.84357350833389,-3.7289200798902047,-1.5162607315664276,-5.794247164581962
21,1,0.2857142857142857,1.6582280766035322,-1.5576739199517473,"(0, 0, 0, 0, 1, 0, 1, 1, 1, 0, 1, 1, 0, 1, 0, 1, 0, 1, 0, 0, 1, 0, 0, 1, 1)",7.0,11.0,10.0,13.0,7.113,11.345666666666666,11.083666666666666,14.711,0.0,8.095966938401425,7.190021665883696,11.157516586721714,2.0,18.0,3.0,4.0,0.2588649471184478,0.00038875114793733123,0.023118393115313295,0.001521374302952956,4.0,3.0,6.0,4.232666666666666,3.9706666666666655,7.598,8.095966938401425,7.190021665883696,11.157516586721714,-6.406232978940633,-5.338424848255623,-5.902490343237918
21,2,0.5714285714285714,1.6582280766035322,-1.7200634263996426,"(1, 0, 0, 1, 1, 0, 0, 0, 1, 1, 1, 0, 0, 0, 1, 1, 0, 1, 1, 0, 1, 0, 1, 1, 1)",7.0,10.0,10.0,12.0,7.346,11.530666666666667,11.063,13.622666666666667,0.0,5.674594663810339,6.465062775549039,10.768956898860694,4.0,10.0,6.0,1.0,0.20763622352814967,0.06471174429672519,0.0023968641284699633,0.02415109035922444,3.0,3.0,5.0,4.184666666666667,3.7170000000000005,6.276666666666667,5.674594663810339,6.465062775549039,10.768956898860694,-2.470640436981305,-4.556914850684446,-7.449241791275935
21,3,0.8571428571428571,1.6582280766035322,-2.5537686881089967,"(0, 1, 1, 0, 0, 1, 0, 0, 0, 1, 1, 1, 0, 0, 0, 0, 0, 0, 1, 1, 0, 0, 0, 1, 1)",5.0,8.0,10.0,11.0,5.172,8.379,10.587333333333333,11.738,0.0,8.463863261952326,9.330794112778854,14.161525720783859,2.0,1.0,8.0,2.0,0.21322279292093607,0.12290457084339947,0.00019583239344144238,0.0021620984619836877,3.0,5.0,6.0,3.207,5.415333333333334,6.566,8.463863261952326,9.330794112778854,14.161525720783859,-8.717078255834977,-6.492726997316512,-12.595114006768076
21,4,1.1428571428571428,1.6582280766035322,-0.7566658532075383,"(1, 1, 1, 0, 1, 0, 0, 0, 0, 1, 0, 0, 1, 0, 1, 0, 0, 0, 1, 1, 0, 1, 1, 0, 1)",7.0,11.0,11.0,14.0,8.238,11.218333333333334,11.544666666666666,15.499333333333333,0.0,7.181205419943087,7.383444758641294,11.012458479531718,1.0,12.0,16.0,34.0,0.16573235315169937,0.0001777238344446721,0.06155769931493776,0.0007471072270477391,4.0,4.0,7.0,2.980333333333334,3.3066666666666666,7.261333333333333,7.181205419943087,7.383444758641294,11.012458479531718,-6.966004040236357,-6.760227894194504,-6.220221036279692
21,5,1.4285714285714284,1.6582280766035322,-1.8496017116329122,"(1, 1, 1, 0, 0, 0, 0, 1, 0, 1, 0, 1, 0, 0, 0, 0, 0, 1, 1, 0, 0, 1, 0, 0, 1)",7.0,11.0,10.0,12.0,8.145666666666667,11.272666666666666,10.842,14.805,0.0,7.824321542319155,7.311643482924362,11.363275053893602,1.0,6.0,2.0,1.0,0.15502622581422587,0.033037544267479575,0.001234926412666246,0.0040076584897869826,4.0,3.0,5.0,3.126999999999999,2.6963333333333335,6.659333333333333,7.824321542319155,7.311643482924362,11.363275053893602,-7.789230466308232,-7.653236872285092,-7.800208231739766
21,6,1.7142857142857142,1.6582280766035322,-0.8492503031483845,"(1, 0, 1, 0, 1, 0, 1, 0, 0, 1, 1, 0, 0, 1, 0, 1, 0, 0, 1, 0, 1, 0, 0, 0, 0)",6.0,11.0,9.0,12.0,6.049333333333333,11.367333333333333,9.431333333333333,12.374666666666666,0.0,9.382512404012479,6.951439495173261,12.134305047623226,2.0,50.0,2.0,6.0,0.448004783024391,0.01251175458383202,0.007065964138801019,0.0013979315516351504,5.0,3.0,6.0,5.318,3.3819999999999997,6.325333333333333,9.382512404012479,6.951439495173261,12.134305047623226,-6.7398885860368125,-5.918944788633841,-9.632599992831253
21,7,2.0,1.6582280766035322,-1.0196166067414825,"(0, 1, 1, 1, 0, 0, 0, 0, 1, 1, 0, 1, 0, 0, 0, 0, 0, 1, 0, 0, 0, 0, 1, 0, 0)",5.0,10.0,9.0,12.0,5.259333333333333,10.370333333333333,9.771333333333333,12.940333333333333,0.0,9.123810399305922,7.838582303777947,13.99189820092552,1.0,34.0,6.0,12.0,0.19851509363696773,0.046719680723317815,0.005624837214413082,0.020239971134411533,5.0,4.0,7.0,5.111,4.512,7.681,9.123810399305922,7.838582303777947,13.99189820092552,-6.654154870215712,-5.516232175257054,-10.464908585361417
22,0,0.0,1.6582280766035322,-0.42083906199004595,"(0, 1, 0, 1, 1, 1, 0, 0, 0, 0, 1, 1, 1, 0, 0, 1, 1, 1, 1, 1, 0, 0, 0, 1, 1)",8.0,11.0,13.0,13.0,8.219333333333333,12.021,13.724666666666666,14.568666666666667,0.0,6.0504044202379195,6.419719450032135,9.84357350833389,1.0,3.0,28.0,2.0,0.16355160270489164,0.006511225291627079,0.024957365469317188,0.04005879748194528,3.0,5.0,5.0,3.8016666666666676,5.505333333333333,6.349333333333334,6.0504044202379195,6.419719450032135,9.84357350833389,-3.7289200798902047,-1.5162607315664276,-5.794247164581962
22,1,0.2857142857142857,1.6582280766035322,-1.5576739199517473,"(0, 0, 0, 0, 1, 0, 1, 1, 1, 0, 1, 1, 0, 1, 0, 1, 0, 1, 0, 0, 1, 0, 0, 1, 1)",7.0,11.0,10.0,13.0,7.113,11.345666666666666,11.083666666666666,14.711,0.0,8.095966938401425,7.190021665883696,11.157516586721714,2.0,18.0,3.0,4.0,0.2588649471184478,0.00038875114793733123,0.023118393115313295,0.001521374302952956,4.0,3.0,6.0,4.232666666666666,3.9706666666666655,7.598,8.095966938401425,7.190021665883696,11.157516586721714,-6.406232978940633,-5.338424848255623,-5.902490343237918
22,2,0.5714285714285714,1.6582280766035322,-1.7200634263996426,"(1, 0, 0, 1, 1, 0, 0, 0, 1, 1, 1, 0, 0, 0, 1, 1, 0, 1, 1, 0, 1, 0, 1, 1, 1)",7.0,10.0,10.0,12.0,7.346,11.530666666666667,11.063,13.622666666666667,0.0,5.674594663810339,6.465062775549039,10.768956898860694,4.0,10.0,6.0,1.0,0.20763622352814967,0.06471174429672519,0.0023968641284699633,0.02415109035922444,3.0,3.0,5.0,4.184666666666667,3.7170000000000005,6.276666666666667,5.674594663810339,6.465062775549039,10.768956898860694,-2.470640436981305,-4.556914850684446,-7.449241791275935
22,3,0.8571428571428571,1.6582280766035322,-2.2786571983899,"(0, 1, 1, 0, 0, 1, 0, 0, 0, 1, 1, 1, 0, 0, 0, 0, 0, 1, 1, 1, 0, 0, 1, 1, 1)",6.0,9.0,11.0,11.0,6.050666666666666,9.429666666666666,11.725,12.068,0.0,8.61550821955772,8.7138135073657,12.730889447694164,3.0,1.0,21.0,2.0,0.2454731497479051,0.15568331199015675,0.019346652036765197,0.02049489056215212,3.0,5.0,5.0,3.3789999999999996,5.674333333333333,6.017333333333333,8.61550821955772,8.7138135073657,12.730889447694164,-8.683324953035786,-5.040151362860261,-11.132607242686444
22,4,1.1428571428571428,1.6582280766035322,-0.7566658532075383,"(1, 1, 1, 0, 1, 0, 0, 0, 0, 1, 0, 0, 1, 0, 1, 0, 0, 0, 1, 1, 0, 1, 1, 0, 1)",7.0,11.0,11.0,14.0,8.238,11.218333333333334,11.544666666666666,15.499333333333333,0.0,7.181205419943087,7.383444758641294,11.012458479531718,1.0,12.0,16.0,34.0,0.16573235315169937,0.0001777238344446721,0.06155769931493776,0.0007471072270477391,4.0,4.0,7.0,2.980333333333334,3.3066666666666666,7.261333333333333,7.181205419943087,7.383444758641294,11.012458479531718,-6.966004040236357,-6.760227894194504,-6.220221036279692
22,5,1.4285714285714284,1.6582280766035322,-0.8583860932583856,"(1, 1, 1, 0, 0, 0, 0, 0, 1, 1, 0, 1, 0, 0, 0, 0, 0, 1, 1, 0, 0, 1, 0, 0, 1)",7.0,11.0,12.0,13.0,7.05,12.464333333333334,12.497,13.743,0.0,6.63956364347695,6.655759004358444,10.74757496905071,2.0,15.0,40.0,16.0,0.1599783009183352,0.024518545660316617,0.0016591302115308351,0.050100009952735905,4.0,5.0,6.0,5.414333333333334,5.447,6.6930000000000005,6.63956364347695,6.655759004358444,10.74757496905071,-2.0317113005857967,-2.0043981188745033,-6.723410052373785
22,6,1.7142857142857142,1.6582280766035322,-0.8492503031483845,"(1, 0, 1, 0, 1, 0, 1, 0, 0, 1, 1, 0, 0, 1, 0, 1, 0, 0, 1, 0, 1, 0, 0, 0, 0)",6.0,11.0,9.0,12.0,6.049333333333333,11.367333333333333,9.431333333333333,12.374666666666666,0.0,9.382512404012479,6.951439495173261,12.134305047623226,2.0,50.0,2.0,6.0,0.448004783024391,0.01251175458383202,0.007065964138801019,0.0013979315516351504,5.0,3.0,6.0,5.318,3.3819999999999997,6.325333333333333,9.382512404012479,6.951439495173261,12.134305047623226,-6.7398885860368125,-5.918944788633841,-9.632599992831253
22,7,2.0,1.6582280766035322,-1.0196166067414825,"(0, 1, 1, 1, 0, 0, 0, 0, 1, 1, 0, 1, 0, 0, 0, 0, 0, 1, 0, 0, 0, 0, 1, 0, 0)",5.0,10.0,9.0,12.0,5.259333333333333,10.370333333333333,9.771333333333333,12.940333333333333,0.0,9.123810399305922,7.838582303777947,13.99189820092552,1.0,34.0,6.0,12.0,0.19851509363696773,0.046719680723317815,0.005624837214413082,0.020239971134411533,5.0,4.0,7.0,5.111,4.512,7.681,9.123810399305922,7.838582303777947,13.99189820092552,-6.654154870215712,-5.516232175257054,-10.464908585361417
23,0,0.0,1.6582280766035322,-0.42083906199004595,"(0, 1, 0, 1, 1, 1, 0, 0, 0, 0, 1, 1, 1, 0, 0, 1, 1, 1, 1, 1, 0, 0, 0, 1, 1)",8.0,11.0,13.0,13.0,8.219333333333333,12.021,13.724666666666666,14.568666666666667,0.0,6.0504044202379195,6.419719450032135,9.84357350833389,1.0,3.0,28.0,2.0,0.16355160270489164,0.006511225291627079,0.024957365469317188,0.04005879748194528,3.0,5.0,5.0,3.8016666666666676,5.505333333333333,6.349333333333334,6.0504044202379195,6.419719450032135,9.84357350833389,-3.7289200798902047,-1.5162607315664276,-5.794247164581962
23,1,0.2857142857142857,1.6582280766035322,-1.5576739199517473,"(0, 0, 0, 0, 1, 0, 1, 1, 1, 0, 1, 1, 0, 1, 0, 1, 0, 1, 0, 0, 1, 0, 0, 1, 1)",7.0,11.0,10.0,13.0,7.113,11.345666666666666,11.083666666666666,14.711,0.0,8.095966938401425,7.190021665883696,11.157516586721714,2.0,18.0,3.0,4.0,0.2588649471184478,0.00038875114793733123,0.023118393115313295,0.001521374302952956,4.0,3.0,6.0,4.232666666666666,3.9706666666666655,7.598,8.095966938401425,7.190021665883696,11.157516586721714,-6.406232978940633,-5.338424848255623,-5.902490343237918
23,2,0.5714285714285714,1.6582280766035322,-1.0056001510437789,"(1, 0, 0, 1, 1, 0, 0, 0, 0, 1, 1, 0, 0, 1, 1, 1, 0, 1, 1, 0, 1, 0, 1, 1, 1)",7.0,10.0,12.0,13.0,7.252,10.835666666666667,12.356666666666667,14.549,0.0,5.502645624644756,5.670458305997033,9.195445852215194,3.0,7.0,22.0,7.0,0.17905729395948047,0.08850271981965806,0.011701138840894729,0.03698797891181323,3.0,5.0,6.0,3.583666666666667,5.104666666666668,7.297,5.502645624644756,5.670458305997033,9.195445852215194,-3.182104786530657,-0.9382115818451513,-3.1480562140547548
23,3,0.8571428571428571,1.6582280766035322,-2.2786571983899,"(0, 1, 1, 0, 0, 1, 0, 0, 0, 1, 1, 1, 0, 0, 0, 0, 0, 1, 1, 1, 0, 0, 1, 1, 1)",6.0,9.0,11.0,11.0,6.050666666666666,9.429666666666666,11.725,12.068,0.0,8.61550821955772,8.7138135073657,12.730889447694164,3.0,1.0,21.0,2.0,0.2454731497479051,0.15568331199015675,0.019346652036765197,0.02049489056215212,3.0,5.0,5.0,3.3789999999999996,5.674333333333333,6.017333333333333,8.61550821955772,8.7138135073657,12.730889447694164,-8.683324953035786,-5.040151362860261,-11.132607242686444
23,4,1.1428571428571428,1.6582280766035322,-0.7566658532075383,"(1, 1, 1, 0, 1, 0, 0, 0, 0, 1, 0, 0, 1, 0, 1, 0, 0, 0, 1, 1, 0, 1, 1, 0, 1)",7.0,11.0,11.0,14.0,8.238,11.218333333333334,11.544666666666666,15.499333333333333,0.0,7.181205419943087,7.383444758641294,11.012458479531718,1.0,12.0,16.0,34.0,0.16573235315169937,0.0001777238344446721,0.06155769931493776,0.0007471072270477391,4.0,4.0,7.0,2.980333333333334,3.3066666666666666,7.261333333333333,7.181205419943087,7.383444758641294,11.012458479531718,-6.966004040236357,-6.760227894194504,-6.220221036279692
23,5,1.4285714285714284,1.6582280766035322,-0.8583860932583856,"(1, 1, 1, 0, 0, 0, 0, 0, 1, 1, 0, 1, 0, 0, 0, 0, 0, 1, 1, 0, 0, 1, 0, 0, 1)",7.0,11.0,12.0,13.0,7.05,12.464333333333334,12.497,13.743,0.0,6.63956364347695,6.655759004358444,10.74757496905071,2.0,15.0,40.0,16.0,0.1599783009183352,0.024518545660316617,0.0016591302115308351,0.050100009952735905,4.0,5.0,6.0,5.414333333333334,5.447,6.6930000000000005,6.63956364347695,6.655759004358444,10.74757496905071,-2.0317113005857967,-2.0043981188745033,-6.723410052373785
23,6,1.7142857142857142,1.6582280766035322,-0.8492503031483845,"(1, 0, 1, 0, 1, 0, 1, 0, 0, 1, 1, 0, 0, 1, 0, 1, 0, 0, 1, 0, 1, 0, 0, 0, 0)",6.0,11.0,9.0,12.0,6.049333333333333,11.367333333333333,9.431333333333333,12.374666666666666,0.0,9.382512404012479,6.951439495173261,12.134305047623226,2.0,50.0,2.0,6.0,0.448004783024391,0.01251175458383202,0.007065964138801019,0.0013979315516351504,5.0,3.0,6.0,5.318,3.3819999999999997,6.325333333333333,9.382512404012479,6.951439495173261,12.134305047623226,-6.7398885860368125,-5.918944788633841,-9.632599992831253
23,7,2.0,1.6582280766035322,-1.0196166067414825,"(0, 1, 1, 1, 0, 0, 0, 0, 1, 1, 0, 1, 0, 0, 0, 0, 0, 1, 0, 0, 0, 0, 1, 0, 0)",5.0,10.0,9.0,12.0,5.259333333333333,10.370333333333333,9.771333333333333,12.940333333333333,0.0,9.123810399305922,7.838582303777947,13.99189820092552,1.0,34.0,6.0,12.0,0.19851509363696773,0.046719680723317815,0.005624837214413082,0.020239971134411533,5.0,4.0,7.0,5.111,4.512,7.681,9.123810399305922,7.838582303777947,13.99189820092552,-6.654154870215712,-5.516232175257054,-10.464908585361417
24,0,0.0,1.6582280766035322,-1.6159356954147746,"(0, 1, 0, 1, 1, 1, 0, 0, 0, 0, 1, 1, 1, 0, 0, 0, 1, 1, 1, 1, 1, 0, 0, 1, 1)",8.0,12.0,10.0,12.0,8.193,12.367666666666667,10.362,13.112333333333334,0.0,6.976976207552955,5.8564746466791355,9.122115321716505,14.0,47.0,4.0,6.0,0.2554858885616737,0.04620825097953132,0.13207670610862407,0.008602908650260886,4.0,2.0,4.0,4.174666666666667,2.1690000000000005,4.919333333333334,6.976976207552955,5.8564746466791355,9.122115321716505,-4.646868360031597,-6.114673990887032,-6.969171092980594
24,1,0.2857142857142857,1.6582280766035322,-1.562505002105143,"(0, 0, 0, 0, 1, 0, 1, 1, 1, 1, 1, 1, 0, 1, 1, 1, 0, 1, 0, 0, 1, 0, 0, 1, 1)",8.0,12.0,10.0,13.0,8.039333333333333,13.693666666666667,10.604,14.088666666666667,0.0,6.77394460432926,5.908764105361366,10.922647004427231,5.0,19.0,3.0,3.0,0.15436880960973562,0.0070639801802393955,0.048785920319549037,0.031223160561114738,4.0,2.0,5.0,5.654333333333334,2.5646666666666658,6.049333333333333,6.77394460432926,5.908764105361366,10.922647004427231,-1.8565708444472104,-5.545276263741512,-8.081065555503734
24,2,0.5714285714285714,1.6582280766035322,-1.7076699154380761,"(1, 0, 0, 1, 1, 0, 0, 0, 0, 1, 1, 0, 0, 1, 1, 1, 0, 1, 1, 1, 1, 0, 1, 1, 0)",7.0,10.0,10.0,12.0,7.0906666666666665,11.806666666666667,10.962,13.487333333333334,0.0,5.540121579175994,6.127502813421778,11.147309271672398,3.0,7.0,3.0,1.0,0.32535414454538997,0.10873258080157987,0.00021560519262931675,0.004610969391346625,3.0,3.0,5.0,4.716,3.8713333333333333,6.396666666666667,5.540121579175994,6.127502813421778,11.147309271672398,-1.3665815411244744,-3.7412435774586523,-7.877648949529447
24,3,0.8571428571428571,1.6582280766035322,-2.2786571983899,"(0, 1, 1, 0, 0, 1, 0, 0, 0, 1, 1, 1, 0, 0, 0, 0, 0, 1, 1, 1, 0, 0, 1, 1, 1)",6.0,9.0,11.0,11.0,6.050666666666666,9.429666666666666,11.725,12.068,0.0,8.61550821955772,8.7138135073657,12.730889447694164,3.0,1.0,21.0,2.0,0.2454731497479051,0.15568331199015675,0.019346652036765197,0.02049489056215212,3.0,5.0,5.0,3.3789999999999996,5.674333333333333,6.017333333333333,8.61550821955772,8.7138135073657,12.730889447694164,-8.683324953035786,-5.040151362860261,-11.132607242686444
24,4,1.1428571428571428,1.6582280766035322,-0.7566658532075383,"(1, 1, 1, 0, 1, 0, 0, 0, 0, 1, 0, 0, 1, 0, 1, 0, 0, 0, 1, 1, 0, 1, 1, 0, 1)",7.0,11.0,11.0,14.0,8.238,11.218333333333334,11.544666666666666,15.499333333333333,0.0,7.181205419943087,7.383444758641294,11.012458479531718,1.0,12.0,16.0,34.0,0.16573235315169937,0.0001777238344446721,0.06155769931493776,0.0007471072270477391,4.0,4.0,7.0,2.980333333333334,3.3066666666666666,7.261333333333333,7.181205419943087,7.383444758641294,11.012458479531718,-6.966004040236357,-6.760227894194504,-6.220221036279692
24,5,1.4285714285714284,1.6582280766035322,-1.5789376787401985,"(1, 1, 1, 0, 0, 0, 0, 0, 1, 1, 0, 1, 0, 0, 0, 0, 0, 1, 1, 0, 1, 1, 0, 0, 0)",6.0,9.0,10.0,12.0,6.081333333333333,9.605666666666666,10.254,13.195666666666666,0.0,7.794768233042801,8.40958392957817,12.67228029756443,1.0,1.0,13.0,4.0,0.13040501577814512,0.12472619727072119,0.06822646472437029,0.00048634486458804015,3.0,4.0,6.0,3.524333333333333,4.172666666666666,7.114333333333333,7.794768233042801,8.40958392957817,12.67228029756443,-7.08135505000583,-7.0257751636060455,-9.216343704361375
24,6,1.7142857142857142,1.6582280766035322,-0.8492503031483845,"(1, 0, 1, 0, 1, 0, 1, 0, 0, 1, 1, 0, 0, 1, 0, 1, 0, 0, 1, 0, 1, 0, 0, 0, 0)",6.0,11.0,9.0,12.0,6.049333333333333,11.367333333333333,9.431333333333333,12.374666666666666,0.0,9.382512404012479,6.951439495173261,12.134305047623226,2.0,50.0,2.0,6.0,0.448004783024391,0.01251175458383202,0.007065964138801019,0.0013979315516351504,5.0,3.0,6.0,5.318,3.3819999999999997,6.325333333333333,9.382512404012479,6.951439495173261,12.134305047623226,-6.7398885860368125,-5.918944788633841,-9.632599992831253
24,7,2.0,1.6582280766035322,-0.5932947799867088,"(0, 1, 1, 1, 0, 0, 0, 0, 1, 1, 0, 1, 0, 0, 1, 0, 0, 1, 0, 1, 0, 0, 1, 0, 0)",6.0,10.0,10.0,13.0,6.137333333333333,11.274666666666667,10.498333333333333,13.574333333333334,0.0,8.382729847115398,7.624753793299922,13.308993817089169,1.0,2.0,4.0,60.0,0.24982484551978318,0.03935776522821873,8.808964705283891e-05,0.0004514534716199904,4.0,4.0,7.0,5.137333333333333,4.361,7.437,8.382729847115398,7.624753793299922,13.308993817089169,-5.381607618864641,-5.412048175171212,-9.737105013139605
25,0,0.0,1.6582280766035322,-2.2971124561793763,"(0, 1, 0, 1, 1, 1, 0, 0, 0, 0, 1, 1, 1, 0, 0, 0, 1, 1, 1, 1, 1, 0, 0, 0, 0)",7.0,11.0,11.0,12.0,7.0,11.769666666666666,11.804666666666666,13.153,0.0,7.705509500630514,7.621925593191492,12.269441423488216,4.0,14.0,12.0,7.0,0.4919495524274834,0.01730784501745596,0.03411654678128667,0.07503272485025514,4.0,4.0,5.0,4.769666666666666,4.804666666666666,6.1530000000000005,7.705509500630514,7.621925593191492,12.269441423488216,-4.868297015774135,-4.671657851025395,-10.142454897329033
25,1,0.2857142857142857,1.6582280766035322,-1.353008997381019,"(0, 0, 0, 0, 1, 0, 1, 1, 1, 1, 1, 1, 0, 1, 1, 1, 0, 1, 1, 0, 1, 0, 0, 0, 1)",7.0,11.0,11.0,12.0,7.220666666666666,11.569666666666667,11.706333333333333,13.372333333333334,0.0,7.883566346544921,7.7991809622022075,11.007483795301907,1.0,17.0,19.0,2.0,0.12054336840168303,0.1122301937414461,0.04660380115965318,0.010956285611518563,4.0,4.0,5.0,4.349,4.485666666666667,6.151666666666667,7.883566346544921,7.7991809622022075,11.007483795301907,-5.861117154458758,-5.494562437084207,-8.0520522975553
25,2,0.5714285714285714,1.6582280766035322,-1.7076699154380761,"(1, 0, 0, 1, 1, 0, 0, 0, 0, 1, 1, 0, 0, 1, 1, 1, 0, 1, 1, 1, 1, 0, 1, 1, 0)",7.0,10.0,10.0,12.0,7.0906666666666665,11.806666666666667,10.962,13.487333333333334,0.0,5.540121579175994,6.127502813421778,11.147309271672398,3.0,7.0,3.0,1.0,0.32535414454538997,0.10873258080157987,0.00021560519262931675,0.004610969391346625,3.0,3.0,5.0,4.716,3.8713333333333333,6.396666666666667,5.540121579175994,6.127502813421778,11.147309271672398,-1.3665815411244744,-3.7412435774586523,-7.877648949529447
25,3,0.8571428571428571,1.6582280766035322,-2.2786571983899,"(0, 1, 1, 0, 0, 1, 0, 0, 0, 1, 1, 1, 0, 0, 0, 0, 0, 1, 1, 1, 0, 0, 1, 1, 1)",6.0,9.0,11.0,11.0,6.050666666666666,9.429666666666666,11.725,12.068,0.0,8.61550821955772,8.7138135073657,12.730889447694164,3.0,1.0,21.0,2.0,0.2454731497479051,0.15568331199015675,0.019346652036765197,0.02049489056215212,3.0,5.0,5.0,3.3789999999999996,5.674333333333333,6.017333333333333,8.61550821955772,8.7138135073657,12.730889447694164,-8.683324953035786,-5.040151362860261,-11.132607242686444
25,4,1.1428571428571428,1.6582280766035322,-0.7566658532075383,"(1, 1, 1, 0, 1, 0, 0, 0, 0, 1, 0, 0, 1, 0, 1, 0, 0, 0, 1, 1, 0, 1, 1, 0, 1)",7.0,11.0,11.0,14.0,8.238,11.218333333333334,11.544666666666666,15.499333333333333,0.0,7.181205419943087,7.383444758641294,11.012458479531718,1.0,12.0,16.0,34.0,0.16573235315169937,0.0001777238344446721,0.06155769931493776,0.0007471072270477391,4.0,4.0,7.0,2.980333333333334,3.3066666666666666,7.261333333333333,7.181205419943087,7.383444758641294,11.012458479531718,-6.966004040236357,-6.760227894194504,-6.220221036279692
25,5,1.4285714285714284,1.6582280766035322,-2.2589086969804035,"(1, 1, 1, 0, 0, 0, 0, 0, 1, 1, 0, 1, 0, 0, 0, 0, 0, 1, 1, 0, 0, 0, 0, 0, 0)",6.0,9.0,9.0,12.0,6.032666666666667,10.02,9.979333333333333,13.080666666666668,0.0,8.004285350521656,7.295190175453173,11.85482913006811,5.0,1.0,1.0,15.0,0.26281198495774505,0.08829697964966304,0.02555232905609394,0.01070834780158808,3.0,3.0,6.0,3.987333333333333,3.9466666666666663,7.048000000000001,8.004285350521656,7.295190175453173,11.85482913006811,-6.661022617270871,-5.552615697436759,-7.97081902291467
25,6,1.7142857142857142,1.6582280766035322,-0.8492503031483845,"(1, 0, 1, 0, 1, 0, 1, 0, 0, 1, 1, 0, 0, 1, 0, 1, 0, 0, 1, 0, 1, 0, 0, 0, 0)",6.0,11.0,9.0,12.0,6.049333333333333,11.367333333333333,9.431333333333333,12.374666666666666,0.0,9.382512404012479,6.951439495173261,12.134305047623226,2.0,50.0,2.0,6.0,0.448004783024391,0.01251175458383202,0.007065964138801019,0.0013979315516351504,5.0,3.0,6.0,5.318,3.3819999999999997,6.325333333333333,9.382512404012479,6.951439495173261,12.134305047623226,-6.7398885860368125,-5.918944788633841,-9.632599992831253
25,7,2.0,1.6582280766035322,-0.5932947799867088,"(0, 1, 1, 1, 0, 0, 0, 0, 1, 1, 0, 1, 0, 0, 1, 0, 0, 1, 0, 1, 0, 0, 1, 0, 0)",6.0,10.0,10.0,13.0,6.137333333333333,11.274666666666667,10.498333333333333,13.574333333333334,0.0,8.382729847115398,7.624753793299922,13.308993817089169,1.0,2.0,4.0,60.0,0.24982484551978318,0.03935776522821873,8.808964705283891e-05,0.0004514534716199904,4.0,4.0,7.0,5.137333333333333,4.361,7.437,8.382729847115398,7.624753793299922,13.308993817089169,-5.381607618864641,-5.412048175171212,-9.737105013139605
26,0,0.0,1.6582280766035322,-2.2971124561793763,"(0, 1, 0, 1, 1, 1, 0, 0, 0, 0, 1, 1, 1, 0, 0, 0, 1, 1, 1, 1, 1, 0, 0, 0, 0)",7.0,11.0,11.0,12.0,7.0,11.769666666666666,11.804666666666666,13.153,0.0,7.705509500630514,7.621925593191492,12.269441423488216,4.0,14.0,12.0,7.0,0.4919495524274834,0.01730784501745596,0.03411654678128667,0.07503272485025514,4.0,4.0,5.0,4.769666666666666,4.804666666666666,6.1530000000000005,7.705509500630514,7.621925593191492,12.269441423488216,-4.868297015774135,-4.671657851025395,-10.142454897329033
26,1,0.2857142857142857,1.6582280766035322,-1.353008997381019,"(0, 0, 0, 0, 1, 0, 1, 1, 1, 1, 1, 1, 0, 1, 1, 1, 0, 1, 1, 0, 1, 0, 0, 0, 1)",7.0,11.0,11.0,12.0,7.220666666666666,11.569666666666667,11.706333333333333,13.372333333333334,0.0,7.883566346544921,7.7991809622022075,11.007483795301907,1.0,17.0,19.0,2.0,0.12054336840168303,0.1122301937414461,0.04660380115965318,0.010956285611518563,4.0,4.0,5.0,4.349,4.485666666666667,6.151666666666667,7.883566346544921,7.7991809622022075,11.007483795301907,-5.861117154458758,-5.494562437084207,-8.0520522975553
26,2,0.5714285714285714,1.6582280766035322,-1.7076699154380761,"(1, 0, 0, 1, 1, 0, 0, 0, 0, 1, 1, 0, 0, 1, 1, 1, 0, 1, 1, 1, 1, 0, 1, 1, 0)",7.0,10.0,10.0,12.0,7.0906666666666665,11.806666666666667,10.962,13.487333333333334,0.0,5.540121579175994,6.127502813421778,11.147309271672398,3.0,7.0,3.0,1.0,0.32535414454538997,0.10873258080157987,0.00021560519262931675,0.004610969391346625,3.0,3.0,5.0,4.716,3.8713333333333333,6.396666666666667,5.540121579175994,6.127502813421778,11.147309271672398,-1.3665815411244744,-3.7412435774586523,-7.877648949529447
26,3,0.8571428571428571,1.6582280766035322,-2.2786571983899,"(0, 1, 1, 0, 0, 1, 0, 0, 0, 1, 1, 1, 0, 0, 0, 0, 0, 1, 1, 1, 0, 0, 1, 1, 1)",6.0,9.0,11.0,11.0,6.050666666666666,9.429666666666666,11.725,12.068,0.0,8.61550821955772,8.7138135073657,12.730889447694164,3.0,1.0,21.0,2.0,0.2454731497479051,0.15568331199015675,0.019346652036765197,0.02049489056215212,3.0,5.0,5.0,3.3789999999999996,5.674333333333333,6.017333333333333,8.61550821955772,8.7138135073657,12.730889447694164,-8.683324953035786,-5.040151362860261,-11.132607242686444
26,4,1.1428571428571428,1.6582280766035322,-0.7501185396613008,"(1, 1, 1, 0, 1, 0, 0, 0, 0, 1, 0, 0, 1, 0, 1, 1, 0, 0, 1, 1, 1, 1, 1, 0, 1)",8.0,12.0,12.0,14.0,8.159333333333333,12.464666666666666,12.675,15.402,0.0,6.468904337259837,6.368894759484237,9.900155935258883,1.0,12.0,20.0,12.0,0.1240626196786658,0.037135134961118386,0.0031491275858294174,0.04893319483199569,4.0,4.0,6.0,4.3053333333333335,4.515666666666668,7.242666666666667,6.468904337259837,6.368894759484237,9.900155935258883,-3.5876941844362196,-3.07307485586051,-4.406723318452199
26,5,1.4285714285714284,1.6582280766035322,-2.2589086969804035,"(1, 1, 1, 0, 0, 0, 0, 0, 1, 1, 0, 1, 0, 0, 0, 0, 0, 1, 1, 0, 0, 0, 0, 0, 0)",6.0,9.0,9.0,12.0,6.032666666666667,10.02,9.979333333333333,13.080666666666668,0.0,8.004285350521656,7.295190175453173,11.85482913006811,5.0,1.0,1.0,15.0,0.26281198495774505,0.08829697964966304,0.02555232905609394,0.01070834780158808,3.0,3.0,6.0,3.987333333333333,3.9466666666666663,7.048000000000001,8.004285350521656,7.295190175453173,11.85482913006811,-6.661022617270871,-5.552615697436759,-7.97081902291467
26,6,1.7142857142857142,1.6582280766035322,-0.8492503031483845,"(1, 0, 1, 0, 1, 0, 1, 0, 0, 1, 1, 0, 0, 1, 0, 1, 0, 0, 1, 0, 1, 0, 0, 0, 0)",6.0,11.0,9.0,12.0,6.049333333333333,11.367333333333333,9.431333333333333,12.374666666666666,0.0,9.382512404012479,6.951439495173261,12.134305047623226,2.0,50.0,2.0,6.0,0.448004783024391,0.01251175458383202,0.007065964138801019,0.0013979315516351504,5.0,3.0,6.0,5.318,3.3819999999999997,6.325333333333333,9.382512404012479,6.951439495173261,12.134305047623226,-6.7398885860368125,-5.918944788633841,-9.632599992831253
26,7,2.0,1.6582280766035322,-0.5932947799867088,"(0, 1, 1, 1, 0, 0, 0, 0, 1, 1, 0, 1, 0, 0, 1, 0, 0, 1, 0, 1, 0, 0, 1, 0, 0)",6.0,10.0,10.0,13.0,6.137333333333333,11.274666666666667,10.498333333333333,13.574333333333334,0.0,8.382729847115398,7.624753793299922,13.308993817089169,1.0,2.0,4.0,60.0,0.24982484551978318,0.03935776522821873,8.808964705283891e-05,0.0004514534716199904,4.0,4.0,7.0,5.137333333333333,4.361,7.437,8.382729847115398,7.624753793299922,13.308993817089169,-5.381607618864641,-5.412048175171212,-9.737105013139605
27,0,0.0,1.6582280766035322,-2.2971124561793763,"(0, 1, 0, 1, 1, 1, 0, 0, 0, 0, 1, 1, 1, 0, 0, 0, 1, 1, 1, 1, 1, 0, 0, 0, 0)",7.0,11.0,11.0,12.0,7.0,11.769666666666666,11.804666666666666,13.153,0.0,7.705509500630514,7.621925593191492,12.269441423488216,4.0,14.0,12.0,7.0,0.4919495524274834,0.01730784501745596,0.03411654678128667,0.07503272485025514,4.0,4.0,5.0,4.769666666666666,4.804666666666666,6.1530000000000005,7.705509500630514,7.621925593191492,12.269441423488216,-4.868297015774135,-4.671657851025395,-10.142454897329033
27,1,0.2857142857142857,1.6582280766035322,-1.353008997381019,"(0, 0, 0, 0, 1, 0, 1, 1, 1, 1, 1, 1, 0, 1, 1, 1, 0, 1, 1, 0, 1, 0, 0, 0, 1)",7.0,11.0,11.0,12.0,7.220666666666666,11.569666666666667,11.706333333333333,13.372333333333334,0.0,7.883566346544921,7.7991809622022075,11.007483795301907,1.0,17.0,19.0,2.0,0.12054336840168303,0.1122301937414461,0.04660380115965318,0.010956285611518563,4.0,4.0,5.0,4.349,4.485666666666667,6.151666666666667,7.883566346544921,7.7991809622022075,11.007483795301907,-5.861117154458758,-5.494562437084207,-8.0520522975553
27,2,0.5714285714285714,1.6582280766035322,-1.0096041944736736,"(1, 0, 0, 1, 1, 1, 0, 0, 0, 0, 1, 0, 0, 1, 1, 1, 0, 1, 1, 1, 1, 0, 1, 1, 0)",7.0,10.0,12.0,12.0,7.060666666666667,12.174666666666667,12.139333333333333,13.845333333333333,0.0,6.535233460323977,6.998468685901379,10.299862600745959,2.0,4.0,29.0,2.0,0.3517554468470786,0.09196499428283335,0.11252755277758049,0.018103997637013272,3.0,5.0,5.0,5.114,5.078666666666666,6.7846666666666655,6.535233460323977,6.998468685901379,10.299862600745959,-2.356729227317611,-3.183469609815156,-5.828996592652864
27,3,0.8571428571428571,1.6582280766035322,-2.2786571983899,"(0, 1, 1, 0, 0, 1, 0, 0, 0, 1, 1, 1, 0, 0, 0, 0, 0, 1, 1, 1, 0, 0, 1, 1, 1)",6.0,9.0,11.0,11.0,6.050666666666666,9.429666666666666,11.725,12.068,0.0,8.61550821955772,8.7138135073657,12.730889447694164,3.0,1.0,21.0,2.0,0.2454731497479051,0.15568331199015675,0.019346652036765197,0.02049489056215212,3.0,5.0,5.0,3.3789999999999996,5.674333333333333,6.017333333333333,8.61550821955772,8.7138135073657,12.730889447694164,-8.683324953035786,-5.040151362860261,-11.132607242686444
27,4,1.1428571428571428,1.6582280766035322,-0.7501185396613008,"(1, 1, 1, 0, 1, 0, 0, 0, 0, 1, 0, 0, 1, 0, 1, 1, 0, 0, 1, 1, 1, 1, 1, 0, 1)",8.0,12.0,12.0,14.0,8.159333333333333,12.464666666666666,12.675,15.402,0.0,6.468904337259837,6.368894759484237,9.900155935258883,1.0,12.0,20.0,12.0,0.1240626196786658,0.037135134961118386,0.0031491275858294174,0.04893319483199569,4.0,4.0,6.0,4.3053333333333335,4.515666666666668,7.242666666666667,6.468904337259837,6.368894759484237,9.900155935258883,-3.5876941844362196,-3.07307485586051,-4.406723318452199
27,5,1.4285714285714284,1.6582280766035322,-2.2589086969804035,"(1, 1, 1, 0, 0, 0, 0, 0, 1, 1, 0, 1, 0, 0, 0, 0, 0, 1, 1, 0, 0, 0, 0, 0, 0)",6.0,9.0,9.0,12.0,6.032666666666667,10.02,9.979333333333333,13.080666666666668,0.0,8.004285350521656,7.295190175453173,11.85482913006811,5.0,1.0,1.0,15.0,0.26281198495774505,0.08829697964966304,0.02555232905609394,0.01070834780158808,3.0,3.0,6.0,3.987333333333333,3.9466666666666663,7.048000000000001,8.004285350521656,7.295190175453173,11.85482913006811,-6.661022617270871,-5.552615697436759,-7.97081902291467
27,6,1.7142857142857142,1.6582280766035322,-0.8492503031483845,"(1, 0, 1, 0, 1, 0, 1, 0, 0, 1, 1, 0, 0, 1, 0, 1, 0, 0, 1, 0, 1, 0, 0, 0, 0)",6.0,11.0,9.0,12.0,6.049333333333333,11.367333333333333,9.431333333333333,12.374666666666666,0.0,9.382512404012479,6.951439495173261,12.134305047623226,2.0,50.0,2.0,6.0,0.448004783024391,0.01251175458383202,0.007065964138801019,0.0013979315516351504,5.0,3.0,6.0,5.318,3.3819999999999997,6.325333333333333,9.382512404012479,6.951439495173261,12.134305047623226,-6.7398885860368125,-5.918944788633841,-9.632599992831253
27,7,2.0,1.6582280766035322,-0.5932947799867088,"(0, 1, 1, 1, 0, 0, 0, 0, 1, 1, 0, 1, 0, 0, 1, 0, 0, 1, 0, 1, 0, 0, 1, 0, 0)",6.0,10.0,10.0,13.0,6.137333333333333,11.274666666666667,10.498333333333333,13.574333333333334,0.0,8.382729847115398,7.624753793299922,13.308993817089169,1.0,2.0,4.0,60.0,0.24982484551978318,0.03935776522821873,8.808964705283891e-05,0.0004514534716199904,4.0,4.0,7.0,5.137333333333333,4.361,7.437,8.382729847115398,7.624753793299922,13.308993817089169,-5.381607618864641,-5.412048175171212,-9.737105013139605
28,0,0.0,1.6582280766035322,-2.2971124561793763,"(0, 1, 0, 1, 1, 1, 0, 0, 0, 0, 1, 1, 1, 0, 0, 0, 1, 1, 1, 1, 1, 0, 0, 0, 0)",7.0,11.0,11.0,12.0,7.0,11.769666666666666,11.804666666666666,13.153,0.0,7.705509500630514,7.621925593191492,12.269441423488216,4.0,14.0,12.0,7.0,0.4919495524274834,0.01730784501745596,0.03411654678128667,0.07503272485025514,4.0,4.0,5.0,4.769666666666666,4.804666666666666,6.1530000000000005,7.705509500630514,7.621925593191492,12.269441423488216,-4.868297015774135,-4.671657851025395,-10.142454897329033
28,1,0.2857142857142857,1.6582280766035322,-1.353008997381019,"(0, 0, 0, 0, 1, 0, 1, 1, 1, 1, 1, 1, 0, 1, 1, 1, 0, 1, 1, 0, 1, 0, 0, 0, 1)",7.0,11.0,11.0,12.0,7.220666666666666,11.569666666666667,11.706333333333333,13.372333333333334,0.0,7.883566346544921,7.7991809622022075,11.007483795301907,1.0,17.0,19.0,2.0,0.12054336840168303,0.1122301937414461,0.04660380115965318,0.010956285611518563,4.0,4.0,5.0,4.349,4.485666666666667,6.151666666666667,7.883566346544921,7.7991809622022075,11.007483795301907,-5.861117154458758,-5.494562437084207,-8.0520522975553
28,2,0.5714285714285714,1.6582280766035322,-2.0367559063097977,"(1, 0, 0, 1, 1, 1, 0, 0, 0, 0, 1, 0, 0, 1, 1, 1, 0, 1, 1, 0, 1, 0, 1, 1, 1)",7.0,11.0,12.0,13.0,7.688666666666666,12.091666666666667,13.183,14.003666666666666,0.0,8.063391969074369,8.170753024656245,12.316857534100869,4.0,29.0,27.0,18.0,0.17776092933929893,0.11617878887425553,0.061648324431378035,0.029061877430002353,4.0,5.0,6.0,4.4030000000000005,5.4943333333333335,6.3149999999999995,8.063391969074369,8.170753024656245,12.316857534100869,-6.069764734493205,-4.4381142769262105,-9.952448674820504
28,3,0.8571428571428571,1.6582280766035322,-2.2786571983899,"(0, 1, 1, 0, 0, 1, 0, 0, 0, 1, 1, 1, 0, 0, 0, 0, 0, 1, 1, 1, 0, 0, 1, 1, 1)",6.0,9.0,11.0,11.0,6.050666666666666,9.429666666666666,11.725,12.068,0.0,8.61550821955772,8.7138135073657,12.730889447694164,3.0,1.0,21.0,2.0,0.2454731497479051,0.15568331199015675,0.019346652036765197,0.02049489056215212,3.0,5.0,5.0,3.3789999999999996,5.674333333333333,6.017333333333333,8.61550821955772,8.7138135073657,12.730889447694164,-8.683324953035786,-5.040151362860261,-11.132607242686444
28,4,1.1428571428571428,1.6582280766035322,-0.7501185396613008,"(1, 1, 1, 0, 1, 0, 0, 0, 0, 1, 0, 0, 1, 0, 1, 1, 0, 0, 1, 1, 1, 1, 1, 0, 1)",8.0,12.0,12.0,14.0,8.159333333333333,12.464666666666666,12.675,15.402,0.0,6.468904337259837,6.368894759484237,9.900155935258883,1.0,12.0,20.0,12.0,0.1240626196786658,0.037135134961118386,0.0031491275858294174,0.04893319483199569,4.0,4.0,6.0,4.3053333333333335,4.515666666666668,7.242666666666667,6.468904337259837,6.368894759484237,9.900155935258883,-3.5876941844362196,-3.07307485586051,-4.406723318452199
28,5,1.4285714285714284,1.6582280766035322,-2.4651587081916246,"(1, 1, 1, 0, 0, 0, 0, 0, 0, 1, 0, 1, 0, 1, 0, 0, 0, 1, 1, 0, 0, 0, 0, 0, 0)",6.0,9.0,9.0,11.0,6.191333333333334,9.635333333333334,9.961333333333334,11.524,0.0,6.162896770479061,7.7560578198323125,11.624538099740692,6.0,6.0,1.0,4.0,0.24720905306985616,0.06244450194527328,0.13037590477301295,0.0499328889091671,3.0,3.0,5.0,3.444,3.7700000000000005,5.3326666666666656,6.162896770479061,7.7560578198323125,11.624538099740692,-4.508550962195049,-6.609792991811004,-10.433357864703051
28,6,1.7142857142857142,1.6582280766035322,-1.9465962549860505,"(1, 0, 1, 0, 1, 0, 1, 0, 0, 1, 1, 0, 0, 1, 0, 0, 0, 0, 1, 1, 1, 0, 0, 0, 0)",7.0,11.0,10.0,12.0,7.372,11.962333333333333,10.875666666666667,13.456,0.0,7.730898814958954,7.007165170925345,10.98298808165919,6.0,25.0,6.0,4.0,0.2583544976024822,0.07943407811351408,0.002053767446119164,0.0024923729774439054,4.0,3.0,5.0,4.590333333333334,3.5036666666666676,6.084,7.730898814958954,7.007165170925345,10.98298808165919,-5.207773858043499,-5.809599586100218,-8.123639583953349
28,7,2.0,1.6582280766035322,-0.5932947799867088,"(0, 1, 1, 1, 0, 0, 0, 0, 1, 1, 0, 1, 0, 0, 1, 0, 0, 1, 0, 1, 0, 0, 1, 0, 0)",6.0,10.0,10.0,13.0,6.137333333333333,11.274666666666667,10.498333333333333,13.574333333333334,0.0,8.382729847115398,7.624753793299922,13.308993817089169,1.0,2.0,4.0,60.0,0.24982484551978318,0.03935776522821873,8.808964705283891e-05,0.0004514534716199904,4.0,4.0,7.0,5.137333333333333,4.361,7.437,8.382729847115398,7.624753793299922,13.308993817089169,-5.381607618864641,-5.412048175171212,-9.737105013139605
29,0,0.0,1.6582280766035322,-2.2971124561793763,"(0, 1, 0, 1, 1, 1, 0, 0, 0, 0, 1, 1, 1, 0, 0, 0, 1, 1, 1, 1, 1, 0, 0, 0, 0)",7.0,11.0,11.0,12.0,7.0,11.769666666666666,11.804666666666666,13.153,0.0,7.705509500630514,7.621925593191492,12.269441423488216,4.0,14.0,12.0,7.0,0.4919495524274834,0.01730784501745596,0.03411654678128667,0.07503272485025514,4.0,4.0,5.0,4.769666666666666,4.804666666666666,6.1530000000000005,7.705509500630514,7.621925593191492,12.269441423488216,-4.868297015774135,-4.671657851025395,-10.142454897329033
29,1,0.2857142857142857,1.6582280766035322,-2.8154112839380647,"(0, 0, 0, 0, 1, 0, 1, 1, 1, 0, 1, 1, 0, 1, 0, 1, 0, 1, 1, 0, 1, 0, 0, 0, 1)",6.0,10.0,10.0,12.0,6.166,10.951333333333332,11.717333333333332,13.979333333333333,0.0,9.368002908342199,9.117969751524997,12.936058322661037,1.0,2.0,4.0,3.0,0.2314254830243042,0.05347588769555222,0.011407479709214486,0.009247639711592478,4.0,4.0,6.0,4.785333333333332,5.551333333333332,7.813333333333333,9.368002908342199,9.117969751524997,12.936058322661037,-7.599111355076479,-5.914296647682076,-8.49464640602173
29,2,0.5714285714285714,1.6582280766035322,-2.0367559063097977,"(1, 0, 0, 1, 1, 1, 0, 0, 0, 0, 1, 0, 0, 1, 1, 1, 0, 1, 1, 0, 1, 0, 1, 1, 1)",7.0,11.0,12.0,13.0,7.688666666666666,12.091666666666667,13.183,14.003666666666666,0.0,8.063391969074369,8.170753024656245,12.316857534100869,4.0,29.0,27.0,18.0,0.17776092933929893,0.11617878887425553,0.061648324431378035,0.029061877430002353,4.0,5.0,6.0,4.4030000000000005,5.4943333333333335,6.3149999999999995,8.063391969074369,8.170753024656245,12.316857534100869,-6.069764734493205,-4.4381142769262105,-9.952448674820504
29,3,0.8571428571428571,1.6582280766035322,-2.2786571983899,"(0, 1, 1, 0, 0, 1, 0, 0, 0, 1, 1, 1, 0, 0, 0, 0, 0, 1, 1, 1, 0, 0, 1, 1, 1)",6.0,9.0,11.0,11.0,6.050666666666666,9.429666666666666,11.725,12.068,0.0,8.61550821955772,8.7138135073657,12.730889447694164,3.0,1.0,21.0,2.0,0.2454731497479051,0.15568331199015675,0.019346652036765197,0.02049489056215212,3.0,5.0,5.0,3.3789999999999996,5.674333333333333,6.017333333333333,8.61550821955772,8.7138135073657,12.730889447694164,-8.683324953035786,-5.040151362860261,-11.132607242686444
29,4,1.1428571428571428,1.6582280766035322,-0.7501185396613008,"(1, 1, 1, 0, 1, 0, 0, 0, 0, 1, 0, 0, 1, 0, 1, 1, 0, 0, 1, 1, 1, 1, 1, 0, 1)",8.0,12.0,12.0,14.0,8.159333333333333,12.464666666666666,12.675,15.402,0.0,6.468904337259837,6.368894759484237,9.900155935258883,1.0,12.0,20.0,12.0,0.1240626196786658,0.037135134961118386,0.0031491275858294174,0.04893319483199569,4.0,4.0,6.0,4.3053333333333335,4.515666666666668,7.242666666666667,6.468904337259837,6.368894759484237,9.900155935258883,-3.5876941844362196,-3.07307485586051,-4.406723318452199
29,5,1.4285714285714284,1.6582280766035322,-3.0708390135438233,"(0, 0, 1, 0, 0, 0, 0, 0, 0, 1, 0, 1, 0, 1, 0, 0, 0, 1, 1, 0, 0, 0, 0, 0, 0)",6.0,8.0,9.0,11.0,6.0473333333333334,8.635666666666667,10.712,12.257333333333333,0.0,6.029179100857394,6.492847308210352,11.032873109630348,15.0,4.0,5.0,3.0,0.12359967628054842,0.13594467876132038,0.048220306684371196,0.014809551556634135,2.0,3.0,5.0,2.588333333333334,4.664666666666666,6.21,6.029179100857394,6.492847308210352,11.032873109630348,-5.705707058970826,-3.031540468910797,-7.997423600285228
29,6,1.7142857142857142,1.6582280766035322,-2.548650290779213,"(1, 0, 1, 0, 0, 0, 1, 0, 0, 0, 1, 0, 0, 1, 0, 0, 0, 0, 1, 1, 1, 0, 0, 0, 0)",6.0,10.0,9.0,12.0,6.002,10.683333333333334,10.034666666666666,12.364,0.0,8.451067268627869,8.677654922917537,11.723948872933075,6.0,15.0,4.0,24.0,0.3234626108786169,0.06722291033977036,0.00018252110407004332,0.10049730820645918,4.0,3.0,6.0,4.681333333333334,4.032666666666667,6.362000000000001,8.451067268627869,8.677654922917537,11.723948872933075,-6.251078652830521,-7.702449942008875,-8.891334166410289
29,7,2.0,1.6582280766035322,-0.5932947799867088,"(0, 1, 1, 1, 0, 0, 0, 0, 1, 1, 0, 1, 0, 0, 1, 0, 0, 1, 0, 1, 0, 0, 1, 0, 0)",6.0,10.0,10.0,13.0,6.137333333333333,11.274666666666667,10.498333333333333,13.574333333333334,0.0,8.382729847115398,7.624753793299922,13.308993817089169,1.0,2.0,4.0,60.0,0.24982484551978318,0.03935776522821873,8.808964705283891e-05,0.0004514534716199904,4.0,4.0,7.0,5.137333333333333,4.361,7.437,8.382729847115398,7.624753793299922,13.308993817089169,-5.381607618864641,-5.412048175171212,-9.737105013139605
30,0,0.0,1.6582280766035322,-2.8154112839380647,"(0, 0, 0, 0, 1, 0, 1, 1, 1, 0, 1, 1, 0, 1, 0, 1, 0, 1, 1, 0, 1, 0, 0, 0, 1)",6.0,10.0,10.0,12.0,6.166,10.951333333333332,11.717333333333332,13.979333333333333,0.0,9.368002908342199,9.117969751524997,12.936058322661037,1.0,2.0,4.0,3.0,0.2314254830243042,0.05347588769555222,0.011407479709214486,0.009247639711592478,4.0,4.0,6.0,4.785333333333332,5.551333333333332,7.813333333333333,9.368002908342199,9.117969751524997,12.936058322661037,-7.599111355076479,-5.914296647682076,-8.49464640602173
30,1,0.2857142857142857,1.6582280766035322,-2.0367559063097977,"(1, 0, 0, 1, 1, 1, 0, 0, 0, 0, 1, 0, 0, 1, 1, 1, 0, 1, 1, 0, 1, 0, 1, 1, 1)",7.0,11.0,12.0,13.0,7.688666666666666,12.091666666666667,13.183,14.003666666666666,0.0,8.063391969074369,8.170753024656245,12.316857534100869,4.0,29.0,27.0,18.0,0.17776092933929893,0.11617878887425553,0.061648324431378035,0.029061877430002353,4.0,5.0,6.0,4.4030000000000005,5.4943333333333335,6.3149999999999995,8.063391969074369,8.170753024656245,12.316857534100869,-6.069764734493205,-4.4381142769262105,-9.952448674820504
30,2,0.5714285714285714,1.6582280766035322,-2.2786571983899,"(0, 1, 1, 0, 0, 1, 0, 0, 0, 1, 1, 1, 0, 0, 0, 0, 0, 1, 1, 1, 0, 0, 1, 1, 1)",6.0,9.0,11.0,11.0,6.050666666666666,9.429666666666666,11.725,12.068,0.0,8.61550821955772,8.7138135073657,12.730889447694164,3.0,1.0,21.0,2.0,0.2454731497479051,0.15568331199015675,0.019346652036765197,0.02049489056215212,3.0,5.0,5.0,3.3789999999999996,5.674333333333333,6.017333333333333,8.61550821955772,8.7138135073657,12.730889447694164,-8.683324953035786,-5.040151362860261,-11.132607242686444
30,3,0.8571428571428571,1.6582280766035322,-0.7501185396613008,"(1, 1, 1, 0, 1, 0, 0, 0, 0, 1, 0, 0, 1, 0, 1, 1, 0, 0, 1, 1, 1, 1, 1, 0, 1)",8.0,12.0,12.0,14.0,8.159333333333333,12.464666666666666,12.675,15.402,0.0,6.468904337259837,6.368894759484237,9.900155935258883,1.0,12.0,20.0,12.0,0.1240626196786658,0.037135134961118386,0.0031491275858294174,0.04893319483199569,4.0,4.0,6.0,4.3053333333333335,4.515666666666668,7.242666666666667,6.468904337259837,6.368894759484237,9.900155935258883,-3.5876941844362196,-3.07307485586051,-4.406723318452199
30,4,1.1428571428571428,1.6582280766035322,-1.9228164420677736,"(0, 0, 1, 0, 0, 0, 0, 0, 0, 1, 0, 1, 0, 1, 0, 0, 0, 1, 1, 0, 1, 1, 0, 0, 0)",7.0,11.0,10.0,11.0,7.026666666666666,11.4,10.844333333333333,13.762666666666666,0.0,6.487927898249761,7.168612098939104,11.279893818775056,15.0,46.0,10.0,1.0,0.28122994282856056,0.005527832783821533,0.0014923942654205857,0.00284393544194318,4.0,3.0,4.0,4.373333333333334,3.8176666666666668,6.736,6.487927898249761,7.168612098939104,11.279893818775056,-3.5064800781776495,-5.556631798960515,-7.534812307398041
30,5,1.4285714285714284,1.6582280766035322,-2.548650290779213,"(1, 0, 1, 0, 0, 0, 1, 0, 0, 0, 1, 0, 0, 1, 0, 0, 0, 0, 1, 1, 1, 0, 0, 0, 0)",6.0,10.0,9.0,12.0,6.002,10.683333333333334,10.034666666666666,12.364,0.0,8.451067268627869,8.677654922917537,11.723948872933075,6.0,15.0,4.0,24.0,0.3234626108786169,0.06722291033977036,0.00018252110407004332,0.10049730820645918,4.0,3.0,6.0,4.681333333333334,4.032666666666667,6.362000000000001,8.451067268627869,8.677654922917537,11.723948872933075,-6.251078652830521,-7.702449942008875,-8.891334166410289
30,6,1.7142857142857142,1.6582280766035322,-1.8436251692205348,"(0, 1, 0, 0, 0, 0, 0, 0, 1, 1, 0, 1, 0, 0, 1, 0, 0, 1, 0, 1, 0, 0, 1, 0, 0)",5.0,9.0,9.0,12.0,5.096,10.674,9.595666666666666,13.420333333333334,0.0,9.491734359991431,8.062940562542405,13.630662426815647,1.0,2.0,5.0,10.0,0.19811347335714696,0.014494593495326856,0.006597283733343954,0.03615637016049342,4.0,4.0,7.0,5.577999999999999,4.499666666666666,8.324333333333334,9.491734359991431,8.062940562542405,13.630662426815647,-6.489864200105749,-5.908720818769601,-8.79910388651054
30,7,2.0,1.6582280766035322,-2.2971124561793763,"(0, 1, 0, 1, 1, 1, 0, 0, 0, 0, 1, 1, 1, 0, 0, 0, 1, 1, 1, 1, 1, 0, 0, 0, 0)",7.0,11.0,11.0,12.0,7.0,11.769666666666666,11.804666666666666,13.153,0.0,7.705509500630514,7.621925593191492,12.269441423488216,4.0,14.0,12.0,7.0,0.4919495524274834,0.01730784501745596,0.03411654678128667,0.07503272485025514,4.0,4.0,5.0,4.769666666666666,4.804666666666666,6.1530000000000005,7.705509500630514,7.621925593191492,12.269441423488216,-4.868297015774135,-4.671657851025395,-10.142454897329033
31,0,0.0,1.6582280766035322,-2.8154112839380647,"(0, 0, 0, 0, 1, 0, 1, 1, 1, 0, 1, 1, 0, 1, 0, 1, 0, 1, 1, 0, 1, 0, 0, 0, 1)",6.0,10.0,10.0,12.0,6.166,10.951333333333332,11.717333333333332,13.979333333333333,0.0,9.368002908342199,9.117969751524997,12.936058322661037,1.0,2.0,4.0,3.0,0.2314254830243042,0.05347588769555222,0.011407479709214486,0.009247639711592478,4.0,4.0,6.0,4.785333333333332,5.551333333333332,7.813333333333333,9.368002908342199,9.117969751524997,12.936058322661037,-7.599111355076479,-5.914296647682076,-8.49464640602173
31,1,0.2857142857142857,1.6582280766035322,-2.0367559063097977,"(1, 0, 0, 1, 1, 1, 0, 0, 0, 0, 1, 0, 0, 1, 1, 1, 0, 1, 1, 0, 1, 0, 1, 1, 1)",7.0,11.0,12.0,13.0,7.688666666666666,12.091666666666667,13.183,14.003666666666666,0.0,8.063391969074369,8.170753024656245,12.316857534100869,4.0,29.0,27.0,18.0,0.17776092933929893,0.11617878887425553,0.061648324431378035,0.029061877430002353,4.0,5.0,6.0,4.4030000000000005,5.4943333333333335,6.3149999999999995,8.063391969074369,8.170753024656245,12.316857534100869,-6.069764734493205,-4.4381142769262105,-9.952448674820504
31,2,0.5714285714285714,1.6582280766035322,-2.2786571983899,"(0, 1, 1, 0, 0, 1, 0, 0, 0, 1, 1, 1, 0, 0, 0, 0, 0, 1, 1, 1, 0, 0, 1, 1, 1)",6.0,9.0,11.0,11.0,6.050666666666666,9.429666666666666,11.725,12.068,0.0,8.61550821955772,8.7138135073657,12.730889447694164,3.0,1.0,21.0,2.0,0.2454731497479051,0.15568331199015675,0.019346652036765197,0.02049489056215212,3.0,5.0,5.0,3.3789999999999996,5.674333333333333,6.017333333333333,8.61550821955772,8.7138135073657,12.730889447694164,-8.683324953035786,-5.040151362860261,-11.132607242686444
31,3,0.8571428571428571,1.6582280766035322,-0.7501185396613008,"(1, 1, 1, 0, 1, 0, 0, 0, 0, 1, 0, 0, 1, 0, 1, 1, 0, 0, 1, 1, 1, 1, 1, 0, 1)",8.0,12.0,12.0,14.0,8.159333333333333,12.464666666666666,12.675,15.402,0.0,6.468904337259837,6.368894759484237,9.900155935258883,1.0,12.0,20.0,12.0,0.1240626196786658,0.037135134961118386,0.0031491275858294174,0.04893319483199569,4.0,4.0,6.0,4.3053333333333335,4.515666666666668,7.242666666666667,6.468904337259837,6.368894759484237,9.900155935258883,-3.5876941844362196,-3.07307485586051,-4.406723318452199
31,4,1.1428571428571428,1.6582280766035322,-1.9228164420677736,"(0, 0, 1, 0, 0, 0, 0, 0, 0, 1, 0, 1, 0, 1, 0, 0, 0, 1, 1, 0, 1, 1, 0, 0, 0)",7.0,11.0,10.0,11.0,7.026666666666666,11.4,10.844333333333333,13.762666666666666,0.0,6.487927898249761,7.168612098939104,11.279893818775056,15.0,46.0,10.0,1.0,0.28122994282856056,0.005527832783821533,0.0014923942654205857,0.00284393544194318,4.0,3.0,4.0,4.373333333333334,3.8176666666666668,6.736,6.487927898249761,7.168612098939104,11.279893818775056,-3.5064800781776495,-5.556631798960515,-7.534812307398041
31,5,1.4285714285714284,1.6582280766035322,-2.61174096648285,"(1, 0, 1, 0, 0, 0, 1, 0, 0, 0, 1, 0, 0, 1, 0, 0, 0, 0, 1, 1, 1, 1, 1, 0, 0)",7.0,10.0,9.0,12.0,7.224666666666667,10.622333333333334,9.184666666666667,13.717333333333332,0.0,6.368950033753458,5.921154754044878,10.437956150014221,15.0,10.0,3.0,6.0,0.2811546156077484,0.03950168330700106,0.06440507916206126,0.006814781931012835,3.0,2.0,5.0,3.397666666666667,1.96,6.492666666666666,6.368950033753458,5.921154754044878,10.437956150014221,-4.9270655028483965,-6.568498028928775,-6.54218979161556
31,6,1.7142857142857142,1.6582280766035322,-1.794597543474829,"(0, 0, 0, 0, 0, 0, 1, 0, 1, 1, 0, 1, 0, 0, 1, 0, 0, 1, 0, 1, 0, 0, 1, 0, 0)",4.0,9.0,8.0,11.0,4.075333333333333,9.370333333333333,8.630333333333333,12.024666666666667,0.0,9.693909212042216,8.083336767884628,14.602365654948912,1.0,4.0,1.0,11.0,0.19097619893012693,0.029141336102142593,0.0003421779355421931,0.061737006681960735,5.0,4.0,7.0,5.295,4.555,7.949333333333334,9.693909212042216,8.083336767884628,14.602365654948912,-7.294394761838324,-5.850787092218851,-11.032244990253734
31,7,2.0,1.6582280766035322,-2.2971124561793763,"(0, 1, 0, 1, 1, 1, 0, 0, 0, 0, 1, 1, 1, 0, 0, 0, 1, 1, 1, 1, 1, 0, 0, 0, 0)",7.0,11.0,11.0,12.0,7.0,11.769666666666666,11.804666666666666,13.153,0.0,7.705509500630514,7.621925593191492,12.269441423488216,4.0,14.0,12.0,7.0,0.4919495524274834,0.01730784501745596,0.03411654678128667,0.07503272485025514,4.0,4.0,5.0,4.769666666666666,4.804666666666666,6.1530000000000005,7.705509500630514,7.621925593191492,12.269441423488216,-4.868297015774135,-4.671657851025395,-10.142454897329033
32,0,0.0,1.6582280766035322,-2.8154112839380647,"(0, 0, 0, 0, 1, 0, 1, 1, 1, 0, 1, 1, 0, 1, 0, 1, 0, 1, 1, 0, 1, 0, 0, 0, 1)",6.0,10.0,10.0,12.0,6.166,10.951333333333332,11.717333333333332,13.979333333333333,0.0,9.368002908342199,9.117969751524997,12.936058322661037,1.0,2.0,4.0,3.0,0.2314254830243042,0.05347588769555222,0.011407479709214486,0.009247639711592478,4.0,4.0,6.0,4.785333333333332,5.551333333333332,7.813333333333333,9.368002908342199,9.117969751524997,12.936058322661037,-7.599111355076479,-5.914296647682076,-8.49464640602173
32,1,0.2857142857142857,1.6582280766035322,-1.2870342629887568,"(1, 0, 0, 1, 1, 1, 0, 0, 0, 0, 1, 0, 0, 1, 1, 1, 0, 1, 1, 0, 1, 0, 1, 0, 0)",6.0,10.0,10.0,12.0,6.038666666666667,10.907666666666668,10.869333333333334,12.486666666666666,0.0,7.687370327948112,7.065009693664196,11.41349172748008,1.0,13.0,2.0,9.0,0.3116950450181091,0.005959293862885139,0.04132269920732857,0.0855363064503559,4.0,4.0,6.0,4.869000000000001,4.830666666666667,6.4479999999999995,7.687370327948112,7.065009693664196,11.41349172748008,-4.673500808069862,-3.7050503401306276,-8.233917796650045
32,2,0.5714285714285714,1.6582280766035322,-2.2786571983899,"(0, 1, 1, 0, 0, 1, 0, 0, 0, 1, 1, 1, 0, 0, 0, 0, 0, 1, 1, 1, 0, 0, 1, 1, 1)",6.0,9.0,11.0,11.0,6.050666666666666,9.429666666666666,11.725,12.068,0.0,8.61550821955772,8.7138135073657,12.730889447694164,3.0,1.0,21.0,2.0,0.2454731497479051,0.15568331199015675,0.019346652036765197,0.02049489056215212,3.0,5.0,5.0,3.3789999999999996,5.674333333333333,6.017333333333333,8.61550821955772,8.7138135073657,12.730889447694164,-8.683324953035786,-5.040151362860261,-11.132607242686444
32,3,0.8571428571428571,1.6582280766035322,-1.5149116364332262,"(1, 0, 1, 0, 1, 0, 1, 0, 0, 1, 0, 0, 1, 0, 1, 1, 0, 0, 1, 1, 1, 1, 1, 0, 1)",9.0,13.0,12.0,13.0,9.051333333333334,13.247333333333334,13.542666666666667,13.918,0.0,5.407159324567001,5.48309695809724,9.200558722118055,18.0,53.0,13.0,4.0,0.23073163266998564,0.017727135103852723,0.0015273041244137544,0.05226657048244673,4.0,3.0,4.0,4.196,4.491333333333333,4.866666666666665,5.407159324567001,5.48309695809724,9.200558722118055,-2.0083783972371716,-1.6445702879376007,-7.186581487318487
32,4,1.1428571428571428,1.6582280766035322,-2.5035622486732425,"(0, 0, 0, 0, 0, 0, 0, 0, 0, 1, 0, 1, 0, 1, 0, 0, 0, 1, 1, 0, 1, 1, 1, 0, 0)",6.0,9.0,9.0,12.0,6.05,9.150333333333334,10.193333333333333,12.91,0.0,7.298626392523024,8.517110807967706,12.333568788161752,3.0,5.0,1.0,6.0,0.18879784802512045,0.0007063428614968843,0.05842817136236816,0.0557391141510778,3.0,3.0,6.0,3.1003333333333343,4.1433333333333335,6.86,7.298626392523024,8.517110807967706,12.333568788161752,-6.961727424558079,-7.252720609254809,-9.076425443750589
32,5,1.4285714285714284,1.6582280766035322,-2.2800099724668783,"(1, 0, 1, 0, 0, 0, 0, 1, 0, 0, 1, 0, 0, 1, 0, 0, 0, 0, 1, 1, 1, 1, 1, 0, 0)",6.0,10.0,10.0,12.0,6.0,11.669333333333332,10.222333333333333,13.032666666666668,0.0,7.779466472847031,7.87837056523823,11.286674129132724,3.0,2.0,12.0,12.0,0.3298849798661075,0.013458826492607743,0.06196883772467904,0.0016094075745351237,4.0,4.0,6.0,5.6693333333333324,4.222333333333333,7.0326666666666675,7.779466472847031,7.87837056523823,11.286674129132724,-3.4990820173131736,-6.062543587052558,-7.054114612342161
32,6,1.7142857142857142,1.6582280766035322,-1.794597543474829,"(0, 0, 0, 0, 0, 0, 1, 0, 1, 1, 0, 1, 0, 0, 1, 0, 0, 1, 0, 1, 0, 0, 1, 0, 0)",4.0,9.0,8.0,11.0,4.075333333333333,9.370333333333333,8.630333333333333,12.024666666666667,0.0,9.693909212042216,8.083336767884628,14.602365654948912,1.0,4.0,1.0,11.0,0.19097619893012693,0.029141336102142593,0.0003421779355421931,0.061737006681960735,5.0,4.0,7.0,5.295,4.555,7.949333333333334,9.693909212042216,8.083336767884628,14.602365654948912,-7.294394761838324,-5.850787092218851,-11.032244990253734
32,7,2.0,1.6582280766035322,-2.2971124561793763,"(0, 1, 0, 1, 1, 1, 0, 0, 0, 0, 1, 1, 1, 0, 0, 0, 1, 1, 1, 1, 1, 0, 0, 0, 0)",7.0,11.0,11.0,12.0,7.0,11.769666666666666,11.804666666666666,13.153,0.0,7.705509500630514,7.621925593191492,12.269441423488216,4.0,14.0,12.0,7.0,0.4919495524274834,0.01730784501745596,0.03411654678128667,0.07503272485025514,4.0,4.0,5.0,4.769666666666666,4.804666666666666,6.1530000000000005,7.705509500630514,7.621925593191492,12.269441423488216,-4.868297015774135,-4.671657851025395,-10.142454897329033
33,0,0.0,1.6582280766035322,-2.063847045352123,"(0, 0, 0, 0, 1, 0, 1, 1, 1, 0, 1, 1, 0, 1, 0, 1, 0, 1, 1, 0, 0, 0, 0, 0, 0)",7.0,11.0,13.0,12.0,7.06,12.216666666666667,14.542,12.666666666666666,0.0,7.239059155060143,7.763777792766721,10.425482589926883,3.0,6.0,12.0,5.0,0.08707167264693422,0.05573738618351648,0.005288239247850857,0.04801562233026456,4.0,6.0,5.0,5.156666666666667,7.482,5.6066666666666665,7.239059155060143,7.763777792766721,10.425482589926883,-3.4530816907623563,-0.4672518473291479,-7.990695859934263
33,1,0.2857142857142857,1.6582280766035322,-1.2870342629887568,"(1, 0, 0, 1, 1, 1, 0, 0, 0, 0, 1, 0, 0, 1, 1, 1, 0, 1, 1, 0, 1, 0, 1, 0, 0)",6.0,10.0,10.0,12.0,6.038666666666667,10.907666666666668,10.869333333333334,12.486666666666666,0.0,7.687370327948112,7.065009693664196,11.41349172748008,1.0,13.0,2.0,9.0,0.3116950450181091,0.005959293862885139,0.04132269920732857,0.0855363064503559,4.0,4.0,6.0,4.869000000000001,4.830666666666667,6.4479999999999995,7.687370327948112,7.065009693664196,11.41349172748008,-4.673500808069862,-3.7050503401306276,-8.233917796650045
33,2,0.5714285714285714,1.6582280766035322,-2.4567977764112565,"(0, 1, 1, 0, 0, 0, 0, 0, 0, 0, 1, 1, 0, 0, 0, 0, 0, 1, 1, 1, 0, 0, 1, 1, 1)",5.0,9.0,7.0,10.0,5.080666666666667,9.224333333333334,7.639333333333333,13.239,0.0,8.4596716298698,7.6132383205457295,11.66506335145724,3.0,8.0,1.0,2.0,0.25543466107718765,0.0021491025662446557,0.19445559087340766,0.033662128429168874,4.0,2.0,5.0,4.143666666666667,2.5586666666666664,8.158333333333335,8.4596716298698,7.6132383205457295,11.66506335145724,-7.156920608743628,-8.381632631666614,-5.814958173121473
33,3,0.8571428571428571,1.6582280766035322,-1.7822264078504677,"(1, 1, 1, 0, 1, 0, 1, 0, 0, 1, 0, 0, 1, 0, 1, 1, 0, 0, 1, 1, 1, 0, 1, 0, 1)",8.0,12.0,11.0,13.0,8.918,13.607,11.794666666666666,13.819,0.0,7.620847744941701,7.263269284978556,10.602047030572344,2.0,13.0,6.0,5.0,0.022819301896036637,0.08144250280491896,0.07044569212072854,0.06674353517765992,4.0,3.0,5.0,4.689,2.876666666666667,4.901000000000002,7.620847744941701,7.263269284978556,10.602047030572344,-4.861672246989079,-7.273987622587342,-9.453636252132254
33,4,1.1428571428571428,1.6582280766035322,-2.5035622486732425,"(0, 0, 0, 0, 0, 0, 0, 0, 0, 1, 0, 1, 0, 1, 0, 0, 0, 1, 1, 0, 1, 1, 1, 0, 0)",6.0,9.0,9.0,12.0,6.05,9.150333333333334,10.193333333333333,12.91,0.0,7.298626392523024,8.517110807967706,12.333568788161752,3.0,5.0,1.0,6.0,0.18879784802512045,0.0007063428614968843,0.05842817136236816,0.0557391141510778,3.0,3.0,6.0,3.1003333333333343,4.1433333333333335,6.86,7.298626392523024,8.517110807967706,12.333568788161752,-6.961727424558079,-7.252720609254809,-9.076425443750589
33,5,1.4285714285714284,1.6582280766035322,-2.2800099724668783,"(1, 0, 1, 0, 0, 0, 0, 1, 0, 0, 1, 0, 0, 1, 0, 0, 0, 0, 1, 1, 1, 1, 1, 0, 0)",6.0,10.0,10.0,12.0,6.0,11.669333333333332,10.222333333333333,13.032666666666668,0.0,7.779466472847031,7.87837056523823,11.286674129132724,3.0,2.0,12.0,12.0,0.3298849798661075,0.013458826492607743,0.06196883772467904,0.0016094075745351237,4.0,4.0,6.0,5.6693333333333324,4.222333333333333,7.0326666666666675,7.779466472847031,7.87837056523823,11.286674129132724,-3.4990820173131736,-6.062543587052558,-7.054114612342161
33,6,1.7142857142857142,1.6582280766035322,-1.794597543474829,"(0, 0, 0, 0, 0, 0, 1, 0, 1, 1, 0, 1, 0, 0, 1, 0, 0, 1, 0, 1, 0, 0, 1, 0, 0)",4.0,9.0,8.0,11.0,4.075333333333333,9.370333333333333,8.630333333333333,12.024666666666667,0.0,9.693909212042216,8.083336767884628,14.602365654948912,1.0,4.0,1.0,11.0,0.19097619893012693,0.029141336102142593,0.0003421779355421931,0.061737006681960735,5.0,4.0,7.0,5.295,4.555,7.949333333333334,9.693909212042216,8.083336767884628,14.602365654948912,-7.294394761838324,-5.850787092218851,-11.032244990253734
33,7,2.0,1.6582280766035322,-1.9073064851384516,"(0, 1, 0, 1, 1, 1, 0, 0, 0, 0, 1, 1, 1, 0, 0, 0, 0, 0, 1, 1, 1, 0, 0, 0, 0)",6.0,10.0,10.0,12.0,6.174,10.217333333333332,11.213,13.814,0.0,7.325388351203766,7.521381697480099,11.54166354542333,2.0,11.0,1.0,11.0,0.5716720190517592,0.05014391469578947,0.0006276670489216094,0.0003118730723302829,4.0,4.0,6.0,4.043333333333332,5.038999999999999,7.64,7.325388351203766,7.521381697480099,11.54166354542333,-5.442395779590261,-4.116355027608239,-6.469848036481446
34,0,0.0,1.6582280766035322,-2.6373188624090735,"(0, 0, 0, 1, 1, 0, 1, 1, 0, 0, 1, 1, 0, 1, 0, 1, 0, 1, 1, 0, 0, 0, 0, 0, 0)",6.0,9.0,8.0,11.0,6.083,9.575333333333333,8.300333333333333,11.941666666666666,0.0,7.271274841637269,7.277299736982263,11.966271269194069,7.0,5.0,3.0,11.0,0.30688267474854364,0.00021324127295269338,0.1743742052628268,0.03378399365475717,3.0,2.0,5.0,3.492333333333333,2.2173333333333325,5.858666666666666,7.271274841637269,7.277299736982263,11.966271269194069,-6.266346908912087,-8.390578357201258,-10.127801432703896
34,1,0.2857142857142857,1.6582280766035322,-1.2870342629887568,"(1, 0, 0, 1, 1, 1, 0, 0, 0, 0, 1, 0, 0, 1, 1, 1, 0, 1, 1, 0, 1, 0, 1, 0, 0)",6.0,10.0,10.0,12.0,6.038666666666667,10.907666666666668,10.869333333333334,12.486666666666666,0.0,7.687370327948112,7.065009693664196,11.41349172748008,1.0,13.0,2.0,9.0,0.3116950450181091,0.005959293862885139,0.04132269920732857,0.0855363064503559,4.0,4.0,6.0,4.869000000000001,4.830666666666667,6.4479999999999995,7.687370327948112,7.065009693664196,11.41349172748008,-4.673500808069862,-3.7050503401306276,-8.233917796650045
34,2,0.5714285714285714,1.6582280766035322,-1.9694755520904295,"(0, 1, 1, 0, 0, 0, 0, 0, 0, 0, 1, 1, 0, 0, 0, 0, 0, 1, 1, 1, 0, 0, 1, 0, 0)",4.0,8.0,8.0,12.0,4.052,8.356666666666667,8.59,12.951666666666666,0.0,9.340347348975733,10.30865120955196,14.638699274582931,1.0,1.0,2.0,19.0,0.35046298766037676,0.04157679784528471,0.03552096757268575,0.006347655244461778,4.0,4.0,8.0,4.304666666666668,4.538,8.899666666666667,9.340347348975733,10.30865120955196,14.638699274582931,-8.350307092214925,-9.56905585596519,-9.516625002989942
34,3,0.8571428571428571,1.6582280766035322,-1.7822264078504677,"(1, 1, 1, 0, 1, 0, 1, 0, 0, 1, 0, 0, 1, 0, 1, 1, 0, 0, 1, 1, 1, 0, 1, 0, 1)",8.0,12.0,11.0,13.0,8.918,13.607,11.794666666666666,13.819,0.0,7.620847744941701,7.263269284978556,10.602047030572344,2.0,13.0,6.0,5.0,0.022819301896036637,0.08144250280491896,0.07044569212072854,0.06674353517765992,4.0,3.0,5.0,4.689,2.876666666666667,4.901000000000002,7.620847744941701,7.263269284978556,10.602047030572344,-4.861672246989079,-7.273987622587342,-9.453636252132254
34,4,1.1428571428571428,1.6582280766035322,-2.5035622486732425,"(0, 0, 0, 0, 0, 0, 0, 0, 0, 1, 0, 1, 0, 1, 0, 0, 0, 1, 1, 0, 1, 1, 1, 0, 0)",6.0,9.0,9.0,12.0,6.05,9.150333333333334,10.193333333333333,12.91,0.0,7.298626392523024,8.517110807967706,12.333568788161752,3.0,5.0,1.0,6.0,0.18879784802512045,0.0007063428614968843,0.05842817136236816,0.0557391141510778,3.0,3.0,6.0,3.1003333333333343,4.1433333333333335,6.86,7.298626392523024,8.517110807967706,12.333568788161752,-6.961727424558079,-7.252720609254809,-9.076425443750589
34,5,1.4285714285714284,1.6582280766035322,-1.460781862569394,"(1, 0, 1, 0, 1, 0, 0, 1, 0, 0, 1, 0, 0, 1, 0, 0, 0, 0, 1, 1, 1, 1, 1, 0, 1)",7.0,12.0,10.0,12.0,7.103,12.278666666666666,10.736,13.136333333333333,0.0,6.066111525074636,6.83694805886199,11.21537032183877,7.0,35.0,9.0,7.0,0.24026841307000418,0.06154201057464805,0.0062955802916746725,0.014271937276006319,5.0,3.0,5.0,5.175666666666666,3.633000000000001,6.033333333333333,6.066111525074636,6.83694805886199,11.21537032183877,-1.4765606648793512,-5.3128766271843375,-8.592999228337732
34,6,1.7142857142857142,1.6582280766035322,-1.794597543474829,"(0, 0, 0, 0, 0, 0, 1, 0, 1, 1, 0, 1, 0, 0, 1, 0, 0, 1, 0, 1, 0, 0, 1, 0, 0)",4.0,9.0,8.0,11.0,4.075333333333333,9.370333333333333,8.630333333333333,12.024666666666667,0.0,9.693909212042216,8.083336767884628,14.602365654948912,1.0,4.0,1.0,11.0,0.19097619893012693,0.029141336102142593,0.0003421779355421931,0.061737006681960735,5.0,4.0,7.0,5.295,4.555,7.949333333333334,9.693909212042216,8.083336767884628,14.602365654948912,-7.294394761838324,-5.850787092218851,-11.032244990253734
34,7,2.0,1.6582280766035322,-1.6844037821301225,"(0, 1, 0, 1, 1, 1, 0, 0, 1, 1, 1, 1, 1, 0, 0, 0, 0, 0, 1, 1, 1, 0, 0, 0, 0)",7.0,11.0,11.0,12.0,7.068,11.528333333333334,11.45,13.396,0.0,8.098684589971416,6.768131593682944,11.608462499775841,4.0,22.0,8.0,4.0,0.25747812141907167,0.062372944566425316,0.14111161132612124,0.039244768324363376,4.0,4.0,5.0,4.460333333333335,4.382,6.328000000000001,8.098684589971416,6.768131593682944,11.608462499775841,-6.033216206303011,-3.95675040311579,-8.756211174580372
35,0,0.0,1.6582280766035322,-1.6276759692125027,"(0, 0, 0, 1, 1, 0, 0, 1, 0, 0, 1, 0, 0, 1, 0, 1, 0, 1, 1, 0, 0, 0, 0, 0, 0)",5.0,8.0,7.0,12.0,5.066666666666666,9.099666666666666,8.196,12.547333333333333,0.0,8.714624196647593,7.472215235008803,13.515047080363564,3.0,2.0,1.0,29.0,0.31388500332709385,0.0017923838916640749,0.14885271459616464,0.044872105947531986,3.0,2.0,7.0,4.0329999999999995,3.1293333333333333,7.480666666666666,8.714624196647593,7.472215235008803,13.515047080363564,-7.763200686987496,-7.201488702731604,-10.006379026898633
35,1,0.2857142857142857,1.6582280766035322,-1.765205049759359,"(1, 0, 0, 1, 1, 1, 0, 0, 1, 1, 1, 0, 0, 1, 1, 1, 0, 1, 1, 0, 1, 0, 1, 0, 0)",7.0,9.0,9.0,12.0,7.1706666666666665,10.401666666666667,9.466,12.590333333333334,0.0,5.629407948722891,5.632623068715863,9.932030763842484,4.0,2.0,1.0,9.0,0.27428471555298606,0.05258904962988159,0.025856076335216593,0.053657640924636735,2.0,2.0,5.0,3.2310000000000008,2.295333333333333,5.419666666666667,5.629407948722891,5.632623068715863,9.932030763842484,-3.9771073997213815,-5.533987538972084,-7.482528837794688
35,2,0.5714285714285714,1.6582280766035322,-1.9694755520904295,"(0, 1, 1, 0, 0, 0, 0, 0, 0, 0, 1, 1, 0, 0, 0, 0, 0, 1, 1, 1, 0, 0, 1, 0, 0)",4.0,8.0,8.0,12.0,4.052,8.356666666666667,8.59,12.951666666666666,0.0,9.340347348975733,10.30865120955196,14.638699274582931,1.0,1.0,2.0,19.0,0.35046298766037676,0.04157679784528471,0.03552096757268575,0.006347655244461778,4.0,4.0,8.0,4.304666666666668,4.538,8.899666666666667,9.340347348975733,10.30865120955196,14.638699274582931,-8.350307092214925,-9.56905585596519,-9.516625002989942
35,3,0.8571428571428571,1.6582280766035322,-1.7822264078504677,"(1, 1, 1, 0, 1, 0, 1, 0, 0, 1, 0, 0, 1, 0, 1, 1, 0, 0, 1, 1, 1, 0, 1, 0, 1)",8.0,12.0,11.0,13.0,8.918,13.607,11.794666666666666,13.819,0.0,7.620847744941701,7.263269284978556,10.602047030572344,2.0,13.0,6.0,5.0,0.022819301896036637,0.08144250280491896,0.07044569212072854,0.06674353517765992,4.0,3.0,5.0,4.689,2.876666666666667,4.901000000000002,7.620847744941701,7.263269284978556,10.602047030572344,-4.861672246989079,-7.273987622587342,-9.453636252132254
35,4,1.1428571428571428,1.6582280766035322,-2.2021107042617656,"(0, 0, 1, 1, 0, 0, 0, 0, 0, 1, 0, 1, 0, 1, 0, 0, 0, 1, 1, 0, 1, 1, 1, 0, 0)",7.0,11.0,11.0,13.0,7.066666666666666,12.244333333333334,11.076666666666666,13.466,0.0,8.234014425778668,8.80687695197597,12.470087020757243,6.0,6.0,37.0,29.0,0.24742875069987194,0.057625674562837785,8.914359682582492e-05,0.003950993697758127,4.0,4.0,6.0,5.177666666666667,4.01,6.399333333333333,8.234014425778668,8.80687695197597,12.470087020757243,-5.068121666023808,-7.954316041778929,-10.06669421063075
35,5,1.4285714285714284,1.6582280766035322,-1.460781862569394,"(1, 0, 1, 0, 1, 0, 0, 1, 0, 0, 1, 0, 0, 1, 0, 0, 0, 0, 1, 1, 1, 1, 1, 0, 1)",7.0,12.0,10.0,12.0,7.103,12.278666666666666,10.736,13.136333333333333,0.0,6.066111525074636,6.83694805886199,11.21537032183877,7.0,35.0,9.0,7.0,0.24026841307000418,0.06154201057464805,0.0062955802916746725,0.014271937276006319,5.0,3.0,5.0,5.175666666666666,3.633000000000001,6.033333333333333,6.066111525074636,6.83694805886199,11.21537032183877,-1.4765606648793512,-5.3128766271843375,-8.592999228337732
35,6,1.7142857142857142,1.6582280766035322,-1.4579968849233846,"(0, 0, 0, 0, 0, 0, 1, 1, 0, 1, 0, 1, 0, 0, 1, 0, 0, 1, 0, 1, 0, 0, 1, 0, 0)",5.0,9.0,9.0,12.0,5.1513333333333335,10.265,9.608,12.393,0.0,8.89924946822099,8.473305949610761,13.581413052940523,1.0,1.0,12.0,25.0,0.08294469353054365,0.04203237705980161,0.12481117253936697,0.06243236594979678,4.0,4.0,7.0,5.113666666666667,4.456666666666667,7.241666666666667,8.89924946822099,8.473305949610761,13.581413052940523,-6.277359687844836,-6.6605040325665765,-10.512745456265089
35,7,2.0,1.6582280766035322,-1.5217463476204414,"(0, 0, 1, 1, 1, 1, 0, 0, 1, 1, 1, 1, 1, 0, 0, 0, 0, 0, 1, 1, 1, 0, 0, 0, 0)",7.0,11.0,11.0,13.0,7.057333333333333,11.963666666666667,11.219666666666667,14.418,0.0,6.361488007408741,6.834764725227795,10.775617448301714,2.0,11.0,4.0,10.0,0.25738410440318277,0.11529890852249805,0.06182008145630746,0.004510972048623386,4.0,4.0,6.0,4.906333333333333,4.162333333333334,7.360666666666666,6.361488007408741,6.834764725227795,10.775617448301714,-2.4129783363527024,-4.431500766836053,-5.662767266326416
36,0,0.0,1.6582280766035322,-1.6276759692125027,"(0, 0, 0, 1, 1, 0, 0, 1, 0, 0, 1, 0, 0, 1, 0, 1, 0, 1, 1, 0, 0, 0, 0, 0, 0)",5.0,8.0,7.0,12.0,5.066666666666666,9.099666666666666,8.196,12.547333333333333,0.0,8.714624196647593,7.472215235008803,13.515047080363564,3.0,2.0,1.0,29.0,0.31388500332709385,0.0017923838916640749,0.14885271459616464,0.044872105947531986,3.0,2.0,7.0,4.0329999999999995,3.1293333333333333,7.480666666666666,8.714624196647593,7.472215235008803,13.515047080363564,-7.763200686987496,-7.201488702731604,-10.006379026898633
36,1,0.2857142857142857,1.6582280766035322,-1.765205049759359,"(1, 0, 0, 1, 1, 1, 0, 0, 1, 1, 1, 0, 0, 1, 1, 1, 0, 1, 1, 0, 1, 0, 1, 0, 0)",7.0,9.0,9.0,12.0,7.1706666666666665,10.401666666666667,9.466,12.590333333333334,0.0,5.629407948722891,5.632623068715863,9.932030763842484,4.0,2.0,1.0,9.0,0.27428471555298606,0.05258904962988159,0.025856076335216593,0.053657640924636735,2.0,2.0,5.0,3.2310000000000008,2.295333333333333,5.419666666666667,5.629407948722891,5.632623068715863,9.932030763842484,-3.9771073997213815,-5.533987538972084,-7.482528837794688
36,2,0.5714285714285714,1.6582280766035322,-2.8430895778280116,"(0, 1, 1, 0, 0, 0, 0, 0, 0, 0, 1, 1, 0, 0, 0, 0, 1, 0, 1, 1, 0, 0, 1, 0, 0)",5.0,8.0,8.0,11.0,5.3053333333333335,8.673,9.241333333333333,12.255333333333333,0.0,6.499526282407782,7.499096954606187,12.94442316206968,3.0,2.0,1.0,2.0,0.2537699542164466,0.0005219784653406715,0.06909238760175214,8.229288387585771e-05,3.0,3.0,6.0,3.3676666666666666,3.936,6.949999999999999,6.499526282407782,7.499096954606187,12.94442316206968,-5.193337546802668,-5.90842740978852,-9.940120790386471
36,3,0.8571428571428571,1.6582280766035322,-1.7822264078504677,"(1, 1, 1, 0, 1, 0, 1, 0, 0, 1, 0, 0, 1, 0, 1, 1, 0, 0, 1, 1, 1, 0, 1, 0, 1)",8.0,12.0,11.0,13.0,8.918,13.607,11.794666666666666,13.819,0.0,7.620847744941701,7.263269284978556,10.602047030572344,2.0,13.0,6.0,5.0,0.022819301896036637,0.08144250280491896,0.07044569212072854,0.06674353517765992,4.0,3.0,5.0,4.689,2.876666666666667,4.901000000000002,7.620847744941701,7.263269284978556,10.602047030572344,-4.861672246989079,-7.273987622587342,-9.453636252132254
36,4,1.1428571428571428,1.6582280766035322,-2.2021107042617656,"(0, 0, 1, 1, 0, 0, 0, 0, 0, 1, 0, 1, 0, 1, 0, 0, 0, 1, 1, 0, 1, 1, 1, 0, 0)",7.0,11.0,11.0,13.0,7.066666666666666,12.244333333333334,11.076666666666666,13.466,0.0,8.234014425778668,8.80687695197597,12.470087020757243,6.0,6.0,37.0,29.0,0.24742875069987194,0.057625674562837785,8.914359682582492e-05,0.003950993697758127,4.0,4.0,6.0,5.177666666666667,4.01,6.399333333333333,8.234014425778668,8.80687695197597,12.470087020757243,-5.068121666023808,-7.954316041778929,-10.06669421063075
36,5,1.4285714285714284,1.6582280766035322,-1.460781862569394,"(1, 0, 1, 0, 1, 0, 0, 1, 0, 0, 1, 0, 0, 1, 0, 0, 0, 0, 1, 1, 1, 1, 1, 0, 1)",7.0,12.0,10.0,12.0,7.103,12.278666666666666,10.736,13.136333333333333,0.0,6.066111525074636,6.83694805886199,11.21537032183877,7.0,35.0,9.0,7.0,0.24026841307000418,0.06154201057464805,0.0062955802916746725,0.014271937276006319,5.0,3.0,5.0,5.175666666666666,3.633000000000001,6.033333333333333,6.066111525074636,6.83694805886199,11.21537032183877,-1.4765606648793512,-5.3128766271843375,-8.592999228337732
36,6,1.7142857142857142,1.6582280766035322,-1.4579968849233846,"(0, 0, 0, 0, 0, 0, 1, 1, 0, 1, 0, 1, 0, 0, 1, 0, 0, 1, 0, 1, 0, 0, 1, 0, 0)",5.0,9.0,9.0,12.0,5.1513333333333335,10.265,9.608,12.393,0.0,8.89924946822099,8.473305949610761,13.581413052940523,1.0,1.0,12.0,25.0,0.08294469353054365,0.04203237705980161,0.12481117253936697,0.06243236594979678,4.0,4.0,7.0,5.113666666666667,4.456666666666667,7.241666666666667,8.89924946822099,8.473305949610761,13.581413052940523,-6.277359687844836,-6.6605040325665765,-10.512745456265089
36,7,2.0,1.6582280766035322,-0.35764882306021994,"(0, 0, 1, 1, 1, 1, 1, 1, 1, 1, 1, 1, 1, 0, 0, 0, 0, 0, 1, 1, 1, 0, 0, 0, 0)",8.0,11.0,10.0,15.0,8.810666666666666,11.487,10.83,15.418,0.0,6.457176979806968,5.215726105501326,8.896789763240696,6.0,4.0,6.0,107.0,0.228301153089558,0.0042009151664764025,0.001816146449985243,0.09316954479958368,3.0,2.0,7.0,2.676333333333334,2.019333333333334,6.607333333333333,6.457176979806968,5.215726105501326,8.896789763240696,-6.269501087830658,-5.300348238661562,-3.7964409322328754
37,0,0.0,1.6582280766035322,-1.6276759692125027,"(0, 0, 0, 1, 1, 0, 0, 1, 0, 0, 1, 0, 0, 1, 0, 1, 0, 1, 1, 0, 0, 0, 0, 0, 0)",5.0,8.0,7.0,12.0,5.066666666666666,9.099666666666666,8.196,12.547333333333333,0.0,8.714624196647593,7.472215235008803,13.515047080363564,3.0,2.0,1.0,29.0,0.31388500332709385,0.0017923838916640749,0.14885271459616464,0.044872105947531986,3.0,2.0,7.0,4.0329999999999995,3.1293333333333333,7.480666666666666,8.714624196647593,7.472215235008803,13.515047080363564,-7.763200686987496,-7.201488702731604,-10.006379026898633
37,1,0.2857142857142857,1.6582280766035322,-1.765205049759359,"(1, 0, 0, 1, 1, 1, 0, 0, 1, 1, 1, 0, 0, 1, 1, 1, 0, 1, 1, 0, 1, 0, 1, 0, 0)",7.0,9.0,9.0,12.0,7.1706666666666665,10.401666666666667,9.466,12.590333333333334,0.0,5.629407948722891,5.632623068715863,9.932030763842484,4.0,2.0,1.0,9.0,0.27428471555298606,0.05258904962988159,0.025856076335216593,0.053657640924636735,2.0,2.0,5.0,3.2310000000000008,2.295333333333333,5.419666666666667,5.629407948722891,5.632623068715863,9.932030763842484,-3.9771073997213815,-5.533987538972084,-7.482528837794688
37,2,0.5714285714285714,1.6582280766035322,-2.8430895778280116,"(0, 1, 1, 0, 0, 0, 0, 0, 0, 0, 1, 1, 0, 0, 0, 0, 1, 0, 1, 1, 0, 0, 1, 0, 0)",5.0,8.0,8.0,11.0,5.3053333333333335,8.673,9.241333333333333,12.255333333333333,0.0,6.499526282407782,7.499096954606187,12.94442316206968,3.0,2.0,1.0,2.0,0.2537699542164466,0.0005219784653406715,0.06909238760175214,8.229288387585771e-05,3.0,3.0,6.0,3.3676666666666666,3.936,6.949999999999999,6.499526282407782,7.499096954606187,12.94442316206968,-5.193337546802668,-5.90842740978852,-9.940120790386471
37,3,0.8571428571428571,1.6582280766035322,-1.7822264078504677,"(1, 1, 1, 0, 1, 0, 1, 0, 0, 1, 0, 0, 1, 0, 1, 1, 0, 0, 1, 1, 1, 0, 1, 0, 1)",8.0,12.0,11.0,13.0,8.918,13.607,11.794666666666666,13.819,0.0,7.620847744941701,7.263269284978556,10.602047030572344,2.0,13.0,6.0,5.0,0.022819301896036637,0.08144250280491896,0.07044569212072854,0.06674353517765992,4.0,3.0,5.0,4.689,2.876666666666667,4.901000000000002,7.620847744941701,7.263269284978556,10.602047030572344,-4.861672246989079,-7.273987622587342,-9.453636252132254
37,4,1.1428571428571428,1.6582280766035322,-1.2595869816704834,"(0, 0, 1, 1, 0, 0, 0, 0, 0, 1, 1, 1, 0, 1, 1, 0, 0, 1, 1, 0, 1, 1, 1, 0, 0)",6.0,9.0,10.0,12.0,6.0986666666666665,9.868666666666666,10.941666666666666,12.383333333333333,0.0,6.268129766695962,7.926671064158411,11.911522105531544,1.0,1.0,2.0,8.0,0.40869242237255593,0.004096317896923029,0.04225620148509418,0.0035544592773139342,3.0,4.0,6.0,3.7699999999999996,4.843,6.284666666666666,6.268129766695962,7.926671064158411,11.911522105531544,-4.142468918134276,-5.113429937597369,-9.330609671715031
37,5,1.4285714285714284,1.6582280766035322,-1.460781862569394,"(1, 0, 1, 0, 1, 0, 0, 1, 0, 0, 1, 0, 0, 1, 0, 0, 0, 0, 1, 1, 1, 1, 1, 0, 1)",7.0,12.0,10.0,12.0,7.103,12.278666666666666,10.736,13.136333333333333,0.0,6.066111525074636,6.83694805886199,11.21537032183877,7.0,35.0,9.0,7.0,0.24026841307000418,0.06154201057464805,0.0062955802916746725,0.014271937276006319,5.0,3.0,5.0,5.175666666666666,3.633000000000001,6.033333333333333,6.066111525074636,6.83694805886199,11.21537032183877,-1.4765606648793512,-5.3128766271843375,-8.592999228337732
37,6,1.7142857142857142,1.6582280766035322,-1.4579968849233846,"(0, 0, 0, 0, 0, 0, 1, 1, 0, 1, 0, 1, 0, 0, 1, 0, 0, 1, 0, 1, 0, 0, 1, 0, 0)",5.0,9.0,9.0,12.0,5.1513333333333335,10.265,9.608,12.393,0.0,8.89924946822099,8.473305949610761,13.581413052940523,1.0,1.0,12.0,25.0,0.08294469353054365,0.04203237705980161,0.12481117253936697,0.06243236594979678,4.0,4.0,7.0,5.113666666666667,4.456666666666667,7.241666666666667,8.89924946822099,8.473305949610761,13.581413052940523,-6.277359687844836,-6.6605040325665765,-10.512745456265089
37,7,2.0,1.6582280766035322,-0.35764882306021994,"(0, 0, 1, 1, 1, 1, 1, 1, 1, 1, 1, 1, 1, 0, 0, 0, 0, 0, 1, 1, 1, 0, 0, 0, 0)",8.0,11.0,10.0,15.0,8.810666666666666,11.487,10.83,15.418,0.0,6.457176979806968,5.215726105501326,8.896789763240696,6.0,4.0,6.0,107.0,0.228301153089558,0.0042009151664764025,0.001816146449985243,0.09316954479958368,3.0,2.0,7.0,2.676333333333334,2.019333333333334,6.607333333333333,6.457176979806968,5.215726105501326,8.896789763240696,-6.269501087830658,-5.300348238661562,-3.7964409322328754
38,0,0.0,1.6582280766035322,-2.253065608697712,"(0, 0, 0, 1, 1, 1, 0, 1, 0, 1, 1, 0, 0, 1, 0, 1, 0, 1, 1, 0, 0, 0, 0, 0, 0)",6.0,10.0,10.0,13.0,6.196,11.135666666666667,10.779333333333334,14.661333333333333,0.0,7.712105563424116,7.731313371978104,13.018638080875892,3.0,3.0,12.0,12.0,0.19770837561117752,0.036284308823360444,0.1065755661303072,0.05249677836894641,4.0,4.0,7.0,4.9396666666666675,4.583333333333334,8.465333333333334,7.712105563424116,7.731313371978104,13.018638080875892,-4.597336019270922,-5.220068884668231,-7.550417773707228
38,1,0.2857142857142857,1.6582280766035322,-2.39860577326261,"(1, 0, 0, 1, 1, 1, 0, 0, 1, 1, 1, 0, 0, 1, 1, 1, 0, 1, 1, 0, 1, 0, 1, 1, 1)",8.0,10.0,10.0,12.0,8.568,10.171,10.344666666666667,13.409333333333333,0.0,5.838473659669785,6.338650521842627,11.30648074226993,10.0,9.0,1.0,1.0,0.1750374691966574,0.13724112474970349,0.000430708344902077,0.0444890631305525,2.0,2.0,4.0,1.6029999999999998,1.7766666666666673,4.841333333333333,5.838473659669785,6.338650521842627,11.30648074226993,-7.023381340179152,-7.564809713664799,-10.720688952879243
38,2,0.5714285714285714,1.6582280766035322,-2.006911884876641,"(0, 1, 1, 0, 0, 0, 0, 0, 0, 0, 1, 1, 0, 1, 1, 0, 1, 0, 1, 1, 0, 0, 1, 0, 0)",6.0,9.0,9.0,11.0,6.179,9.4,9.779333333333334,12.361666666666666,0.0,6.218060491160738,6.05700048303152,10.021197372472736,6.0,4.0,2.0,12.0,0.3257369914895623,0.04586145729973847,0.0802022206205142,0.014940475186929376,3.0,3.0,5.0,3.221,3.6003333333333334,6.182666666666666,6.218060491160738,6.05700048303152,10.021197372472736,-4.969809853721908,-4.073714442499106,-6.3651593892723985
38,3,0.8571428571428571,1.6582280766035322,-1.998184501513178,"(1, 1, 1, 0, 1, 0, 1, 0, 0, 1, 0, 0, 1, 1, 1, 1, 0, 0, 0, 1, 1, 0, 1, 0, 1)",7.0,9.0,9.0,12.0,7.039333333333333,9.139333333333333,9.427666666666667,13.069666666666667,0.0,5.426984362460616,5.596142051030585,10.418131112120605,3.0,2.0,1.0,4.0,0.18640110635720375,0.1779496861550777,0.0621193560220992,0.07076212164311961,2.0,2.0,5.0,2.0999999999999996,2.3883333333333336,6.030333333333333,5.426984362460616,5.596142051030585,10.418131112120605,-5.516898880253097,-5.319278480059156,-7.275969471243669
38,4,1.1428571428571428,1.6582280766035322,-1.2595869816704834,"(0, 0, 1, 1, 0, 0, 0, 0, 0, 1, 1, 1, 0, 1, 1, 0, 0, 1, 1, 0, 1, 1, 1, 0, 0)",6.0,9.0,10.0,12.0,6.0986666666666665,9.868666666666666,10.941666666666666,12.383333333333333,0.0,6.268129766695962,7.926671064158411,11.911522105531544,1.0,1.0,2.0,8.0,0.40869242237255593,0.004096317896923029,0.04225620148509418,0.0035544592773139342,3.0,4.0,6.0,3.7699999999999996,4.843,6.284666666666666,6.268129766695962,7.926671064158411,11.911522105531544,-4.142468918134276,-5.113429937597369,-9.330609671715031
38,5,1.4285714285714284,1.6582280766035322,-1.460781862569394,"(1, 0, 1, 0, 1, 0, 0, 1, 0, 0, 1, 0, 0, 1, 0, 0, 0, 0, 1, 1, 1, 1, 1, 0, 1)",7.0,12.0,10.0,12.0,7.103,12.278666666666666,10.736,13.136333333333333,0.0,6.066111525074636,6.83694805886199,11.21537032183877,7.0,35.0,9.0,7.0,0.24026841307000418,0.06154201057464805,0.0062955802916746725,0.014271937276006319,5.0,3.0,5.0,5.175666666666666,3.633000000000001,6.033333333333333,6.066111525074636,6.83694805886199,11.21537032183877,-1.4765606648793512,-5.3128766271843375,-8.592999228337732
38,6,1.7142857142857142,1.6582280766035322,-1.4579968849233846,"(0, 0, 0, 0, 0, 0, 1, 1, 0, 1, 0, 1, 0, 0, 1, 0, 0, 1, 0, 1, 0, 0, 1, 0, 0)",5.0,9.0,9.0,12.0,5.1513333333333335,10.265,9.608,12.393,0.0,8.89924946822099,8.473305949610761,13.581413052940523,1.0,1.0,12.0,25.0,0.08294469353054365,0.04203237705980161,0.12481117253936697,0.06243236594979678,4.0,4.0,7.0,5.113666666666667,4.456666666666667,7.241666666666667,8.89924946822099,8.473305949610761,13.581413052940523,-6.277359687844836,-6.6605040325665765,-10.512745456265089
38,7,2.0,1.6582280766035322,-0.35764882306021994,"(0, 0, 1, 1, 1, 1, 1, 1, 1, 1, 1, 1, 1, 0, 0, 0, 0, 0, 1, 1, 1, 0, 0, 0, 0)",8.0,11.0,10.0,15.0,8.810666666666666,11.487,10.83,15.418,0.0,6.457176979806968,5.215726105501326,8.896789763240696,6.0,4.0,6.0,107.0,0.228301153089558,0.0042009151664764025,0.001816146449985243,0.09316954479958368,3.0,2.0,7.0,2.676333333333334,2.019333333333334,6.607333333333333,6.457176979806968,5.215726105501326,8.896789763240696,-6.269501087830658,-5.300348238661562,-3.7964409322328754
39,0,0.0,1.6582280766035322,-2.253065608697712,"(0, 0, 0, 1, 1, 1, 0, 1, 0, 1, 1, 0, 0, 1, 0, 1, 0, 1, 1, 0, 0, 0, 0, 0, 0)",6.0,10.0,10.0,13.0,6.196,11.135666666666667,10.779333333333334,14.661333333333333,0.0,7.712105563424116,7.731313371978104,13.018638080875892,3.0,3.0,12.0,12.0,0.19770837561117752,0.036284308823360444,0.1065755661303072,0.05249677836894641,4.0,4.0,7.0,4.9396666666666675,4.583333333333334,8.465333333333334,7.712105563424116,7.731313371978104,13.018638080875892,-4.597336019270922,-5.220068884668231,-7.550417773707228
39,1,0.2857142857142857,1.6582280766035322,-2.39860577326261,"(1, 0, 0, 1, 1, 1, 0, 0, 1, 1, 1, 0, 0, 1, 1, 1, 0, 1, 1, 0, 1, 0, 1, 1, 1)",8.0,10.0,10.0,12.0,8.568,10.171,10.344666666666667,13.409333333333333,0.0,5.838473659669785,6.338650521842627,11.30648074226993,10.0,9.0,1.0,1.0,0.1750374691966574,0.13724112474970349,0.000430708344902077,0.0444890631305525,2.0,2.0,4.0,1.6029999999999998,1.7766666666666673,4.841333333333333,5.838473659669785,6.338650521842627,11.30648074226993,-7.023381340179152,-7.564809713664799,-10.720688952879243
39,2,0.5714285714285714,1.6582280766035322,-2.693265981138453,"(0, 1, 1, 0, 0, 0, 0, 0, 0, 0, 0, 0, 0, 1, 1, 0, 1, 0, 1, 1, 0, 0, 1, 0, 0)",5.0,8.0,8.0,10.0,5.005333333333334,8.298333333333334,9.388333333333334,10.934666666666667,0.0,7.545960322526645,7.341362615008379,12.226309068740115,6.0,4.0,2.0,9.0,0.2811753723656371,0.06281482378580176,0.0001023824479597298,0.0641570967430502,3.0,3.0,5.0,3.293,4.383,5.929333333333333,7.545960322526645,7.341362615008379,12.226309068740115,-7.052378215494497,-4.90563994898114,-10.4418219621427
39,3,0.8571428571428571,1.6582280766035322,-1.975663498010867,"(1, 0, 1, 0, 1, 0, 0, 0, 0, 1, 0, 0, 1, 1, 1, 1, 0, 0, 0, 1, 1, 0, 1, 0, 1)",6.0,8.0,10.0,11.0,6.006,8.312333333333333,10.559333333333333,12.732333333333333,0.0,5.978879515867085,7.119289026038351,13.086966290010162,3.0,2.0,6.0,1.0,0.14146640138328834,0.12073194848622135,0.12632610149339835,0.005688176839388213,2.0,4.0,5.0,2.306333333333333,4.553333333333333,6.726333333333333,5.978879515867085,7.119289026038351,13.086966290010162,-6.089919192500589,-4.254939772964127,-10.547380153731257
39,4,1.1428571428571428,1.6582280766035322,-1.2595869816704834,"(0, 0, 1, 1, 0, 0, 0, 0, 0, 1, 1, 1, 0, 1, 1, 0, 0, 1, 1, 0, 1, 1, 1, 0, 0)",6.0,9.0,10.0,12.0,6.0986666666666665,9.868666666666666,10.941666666666666,12.383333333333333,0.0,6.268129766695962,7.926671064158411,11.911522105531544,1.0,1.0,2.0,8.0,0.40869242237255593,0.004096317896923029,0.04225620148509418,0.0035544592773139342,3.0,4.0,6.0,3.7699999999999996,4.843,6.284666666666666,6.268129766695962,7.926671064158411,11.911522105531544,-4.142468918134276,-5.113429937597369,-9.330609671715031
39,5,1.4285714285714284,1.6582280766035322,-1.460781862569394,"(1, 0, 1, 0, 1, 0, 0, 1, 0, 0, 1, 0, 0, 1, 0, 0, 0, 0, 1, 1, 1, 1, 1, 0, 1)",7.0,12.0,10.0,12.0,7.103,12.278666666666666,10.736,13.136333333333333,0.0,6.066111525074636,6.83694805886199,11.21537032183877,7.0,35.0,9.0,7.0,0.24026841307000418,0.06154201057464805,0.0062955802916746725,0.014271937276006319,5.0,3.0,5.0,5.175666666666666,3.633000000000001,6.033333333333333,6.066111525074636,6.83694805886199,11.21537032183877,-1.4765606648793512,-5.3128766271843375,-8.592999228337732
39,6,1.7142857142857142,1.6582280766035322,-1.4579968849233846,"(0, 0, 0, 0, 0, 0, 1, 1, 0, 1, 0, 1, 0, 0, 1, 0, 0, 1, 0, 1, 0, 0, 1, 0, 0)",5.0,9.0,9.0,12.0,5.1513333333333335,10.265,9.608,12.393,0.0,8.89924946822099,8.473305949610761,13.581413052940523,1.0,1.0,12.0,25.0,0.08294469353054365,0.04203237705980161,0.12481117253936697,0.06243236594979678,4.0,4.0,7.0,5.113666666666667,4.456666666666667,7.241666666666667,8.89924946822099,8.473305949610761,13.581413052940523,-6.277359687844836,-6.6605040325665765,-10.512745456265089
39,7,2.0,1.6582280766035322,-0.35764882306021994,"(0, 0, 1, 1, 1, 1, 1, 1, 1, 1, 1, 1, 1, 0, 0, 0, 0, 0, 1, 1, 1, 0, 0, 0, 0)",8.0,11.0,10.0,15.0,8.810666666666666,11.487,10.83,15.418,0.0,6.457176979806968,5.215726105501326,8.896789763240696,6.0,4.0,6.0,107.0,0.228301153089558,0.0042009151664764025,0.001816146449985243,0.09316954479958368,3.0,2.0,7.0,2.676333333333334,2.019333333333334,6.607333333333333,6.457176979806968,5.215726105501326,8.896789763240696,-6.269501087830658,-5.300348238661562,-3.7964409322328754
40,0,0.0,1.6582280766035322,-1.1219332155029311,"(1, 0, 0, 1, 1, 1, 0, 0, 0, 1, 1, 0, 0, 0, 1, 1, 0, 1, 1, 0, 1, 0, 1, 1, 1)",7.0,11.0,11.0,14.0,7.274666666666667,12.015333333333333,11.924666666666667,14.801333333333334,0.0,7.0891092750441675,7.009873610117129,10.8865713313829,2.0,33.0,6.0,19.0,0.20390725751469424,0.002827557106699718,0.004217093797530065,0.03002342540917998,4.0,4.0,7.0,4.740666666666666,4.65,7.526666666666667,7.0891092750441675,7.009873610117129,10.8865713313829,-3.8942534695036066,-3.9132086775319603,-5.571488249743634
40,1,0.2857142857142857,1.6582280766035322,-2.693265981138453,"(0, 1, 1, 0, 0, 0, 0, 0, 0, 0, 0, 0, 0, 1, 1, 0, 1, 0, 1, 1, 0, 0, 1, 0, 0)",5.0,8.0,8.0,10.0,5.005333333333334,8.298333333333334,9.388333333333334,10.934666666666667,0.0,7.545960322526645,7.341362615008379,12.226309068740115,6.0,4.0,2.0,9.0,0.2811753723656371,0.06281482378580176,0.0001023824479597298,0.0641570967430502,3.0,3.0,5.0,3.293,4.383,5.929333333333333,7.545960322526645,7.341362615008379,12.226309068740115,-7.052378215494497,-4.90563994898114,-10.4418219621427
40,2,0.5714285714285714,1.6582280766035322,-1.975663498010867,"(1, 0, 1, 0, 1, 0, 0, 0, 0, 1, 0, 0, 1, 1, 1, 1, 0, 0, 0, 1, 1, 0, 1, 0, 1)",6.0,8.0,10.0,11.0,6.006,8.312333333333333,10.559333333333333,12.732333333333333,0.0,5.978879515867085,7.119289026038351,13.086966290010162,3.0,2.0,6.0,1.0,0.14146640138328834,0.12073194848622135,0.12632610149339835,0.005688176839388213,2.0,4.0,5.0,2.306333333333333,4.553333333333333,6.726333333333333,5.978879515867085,7.119289026038351,13.086966290010162,-6.089919192500589,-4.254939772964127,-10.547380153731257
40,3,0.8571428571428571,1.6582280766035322,-1.2595869816704834,"(0, 0, 1, 1, 0, 0, 0, 0, 0, 1, 1, 1, 0, 1, 1, 0, 0, 1, 1, 0, 1, 1, 1, 0, 0)",6.0,9.0,10.0,12.0,6.0986666666666665,9.868666666666666,10.941666666666666,12.383333333333333,0.0,6.268129766695962,7.926671064158411,11.911522105531544,1.0,1.0,2.0,8.0,0.40869242237255593,0.004096317896923029,0.04225620148509418,0.0035544592773139342,3.0,4.0,6.0,3.7699999999999996,4.843,6.284666666666666,6.268129766695962,7.926671064158411,11.911522105531544,-4.142468918134276,-5.113429937597369,-9.330609671715031
40,4,1.1428571428571428,1.6582280766035322,-1.460781862569394,"(1, 0, 1, 0, 1, 0, 0, 1, 0, 0, 1, 0, 0, 1, 0, 0, 0, 0, 1, 1, 1, 1, 1, 0, 1)",7.0,12.0,10.0,12.0,7.103,12.278666666666666,10.736,13.136333333333333,0.0,6.066111525074636,6.83694805886199,11.21537032183877,7.0,35.0,9.0,7.0,0.24026841307000418,0.06154201057464805,0.0062955802916746725,0.014271937276006319,5.0,3.0,5.0,5.175666666666666,3.633000000000001,6.033333333333333,6.066111525074636,6.83694805886199,11.21537032183877,-1.4765606648793512,-5.3128766271843375,-8.592999228337732
40,5,1.4285714285714284,1.6582280766035322,-1.4579968849233846,"(0, 0, 0, 0, 0, 0, 1, 1, 0, 1, 0, 1, 0, 0, 1, 0, 0, 1, 0, 1, 0, 0, 1, 0, 0)",5.0,9.0,9.0,12.0,5.1513333333333335,10.265,9.608,12.393,0.0,8.89924946822099,8.473305949610761,13.581413052940523,1.0,1.0,12.0,25.0,0.08294469353054365,0.04203237705980161,0.12481117253936697,0.06243236594979678,4.0,4.0,7.0,5.113666666666667,4.456666666666667,7.241666666666667,8.89924946822099,8.473305949610761,13.581413052940523,-6.277359687844836,-6.6605040325665765,-10.512745456265089
40,6,1.7142857142857142,1.6582280766035322,-0.35764882306021994,"(0, 0, 1, 1, 1, 1, 1, 1, 1, 1, 1, 1, 1, 0, 0, 0, 0, 0, 1, 1, 1, 0, 0, 0, 0)",8.0,11.0,10.0,15.0,8.810666666666666,11.487,10.83,15.418,0.0,6.457176979806968,5.215726105501326,8.896789763240696,6.0,4.0,6.0,107.0,0.228301153089558,0.0042009151664764025,0.001816146449985243,0.09316954479958368,3.0,2.0,7.0,2.676333333333334,2.019333333333334,6.607333333333333,6.457176979806968,5.215726105501326,8.896789763240696,-6.269501087830658,-5.300348238661562,-3.7964409322328754
40,7,2.0,1.6582280766035322,-2.253065608697712,"(0, 0, 0, 1, 1, 1, 0, 1, 0, 1, 1, 0, 0, 1, 0, 1, 0, 1, 1, 0, 0, 0, 0, 0, 0)",6.0,10.0,10.0,13.0,6.196,11.135666666666667,10.779333333333334,14.661333333333333,0.0,7.712105563424116,7.731313371978104,13.018638080875892,3.0,3.0,12.0,12.0,0.19770837561117752,0.036284308823360444,0.1065755661303072,0.05249677836894641,4.0,4.0,7.0,4.9396666666666675,4.583333333333334,8.465333333333334,7.712105563424116,7.731313371978104,13.018638080875892,-4.597336019270922,-5.220068884668231,-7.550417773707228
41,0,0.0,1.6582280766035322,-1.1219332155029311,"(1, 0, 0, 1, 1, 1, 0, 0, 0, 1, 1, 0, 0, 0, 1, 1, 0, 1, 1, 0, 1, 0, 1, 1, 1)",7.0,11.0,11.0,14.0,7.274666666666667,12.015333333333333,11.924666666666667,14.801333333333334,0.0,7.0891092750441675,7.009873610117129,10.8865713313829,2.0,33.0,6.0,19.0,0.20390725751469424,0.002827557106699718,0.004217093797530065,0.03002342540917998,4.0,4.0,7.0,4.740666666666666,4.65,7.526666666666667,7.0891092750441675,7.009873610117129,10.8865713313829,-3.8942534695036066,-3.9132086775319603,-5.571488249743634
41,1,0.2857142857142857,1.6582280766035322,-2.693265981138453,"(0, 1, 1, 0, 0, 0, 0, 0, 0, 0, 0, 0, 0, 1, 1, 0, 1, 0, 1, 1, 0, 0, 1, 0, 0)",5.0,8.0,8.0,10.0,5.005333333333334,8.298333333333334,9.388333333333334,10.934666666666667,0.0,7.545960322526645,7.341362615008379,12.226309068740115,6.0,4.0,2.0,9.0,0.2811753723656371,0.06281482378580176,0.0001023824479597298,0.0641570967430502,3.0,3.0,5.0,3.293,4.383,5.929333333333333,7.545960322526645,7.341362615008379,12.226309068740115,-7.052378215494497,-4.90563994898114,-10.4418219621427
41,2,0.5714285714285714,1.6582280766035322,-1.975663498010867,"(1, 0, 1, 0, 1, 0, 0, 0, 0, 1, 0, 0, 1, 1, 1, 1, 0, 0, 0, 1, 1, 0, 1, 0, 1)",6.0,8.0,10.0,11.0,6.006,8.312333333333333,10.559333333333333,12.732333333333333,0.0,5.978879515867085,7.119289026038351,13.086966290010162,3.0,2.0,6.0,1.0,0.14146640138328834,0.12073194848622135,0.12632610149339835,0.005688176839388213,2.0,4.0,5.0,2.306333333333333,4.553333333333333,6.726333333333333,5.978879515867085,7.119289026038351,13.086966290010162,-6.089919192500589,-4.254939772964127,-10.547380153731257
41,3,0.8571428571428571,1.6582280766035322,-1.2595869816704834,"(0, 0, 1, 1, 0, 0, 0, 0, 0, 1, 1, 1, 0, 1, 1, 0, 0, 1, 1, 0, 1, 1, 1, 0, 0)",6.0,9.0,10.0,12.0,6.0986666666666665,9.868666666666666,10.941666666666666,12.383333333333333,0.0,6.268129766695962,7.926671064158411,11.911522105531544,1.0,1.0,2.0,8.0,0.40869242237255593,0.004096317896923029,0.04225620148509418,0.0035544592773139342,3.0,4.0,6.0,3.7699999999999996,4.843,6.284666666666666,6.268129766695962,7.926671064158411,11.911522105531544,-4.142468918134276,-5.113429937597369,-9.330609671715031
41,4,1.1428571428571428,1.6582280766035322,-1.460781862569394,"(1, 0, 1, 0, 1, 0, 0, 1, 0, 0, 1, 0, 0, 1, 0, 0, 0, 0, 1, 1, 1, 1, 1, 0, 1)",7.0,12.0,10.0,12.0,7.103,12.278666666666666,10.736,13.136333333333333,0.0,6.066111525074636,6.83694805886199,11.21537032183877,7.0,35.0,9.0,7.0,0.24026841307000418,0.06154201057464805,0.0062955802916746725,0.014271937276006319,5.0,3.0,5.0,5.175666666666666,3.633000000000001,6.033333333333333,6.066111525074636,6.83694805886199,11.21537032183877,-1.4765606648793512,-5.3128766271843375,-8.592999228337732
41,5,1.4285714285714284,1.6582280766035322,-1.4579968849233846,"(0, 0, 0, 0, 0, 0, 1, 1, 0, 1, 0, 1, 0, 0, 1, 0, 0, 1, 0, 1, 0, 0, 1, 0, 0)",5.0,9.0,9.0,12.0,5.1513333333333335,10.265,9.608,12.393,0.0,8.89924946822099,8.473305949610761,13.581413052940523,1.0,1.0,12.0,25.0,0.08294469353054365,0.04203237705980161,0.12481117253936697,0.06243236594979678,4.0,4.0,7.0,5.113666666666667,4.456666666666667,7.241666666666667,8.89924946822099,8.473305949610761,13.581413052940523,-6.277359687844836,-6.6605040325665765,-10.512745456265089
41,6,1.7142857142857142,1.6582280766035322,0.22859640835803097,"(0, 1, 1, 1, 1, 1, 0, 1, 1, 1, 1, 1, 1, 0, 0, 0, 0, 0, 1, 1, 1, 0, 0, 0, 0)",8.0,11.0,13.0,13.0,8.405,11.585333333333333,13.366333333333333,13.771333333333333,0.0,5.690089883948377,6.177452328040359,9.420310791780835,1.0,1.0,65.0,8.0,0.095704480781056,0.10849338799279684,0.016390239744492413,0.044531773398777126,3.0,5.0,5.0,3.1803333333333335,4.961333333333334,5.366333333333333,5.690089883948377,6.177452328040359,9.420310791780835,-4.1617487776695,-2.0166026615140513,-6.7224192435154775
41,7,2.0,1.6582280766035322,-1.025631494932141,"(1, 0, 0, 1, 1, 1, 0, 1, 0, 1, 1, 0, 0, 1, 0, 1, 0, 1, 1, 0, 1, 0, 0, 0, 0)",7.0,11.0,12.0,13.0,7.086,12.142333333333333,12.28,13.813333333333333,0.0,7.019205749237125,6.486518404384649,11.969523238699852,3.0,13.0,41.0,20.0,0.2653315893784049,0.0767697909962211,0.0011521722257116442,0.010394960182529759,4.0,5.0,6.0,5.056333333333333,5.193999999999999,6.727333333333332,7.019205749237125,6.486518404384649,11.969523238699852,-3.254890150842274,-2.143290307677424,-8.692746483966376
42,0,0.0,1.6582280766035322,-2.1545252563135833,"(1, 0, 0, 1, 1, 1, 0, 0, 1, 1, 1, 0, 0, 1, 1, 1, 0, 1, 1, 0, 1, 0, 1, 1, 1)",8.0,10.0,10.0,12.0,8.22,11.549666666666667,10.537,13.075,0.0,4.723564012365399,5.117614277635618,10.403842713527206,14.0,9.0,2.0,1.0,0.2132598886484261,0.046959999936413935,0.011027385470893873,0.03711880472631797,2.0,2.0,4.0,3.3296666666666663,2.317,4.854999999999999,4.723564012365399,5.117614277635618,10.403842713527206,-2.3113997145407783,-4.644057226912102,-9.201246780227747
42,1,0.2857142857142857,1.6582280766035322,-3.271406205063422,"(0, 1, 1, 1, 0, 0, 0, 0, 1, 0, 0, 0, 0, 1, 1, 0, 1, 0, 1, 1, 0, 0, 1, 0, 0)",6.0,9.0,9.0,10.0,6.101,10.336333333333334,9.928,11.698,0.0,7.570317850496308,7.857642714280685,11.800715620501617,6.0,4.0,2.0,1.0,0.26858369195336196,0.16694734796004723,9.388786788007125e-05,0.029853975807727712,3.0,3.0,4.0,4.235333333333334,3.827000000000001,5.597,7.570317850496308,7.857642714280685,11.800715620501617,-5.530164961397718,-6.683724915577699,-10.287175421179683
42,2,0.5714285714285714,1.6582280766035322,-1.975663498010867,"(1, 0, 1, 0, 1, 0, 0, 0, 0, 1, 0, 0, 1, 1, 1, 1, 0, 0, 0, 1, 1, 0, 1, 0, 1)",6.0,8.0,10.0,11.0,6.006,8.312333333333333,10.559333333333333,12.732333333333333,0.0,5.978879515867085,7.119289026038351,13.086966290010162,3.0,2.0,6.0,1.0,0.14146640138328834,0.12073194848622135,0.12632610149339835,0.005688176839388213,2.0,4.0,5.0,2.306333333333333,4.553333333333333,6.726333333333333,5.978879515867085,7.119289026038351,13.086966290010162,-6.089919192500589,-4.254939772964127,-10.547380153731257
42,3,0.8571428571428571,1.6582280766035322,-1.2595869816704834,"(0, 0, 1, 1, 0, 0, 0, 0, 0, 1, 1, 1, 0, 1, 1, 0, 0, 1, 1, 0, 1, 1, 1, 0, 0)",6.0,9.0,10.0,12.0,6.0986666666666665,9.868666666666666,10.941666666666666,12.383333333333333,0.0,6.268129766695962,7.926671064158411,11.911522105531544,1.0,1.0,2.0,8.0,0.40869242237255593,0.004096317896923029,0.04225620148509418,0.0035544592773139342,3.0,4.0,6.0,3.7699999999999996,4.843,6.284666666666666,6.268129766695962,7.926671064158411,11.911522105531544,-4.142468918134276,-5.113429937597369,-9.330609671715031
42,4,1.1428571428571428,1.6582280766035322,-2.1038768970102963,"(1, 0, 1, 0, 1, 0, 0, 1, 0, 0, 1, 0, 0, 1, 0, 0, 0, 0, 0, 0, 1, 1, 1, 0, 1)",6.0,8.0,9.0,12.0,6.32,8.072,9.941666666666666,12.758666666666667,0.0,6.634128340336972,7.725196352851079,12.548954190556145,2.0,1.0,3.0,5.0,0.1936191894217507,0.1249185591920715,0.06370557096225762,0.0001799362616699967,2.0,3.0,6.0,1.751999999999999,3.621666666666666,6.438666666666666,6.634128340336972,7.725196352851079,12.548954190556145,-8.095682287528575,-6.804588138807076,-10.13225032823381
42,5,1.4285714285714284,1.6582280766035322,-1.4579968849233846,"(0, 0, 0, 0, 0, 0, 1, 1, 0, 1, 0, 1, 0, 0, 1, 0, 0, 1, 0, 1, 0, 0, 1, 0, 0)",5.0,9.0,9.0,12.0,5.1513333333333335,10.265,9.608,12.393,0.0,8.89924946822099,8.473305949610761,13.581413052940523,1.0,1.0,12.0,25.0,0.08294469353054365,0.04203237705980161,0.12481117253936697,0.06243236594979678,4.0,4.0,7.0,5.113666666666667,4.456666666666667,7.241666666666667,8.89924946822099,8.473305949610761,13.581413052940523,-6.277359687844836,-6.6605040325665765,-10.512745456265089
42,6,1.7142857142857142,1.6582280766035322,0.22859640835803097,"(0, 1, 1, 1, 1, 1, 0, 1, 1, 1, 1, 1, 1, 0, 0, 0, 0, 0, 1, 1, 1, 0, 0, 0, 0)",8.0,11.0,13.0,13.0,8.405,11.585333333333333,13.366333333333333,13.771333333333333,0.0,5.690089883948377,6.177452328040359,9.420310791780835,1.0,1.0,65.0,8.0,0.095704480781056,0.10849338799279684,0.016390239744492413,0.044531773398777126,3.0,5.0,5.0,3.1803333333333335,4.961333333333334,5.366333333333333,5.690089883948377,6.177452328040359,9.420310791780835,-4.1617487776695,-2.0166026615140513,-6.7224192435154775
42,7,2.0,1.6582280766035322,-1.025631494932141,"(1, 0, 0, 1, 1, 1, 0, 1, 0, 1, 1, 0, 0, 1, 0, 1, 0, 1, 1, 0, 1, 0, 0, 0, 0)",7.0,11.0,12.0,13.0,7.086,12.142333333333333,12.28,13.813333333333333,0.0,7.019205749237125,6.486518404384649,11.969523238699852,3.0,13.0,41.0,20.0,0.2653315893784049,0.0767697909962211,0.0011521722257116442,0.010394960182529759,4.0,5.0,6.0,5.056333333333333,5.193999999999999,6.727333333333332,7.019205749237125,6.486518404384649,11.969523238699852,-3.254890150842274,-2.143290307677424,-8.692746483966376
43,0,0.0,1.6582280766035322,-0.16423481697706954,"(1, 0, 0, 1, 1, 1, 0, 1, 0, 1, 1, 0, 0, 1, 1, 1, 0, 1, 1, 0, 1, 0, 1, 1, 1)",9.0,13.0,13.0,14.0,9.421333333333333,14.25,13.194333333333333,15.696,0.0,5.091930167204669,6.467780427119027,8.9132891326029,3.0,12.0,68.0,12.0,0.08385213203075836,0.04002113633612238,0.047416773120907016,0.055068900681797074,4.0,4.0,5.0,4.828666666666667,3.7729999999999997,6.274666666666667,5.091930167204669,6.467780427119027,8.9132891326029,-0.4365509281370447,-4.46856056453043,-4.37543785657231
43,1,0.2857142857142857,1.6582280766035322,-3.271406205063422,"(0, 1, 1, 1, 0, 0, 0, 0, 1, 0, 0, 0, 0, 1, 1, 0, 1, 0, 1, 1, 0, 0, 1, 0, 0)",6.0,9.0,9.0,10.0,6.101,10.336333333333334,9.928,11.698,0.0,7.570317850496308,7.857642714280685,11.800715620501617,6.0,4.0,2.0,1.0,0.26858369195336196,0.16694734796004723,9.388786788007125e-05,0.029853975807727712,3.0,3.0,4.0,4.235333333333334,3.827000000000001,5.597,7.570317850496308,7.857642714280685,11.800715620501617,-5.530164961397718,-6.683724915577699,-10.287175421179683
43,2,0.5714285714285714,1.6582280766035322,-1.975663498010867,"(1, 0, 1, 0, 1, 0, 0, 0, 0, 1, 0, 0, 1, 1, 1, 1, 0, 0, 0, 1, 1, 0, 1, 0, 1)",6.0,8.0,10.0,11.0,6.006,8.312333333333333,10.559333333333333,12.732333333333333,0.0,5.978879515867085,7.119289026038351,13.086966290010162,3.0,2.0,6.0,1.0,0.14146640138328834,0.12073194848622135,0.12632610149339835,0.005688176839388213,2.0,4.0,5.0,2.306333333333333,4.553333333333333,6.726333333333333,5.978879515867085,7.119289026038351,13.086966290010162,-6.089919192500589,-4.254939772964127,-10.547380153731257
43,3,0.8571428571428571,1.6582280766035322,-1.2595869816704834,"(0, 0, 1, 1, 0, 0, 0, 0, 0, 1, 1, 1, 0, 1, 1, 0, 0, 1, 1, 0, 1, 1, 1, 0, 0)",6.0,9.0,10.0,12.0,6.0986666666666665,9.868666666666666,10.941666666666666,12.383333333333333,0.0,6.268129766695962,7.926671064158411,11.911522105531544,1.0,1.0,2.0,8.0,0.40869242237255593,0.004096317896923029,0.04225620148509418,0.0035544592773139342,3.0,4.0,6.0,3.7699999999999996,4.843,6.284666666666666,6.268129766695962,7.926671064158411,11.911522105531544,-4.142468918134276,-5.113429937597369,-9.330609671715031
43,4,1.1428571428571428,1.6582280766035322,-2.1038768970102963,"(1, 0, 1, 0, 1, 0, 0, 1, 0, 0, 1, 0, 0, 1, 0, 0, 0, 0, 0, 0, 1, 1, 1, 0, 1)",6.0,8.0,9.0,12.0,6.32,8.072,9.941666666666666,12.758666666666667,0.0,6.634128340336972,7.725196352851079,12.548954190556145,2.0,1.0,3.0,5.0,0.1936191894217507,0.1249185591920715,0.06370557096225762,0.0001799362616699967,2.0,3.0,6.0,1.751999999999999,3.621666666666666,6.438666666666666,6.634128340336972,7.725196352851079,12.548954190556145,-8.095682287528575,-6.804588138807076,-10.13225032823381
43,5,1.4285714285714284,1.6582280766035322,-1.4579968849233846,"(0, 0, 0, 0, 0, 0, 1, 1, 0, 1, 0, 1, 0, 0, 1, 0, 0, 1, 0, 1, 0, 0, 1, 0, 0)",5.0,9.0,9.0,12.0,5.1513333333333335,10.265,9.608,12.393,0.0,8.89924946822099,8.473305949610761,13.581413052940523,1.0,1.0,12.0,25.0,0.08294469353054365,0.04203237705980161,0.12481117253936697,0.06243236594979678,4.0,4.0,7.0,5.113666666666667,4.456666666666667,7.241666666666667,8.89924946822099,8.473305949610761,13.581413052940523,-6.277359687844836,-6.6605040325665765,-10.512745456265089
43,6,1.7142857142857142,1.6582280766035322,0.22859640835803097,"(0, 1, 1, 1, 1, 1, 0, 1, 1, 1, 1, 1, 1, 0, 0, 0, 0, 0, 1, 1, 1, 0, 0, 0, 0)",8.0,11.0,13.0,13.0,8.405,11.585333333333333,13.366333333333333,13.771333333333333,0.0,5.690089883948377,6.177452328040359,9.420310791780835,1.0,1.0,65.0,8.0,0.095704480781056,0.10849338799279684,0.016390239744492413,0.044531773398777126,3.0,5.0,5.0,3.1803333333333335,4.961333333333334,5.366333333333333,5.690089883948377,6.177452328040359,9.420310791780835,-4.1617487776695,-2.0166026615140513,-6.7224192435154775
43,7,2.0,1.6582280766035322,-1.025631494932141,"(1, 0, 0, 1, 1, 1, 0, 1, 0, 1, 1, 0, 0, 1, 0, 1, 0, 1, 1, 0, 1, 0, 0, 0, 0)",7.0,11.0,12.0,13.0,7.086,12.142333333333333,12.28,13.813333333333333,0.0,7.019205749237125,6.486518404384649,11.969523238699852,3.0,13.0,41.0,20.0,0.2653315893784049,0.0767697909962211,0.0011521722257116442,0.010394960182529759,4.0,5.0,6.0,5.056333333333333,5.193999999999999,6.727333333333332,7.019205749237125,6.486518404384649,11.969523238699852,-3.254890150842274,-2.143290307677424,-8.692746483966376
44,0,0.0,1.6582280766035322,-0.16423481697706954,"(1, 0, 0, 1, 1, 1, 0, 1, 0, 1, 1, 0, 0, 1, 1, 1, 0, 1, 1, 0, 1, 0, 1, 1, 1)",9.0,13.0,13.0,14.0,9.421333333333333,14.25,13.194333333333333,15.696,0.0,5.091930167204669,6.467780427119027,8.9132891326029,3.0,12.0,68.0,12.0,0.08385213203075836,0.04002113633612238,0.047416773120907016,0.055068900681797074,4.0,4.0,5.0,4.828666666666667,3.7729999999999997,6.274666666666667,5.091930167204669,6.467780427119027,8.9132891326029,-0.4365509281370447,-4.46856056453043,-4.37543785657231
44,1,0.2857142857142857,1.6582280766035322,-3.1965843425794387,"(0, 1, 1, 1, 0, 0, 0, 0, 1, 0, 0, 0, 1, 0, 1, 0, 1, 0, 1, 1, 0, 0, 1, 0, 0)",7.0,10.0,10.0,11.0,7.0713333333333335,11.166666666666666,10.258333333333333,13.483,0.0,8.172208580412374,7.871396794938292,9.81964896213978,13.0,12.0,3.0,6.0,0.22336067852126887,0.10238077741509065,0.021258435578492964,0.05272675269873284,3.0,3.0,4.0,4.095333333333333,3.1869999999999994,6.411666666666667,8.172208580412374,7.871396794938292,9.81964896213978,-6.760388999516429,-7.767798287318276,-5.651211926921271
44,2,0.5714285714285714,1.6582280766035322,-1.975663498010867,"(1, 0, 1, 0, 1, 0, 0, 0, 0, 1, 0, 0, 1, 1, 1, 1, 0, 0, 0, 1, 1, 0, 1, 0, 1)",6.0,8.0,10.0,11.0,6.006,8.312333333333333,10.559333333333333,12.732333333333333,0.0,5.978879515867085,7.119289026038351,13.086966290010162,3.0,2.0,6.0,1.0,0.14146640138328834,0.12073194848622135,0.12632610149339835,0.005688176839388213,2.0,4.0,5.0,2.306333333333333,4.553333333333333,6.726333333333333,5.978879515867085,7.119289026038351,13.086966290010162,-6.089919192500589,-4.254939772964127,-10.547380153731257
44,3,0.8571428571428571,1.6582280766035322,-1.2595869816704834,"(0, 0, 1, 1, 0, 0, 0, 0, 0, 1, 1, 1, 0, 1, 1, 0, 0, 1, 1, 0, 1, 1, 1, 0, 0)",6.0,9.0,10.0,12.0,6.0986666666666665,9.868666666666666,10.941666666666666,12.383333333333333,0.0,6.268129766695962,7.926671064158411,11.911522105531544,1.0,1.0,2.0,8.0,0.40869242237255593,0.004096317896923029,0.04225620148509418,0.0035544592773139342,3.0,4.0,6.0,3.7699999999999996,4.843,6.284666666666666,6.268129766695962,7.926671064158411,11.911522105531544,-4.142468918134276,-5.113429937597369,-9.330609671715031
44,4,1.1428571428571428,1.6582280766035322,-1.0067518163605473,"(0, 0, 1, 0, 1, 0, 0, 1, 0, 0, 1, 0, 0, 1, 0, 0, 0, 0, 0, 0, 0, 1, 1, 0, 1)",5.0,9.0,10.0,12.0,5.084666666666666,9.478666666666667,10.463,12.679333333333334,0.0,7.580672563596878,7.283960286423286,12.33498749440507,1.0,2.0,11.0,24.0,0.18940060221691535,0.06589839720832522,0.06275985475528044,0.003869927066766115,4.0,5.0,7.0,4.394000000000001,5.378333333333333,7.594666666666668,7.580672563596878,7.283960286423286,12.33498749440507,-5.284229915898497,-3.159964117146203,-7.860533088664314
44,5,1.4285714285714284,1.6582280766035322,-1.4579968849233846,"(0, 0, 0, 0, 0, 0, 1, 1, 0, 1, 0, 1, 0, 0, 1, 0, 0, 1, 0, 1, 0, 0, 1, 0, 0)",5.0,9.0,9.0,12.0,5.1513333333333335,10.265,9.608,12.393,0.0,8.89924946822099,8.473305949610761,13.581413052940523,1.0,1.0,12.0,25.0,0.08294469353054365,0.04203237705980161,0.12481117253936697,0.06243236594979678,4.0,4.0,7.0,5.113666666666667,4.456666666666667,7.241666666666667,8.89924946822099,8.473305949610761,13.581413052940523,-6.277359687844836,-6.6605040325665765,-10.512745456265089
44,6,1.7142857142857142,1.6582280766035322,-0.27019596445342975,"(0, 1, 1, 1, 1, 1, 0, 1, 1, 1, 1, 1, 1, 0, 0, 0, 0, 0, 0, 0, 1, 0, 0, 0, 0)",7.0,11.0,12.0,14.0,7.197333333333333,11.285333333333334,12.743333333333334,14.454,0.0,7.131587550939829,7.362633996279921,11.13511208293116,1.0,7.0,35.0,74.0,0.09680312313636409,0.060707647656174056,0.0077497398394001165,0.04625026293872433,4.0,5.0,7.0,4.088000000000001,5.546000000000001,7.256666666666668,7.131587550939829,7.362633996279921,11.13511208293116,-5.046962330569407,-3.0123934975438407,-6.431347082824055
44,7,2.0,1.6582280766035322,-1.025631494932141,"(1, 0, 0, 1, 1, 1, 0, 1, 0, 1, 1, 0, 0, 1, 0, 1, 0, 1, 1, 0, 1, 0, 0, 0, 0)",7.0,11.0,12.0,13.0,7.086,12.142333333333333,12.28,13.813333333333333,0.0,7.019205749237125,6.486518404384649,11.969523238699852,3.0,13.0,41.0,20.0,0.2653315893784049,0.0767697909962211,0.0011521722257116442,0.010394960182529759,4.0,5.0,6.0,5.056333333333333,5.193999999999999,6.727333333333332,7.019205749237125,6.486518404384649,11.969523238699852,-3.254890150842274,-2.143290307677424,-8.692746483966376
45,0,0.0,1.6582280766035322,-0.16423481697706954,"(1, 0, 0, 1, 1, 1, 0, 1, 0, 1, 1, 0, 0, 1, 1, 1, 0, 1, 1, 0, 1, 0, 1, 1, 1)",9.0,13.0,13.0,14.0,9.421333333333333,14.25,13.194333333333333,15.696,0.0,5.091930167204669,6.467780427119027,8.9132891326029,3.0,12.0,68.0,12.0,0.08385213203075836,0.04002113633612238,0.047416773120907016,0.055068900681797074,4.0,4.0,5.0,4.828666666666667,3.7729999999999997,6.274666666666667,5.091930167204669,6.467780427119027,8.9132891326029,-0.4365509281370447,-4.46856056453043,-4.37543785657231
45,1,0.2857142857142857,1.6582280766035322,-3.1965843425794387,"(0, 1, 1, 1, 0, 0, 0, 0, 1, 0, 0, 0, 1, 0, 1, 0, 1, 0, 1, 1, 0, 0, 1, 0, 0)",7.0,10.0,10.0,11.0,7.0713333333333335,11.166666666666666,10.258333333333333,13.483,0.0,8.172208580412374,7.871396794938292,9.81964896213978,13.0,12.0,3.0,6.0,0.22336067852126887,0.10238077741509065,0.021258435578492964,0.05272675269873284,3.0,3.0,4.0,4.095333333333333,3.1869999999999994,6.411666666666667,8.172208580412374,7.871396794938292,9.81964896213978,-6.760388999516429,-7.767798287318276,-5.651211926921271
45,2,0.5714285714285714,1.6582280766035322,-1.975663498010867,"(1, 0, 1, 0, 1, 0, 0, 0, 0, 1, 0, 0, 1, 1, 1, 1, 0, 0, 0, 1, 1, 0, 1, 0, 1)",6.0,8.0,10.0,11.0,6.006,8.312333333333333,10.559333333333333,12.732333333333333,0.0,5.978879515867085,7.119289026038351,13.086966290010162,3.0,2.0,6.0,1.0,0.14146640138328834,0.12073194848622135,0.12632610149339835,0.005688176839388213,2.0,4.0,5.0,2.306333333333333,4.553333333333333,6.726333333333333,5.978879515867085,7.119289026038351,13.086966290010162,-6.089919192500589,-4.254939772964127,-10.547380153731257
45,3,0.8571428571428571,1.6582280766035322,-1.2595869816704834,"(0, 0, 1, 1, 0, 0, 0, 0, 0, 1, 1, 1, 0, 1, 1, 0, 0, 1, 1, 0, 1, 1, 1, 0, 0)",6.0,9.0,10.0,12.0,6.0986666666666665,9.868666666666666,10.941666666666666,12.383333333333333,0.0,6.268129766695962,7.926671064158411,11.911522105531544,1.0,1.0,2.0,8.0,0.40869242237255593,0.004096317896923029,0.04225620148509418,0.0035544592773139342,3.0,4.0,6.0,3.7699999999999996,4.843,6.284666666666666,6.268129766695962,7.926671064158411,11.911522105531544,-4.142468918134276,-5.113429937597369,-9.330609671715031
45,4,1.1428571428571428,1.6582280766035322,-1.0067518163605473,"(0, 0, 1, 0, 1, 0, 0, 1, 0, 0, 1, 0, 0, 1, 0, 0, 0, 0, 0, 0, 0, 1, 1, 0, 1)",5.0,9.0,10.0,12.0,5.084666666666666,9.478666666666667,10.463,12.679333333333334,0.0,7.580672563596878,7.283960286423286,12.33498749440507,1.0,2.0,11.0,24.0,0.18940060221691535,0.06589839720832522,0.06275985475528044,0.003869927066766115,4.0,5.0,7.0,4.394000000000001,5.378333333333333,7.594666666666668,7.580672563596878,7.283960286423286,12.33498749440507,-5.284229915898497,-3.159964117146203,-7.860533088664314
45,5,1.4285714285714284,1.6582280766035322,-1.4579968849233846,"(0, 0, 0, 0, 0, 0, 1, 1, 0, 1, 0, 1, 0, 0, 1, 0, 0, 1, 0, 1, 0, 0, 1, 0, 0)",5.0,9.0,9.0,12.0,5.1513333333333335,10.265,9.608,12.393,0.0,8.89924946822099,8.473305949610761,13.581413052940523,1.0,1.0,12.0,25.0,0.08294469353054365,0.04203237705980161,0.12481117253936697,0.06243236594979678,4.0,4.0,7.0,5.113666666666667,4.456666666666667,7.241666666666667,8.89924946822099,8.473305949610761,13.581413052940523,-6.277359687844836,-6.6605040325665765,-10.512745456265089
45,6,1.7142857142857142,1.6582280766035322,-0.27019596445342975,"(0, 1, 1, 1, 1, 1, 0, 1, 1, 1, 1, 1, 1, 0, 0, 0, 0, 0, 0, 0, 1, 0, 0, 0, 0)",7.0,11.0,12.0,14.0,7.197333333333333,11.285333333333334,12.743333333333334,14.454,0.0,7.131587550939829,7.362633996279921,11.13511208293116,1.0,7.0,35.0,74.0,0.09680312313636409,0.060707647656174056,0.0077497398394001165,0.04625026293872433,4.0,5.0,7.0,4.088000000000001,5.546000000000001,7.256666666666668,7.131587550939829,7.362633996279921,11.13511208293116,-5.046962330569407,-3.0123934975438407,-6.431347082824055
45,7,2.0,1.6582280766035322,-1.025631494932141,"(1, 0, 0, 1, 1, 1, 0, 1, 0, 1, 1, 0, 0, 1, 0, 1, 0, 1, 1, 0, 1, 0, 0, 0, 0)",7.0,11.0,12.0,13.0,7.086,12.142333333333333,12.28,13.813333333333333,0.0,7.019205749237125,6.486518404384649,11.969523238699852,3.0,13.0,41.0,20.0,0.2653315893784049,0.0767697909962211,0.0011521722257116442,0.010394960182529759,4.0,5.0,6.0,5.056333333333333,5.193999999999999,6.727333333333332,7.019205749237125,6.486518404384649,11.969523238699852,-3.254890150842274,-2.143290307677424,-8.692746483966376
46,0,0.0,1.6582280766035322,-0.16423481697706954,"(1, 0, 0, 1, 1, 1, 0, 1, 0, 1, 1, 0, 0, 1, 1, 1, 0, 1, 1, 0, 1, 0, 1, 1, 1)",9.0,13.0,13.0,14.0,9.421333333333333,14.25,13.194333333333333,15.696,0.0,5.091930167204669,6.467780427119027,8.9132891326029,3.0,12.0,68.0,12.0,0.08385213203075836,0.04002113633612238,0.047416773120907016,0.055068900681797074,4.0,4.0,5.0,4.828666666666667,3.7729999999999997,6.274666666666667,5.091930167204669,6.467780427119027,8.9132891326029,-0.4365509281370447,-4.46856056453043,-4.37543785657231
46,1,0.2857142857142857,1.6582280766035322,-2.4178639999018525,"(0, 1, 1, 1, 0, 0, 0, 0, 1, 0, 0, 0, 1, 0, 1, 0, 1, 1, 0, 1, 0, 0, 1, 0, 0)",6.0,11.0,10.0,11.0,6.104666666666667,11.507,10.176333333333334,11.902,0.0,8.124101541434467,8.344074708174128,12.758627918464455,4.0,16.0,8.0,2.0,0.25139690817325216,0.06219407785109648,3.419206229600703e-05,0.06212951162976442,5.0,4.0,5.0,5.402333333333333,4.071666666666667,5.797333333333333,8.124101541434467,8.344074708174128,12.758627918464455,-4.5133124606801855,-7.084626969134381,-11.543414130572565
46,2,0.5714285714285714,1.6582280766035322,-1.975663498010867,"(1, 0, 1, 0, 1, 0, 0, 0, 0, 1, 0, 0, 1, 1, 1, 1, 0, 0, 0, 1, 1, 0, 1, 0, 1)",6.0,8.0,10.0,11.0,6.006,8.312333333333333,10.559333333333333,12.732333333333333,0.0,5.978879515867085,7.119289026038351,13.086966290010162,3.0,2.0,6.0,1.0,0.14146640138328834,0.12073194848622135,0.12632610149339835,0.005688176839388213,2.0,4.0,5.0,2.306333333333333,4.553333333333333,6.726333333333333,5.978879515867085,7.119289026038351,13.086966290010162,-6.089919192500589,-4.254939772964127,-10.547380153731257
46,3,0.8571428571428571,1.6582280766035322,-2.2084676651121593,"(0, 0, 1, 1, 0, 0, 0, 0, 0, 1, 1, 1, 0, 1, 0, 0, 0, 1, 1, 1, 1, 1, 1, 0, 0)",7.0,10.0,11.0,12.0,7.251,10.038666666666666,11.189666666666668,13.601666666666667,0.0,6.560889933620316,7.769913236650154,11.599922625181332,3.0,3.0,6.0,2.0,0.30888637644399275,0.021178837398136644,0.06300839826945795,0.05079977086532417,3.0,4.0,5.0,2.7876666666666656,3.938666666666667,6.350666666666666,6.560889933620316,7.769913236650154,11.599922625181332,-6.2568647605562475,-6.353080630737598,-8.704463611687405
46,4,1.1428571428571428,1.6582280766035322,-1.0067518163605473,"(0, 0, 1, 0, 1, 0, 0, 1, 0, 0, 1, 0, 0, 1, 0, 0, 0, 0, 0, 0, 0, 1, 1, 0, 1)",5.0,9.0,10.0,12.0,5.084666666666666,9.478666666666667,10.463,12.679333333333334,0.0,7.580672563596878,7.283960286423286,12.33498749440507,1.0,2.0,11.0,24.0,0.18940060221691535,0.06589839720832522,0.06275985475528044,0.003869927066766115,4.0,5.0,7.0,4.394000000000001,5.378333333333333,7.594666666666668,7.580672563596878,7.283960286423286,12.33498749440507,-5.284229915898497,-3.159964117146203,-7.860533088664314
46,5,1.4285714285714284,1.6582280766035322,-1.4579968849233846,"(0, 0, 0, 0, 0, 0, 1, 1, 0, 1, 0, 1, 0, 0, 1, 0, 0, 1, 0, 1, 0, 0, 1, 0, 0)",5.0,9.0,9.0,12.0,5.1513333333333335,10.265,9.608,12.393,0.0,8.89924946822099,8.473305949610761,13.581413052940523,1.0,1.0,12.0,25.0,0.08294469353054365,0.04203237705980161,0.12481117253936697,0.06243236594979678,4.0,4.0,7.0,5.113666666666667,4.456666666666667,7.241666666666667,8.89924946822099,8.473305949610761,13.581413052940523,-6.277359687844836,-6.6605040325665765,-10.512745456265089
46,6,1.7142857142857142,1.6582280766035322,-0.27019596445342975,"(0, 1, 1, 1, 1, 1, 0, 1, 1, 1, 1, 1, 1, 0, 0, 0, 0, 0, 0, 0, 1, 0, 0, 0, 0)",7.0,11.0,12.0,14.0,7.197333333333333,11.285333333333334,12.743333333333334,14.454,0.0,7.131587550939829,7.362633996279921,11.13511208293116,1.0,7.0,35.0,74.0,0.09680312313636409,0.060707647656174056,0.0077497398394001165,0.04625026293872433,4.0,5.0,7.0,4.088000000000001,5.546000000000001,7.256666666666668,7.131587550939829,7.362633996279921,11.13511208293116,-5.046962330569407,-3.0123934975438407,-6.431347082824055
46,7,2.0,1.6582280766035322,-1.025631494932141,"(1, 0, 0, 1, 1, 1, 0, 1, 0, 1, 1, 0, 0, 1, 0, 1, 0, 1, 1, 0, 1, 0, 0, 0, 0)",7.0,11.0,12.0,13.0,7.086,12.142333333333333,12.28,13.813333333333333,0.0,7.019205749237125,6.486518404384649,11.969523238699852,3.0,13.0,41.0,20.0,0.2653315893784049,0.0767697909962211,0.0011521722257116442,0.010394960182529759,4.0,5.0,6.0,5.056333333333333,5.193999999999999,6.727333333333332,7.019205749237125,6.486518404384649,11.969523238699852,-3.254890150842274,-2.143290307677424,-8.692746483966376
47,0,0.0,1.6582280766035322,-0.16423481697706954,"(1, 0, 0, 1, 1, 1, 0, 1, 0, 1, 1, 0, 0, 1, 1, 1, 0, 1, 1, 0, 1, 0, 1, 1, 1)",9.0,13.0,13.0,14.0,9.421333333333333,14.25,13.194333333333333,15.696,0.0,5.091930167204669,6.467780427119027,8.9132891326029,3.0,12.0,68.0,12.0,0.08385213203075836,0.04002113633612238,0.047416773120907016,0.055068900681797074,4.0,4.0,5.0,4.828666666666667,3.7729999999999997,6.274666666666667,5.091930167204669,6.467780427119027,8.9132891326029,-0.4365509281370447,-4.46856056453043,-4.37543785657231
47,1,0.2857142857142857,1.6582280766035322,-2.4178639999018525,"(0, 1, 1, 1, 0, 0, 0, 0, 1, 0, 0, 0, 1, 0, 1, 0, 1, 1, 0, 1, 0, 0, 1, 0, 0)",6.0,11.0,10.0,11.0,6.104666666666667,11.507,10.176333333333334,11.902,0.0,8.124101541434467,8.344074708174128,12.758627918464455,4.0,16.0,8.0,2.0,0.25139690817325216,0.06219407785109648,3.419206229600703e-05,0.06212951162976442,5.0,4.0,5.0,5.402333333333333,4.071666666666667,5.797333333333333,8.124101541434467,8.344074708174128,12.758627918464455,-4.5133124606801855,-7.084626969134381,-11.543414130572565
47,2,0.5714285714285714,1.6582280766035322,-1.975663498010867,"(1, 0, 1, 0, 1, 0, 0, 0, 0, 1, 0, 0, 1, 1, 1, 1, 0, 0, 0, 1, 1, 0, 1, 0, 1)",6.0,8.0,10.0,11.0,6.006,8.312333333333333,10.559333333333333,12.732333333333333,0.0,5.978879515867085,7.119289026038351,13.086966290010162,3.0,2.0,6.0,1.0,0.14146640138328834,0.12073194848622135,0.12632610149339835,0.005688176839388213,2.0,4.0,5.0,2.306333333333333,4.553333333333333,6.726333333333333,5.978879515867085,7.119289026038351,13.086966290010162,-6.089919192500589,-4.254939772964127,-10.547380153731257
47,3,0.8571428571428571,1.6582280766035322,-2.4820431549627298,"(0, 0, 1, 0, 0, 0, 0, 0, 0, 1, 1, 1, 0, 1, 0, 0, 0, 1, 1, 1, 1, 1, 1, 1, 0)",8.0,11.0,11.0,13.0,8.265666666666666,11.214333333333334,11.781,13.927666666666667,0.0,6.205107887406824,7.089956813838876,10.447721270909776,12.0,12.0,2.0,11.0,0.15877125768085976,0.02917721977696534,0.12394866807860551,0.061627273490246465,3.0,3.0,5.0,2.948666666666668,3.5153333333333343,5.662000000000001,6.205107887406824,7.089956813838876,10.447721270909776,-5.399922262040408,-5.927541018660529,-7.935817378221328
47,4,1.1428571428571428,1.6582280766035322,-1.4279093171255597,"(0, 0, 1, 0, 1, 0, 0, 0, 0, 0, 1, 0, 1, 1, 0, 0, 0, 0, 0, 0, 0, 1, 1, 0, 1)",6.0,10.0,10.0,13.0,6.117333333333334,10.27,10.324,14.047333333333333,0.0,8.134327281240187,7.986431761563559,12.37139481306472,1.0,6.0,5.0,19.0,0.12859079738495507,0.10847805997471797,0.005404966309445045,0.043519399499856275,4.0,4.0,7.0,4.152666666666666,4.206666666666666,7.929999999999999,8.134327281240187,7.986431761563559,12.37139481306472,-6.6025014225922884,-6.267712603324043,-7.364845578305217
47,5,1.4285714285714284,1.6582280766035322,-1.4579968849233846,"(0, 0, 0, 0, 0, 0, 1, 1, 0, 1, 0, 1, 0, 0, 1, 0, 0, 1, 0, 1, 0, 0, 1, 0, 0)",5.0,9.0,9.0,12.0,5.1513333333333335,10.265,9.608,12.393,0.0,8.89924946822099,8.473305949610761,13.581413052940523,1.0,1.0,12.0,25.0,0.08294469353054365,0.04203237705980161,0.12481117253936697,0.06243236594979678,4.0,4.0,7.0,5.113666666666667,4.456666666666667,7.241666666666667,8.89924946822099,8.473305949610761,13.581413052940523,-6.277359687844836,-6.6605040325665765,-10.512745456265089
47,6,1.7142857142857142,1.6582280766035322,-0.27019596445342975,"(0, 1, 1, 1, 1, 1, 0, 1, 1, 1, 1, 1, 1, 0, 0, 0, 0, 0, 0, 0, 1, 0, 0, 0, 0)",7.0,11.0,12.0,14.0,7.197333333333333,11.285333333333334,12.743333333333334,14.454,0.0,7.131587550939829,7.362633996279921,11.13511208293116,1.0,7.0,35.0,74.0,0.09680312313636409,0.060707647656174056,0.0077497398394001165,0.04625026293872433,4.0,5.0,7.0,4.088000000000001,5.546000000000001,7.256666666666668,7.131587550939829,7.362633996279921,11.13511208293116,-5.046962330569407,-3.0123934975438407,-6.431347082824055
47,7,2.0,1.6582280766035322,-1.025631494932141,"(1, 0, 0, 1, 1, 1, 0, 1, 0, 1, 1, 0, 0, 1, 0, 1, 0, 1, 1, 0, 1, 0, 0, 0, 0)",7.0,11.0,12.0,13.0,7.086,12.142333333333333,12.28,13.813333333333333,0.0,7.019205749237125,6.486518404384649,11.969523238699852,3.0,13.0,41.0,20.0,0.2653315893784049,0.0767697909962211,0.0011521722257116442,0.010394960182529759,4.0,5.0,6.0,5.056333333333333,5.193999999999999,6.727333333333332,7.019205749237125,6.486518404384649,11.969523238699852,-3.254890150842274,-2.143290307677424,-8.692746483966376
48,0,0.0,1.6582280766035322,-2.7856630743825956,"(1, 0, 0, 1, 1, 1, 0, 1, 0, 1, 1, 1, 0, 1, 1, 1, 1, 1, 1, 0, 1, 0, 1, 1, 1)",10.0,11.0,14.0,13.0,10.194,11.59,15.825333333333333,14.149333333333333,0.0,5.1830590123922375,4.884716144276653,8.462932811753788,20.0,2.0,5.0,1.0,0.12632359030576648,0.07573006905746231,0.057182247281741976,0.03786270397128248,1.0,4.0,3.0,1.395999999999999,5.631333333333332,3.955333333333332,5.1830590123922375,4.884716144276653,8.462932811753788,-6.279807582103254,1.238061585368593,-7.474628013200238
48,1,0.2857142857142857,1.6582280766035322,-2.4178639999018525,"(0, 1, 1, 1, 0, 0, 0, 0, 1, 0, 0, 0, 1, 0, 1, 0, 1, 1, 0, 1, 0, 0, 1, 0, 0)",6.0,11.0,10.0,11.0,6.104666666666667,11.507,10.176333333333334,11.902,0.0,8.124101541434467,8.344074708174128,12.758627918464455,4.0,16.0,8.0,2.0,0.25139690817325216,0.06219407785109648,3.419206229600703e-05,0.06212951162976442,5.0,4.0,5.0,5.402333333333333,4.071666666666667,5.797333333333333,8.124101541434467,8.344074708174128,12.758627918464455,-4.5133124606801855,-7.084626969134381,-11.543414130572565
48,2,0.5714285714285714,1.6582280766035322,-1.975663498010867,"(1, 0, 1, 0, 1, 0, 0, 0, 0, 1, 0, 0, 1, 1, 1, 1, 0, 0, 0, 1, 1, 0, 1, 0, 1)",6.0,8.0,10.0,11.0,6.006,8.312333333333333,10.559333333333333,12.732333333333333,0.0,5.978879515867085,7.119289026038351,13.086966290010162,3.0,2.0,6.0,1.0,0.14146640138328834,0.12073194848622135,0.12632610149339835,0.005688176839388213,2.0,4.0,5.0,2.306333333333333,4.553333333333333,6.726333333333333,5.978879515867085,7.119289026038351,13.086966290010162,-6.089919192500589,-4.254939772964127,-10.547380153731257
48,3,0.8571428571428571,1.6582280766035322,-2.3528226804766668,"(0, 0, 1, 0, 0, 0, 0, 0, 0, 1, 1, 1, 0, 1, 0, 1, 0, 1, 1, 1, 0, 1, 1, 1, 0)",8.0,11.0,11.0,13.0,8.153666666666666,11.665333333333333,11.687666666666667,13.922666666666666,0.0,6.956082533787751,6.571355195259326,9.950621343056852,12.0,15.0,12.0,19.0,0.06245818449149807,0.08473443856625336,0.09269576264209133,0.05108386282927618,3.0,3.0,5.0,3.5116666666666667,3.5340000000000007,5.769,6.956082533787751,6.571355195259326,9.950621343056852,-5.711627098358884,-5.036627663396616,-6.934081916781443
48,4,1.1428571428571428,1.6582280766035322,-1.4279093171255597,"(0, 0, 1, 0, 1, 0, 0, 0, 0, 0, 1, 0, 1, 1, 0, 0, 0, 0, 0, 0, 0, 1, 1, 0, 1)",6.0,10.0,10.0,13.0,6.117333333333334,10.27,10.324,14.047333333333333,0.0,8.134327281240187,7.986431761563559,12.37139481306472,1.0,6.0,5.0,19.0,0.12859079738495507,0.10847805997471797,0.005404966309445045,0.043519399499856275,4.0,4.0,7.0,4.152666666666666,4.206666666666666,7.929999999999999,8.134327281240187,7.986431761563559,12.37139481306472,-6.6025014225922884,-6.267712603324043,-7.364845578305217
48,5,1.4285714285714284,1.6582280766035322,-1.4579968849233846,"(0, 0, 0, 0, 0, 0, 1, 1, 0, 1, 0, 1, 0, 0, 1, 0, 0, 1, 0, 1, 0, 0, 1, 0, 0)",5.0,9.0,9.0,12.0,5.1513333333333335,10.265,9.608,12.393,0.0,8.89924946822099,8.473305949610761,13.581413052940523,1.0,1.0,12.0,25.0,0.08294469353054365,0.04203237705980161,0.12481117253936697,0.06243236594979678,4.0,4.0,7.0,5.113666666666667,4.456666666666667,7.241666666666667,8.89924946822099,8.473305949610761,13.581413052940523,-6.277359687844836,-6.6605040325665765,-10.512745456265089
48,6,1.7142857142857142,1.6582280766035322,-0.27019596445342975,"(0, 1, 1, 1, 1, 1, 0, 1, 1, 1, 1, 1, 1, 0, 0, 0, 0, 0, 0, 0, 1, 0, 0, 0, 0)",7.0,11.0,12.0,14.0,7.197333333333333,11.285333333333334,12.743333333333334,14.454,0.0,7.131587550939829,7.362633996279921,11.13511208293116,1.0,7.0,35.0,74.0,0.09680312313636409,0.060707647656174056,0.0077497398394001165,0.04625026293872433,4.0,5.0,7.0,4.088000000000001,5.546000000000001,7.256666666666668,7.131587550939829,7.362633996279921,11.13511208293116,-5.046962330569407,-3.0123934975438407,-6.431347082824055
48,7,2.0,1.6582280766035322,-1.025631494932141,"(1, 0, 0, 1, 1, 1, 0, 1, 0, 1, 1, 0, 0, 1, 0, 1, 0, 1, 1, 0, 1, 0, 0, 0, 0)",7.0,11.0,12.0,13.0,7.086,12.142333333333333,12.28,13.813333333333333,0.0,7.019205749237125,6.486518404384649,11.969523238699852,3.0,13.0,41.0,20.0,0.2653315893784049,0.0767697909962211,0.0011521722257116442,0.010394960182529759,4.0,5.0,6.0,5.056333333333333,5.193999999999999,6.727333333333332,7.019205749237125,6.486518404384649,11.969523238699852,-3.254890150842274,-2.143290307677424,-8.692746483966376
49,0,0.0,1.6582280766035322,-2.7856630743825956,"(1, 0, 0, 1, 1, 1, 0, 1, 0, 1, 1, 1, 0, 1, 1, 1, 1, 1, 1, 0, 1, 0, 1, 1, 1)",10.0,11.0,14.0,13.0,10.194,11.59,15.825333333333333,14.149333333333333,0.0,5.1830590123922375,4.884716144276653,8.462932811753788,20.0,2.0,5.0,1.0,0.12632359030576648,0.07573006905746231,0.057182247281741976,0.03786270397128248,1.0,4.0,3.0,1.395999999999999,5.631333333333332,3.955333333333332,5.1830590123922375,4.884716144276653,8.462932811753788,-6.279807582103254,1.238061585368593,-7.474628013200238
49,1,0.2857142857142857,1.6582280766035322,-2.4178639999018525,"(0, 1, 1, 1, 0, 0, 0, 0, 1, 0, 0, 0, 1, 0, 1, 0, 1, 1, 0, 1, 0, 0, 1, 0, 0)",6.0,11.0,10.0,11.0,6.104666666666667,11.507,10.176333333333334,11.902,0.0,8.124101541434467,8.344074708174128,12.758627918464455,4.0,16.0,8.0,2.0,0.25139690817325216,0.06219407785109648,3.419206229600703e-05,0.06212951162976442,5.0,4.0,5.0,5.402333333333333,4.071666666666667,5.797333333333333,8.124101541434467,8.344074708174128,12.758627918464455,-4.5133124606801855,-7.084626969134381,-11.543414130572565
49,2,0.5714285714285714,1.6582280766035322,-1.49743833918693,"(1, 0, 1, 0, 1, 0, 0, 0, 0, 1, 0, 0, 0, 0, 1, 1, 0, 0, 0, 1, 1, 0, 1, 0, 1)",5.0,7.0,7.0,11.0,5.033333333333333,7.262666666666667,8.058,12.202666666666667,0.0,5.549555054456229,6.903129783874878,13.117984367420851,3.0,2.0,1.0,10.0,0.30738205321977363,0.1021887359809058,0.09595880494173832,0.08930781158131906,2.0,2.0,6.0,2.229333333333334,3.0246666666666666,7.169333333333334,5.549555054456229,6.903129783874878,13.117984367420851,-5.505684878514887,-6.4313764350259115,-9.864220162640557
49,3,0.8571428571428571,1.6582280766035322,-1.9325423429476312,"(0, 0, 1, 0, 0, 0, 0, 0, 0, 1, 1, 1, 0, 1, 0, 0, 0, 1, 1, 1, 1, 1, 1, 1, 0)",8.0,11.0,11.0,13.0,8.484333333333334,11.002,12.084,15.531333333333333,0.0,5.393396031531193,6.3856428630579325,9.985877114441083,11.0,12.0,16.0,1.0,0.19373740969773723,0.00016638760431967575,0.0007442700263230129,0.06139854120953068,3.0,3.0,5.0,2.517666666666667,3.599666666666666,7.046999999999999,5.393396031531193,6.3856428630579325,9.985877114441083,-4.7686151735316,-4.6197839496051145,-4.873328544853777
49,4,1.1428571428571428,1.6582280766035322,-1.0717334433079686,"(0, 0, 1, 1, 1, 0, 0, 0, 0, 0, 1, 0, 1, 1, 0, 0, 0, 0, 0, 0, 0, 1, 1, 1, 1)",7.0,10.0,11.0,12.0,7.021,11.460333333333333,11.622,12.616666666666667,0.0,6.583368136436497,6.893097504011427,11.253214771498143,2.0,1.0,27.0,3.0,0.11004995676875393,0.09250813447173394,0.05474041930084657,0.06291130239099481,3.0,4.0,5.0,4.439333333333333,4.601,5.595666666666667,6.583368136436497,6.893097504011427,11.253214771498143,-3.5552987077207927,-3.800820435464626,-9.381505112166657
49,5,1.4285714285714284,1.6582280766035322,-1.4579968849233846,"(0, 0, 0, 0, 0, 0, 1, 1, 0, 1, 0, 1, 0, 0, 1, 0, 0, 1, 0, 1, 0, 0, 1, 0, 0)",5.0,9.0,9.0,12.0,5.1513333333333335,10.265,9.608,12.393,0.0,8.89924946822099,8.473305949610761,13.581413052940523,1.0,1.0,12.0,25.0,0.08294469353054365,0.04203237705980161,0.12481117253936697,0.06243236594979678,4.0,4.0,7.0,5.113666666666667,4.456666666666667,7.241666666666667,8.89924946822099,8.473305949610761,13.581413052940523,-6.277359687844836,-6.6605040325665765,-10.512745456265089
49,6,1.7142857142857142,1.6582280766035322,-0.6190454473997884,"(0, 1, 1, 1, 1, 1, 0, 1, 1, 1, 1, 1, 1, 0, 0, 0, 1, 0, 0, 0, 1, 1, 0, 0, 0)",7.0,11.0,10.0,11.0,7.028,12.056,10.946,12.248666666666667,0.0,7.364798905157707,5.840914939893673,9.654673693274136,2.0,35.0,15.0,2.0,0.3377196145499446,0.012635465824014973,0.03260874276988852,0.020539554972925072,4.0,3.0,4.0,5.028,3.918,5.220666666666667,7.364798905157707,5.840914939893673,9.654673693274136,-3.8749455539089057,-3.1886315422520815,-7.3525949433778495
49,7,2.0,1.6582280766035322,-1.025631494932141,"(1, 0, 0, 1, 1, 1, 0, 1, 0, 1, 1, 0, 0, 1, 0, 1, 0, 1, 1, 0, 1, 0, 0, 0, 0)",7.0,11.0,12.0,13.0,7.086,12.142333333333333,12.28,13.813333333333333,0.0,7.019205749237125,6.486518404384649,11.969523238699852,3.0,13.0,41.0,20.0,0.2653315893784049,0.0767697909962211,0.0011521722257116442,0.010394960182529759,4.0,5.0,6.0,5.056333333333333,5.193999999999999,6.727333333333332,7.019205749237125,6.486518404384649,11.969523238699852,-3.254890150842274,-2.143290307677424,-8.692746483966376
