step,replica,lambda,beta,phi,syndrome,E0_II,E0_IX,E0_XI,E0_XX,U_II,U_IX,U_XI,U_XX,F_II,F_IX,F_XI,F_XX,g_II,g_IX,g_XI,g_XX,Z_II,Z_IX,Z_XI,Z_XX,delta_E0_IX,delta_E0_XI,delta_E0_XX,delta_U_IX,delta_U_XI,delta_U_XX,delta_F_IX,delta_F_XI,delta_F_XX,delta_S_IX,delta_S_XI,delta_S_XX
0,0,0.0,1.6582280766035322,-3.0,"(0, 1, 0, 1, 0, 0, 0, 1, 1, 0, 0, 0, 1, 0, 0, 0, 1, 1, 1, 0, 0, 1, 1, 0, 0)",6.0,9.0,10.0,13.0,9.037333333333333,14.616666666666667,12.913666666666666,18.858666666666668,0.0,3.6545964951611345,2.845243008105561,5.071183891490718,4.0,1.0,14.0,5.0,0.1309940954299054,0.024365700236628762,0.07613134586482227,0.012931950062424112,3.0,4.0,7.0,5.579333333333334,3.876333333333333,9.821333333333335,3.6545964951611345,2.845243008105561,5.071183891490718,3.1916526651302513,1.709782926806959,7.876831172526025
0,1,0.2857142857142857,1.6582280766035322,-3.0,"(0, 1, 1, 0, 0, 1, 0, 0, 0, 0, 1, 0, 0, 0, 0, 0, 1, 0, 1, 0, 0, 1, 0, 0, 1)",5.0,9.0,8.0,12.0,7.387333333333333,11.873333333333333,10.845,17.937333333333335,0.0,3.0083758013305353,3.28756613516135,4.887443008224844,2.0,6.0,2.0,5.0,0.2512225076735096,0.01688431185302894,0.041398645003372606,0.004789536186987568,4.0,3.0,7.0,4.486,3.4576666666666673,10.55,3.0083758013305353,3.28756613516135,4.887443008224844,2.4502379329025015,0.28206547718730074,9.3898109891292
0,2,0.5714285714285714,1.6582280766035322,-5.0,"(1, 0, 0, 1, 1, 0, 1, 0, 1, 1, 0, 0, 0, 1, 0, 0, 1, 1, 0, 1, 0, 0, 0, 1, 1)",7.0,13.0,12.0,14.0,10.000666666666667,17.912333333333333,15.696,18.134333333333334,0.0,1.936395836453774,2.301187588550145,3.4744300146381613,3.0,3.0,8.0,6.0,0.04492622961090588,0.025789933249878928,0.02831943907079017,0.03230607709321163,6.0,5.0,7.0,7.911666666666665,5.695333333333332,8.133666666666667,1.936395836453774,2.301187588550145,3.4744300146381613,9.908361855969114,5.6282677700838875,7.72607703193391
0,3,0.8571428571428571,1.6582280766035322,-2.0,"(1, 0, 1, 1, 1, 0, 1, 1, 1, 1, 1, 0, 0, 0, 0, 0, 1, 1, 1, 1, 0, 1, 1, 1, 0)",9.0,11.0,15.0,14.0,13.803,16.919,19.397,18.733333333333334,0.0,1.982743311194844,2.2945915257565437,3.395093013550886,7.0,2.0,17.0,4.0,0.0878678078163653,0.06783651009647557,0.030111342339641953,0.03127569780775409,2.0,6.0,5.0,3.1159999999999997,5.593999999999998,4.9303333333333335,1.982743311194844,2.2945915257565437,3.395093013550886,1.879198059375461,5.471171768174117,2.5457786025970397
0,4,1.1428571428571428,1.6582280766035322,-3.0,"(1, 0, 1, 1, 0, 0, 0, 0, 1, 0, 0, 1, 1, 1, 1, 0, 1, 0, 1, 1, 1, 1, 0, 0, 1)",8.0,11.0,11.0,14.0,11.517333333333333,15.486333333333333,15.48,18.191,0.0,2.4389034303120685,2.1696164030498584,3.234908181350984,4.0,1.0,2.0,7.0,0.09669028427958198,0.03309973577088325,0.06924464008948694,0.025661101035715807,3.0,3.0,6.0,3.9689999999999994,3.9626666666666672,6.673666666666666,2.4389034303120685,2.1696164030498584,3.234908181350984,2.5372490917712804,2.9732862898907575,5.702245869009099
0,5,1.4285714285714284,1.6582280766035322,-4.0,"(0, 0, 1, 1, 1, 1, 1, 1, 0, 0, 0, 0, 0, 0, 0, 0, 0, 0, 0, 0, 0, 1, 1, 0, 0)",4.0,8.0,8.0,11.0,6.0216666666666665,13.541333333333334,12.212666666666667,15.813,0.0,2.951747312514526,1.3846572934767638,4.4394726933304005,1.0,3.0,4.0,5.0,0.3137184618896488,0.01824391745280664,0.064777855409195,0.008922609904055544,4.0,4.0,7.0,7.519666666666668,6.191000000000001,9.791333333333334,2.951747312514526,1.3846572934767638,4.4394726933304005,7.574652124715755,7.970012421735443,8.874605575322214
0,6,1.7142857142857142,1.6582280766035322,-4.0,"(0, 0, 0, 0, 0, 0, 0, 0, 0, 0, 0, 0, 0, 0, 0, 0, 0, 0, 0, 1, 0, 0, 1, 0, 0)",3.0,7.0,7.0,10.0,3.536,9.081,10.765,13.134666666666666,0.0,4.334248909491702,4.706152617561061,6.298134482504283,3.0,9.0,6.0,6.0,0.135588402335655,0.08656276337663718,0.13765474950060527,0.04935593676962043,4.0,4.0,7.0,5.545,7.229000000000001,9.598666666666666,4.334248909491702,4.706152617561061,6.298134482504283,2.007701452059204,4.183456362545979,5.473035135511645
0,7,2.0,1.6582280766035322,-3.0,"(1, 0, 1, 1, 0, 0, 1, 0, 1, 0, 0, 1, 1, 1, 0, 1, 1, 0, 0, 1, 0, 0, 1, 1, 1)",8.0,11.0,13.0,14.0,13.093666666666667,15.029333333333334,18.215666666666667,18.043333333333333,0.0,1.3713269822165108,1.5774355197601282,2.661198116358976,4.0,5.0,2.0,11.0,0.20271016520519894,0.02751260863557464,0.05237938627129409,0.020529632098407587,3.0,5.0,6.0,1.9356666666666662,5.122,4.9496666666666655,1.3713269822165108,1.5774355197601282,2.661198116358976,0.9358039094968255,5.877696340465361,3.794802802544394
1,0,0.0,1.6582280766035322,-3.0,"(0, 1, 0, 1, 0, 0, 0, 1, 1, 0, 0, 0, 1, 0, 0, 0, 1, 1, 1, 0, 0, 1, 1, 0, 0)",6.0,9.0,10.0,13.0,9.037333333333333,14.616666666666667,12.913666666666666,18.858666666666668,0.0,3.6545964951611345,2.845243008105561,5.071183891490718,4.0,1.0,14.0,5.0,0.1309940954299054,0.024365700236628762,0.07613134586482227,0.012931950062424112,3.0,4.0,7.0,5.579333333333334,3.876333333333333,9.821333333333335,3.6545964951611345,2.845243008105561,5.071183891490718,3.1916526651302513,1.709782926806959,7.876831172526025
1,1,0.2857142857142857,1.6582280766035322,-3.0,"(0, 1, 1, 0, 0, 1, 0, 0, 0, 0, 1, 0, 0, 0, 0, 0, 1, 0, 1, 0, 0, 1, 0, 0, 1)",5.0,9.0,8.0,12.0,7.387333333333333,11.873333333333333,10.845,17.937333333333335,0.0,3.0083758013305353,3.28756613516135,4.887443008224844,2.0,6.0,2.0,5.0,0.2512225076735096,0.01688431185302894,0.041398645003372606,0.004789536186987568,4.0,3.0,7.0,4.486,3.4576666666666673,10.55,3.0083758013305353,3.28756613516135,4.887443008224844,2.4502379329025015,0.28206547718730074,9.3898109891292
1,2,0.5714285714285714,1.6582280766035322,-1.0,"(1, 0, 0, 1, 1, 0, 1, 0, 1, 1, 0, 1, 0, 1, 0, 0, 0, 1, 0, 1, 0, 0, 0, 1, 1)",9.0,10.0,11.0,13.0,10.396666666666667,12.935,15.549333333333333,16.57133333333333,0.0,2.6983700624095044,2.950466791944258,3.738991091882051,54.0,1.0,2.0,2.0,0.17158181838049474,0.04361288575546601,0.013278207552152256,0.10684678198106846,1.0,2.0,4.0,2.538333333333334,5.152666666666667,6.174666666666665,2.6983700624095044,2.950466791944258,3.738991091882051,-0.2653773974418986,3.6517496625574792,4.038905623605294
1,3,0.8571428571428571,1.6582280766035322,-2.0,"(1, 0, 1, 1, 1, 0, 1, 1, 1, 1, 1, 0, 0, 0, 0, 0, 1, 1, 1, 1, 0, 1, 1, 1, 0)",9.0,11.0,15.0,14.0,13.803,16.919,19.397,18.733333333333334,0.0,1.982743311194844,2.2945915257565437,3.395093013550886,7.0,2.0,17.0,4.0,0.0878678078163653,0.06783651009647557,0.030111342339641953,0.03127569780775409,2.0,6.0,5.0,3.1159999999999997,5.593999999999998,4.9303333333333335,1.982743311194844,2.2945915257565437,3.395093013550886,1.879198059375461,5.471171768174117,2.5457786025970397
1,4,1.1428571428571428,1.6582280766035322,-3.0,"(1, 0, 1, 1, 0, 0, 0, 0, 1, 0, 0, 1, 1, 1, 1, 0, 1, 0, 1, 1, 0, 1, 0, 0, 0)",7.0,10.0,12.0,12.0,9.553,15.978,14.998,18.441333333333333,0.0,2.3930442116157784,3.0205545653153685,3.9623820509351564,2.0,4.0,17.0,1.0,0.24428393414888885,0.05441527840587476,0.037085948059054956,0.05089686983782234,3.0,5.0,5.0,6.424999999999999,5.4449999999999985,8.888333333333332,2.3930442116157784,3.0205545653153685,3.9623820509351564,6.685902291922844,4.020283489987309,8.16835072045383
1,5,1.4285714285714284,1.6582280766035322,-4.0,"(0, 0, 1, 1, 1, 1, 1, 1, 0, 0, 0, 0, 0, 0, 0, 0, 0, 0, 0, 0, 0, 1, 1, 0, 0)",4.0,8.0,8.0,11.0,6.0216666666666665,13.541333333333334,12.212666666666667,15.813,0.0,2.951747312514526,1.3846572934767638,4.4394726933304005,1.0,3.0,4.0,5.0,0.3137184618896488,0.01824391745280664,0.064777855409195,0.008922609904055544,4.0,4.0,7.0,7.519666666666668,6.191000000000001,9.791333333333334,2.951747312514526,1.3846572934767638,4.4394726933304005,7.574652124715755,7.970012421735443,8.874605575322214
1,6,1.7142857142857142,1.6582280766035322,-4.0,"(0, 0, 0, 0, 0, 0, 0, 0, 0, 0, 0, 0, 0, 0, 0, 0, 0, 0, 0, 1, 0, 0, 1, 0, 0)",3.0,7.0,7.0,10.0,3.536,9.081,10.765,13.134666666666666,0.0,4.334248909491702,4.706152617561061,6.298134482504283,3.0,9.0,6.0,6.0,0.135588402335655,0.08656276337663718,0.13765474950060527,0.04935593676962043,4.0,4.0,7.0,5.545,7.229000000000001,9.598666666666666,4.334248909491702,4.706152617561061,6.298134482504283,2.007701452059204,4.183456362545979,5.473035135511645
1,7,2.0,1.6582280766035322,-2.0,"(1, 0, 1, 0, 1, 0, 1, 0, 1, 0, 0, 1, 1, 1, 0, 1, 1, 0, 0, 1, 0, 0, 1, 1, 1)",8.0,10.0,11.0,13.0,11.199666666666667,16.352666666666668,15.807666666666666,19.005333333333333,0.0,3.5277144101663542,2.953433177725737,3.317920921341396,6.0,2.0,1.0,3.0,0.17026502017464412,0.01718901511877243,0.07220518488751199,0.009905206134563544,2.0,3.0,5.0,5.1530000000000005,4.607999999999999,7.805666666666665,3.5277144101663542,2.953433177725737,3.317920921341396,2.6950941975612848,2.7436491593118673,7.441705995556407
2,0,0.0,1.6582280766035322,-3.0,"(0, 1, 0, 1, 0, 0, 0, 1, 1, 0, 0, 0, 1, 0, 0, 0, 1, 1, 1, 0, 0, 1, 1, 0, 0)",6.0,9.0,10.0,13.0,9.037333333333333,14.616666666666667,12.913666666666666,18.858666666666668,0.0,3.6545964951611345,2.845243008105561,5.071183891490718,4.0,1.0,14.0,5.0,0.1309940954299054,0.024365700236628762,0.07613134586482227,0.012931950062424112,3.0,4.0,7.0,5.579333333333334,3.876333333333333,9.821333333333335,3.6545964951611345,2.845243008105561,5.071183891490718,3.1916526651302513,1.709782926806959,7.876831172526025
2,1,0.2857142857142857,1.6582280766035322,-3.0,"(0, 1, 1, 0, 0, 1, 0, 0, 0, 0, 1, 0, 0, 0, 0, 0, 1, 0, 1, 0, 0, 1, 0, 0, 1)",5.0,9.0,8.0,12.0,7.387333333333333,11.873333333333333,10.845,17.937333333333335,0.0,3.0083758013305353,3.28756613516135,4.887443008224844,2.0,6.0,2.0,5.0,0.2512225076735096,0.01688431185302894,0.041398645003372606,0.004789536186987568,4.0,3.0,7.0,4.486,3.4576666666666673,10.55,3.0083758013305353,3.28756613516135,4.887443008224844,2.4502379329025015,0.28206547718730074,9.3898109891292
2,2,0.5714285714285714,1.6582280766035322,-1.0,"(1, 0, 0, 1, 1, 0, 1, 0, 1, 1, 0, 1, 0, 1, 0, 0, 0, 1, 0, 1, 0, 0, 0, 1, 1)",9.0,10.0,11.0,13.0,10.396666666666667,12.935,15.549333333333333,16.57133333333333,0.0,2.6983700624095044,2.950466791944258,3.738991091882051,54.0,1.0,2.0,2.0,0.17158181838049474,0.04361288575546601,0.013278207552152256,0.10684678198106846,1.0,2.0,4.0,2.538333333333334,5.152666666666667,6.174666666666665,2.6983700624095044,2.950466791944258,3.738991091882051,-0.2653773974418986,3.6517496625574792,4.038905623605294
2,3,0.8571428571428571,1.6582280766035322,-2.0,"(1, 0, 1, 1, 1, 0, 1, 1, 1, 1, 1, 0, 0, 0, 0, 0, 1, 1, 1, 1, 0, 1, 1, 1, 0)",9.0,11.0,15.0,14.0,13.803,16.919,19.397,18.733333333333334,0.0,1.982743311194844,2.2945915257565437,3.395093013550886,7.0,2.0,17.0,4.0,0.0878678078163653,0.06783651009647557,0.030111342339641953,0.03127569780775409,2.0,6.0,5.0,3.1159999999999997,5.593999999999998,4.9303333333333335,1.982743311194844,2.2945915257565437,3.395093013550886,1.879198059375461,5.471171768174117,2.5457786025970397
2,4,1.1428571428571428,1.6582280766035322,-3.0,"(1, 0, 1, 1, 0, 0, 0, 0, 1, 0, 0, 1, 1, 1, 1, 0, 1, 0, 1, 1, 0, 1, 0, 0, 0)",7.0,10.0,12.0,12.0,9.553,15.978,14.998,18.441333333333333,0.0,2.3930442116157784,3.0205545653153685,3.9623820509351564,2.0,4.0,17.0,1.0,0.24428393414888885,0.05441527840587476,0.037085948059054956,0.05089686983782234,3.0,5.0,5.0,6.424999999999999,5.4449999999999985,8.888333333333332,2.3930442116157784,3.0205545653153685,3.9623820509351564,6.685902291922844,4.020283489987309,8.16835072045383
2,5,1.4285714285714284,1.6582280766035322,-3.0,"(0, 0, 1, 1, 1, 1, 1, 0, 0, 0, 0, 0, 1, 0, 0, 0, 0, 0, 0, 0, 0, 1, 1, 0, 0)",5.0,8.0,9.0,13.0,7.363,11.096333333333334,11.92,18.418,0.0,2.7526033328926434,2.201067462236105,3.737369713318261,1.0,1.0,6.0,9.0,0.22613707159700053,0.09891951123931171,0.015456230729586072,0.03752999851043855,3.0,4.0,8.0,3.7333333333333334,4.5569999999999995,11.055,2.7526033328926434,2.201067462236105,3.737369713318261,1.6262740222981467,3.906673480703901,12.134299995580013
2,6,1.7142857142857142,1.6582280766035322,-4.0,"(0, 0, 0, 0, 0, 0, 0, 0, 0, 0, 0, 0, 0, 0, 0, 0, 0, 0, 0, 1, 0, 0, 1, 0, 0)",3.0,7.0,7.0,10.0,3.536,9.081,10.765,13.134666666666666,0.0,4.334248909491702,4.706152617561061,6.298134482504283,3.0,9.0,6.0,6.0,0.135588402335655,0.08656276337663718,0.13765474950060527,0.04935593676962043,4.0,4.0,7.0,5.545,7.229000000000001,9.598666666666666,4.334248909491702,4.706152617561061,6.298134482504283,2.007701452059204,4.183456362545979,5.473035135511645
2,7,2.0,1.6582280766035322,-2.0,"(1, 0, 1, 0, 1, 0, 1, 0, 1, 0, 0, 1, 1, 1, 0, 1, 1, 0, 0, 1, 0, 0, 1, 1, 1)",8.0,10.0,11.0,13.0,11.199666666666667,16.352666666666668,15.807666666666666,19.005333333333333,0.0,3.5277144101663542,2.953433177725737,3.317920921341396,6.0,2.0,1.0,3.0,0.17026502017464412,0.01718901511877243,0.07220518488751199,0.009905206134563544,2.0,3.0,5.0,5.1530000000000005,4.607999999999999,7.805666666666665,3.5277144101663542,2.953433177725737,3.317920921341396,2.6950941975612848,2.7436491593118673,7.441705995556407
3,0,0.0,1.6582280766035322,-3.0,"(0, 1, 0, 1, 0, 0, 0, 1, 1, 0, 0, 0, 1, 0, 0, 0, 0, 1, 1, 0, 0, 0, 1, 0, 0)",5.0,8.0,9.0,13.0,7.7283333333333335,12.926,12.706666666666667,17.942,0.0,2.0024946500628324,1.8719828880559308,3.6411832724970528,2.0,1.0,2.0,15.0,0.19103561085672208,0.042584844223250255,0.03858777194142237,0.027608058403570116,3.0,4.0,8.0,5.197666666666667,4.9783333333333335,10.213666666666667,2.0024946500628324,1.8719828880559308,3.6411832724970528,5.298323947510405,5.151037524128873,10.898676497222535
3,1,0.2857142857142857,1.6582280766035322,-3.0,"(0, 1, 1, 0, 0, 0, 0, 0, 0, 0, 0, 0, 0, 0, 0, 0, 1, 0, 1, 0, 0, 1, 0, 0, 1)",4.0,8.0,7.0,11.0,5.132333333333333,10.809666666666667,10.94,14.295666666666667,0.0,3.8644636830117176,4.17999684885476,5.563954001588069,2.0,7.0,2.0,1.0,0.24190485635499853,0.051921328003149095,0.06820653472068543,0.008906150970054086,4.0,3.0,7.0,5.677333333333333,5.807666666666666,9.163333333333334,3.8644636830117176,4.17999684885476,5.563954001588069,3.006151353385731,2.699047791335859,5.968591866246458
3,2,0.5714285714285714,1.6582280766035322,-1.0,"(1, 0, 0, 1, 1, 0, 1, 0, 1, 1, 0, 1, 0, 1, 0, 0, 0, 1, 0, 1, 0, 0, 0, 1, 1)",9.0,10.0,11.0,13.0,10.396666666666667,12.935,15.549333333333333,16.57133333333333,0.0,2.6983700624095044,2.950466791944258,3.738991091882051,54.0,1.0,2.0,2.0,0.17158181838049474,0.04361288575546601,0.013278207552152256,0.10684678198106846,1.0,2.0,4.0,2.538333333333334,5.152666666666667,6.174666666666665,2.6983700624095044,2.950466791944258,3.738991091882051,-0.2653773974418986,3.6517496625574792,4.038905623605294
3,3,0.8571428571428571,1.6582280766035322,-2.0,"(1, 0, 1, 1, 1, 0, 1, 1, 1, 1, 1, 0, 0, 0, 0, 0, 1, 1, 1, 1, 0, 1, 1, 1, 0)",9.0,11.0,15.0,14.0,13.803,16.919,19.397,18.733333333333334,0.0,1.982743311194844,2.2945915257565437,3.395093013550886,7.0,2.0,17.0,4.0,0.0878678078163653,0.06783651009647557,0.030111342339641953,0.03127569780775409,2.0,6.0,5.0,3.1159999999999997,5.593999999999998,4.9303333333333335,1.982743311194844,2.2945915257565437,3.395093013550886,1.879198059375461,5.471171768174117,2.5457786025970397
3,4,1.1428571428571428,1.6582280766035322,-3.0,"(1, 0, 1, 1, 0, 0, 0, 0, 1, 0, 0, 1, 1, 1, 1, 0, 1, 0, 1, 1, 0, 1, 0, 0, 0)",7.0,10.0,12.0,12.0,9.553,15.978,14.998,18.441333333333333,0.0,2.3930442116157784,3.0205545653153685,3.9623820509351564,2.0,4.0,17.0,1.0,0.24428393414888885,0.05441527840587476,0.037085948059054956,0.05089686983782234,3.0,5.0,5.0,6.424999999999999,5.4449999999999985,8.888333333333332,2.3930442116157784,3.0205545653153685,3.9623820509351564,6.685902291922844,4.020283489987309,8.16835072045383
3,5,1.4285714285714284,1.6582280766035322,-3.0,"(0, 0, 0, 0, 1, 1, 1, 0, 0, 0, 0, 0, 1, 0, 0, 0, 0, 0, 0, 0, 0, 1, 1, 0, 0)",5.0,8.0,9.0,11.0,5.8276666666666666,12.382333333333333,13.233333333333333,16.463333333333335,0.0,4.2858839239241,4.3967364708450445,6.566767430914055,4.0,4.0,12.0,6.0,0.2586121494118884,0.03738534355468213,0.0641873341267353,0.02336637991218585,3.0,4.0,6.0,6.554666666666667,7.405666666666666,10.635666666666669,4.2858839239241,4.3967364708450445,6.566767430914055,3.7621592437292932,4.989492531251577,6.747162953595639
3,6,1.7142857142857142,1.6582280766035322,-4.0,"(0, 0, 0, 0, 0, 0, 0, 0, 0, 0, 0, 0, 0, 0, 0, 0, 0, 0, 0, 1, 0, 0, 1, 0, 0)",3.0,7.0,7.0,10.0,3.536,9.081,10.765,13.134666666666666,0.0,4.334248909491702,4.706152617561061,6.298134482504283,3.0,9.0,6.0,6.0,0.135588402335655,0.08656276337663718,0.13765474950060527,0.04935593676962043,4.0,4.0,7.0,5.545,7.229000000000001,9.598666666666666,4.334248909491702,4.706152617561061,6.298134482504283,2.007701452059204,4.183456362545979,5.473035135511645
3,7,2.0,1.6582280766035322,-2.0,"(1, 0, 1, 0, 1, 0, 1, 0, 1, 0, 0, 1, 1, 1, 0, 1, 1, 0, 0, 1, 0, 0, 1, 1, 1)",8.0,10.0,11.0,13.0,11.199666666666667,16.352666666666668,15.807666666666666,19.005333333333333,0.0,3.5277144101663542,2.953433177725737,3.317920921341396,6.0,2.0,1.0,3.0,0.17026502017464412,0.01718901511877243,0.07220518488751199,0.009905206134563544,2.0,3.0,5.0,5.1530000000000005,4.607999999999999,7.805666666666665,3.5277144101663542,2.953433177725737,3.317920921341396,2.6950941975612848,2.7436491593118673,7.441705995556407
4,0,0.0,1.6582280766035322,-3.0,"(0, 1, 0, 1, 0, 0, 0, 1, 1, 0, 0, 0, 1, 0, 0, 0, 0, 1, 1, 0, 0, 0, 1, 0, 0)",5.0,8.0,9.0,13.0,7.7283333333333335,12.926,12.706666666666667,17.942,0.0,2.0024946500628324,1.8719828880559308,3.6411832724970528,2.0,1.0,2.0,15.0,0.19103561085672208,0.042584844223250255,0.03858777194142237,0.027608058403570116,3.0,4.0,8.0,5.197666666666667,4.9783333333333335,10.213666666666667,2.0024946500628324,1.8719828880559308,3.6411832724970528,5.298323947510405,5.151037524128873,10.898676497222535
4,1,0.2857142857142857,1.6582280766035322,-3.0,"(0, 1, 1, 0, 0, 0, 0, 0, 0, 0, 0, 0, 0, 0, 0, 0, 1, 0, 1, 0, 0, 1, 0, 0, 1)",4.0,8.0,7.0,11.0,5.132333333333333,10.809666666666667,10.94,14.295666666666667,0.0,3.8644636830117176,4.17999684885476,5.563954001588069,2.0,7.0,2.0,1.0,0.24190485635499853,0.051921328003149095,0.06820653472068543,0.008906150970054086,4.0,3.0,7.0,5.677333333333333,5.807666666666666,9.163333333333334,3.8644636830117176,4.17999684885476,5.563954001588069,3.006151353385731,2.699047791335859,5.968591866246458
4,2,0.5714285714285714,1.6582280766035322,-1.0,"(1, 0, 0, 1, 1, 0, 1, 0, 1, 1, 0, 1, 0, 1, 0, 0, 0, 1, 0, 1, 0, 0, 0, 1, 1)",9.0,10.0,11.0,13.0,10.396666666666667,12.935,15.549333333333333,16.57133333333333,0.0,2.6983700624095044,2.950466791944258,3.738991091882051,54.0,1.0,2.0,2.0,0.17158181838049474,0.04361288575546601,0.013278207552152256,0.10684678198106846,1.0,2.0,4.0,2.538333333333334,5.152666666666667,6.174666666666665,2.6983700624095044,2.950466791944258,3.738991091882051,-0.2653773974418986,3.6517496625574792,4.038905623605294
4,3,0.8571428571428571,1.6582280766035322,-2.0,"(1, 0, 1, 1, 1, 0, 1, 1, 1, 1, 1, 0, 0, 0, 0, 0, 1, 1, 1, 1, 0, 1, 1, 1, 0)",9.0,11.0,15.0,14.0,13.803,16.919,19.397,18.733333333333334,0.0,1.982743311194844,2.2945915257565437,3.395093013550886,7.0,2.0,17.0,4.0,0.0878678078163653,0.06783651009647557,0.030111342339641953,0.03127569780775409,2.0,6.0,5.0,3.1159999999999997,5.593999999999998,4.9303333333333335,1.982743311194844,2.2945915257565437,3.395093013550886,1.879198059375461,5.471171768174117,2.5457786025970397
4,4,1.1428571428571428,1.6582280766035322,-3.0,"(1, 0, 1, 1, 0, 0, 0, 0, 1, 0, 0, 1, 1, 1, 1, 0, 1, 0, 1, 1, 0, 1, 0, 0, 0)",7.0,10.0,12.0,12.0,9.553,15.978,14.998,18.441333333333333,0.0,2.3930442116157784,3.0205545653153685,3.9623820509351564,2.0,4.0,17.0,1.0,0.24428393414888885,0.05441527840587476,0.037085948059054956,0.05089686983782234,3.0,5.0,5.0,6.424999999999999,5.4449999999999985,8.888333333333332,2.3930442116157784,3.0205545653153685,3.9623820509351564,6.685902291922844,4.020283489987309,8.16835072045383
4,5,1.4285714285714284,1.6582280766035322,-3.0,"(0, 0, 0, 0, 1, 1, 1, 0, 0, 0, 0, 0, 1, 0, 0, 0, 0, 0, 0, 0, 0, 1, 1, 0, 0)",5.0,8.0,9.0,11.0,5.8276666666666666,12.382333333333333,13.233333333333333,16.463333333333335,0.0,4.2858839239241,4.3967364708450445,6.566767430914055,4.0,4.0,12.0,6.0,0.2586121494118884,0.03738534355468213,0.0641873341267353,0.02336637991218585,3.0,4.0,6.0,6.554666666666667,7.405666666666666,10.635666666666669,4.2858839239241,4.3967364708450445,6.566767430914055,3.7621592437292932,4.989492531251577,6.747162953595639
4,6,1.7142857142857142,1.6582280766035322,-4.0,"(0, 0, 0, 0, 0, 0, 0, 0, 0, 0, 0, 0, 0, 0, 0, 0, 0, 0, 0, 1, 0, 0, 1, 0, 0)",3.0,7.0,7.0,10.0,3.536,9.081,10.765,13.134666666666666,0.0,4.334248909491702,4.706152617561061,6.298134482504283,3.0,9.0,6.0,6.0,0.135588402335655,0.08656276337663718,0.13765474950060527,0.04935593676962043,4.0,4.0,7.0,5.545,7.229000000000001,9.598666666666666,4.334248909491702,4.706152617561061,6.298134482504283,2.007701452059204,4.183456362545979,5.473035135511645
4,7,2.0,1.6582280766035322,-2.0,"(1, 0, 1, 0, 1, 0, 1, 0, 1, 0, 0, 1, 1, 1, 0, 1, 1, 0, 0, 1, 0, 0, 1, 1, 1)",8.0,10.0,11.0,13.0,11.199666666666667,16.352666666666668,15.807666666666666,19.005333333333333,0.0,3.5277144101663542,2.953433177725737,3.317920921341396,6.0,2.0,1.0,3.0,0.17026502017464412,0.01718901511877243,0.07220518488751199,0.009905206134563544,2.0,3.0,5.0,5.1530000000000005,4.607999999999999,7.805666666666665,3.5277144101663542,2.953433177725737,3.317920921341396,2.6950941975612848,2.7436491593118673,7.441705995556407
5,0,0.0,1.6582280766035322,-3.0,"(0, 1, 1, 0, 0, 0, 0, 1, 1, 0, 0, 0, 1, 0, 0, 0, 0, 1, 1, 0, 0, 0, 1, 0, 0)",5.0,8.0,8.0,11.0,7.861666666666666,12.145666666666667,12.439333333333334,14.312,0.0,3.445125439573295,3.6820770193417367,5.3335892722350255,4.0,4.0,1.0,9.0,0.2321788028775687,0.11668687363013822,0.07809203080963238,0.029636030592926882,3.0,3.0,6.0,4.284000000000001,4.577666666666667,6.450333333333333,3.445125439573295,3.6820770193417367,5.3335892722350255,1.3910453488480097,1.4850918983096557,1.851816356493464
5,1,0.2857142857142857,1.6582280766035322,-3.0,"(0, 1, 1, 0, 0, 0, 0, 0, 0, 0, 0, 0, 0, 0, 0, 0, 1, 0, 1, 0, 0, 1, 0, 0, 1)",4.0,8.0,7.0,11.0,5.132333333333333,10.809666666666667,10.94,14.295666666666667,0.0,3.8644636830117176,4.17999684885476,5.563954001588069,2.0,7.0,2.0,1.0,0.24190485635499853,0.051921328003149095,0.06820653472068543,0.008906150970054086,4.0,3.0,7.0,5.677333333333333,5.807666666666666,9.163333333333334,3.8644636830117176,4.17999684885476,5.563954001588069,3.006151353385731,2.699047791335859,5.968591866246458
5,2,0.5714285714285714,1.6582280766035322,-1.0,"(1, 0, 0, 1, 1, 0, 1, 0, 1, 1, 0, 1, 0, 1, 0, 0, 0, 1, 0, 1, 0, 0, 0, 1, 1)",9.0,10.0,11.0,13.0,10.396666666666667,12.935,15.549333333333333,16.57133333333333,0.0,2.6983700624095044,2.950466791944258,3.738991091882051,54.0,1.0,2.0,2.0,0.17158181838049474,0.04361288575546601,0.013278207552152256,0.10684678198106846,1.0,2.0,4.0,2.538333333333334,5.152666666666667,6.174666666666665,2.6983700624095044,2.950466791944258,3.738991091882051,-0.2653773974418986,3.6517496625574792,4.038905623605294
5,3,0.8571428571428571,1.6582280766035322,-2.0,"(1, 0, 1, 1, 1, 0, 1, 1, 1, 1, 1, 0, 0, 0, 0, 0, 1, 1, 1, 1, 0, 1, 1, 1, 0)",9.0,11.0,15.0,14.0,13.803,16.919,19.397,18.733333333333334,0.0,1.982743311194844,2.2945915257565437,3.395093013550886,7.0,2.0,17.0,4.0,0.0878678078163653,0.06783651009647557,0.030111342339641953,0.03127569780775409,2.0,6.0,5.0,3.1159999999999997,5.593999999999998,4.9303333333333335,1.982743311194844,2.2945915257565437,3.395093013550886,1.879198059375461,5.471171768174117,2.5457786025970397
5,4,1.1428571428571428,1.6582280766035322,-2.0,"(1, 0, 1, 1, 1, 0, 0, 0, 1, 1, 0, 1, 1, 1, 1, 0, 1, 0, 1, 1, 0, 1, 0, 0, 0)",7.0,9.0,10.0,13.0,8.814,13.044333333333332,15.531333333333333,18.152666666666665,0.0,3.164571673768385,2.575458512420369,4.168315553292909,3.0,1.0,2.0,2.0,0.20153837930212332,0.05069005322901492,0.03638885867209696,0.025082307567109607,2.0,3.0,6.0,4.230333333333332,6.7173333333333325,9.338666666666665,3.164571673768385,2.575458512420369,4.168315553292909,1.767275906858171,6.868173117815104,8.573621382094695
5,5,1.4285714285714284,1.6582280766035322,-3.0,"(0, 0, 0, 0, 1, 1, 1, 0, 0, 0, 0, 0, 1, 0, 0, 0, 0, 0, 0, 0, 0, 1, 1, 0, 0)",5.0,8.0,9.0,11.0,5.8276666666666666,12.382333333333333,13.233333333333333,16.463333333333335,0.0,4.2858839239241,4.3967364708450445,6.566767430914055,4.0,4.0,12.0,6.0,0.2586121494118884,0.03738534355468213,0.0641873341267353,0.02336637991218585,3.0,4.0,6.0,6.554666666666667,7.405666666666666,10.635666666666669,4.2858839239241,4.3967364708450445,6.566767430914055,3.7621592437292932,4.989492531251577,6.747162953595639
5,6,1.7142857142857142,1.6582280766035322,-4.0,"(0, 0, 0, 0, 0, 0, 0, 0, 0, 0, 0, 0, 0, 0, 0, 1, 0, 0, 0, 1, 1, 0, 1, 0, 0)",3.0,7.0,8.0,11.0,4.183333333333334,11.072666666666667,10.340333333333334,14.379333333333333,0.0,5.39687831049206,5.001851533132284,6.750655712231184,1.0,2.0,18.0,10.0,0.26978444626604425,0.042235582467020125,0.07477712899783372,0.021341571724343568,4.0,5.0,8.0,6.889333333333333,6.157,10.196,5.39687831049206,5.001851533132284,6.750655712231184,2.4748308219433657,1.9154996204055712,5.713166631543849
5,7,2.0,1.6582280766035322,-2.0,"(1, 0, 1, 0, 1, 0, 1, 0, 1, 0, 0, 1, 1, 1, 0, 1, 1, 0, 0, 1, 0, 0, 1, 1, 1)",8.0,10.0,11.0,13.0,11.199666666666667,16.352666666666668,15.807666666666666,19.005333333333333,0.0,3.5277144101663542,2.953433177725737,3.317920921341396,6.0,2.0,1.0,3.0,0.17026502017464412,0.01718901511877243,0.07220518488751199,0.009905206134563544,2.0,3.0,5.0,5.1530000000000005,4.607999999999999,7.805666666666665,3.5277144101663542,2.953433177725737,3.317920921341396,2.6950941975612848,2.7436491593118673,7.441705995556407
6,0,0.0,1.6582280766035322,-3.0,"(0, 1, 1, 0, 0, 0, 0, 1, 1, 0, 0, 0, 1, 0, 0, 0, 0, 1, 1, 0, 0, 0, 1, 0, 0)",5.0,8.0,8.0,11.0,7.861666666666666,12.145666666666667,12.439333333333334,14.312,0.0,3.445125439573295,3.6820770193417367,5.3335892722350255,4.0,4.0,1.0,9.0,0.2321788028775687,0.11668687363013822,0.07809203080963238,0.029636030592926882,3.0,3.0,6.0,4.284000000000001,4.577666666666667,6.450333333333333,3.445125439573295,3.6820770193417367,5.3335892722350255,1.3910453488480097,1.4850918983096557,1.851816356493464
6,1,0.2857142857142857,1.6582280766035322,-3.0,"(0, 1, 1, 0, 0, 0, 0, 0, 0, 0, 0, 0, 0, 0, 0, 0, 1, 0, 1, 0, 0, 1, 0, 0, 1)",4.0,8.0,7.0,11.0,5.132333333333333,10.809666666666667,10.94,14.295666666666667,0.0,3.8644636830117176,4.17999684885476,5.563954001588069,2.0,7.0,2.0,1.0,0.24190485635499853,0.051921328003149095,0.06820653472068543,0.008906150970054086,4.0,3.0,7.0,5.677333333333333,5.807666666666666,9.163333333333334,3.8644636830117176,4.17999684885476,5.563954001588069,3.006151353385731,2.699047791335859,5.968591866246458
6,2,0.5714285714285714,1.6582280766035322,-3.0,"(1, 0, 0, 1, 1, 0, 1, 0, 1, 1, 0, 0, 0, 1, 0, 0, 1, 1, 0, 1, 0, 0, 0, 1, 1)",7.0,12.0,10.0,13.0,12.119333333333334,15.785,14.543666666666667,18.115333333333332,0.0,3.1200574622897825,2.6139201914193677,3.573085372817866,3.0,15.0,2.0,4.0,0.10897939365782329,0.07095892152049492,0.02767253260266743,0.020800117349940517,5.0,3.0,6.0,3.6656666666666666,2.4243333333333332,5.995999999999999,3.1200574622897825,2.6139201914193677,3.573085372817866,0.904744501551064,-0.3143782510333118,4.017745062006792
6,3,0.8571428571428571,1.6582280766035322,-2.0,"(1, 0, 1, 1, 1, 0, 1, 1, 1, 1, 1, 0, 0, 0, 0, 0, 1, 1, 1, 1, 0, 1, 1, 1, 0)",9.0,11.0,15.0,14.0,13.803,16.919,19.397,18.733333333333334,0.0,1.982743311194844,2.2945915257565437,3.395093013550886,7.0,2.0,17.0,4.0,0.0878678078163653,0.06783651009647557,0.030111342339641953,0.03127569780775409,2.0,6.0,5.0,3.1159999999999997,5.593999999999998,4.9303333333333335,1.982743311194844,2.2945915257565437,3.395093013550886,1.879198059375461,5.471171768174117,2.5457786025970397
6,4,1.1428571428571428,1.6582280766035322,-2.0,"(1, 0, 1, 1, 1, 0, 0, 0, 1, 1, 0, 1, 1, 1, 1, 0, 1, 0, 1, 1, 0, 1, 0, 0, 0)",7.0,9.0,10.0,13.0,8.814,13.044333333333332,15.531333333333333,18.152666666666665,0.0,3.164571673768385,2.575458512420369,4.168315553292909,3.0,1.0,2.0,2.0,0.20153837930212332,0.05069005322901492,0.03638885867209696,0.025082307567109607,2.0,3.0,6.0,4.230333333333332,6.7173333333333325,9.338666666666665,3.164571673768385,2.575458512420369,4.168315553292909,1.767275906858171,6.868173117815104,8.573621382094695
6,5,1.4285714285714284,1.6582280766035322,-3.0,"(0, 0, 0, 0, 1, 1, 1, 0, 0, 0, 0, 0, 1, 0, 0, 0, 0, 0, 0, 0, 0, 1, 1, 0, 0)",5.0,8.0,9.0,11.0,5.8276666666666666,12.382333333333333,13.233333333333333,16.463333333333335,0.0,4.2858839239241,4.3967364708450445,6.566767430914055,4.0,4.0,12.0,6.0,0.2586121494118884,0.03738534355468213,0.0641873341267353,0.02336637991218585,3.0,4.0,6.0,6.554666666666667,7.405666666666666,10.635666666666669,4.2858839239241,4.3967364708450445,6.566767430914055,3.7621592437292932,4.989492531251577,6.747162953595639
6,6,1.7142857142857142,1.6582280766035322,-4.0,"(0, 0, 0, 0, 0, 0, 0, 0, 0, 0, 0, 0, 0, 0, 0, 1, 0, 0, 0, 1, 1, 0, 1, 0, 0)",3.0,7.0,8.0,11.0,4.183333333333334,11.072666666666667,10.340333333333334,14.379333333333333,0.0,5.39687831049206,5.001851533132284,6.750655712231184,1.0,2.0,18.0,10.0,0.26978444626604425,0.042235582467020125,0.07477712899783372,0.021341571724343568,4.0,5.0,8.0,6.889333333333333,6.157,10.196,5.39687831049206,5.001851533132284,6.750655712231184,2.4748308219433657,1.9154996204055712,5.713166631543849
6,7,2.0,1.6582280766035322,-1.0,"(1, 0, 1, 0, 1, 0, 1, 0, 1, 0, 0, 1, 1, 1, 0, 0, 1, 0, 0, 1, 1, 0, 1, 1, 1)",9.0,12.0,10.0,14.0,13.229666666666667,16.264,17.792,19.036,0.0,2.3700685403766135,3.137984750273507,3.5999763047934548,12.0,2.0,1.0,1.0,0.06716873828030279,0.029593102044220373,0.029490549895458247,0.019408149546710825,3.0,1.0,5.0,3.0343333333333327,4.562333333333335,5.806333333333335,2.3700685403766135,3.137984750273507,3.5999763047934548,1.101502529980064,2.3618948113002647,3.6586431717363697
7,0,0.0,1.6582280766035322,-3.0,"(0, 1, 1, 0, 0, 0, 0, 1, 1, 0, 0, 0, 1, 0, 0, 0, 1, 0, 1, 0, 0, 0, 1, 0, 0)",6.0,9.0,10.0,10.0,7.906,11.176666666666666,12.663666666666666,15.734666666666667,0.0,2.931249771012064,2.2380827978571776,3.6503127392965755,9.0,28.0,15.0,1.0,0.22301805323690954,0.0866705123227864,0.06459029683495654,0.08106837153193751,3.0,4.0,4.0,3.270666666666666,4.757666666666666,7.828666666666668,2.931249771012064,2.2380827978571776,3.6503127392965755,0.5628306260480724,4.178044712617245,6.9286637963517235
7,1,0.2857142857142857,1.6582280766035322,-3.0,"(0, 0, 1, 0, 0, 0, 0, 0, 0, 0, 0, 0, 0, 0, 0, 0, 1, 0, 1, 0, 0, 0, 0, 0, 1)",5.0,9.0,8.0,11.0,6.907666666666667,12.535,13.496,15.237666666666666,0.0,2.63170008135184,3.252126116213052,4.579242895431673,9.0,10.0,2.0,7.0,0.24563734693024994,0.009901373733082761,0.0298703922577097,0.014613729902400997,4.0,3.0,6.0,5.6273333333333335,6.588333333333334,8.329999999999998,2.63170008135184,3.252126116213052,4.579242895431673,4.967443165642857,5.532192476796188,6.219610739315368
7,2,0.5714285714285714,1.6582280766035322,-3.0,"(1, 0, 0, 1, 1, 0, 1, 0, 1, 1, 1, 1, 0, 1, 0, 0, 1, 1, 0, 1, 0, 0, 0, 1, 1)",8.0,12.0,11.0,13.0,11.523666666666667,16.323333333333334,16.493,17.922,0.0,1.8267685358338739,2.176424350542136,3.214456701739541,6.0,14.0,5.0,2.0,0.1515613719178776,0.047569385994906954,0.0597153344978142,0.011750171112178241,4.0,3.0,5.0,4.799666666666667,4.969333333333331,6.398333333333333,1.8267685358338739,2.176424350542136,3.214456701739541,4.929743149429099,4.631280090662571,5.279593622950707
7,3,0.8571428571428571,1.6582280766035322,-3.0,"(1, 0, 1, 1, 1, 0, 1, 1, 1, 1, 1, 0, 1, 1, 0, 0, 1, 1, 1, 1, 0, 1, 1, 1, 0)",10.0,14.0,13.0,15.0,15.458,18.329333333333334,19.030666666666665,20.26,0.0,1.6801995986185299,1.9306749495894928,2.907702932324294,12.0,8.0,1.0,5.0,0.1048903799243966,0.02276110738288773,0.08656385122046134,0.047998926188161074,4.0,3.0,5.0,2.871333333333334,3.572666666666665,4.802000000000001,1.6801995986185299,1.9306749495894928,2.907702932324294,1.9751714018937119,2.7227967668078104,3.141176583047599
7,4,1.1428571428571428,1.6582280766035322,-3.0,"(1, 0, 1, 1, 1, 0, 0, 0, 1, 1, 0, 1, 1, 1, 1, 0, 1, 0, 0, 0, 0, 1, 0, 0, 0)",6.0,9.0,9.0,12.0,7.578333333333333,13.712666666666667,13.742,17.036333333333335,0.0,2.5700969083060174,2.67003278705599,4.464548786799926,2.0,1.0,2.0,8.0,0.12930636782298677,0.03540979960021021,0.0702688949905987,0.09635414124391993,3.0,3.0,6.0,6.134333333333334,6.163666666666668,9.458000000000002,2.5700969083060174,2.67003278705599,4.464548786799926,5.910316911633297,5.79324178854375,8.280281000878336
7,5,1.4285714285714284,1.6582280766035322,-3.0,"(0, 0, 0, 0, 1, 1, 1, 0, 0, 0, 0, 0, 1, 0, 0, 0, 0, 0, 0, 0, 0, 1, 1, 0, 0)",5.0,8.0,9.0,11.0,5.8276666666666666,12.382333333333333,13.233333333333333,16.463333333333335,0.0,4.2858839239241,4.3967364708450445,6.566767430914055,4.0,4.0,12.0,6.0,0.2586121494118884,0.03738534355468213,0.0641873341267353,0.02336637991218585,3.0,4.0,6.0,6.554666666666667,7.405666666666666,10.635666666666669,4.2858839239241,4.3967364708450445,6.566767430914055,3.7621592437292932,4.989492531251577,6.747162953595639
7,6,1.7142857142857142,1.6582280766035322,-4.0,"(0, 0, 0, 0, 1, 0, 0, 0, 0, 1, 0, 0, 0, 0, 0, 1, 0, 0, 0, 1, 1, 0, 1, 0, 0)",4.0,8.0,8.0,12.0,5.224333333333333,11.423,13.07,15.571,0.0,5.084339167565107,5.326514165774851,6.905488152694937,1.0,3.0,1.0,8.0,0.24430403730165787,0.033663887609976004,0.016034207309053618,0.033149044772898775,4.0,4.0,8.0,6.198666666666667,7.845666666666667,10.346666666666668,5.084339167565107,5.326514165774851,6.905488152694937,1.8478091455416048,4.177329406224814,5.706258828472745
7,7,2.0,1.6582280766035322,0.0,"(1, 1, 1, 0, 1, 0, 0, 0, 1, 0, 0, 1, 1, 1, 0, 0, 1, 0, 0, 1, 1, 0, 1, 1, 1)",10.0,12.0,10.0,14.0,12.563,14.979,14.496,17.812,0.0,1.6233408003474328,0.964231989410343,2.686403183123347,52.0,25.0,2.0,4.0,0.08995919945705018,0.06910862474469609,0.0967998035389521,0.037390335976770335,2.0,0.0,4.0,2.4159999999999986,1.9329999999999998,5.2490000000000006,1.6233408003474328,0.964231989410343,2.686403183123347,1.3144097400419694,1.606438314875117,4.249369990759707
8,0,0.0,1.6582280766035322,-3.0,"(0, 1, 1, 0, 0, 0, 0, 1, 1, 0, 0, 0, 1, 0, 0, 0, 1, 0, 1, 0, 0, 0, 1, 0, 0)",6.0,9.0,10.0,10.0,7.906,11.176666666666666,12.663666666666666,15.734666666666667,0.0,2.931249771012064,2.2380827978571776,3.6503127392965755,9.0,28.0,15.0,1.0,0.22301805323690954,0.0866705123227864,0.06459029683495654,0.08106837153193751,3.0,4.0,4.0,3.270666666666666,4.757666666666666,7.828666666666668,2.931249771012064,2.2380827978571776,3.6503127392965755,0.5628306260480724,4.178044712617245,6.9286637963517235
8,1,0.2857142857142857,1.6582280766035322,-3.0,"(0, 0, 1, 0, 0, 0, 0, 0, 0, 0, 0, 0, 0, 0, 0, 0, 1, 0, 1, 0, 0, 0, 0, 0, 1)",5.0,9.0,8.0,11.0,6.907666666666667,12.535,13.496,15.237666666666666,0.0,2.63170008135184,3.252126116213052,4.579242895431673,9.0,10.0,2.0,7.0,0.24563734693024994,0.009901373733082761,0.0298703922577097,0.014613729902400997,4.0,3.0,6.0,5.6273333333333335,6.588333333333334,8.329999999999998,2.63170008135184,3.252126116213052,4.579242895431673,4.967443165642857,5.532192476796188,6.219610739315368
8,2,0.5714285714285714,1.6582280766035322,-3.0,"(1, 0, 0, 1, 1, 0, 1, 0, 1, 1, 1, 1, 0, 1, 0, 0, 1, 1, 0, 1, 0, 0, 0, 1, 1)",8.0,12.0,11.0,13.0,11.523666666666667,16.323333333333334,16.493,17.922,0.0,1.8267685358338739,2.176424350542136,3.214456701739541,6.0,14.0,5.0,2.0,0.1515613719178776,0.047569385994906954,0.0597153344978142,0.011750171112178241,4.0,3.0,5.0,4.799666666666667,4.969333333333331,6.398333333333333,1.8267685358338739,2.176424350542136,3.214456701739541,4.929743149429099,4.631280090662571,5.279593622950707
8,3,0.8571428571428571,1.6582280766035322,-1.0,"(1, 0, 1, 1, 1, 1, 0, 1, 1, 1, 1, 0, 1, 1, 0, 0, 1, 1, 1, 1, 0, 1, 1, 1, 0)",11.0,12.0,13.0,14.0,15.668333333333333,17.341,17.476333333333333,18.341333333333335,0.0,1.91665370996399,2.19030740449459,2.6717186522672054,34.0,4.0,18.0,1.0,0.16156318577260073,0.05358337999115849,0.03580090131664048,0.03780997692620646,1.0,2.0,3.0,1.672666666666668,1.8079999999999998,2.673000000000002,1.91665370996399,2.19030740449459,2.6717186522672054,-0.40458616552310084,-0.633952872026353,0.002124766786415309
8,4,1.1428571428571428,1.6582280766035322,-3.0,"(1, 0, 1, 1, 1, 0, 0, 0, 1, 1, 0, 1, 1, 1, 1, 0, 1, 0, 0, 0, 0, 1, 0, 0, 0)",6.0,9.0,9.0,12.0,7.578333333333333,13.712666666666667,13.742,17.036333333333335,0.0,2.5700969083060174,2.67003278705599,4.464548786799926,2.0,1.0,2.0,8.0,0.12930636782298677,0.03540979960021021,0.0702688949905987,0.09635414124391993,3.0,3.0,6.0,6.134333333333334,6.163666666666668,9.458000000000002,2.5700969083060174,2.67003278705599,4.464548786799926,5.910316911633297,5.79324178854375,8.280281000878336
8,5,1.4285714285714284,1.6582280766035322,-3.0,"(0, 0, 0, 0, 1, 1, 1, 0, 0, 0, 0, 0, 1, 0, 0, 0, 0, 0, 0, 0, 0, 1, 1, 0, 0)",5.0,8.0,9.0,11.0,5.8276666666666666,12.382333333333333,13.233333333333333,16.463333333333335,0.0,4.2858839239241,4.3967364708450445,6.566767430914055,4.0,4.0,12.0,6.0,0.2586121494118884,0.03738534355468213,0.0641873341267353,0.02336637991218585,3.0,4.0,6.0,6.554666666666667,7.405666666666666,10.635666666666669,4.2858839239241,4.3967364708450445,6.566767430914055,3.7621592437292932,4.989492531251577,6.747162953595639
8,6,1.7142857142857142,1.6582280766035322,-4.0,"(0, 0, 0, 0, 1, 0, 0, 0, 0, 1, 0, 0, 0, 0, 0, 1, 0, 0, 0, 1, 1, 0, 1, 0, 0)",4.0,8.0,8.0,12.0,5.224333333333333,11.423,13.07,15.571,0.0,5.084339167565107,5.326514165774851,6.905488152694937,1.0,3.0,1.0,8.0,0.24430403730165787,0.033663887609976004,0.016034207309053618,0.033149044772898775,4.0,4.0,8.0,6.198666666666667,7.845666666666667,10.346666666666668,5.084339167565107,5.326514165774851,6.905488152694937,1.8478091455416048,4.177329406224814,5.706258828472745
8,7,2.0,1.6582280766035322,0.0,"(1, 1, 1, 0, 1, 0, 0, 0, 1, 0, 0, 1, 1, 1, 0, 0, 1, 0, 0, 1, 1, 0, 1, 1, 1)",10.0,12.0,10.0,14.0,12.563,14.979,14.496,17.812,0.0,1.6233408003474328,0.964231989410343,2.686403183123347,52.0,25.0,2.0,4.0,0.08995919945705018,0.06910862474469609,0.0967998035389521,0.037390335976770335,2.0,0.0,4.0,2.4159999999999986,1.9329999999999998,5.2490000000000006,1.6233408003474328,0.964231989410343,2.686403183123347,1.3144097400419694,1.606438314875117,4.249369990759707
9,0,0.0,1.6582280766035322,-3.0,"(0, 1, 1, 0, 0, 0, 0, 1, 1, 0, 0, 0, 1, 0, 0, 0, 1, 0, 1, 0, 0, 0, 1, 0, 0)",6.0,9.0,10.0,10.0,7.906,11.176666666666666,12.663666666666666,15.734666666666667,0.0,2.931249771012064,2.2380827978571776,3.6503127392965755,9.0,28.0,15.0,1.0,0.22301805323690954,0.0866705123227864,0.06459029683495654,0.08106837153193751,3.0,4.0,4.0,3.270666666666666,4.757666666666666,7.828666666666668,2.931249771012064,2.2380827978571776,3.6503127392965755,0.5628306260480724,4.178044712617245,6.9286637963517235
9,1,0.2857142857142857,1.6582280766035322,-3.0,"(0, 0, 1, 0, 0, 0, 0, 0, 0, 1, 0, 0, 0, 0, 1, 0, 1, 0, 1, 0, 0, 0, 0, 0, 1)",6.0,9.0,9.0,12.0,7.661333333333333,13.094333333333333,11.399,17.517666666666667,0.0,2.1813161233681155,3.2505047376492615,4.209577795265727,9.0,3.0,9.0,5.0,0.13626370760298645,0.05012084823027246,0.08941246591722495,0.024667088736297617,3.0,3.0,6.0,5.433,3.737666666666666,9.856333333333334,2.1813161233681155,3.2505047376492615,4.209577795265727,5.392033500470006,0.8078255885489968,9.36360857494019
9,2,0.5714285714285714,1.6582280766035322,-3.0,"(1, 0, 0, 1, 1, 0, 1, 0, 1, 1, 1, 1, 0, 1, 0, 0, 1, 1, 0, 1, 0, 0, 0, 1, 1)",8.0,12.0,11.0,13.0,11.523666666666667,16.323333333333334,16.493,17.922,0.0,1.8267685358338739,2.176424350542136,3.214456701739541,6.0,14.0,5.0,2.0,0.1515613719178776,0.047569385994906954,0.0597153344978142,0.011750171112178241,4.0,3.0,5.0,4.799666666666667,4.969333333333331,6.398333333333333,1.8267685358338739,2.176424350542136,3.214456701739541,4.929743149429099,4.631280090662571,5.279593622950707
9,3,0.8571428571428571,1.6582280766035322,-1.0,"(1, 0, 1, 1, 1, 1, 0, 1, 1, 1, 1, 0, 1, 1, 0, 0, 1, 1, 1, 1, 0, 1, 1, 1, 0)",11.0,12.0,13.0,14.0,15.668333333333333,17.341,17.476333333333333,18.341333333333335,0.0,1.91665370996399,2.19030740449459,2.6717186522672054,34.0,4.0,18.0,1.0,0.16156318577260073,0.05358337999115849,0.03580090131664048,0.03780997692620646,1.0,2.0,3.0,1.672666666666668,1.8079999999999998,2.673000000000002,1.91665370996399,2.19030740449459,2.6717186522672054,-0.40458616552310084,-0.633952872026353,0.002124766786415309
9,4,1.1428571428571428,1.6582280766035322,-3.0,"(1, 0, 1, 1, 1, 0, 0, 0, 1, 1, 0, 1, 1, 1, 1, 0, 1, 0, 0, 0, 0, 1, 0, 0, 0)",6.0,9.0,9.0,12.0,7.578333333333333,13.712666666666667,13.742,17.036333333333335,0.0,2.5700969083060174,2.67003278705599,4.464548786799926,2.0,1.0,2.0,8.0,0.12930636782298677,0.03540979960021021,0.0702688949905987,0.09635414124391993,3.0,3.0,6.0,6.134333333333334,6.163666666666668,9.458000000000002,2.5700969083060174,2.67003278705599,4.464548786799926,5.910316911633297,5.79324178854375,8.280281000878336
9,5,1.4285714285714284,1.6582280766035322,-3.0,"(0, 0, 0, 0, 1, 1, 1, 0, 0, 0, 0, 0, 1, 0, 0, 0, 0, 0, 0, 0, 0, 1, 1, 0, 0)",5.0,8.0,9.0,11.0,5.8276666666666666,12.382333333333333,13.233333333333333,16.463333333333335,0.0,4.2858839239241,4.3967364708450445,6.566767430914055,4.0,4.0,12.0,6.0,0.2586121494118884,0.03738534355468213,0.0641873341267353,0.02336637991218585,3.0,4.0,6.0,6.554666666666667,7.405666666666666,10.635666666666669,4.2858839239241,4.3967364708450445,6.566767430914055,3.7621592437292932,4.989492531251577,6.747162953595639
9,6,1.7142857142857142,1.6582280766035322,-4.0,"(0, 0, 0, 0, 1, 0, 0, 0, 0, 1, 0, 0, 0, 0, 0, 1, 0, 0, 0, 1, 1, 0, 1, 0, 0)",4.0,8.0,8.0,12.0,5.224333333333333,11.423,13.07,15.571,0.0,5.084339167565107,5.326514165774851,6.905488152694937,1.0,3.0,1.0,8.0,0.24430403730165787,0.033663887609976004,0.016034207309053618,0.033149044772898775,4.0,4.0,8.0,6.198666666666667,7.845666666666667,10.346666666666668,5.084339167565107,5.326514165774851,6.905488152694937,1.8478091455416048,4.177329406224814,5.706258828472745
9,7,2.0,1.6582280766035322,0.0,"(1, 1, 1, 0, 1, 0, 0, 0, 1, 0, 0, 1, 1, 1, 0, 0, 1, 0, 0, 1, 1, 0, 1, 1, 1)",10.0,12.0,10.0,14.0,12.563,14.979,14.496,17.812,0.0,1.6233408003474328,0.964231989410343,2.686403183123347,52.0,25.0,2.0,4.0,0.08995919945705018,0.06910862474469609,0.0967998035389521,0.037390335976770335,2.0,0.0,4.0,2.4159999999999986,1.9329999999999998,5.2490000000000006,1.6233408003474328,0.964231989410343,2.686403183123347,1.3144097400419694,1.606438314875117,4.249369990759707
10,0,0.0,1.6582280766035322,-3.0,"(0, 0, 1, 0, 0, 0, 0, 0, 0, 1, 0, 0, 0, 0, 1, 0, 1, 0, 1, 0, 0, 0, 0, 0, 1)",6.0,9.0,9.0,12.0,7.661333333333333,13.094333333333333,11.399,17.517666666666667,0.0,2.1813161233681155,3.2505047376492615,4.209577795265727,9.0,3.0,9.0,5.0,0.13626370760298645,0.05012084823027246,0.08941246591722495,0.024667088736297617,3.0,3.0,6.0,5.433,3.737666666666666,9.856333333333334,2.1813161233681155,3.2505047376492615,4.209577795265727,5.392033500470006,0.8078255885489968,9.36360857494019
10,1,0.2857142857142857,1.6582280766035322,-4.0,"(1, 0, 0, 1, 1, 0, 1, 0, 1, 1, 1, 1, 1, 0, 0, 0, 1, 1, 0, 1, 0, 0, 0, 1, 1)",8.0,12.0,12.0,14.0,10.849,15.742333333333333,16.352666666666668,18.032666666666668,0.0,1.9956867025705554,2.7922441963016715,2.6697656280880944,6.0,10.0,3.0,11.0,0.1778733289435188,0.07668955633822346,0.042569522739039196,0.03477111380125933,4.0,4.0,6.0,4.893333333333333,5.503666666666668,7.183666666666667,1.9956867025705554,2.7922441963016715,2.6697656280880944,4.804958999206465,4.496156867892945,7.485077437180833
10,2,0.5714285714285714,1.6582280766035322,-1.0,"(1, 0, 1, 1, 1, 1, 0, 1, 1, 1, 1, 0, 1, 1, 0, 0, 1, 1, 1, 1, 0, 1, 1, 1, 0)",11.0,12.0,13.0,14.0,15.668333333333333,17.341,17.476333333333333,18.341333333333335,0.0,1.91665370996399,2.19030740449459,2.6717186522672054,34.0,4.0,18.0,1.0,0.16156318577260073,0.05358337999115849,0.03580090131664048,0.03780997692620646,1.0,2.0,3.0,1.672666666666668,1.8079999999999998,2.673000000000002,1.91665370996399,2.19030740449459,2.6717186522672054,-0.40458616552310084,-0.633952872026353,0.002124766786415309
10,3,0.8571428571428571,1.6582280766035322,-3.0,"(1, 0, 1, 1, 1, 0, 0, 0, 1, 1, 0, 1, 1, 1, 1, 0, 1, 0, 0, 0, 0, 1, 0, 0, 0)",6.0,9.0,9.0,12.0,7.578333333333333,13.712666666666667,13.742,17.036333333333335,0.0,2.5700969083060174,2.67003278705599,4.464548786799926,2.0,1.0,2.0,8.0,0.12930636782298677,0.03540979960021021,0.0702688949905987,0.09635414124391993,3.0,3.0,6.0,6.134333333333334,6.163666666666668,9.458000000000002,2.5700969083060174,2.67003278705599,4.464548786799926,5.910316911633297,5.79324178854375,8.280281000878336
10,4,1.1428571428571428,1.6582280766035322,-3.0,"(0, 1, 1, 0, 0, 0, 0, 1, 1, 0, 0, 0, 1, 0, 0, 0, 1, 0, 1, 0, 0, 0, 0, 1, 0)",5.0,8.0,10.0,12.0,6.323666666666667,12.882333333333333,15.904,16.750333333333334,0.0,3.7565775218722517,4.2466944670470355,5.794945172658942,2.0,1.0,8.0,6.0,0.20636863714345483,0.07787259089740499,0.016688095690058316,0.018049818026396342,3.0,5.0,7.0,6.558666666666666,9.580333333333332,10.426666666666666,3.7565775218722517,4.2466944670470355,5.794945172658942,4.646502893044079,8.84438971853977,7.680450624371668
10,5,1.4285714285714284,1.6582280766035322,-3.0,"(0, 0, 0, 0, 1, 1, 0, 0, 0, 0, 0, 0, 0, 0, 0, 1, 0, 0, 0, 1, 1, 0, 1, 0, 0)",5.0,8.0,9.0,11.0,6.515,14.794,12.793666666666667,14.900666666666666,0.0,3.9508481534245607,3.509658148887784,5.478684228937834,2.0,2.0,2.0,3.0,0.2435125551068192,0.04026275381336439,0.02471884567250373,0.04958165137875098,3.0,4.0,6.0,8.279,6.278666666666667,8.385666666666665,3.9508481534245607,3.509658148887784,5.478684228937834,7.177062911794817,4.591647668535275,4.820439896435327
10,6,1.7142857142857142,1.6582280766035322,-2.0,"(0, 0, 0, 0, 1, 1, 1, 0, 0, 0, 1, 0, 1, 0, 1, 0, 0, 0, 0, 0, 0, 1, 1, 0, 0)",6.0,9.0,8.0,11.0,8.645666666666667,13.028333333333334,12.296,16.412333333333333,0.0,3.7807323775214448,4.290130830275846,5.417836470904688,7.0,4.0,2.0,3.0,0.22552695201631837,0.0613383733536375,0.007799899933693522,0.04647158060787675,3.0,2.0,5.0,4.382666666666667,3.6503333333333323,7.766666666666666,3.7807323775214448,4.290130830275846,5.417836470904688,0.9981443385309966,-1.0609301727707385,3.8948961777866824
10,7,2.0,1.6582280766035322,0.0,"(1, 1, 1, 0, 1, 0, 0, 0, 1, 0, 0, 1, 1, 1, 0, 0, 1, 0, 0, 1, 1, 0, 1, 1, 1)",10.0,12.0,10.0,14.0,12.563,14.979,14.496,17.812,0.0,1.6233408003474328,0.964231989410343,2.686403183123347,52.0,25.0,2.0,4.0,0.08995919945705018,0.06910862474469609,0.0967998035389521,0.037390335976770335,2.0,0.0,4.0,2.4159999999999986,1.9329999999999998,5.2490000000000006,1.6233408003474328,0.964231989410343,2.686403183123347,1.3144097400419694,1.606438314875117,4.249369990759707
11,0,0.0,1.6582280766035322,-4.0,"(0, 0, 1, 0, 0, 0, 0, 0, 0, 1, 0, 0, 0, 0, 1, 0, 1, 0, 0, 0, 0, 0, 0, 1, 1)",5.0,9.0,9.0,12.0,6.398,12.423,13.036,15.806666666666667,0.0,4.049687759168335,3.6693178755300937,5.104864346202178,3.0,10.0,8.0,15.0,0.2217890679687352,0.029132952411190252,0.04962501062488145,0.018989651276129678,4.0,4.0,7.0,6.025,6.638,9.408666666666667,4.049687759168335,3.6693178755300937,5.104864346202178,3.275518217805706,4.922752049307021,7.136685843945648
11,1,0.2857142857142857,1.6582280766035322,-4.0,"(1, 0, 0, 1, 1, 0, 1, 0, 1, 1, 1, 1, 1, 0, 0, 0, 1, 1, 0, 1, 0, 0, 0, 1, 1)",8.0,12.0,12.0,14.0,10.849,15.742333333333333,16.352666666666668,18.032666666666668,0.0,1.9956867025705554,2.7922441963016715,2.6697656280880944,6.0,10.0,3.0,11.0,0.1778733289435188,0.07668955633822346,0.042569522739039196,0.03477111380125933,4.0,4.0,6.0,4.893333333333333,5.503666666666668,7.183666666666667,1.9956867025705554,2.7922441963016715,2.6697656280880944,4.804958999206465,4.496156867892945,7.485077437180833
11,2,0.5714285714285714,1.6582280766035322,-1.0,"(1, 0, 1, 1, 1, 1, 0, 1, 1, 1, 1, 0, 1, 1, 0, 0, 1, 1, 1, 1, 0, 1, 1, 1, 0)",11.0,12.0,13.0,14.0,15.668333333333333,17.341,17.476333333333333,18.341333333333335,0.0,1.91665370996399,2.19030740449459,2.6717186522672054,34.0,4.0,18.0,1.0,0.16156318577260073,0.05358337999115849,0.03580090131664048,0.03780997692620646,1.0,2.0,3.0,1.672666666666668,1.8079999999999998,2.673000000000002,1.91665370996399,2.19030740449459,2.6717186522672054,-0.40458616552310084,-0.633952872026353,0.002124766786415309
11,3,0.8571428571428571,1.6582280766035322,-3.0,"(1, 0, 1, 1, 1, 0, 0, 0, 1, 1, 0, 1, 1, 1, 1, 0, 1, 0, 0, 0, 0, 1, 0, 0, 0)",6.0,9.0,9.0,12.0,7.578333333333333,13.712666666666667,13.742,17.036333333333335,0.0,2.5700969083060174,2.67003278705599,4.464548786799926,2.0,1.0,2.0,8.0,0.12930636782298677,0.03540979960021021,0.0702688949905987,0.09635414124391993,3.0,3.0,6.0,6.134333333333334,6.163666666666668,9.458000000000002,2.5700969083060174,2.67003278705599,4.464548786799926,5.910316911633297,5.79324178854375,8.280281000878336
11,4,1.1428571428571428,1.6582280766035322,-4.0,"(0, 1, 1, 0, 0, 0, 0, 1, 1, 0, 0, 0, 1, 0, 0, 0, 0, 1, 1, 0, 0, 0, 0, 1, 0)",4.0,8.0,9.0,11.0,4.949333333333334,10.005,11.252666666666666,14.990333333333334,0.0,3.070006611510966,4.822099609628461,5.4858238220454325,1.0,4.0,9.0,1.0,0.1943085138714963,0.11619606242362326,0.04088661360224851,0.04476697679095404,4.0,5.0,7.0,5.055666666666667,6.303333333333333,10.041,3.070006611510966,4.822099609628461,5.4858238220454325,3.292677254049302,2.456223348659417,7.553521032159832
11,5,1.4285714285714284,1.6582280766035322,-3.0,"(0, 0, 0, 0, 1, 1, 0, 0, 0, 0, 0, 0, 0, 0, 0, 1, 0, 0, 0, 1, 1, 0, 1, 0, 0)",5.0,8.0,9.0,11.0,6.515,14.794,12.793666666666667,14.900666666666666,0.0,3.9508481534245607,3.509658148887784,5.478684228937834,2.0,2.0,2.0,3.0,0.2435125551068192,0.04026275381336439,0.02471884567250373,0.04958165137875098,3.0,4.0,6.0,8.279,6.278666666666667,8.385666666666665,3.9508481534245607,3.509658148887784,5.478684228937834,7.177062911794817,4.591647668535275,4.820439896435327
11,6,1.7142857142857142,1.6582280766035322,-2.0,"(0, 0, 0, 0, 1, 1, 1, 0, 0, 0, 1, 0, 1, 0, 1, 0, 0, 0, 0, 0, 0, 1, 1, 0, 0)",6.0,9.0,8.0,11.0,8.645666666666667,13.028333333333334,12.296,16.412333333333333,0.0,3.7807323775214448,4.290130830275846,5.417836470904688,7.0,4.0,2.0,3.0,0.22552695201631837,0.0613383733536375,0.007799899933693522,0.04647158060787675,3.0,2.0,5.0,4.382666666666667,3.6503333333333323,7.766666666666666,3.7807323775214448,4.290130830275846,5.417836470904688,0.9981443385309966,-1.0609301727707385,3.8948961777866824
11,7,2.0,1.6582280766035322,0.0,"(1, 1, 1, 0, 1, 0, 0, 0, 1, 0, 0, 1, 1, 1, 0, 0, 1, 0, 0, 1, 1, 0, 1, 1, 1)",10.0,12.0,10.0,14.0,12.563,14.979,14.496,17.812,0.0,1.6233408003474328,0.964231989410343,2.686403183123347,52.0,25.0,2.0,4.0,0.08995919945705018,0.06910862474469609,0.0967998035389521,0.037390335976770335,2.0,0.0,4.0,2.4159999999999986,1.9329999999999998,5.2490000000000006,1.6233408003474328,0.964231989410343,2.686403183123347,1.3144097400419694,1.606438314875117,4.249369990759707
12,0,0.0,1.6582280766035322,-4.0,"(0, 0, 1, 0, 0, 0, 0, 0, 0, 1, 0, 0, 0, 0, 1, 0, 1, 0, 0, 0, 0, 0, 0, 1, 1)",5.0,9.0,9.0,12.0,6.398,12.423,13.036,15.806666666666667,0.0,4.049687759168335,3.6693178755300937,5.104864346202178,3.0,10.0,8.0,15.0,0.2217890679687352,0.029132952411190252,0.04962501062488145,0.018989651276129678,4.0,4.0,7.0,6.025,6.638,9.408666666666667,4.049687759168335,3.6693178755300937,5.104864346202178,3.275518217805706,4.922752049307021,7.136685843945648
12,1,0.2857142857142857,1.6582280766035322,-4.0,"(1, 0, 0, 1, 1, 0, 1, 0, 1, 1, 1, 1, 1, 0, 0, 0, 1, 1, 0, 1, 0, 0, 0, 1, 1)",8.0,12.0,12.0,14.0,10.849,15.742333333333333,16.352666666666668,18.032666666666668,0.0,1.9956867025705554,2.7922441963016715,2.6697656280880944,6.0,10.0,3.0,11.0,0.1778733289435188,0.07668955633822346,0.042569522739039196,0.03477111380125933,4.0,4.0,6.0,4.893333333333333,5.503666666666668,7.183666666666667,1.9956867025705554,2.7922441963016715,2.6697656280880944,4.804958999206465,4.496156867892945,7.485077437180833
12,2,0.5714285714285714,1.6582280766035322,-1.0,"(1, 0, 0, 1, 1, 1, 0, 1, 1, 1, 1, 0, 1, 1, 0, 0, 1, 1, 1, 1, 0, 1, 0, 1, 0)",9.0,13.0,10.0,15.0,12.294,18.666,14.752,19.069333333333333,0.0,1.27188857188952,1.0491701164452578,2.7487894083164552,21.0,4.0,1.0,18.0,0.1411021072336911,0.06104790895476869,0.04569410643324898,0.0369531194034531,4.0,1.0,6.0,6.372,2.458,6.775333333333332,1.27188857188952,1.0491701164452578,2.7487894083164552,8.457147963899335,2.3361612680685586,6.676928188140374
12,3,0.8571428571428571,1.6582280766035322,-3.0,"(1, 0, 0, 0, 1, 0, 0, 0, 1, 1, 0, 1, 1, 1, 1, 0, 1, 0, 0, 0, 0, 1, 0, 0, 0)",5.0,8.0,8.0,10.0,6.435666666666667,13.205,12.678,14.045333333333334,0.0,3.5112887398297765,3.550063639687689,4.278910153624162,2.0,1.0,2.0,1.0,0.2776152047598032,0.041022107075501316,0.0419490445750389,0.0457698703324641,3.0,3.0,5.0,6.769333333333333,6.242333333333334,7.609666666666667,3.5112887398297765,3.550063639687689,4.278910153624162,5.4025810197739395,4.464397195791999,5.52315396625716
12,4,1.1428571428571428,1.6582280766035322,-3.0,"(0, 1, 1, 0, 0, 0, 0, 1, 1, 0, 0, 0, 1, 0, 0, 0, 0, 1, 1, 0, 0, 1, 1, 1, 0)",5.0,8.0,8.0,12.0,5.964333333333333,12.752666666666666,13.092333333333332,18.461333333333332,0.0,2.7998812578322507,3.351057845738857,4.801104599703021,2.0,3.0,1.0,4.0,0.252003844770117,0.02031320517061636,0.05280431106468816,0.04909061227677579,3.0,3.0,7.0,6.788333333333333,7.127999999999999,12.497,2.7998812578322507,3.351057845738857,4.801104599703021,6.613763213783526,6.263031523903255,12.76154982737643
12,5,1.4285714285714284,1.6582280766035322,-3.0,"(0, 0, 0, 0, 1, 1, 0, 0, 0, 0, 0, 1, 1, 0, 0, 1, 0, 0, 0, 1, 1, 0, 1, 0, 0)",6.0,9.0,11.0,13.0,10.119666666666667,13.142333333333333,14.389,18.173666666666666,0.0,2.8297754251021314,3.4138033536818955,4.1479101355724834,2.0,2.0,20.0,2.0,0.22492552733490861,0.026774328789210666,0.015016621404532455,0.044806435598615746,3.0,5.0,7.0,3.022666666666666,4.269333333333332,8.053999999999998,2.8297754251021314,3.4138033536818955,4.1479101355724834,0.3198576724932254,1.4186638326340608,6.47718788293019
12,6,1.7142857142857142,1.6582280766035322,-2.0,"(0, 0, 0, 0, 1, 1, 1, 0, 0, 0, 1, 0, 1, 0, 1, 0, 0, 0, 0, 0, 0, 1, 1, 0, 0)",6.0,9.0,8.0,11.0,8.645666666666667,13.028333333333334,12.296,16.412333333333333,0.0,3.7807323775214448,4.290130830275846,5.417836470904688,7.0,4.0,2.0,3.0,0.22552695201631837,0.0613383733536375,0.007799899933693522,0.04647158060787675,3.0,2.0,5.0,4.382666666666667,3.6503333333333323,7.766666666666666,3.7807323775214448,4.290130830275846,5.417836470904688,0.9981443385309966,-1.0609301727707385,3.8948961777866824
12,7,2.0,1.6582280766035322,0.0,"(1, 1, 1, 0, 1, 0, 0, 0, 1, 0, 0, 1, 1, 1, 0, 0, 1, 0, 0, 1, 1, 0, 1, 1, 1)",10.0,12.0,10.0,14.0,12.563,14.979,14.496,17.812,0.0,1.6233408003474328,0.964231989410343,2.686403183123347,52.0,25.0,2.0,4.0,0.08995919945705018,0.06910862474469609,0.0967998035389521,0.037390335976770335,2.0,0.0,4.0,2.4159999999999986,1.9329999999999998,5.2490000000000006,1.6233408003474328,0.964231989410343,2.686403183123347,1.3144097400419694,1.606438314875117,4.249369990759707
13,0,0.0,1.6582280766035322,-4.0,"(0, 0, 1, 0, 0, 0, 0, 0, 0, 1, 0, 0, 0, 0, 1, 0, 1, 0, 0, 0, 0, 0, 0, 1, 1)",5.0,9.0,9.0,12.0,6.398,12.423,13.036,15.806666666666667,0.0,4.049687759168335,3.6693178755300937,5.104864346202178,3.0,10.0,8.0,15.0,0.2217890679687352,0.029132952411190252,0.04962501062488145,0.018989651276129678,4.0,4.0,7.0,6.025,6.638,9.408666666666667,4.049687759168335,3.6693178755300937,5.104864346202178,3.275518217805706,4.922752049307021,7.136685843945648
13,1,0.2857142857142857,1.6582280766035322,-4.0,"(1, 0, 0, 1, 1, 0, 1, 0, 1, 1, 1, 1, 1, 0, 0, 0, 1, 1, 0, 1, 0, 0, 0, 1, 1)",8.0,12.0,12.0,14.0,10.849,15.742333333333333,16.352666666666668,18.032666666666668,0.0,1.9956867025705554,2.7922441963016715,2.6697656280880944,6.0,10.0,3.0,11.0,0.1778733289435188,0.07668955633822346,0.042569522739039196,0.03477111380125933,4.0,4.0,6.0,4.893333333333333,5.503666666666668,7.183666666666667,1.9956867025705554,2.7922441963016715,2.6697656280880944,4.804958999206465,4.496156867892945,7.485077437180833
13,2,0.5714285714285714,1.6582280766035322,-1.0,"(1, 0, 0, 1, 1, 1, 0, 1, 1, 1, 1, 0, 1, 1, 0, 0, 1, 1, 1, 1, 0, 1, 0, 1, 0)",9.0,13.0,10.0,15.0,12.294,18.666,14.752,19.069333333333333,0.0,1.27188857188952,1.0491701164452578,2.7487894083164552,21.0,4.0,1.0,18.0,0.1411021072336911,0.06104790895476869,0.04569410643324898,0.0369531194034531,4.0,1.0,6.0,6.372,2.458,6.775333333333332,1.27188857188952,1.0491701164452578,2.7487894083164552,8.457147963899335,2.3361612680685586,6.676928188140374
13,3,0.8571428571428571,1.6582280766035322,-3.0,"(1, 0, 0, 0, 1, 0, 0, 0, 1, 1, 0, 1, 1, 1, 1, 0, 1, 0, 0, 0, 0, 1, 0, 0, 0)",5.0,8.0,8.0,10.0,6.435666666666667,13.205,12.678,14.045333333333334,0.0,3.5112887398297765,3.550063639687689,4.278910153624162,2.0,1.0,2.0,1.0,0.2776152047598032,0.041022107075501316,0.0419490445750389,0.0457698703324641,3.0,3.0,5.0,6.769333333333333,6.242333333333334,7.609666666666667,3.5112887398297765,3.550063639687689,4.278910153624162,5.4025810197739395,4.464397195791999,5.52315396625716
13,4,1.1428571428571428,1.6582280766035322,-3.0,"(0, 1, 1, 0, 0, 0, 0, 1, 1, 0, 0, 0, 1, 0, 0, 0, 0, 1, 1, 0, 0, 1, 1, 1, 0)",5.0,8.0,8.0,12.0,5.964333333333333,12.752666666666666,13.092333333333332,18.461333333333332,0.0,2.7998812578322507,3.351057845738857,4.801104599703021,2.0,3.0,1.0,4.0,0.252003844770117,0.02031320517061636,0.05280431106468816,0.04909061227677579,3.0,3.0,7.0,6.788333333333333,7.127999999999999,12.497,2.7998812578322507,3.351057845738857,4.801104599703021,6.613763213783526,6.263031523903255,12.76154982737643
13,5,1.4285714285714284,1.6582280766035322,-2.0,"(0, 0, 0, 0, 1, 1, 1, 1, 0, 0, 0, 1, 1, 0, 0, 1, 0, 0, 0, 1, 1, 0, 1, 0, 0)",7.0,9.0,10.0,13.0,7.899333333333334,11.211,14.775,17.109,0.0,2.3977977987687065,2.318396311034007,4.089669480570885,7.0,2.0,1.0,2.0,0.33023943133584643,0.06830113247733645,0.029724683805570872,0.00752495241944478,2.0,3.0,6.0,3.3116666666666665,6.875666666666667,9.209666666666667,2.3977977987687065,2.318396311034007,4.089669480570885,1.5154030150822817,7.5569936563830415,8.490123086115107
13,6,1.7142857142857142,1.6582280766035322,-2.0,"(0, 0, 0, 0, 1, 1, 1, 0, 0, 0, 1, 0, 1, 0, 1, 0, 0, 0, 0, 0, 0, 1, 1, 0, 0)",6.0,9.0,8.0,11.0,8.645666666666667,13.028333333333334,12.296,16.412333333333333,0.0,3.7807323775214448,4.290130830275846,5.417836470904688,7.0,4.0,2.0,3.0,0.22552695201631837,0.0613383733536375,0.007799899933693522,0.04647158060787675,3.0,2.0,5.0,4.382666666666667,3.6503333333333323,7.766666666666666,3.7807323775214448,4.290130830275846,5.417836470904688,0.9981443385309966,-1.0609301727707385,3.8948961777866824
13,7,2.0,1.6582280766035322,0.0,"(1, 1, 1, 0, 1, 0, 0, 0, 1, 0, 0, 1, 1, 1, 0, 0, 1, 0, 0, 1, 1, 0, 1, 1, 1)",10.0,12.0,10.0,14.0,12.563,14.979,14.496,17.812,0.0,1.6233408003474328,0.964231989410343,2.686403183123347,52.0,25.0,2.0,4.0,0.08995919945705018,0.06910862474469609,0.0967998035389521,0.037390335976770335,2.0,0.0,4.0,2.4159999999999986,1.9329999999999998,5.2490000000000006,1.6233408003474328,0.964231989410343,2.686403183123347,1.3144097400419694,1.606438314875117,4.249369990759707
14,0,0.0,1.6582280766035322,-4.0,"(0, 0, 1, 0, 0, 0, 0, 0, 0, 1, 0, 0, 0, 0, 1, 0, 1, 0, 0, 0, 0, 0, 0, 1, 1)",5.0,9.0,9.0,12.0,6.398,12.423,13.036,15.806666666666667,0.0,4.049687759168335,3.6693178755300937,5.104864346202178,3.0,10.0,8.0,15.0,0.2217890679687352,0.029132952411190252,0.04962501062488145,0.018989651276129678,4.0,4.0,7.0,6.025,6.638,9.408666666666667,4.049687759168335,3.6693178755300937,5.104864346202178,3.275518217805706,4.922752049307021,7.136685843945648
14,1,0.2857142857142857,1.6582280766035322,-4.0,"(1, 0, 0, 1, 1, 0, 1, 0, 1, 1, 1, 1, 1, 0, 0, 0, 1, 1, 0, 1, 0, 0, 0, 1, 1)",8.0,12.0,12.0,14.0,10.849,15.742333333333333,16.352666666666668,18.032666666666668,0.0,1.9956867025705554,2.7922441963016715,2.6697656280880944,6.0,10.0,3.0,11.0,0.1778733289435188,0.07668955633822346,0.042569522739039196,0.03477111380125933,4.0,4.0,6.0,4.893333333333333,5.503666666666668,7.183666666666667,1.9956867025705554,2.7922441963016715,2.6697656280880944,4.804958999206465,4.496156867892945,7.485077437180833
14,2,0.5714285714285714,1.6582280766035322,-3.0,"(1, 0, 1, 0, 1, 1, 0, 1, 1, 1, 1, 0, 1, 1, 0, 0, 1, 1, 1, 1, 0, 1, 0, 1, 0)",9.0,12.0,13.0,13.0,12.272333333333334,16.600666666666665,16.937333333333335,16.606666666666666,0.0,1.8458565834712213,1.6382187911458492,2.093660344763213,5.0,6.0,17.0,2.0,0.12114616093030553,0.028602229426012295,0.05474433793520456,0.05429156438845793,3.0,4.0,4.0,4.328333333333331,4.665000000000001,4.334333333333332,1.8458565834712213,1.6382187911458492,2.093660344763213,4.116512646136835,5.019093582257934,3.715546860134116
14,3,0.8571428571428571,1.6582280766035322,-4.0,"(1, 0, 0, 0, 1, 0, 0, 0, 1, 1, 0, 1, 1, 0, 0, 0, 1, 0, 0, 0, 0, 1, 0, 0, 0)",4.0,8.0,9.0,12.0,5.076666666666667,11.357333333333333,11.862,16.148,0.0,2.578489384849271,3.509519963214731,3.8850809854308213,1.0,3.0,7.0,15.0,0.26760884947536095,0.05958615307636153,0.0242945244252873,0.007892049714893908,4.0,5.0,8.0,6.280666666666666,6.785333333333333,11.071333333333332,2.578489384849271,3.509519963214731,3.8850809854308213,6.139054313273352,5.432045704043904,11.916445408849997
14,4,1.1428571428571428,1.6582280766035322,-3.0,"(0, 1, 1, 0, 0, 0, 0, 1, 1, 0, 0, 0, 1, 0, 0, 0, 0, 1, 1, 0, 0, 1, 1, 1, 0)",5.0,8.0,8.0,12.0,5.964333333333333,12.752666666666666,13.092333333333332,18.461333333333332,0.0,2.7998812578322507,3.351057845738857,4.801104599703021,2.0,3.0,1.0,4.0,0.252003844770117,0.02031320517061636,0.05280431106468816,0.04909061227677579,3.0,3.0,7.0,6.788333333333333,7.127999999999999,12.497,2.7998812578322507,3.351057845738857,4.801104599703021,6.613763213783526,6.263031523903255,12.76154982737643
14,5,1.4285714285714284,1.6582280766035322,-2.0,"(0, 0, 0, 0, 1, 1, 1, 1, 0, 0, 0, 1, 1, 0, 0, 1, 0, 0, 0, 1, 1, 0, 1, 0, 0)",7.0,9.0,10.0,13.0,7.899333333333334,11.211,14.775,17.109,0.0,2.3977977987687065,2.318396311034007,4.089669480570885,7.0,2.0,1.0,2.0,0.33023943133584643,0.06830113247733645,0.029724683805570872,0.00752495241944478,2.0,3.0,6.0,3.3116666666666665,6.875666666666667,9.209666666666667,2.3977977987687065,2.318396311034007,4.089669480570885,1.5154030150822817,7.5569936563830415,8.490123086115107
14,6,1.7142857142857142,1.6582280766035322,-2.0,"(0, 0, 0, 0, 1, 1, 1, 0, 0, 0, 1, 0, 1, 0, 1, 0, 0, 0, 0, 0, 0, 0, 0, 0, 0)",5.0,8.0,7.0,11.0,5.845,11.919666666666666,11.19,15.054666666666666,0.0,3.116989740348068,2.6690931244792493,5.073219827073661,7.0,4.0,2.0,10.0,0.1661427622281281,0.09245654622324277,0.05858375040195008,0.015686555213708677,3.0,2.0,6.0,6.074666666666666,5.345,9.209666666666667,3.116989740348068,2.6690931244792493,5.073219827073661,4.904502920743937,4.4372639113649415,6.85917228679107
14,7,2.0,1.6582280766035322,0.0,"(1, 1, 1, 0, 1, 0, 0, 0, 1, 0, 0, 1, 1, 1, 0, 0, 1, 0, 0, 1, 1, 0, 1, 1, 1)",10.0,12.0,10.0,14.0,12.563,14.979,14.496,17.812,0.0,1.6233408003474328,0.964231989410343,2.686403183123347,52.0,25.0,2.0,4.0,0.08995919945705018,0.06910862474469609,0.0967998035389521,0.037390335976770335,2.0,0.0,4.0,2.4159999999999986,1.9329999999999998,5.2490000000000006,1.6233408003474328,0.964231989410343,2.686403183123347,1.3144097400419694,1.606438314875117,4.249369990759707
15,0,0.0,1.6582280766035322,-4.0,"(0, 0, 0, 0, 0, 0, 0, 0, 0, 1, 0, 0, 0, 0, 1, 0, 1, 0, 0, 0, 0, 0, 1, 1, 1)",4.0,9.0,8.0,12.0,4.847,13.505,10.401333333333334,16.138333333333332,0.0,3.6348543686713497,3.4120069399322412,5.984922835968485,2.0,5.0,4.0,7.0,0.18001046569868837,0.07900078293378791,0.01171426568152426,0.009854152640849888,5.0,4.0,8.0,8.658000000000001,5.554333333333333,11.29133333333333,3.6348543686713497,3.4120069399322412,5.984922835968485,8.329521118737544,3.5524657747864747,8.7992388727141
15,1,0.2857142857142857,1.6582280766035322,-4.0,"(1, 0, 0, 1, 1, 0, 1, 0, 1, 1, 0, 0, 1, 0, 0, 0, 1, 1, 0, 1, 0, 0, 0, 1, 1)",7.0,13.0,11.0,12.0,10.514333333333333,16.485666666666667,15.598,17.391666666666666,0.0,3.0813470490792936,3.0000754485693135,3.7097878529774215,3.0,22.0,1.0,2.0,0.14762269916546675,0.09958441734702132,0.01696885529952391,0.023108637554042667,6.0,4.0,5.0,5.971333333333334,5.083666666666668,6.877333333333333,3.0813470490792936,3.0000754485693135,3.7097878529774215,4.792256397549166,3.4550694580135866,5.252512849444794
15,2,0.5714285714285714,1.6582280766035322,-3.0,"(1, 0, 1, 0, 1, 1, 0, 1, 1, 1, 1, 0, 1, 1, 0, 0, 1, 1, 1, 1, 0, 1, 0, 1, 0)",9.0,12.0,13.0,13.0,12.272333333333334,16.600666666666665,16.937333333333335,16.606666666666666,0.0,1.8458565834712213,1.6382187911458492,2.093660344763213,5.0,6.0,17.0,2.0,0.12114616093030553,0.028602229426012295,0.05474433793520456,0.05429156438845793,3.0,4.0,4.0,4.328333333333331,4.665000000000001,4.334333333333332,1.8458565834712213,1.6382187911458492,2.093660344763213,4.116512646136835,5.019093582257934,3.715546860134116
15,3,0.8571428571428571,1.6582280766035322,-4.0,"(1, 0, 0, 0, 1, 0, 0, 0, 1, 1, 0, 1, 1, 0, 0, 0, 1, 0, 0, 0, 0, 1, 0, 0, 0)",4.0,8.0,9.0,12.0,5.076666666666667,11.357333333333333,11.862,16.148,0.0,2.578489384849271,3.509519963214731,3.8850809854308213,1.0,3.0,7.0,15.0,0.26760884947536095,0.05958615307636153,0.0242945244252873,0.007892049714893908,4.0,5.0,8.0,6.280666666666666,6.785333333333333,11.071333333333332,2.578489384849271,3.509519963214731,3.8850809854308213,6.139054313273352,5.432045704043904,11.916445408849997
15,4,1.1428571428571428,1.6582280766035322,-3.0,"(0, 1, 1, 0, 0, 0, 0, 1, 1, 0, 0, 0, 1, 0, 0, 0, 0, 1, 1, 0, 0, 1, 1, 1, 0)",5.0,8.0,8.0,12.0,5.964333333333333,12.752666666666666,13.092333333333332,18.461333333333332,0.0,2.7998812578322507,3.351057845738857,4.801104599703021,2.0,3.0,1.0,4.0,0.252003844770117,0.02031320517061636,0.05280431106468816,0.04909061227677579,3.0,3.0,7.0,6.788333333333333,7.127999999999999,12.497,2.7998812578322507,3.351057845738857,4.801104599703021,6.613763213783526,6.263031523903255,12.76154982737643
15,5,1.4285714285714284,1.6582280766035322,-3.0,"(0, 0, 0, 0, 1, 1, 1, 1, 0, 0, 1, 0, 1, 0, 0, 1, 0, 0, 0, 1, 1, 0, 1, 0, 0)",7.0,10.0,11.0,13.0,10.315,15.187666666666667,16.190666666666665,16.907333333333334,0.0,2.2512657110661767,2.286466208181187,3.016473481771283,3.0,4.0,7.0,7.0,0.2391700753152424,0.06868337751895309,0.012566803128067053,0.01730982953122343,3.0,4.0,6.0,4.872666666666667,5.875666666666666,6.592333333333334,2.2512657110661767,2.286466208181187,3.016473481771283,4.346880664612063,5.951712972818892,5.929591203859533
15,6,1.7142857142857142,1.6582280766035322,-2.0,"(0, 0, 0, 0, 1, 1, 1, 0, 0, 0, 1, 0, 1, 0, 1, 0, 0, 0, 0, 0, 0, 0, 0, 0, 0)",5.0,8.0,7.0,11.0,5.845,11.919666666666666,11.19,15.054666666666666,0.0,3.116989740348068,2.6690931244792493,5.073219827073661,7.0,4.0,2.0,10.0,0.1661427622281281,0.09245654622324277,0.05858375040195008,0.015686555213708677,3.0,2.0,6.0,6.074666666666666,5.345,9.209666666666667,3.116989740348068,2.6690931244792493,5.073219827073661,4.904502920743937,4.4372639113649415,6.85917228679107
15,7,2.0,1.6582280766035322,0.0,"(1, 1, 1, 0, 1, 0, 0, 0, 1, 0, 0, 1, 1, 1, 0, 0, 1, 0, 0, 1, 1, 0, 1, 1, 1)",10.0,12.0,10.0,14.0,12.563,14.979,14.496,17.812,0.0,1.6233408003474328,0.964231989410343,2.686403183123347,52.0,25.0,2.0,4.0,0.08995919945705018,0.06910862474469609,0.0967998035389521,0.037390335976770335,2.0,0.0,4.0,2.4159999999999986,1.9329999999999998,5.2490000000000006,1.6233408003474328,0.964231989410343,2.686403183123347,1.3144097400419694,1.606438314875117,4.249369990759707
16,0,0.0,1.6582280766035322,-4.0,"(1, 0, 0, 0, 1, 0, 0, 0, 0, 1, 0, 0, 0, 0, 1, 0, 1, 0, 0, 0, 0, 0, 1, 1, 1)",5.0,9.0,9.0,11.0,6.623333333333333,13.717666666666666,12.508666666666667,14.054666666666666,0.0,2.8741146013948686,3.10667187676031,4.541140499182602,2.0,4.0,4.0,10.0,0.15577063074114939,0.06665032771643657,0.02391081799376969,0.07395265279702773,4.0,4.0,6.0,7.094333333333333,5.8853333333333335,7.431333333333333,2.8741146013948686,3.10667187676031,4.541140499182602,6.998085190708518,4.607654442665454,4.792598904387077
16,1,0.2857142857142857,1.6582280766035322,-2.0,"(1, 0, 0, 1, 1, 0, 1, 0, 1, 1, 0, 0, 1, 0, 0, 1, 0, 1, 0, 1, 0, 0, 0, 1, 1)",7.0,9.0,9.0,13.0,8.834666666666667,12.936,14.150666666666666,17.445333333333334,0.0,2.7063479819336083,1.1648038876537457,3.2678792829407843,7.0,3.0,2.0,17.0,0.21506981465639938,0.03197184180133079,0.018880847431789038,0.00863160176263412,2.0,2.0,6.0,4.101333333333333,5.315999999999999,8.610666666666667,2.7063479819336083,1.1648038876537457,3.2678792829407843,2.313203876141668,6.8836299449799885,8.859560047017387
16,2,0.5714285714285714,1.6582280766035322,-1.0,"(1, 0, 1, 1, 1, 1, 0, 1, 1, 1, 1, 0, 1, 1, 0, 0, 1, 1, 1, 1, 0, 1, 0, 0, 0)",9.0,10.0,10.0,13.0,11.041666666666666,12.625333333333334,14.750666666666667,18.828333333333333,0.0,2.7288169723715865,2.014590502643835,3.5906165285388485,34.0,5.0,5.0,3.0,0.2288605965691295,0.05521487633183727,0.04088934904387761,0.025856295793399348,1.0,1.0,4.0,1.5836666666666677,3.7090000000000014,7.786666666666667,2.7288169723715865,2.014590502643835,3.5906165285388485,-1.8989203888510144,2.8097174017796736,6.958008149879678
16,3,0.8571428571428571,1.6582280766035322,-4.0,"(1, 0, 0, 0, 1, 0, 0, 0, 1, 1, 0, 1, 1, 0, 0, 0, 1, 0, 0, 0, 0, 1, 0, 0, 0)",4.0,8.0,9.0,12.0,5.076666666666667,11.357333333333333,11.862,16.148,0.0,2.578489384849271,3.509519963214731,3.8850809854308213,1.0,3.0,7.0,15.0,0.26760884947536095,0.05958615307636153,0.0242945244252873,0.007892049714893908,4.0,5.0,8.0,6.280666666666666,6.785333333333333,11.071333333333332,2.578489384849271,3.509519963214731,3.8850809854308213,6.139054313273352,5.432045704043904,11.916445408849997
16,4,1.1428571428571428,1.6582280766035322,-2.0,"(0, 1, 1, 0, 0, 0, 0, 0, 1, 0, 0, 0, 0, 0, 0, 0, 0, 1, 1, 0, 0, 1, 1, 1, 0)",5.0,7.0,8.0,10.0,6.712666666666666,11.173,12.333666666666666,13.86,0.0,3.900695966485505,4.331678655972968,6.0810540025204745,6.0,2.0,1.0,1.0,0.2876352685851571,0.08735009503085803,0.0077176127629831085,0.02847240718219334,2.0,3.0,5.0,4.460333333333334,5.6209999999999996,7.147333333333333,3.900695966485505,4.331678655972968,6.0810540025204745,0.92800639442354,2.1379888524298263,1.768134323855908
16,5,1.4285714285714284,1.6582280766035322,-3.0,"(0, 0, 0, 0, 1, 1, 1, 1, 0, 0, 1, 0, 1, 0, 0, 1, 0, 0, 0, 1, 1, 0, 1, 0, 0)",7.0,10.0,11.0,13.0,10.315,15.187666666666667,16.190666666666665,16.907333333333334,0.0,2.2512657110661767,2.286466208181187,3.016473481771283,3.0,4.0,7.0,7.0,0.2391700753152424,0.06868337751895309,0.012566803128067053,0.01730982953122343,3.0,4.0,6.0,4.872666666666667,5.875666666666666,6.592333333333334,2.2512657110661767,2.286466208181187,3.016473481771283,4.346880664612063,5.951712972818892,5.929591203859533
16,6,1.7142857142857142,1.6582280766035322,-2.0,"(0, 0, 0, 1, 1, 1, 1, 0, 0, 0, 1, 0, 1, 0, 1, 0, 0, 0, 0, 0, 0, 0, 0, 1, 0)",6.0,9.0,8.0,11.0,7.891,12.255666666666666,10.704666666666666,15.324,0.0,3.6065907923434626,2.773985262702626,5.067498940209378,7.0,4.0,2.0,3.0,0.1526360939561161,0.02165410830764503,0.07363557347394196,0.010615432703409856,3.0,2.0,5.0,4.3646666666666665,2.8136666666666663,7.433,3.6065907923434626,2.773985262702626,5.067498940209378,1.2570626989985074,0.06580081817221832,3.9225402725802194
16,7,2.0,1.6582280766035322,0.0,"(1, 1, 1, 0, 1, 0, 0, 0, 1, 0, 0, 1, 1, 1, 0, 0, 1, 0, 0, 1, 1, 0, 1, 1, 1)",10.0,12.0,10.0,14.0,12.563,14.979,14.496,17.812,0.0,1.6233408003474328,0.964231989410343,2.686403183123347,52.0,25.0,2.0,4.0,0.08995919945705018,0.06910862474469609,0.0967998035389521,0.037390335976770335,2.0,0.0,4.0,2.4159999999999986,1.9329999999999998,5.2490000000000006,1.6233408003474328,0.964231989410343,2.686403183123347,1.3144097400419694,1.606438314875117,4.249369990759707
17,0,0.0,1.6582280766035322,-4.0,"(1, 0, 0, 0, 1, 0, 0, 0, 0, 1, 0, 0, 0, 0, 1, 0, 1, 0, 0, 0, 0, 0, 1, 1, 1)",5.0,9.0,9.0,11.0,6.623333333333333,13.717666666666666,12.508666666666667,14.054666666666666,0.0,2.8741146013948686,3.10667187676031,4.541140499182602,2.0,4.0,4.0,10.0,0.15577063074114939,0.06665032771643657,0.02391081799376969,0.07395265279702773,4.0,4.0,6.0,7.094333333333333,5.8853333333333335,7.431333333333333,2.8741146013948686,3.10667187676031,4.541140499182602,6.998085190708518,4.607654442665454,4.792598904387077
17,1,0.2857142857142857,1.6582280766035322,-2.0,"(1, 0, 0, 1, 1, 0, 1, 0, 1, 1, 0, 0, 1, 0, 0, 1, 0, 1, 0, 1, 0, 0, 0, 1, 1)",7.0,9.0,9.0,13.0,8.834666666666667,12.936,14.150666666666666,17.445333333333334,0.0,2.7063479819336083,1.1648038876537457,3.2678792829407843,7.0,3.0,2.0,17.0,0.21506981465639938,0.03197184180133079,0.018880847431789038,0.00863160176263412,2.0,2.0,6.0,4.101333333333333,5.315999999999999,8.610666666666667,2.7063479819336083,1.1648038876537457,3.2678792829407843,2.313203876141668,6.8836299449799885,8.859560047017387
17,2,0.5714285714285714,1.6582280766035322,-3.0,"(1, 0, 1, 1, 1, 1, 1, 1, 1, 1, 1, 1, 1, 1, 0, 0, 1, 1, 1, 1, 0, 1, 0, 0, 0)",9.0,14.0,12.0,16.0,13.752666666666666,18.852333333333334,17.611,19.802333333333333,0.0,1.2466282308559258,1.5371405774986608,2.3420721230166253,2.0,1.0,1.0,1.0,0.09549879655347394,0.04592202214717722,0.0611219743977091,0.026160679346778085,5.0,3.0,7.0,5.099666666666668,3.8583333333333343,6.049666666666667,1.2466282308559258,1.5371405774986608,2.3420721230166253,6.389216514493929,3.849066998933783,6.14803736894256
17,3,0.8571428571428571,1.6582280766035322,-4.0,"(1, 0, 0, 0, 1, 0, 0, 0, 1, 1, 0, 1, 1, 0, 0, 0, 1, 0, 0, 0, 0, 1, 0, 0, 0)",4.0,8.0,9.0,12.0,5.076666666666667,11.357333333333333,11.862,16.148,0.0,2.578489384849271,3.509519963214731,3.8850809854308213,1.0,3.0,7.0,15.0,0.26760884947536095,0.05958615307636153,0.0242945244252873,0.007892049714893908,4.0,5.0,8.0,6.280666666666666,6.785333333333333,11.071333333333332,2.578489384849271,3.509519963214731,3.8850809854308213,6.139054313273352,5.432045704043904,11.916445408849997
17,4,1.1428571428571428,1.6582280766035322,-2.0,"(0, 1, 1, 0, 0, 0, 0, 0, 1, 0, 0, 0, 0, 0, 0, 0, 0, 1, 1, 0, 0, 1, 1, 1, 0)",5.0,7.0,8.0,10.0,6.712666666666666,11.173,12.333666666666666,13.86,0.0,3.900695966485505,4.331678655972968,6.0810540025204745,6.0,2.0,1.0,1.0,0.2876352685851571,0.08735009503085803,0.0077176127629831085,0.02847240718219334,2.0,3.0,5.0,4.460333333333334,5.6209999999999996,7.147333333333333,3.900695966485505,4.331678655972968,6.0810540025204745,0.92800639442354,2.1379888524298263,1.768134323855908
17,5,1.4285714285714284,1.6582280766035322,-3.0,"(0, 0, 0, 0, 1, 1, 1, 1, 0, 0, 1, 0, 1, 0, 0, 1, 0, 0, 0, 1, 1, 0, 1, 0, 0)",7.0,10.0,11.0,13.0,10.315,15.187666666666667,16.190666666666665,16.907333333333334,0.0,2.2512657110661767,2.286466208181187,3.016473481771283,3.0,4.0,7.0,7.0,0.2391700753152424,0.06868337751895309,0.012566803128067053,0.01730982953122343,3.0,4.0,6.0,4.872666666666667,5.875666666666666,6.592333333333334,2.2512657110661767,2.286466208181187,3.016473481771283,4.346880664612063,5.951712972818892,5.929591203859533
17,6,1.7142857142857142,1.6582280766035322,-2.0,"(0, 0, 0, 1, 1, 1, 1, 0, 0, 0, 1, 0, 1, 0, 1, 0, 0, 0, 0, 0, 0, 1, 1, 1, 0)",7.0,10.0,9.0,14.0,8.335666666666667,14.282666666666668,13.796666666666667,17.999666666666666,0.0,3.1412735692921046,2.6352652717165364,4.0401805848624734,7.0,4.0,1.0,1.0,0.209404585527275,0.07827735200228036,0.011878717374073136,0.029010068900784825,3.0,2.0,7.0,5.947000000000001,5.461,9.664,3.1412735692921046,2.6352652717165364,4.0401805848624734,4.6525343426684485,4.685712663473293,9.325575251929102
17,7,2.0,1.6582280766035322,0.0,"(1, 1, 1, 0, 1, 0, 0, 0, 1, 0, 0, 1, 1, 1, 0, 0, 1, 0, 0, 1, 1, 0, 1, 1, 1)",10.0,12.0,10.0,14.0,12.563,14.979,14.496,17.812,0.0,1.6233408003474328,0.964231989410343,2.686403183123347,52.0,25.0,2.0,4.0,0.08995919945705018,0.06910862474469609,0.0967998035389521,0.037390335976770335,2.0,0.0,4.0,2.4159999999999986,1.9329999999999998,5.2490000000000006,1.6233408003474328,0.964231989410343,2.686403183123347,1.3144097400419694,1.606438314875117,4.249369990759707
18,0,0.0,1.6582280766035322,-4.0,"(1, 0, 0, 0, 1, 0, 0, 0, 0, 1, 0, 0, 0, 0, 1, 0, 1, 0, 0, 0, 0, 0, 1, 1, 1)",5.0,9.0,9.0,11.0,6.623333333333333,13.717666666666666,12.508666666666667,14.054666666666666,0.0,2.8741146013948686,3.10667187676031,4.541140499182602,2.0,4.0,4.0,10.0,0.15577063074114939,0.06665032771643657,0.02391081799376969,0.07395265279702773,4.0,4.0,6.0,7.094333333333333,5.8853333333333335,7.431333333333333,2.8741146013948686,3.10667187676031,4.541140499182602,6.998085190708518,4.607654442665454,4.792598904387077
18,1,0.2857142857142857,1.6582280766035322,-2.0,"(1, 0, 0, 1, 1, 0, 1, 0, 1, 1, 0, 0, 1, 0, 0, 1, 0, 1, 0, 1, 0, 0, 0, 1, 1)",7.0,9.0,9.0,13.0,8.834666666666667,12.936,14.150666666666666,17.445333333333334,0.0,2.7063479819336083,1.1648038876537457,3.2678792829407843,7.0,3.0,2.0,17.0,0.21506981465639938,0.03197184180133079,0.018880847431789038,0.00863160176263412,2.0,2.0,6.0,4.101333333333333,5.315999999999999,8.610666666666667,2.7063479819336083,1.1648038876537457,3.2678792829407843,2.313203876141668,6.8836299449799885,8.859560047017387
18,2,0.5714285714285714,1.6582280766035322,-3.0,"(1, 0, 1, 1, 1, 1, 1, 1, 1, 1, 1, 1, 1, 1, 0, 0, 1, 1, 1, 1, 0, 1, 0, 0, 0)",9.0,14.0,12.0,16.0,13.752666666666666,18.852333333333334,17.611,19.802333333333333,0.0,1.2466282308559258,1.5371405774986608,2.3420721230166253,2.0,1.0,1.0,1.0,0.09549879655347394,0.04592202214717722,0.0611219743977091,0.026160679346778085,5.0,3.0,7.0,5.099666666666668,3.8583333333333343,6.049666666666667,1.2466282308559258,1.5371405774986608,2.3420721230166253,6.389216514493929,3.849066998933783,6.14803736894256
18,3,0.8571428571428571,1.6582280766035322,-4.0,"(1, 0, 0, 0, 1, 0, 0, 0, 1, 1, 0, 1, 1, 0, 0, 0, 1, 0, 0, 0, 0, 1, 0, 0, 0)",4.0,8.0,9.0,12.0,5.076666666666667,11.357333333333333,11.862,16.148,0.0,2.578489384849271,3.509519963214731,3.8850809854308213,1.0,3.0,7.0,15.0,0.26760884947536095,0.05958615307636153,0.0242945244252873,0.007892049714893908,4.0,5.0,8.0,6.280666666666666,6.785333333333333,11.071333333333332,2.578489384849271,3.509519963214731,3.8850809854308213,6.139054313273352,5.432045704043904,11.916445408849997
18,4,1.1428571428571428,1.6582280766035322,-2.0,"(0, 1, 1, 0, 0, 0, 0, 0, 1, 0, 0, 0, 0, 0, 0, 0, 0, 1, 1, 0, 0, 1, 1, 1, 0)",5.0,7.0,8.0,10.0,6.712666666666666,11.173,12.333666666666666,13.86,0.0,3.900695966485505,4.331678655972968,6.0810540025204745,6.0,2.0,1.0,1.0,0.2876352685851571,0.08735009503085803,0.0077176127629831085,0.02847240718219334,2.0,3.0,5.0,4.460333333333334,5.6209999999999996,7.147333333333333,3.900695966485505,4.331678655972968,6.0810540025204745,0.92800639442354,2.1379888524298263,1.768134323855908
18,5,1.4285714285714284,1.6582280766035322,-2.0,"(0, 0, 0, 0, 1, 0, 0, 1, 0, 0, 1, 0, 1, 0, 0, 1, 0, 0, 0, 1, 1, 0, 1, 0, 0)",8.0,10.0,10.0,12.0,10.698666666666666,15.551666666666666,14.758,17.358,0.0,3.7468861000023255,3.3475110801305674,4.58685231982764,26.0,1.0,5.0,3.0,0.1269806501903721,0.03095217082286737,0.028413391527661508,0.01579415125935906,2.0,2.0,4.0,4.853,4.059333333333333,6.659333333333334,3.7468861000023255,3.3475110801305674,4.58685231982764,1.8341891248975752,1.1803636458120146,3.4366462048228863
18,6,1.7142857142857142,1.6582280766035322,-2.0,"(0, 0, 0, 1, 1, 1, 1, 0, 0, 0, 1, 0, 1, 0, 1, 0, 0, 0, 0, 0, 0, 1, 1, 1, 0)",7.0,10.0,9.0,14.0,8.335666666666667,14.282666666666668,13.796666666666667,17.999666666666666,0.0,3.1412735692921046,2.6352652717165364,4.0401805848624734,7.0,4.0,1.0,1.0,0.209404585527275,0.07827735200228036,0.011878717374073136,0.029010068900784825,3.0,2.0,7.0,5.947000000000001,5.461,9.664,3.1412735692921046,2.6352652717165364,4.0401805848624734,4.6525343426684485,4.685712663473293,9.325575251929102
18,7,2.0,1.6582280766035322,0.0,"(1, 1, 1, 0, 1, 0, 0, 0, 1, 0, 0, 1, 1, 1, 0, 0, 1, 0, 0, 1, 1, 0, 1, 1, 1)",10.0,12.0,10.0,14.0,12.563,14.979,14.496,17.812,0.0,1.6233408003474328,0.964231989410343,2.686403183123347,52.0,25.0,2.0,4.0,0.08995919945705018,0.06910862474469609,0.0967998035389521,0.037390335976770335,2.0,0.0,4.0,2.4159999999999986,1.9329999999999998,5.2490000000000006,1.6233408003474328,0.964231989410343,2.686403183123347,1.3144097400419694,1.606438314875117,4.249369990759707
19,0,0.0,1.6582280766035322,-4.0,"(1, 0, 0, 0, 1, 0, 0, 0, 0, 1, 0, 0, 0, 0, 1, 0, 1, 0, 0, 0, 0, 0, 1, 1, 1)",5.0,9.0,9.0,11.0,6.623333333333333,13.717666666666666,12.508666666666667,14.054666666666666,0.0,2.8741146013948686,3.10667187676031,4.541140499182602,2.0,4.0,4.0,10.0,0.15577063074114939,0.06665032771643657,0.02391081799376969,0.07395265279702773,4.0,4.0,6.0,7.094333333333333,5.8853333333333335,7.431333333333333,2.8741146013948686,3.10667187676031,4.541140499182602,6.998085190708518,4.607654442665454,4.792598904387077
19,1,0.2857142857142857,1.6582280766035322,-4.0,"(1, 0, 0, 0, 1, 0, 1, 0, 1, 1, 0, 0, 1, 0, 0, 1, 0, 1, 0, 1, 0, 0, 0, 0, 1)",6.0,10.0,10.0,13.0,9.184,15.214333333333334,14.341666666666667,17.555333333333333,0.0,2.7512583256749528,3.1252163940836595,3.587852815077841,2.0,2.0,3.0,15.0,0.18011916933462704,0.008367110657295933,0.042215369761214136,0.017112011272856727,4.0,4.0,7.0,6.030333333333335,5.1576666666666675,8.371333333333334,2.7512583256749528,3.1252163940836595,3.587852815077841,5.437454242988071,3.3702661062976462,7.932101699257273
19,2,0.5714285714285714,1.6582280766035322,0.0,"(0, 0, 1, 1, 1, 1, 1, 1, 1, 1, 1, 1, 1, 1, 0, 0, 1, 1, 1, 1, 1, 1, 0, 0, 0)",11.0,11.0,12.0,15.0,16.509333333333334,17.317,19.418666666666667,19.730333333333334,0.0,1.95143965005985,1.3239292963602605,2.2055170409083242,10.0,2.0,6.0,4.0,0.08887704582924745,0.07536976991589248,0.04302658439991578,0.06170938720253348,0.0,1.0,4.0,0.8076666666666661,2.9093333333333327,3.221,1.95143965005985,1.3239292963602605,2.2055170409083242,-1.8966364743231634,2.6289614868693327,1.683902354078253
19,3,0.8571428571428571,1.6582280766035322,-4.0,"(1, 0, 0, 0, 1, 0, 0, 0, 1, 1, 0, 1, 1, 0, 0, 0, 1, 0, 0, 0, 0, 1, 0, 0, 0)",4.0,8.0,9.0,12.0,5.076666666666667,11.357333333333333,11.862,16.148,0.0,2.578489384849271,3.509519963214731,3.8850809854308213,1.0,3.0,7.0,15.0,0.26760884947536095,0.05958615307636153,0.0242945244252873,0.007892049714893908,4.0,5.0,8.0,6.280666666666666,6.785333333333333,11.071333333333332,2.578489384849271,3.509519963214731,3.8850809854308213,6.139054313273352,5.432045704043904,11.916445408849997
19,4,1.1428571428571428,1.6582280766035322,-2.0,"(0, 1, 0, 0, 0, 0, 0, 1, 1, 0, 0, 0, 0, 0, 0, 0, 0, 1, 1, 0, 0, 1, 1, 1, 0)",4.0,6.0,7.0,10.0,5.311333333333334,7.667333333333334,10.197,15.905666666666667,0.0,3.2353319507483387,3.38636889139231,5.61088185615595,2.0,1.0,1.0,2.0,0.16781478096121444,0.20139891062610388,0.07054203121213543,0.010303429376225153,2.0,3.0,6.0,2.356,4.8856666666666655,10.594333333333333,3.2353319507483387,3.38636889139231,5.61088185615595,-1.4581329293854497,2.4861776661491497,8.263699157846885
19,5,1.4285714285714284,1.6582280766035322,-2.0,"(0, 0, 0, 0, 1, 0, 0, 1, 0, 0, 1, 0, 1, 0, 0, 1, 0, 0, 0, 1, 1, 0, 1, 0, 0)",8.0,10.0,10.0,12.0,10.698666666666666,15.551666666666666,14.758,17.358,0.0,3.7468861000023255,3.3475110801305674,4.58685231982764,26.0,1.0,5.0,3.0,0.1269806501903721,0.03095217082286737,0.028413391527661508,0.01579415125935906,2.0,2.0,4.0,4.853,4.059333333333333,6.659333333333334,3.7468861000023255,3.3475110801305674,4.58685231982764,1.8341891248975752,1.1803636458120146,3.4366462048228863
19,6,1.7142857142857142,1.6582280766035322,-2.0,"(0, 0, 0, 1, 1, 1, 1, 0, 0, 0, 1, 0, 1, 0, 1, 0, 0, 0, 0, 0, 0, 1, 1, 1, 0)",7.0,10.0,9.0,14.0,8.335666666666667,14.282666666666668,13.796666666666667,17.999666666666666,0.0,3.1412735692921046,2.6352652717165364,4.0401805848624734,7.0,4.0,1.0,1.0,0.209404585527275,0.07827735200228036,0.011878717374073136,0.029010068900784825,3.0,2.0,7.0,5.947000000000001,5.461,9.664,3.1412735692921046,2.6352652717165364,4.0401805848624734,4.6525343426684485,4.685712663473293,9.325575251929102
19,7,2.0,1.6582280766035322,0.0,"(1, 1, 1, 0, 1, 0, 0, 0, 1, 0, 0, 1, 1, 1, 0, 0, 1, 0, 0, 1, 1, 0, 1, 1, 1)",10.0,12.0,10.0,14.0,12.563,14.979,14.496,17.812,0.0,1.6233408003474328,0.964231989410343,2.686403183123347,52.0,25.0,2.0,4.0,0.08995919945705018,0.06910862474469609,0.0967998035389521,0.037390335976770335,2.0,0.0,4.0,2.4159999999999986,1.9329999999999998,5.2490000000000006,1.6233408003474328,0.964231989410343,2.686403183123347,1.3144097400419694,1.606438314875117,4.249369990759707
20,0,0.0,1.6582280766035322,-4.0,"(1, 0, 0, 0, 1, 0, 1, 0, 1, 1, 0, 0, 1, 0, 0, 1, 0, 1, 0, 1, 0, 0, 0, 0, 1)",6.0,10.0,10.0,13.0,9.184,15.214333333333334,14.341666666666667,17.555333333333333,0.0,2.7512583256749528,3.1252163940836595,3.587852815077841,2.0,2.0,3.0,15.0,0.18011916933462704,0.008367110657295933,0.042215369761214136,0.017112011272856727,4.0,4.0,7.0,6.030333333333335,5.1576666666666675,8.371333333333334,2.7512583256749528,3.1252163940836595,3.587852815077841,5.437454242988071,3.3702661062976462,7.932101699257273
20,1,0.2857142857142857,1.6582280766035322,0.0,"(0, 0, 1, 1, 1, 1, 1, 1, 1, 1, 1, 1, 1, 1, 0, 0, 1, 1, 1, 1, 1, 1, 0, 0, 0)",11.0,11.0,12.0,15.0,16.509333333333334,17.317,19.418666666666667,19.730333333333334,0.0,1.95143965005985,1.3239292963602605,2.2055170409083242,10.0,2.0,6.0,4.0,0.08887704582924745,0.07536976991589248,0.04302658439991578,0.06170938720253348,0.0,1.0,4.0,0.8076666666666661,2.9093333333333327,3.221,1.95143965005985,1.3239292963602605,2.2055170409083242,-1.8966364743231634,2.6289614868693327,1.683902354078253
20,2,0.5714285714285714,1.6582280766035322,-4.0,"(1, 0, 0, 0, 1, 0, 0, 1, 0, 1, 0, 1, 1, 0, 0, 0, 1, 0, 0, 0, 0, 1, 0, 0, 0)",5.0,9.0,10.0,11.0,7.329,14.100333333333333,13.515,15.116666666666667,0.0,4.188122166430119,3.145013794842668,3.9916405641090082,1.0,2.0,12.0,3.0,0.12349799340400117,0.06753055169009557,0.01358578111388995,0.046186747085581036,4.0,5.0,6.0,6.771333333333334,6.186000000000001,7.787666666666667,4.188122166430119,3.145013794842668,3.9916405641090082,4.283553284754683,5.042648705955918,6.29467706278099
20,3,0.8571428571428571,1.6582280766035322,-4.0,"(1, 0, 0, 0, 1, 1, 1, 0, 0, 1, 0, 0, 0, 0, 1, 0, 1, 0, 0, 0, 0, 0, 1, 1, 1)",6.0,10.0,10.0,12.0,8.399666666666667,14.030333333333333,15.400333333333334,16.351,0.0,2.8243861838531696,2.5278028799744248,3.613490863617775,1.0,2.0,1.0,1.0,0.1860343125290267,0.014520256342097118,0.07098254869518389,0.010385465541195502,4.0,4.0,6.0,5.6306666666666665,7.0006666666666675,7.9513333333333325,2.8243861838531696,2.5278028799744248,3.613490863617775,4.653453087425857,7.417028313916269,7.193132175165545
20,4,1.1428571428571428,1.6582280766035322,-2.0,"(0, 0, 0, 0, 1, 0, 0, 1, 0, 0, 1, 0, 1, 0, 0, 1, 0, 0, 0, 1, 1, 0, 1, 0, 0)",8.0,10.0,10.0,12.0,10.698666666666666,15.551666666666666,14.758,17.358,0.0,3.7468861000023255,3.3475110801305674,4.58685231982764,26.0,1.0,5.0,3.0,0.1269806501903721,0.03095217082286737,0.028413391527661508,0.01579415125935906,2.0,2.0,4.0,4.853,4.059333333333333,6.659333333333334,3.7468861000023255,3.3475110801305674,4.58685231982764,1.8341891248975752,1.1803636458120146,3.4366462048228863
20,5,1.4285714285714284,1.6582280766035322,-2.0,"(0, 0, 0, 1, 1, 1, 1, 0, 0, 0, 1, 0, 1, 0, 1, 0, 0, 0, 0, 0, 0, 1, 1, 1, 0)",7.0,10.0,9.0,14.0,8.335666666666667,14.282666666666668,13.796666666666667,17.999666666666666,0.0,3.1412735692921046,2.6352652717165364,4.0401805848624734,7.0,4.0,1.0,1.0,0.209404585527275,0.07827735200228036,0.011878717374073136,0.029010068900784825,3.0,2.0,7.0,5.947000000000001,5.461,9.664,3.1412735692921046,2.6352652717165364,4.0401805848624734,4.6525343426684485,4.685712663473293,9.325575251929102
20,6,1.7142857142857142,1.6582280766035322,-2.0,"(0, 1, 0, 0, 0, 0, 0, 1, 1, 0, 0, 0, 0, 0, 0, 0, 0, 1, 1, 0, 0, 1, 1, 1, 0)",4.0,6.0,7.0,10.0,5.311333333333334,7.667333333333334,10.197,15.905666666666667,0.0,3.2353319507483387,3.38636889139231,5.61088185615595,2.0,1.0,1.0,2.0,0.16781478096121444,0.20139891062610388,0.07054203121213543,0.010303429376225153,2.0,3.0,6.0,2.356,4.8856666666666655,10.594333333333333,3.2353319507483387,3.38636889139231,5.61088185615595,-1.4581329293854497,2.4861776661491497,8.263699157846885
20,7,2.0,1.6582280766035322,0.0,"(1, 1, 1, 0, 1, 0, 0, 0, 1, 0, 0, 1, 1, 1, 0, 0, 1, 0, 0, 1, 1, 0, 1, 1, 1)",10.0,12.0,10.0,14.0,12.563,14.979,14.496,17.812,0.0,1.6233408003474328,0.964231989410343,2.686403183123347,52.0,25.0,2.0,4.0,0.08995919945705018,0.06910862474469609,0.0967998035389521,0.037390335976770335,2.0,0.0,4.0,2.4159999999999986,1.9329999999999998,5.2490000000000006,1.6233408003474328,0.964231989410343,2.686403183123347,1.3144097400419694,1.606438314875117,4.249369990759707
21,0,0.0,1.6582280766035322,-4.0,"(1, 0, 0, 0, 1, 0, 1, 0, 1, 1, 0, 0, 1, 0, 0, 1, 0, 1, 0, 1, 0, 0, 0, 0, 1)",6.0,10.0,10.0,13.0,9.184,15.214333333333334,14.341666666666667,17.555333333333333,0.0,2.7512583256749528,3.1252163940836595,3.587852815077841,2.0,2.0,3.0,15.0,0.18011916933462704,0.008367110657295933,0.042215369761214136,0.017112011272856727,4.0,4.0,7.0,6.030333333333335,5.1576666666666675,8.371333333333334,2.7512583256749528,3.1252163940836595,3.587852815077841,5.437454242988071,3.3702661062976462,7.932101699257273
21,1,0.2857142857142857,1.6582280766035322,0.0,"(0, 0, 1, 1, 1, 1, 1, 1, 1, 1, 1, 1, 1, 1, 0, 0, 1, 1, 1, 1, 1, 1, 0, 0, 0)",11.0,11.0,12.0,15.0,16.509333333333334,17.317,19.418666666666667,19.730333333333334,0.0,1.95143965005985,1.3239292963602605,2.2055170409083242,10.0,2.0,6.0,4.0,0.08887704582924745,0.07536976991589248,0.04302658439991578,0.06170938720253348,0.0,1.0,4.0,0.8076666666666661,2.9093333333333327,3.221,1.95143965005985,1.3239292963602605,2.2055170409083242,-1.8966364743231634,2.6289614868693327,1.683902354078253
21,2,0.5714285714285714,1.6582280766035322,-4.0,"(1, 0, 0, 0, 1, 0, 0, 1, 0, 1, 0, 1, 1, 0, 0, 0, 1, 0, 0, 0, 0, 1, 0, 0, 0)",5.0,9.0,10.0,11.0,7.329,14.100333333333333,13.515,15.116666666666667,0.0,4.188122166430119,3.145013794842668,3.9916405641090082,1.0,2.0,12.0,3.0,0.12349799340400117,0.06753055169009557,0.01358578111388995,0.046186747085581036,4.0,5.0,6.0,6.771333333333334,6.186000000000001,7.787666666666667,4.188122166430119,3.145013794842668,3.9916405641090082,4.283553284754683,5.042648705955918,6.29467706278099
21,3,0.8571428571428571,1.6582280766035322,-4.0,"(1, 0, 0, 0, 1, 1, 1, 0, 0, 1, 0, 0, 0, 0, 1, 0, 1, 0, 0, 0, 0, 0, 1, 1, 1)",6.0,10.0,10.0,12.0,8.399666666666667,14.030333333333333,15.400333333333334,16.351,0.0,2.8243861838531696,2.5278028799744248,3.613490863617775,1.0,2.0,1.0,1.0,0.1860343125290267,0.014520256342097118,0.07098254869518389,0.010385465541195502,4.0,4.0,6.0,5.6306666666666665,7.0006666666666675,7.9513333333333325,2.8243861838531696,2.5278028799744248,3.613490863617775,4.653453087425857,7.417028313916269,7.193132175165545
21,4,1.1428571428571428,1.6582280766035322,-2.0,"(0, 0, 0, 0, 1, 0, 0, 1, 0, 0, 1, 0, 1, 0, 0, 1, 0, 0, 0, 1, 1, 0, 1, 0, 0)",8.0,10.0,10.0,12.0,10.698666666666666,15.551666666666666,14.758,17.358,0.0,3.7468861000023255,3.3475110801305674,4.58685231982764,26.0,1.0,5.0,3.0,0.1269806501903721,0.03095217082286737,0.028413391527661508,0.01579415125935906,2.0,2.0,4.0,4.853,4.059333333333333,6.659333333333334,3.7468861000023255,3.3475110801305674,4.58685231982764,1.8341891248975752,1.1803636458120146,3.4366462048228863
21,5,1.4285714285714284,1.6582280766035322,-4.0,"(0, 0, 0, 0, 0, 1, 1, 0, 0, 0, 1, 0, 1, 0, 1, 0, 0, 0, 0, 0, 0, 1, 1, 1, 0)",6.0,10.0,10.0,12.0,6.927333333333333,13.926333333333334,15.83,16.543666666666667,0.0,3.896320086838913,4.19716872182581,5.623613362832982,5.0,12.0,4.0,4.0,0.21516075845252136,0.005508939557577587,0.00956995525086387,0.006780218217904733,4.0,4.0,6.0,6.9990000000000006,8.902666666666667,9.616333333333333,3.896320086838913,4.19716872182581,5.623613362832982,5.144950944717524,7.802788806535327,6.6208403570993095
21,6,1.7142857142857142,1.6582280766035322,-2.0,"(0, 1, 0, 0, 0, 0, 0, 1, 1, 0, 0, 0, 0, 0, 0, 0, 0, 1, 1, 0, 0, 1, 1, 1, 0)",4.0,6.0,7.0,10.0,5.311333333333334,7.667333333333334,10.197,15.905666666666667,0.0,3.2353319507483387,3.38636889139231,5.61088185615595,2.0,1.0,1.0,2.0,0.16781478096121444,0.20139891062610388,0.07054203121213543,0.010303429376225153,2.0,3.0,6.0,2.356,4.8856666666666655,10.594333333333333,3.2353319507483387,3.38636889139231,5.61088185615595,-1.4581329293854497,2.4861776661491497,8.263699157846885
21,7,2.0,1.6582280766035322,0.0,"(1, 1, 1, 0, 1, 0, 0, 0, 1, 0, 0, 1, 1, 1, 0, 0, 1, 0, 0, 1, 1, 0, 1, 1, 1)",10.0,12.0,10.0,14.0,12.563,14.979,14.496,17.812,0.0,1.6233408003474328,0.964231989410343,2.686403183123347,52.0,25.0,2.0,4.0,0.08995919945705018,0.06910862474469609,0.0967998035389521,0.037390335976770335,2.0,0.0,4.0,2.4159999999999986,1.9329999999999998,5.2490000000000006,1.6233408003474328,0.964231989410343,2.686403183123347,1.3144097400419694,1.606438314875117,4.249369990759707
22,0,0.0,1.6582280766035322,-4.0,"(1, 0, 0, 0, 1, 0, 1, 0, 1, 1, 0, 1, 1, 0, 0, 1, 1, 1, 0, 1, 0, 0, 0, 0, 1)",6.0,11.0,10.0,12.0,9.953,15.065666666666667,16.700333333333333,16.592666666666666,0.0,2.320469096129762,2.7376332183121943,3.916384646565816,1.0,4.0,2.0,2.0,0.16999592916567963,0.037707186143892554,0.05523424864366252,0.014166521527560164,5.0,4.0,6.0,5.112666666666668,6.747333333333334,6.639666666666667,2.320469096129762,2.7376332183121943,3.916384646565816,4.630100406888468,6.6489973094884665,4.515822706240816
22,1,0.2857142857142857,1.6582280766035322,-4.0,"(1, 0, 1, 1, 1, 1, 1, 1, 1, 1, 1, 1, 1, 1, 0, 0, 1, 1, 1, 1, 0, 1, 0, 0, 0)",9.0,13.0,13.0,16.0,13.14,18.408333333333335,17.471333333333334,20.387666666666668,0.0,2.5685860782806684,2.9397251589591487,3.2520892667002372,2.0,7.0,18.0,27.0,0.09526742169704261,0.026189830911211753,0.08881327440397185,0.047135366538837216,4.0,4.0,7.0,5.268333333333334,4.331333333333333,7.247666666666667,2.5685860782806684,2.9397251589591487,3.2520892667002372,4.476796698061648,2.307603746378257,6.625578626866876
22,2,0.5714285714285714,1.6582280766035322,-4.0,"(1, 0, 0, 0, 1, 0, 0, 0, 0, 1, 0, 1, 0, 0, 0, 0, 1, 0, 0, 0, 0, 1, 0, 0, 0)",4.0,8.0,8.0,11.0,5.866,10.870666666666667,11.505333333333333,14.686333333333334,0.0,5.419549973250512,5.11341343317489,6.757113589351736,2.0,5.0,6.0,6.0,0.2608531407466809,0.012047215309994337,0.04021095140252691,0.004996321571168723,4.0,4.0,7.0,5.004666666666667,5.639333333333333,8.820333333333334,5.419549973250512,5.11341343317489,6.757113589351736,-0.6879711474914431,0.8720951444872566,3.4212889076730377
22,3,0.8571428571428571,1.6582280766035322,-4.0,"(1, 0, 0, 0, 1, 1, 1, 0, 0, 1, 0, 0, 0, 0, 1, 0, 1, 0, 0, 0, 0, 0, 1, 1, 1)",6.0,10.0,10.0,12.0,8.399666666666667,14.030333333333333,15.400333333333334,16.351,0.0,2.8243861838531696,2.5278028799744248,3.613490863617775,1.0,2.0,1.0,1.0,0.1860343125290267,0.014520256342097118,0.07098254869518389,0.010385465541195502,4.0,4.0,6.0,5.6306666666666665,7.0006666666666675,7.9513333333333325,2.8243861838531696,2.5278028799744248,3.613490863617775,4.653453087425857,7.417028313916269,7.193132175165545
22,4,1.1428571428571428,1.6582280766035322,-4.0,"(0, 0, 0, 0, 1, 0, 0, 1, 0, 0, 1, 0, 1, 0, 0, 0, 0, 0, 0, 0, 1, 0, 1, 0, 0)",6.0,11.0,10.0,13.0,8.381666666666666,14.181666666666667,12.346,16.808333333333334,0.0,2.357392307968801,1.2379225334537571,3.7453199957077548,3.0,17.0,14.0,50.0,0.1859205674828464,0.04112354921786596,0.03210592632255274,0.007408997174139514,5.0,4.0,7.0,5.800000000000001,3.964333333333334,8.426666666666668,2.357392307968801,1.2379225334537571,3.7453199957077548,5.708628731657422,4.521010936715409,7.762740486098547
22,5,1.4285714285714284,1.6582280766035322,-4.0,"(0, 0, 0, 0, 0, 1, 1, 0, 0, 0, 1, 0, 1, 0, 1, 0, 0, 0, 0, 0, 0, 1, 1, 1, 0)",6.0,10.0,10.0,12.0,6.927333333333333,13.926333333333334,15.83,16.543666666666667,0.0,3.896320086838913,4.19716872182581,5.623613362832982,5.0,12.0,4.0,4.0,0.21516075845252136,0.005508939557577587,0.00956995525086387,0.006780218217904733,4.0,4.0,6.0,6.9990000000000006,8.902666666666667,9.616333333333333,3.896320086838913,4.19716872182581,5.623613362832982,5.144950944717524,7.802788806535327,6.6208403570993095
22,6,1.7142857142857142,1.6582280766035322,-2.0,"(0, 1, 0, 0, 0, 0, 0, 1, 1, 0, 0, 0, 0, 0, 0, 0, 0, 1, 1, 0, 0, 1, 1, 1, 0)",4.0,6.0,7.0,10.0,5.311333333333334,7.667333333333334,10.197,15.905666666666667,0.0,3.2353319507483387,3.38636889139231,5.61088185615595,2.0,1.0,1.0,2.0,0.16781478096121444,0.20139891062610388,0.07054203121213543,0.010303429376225153,2.0,3.0,6.0,2.356,4.8856666666666655,10.594333333333333,3.2353319507483387,3.38636889139231,5.61088185615595,-1.4581329293854497,2.4861776661491497,8.263699157846885
22,7,2.0,1.6582280766035322,0.0,"(1, 1, 1, 0, 1, 0, 0, 0, 1, 0, 0, 1, 1, 1, 0, 0, 1, 0, 0, 1, 1, 0, 1, 1, 1)",10.0,12.0,10.0,14.0,12.563,14.979,14.496,17.812,0.0,1.6233408003474328,0.964231989410343,2.686403183123347,52.0,25.0,2.0,4.0,0.08995919945705018,0.06910862474469609,0.0967998035389521,0.037390335976770335,2.0,0.0,4.0,2.4159999999999986,1.9329999999999998,5.2490000000000006,1.6233408003474328,0.964231989410343,2.686403183123347,1.3144097400419694,1.606438314875117,4.249369990759707
23,0,0.0,1.6582280766035322,-4.0,"(1, 0, 0, 0, 1, 0, 1, 0, 1, 1, 0, 1, 1, 0, 0, 1, 1, 1, 0, 1, 0, 0, 0, 0, 1)",6.0,11.0,10.0,12.0,9.953,15.065666666666667,16.700333333333333,16.592666666666666,0.0,2.320469096129762,2.7376332183121943,3.916384646565816,1.0,4.0,2.0,2.0,0.16999592916567963,0.037707186143892554,0.05523424864366252,0.014166521527560164,5.0,4.0,6.0,5.112666666666668,6.747333333333334,6.639666666666667,2.320469096129762,2.7376332183121943,3.916384646565816,4.630100406888468,6.6489973094884665,4.515822706240816
23,1,0.2857142857142857,1.6582280766035322,-4.0,"(1, 0, 1, 1, 1, 1, 1, 1, 1, 1, 1, 1, 1, 1, 0, 0, 1, 1, 1, 1, 0, 1, 0, 0, 0)",9.0,13.0,13.0,16.0,13.14,18.408333333333335,17.471333333333334,20.387666666666668,0.0,2.5685860782806684,2.9397251589591487,3.2520892667002372,2.0,7.0,18.0,27.0,0.09526742169704261,0.026189830911211753,0.08881327440397185,0.047135366538837216,4.0,4.0,7.0,5.268333333333334,4.331333333333333,7.247666666666667,2.5685860782806684,2.9397251589591487,3.2520892667002372,4.476796698061648,2.307603746378257,6.625578626866876
23,2,0.5714285714285714,1.6582280766035322,-4.0,"(1, 0, 0, 0, 1, 0, 0, 0, 0, 1, 0, 1, 0, 0, 0, 0, 1, 0, 0, 0, 0, 1, 0, 0, 0)",4.0,8.0,8.0,11.0,5.866,10.870666666666667,11.505333333333333,14.686333333333334,0.0,5.419549973250512,5.11341343317489,6.757113589351736,2.0,5.0,6.0,6.0,0.2608531407466809,0.012047215309994337,0.04021095140252691,0.004996321571168723,4.0,4.0,7.0,5.004666666666667,5.639333333333333,8.820333333333334,5.419549973250512,5.11341343317489,6.757113589351736,-0.6879711474914431,0.8720951444872566,3.4212889076730377
23,3,0.8571428571428571,1.6582280766035322,-4.0,"(1, 0, 0, 0, 1, 1, 1, 0, 0, 1, 0, 0, 0, 0, 1, 0, 1, 0, 0, 0, 0, 0, 1, 1, 1)",6.0,10.0,10.0,12.0,8.399666666666667,14.030333333333333,15.400333333333334,16.351,0.0,2.8243861838531696,2.5278028799744248,3.613490863617775,1.0,2.0,1.0,1.0,0.1860343125290267,0.014520256342097118,0.07098254869518389,0.010385465541195502,4.0,4.0,6.0,5.6306666666666665,7.0006666666666675,7.9513333333333325,2.8243861838531696,2.5278028799744248,3.613490863617775,4.653453087425857,7.417028313916269,7.193132175165545
23,4,1.1428571428571428,1.6582280766035322,-2.0,"(0, 0, 0, 0, 1, 0, 0, 1, 0, 0, 1, 0, 1, 0, 0, 0, 0, 1, 1, 0, 1, 0, 1, 0, 0)",7.0,10.0,9.0,12.0,7.81,14.845333333333333,12.700666666666667,15.613333333333333,0.0,4.168076031459623,3.3450329503938656,4.352111710828004,12.0,8.0,4.0,8.0,0.10599727701836295,0.11143078060505382,0.059959419475689654,0.014469320617347079,3.0,2.0,5.0,7.035333333333333,4.890666666666667,7.803333333333334,4.168076031459623,3.3450329503938656,4.352111710828004,4.754566560813476,2.5630132244686172,5.722912593019534
23,5,1.4285714285714284,1.6582280766035322,-4.0,"(0, 0, 0, 0, 0, 1, 1, 0, 0, 0, 0, 1, 1, 0, 1, 0, 0, 0, 0, 0, 0, 1, 1, 1, 0)",6.0,10.0,11.0,12.0,9.282333333333334,13.197666666666667,15.886,18.317,0.0,3.621441146007267,3.3661385088577465,4.92510321032015,2.0,14.0,3.0,4.0,0.22674922373812756,0.061724167441676345,0.032849998069092064,0.03265902368909997,4.0,5.0,6.0,3.915333333333333,6.6036666666666655,9.034666666666666,3.621441146007267,3.3661385088577465,4.92510321032015,0.4873402765185071,5.36856009007326,6.814593505897649
23,6,1.7142857142857142,1.6582280766035322,-2.0,"(0, 1, 0, 0, 0, 0, 0, 1, 1, 0, 0, 0, 0, 0, 0, 0, 0, 1, 1, 0, 0, 1, 1, 1, 0)",4.0,6.0,7.0,10.0,5.311333333333334,7.667333333333334,10.197,15.905666666666667,0.0,3.2353319507483387,3.38636889139231,5.61088185615595,2.0,1.0,1.0,2.0,0.16781478096121444,0.20139891062610388,0.07054203121213543,0.010303429376225153,2.0,3.0,6.0,2.356,4.8856666666666655,10.594333333333333,3.2353319507483387,3.38636889139231,5.61088185615595,-1.4581329293854497,2.4861776661491497,8.263699157846885
23,7,2.0,1.6582280766035322,0.0,"(1, 1, 1, 0, 1, 0, 0, 0, 1, 0, 0, 1, 1, 1, 0, 0, 1, 0, 0, 1, 1, 0, 1, 1, 1)",10.0,12.0,10.0,14.0,12.563,14.979,14.496,17.812,0.0,1.6233408003474328,0.964231989410343,2.686403183123347,52.0,25.0,2.0,4.0,0.08995919945705018,0.06910862474469609,0.0967998035389521,0.037390335976770335,2.0,0.0,4.0,2.4159999999999986,1.9329999999999998,5.2490000000000006,1.6233408003474328,0.964231989410343,2.686403183123347,1.3144097400419694,1.606438314875117,4.249369990759707
24,0,0.0,1.6582280766035322,-3.0,"(1, 0, 0, 0, 1, 0, 1, 1, 1, 1, 0, 1, 0, 0, 0, 1, 1, 1, 0, 1, 0, 0, 0, 0, 1)",7.0,10.0,10.0,12.0,9.197333333333333,13.388666666666667,15.922333333333333,16.006333333333334,0.0,1.8555848548539633,1.7262799143917007,2.724643765045468,4.0,3.0,1.0,3.0,0.18719105159580088,0.06875044036043405,0.09692903175480792,0.021315705850181138,3.0,3.0,5.0,4.1913333333333345,6.725,6.809000000000001,1.8555848548539633,1.7262799143917007,2.724643765045468,3.873203706898475,8.289017993037692,6.772794183652301
24,1,0.2857142857142857,1.6582280766035322,-4.0,"(1, 0, 1, 1, 1, 1, 1, 1, 1, 1, 1, 1, 1, 1, 0, 0, 1, 1, 1, 1, 0, 1, 0, 0, 0)",9.0,13.0,13.0,16.0,13.14,18.408333333333335,17.471333333333334,20.387666666666668,0.0,2.5685860782806684,2.9397251589591487,3.2520892667002372,2.0,7.0,18.0,27.0,0.09526742169704261,0.026189830911211753,0.08881327440397185,0.047135366538837216,4.0,4.0,7.0,5.268333333333334,4.331333333333333,7.247666666666667,2.5685860782806684,2.9397251589591487,3.2520892667002372,4.476796698061648,2.307603746378257,6.625578626866876
24,2,0.5714285714285714,1.6582280766035322,-3.0,"(1, 0, 0, 0, 1, 0, 0, 0, 0, 1, 0, 1, 0, 0, 0, 0, 1, 0, 0, 0, 0, 0, 1, 0, 0)",5.0,8.0,9.0,12.0,6.075,13.128333333333334,14.723666666666666,16.376,0.0,4.3464092487201285,4.721914996666999,4.928124870370852,3.0,1.0,13.0,4.0,0.18714697506872766,0.012437852335212666,0.03124634567087007,0.02058003137665408,3.0,4.0,7.0,7.053333333333334,8.648666666666667,10.301000000000002,4.3464092487201285,4.721914996666999,4.928124870370852,4.488697518339932,6.5114498690432585,8.909452392035899
24,3,0.8571428571428571,1.6582280766035322,-4.0,"(1, 0, 0, 0, 1, 1, 1, 0, 0, 1, 0, 0, 0, 0, 1, 0, 1, 0, 0, 0, 0, 0, 1, 1, 1)",6.0,10.0,10.0,12.0,8.399666666666667,14.030333333333333,15.400333333333334,16.351,0.0,2.8243861838531696,2.5278028799744248,3.613490863617775,1.0,2.0,1.0,1.0,0.1860343125290267,0.014520256342097118,0.07098254869518389,0.010385465541195502,4.0,4.0,6.0,5.6306666666666665,7.0006666666666675,7.9513333333333325,2.8243861838531696,2.5278028799744248,3.613490863617775,4.653453087425857,7.417028313916269,7.193132175165545
24,4,1.1428571428571428,1.6582280766035322,-2.0,"(0, 0, 0, 0, 1, 0, 0, 1, 0, 0, 1, 0, 1, 0, 0, 0, 0, 1, 1, 0, 1, 0, 1, 0, 0)",7.0,10.0,9.0,12.0,7.81,14.845333333333333,12.700666666666667,15.613333333333333,0.0,4.168076031459623,3.3450329503938656,4.352111710828004,12.0,8.0,4.0,8.0,0.10599727701836295,0.11143078060505382,0.059959419475689654,0.014469320617347079,3.0,2.0,5.0,7.035333333333333,4.890666666666667,7.803333333333334,4.168076031459623,3.3450329503938656,4.352111710828004,4.754566560813476,2.5630132244686172,5.722912593019534
24,5,1.4285714285714284,1.6582280766035322,-4.0,"(0, 0, 0, 0, 0, 1, 1, 0, 0, 0, 0, 1, 1, 0, 1, 1, 1, 0, 0, 0, 0, 1, 1, 1, 0)",6.0,10.0,10.0,12.0,8.064666666666668,13.678666666666667,12.438666666666666,15.869666666666667,0.0,3.8515663535270237,3.3142451824382606,4.586981293122489,2.0,11.0,15.0,2.0,0.18250394250508378,0.02053100545644789,0.10504964140875767,0.011168724478089772,4.0,4.0,6.0,5.613999999999999,4.373999999999999,7.805,3.8515663535270237,3.3142451824382606,4.586981293122489,2.9225169557322315,1.7573151927967283,5.336208970779681
24,6,1.7142857142857142,1.6582280766035322,-2.0,"(0, 1, 0, 0, 0, 0, 0, 1, 1, 0, 0, 0, 0, 0, 0, 0, 0, 1, 1, 0, 0, 1, 1, 1, 0)",4.0,6.0,7.0,10.0,5.311333333333334,7.667333333333334,10.197,15.905666666666667,0.0,3.2353319507483387,3.38636889139231,5.61088185615595,2.0,1.0,1.0,2.0,0.16781478096121444,0.20139891062610388,0.07054203121213543,0.010303429376225153,2.0,3.0,6.0,2.356,4.8856666666666655,10.594333333333333,3.2353319507483387,3.38636889139231,5.61088185615595,-1.4581329293854497,2.4861776661491497,8.263699157846885
24,7,2.0,1.6582280766035322,0.0,"(1, 1, 1, 0, 1, 0, 0, 0, 1, 0, 0, 1, 1, 1, 0, 0, 1, 0, 0, 1, 1, 0, 1, 1, 1)",10.0,12.0,10.0,14.0,12.563,14.979,14.496,17.812,0.0,1.6233408003474328,0.964231989410343,2.686403183123347,52.0,25.0,2.0,4.0,0.08995919945705018,0.06910862474469609,0.0967998035389521,0.037390335976770335,2.0,0.0,4.0,2.4159999999999986,1.9329999999999998,5.2490000000000006,1.6233408003474328,0.964231989410343,2.686403183123347,1.3144097400419694,1.606438314875117,4.249369990759707
25,0,0.0,1.6582280766035322,-3.0,"(1, 0, 0, 0, 1, 0, 1, 1, 1, 1, 0, 1, 0, 0, 0, 1, 1, 1, 0, 1, 0, 0, 0, 0, 1)",7.0,10.0,10.0,12.0,9.197333333333333,13.388666666666667,15.922333333333333,16.006333333333334,0.0,1.8555848548539633,1.7262799143917007,2.724643765045468,4.0,3.0,1.0,3.0,0.18719105159580088,0.06875044036043405,0.09692903175480792,0.021315705850181138,3.0,3.0,5.0,4.1913333333333345,6.725,6.809000000000001,1.8555848548539633,1.7262799143917007,2.724643765045468,3.873203706898475,8.289017993037692,6.772794183652301
25,1,0.2857142857142857,1.6582280766035322,-4.0,"(1, 0, 1, 1, 1, 1, 1, 1, 1, 1, 1, 1, 1, 1, 0, 0, 1, 1, 1, 1, 0, 1, 0, 0, 0)",9.0,13.0,13.0,16.0,13.14,18.408333333333335,17.471333333333334,20.387666666666668,0.0,2.5685860782806684,2.9397251589591487,3.2520892667002372,2.0,7.0,18.0,27.0,0.09526742169704261,0.026189830911211753,0.08881327440397185,0.047135366538837216,4.0,4.0,7.0,5.268333333333334,4.331333333333333,7.247666666666667,2.5685860782806684,2.9397251589591487,3.2520892667002372,4.476796698061648,2.307603746378257,6.625578626866876
25,2,0.5714285714285714,1.6582280766035322,-3.0,"(1, 0, 0, 0, 1, 0, 0, 0, 0, 1, 0, 1, 0, 0, 0, 0, 1, 0, 0, 0, 0, 0, 1, 0, 0)",5.0,8.0,9.0,12.0,6.075,13.128333333333334,14.723666666666666,16.376,0.0,4.3464092487201285,4.721914996666999,4.928124870370852,3.0,1.0,13.0,4.0,0.18714697506872766,0.012437852335212666,0.03124634567087007,0.02058003137665408,3.0,4.0,7.0,7.053333333333334,8.648666666666667,10.301000000000002,4.3464092487201285,4.721914996666999,4.928124870370852,4.488697518339932,6.5114498690432585,8.909452392035899
25,3,0.8571428571428571,1.6582280766035322,-4.0,"(1, 0, 0, 0, 1, 1, 1, 0, 0, 1, 0, 0, 0, 0, 1, 0, 1, 0, 0, 0, 0, 0, 1, 1, 1)",6.0,10.0,10.0,12.0,8.399666666666667,14.030333333333333,15.400333333333334,16.351,0.0,2.8243861838531696,2.5278028799744248,3.613490863617775,1.0,2.0,1.0,1.0,0.1860343125290267,0.014520256342097118,0.07098254869518389,0.010385465541195502,4.0,4.0,6.0,5.6306666666666665,7.0006666666666675,7.9513333333333325,2.8243861838531696,2.5278028799744248,3.613490863617775,4.653453087425857,7.417028313916269,7.193132175165545
25,4,1.1428571428571428,1.6582280766035322,-2.0,"(0, 0, 0, 0, 1, 0, 0, 1, 0, 0, 1, 0, 1, 0, 0, 0, 0, 1, 1, 0, 1, 0, 1, 0, 0)",7.0,10.0,9.0,12.0,7.81,14.845333333333333,12.700666666666667,15.613333333333333,0.0,4.168076031459623,3.3450329503938656,4.352111710828004,12.0,8.0,4.0,8.0,0.10599727701836295,0.11143078060505382,0.059959419475689654,0.014469320617347079,3.0,2.0,5.0,7.035333333333333,4.890666666666667,7.803333333333334,4.168076031459623,3.3450329503938656,4.352111710828004,4.754566560813476,2.5630132244686172,5.722912593019534
25,5,1.4285714285714284,1.6582280766035322,-4.0,"(0, 0, 0, 0, 0, 1, 1, 0, 0, 0, 1, 1, 1, 0, 0, 1, 1, 0, 0, 0, 0, 1, 1, 1, 0)",5.0,9.0,9.0,12.0,7.6963333333333335,13.992333333333333,13.792333333333334,15.943,0.0,3.6674477627548128,3.8518703620077357,5.139880595753123,1.0,8.0,2.0,1.0,0.24902766703433524,0.05374757200887711,0.020492604550558454,0.013033432681380422,4.0,4.0,7.0,6.295999999999999,6.096,8.246666666666666,3.6674477627548128,3.8518703620077357,5.139880595753123,4.358739120618997,3.7212787732568935,5.151759890789609
25,6,1.7142857142857142,1.6582280766035322,-2.0,"(0, 1, 0, 0, 0, 0, 0, 1, 1, 0, 0, 0, 0, 0, 0, 0, 0, 1, 1, 0, 0, 1, 1, 1, 0)",4.0,6.0,7.0,10.0,5.311333333333334,7.667333333333334,10.197,15.905666666666667,0.0,3.2353319507483387,3.38636889139231,5.61088185615595,2.0,1.0,1.0,2.0,0.16781478096121444,0.20139891062610388,0.07054203121213543,0.010303429376225153,2.0,3.0,6.0,2.356,4.8856666666666655,10.594333333333333,3.2353319507483387,3.38636889139231,5.61088185615595,-1.4581329293854497,2.4861776661491497,8.263699157846885
25,7,2.0,1.6582280766035322,0.0,"(1, 1, 1, 0, 1, 0, 0, 0, 1, 0, 0, 1, 1, 1, 0, 0, 1, 0, 0, 1, 1, 0, 1, 1, 1)",10.0,12.0,10.0,14.0,12.563,14.979,14.496,17.812,0.0,1.6233408003474328,0.964231989410343,2.686403183123347,52.0,25.0,2.0,4.0,0.08995919945705018,0.06910862474469609,0.0967998035389521,0.037390335976770335,2.0,0.0,4.0,2.4159999999999986,1.9329999999999998,5.2490000000000006,1.6233408003474328,0.964231989410343,2.686403183123347,1.3144097400419694,1.606438314875117,4.249369990759707
26,0,0.0,1.6582280766035322,-3.0,"(1, 0, 0, 0, 1, 0, 1, 1, 1, 1, 0, 1, 0, 0, 0, 1, 1, 1, 0, 1, 0, 0, 0, 0, 1)",7.0,10.0,10.0,12.0,9.197333333333333,13.388666666666667,15.922333333333333,16.006333333333334,0.0,1.8555848548539633,1.7262799143917007,2.724643765045468,4.0,3.0,1.0,3.0,0.18719105159580088,0.06875044036043405,0.09692903175480792,0.021315705850181138,3.0,3.0,5.0,4.1913333333333345,6.725,6.809000000000001,1.8555848548539633,1.7262799143917007,2.724643765045468,3.873203706898475,8.289017993037692,6.772794183652301
26,1,0.2857142857142857,1.6582280766035322,-2.0,"(1, 0, 1, 1, 1, 1, 1, 1, 1, 1, 1, 1, 0, 0, 0, 0, 1, 1, 1, 1, 0, 1, 0, 0, 0)",9.0,11.0,12.0,13.0,12.656666666666666,16.060333333333332,17.394333333333332,17.623666666666665,0.0,2.4962228474933306,1.610332922324301,3.7119343370988043,16.0,11.0,2.0,5.0,0.20340786294035026,0.06098633717841933,0.029334777989608,0.007293288918723318,2.0,3.0,4.0,3.403666666666666,4.737666666666666,4.966999999999999,2.4962228474933306,1.610332922324301,3.7119343370988043,1.5047488188935638,5.185832619778162,2.0811851202037848
26,2,0.5714285714285714,1.6582280766035322,-3.0,"(1, 0, 0, 0, 1, 0, 1, 1, 0, 1, 0, 1, 0, 0, 0, 0, 1, 0, 0, 0, 0, 0, 1, 0, 0)",6.0,9.0,10.0,11.0,7.821666666666666,13.031,14.250333333333334,15.128666666666666,0.0,2.960379310891065,3.003484028504554,4.679280110341881,6.0,5.0,4.0,6.0,0.24095327749261677,0.10536197726711992,0.022694120608742187,0.020039214220158964,3.0,4.0,5.0,5.209333333333334,6.428666666666667,7.3069999999999995,2.960379310891065,3.003484028504554,4.679280110341881,3.7292787030042214,5.679734018095373,4.357358898480628
26,3,0.8571428571428571,1.6582280766035322,-4.0,"(1, 0, 0, 0, 1, 1, 1, 0, 0, 1, 0, 0, 0, 0, 1, 0, 1, 0, 0, 0, 0, 0, 1, 1, 1)",6.0,10.0,10.0,12.0,8.399666666666667,14.030333333333333,15.400333333333334,16.351,0.0,2.8243861838531696,2.5278028799744248,3.613490863617775,1.0,2.0,1.0,1.0,0.1860343125290267,0.014520256342097118,0.07098254869518389,0.010385465541195502,4.0,4.0,6.0,5.6306666666666665,7.0006666666666675,7.9513333333333325,2.8243861838531696,2.5278028799744248,3.613490863617775,4.653453087425857,7.417028313916269,7.193132175165545
26,4,1.1428571428571428,1.6582280766035322,-2.0,"(0, 0, 0, 0, 1, 0, 0, 1, 0, 0, 1, 0, 1, 0, 0, 0, 0, 1, 1, 0, 1, 0, 1, 0, 0)",7.0,10.0,9.0,12.0,7.81,14.845333333333333,12.700666666666667,15.613333333333333,0.0,4.168076031459623,3.3450329503938656,4.352111710828004,12.0,8.0,4.0,8.0,0.10599727701836295,0.11143078060505382,0.059959419475689654,0.014469320617347079,3.0,2.0,5.0,7.035333333333333,4.890666666666667,7.803333333333334,4.168076031459623,3.3450329503938656,4.352111710828004,4.754566560813476,2.5630132244686172,5.722912593019534
26,5,1.4285714285714284,1.6582280766035322,-3.0,"(0, 1, 1, 0, 0, 1, 1, 0, 0, 0, 1, 1, 1, 0, 0, 1, 1, 0, 0, 0, 0, 1, 1, 1, 0)",6.0,9.0,10.0,13.0,8.629,12.000666666666667,14.379666666666667,16.174666666666667,0.0,1.7179887740086832,2.677789609503214,2.8509178330788267,1.0,3.0,2.0,7.0,0.195454679896905,0.06695016082535606,0.021922807884177963,0.05596290525225889,3.0,4.0,7.0,3.371666666666668,5.7506666666666675,7.545666666666667,1.7179887740086832,2.677789609503214,2.8509178330788267,2.7421751112640322,5.095531012139276,7.7849643284570424
26,6,1.7142857142857142,1.6582280766035322,-2.0,"(0, 1, 0, 0, 0, 0, 0, 1, 1, 0, 0, 0, 0, 0, 0, 0, 0, 1, 1, 0, 0, 1, 1, 1, 0)",4.0,6.0,7.0,10.0,5.311333333333334,7.667333333333334,10.197,15.905666666666667,0.0,3.2353319507483387,3.38636889139231,5.61088185615595,2.0,1.0,1.0,2.0,0.16781478096121444,0.20139891062610388,0.07054203121213543,0.010303429376225153,2.0,3.0,6.0,2.356,4.8856666666666655,10.594333333333333,3.2353319507483387,3.38636889139231,5.61088185615595,-1.4581329293854497,2.4861776661491497,8.263699157846885
26,7,2.0,1.6582280766035322,0.0,"(1, 1, 1, 0, 1, 0, 0, 0, 1, 0, 0, 1, 1, 1, 0, 0, 1, 0, 0, 1, 1, 0, 1, 1, 1)",10.0,12.0,10.0,14.0,12.563,14.979,14.496,17.812,0.0,1.6233408003474328,0.964231989410343,2.686403183123347,52.0,25.0,2.0,4.0,0.08995919945705018,0.06910862474469609,0.0967998035389521,0.037390335976770335,2.0,0.0,4.0,2.4159999999999986,1.9329999999999998,5.2490000000000006,1.6233408003474328,0.964231989410343,2.686403183123347,1.3144097400419694,1.606438314875117,4.249369990759707
27,0,0.0,1.6582280766035322,-3.0,"(1, 0, 0, 0, 1, 0, 1, 1, 1, 1, 0, 1, 0, 0, 0, 1, 1, 1, 0, 1, 0, 0, 0, 0, 1)",7.0,10.0,10.0,12.0,9.197333333333333,13.388666666666667,15.922333333333333,16.006333333333334,0.0,1.8555848548539633,1.7262799143917007,2.724643765045468,4.0,3.0,1.0,3.0,0.18719105159580088,0.06875044036043405,0.09692903175480792,0.021315705850181138,3.0,3.0,5.0,4.1913333333333345,6.725,6.809000000000001,1.8555848548539633,1.7262799143917007,2.724643765045468,3.873203706898475,8.289017993037692,6.772794183652301
27,1,0.2857142857142857,1.6582280766035322,-3.0,"(1, 0, 1, 1, 1, 1, 1, 0, 1, 1, 1, 1, 1, 0, 0, 0, 1, 1, 1, 1, 0, 1, 0, 0, 0)",8.0,12.0,11.0,14.0,11.465,17.957333333333334,16.426,18.639333333333333,0.0,2.7915716926928256,2.918011583533846,3.287077879116573,2.0,1.0,6.0,6.0,0.16089163322427227,0.019636210332183913,0.05663344809104588,0.014922617090879617,4.0,3.0,6.0,6.492333333333335,4.9609999999999985,7.174333333333333,2.7915716926928256,2.918011583533846,3.287077879116573,6.136706857327444,3.387740752359964,6.445956135112448
27,2,0.5714285714285714,1.6582280766035322,-3.0,"(1, 0, 0, 0, 1, 0, 1, 1, 0, 1, 0, 1, 0, 0, 0, 0, 1, 0, 0, 0, 0, 0, 1, 0, 0)",6.0,9.0,10.0,11.0,7.821666666666666,13.031,14.250333333333334,15.128666666666666,0.0,2.960379310891065,3.003484028504554,4.679280110341881,6.0,5.0,4.0,6.0,0.24095327749261677,0.10536197726711992,0.022694120608742187,0.020039214220158964,3.0,4.0,5.0,5.209333333333334,6.428666666666667,7.3069999999999995,2.960379310891065,3.003484028504554,4.679280110341881,3.7292787030042214,5.679734018095373,4.357358898480628
27,3,0.8571428571428571,1.6582280766035322,-4.0,"(1, 0, 0, 0, 1, 1, 1, 0, 0, 1, 0, 0, 0, 0, 1, 0, 0, 0, 0, 0, 0, 1, 1, 1, 1)",5.0,9.0,10.0,12.0,9.739666666666666,12.429666666666666,12.161666666666667,15.713333333333333,0.0,3.95266299193062,3.4290959014994615,5.490135215044601,1.0,3.0,14.0,7.0,0.15273103317417344,0.06638196182535003,0.0630961450293995,0.0205045065978543,4.0,5.0,7.0,2.6899999999999995,2.4220000000000006,5.9736666666666665,3.95266299193062,3.4290959014994615,5.490135215044601,-2.093783224507574,-1.6699946996987514,0.8018054290005712
27,4,1.1428571428571428,1.6582280766035322,-2.0,"(0, 0, 0, 0, 1, 0, 0, 1, 0, 0, 1, 0, 1, 0, 0, 0, 0, 1, 1, 0, 1, 0, 1, 0, 0)",7.0,10.0,9.0,12.0,7.81,14.845333333333333,12.700666666666667,15.613333333333333,0.0,4.168076031459623,3.3450329503938656,4.352111710828004,12.0,8.0,4.0,8.0,0.10599727701836295,0.11143078060505382,0.059959419475689654,0.014469320617347079,3.0,2.0,5.0,7.035333333333333,4.890666666666667,7.803333333333334,4.168076031459623,3.3450329503938656,4.352111710828004,4.754566560813476,2.5630132244686172,5.722912593019534
27,5,1.4285714285714284,1.6582280766035322,-2.0,"(0, 1, 0, 0, 0, 1, 1, 1, 0, 0, 1, 1, 1, 0, 0, 1, 1, 0, 0, 0, 0, 1, 1, 1, 0)",6.0,8.0,9.0,12.0,9.214,12.273666666666667,12.345333333333333,16.726,0.0,2.2930806957311947,3.5244900777951815,4.941151173150392,4.0,2.0,1.0,2.0,0.18713009473199047,0.04977821693096377,0.09152693363291502,0.02329247095756482,2.0,3.0,6.0,3.0596666666666668,3.131333333333332,7.511999999999999,2.2930806957311947,3.5244900777951815,4.941151173150392,1.271174380135579,-0.6519435521726789,4.26305370538527
27,6,1.7142857142857142,1.6582280766035322,-2.0,"(0, 1, 0, 0, 0, 0, 0, 1, 1, 0, 0, 0, 0, 0, 0, 0, 0, 1, 1, 0, 0, 1, 1, 1, 0)",4.0,6.0,7.0,10.0,5.311333333333334,7.667333333333334,10.197,15.905666666666667,0.0,3.2353319507483387,3.38636889139231,5.61088185615595,2.0,1.0,1.0,2.0,0.16781478096121444,0.20139891062610388,0.07054203121213543,0.010303429376225153,2.0,3.0,6.0,2.356,4.8856666666666655,10.594333333333333,3.2353319507483387,3.38636889139231,5.61088185615595,-1.4581329293854497,2.4861776661491497,8.263699157846885
27,7,2.0,1.6582280766035322,0.0,"(1, 1, 1, 0, 1, 0, 0, 0, 1, 0, 0, 1, 1, 1, 0, 0, 1, 0, 0, 1, 1, 0, 1, 1, 1)",10.0,12.0,10.0,14.0,12.563,14.979,14.496,17.812,0.0,1.6233408003474328,0.964231989410343,2.686403183123347,52.0,25.0,2.0,4.0,0.08995919945705018,0.06910862474469609,0.0967998035389521,0.037390335976770335,2.0,0.0,4.0,2.4159999999999986,1.9329999999999998,5.2490000000000006,1.6233408003474328,0.964231989410343,2.686403183123347,1.3144097400419694,1.606438314875117,4.249369990759707
28,0,0.0,1.6582280766035322,-3.0,"(1, 0, 0, 0, 1, 0, 1, 1, 1, 1, 0, 1, 0, 0, 0, 1, 1, 1, 0, 1, 0, 0, 0, 0, 1)",7.0,10.0,10.0,12.0,9.197333333333333,13.388666666666667,15.922333333333333,16.006333333333334,0.0,1.8555848548539633,1.7262799143917007,2.724643765045468,4.0,3.0,1.0,3.0,0.18719105159580088,0.06875044036043405,0.09692903175480792,0.021315705850181138,3.0,3.0,5.0,4.1913333333333345,6.725,6.809000000000001,1.8555848548539633,1.7262799143917007,2.724643765045468,3.873203706898475,8.289017993037692,6.772794183652301
28,1,0.2857142857142857,1.6582280766035322,-3.0,"(1, 0, 1, 1, 1, 1, 1, 0, 1, 1, 1, 1, 1, 0, 0, 0, 1, 1, 1, 1, 0, 1, 0, 0, 0)",8.0,12.0,11.0,14.0,11.465,17.957333333333334,16.426,18.639333333333333,0.0,2.7915716926928256,2.918011583533846,3.287077879116573,2.0,1.0,6.0,6.0,0.16089163322427227,0.019636210332183913,0.05663344809104588,0.014922617090879617,4.0,3.0,6.0,6.492333333333335,4.9609999999999985,7.174333333333333,2.7915716926928256,2.918011583533846,3.287077879116573,6.136706857327444,3.387740752359964,6.445956135112448
28,2,0.5714285714285714,1.6582280766035322,-2.0,"(1, 0, 0, 0, 1, 0, 1, 1, 0, 1, 0, 0, 0, 0, 0, 0, 0, 0, 0, 0, 0, 0, 1, 0, 0)",5.0,8.0,7.0,12.0,6.429,11.178333333333333,11.824,15.866,0.0,3.40175356299191,2.31900432799543,5.190327578794682,6.0,4.0,2.0,14.0,0.21272904482973426,0.0945990163674306,0.053812108761592405,0.02095678009543149,3.0,2.0,7.0,4.7493333333333325,5.395,9.437,3.40175356299191,2.31900432799543,5.190327578794682,2.234594610643087,5.100702386828927,7.041951440980558
28,3,0.8571428571428571,1.6582280766035322,-2.0,"(1, 0, 0, 0, 1, 1, 1, 0, 1, 1, 0, 0, 0, 1, 1, 0, 0, 0, 0, 0, 0, 1, 1, 1, 1)",6.0,8.0,9.0,12.0,10.911,13.663,12.528,16.489333333333335,0.0,3.302471763094375,3.240269785465336,5.031920735588028,2.0,1.0,2.0,2.0,0.1528729674455469,0.04446866038989104,0.03962592684434014,0.030830744260797176,2.0,3.0,6.0,2.7520000000000007,1.6170000000000009,5.578333333333335,3.302471763094375,3.240269785465336,5.031920735588028,-0.9128077329405395,-2.691751534160811,0.9060767109911395
28,4,1.1428571428571428,1.6582280766035322,-2.0,"(0, 0, 0, 0, 1, 0, 0, 1, 0, 0, 1, 0, 1, 0, 0, 0, 0, 1, 1, 0, 1, 0, 1, 0, 0)",7.0,10.0,9.0,12.0,7.81,14.845333333333333,12.700666666666667,15.613333333333333,0.0,4.168076031459623,3.3450329503938656,4.352111710828004,12.0,8.0,4.0,8.0,0.10599727701836295,0.11143078060505382,0.059959419475689654,0.014469320617347079,3.0,2.0,5.0,7.035333333333333,4.890666666666667,7.803333333333334,4.168076031459623,3.3450329503938656,4.352111710828004,4.754566560813476,2.5630132244686172,5.722912593019534
28,5,1.4285714285714284,1.6582280766035322,-2.0,"(0, 1, 0, 0, 0, 1, 1, 1, 0, 0, 1, 1, 1, 0, 0, 1, 1, 0, 0, 0, 0, 1, 1, 1, 0)",6.0,8.0,9.0,12.0,9.214,12.273666666666667,12.345333333333333,16.726,0.0,2.2930806957311947,3.5244900777951815,4.941151173150392,4.0,2.0,1.0,2.0,0.18713009473199047,0.04977821693096377,0.09152693363291502,0.02329247095756482,2.0,3.0,6.0,3.0596666666666668,3.131333333333332,7.511999999999999,2.2930806957311947,3.5244900777951815,4.941151173150392,1.271174380135579,-0.6519435521726789,4.26305370538527
28,6,1.7142857142857142,1.6582280766035322,-2.0,"(0, 1, 0, 0, 0, 0, 0, 1, 0, 0, 0, 0, 0, 1, 0, 0, 0, 1, 1, 0, 0, 1, 1, 1, 0)",5.0,7.0,8.0,12.0,5.821666666666666,13.378666666666666,9.530333333333333,16.670666666666666,0.0,4.255289615910768,5.344570427053422,6.468148922247162,5.0,2.0,2.0,2.0,0.1373996747260538,0.06489144891261593,0.1807146606746761,0.02050582752853696,2.0,3.0,7.0,7.5569999999999995,3.708666666666667,10.849,4.255289615910768,5.344570427053422,6.468148922247162,5.474988859710196,-2.712701546094615,7.264450256548599
28,7,2.0,1.6582280766035322,0.0,"(1, 1, 1, 0, 1, 0, 0, 0, 1, 0, 0, 1, 1, 1, 0, 0, 1, 0, 0, 1, 1, 0, 1, 1, 1)",10.0,12.0,10.0,14.0,12.563,14.979,14.496,17.812,0.0,1.6233408003474328,0.964231989410343,2.686403183123347,52.0,25.0,2.0,4.0,0.08995919945705018,0.06910862474469609,0.0967998035389521,0.037390335976770335,2.0,0.0,4.0,2.4159999999999986,1.9329999999999998,5.2490000000000006,1.6233408003474328,0.964231989410343,2.686403183123347,1.3144097400419694,1.606438314875117,4.249369990759707
29,0,0.0,1.6582280766035322,-3.0,"(1, 0, 0, 0, 1, 0, 1, 1, 1, 1, 0, 1, 0, 0, 0, 1, 1, 1, 0, 1, 0, 0, 0, 0, 1)",7.0,10.0,10.0,12.0,9.197333333333333,13.388666666666667,15.922333333333333,16.006333333333334,0.0,1.8555848548539633,1.7262799143917007,2.724643765045468,4.0,3.0,1.0,3.0,0.18719105159580088,0.06875044036043405,0.09692903175480792,0.021315705850181138,3.0,3.0,5.0,4.1913333333333345,6.725,6.809000000000001,1.8555848548539633,1.7262799143917007,2.724643765045468,3.873203706898475,8.289017993037692,6.772794183652301
29,1,0.2857142857142857,1.6582280766035322,-3.0,"(1, 0, 1, 1, 1, 1, 1, 0, 1, 1, 1, 1, 1, 0, 0, 0, 1, 1, 1, 1, 0, 1, 0, 0, 0)",8.0,12.0,11.0,14.0,11.465,17.957333333333334,16.426,18.639333333333333,0.0,2.7915716926928256,2.918011583533846,3.287077879116573,2.0,1.0,6.0,6.0,0.16089163322427227,0.019636210332183913,0.05663344809104588,0.014922617090879617,4.0,3.0,6.0,6.492333333333335,4.9609999999999985,7.174333333333333,2.7915716926928256,2.918011583533846,3.287077879116573,6.136706857327444,3.387740752359964,6.445956135112448
29,2,0.5714285714285714,1.6582280766035322,-2.0,"(1, 0, 0, 0, 1, 0, 1, 1, 0, 1, 0, 0, 0, 1, 1, 0, 0, 0, 0, 0, 0, 0, 1, 0, 0)",6.0,9.0,8.0,12.0,7.141666666666667,14.636,11.219,15.640333333333333,0.0,2.1289161161474452,2.7916730288530633,4.6108782021819845,6.0,4.0,2.0,27.0,0.3942595471131984,0.017074900488446666,0.023636747591144897,0.020765287901643018,3.0,2.0,6.0,7.494333333333333,4.077333333333333,8.498666666666665,2.1289161161474452,2.7916730288530633,4.6108782021819845,8.89708547222963,2.131918013863829,6.446839987703831
29,3,0.8571428571428571,1.6582280766035322,-2.0,"(1, 0, 0, 0, 1, 1, 1, 0, 1, 1, 0, 0, 0, 1, 1, 0, 0, 0, 0, 0, 0, 1, 1, 1, 1)",6.0,8.0,9.0,12.0,10.911,13.663,12.528,16.489333333333335,0.0,3.302471763094375,3.240269785465336,5.031920735588028,2.0,1.0,2.0,2.0,0.1528729674455469,0.04446866038989104,0.03962592684434014,0.030830744260797176,2.0,3.0,6.0,2.7520000000000007,1.6170000000000009,5.578333333333335,3.302471763094375,3.240269785465336,5.031920735588028,-0.9128077329405395,-2.691751534160811,0.9060767109911395
29,4,1.1428571428571428,1.6582280766035322,-4.0,"(0, 0, 0, 0, 1, 0, 0, 1, 0, 0, 1, 0, 1, 0, 0, 0, 0, 1, 1, 0, 0, 0, 1, 0, 1)",6.0,10.0,11.0,13.0,8.176666666666666,12.754,14.314333333333334,17.961666666666666,0.0,2.4527312099953016,2.793533929250141,4.4937059638135395,1.0,12.0,13.0,13.0,0.23969515936198912,0.1036572769183408,0.016082302442051975,0.002910067151537923,4.0,5.0,7.0,4.577333333333334,6.137666666666668,9.785,2.4527312099953016,2.793533929250141,4.4937059638135395,3.5230748925306057,5.545334797073113,8.774172332369215
29,5,1.4285714285714284,1.6582280766035322,-3.0,"(0, 1, 0, 0, 0, 0, 0, 1, 0, 0, 1, 1, 1, 0, 0, 1, 1, 0, 0, 0, 0, 1, 1, 1, 0)",5.0,8.0,8.0,12.0,6.1,12.628333333333334,12.385666666666667,15.392666666666667,0.0,3.694642703211108,3.550072852065891,5.215937990200002,2.0,2.0,1.0,12.0,0.22145651073496087,0.02727926376751329,0.08508534571970099,0.0137861306177011,3.0,3.0,7.0,6.528333333333334,6.285666666666668,9.292666666666667,3.694642703211108,3.550072852065891,5.215937990200002,4.698905363277031,4.5362384695539655,6.760145952011782
29,6,1.7142857142857142,1.6582280766035322,-2.0,"(0, 1, 0, 0, 0, 0, 0, 1, 0, 0, 0, 0, 0, 1, 0, 0, 0, 1, 1, 0, 0, 1, 1, 1, 0)",5.0,7.0,8.0,12.0,5.821666666666666,13.378666666666666,9.530333333333333,16.670666666666666,0.0,4.255289615910768,5.344570427053422,6.468148922247162,5.0,2.0,2.0,2.0,0.1373996747260538,0.06489144891261593,0.1807146606746761,0.02050582752853696,2.0,3.0,7.0,7.5569999999999995,3.708666666666667,10.849,4.255289615910768,5.344570427053422,6.468148922247162,5.474988859710196,-2.712701546094615,7.264450256548599
29,7,2.0,1.6582280766035322,0.0,"(1, 1, 1, 0, 1, 0, 0, 0, 1, 0, 0, 1, 1, 1, 0, 0, 1, 0, 0, 1, 1, 0, 1, 1, 1)",10.0,12.0,10.0,14.0,12.563,14.979,14.496,17.812,0.0,1.6233408003474328,0.964231989410343,2.686403183123347,52.0,25.0,2.0,4.0,0.08995919945705018,0.06910862474469609,0.0967998035389521,0.037390335976770335,2.0,0.0,4.0,2.4159999999999986,1.9329999999999998,5.2490000000000006,1.6233408003474328,0.964231989410343,2.686403183123347,1.3144097400419694,1.606438314875117,4.249369990759707
30,0,0.0,1.6582280766035322,-3.0,"(1, 0, 1, 1, 1, 1, 1, 0, 1, 1, 1, 1, 1, 0, 0, 0, 1, 1, 1, 1, 0, 1, 0, 0, 0)",8.0,12.0,11.0,14.0,11.465,17.957333333333334,16.426,18.639333333333333,0.0,2.7915716926928256,2.918011583533846,3.287077879116573,2.0,1.0,6.0,6.0,0.16089163322427227,0.019636210332183913,0.05663344809104588,0.014922617090879617,4.0,3.0,6.0,6.492333333333335,4.9609999999999985,7.174333333333333,2.7915716926928256,2.918011583533846,3.287077879116573,6.136706857327444,3.387740752359964,6.445956135112448
30,1,0.2857142857142857,1.6582280766035322,-2.0,"(1, 0, 0, 0, 1, 0, 1, 1, 0, 1, 1, 0, 0, 1, 1, 1, 0, 0, 0, 0, 0, 0, 1, 0, 0)",7.0,10.0,9.0,14.0,11.14,13.931,16.515666666666668,18.066333333333333,0.0,4.06959570846578,3.482223686598198,5.13525598189504,6.0,3.0,2.0,11.0,0.1859491244711806,0.0380466327937234,0.045407982689878584,0.02162671475443633,3.0,2.0,7.0,2.7909999999999986,5.3756666666666675,6.926333333333332,4.06959570846578,3.482223686598198,5.13525598189504,-2.1202033024027434,3.139760310997398,2.970014751523668
30,2,0.5714285714285714,1.6582280766035322,-2.0,"(1, 0, 0, 0, 1, 1, 1, 0, 1, 1, 0, 0, 0, 1, 1, 0, 0, 0, 0, 0, 0, 0, 0, 1, 1)",5.0,7.0,9.0,11.0,6.479,10.330333333333334,12.552666666666667,15.222666666666667,0.0,3.2892796375071747,3.694965136448227,5.257679275839397,2.0,1.0,1.0,1.0,0.1813381787568878,0.13356624353807384,0.021569927239273774,0.023023974986506192,2.0,4.0,6.0,3.8513333333333337,6.073666666666667,8.743666666666666,3.2892796375071747,3.694965136448227,5.257679275839397,0.9320132189777185,3.9444296632680023,5.780562166155668
30,3,0.8571428571428571,1.6582280766035322,-4.0,"(0, 0, 0, 0, 1, 0, 0, 1, 0, 0, 1, 0, 1, 0, 0, 0, 0, 1, 1, 0, 0, 0, 1, 0, 1)",6.0,10.0,11.0,13.0,8.176666666666666,12.754,14.314333333333334,17.961666666666666,0.0,2.4527312099953016,2.793533929250141,4.4937059638135395,1.0,12.0,13.0,13.0,0.23969515936198912,0.1036572769183408,0.016082302442051975,0.002910067151537923,4.0,5.0,7.0,4.577333333333334,6.137666666666668,9.785,2.4527312099953016,2.793533929250141,4.4937059638135395,3.5230748925306057,5.545334797073113,8.774172332369215
30,4,1.1428571428571428,1.6582280766035322,-3.0,"(0, 1, 0, 0, 0, 0, 0, 1, 0, 0, 1, 1, 1, 0, 0, 1, 1, 0, 0, 0, 0, 1, 1, 1, 0)",5.0,8.0,8.0,12.0,6.1,12.628333333333334,12.385666666666667,15.392666666666667,0.0,3.694642703211108,3.550072852065891,5.215937990200002,2.0,2.0,1.0,12.0,0.22145651073496087,0.02727926376751329,0.08508534571970099,0.0137861306177011,3.0,3.0,7.0,6.528333333333334,6.285666666666668,9.292666666666667,3.694642703211108,3.550072852065891,5.215937990200002,4.698905363277031,4.5362384695539655,6.760145952011782
30,5,1.4285714285714284,1.6582280766035322,-2.0,"(0, 1, 0, 0, 0, 0, 0, 1, 0, 0, 0, 0, 0, 1, 0, 0, 0, 1, 1, 0, 0, 1, 1, 1, 0)",5.0,7.0,8.0,12.0,5.821666666666666,13.378666666666666,9.530333333333333,16.670666666666666,0.0,4.255289615910768,5.344570427053422,6.468148922247162,5.0,2.0,2.0,2.0,0.1373996747260538,0.06489144891261593,0.1807146606746761,0.02050582752853696,2.0,3.0,7.0,7.5569999999999995,3.708666666666667,10.849,4.255289615910768,5.344570427053422,6.468148922247162,5.474988859710196,-2.712701546094615,7.264450256548599
30,6,1.7142857142857142,1.6582280766035322,0.0,"(1, 1, 1, 0, 1, 0, 0, 0, 1, 0, 0, 1, 1, 1, 0, 0, 1, 0, 0, 1, 1, 0, 1, 1, 1)",10.0,12.0,10.0,14.0,12.563,14.979,14.496,17.812,0.0,1.6233408003474328,0.964231989410343,2.686403183123347,52.0,25.0,2.0,4.0,0.08995919945705018,0.06910862474469609,0.0967998035389521,0.037390335976770335,2.0,0.0,4.0,2.4159999999999986,1.9329999999999998,5.2490000000000006,1.6233408003474328,0.964231989410343,2.686403183123347,1.3144097400419694,1.606438314875117,4.249369990759707
30,7,2.0,1.6582280766035322,-3.0,"(1, 0, 0, 0, 1, 0, 1, 1, 1, 1, 0, 1, 0, 0, 0, 1, 1, 1, 0, 1, 0, 0, 0, 0, 1)",7.0,10.0,10.0,12.0,9.197333333333333,13.388666666666667,15.922333333333333,16.006333333333334,0.0,1.8555848548539633,1.7262799143917007,2.724643765045468,4.0,3.0,1.0,3.0,0.18719105159580088,0.06875044036043405,0.09692903175480792,0.021315705850181138,3.0,3.0,5.0,4.1913333333333345,6.725,6.809000000000001,1.8555848548539633,1.7262799143917007,2.724643765045468,3.873203706898475,8.289017993037692,6.772794183652301
31,0,0.0,1.6582280766035322,-3.0,"(1, 0, 1, 1, 1, 1, 1, 0, 1, 1, 1, 1, 1, 0, 0, 0, 1, 1, 1, 1, 0, 1, 0, 0, 0)",8.0,12.0,11.0,14.0,11.465,17.957333333333334,16.426,18.639333333333333,0.0,2.7915716926928256,2.918011583533846,3.287077879116573,2.0,1.0,6.0,6.0,0.16089163322427227,0.019636210332183913,0.05663344809104588,0.014922617090879617,4.0,3.0,6.0,6.492333333333335,4.9609999999999985,7.174333333333333,2.7915716926928256,2.918011583533846,3.287077879116573,6.136706857327444,3.387740752359964,6.445956135112448
31,1,0.2857142857142857,1.6582280766035322,-4.0,"(1, 1, 0, 0, 1, 0, 1, 1, 0, 1, 1, 0, 0, 1, 1, 1, 0, 0, 0, 0, 0, 1, 1, 0, 0)",6.0,10.0,10.0,13.0,8.604333333333333,14.977,13.52,18.33566666666667,0.0,2.7039067017097187,2.0555671608923487,3.21135213028501,1.0,2.0,2.0,7.0,0.327261052533517,0.034697820543681764,0.0399443986666718,0.022768006649445238,4.0,4.0,7.0,6.372666666666667,4.915666666666667,9.731333333333335,2.7039067017097187,2.0555671608923487,3.21135213028501,6.083640780210604,4.74269730235486,10.811615889822008
31,2,0.5714285714285714,1.6582280766035322,-2.0,"(1, 0, 0, 0, 1, 1, 1, 0, 1, 1, 0, 0, 0, 1, 1, 0, 0, 0, 0, 0, 0, 0, 0, 1, 1)",5.0,7.0,9.0,11.0,6.479,10.330333333333334,12.552666666666667,15.222666666666667,0.0,3.2892796375071747,3.694965136448227,5.257679275839397,2.0,1.0,1.0,1.0,0.1813381787568878,0.13356624353807384,0.021569927239273774,0.023023974986506192,2.0,4.0,6.0,3.8513333333333337,6.073666666666667,8.743666666666666,3.2892796375071747,3.694965136448227,5.257679275839397,0.9320132189777185,3.9444296632680023,5.780562166155668
31,3,0.8571428571428571,1.6582280766035322,-4.0,"(0, 0, 0, 0, 1, 0, 0, 1, 0, 0, 1, 0, 1, 0, 0, 0, 0, 1, 1, 0, 0, 0, 1, 0, 1)",6.0,10.0,11.0,13.0,8.176666666666666,12.754,14.314333333333334,17.961666666666666,0.0,2.4527312099953016,2.793533929250141,4.4937059638135395,1.0,12.0,13.0,13.0,0.23969515936198912,0.1036572769183408,0.016082302442051975,0.002910067151537923,4.0,5.0,7.0,4.577333333333334,6.137666666666668,9.785,2.4527312099953016,2.793533929250141,4.4937059638135395,3.5230748925306057,5.545334797073113,8.774172332369215
31,4,1.1428571428571428,1.6582280766035322,-2.0,"(0, 1, 0, 0, 0, 0, 0, 1, 0, 0, 1, 1, 1, 0, 1, 1, 1, 0, 0, 1, 0, 1, 1, 1, 0)",6.0,9.0,8.0,12.0,8.397666666666666,13.041,14.343666666666667,16.625666666666667,0.0,1.864124729448471,1.6665100046083476,4.199011197466482,3.0,2.0,1.0,11.0,0.21170898041168554,0.009994954395500032,0.11539056378812372,0.014350087643889895,3.0,2.0,6.0,4.643333333333334,5.9460000000000015,8.228000000000002,1.864124729448471,1.6665100046083476,4.199011197466482,4.6085617376999854,7.09637046390236,6.680982352682327
31,5,1.4285714285714284,1.6582280766035322,-2.0,"(0, 1, 0, 0, 0, 0, 0, 1, 0, 0, 0, 0, 0, 1, 0, 0, 0, 1, 1, 0, 0, 1, 1, 1, 0)",5.0,7.0,8.0,12.0,5.821666666666666,13.378666666666666,9.530333333333333,16.670666666666666,0.0,4.255289615910768,5.344570427053422,6.468148922247162,5.0,2.0,2.0,2.0,0.1373996747260538,0.06489144891261593,0.1807146606746761,0.02050582752853696,2.0,3.0,7.0,7.5569999999999995,3.708666666666667,10.849,4.255289615910768,5.344570427053422,6.468148922247162,5.474988859710196,-2.712701546094615,7.264450256548599
31,6,1.7142857142857142,1.6582280766035322,0.0,"(1, 1, 1, 0, 1, 0, 0, 0, 1, 0, 0, 1, 1, 1, 0, 0, 1, 0, 0, 1, 1, 0, 1, 1, 1)",10.0,12.0,10.0,14.0,12.563,14.979,14.496,17.812,0.0,1.6233408003474328,0.964231989410343,2.686403183123347,52.0,25.0,2.0,4.0,0.08995919945705018,0.06910862474469609,0.0967998035389521,0.037390335976770335,2.0,0.0,4.0,2.4159999999999986,1.9329999999999998,5.2490000000000006,1.6233408003474328,0.964231989410343,2.686403183123347,1.3144097400419694,1.606438314875117,4.249369990759707
31,7,2.0,1.6582280766035322,-3.0,"(1, 0, 0, 0, 1, 0, 0, 0, 1, 1, 0, 1, 0, 0, 0, 1, 1, 1, 0, 1, 0, 0, 0, 0, 1)",6.0,10.0,9.0,15.0,9.341333333333333,13.446666666666667,13.331666666666667,18.714666666666666,0.0,2.085295505354569,3.4473916846113197,3.530459698870953,3.0,8.0,1.0,12.0,0.21824446322199825,0.0804180828165875,0.02492447720810958,0.013125452086119272,4.0,3.0,9.0,4.105333333333334,3.990333333333334,9.373333333333333,2.085295505354569,3.4473916846113197,3.530459698870953,3.3496834421556043,0.9003210858682563,9.688817108712042
32,0,0.0,1.6582280766035322,-3.0,"(1, 0, 1, 1, 1, 1, 1, 0, 1, 1, 1, 1, 1, 0, 0, 0, 1, 1, 1, 1, 0, 1, 0, 0, 0)",8.0,12.0,11.0,14.0,11.465,17.957333333333334,16.426,18.639333333333333,0.0,2.7915716926928256,2.918011583533846,3.287077879116573,2.0,1.0,6.0,6.0,0.16089163322427227,0.019636210332183913,0.05663344809104588,0.014922617090879617,4.0,3.0,6.0,6.492333333333335,4.9609999999999985,7.174333333333333,2.7915716926928256,2.918011583533846,3.287077879116573,6.136706857327444,3.387740752359964,6.445956135112448
32,1,0.2857142857142857,1.6582280766035322,-4.0,"(1, 1, 0, 0, 1, 0, 1, 1, 0, 1, 1, 0, 0, 1, 1, 1, 0, 0, 0, 0, 0, 1, 1, 0, 0)",6.0,10.0,10.0,13.0,8.604333333333333,14.977,13.52,18.33566666666667,0.0,2.7039067017097187,2.0555671608923487,3.21135213028501,1.0,2.0,2.0,7.0,0.327261052533517,0.034697820543681764,0.0399443986666718,0.022768006649445238,4.0,4.0,7.0,6.372666666666667,4.915666666666667,9.731333333333335,2.7039067017097187,2.0555671608923487,3.21135213028501,6.083640780210604,4.74269730235486,10.811615889822008
32,2,0.5714285714285714,1.6582280766035322,-2.0,"(1, 0, 0, 0, 1, 1, 1, 0, 1, 1, 0, 0, 0, 1, 1, 0, 0, 0, 0, 0, 0, 0, 0, 1, 1)",5.0,7.0,9.0,11.0,6.479,10.330333333333334,12.552666666666667,15.222666666666667,0.0,3.2892796375071747,3.694965136448227,5.257679275839397,2.0,1.0,1.0,1.0,0.1813381787568878,0.13356624353807384,0.021569927239273774,0.023023974986506192,2.0,4.0,6.0,3.8513333333333337,6.073666666666667,8.743666666666666,3.2892796375071747,3.694965136448227,5.257679275839397,0.9320132189777185,3.9444296632680023,5.780562166155668
32,3,0.8571428571428571,1.6582280766035322,-4.0,"(0, 0, 0, 0, 1, 0, 0, 1, 0, 0, 1, 0, 1, 0, 0, 0, 0, 1, 1, 0, 0, 0, 1, 0, 1)",6.0,10.0,11.0,13.0,8.176666666666666,12.754,14.314333333333334,17.961666666666666,0.0,2.4527312099953016,2.793533929250141,4.4937059638135395,1.0,12.0,13.0,13.0,0.23969515936198912,0.1036572769183408,0.016082302442051975,0.002910067151537923,4.0,5.0,7.0,4.577333333333334,6.137666666666668,9.785,2.4527312099953016,2.793533929250141,4.4937059638135395,3.5230748925306057,5.545334797073113,8.774172332369215
32,4,1.1428571428571428,1.6582280766035322,-2.0,"(0, 1, 0, 0, 0, 0, 0, 1, 0, 0, 1, 1, 1, 0, 1, 1, 1, 0, 0, 1, 0, 1, 1, 1, 0)",6.0,9.0,8.0,12.0,8.397666666666666,13.041,14.343666666666667,16.625666666666667,0.0,1.864124729448471,1.6665100046083476,4.199011197466482,3.0,2.0,1.0,11.0,0.21170898041168554,0.009994954395500032,0.11539056378812372,0.014350087643889895,3.0,2.0,6.0,4.643333333333334,5.9460000000000015,8.228000000000002,1.864124729448471,1.6665100046083476,4.199011197466482,4.6085617376999854,7.09637046390236,6.680982352682327
32,5,1.4285714285714284,1.6582280766035322,-2.0,"(0, 1, 0, 1, 1, 0, 0, 1, 0, 0, 0, 0, 0, 1, 0, 0, 0, 1, 1, 0, 0, 1, 1, 1, 0)",6.0,8.0,10.0,12.0,8.094666666666667,11.503333333333334,13.038333333333334,16.105,0.0,3.7354166891391496,4.138393748888418,5.342810862816579,5.0,2.0,10.0,1.0,0.1600618858643726,0.10646726956826666,0.054696249082256405,0.04289934636260364,2.0,4.0,6.0,3.408666666666667,4.943666666666667,8.010333333333334,3.7354166891391496,4.138393748888418,5.342810862816579,-0.5418260612947058,1.3353261615883407,4.4233606555817
32,6,1.7142857142857142,1.6582280766035322,0.0,"(1, 1, 1, 0, 1, 0, 0, 0, 1, 0, 0, 1, 1, 1, 0, 0, 1, 0, 0, 1, 1, 0, 1, 1, 1)",10.0,12.0,10.0,14.0,12.563,14.979,14.496,17.812,0.0,1.6233408003474328,0.964231989410343,2.686403183123347,52.0,25.0,2.0,4.0,0.08995919945705018,0.06910862474469609,0.0967998035389521,0.037390335976770335,2.0,0.0,4.0,2.4159999999999986,1.9329999999999998,5.2490000000000006,1.6233408003474328,0.964231989410343,2.686403183123347,1.3144097400419694,1.606438314875117,4.249369990759707
32,7,2.0,1.6582280766035322,-3.0,"(1, 0, 0, 0, 1, 0, 0, 0, 1, 1, 0, 1, 0, 0, 0, 1, 1, 1, 0, 1, 0, 0, 0, 0, 1)",6.0,10.0,9.0,15.0,9.341333333333333,13.446666666666667,13.331666666666667,18.714666666666666,0.0,2.085295505354569,3.4473916846113197,3.530459698870953,3.0,8.0,1.0,12.0,0.21824446322199825,0.0804180828165875,0.02492447720810958,0.013125452086119272,4.0,3.0,9.0,4.105333333333334,3.990333333333334,9.373333333333333,2.085295505354569,3.4473916846113197,3.530459698870953,3.3496834421556043,0.9003210858682563,9.688817108712042
33,0,0.0,1.6582280766035322,-3.0,"(1, 0, 1, 1, 1, 1, 1, 0, 1, 1, 1, 1, 1, 0, 0, 0, 1, 1, 1, 1, 0, 1, 0, 0, 0)",8.0,12.0,11.0,14.0,11.465,17.957333333333334,16.426,18.639333333333333,0.0,2.7915716926928256,2.918011583533846,3.287077879116573,2.0,1.0,6.0,6.0,0.16089163322427227,0.019636210332183913,0.05663344809104588,0.014922617090879617,4.0,3.0,6.0,6.492333333333335,4.9609999999999985,7.174333333333333,2.7915716926928256,2.918011583533846,3.287077879116573,6.136706857327444,3.387740752359964,6.445956135112448
33,1,0.2857142857142857,1.6582280766035322,-2.0,"(1, 0, 1, 0, 1, 0, 1, 1, 0, 1, 1, 0, 0, 1, 1, 1, 0, 0, 0, 0, 0, 1, 1, 0, 0)",7.0,9.0,9.0,12.0,10.159,12.965,15.342666666666666,18.827333333333332,0.0,2.0171146942715548,2.419437675168385,3.989309832423558,6.0,1.0,1.0,2.0,0.22801400652437537,0.05784078456310508,0.03342265825985844,0.025947846267211624,2.0,2.0,5.0,2.805999999999999,5.1836666666666655,8.668333333333331,2.0171146942715548,2.419437675168385,3.989309832423558,1.3081517631788677,4.583722123863915,7.758888140296339
33,2,0.5714285714285714,1.6582280766035322,-3.0,"(1, 0, 0, 0, 1, 1, 1, 0, 1, 1, 0, 0, 0, 1, 1, 0, 1, 1, 0, 0, 0, 0, 0, 1, 1)",6.0,10.0,9.0,14.0,8.13,15.884666666666666,16.983,19.251333333333335,0.0,1.4330407038007726,2.0335864264991477,3.2655209141207258,2.0,1.0,1.0,3.0,0.1540842417392935,0.05213468126531841,0.07671462653047836,0.05077119925322512,4.0,3.0,8.0,7.754666666666665,8.853,11.121333333333334,1.4330407038007726,2.0335864264991477,3.2655209141207258,10.482697661410063,11.308143053550339,13.026728718069064
33,3,0.8571428571428571,1.6582280766035322,-4.0,"(0, 0, 0, 0, 1, 0, 0, 1, 0, 0, 1, 0, 1, 0, 0, 0, 0, 1, 1, 0, 0, 0, 1, 0, 1)",6.0,10.0,11.0,13.0,8.176666666666666,12.754,14.314333333333334,17.961666666666666,0.0,2.4527312099953016,2.793533929250141,4.4937059638135395,1.0,12.0,13.0,13.0,0.23969515936198912,0.1036572769183408,0.016082302442051975,0.002910067151537923,4.0,5.0,7.0,4.577333333333334,6.137666666666668,9.785,2.4527312099953016,2.793533929250141,4.4937059638135395,3.5230748925306057,5.545334797073113,8.774172332369215
33,4,1.1428571428571428,1.6582280766035322,-2.0,"(0, 1, 0, 0, 0, 0, 0, 1, 0, 0, 1, 1, 1, 0, 1, 1, 1, 0, 0, 1, 0, 1, 1, 1, 0)",6.0,9.0,8.0,12.0,8.397666666666666,13.041,14.343666666666667,16.625666666666667,0.0,1.864124729448471,1.6665100046083476,4.199011197466482,3.0,2.0,1.0,11.0,0.21170898041168554,0.009994954395500032,0.11539056378812372,0.014350087643889895,3.0,2.0,6.0,4.643333333333334,5.9460000000000015,8.228000000000002,1.864124729448471,1.6665100046083476,4.199011197466482,4.6085617376999854,7.09637046390236,6.680982352682327
33,5,1.4285714285714284,1.6582280766035322,-2.0,"(0, 1, 0, 1, 1, 0, 0, 1, 0, 0, 0, 0, 0, 1, 0, 0, 0, 1, 1, 0, 0, 1, 1, 1, 0)",6.0,8.0,10.0,12.0,8.094666666666667,11.503333333333334,13.038333333333334,16.105,0.0,3.7354166891391496,4.138393748888418,5.342810862816579,5.0,2.0,10.0,1.0,0.1600618858643726,0.10646726956826666,0.054696249082256405,0.04289934636260364,2.0,4.0,6.0,3.408666666666667,4.943666666666667,8.010333333333334,3.7354166891391496,4.138393748888418,5.342810862816579,-0.5418260612947058,1.3353261615883407,4.4233606555817
33,6,1.7142857142857142,1.6582280766035322,0.0,"(1, 1, 1, 0, 1, 0, 0, 0, 1, 0, 0, 1, 1, 1, 0, 0, 1, 0, 0, 1, 1, 0, 1, 1, 1)",10.0,12.0,10.0,14.0,12.563,14.979,14.496,17.812,0.0,1.6233408003474328,0.964231989410343,2.686403183123347,52.0,25.0,2.0,4.0,0.08995919945705018,0.06910862474469609,0.0967998035389521,0.037390335976770335,2.0,0.0,4.0,2.4159999999999986,1.9329999999999998,5.2490000000000006,1.6233408003474328,0.964231989410343,2.686403183123347,1.3144097400419694,1.606438314875117,4.249369990759707
33,7,2.0,1.6582280766035322,-4.0,"(1, 1, 0, 0, 1, 0, 1, 0, 1, 1, 0, 1, 0, 0, 0, 1, 1, 1, 0, 1, 0, 0, 0, 0, 1)",6.0,10.0,10.0,12.0,8.882666666666667,14.347,15.802666666666667,18.594,0.0,2.805685056100365,3.0621853024163195,3.917655954757878,1.0,4.0,1.0,1.0,0.26989252942438285,0.017290254133695143,0.047617273872400785,0.025968833509630213,4.0,4.0,6.0,5.464333333333332,6.92,9.711333333333334,2.805685056100365,3.0621853024163195,3.917655954757878,4.408645219121318,6.397136645867024,9.607238495936572
34,0,0.0,1.6582280766035322,-3.0,"(1, 0, 1, 1, 1, 1, 1, 0, 1, 1, 1, 1, 1, 0, 0, 0, 1, 1, 1, 1, 0, 1, 0, 0, 0)",8.0,12.0,11.0,14.0,11.465,17.957333333333334,16.426,18.639333333333333,0.0,2.7915716926928256,2.918011583533846,3.287077879116573,2.0,1.0,6.0,6.0,0.16089163322427227,0.019636210332183913,0.05663344809104588,0.014922617090879617,4.0,3.0,6.0,6.492333333333335,4.9609999999999985,7.174333333333333,2.7915716926928256,2.918011583533846,3.287077879116573,6.136706857327444,3.387740752359964,6.445956135112448
34,1,0.2857142857142857,1.6582280766035322,-2.0,"(1, 0, 1, 0, 1, 0, 1, 1, 0, 1, 1, 0, 0, 1, 1, 1, 0, 0, 0, 0, 0, 1, 1, 0, 0)",7.0,9.0,9.0,12.0,10.159,12.965,15.342666666666666,18.827333333333332,0.0,2.0171146942715548,2.419437675168385,3.989309832423558,6.0,1.0,1.0,2.0,0.22801400652437537,0.05784078456310508,0.03342265825985844,0.025947846267211624,2.0,2.0,5.0,2.805999999999999,5.1836666666666655,8.668333333333331,2.0171146942715548,2.419437675168385,3.989309832423558,1.3081517631788677,4.583722123863915,7.758888140296339
34,2,0.5714285714285714,1.6582280766035322,-2.0,"(1, 1, 0, 0, 1, 1, 0, 0, 1, 1, 0, 0, 0, 1, 1, 0, 1, 1, 0, 0, 0, 0, 0, 1, 1)",7.0,9.0,10.0,13.0,8.180666666666667,14.794,15.406666666666666,18.374666666666666,0.0,3.4792296636821076,3.8465363950279925,4.540523269842978,9.0,1.0,4.0,1.0,0.1562242828183753,0.06104313267195345,0.04088275805381257,0.03836788496292954,2.0,3.0,6.0,6.613333333333333,7.225999999999999,10.193999999999999,3.4792296636821076,3.8465363950279925,4.540523269842978,5.197058700001824,5.60392143362437,9.374753844371105
34,3,0.8571428571428571,1.6582280766035322,-2.0,"(0, 0, 0, 1, 0, 0, 0, 1, 0, 0, 1, 0, 1, 0, 0, 0, 0, 1, 1, 0, 0, 0, 1, 0, 1)",7.0,9.0,11.0,13.0,12.002666666666666,12.858,14.017333333333333,15.180666666666667,0.0,3.4761435169839845,3.2804081172973456,4.045579038489638,6.0,2.0,5.0,53.0,0.10752106504372874,0.047001630656650514,0.02950094613907817,0.047976692011716345,2.0,4.0,6.0,0.8553333333333342,2.014666666666667,3.178000000000001,3.4761435169839845,3.2804081172973456,4.045579038489638,-4.345901029977968,-2.0988880111566752,-1.4386439202962131
34,4,1.1428571428571428,1.6582280766035322,-2.0,"(0, 1, 0, 0, 0, 0, 0, 1, 0, 0, 1, 1, 1, 0, 1, 1, 1, 0, 0, 1, 0, 1, 1, 1, 0)",6.0,9.0,8.0,12.0,8.397666666666666,13.041,14.343666666666667,16.625666666666667,0.0,1.864124729448471,1.6665100046083476,4.199011197466482,3.0,2.0,1.0,11.0,0.21170898041168554,0.009994954395500032,0.11539056378812372,0.014350087643889895,3.0,2.0,6.0,4.643333333333334,5.9460000000000015,8.228000000000002,1.864124729448471,1.6665100046083476,4.199011197466482,4.6085617376999854,7.09637046390236,6.680982352682327
34,5,1.4285714285714284,1.6582280766035322,-3.0,"(0, 1, 0, 1, 1, 0, 0, 1, 0, 0, 0, 0, 0, 1, 0, 0, 0, 1, 1, 0, 0, 0, 0, 1, 0)",6.0,11.0,9.0,12.0,8.343333333333334,15.112333333333334,13.654333333333334,15.764333333333333,0.0,2.575375601016539,2.524716733276302,3.7373789256964653,3.0,8.0,1.0,6.0,0.10578628439857327,0.07333474432221533,0.04791225400177997,0.052111826190353525,5.0,3.0,6.0,6.769,5.311,7.420999999999999,2.575375601016539,2.524716733276302,3.7373789256964653,6.953985721123988,4.620293142251844,6.108283888978586
34,6,1.7142857142857142,1.6582280766035322,0.0,"(1, 1, 1, 0, 1, 0, 0, 0, 1, 0, 0, 1, 1, 1, 0, 0, 1, 0, 0, 1, 1, 0, 1, 1, 1)",10.0,12.0,10.0,14.0,12.563,14.979,14.496,17.812,0.0,1.6233408003474328,0.964231989410343,2.686403183123347,52.0,25.0,2.0,4.0,0.08995919945705018,0.06910862474469609,0.0967998035389521,0.037390335976770335,2.0,0.0,4.0,2.4159999999999986,1.9329999999999998,5.2490000000000006,1.6233408003474328,0.964231989410343,2.686403183123347,1.3144097400419694,1.606438314875117,4.249369990759707
34,7,2.0,1.6582280766035322,-4.0,"(1, 1, 0, 0, 1, 0, 1, 0, 1, 1, 0, 1, 0, 0, 0, 1, 1, 1, 0, 1, 0, 0, 0, 0, 1)",6.0,10.0,10.0,12.0,8.882666666666667,14.347,15.802666666666667,18.594,0.0,2.805685056100365,3.0621853024163195,3.917655954757878,1.0,4.0,1.0,1.0,0.26989252942438285,0.017290254133695143,0.047617273872400785,0.025968833509630213,4.0,4.0,6.0,5.464333333333332,6.92,9.711333333333334,2.805685056100365,3.0621853024163195,3.917655954757878,4.408645219121318,6.397136645867024,9.607238495936572
35,0,0.0,1.6582280766035322,-3.0,"(1, 0, 1, 1, 1, 1, 1, 0, 1, 1, 1, 1, 1, 0, 0, 0, 1, 1, 1, 1, 0, 1, 0, 0, 0)",8.0,12.0,11.0,14.0,11.465,17.957333333333334,16.426,18.639333333333333,0.0,2.7915716926928256,2.918011583533846,3.287077879116573,2.0,1.0,6.0,6.0,0.16089163322427227,0.019636210332183913,0.05663344809104588,0.014922617090879617,4.0,3.0,6.0,6.492333333333335,4.9609999999999985,7.174333333333333,2.7915716926928256,2.918011583533846,3.287077879116573,6.136706857327444,3.387740752359964,6.445956135112448
35,1,0.2857142857142857,1.6582280766035322,-2.0,"(1, 0, 1, 0, 1, 0, 1, 1, 0, 1, 1, 0, 0, 1, 1, 1, 0, 0, 0, 0, 0, 1, 1, 0, 0)",7.0,9.0,9.0,12.0,10.159,12.965,15.342666666666666,18.827333333333332,0.0,2.0171146942715548,2.419437675168385,3.989309832423558,6.0,1.0,1.0,2.0,0.22801400652437537,0.05784078456310508,0.03342265825985844,0.025947846267211624,2.0,2.0,5.0,2.805999999999999,5.1836666666666655,8.668333333333331,2.0171146942715548,2.419437675168385,3.989309832423558,1.3081517631788677,4.583722123863915,7.758888140296339
35,2,0.5714285714285714,1.6582280766035322,-2.0,"(1, 1, 0, 0, 1, 1, 0, 0, 1, 1, 0, 0, 0, 1, 1, 0, 1, 1, 0, 0, 0, 0, 0, 1, 1)",7.0,9.0,10.0,13.0,8.180666666666667,14.794,15.406666666666666,18.374666666666666,0.0,3.4792296636821076,3.8465363950279925,4.540523269842978,9.0,1.0,4.0,1.0,0.1562242828183753,0.06104313267195345,0.04088275805381257,0.03836788496292954,2.0,3.0,6.0,6.613333333333333,7.225999999999999,10.193999999999999,3.4792296636821076,3.8465363950279925,4.540523269842978,5.197058700001824,5.60392143362437,9.374753844371105
35,3,0.8571428571428571,1.6582280766035322,-3.0,"(0, 0, 0, 1, 0, 1, 1, 1, 0, 0, 1, 0, 1, 0, 0, 0, 0, 1, 1, 0, 0, 0, 1, 0, 1)",7.0,10.0,11.0,13.0,10.379333333333333,13.253,15.937333333333333,17.567333333333334,0.0,3.095967093288015,3.8483512335340535,5.043390146451202,10.0,2.0,7.0,11.0,0.1996307615374041,0.012061048233236397,0.08286366957811186,0.01292246731592776,3.0,4.0,6.0,2.873666666666667,5.558,7.188000000000001,3.095967093288015,3.8483512335340535,5.043390146451202,-0.36862480886446286,2.8349875856844275,3.5562522725152075
35,4,1.1428571428571428,1.6582280766035322,-2.0,"(0, 1, 0, 0, 0, 0, 0, 1, 0, 0, 1, 1, 1, 0, 1, 1, 1, 0, 0, 1, 0, 1, 1, 1, 0)",6.0,9.0,8.0,12.0,8.397666666666666,13.041,14.343666666666667,16.625666666666667,0.0,1.864124729448471,1.6665100046083476,4.199011197466482,3.0,2.0,1.0,11.0,0.21170898041168554,0.009994954395500032,0.11539056378812372,0.014350087643889895,3.0,2.0,6.0,4.643333333333334,5.9460000000000015,8.228000000000002,1.864124729448471,1.6665100046083476,4.199011197466482,4.6085617376999854,7.09637046390236,6.680982352682327
35,5,1.4285714285714284,1.6582280766035322,-3.0,"(0, 1, 0, 1, 1, 0, 0, 1, 0, 0, 0, 0, 0, 1, 0, 0, 0, 1, 1, 0, 0, 0, 0, 1, 0)",6.0,11.0,9.0,12.0,8.343333333333334,15.112333333333334,13.654333333333334,15.764333333333333,0.0,2.575375601016539,2.524716733276302,3.7373789256964653,3.0,8.0,1.0,6.0,0.10578628439857327,0.07333474432221533,0.04791225400177997,0.052111826190353525,5.0,3.0,6.0,6.769,5.311,7.420999999999999,2.575375601016539,2.524716733276302,3.7373789256964653,6.953985721123988,4.620293142251844,6.108283888978586
35,6,1.7142857142857142,1.6582280766035322,0.0,"(1, 1, 1, 0, 1, 0, 0, 0, 1, 0, 0, 1, 1, 1, 0, 0, 1, 0, 0, 1, 1, 0, 1, 1, 1)",10.0,12.0,10.0,14.0,12.563,14.979,14.496,17.812,0.0,1.6233408003474328,0.964231989410343,2.686403183123347,52.0,25.0,2.0,4.0,0.08995919945705018,0.06910862474469609,0.0967998035389521,0.037390335976770335,2.0,0.0,4.0,2.4159999999999986,1.9329999999999998,5.2490000000000006,1.6233408003474328,0.964231989410343,2.686403183123347,1.3144097400419694,1.606438314875117,4.249369990759707
35,7,2.0,1.6582280766035322,-4.0,"(1, 1, 0, 0, 1, 0, 1, 0, 1, 1, 0, 1, 0, 0, 0, 1, 1, 1, 0, 1, 0, 0, 0, 0, 1)",6.0,10.0,10.0,12.0,8.882666666666667,14.347,15.802666666666667,18.594,0.0,2.805685056100365,3.0621853024163195,3.917655954757878,1.0,4.0,1.0,1.0,0.26989252942438285,0.017290254133695143,0.047617273872400785,0.025968833509630213,4.0,4.0,6.0,5.464333333333332,6.92,9.711333333333334,2.805685056100365,3.0621853024163195,3.917655954757878,4.408645219121318,6.397136645867024,9.607238495936572
36,0,0.0,1.6582280766035322,-3.0,"(1, 0, 1, 1, 1, 1, 1, 0, 1, 1, 1, 1, 1, 0, 0, 0, 1, 1, 1, 1, 0, 1, 0, 0, 0)",8.0,12.0,11.0,14.0,11.465,17.957333333333334,16.426,18.639333333333333,0.0,2.7915716926928256,2.918011583533846,3.287077879116573,2.0,1.0,6.0,6.0,0.16089163322427227,0.019636210332183913,0.05663344809104588,0.014922617090879617,4.0,3.0,6.0,6.492333333333335,4.9609999999999985,7.174333333333333,2.7915716926928256,2.918011583533846,3.287077879116573,6.136706857327444,3.387740752359964,6.445956135112448
36,1,0.2857142857142857,1.6582280766035322,-2.0,"(1, 0, 1, 0, 1, 0, 1, 1, 0, 1, 1, 0, 0, 1, 1, 1, 0, 0, 0, 0, 0, 1, 1, 0, 0)",7.0,9.0,9.0,12.0,10.159,12.965,15.342666666666666,18.827333333333332,0.0,2.0171146942715548,2.419437675168385,3.989309832423558,6.0,1.0,1.0,2.0,0.22801400652437537,0.05784078456310508,0.03342265825985844,0.025947846267211624,2.0,2.0,5.0,2.805999999999999,5.1836666666666655,8.668333333333331,2.0171146942715548,2.419437675168385,3.989309832423558,1.3081517631788677,4.583722123863915,7.758888140296339
36,2,0.5714285714285714,1.6582280766035322,-2.0,"(1, 1, 0, 0, 1, 1, 0, 0, 1, 1, 0, 0, 0, 1, 1, 0, 1, 1, 0, 0, 0, 0, 0, 1, 1)",7.0,9.0,10.0,13.0,8.180666666666667,14.794,15.406666666666666,18.374666666666666,0.0,3.4792296636821076,3.8465363950279925,4.540523269842978,9.0,1.0,4.0,1.0,0.1562242828183753,0.06104313267195345,0.04088275805381257,0.03836788496292954,2.0,3.0,6.0,6.613333333333333,7.225999999999999,10.193999999999999,3.4792296636821076,3.8465363950279925,4.540523269842978,5.197058700001824,5.60392143362437,9.374753844371105
36,3,0.8571428571428571,1.6582280766035322,-2.0,"(0, 0, 0, 1, 0, 0, 0, 1, 0, 0, 1, 0, 1, 0, 0, 0, 0, 1, 1, 0, 0, 0, 1, 0, 1)",7.0,9.0,10.0,13.0,8.919666666666666,13.581666666666667,18.818,16.518666666666668,0.0,2.418111092707102,2.939015805837492,3.5358028782288993,7.0,2.0,2.0,10.0,0.13756509132448222,0.06036299274332416,0.04691379930009002,0.00825507131792791,2.0,3.0,6.0,4.662000000000001,9.898333333333335,7.599000000000002,2.418111092707102,2.939015805837492,3.5358028782288993,3.720879586852305,11.540135718092682,6.737707548095503
36,4,1.1428571428571428,1.6582280766035322,-2.0,"(0, 1, 0, 0, 0, 0, 0, 1, 0, 0, 1, 1, 1, 0, 1, 1, 1, 0, 0, 1, 0, 1, 1, 1, 0)",6.0,9.0,8.0,12.0,8.397666666666666,13.041,14.343666666666667,16.625666666666667,0.0,1.864124729448471,1.6665100046083476,4.199011197466482,3.0,2.0,1.0,11.0,0.21170898041168554,0.009994954395500032,0.11539056378812372,0.014350087643889895,3.0,2.0,6.0,4.643333333333334,5.9460000000000015,8.228000000000002,1.864124729448471,1.6665100046083476,4.199011197466482,4.6085617376999854,7.09637046390236,6.680982352682327
36,5,1.4285714285714284,1.6582280766035322,-3.0,"(0, 1, 0, 1, 1, 0, 0, 1, 0, 0, 0, 0, 0, 1, 0, 0, 0, 1, 1, 0, 0, 0, 0, 1, 0)",6.0,11.0,9.0,12.0,8.343333333333334,15.112333333333334,13.654333333333334,15.764333333333333,0.0,2.575375601016539,2.524716733276302,3.7373789256964653,3.0,8.0,1.0,6.0,0.10578628439857327,0.07333474432221533,0.04791225400177997,0.052111826190353525,5.0,3.0,6.0,6.769,5.311,7.420999999999999,2.575375601016539,2.524716733276302,3.7373789256964653,6.953985721123988,4.620293142251844,6.108283888978586
36,6,1.7142857142857142,1.6582280766035322,0.0,"(1, 1, 1, 0, 1, 0, 0, 0, 1, 0, 0, 1, 1, 1, 0, 0, 1, 0, 0, 1, 1, 0, 1, 1, 1)",10.0,12.0,10.0,14.0,12.563,14.979,14.496,17.812,0.0,1.6233408003474328,0.964231989410343,2.686403183123347,52.0,25.0,2.0,4.0,0.08995919945705018,0.06910862474469609,0.0967998035389521,0.037390335976770335,2.0,0.0,4.0,2.4159999999999986,1.9329999999999998,5.2490000000000006,1.6233408003474328,0.964231989410343,2.686403183123347,1.3144097400419694,1.606438314875117,4.249369990759707
36,7,2.0,1.6582280766035322,-4.0,"(1, 1, 1, 1, 1, 0, 1, 0, 1, 1, 0, 1, 0, 0, 0, 1, 1, 1, 0, 1, 0, 0, 0, 0, 1)",7.0,11.0,11.0,15.0,14.519333333333334,16.013333333333332,17.100666666666665,19.870333333333335,0.0,2.311487027381494,2.1611133779681637,3.7871441927509757,1.0,5.0,1.0,13.0,0.12459917243789442,0.07821194991427245,0.06831898253631025,0.02192772890567021,4.0,4.0,8.0,1.493999999999998,2.5813333333333315,5.351000000000001,2.311487027381494,2.1611133779681637,3.7871441927509757,-1.3555799410631573,0.6968205283356043,2.5932296073398153
37,0,0.0,1.6582280766035322,-3.0,"(1, 0, 1, 1, 1, 1, 1, 0, 1, 1, 1, 1, 1, 0, 0, 0, 1, 1, 1, 1, 0, 1, 0, 0, 0)",8.0,12.0,11.0,14.0,11.465,17.957333333333334,16.426,18.639333333333333,0.0,2.7915716926928256,2.918011583533846,3.287077879116573,2.0,1.0,6.0,6.0,0.16089163322427227,0.019636210332183913,0.05663344809104588,0.014922617090879617,4.0,3.0,6.0,6.492333333333335,4.9609999999999985,7.174333333333333,2.7915716926928256,2.918011583533846,3.287077879116573,6.136706857327444,3.387740752359964,6.445956135112448
37,1,0.2857142857142857,1.6582280766035322,-2.0,"(1, 0, 1, 0, 1, 0, 1, 1, 0, 1, 1, 0, 0, 1, 1, 1, 0, 0, 0, 0, 0, 1, 1, 0, 0)",7.0,9.0,9.0,12.0,10.159,12.965,15.342666666666666,18.827333333333332,0.0,2.0171146942715548,2.419437675168385,3.989309832423558,6.0,1.0,1.0,2.0,0.22801400652437537,0.05784078456310508,0.03342265825985844,0.025947846267211624,2.0,2.0,5.0,2.805999999999999,5.1836666666666655,8.668333333333331,2.0171146942715548,2.419437675168385,3.989309832423558,1.3081517631788677,4.583722123863915,7.758888140296339
37,2,0.5714285714285714,1.6582280766035322,-2.0,"(1, 1, 0, 0, 1, 1, 0, 0, 1, 1, 0, 0, 0, 1, 1, 0, 1, 1, 0, 0, 0, 0, 0, 1, 1)",7.0,9.0,10.0,13.0,8.180666666666667,14.794,15.406666666666666,18.374666666666666,0.0,3.4792296636821076,3.8465363950279925,4.540523269842978,9.0,1.0,4.0,1.0,0.1562242828183753,0.06104313267195345,0.04088275805381257,0.03836788496292954,2.0,3.0,6.0,6.613333333333333,7.225999999999999,10.193999999999999,3.4792296636821076,3.8465363950279925,4.540523269842978,5.197058700001824,5.60392143362437,9.374753844371105
37,3,0.8571428571428571,1.6582280766035322,-2.0,"(0, 0, 0, 1, 0, 0, 0, 1, 0, 0, 0, 0, 1, 0, 0, 1, 0, 1, 1, 0, 0, 0, 1, 0, 1)",6.0,9.0,8.0,12.0,7.448,14.678333333333333,11.994,15.940666666666667,0.0,3.3425640330353668,3.257754879295299,4.653688123692967,8.0,8.0,2.0,5.0,0.10660583105594722,0.009877126326397638,0.15425821819664962,0.014635187718700446,3.0,2.0,6.0,7.230333333333332,4.545999999999999,8.492666666666667,3.3425640330353668,3.257754879295299,4.653688123692967,6.446808209111356,2.1362042287000405,6.365902005437508
37,4,1.1428571428571428,1.6582280766035322,-2.0,"(0, 1, 0, 0, 0, 0, 0, 1, 0, 0, 1, 1, 1, 0, 1, 1, 1, 0, 0, 1, 0, 1, 1, 1, 0)",6.0,9.0,8.0,12.0,8.397666666666666,13.041,14.343666666666667,16.625666666666667,0.0,1.864124729448471,1.6665100046083476,4.199011197466482,3.0,2.0,1.0,11.0,0.21170898041168554,0.009994954395500032,0.11539056378812372,0.014350087643889895,3.0,2.0,6.0,4.643333333333334,5.9460000000000015,8.228000000000002,1.864124729448471,1.6665100046083476,4.199011197466482,4.6085617376999854,7.09637046390236,6.680982352682327
37,5,1.4285714285714284,1.6582280766035322,-3.0,"(0, 1, 0, 1, 1, 0, 0, 1, 0, 0, 0, 0, 0, 1, 0, 0, 0, 1, 1, 0, 0, 0, 0, 1, 0)",6.0,11.0,9.0,12.0,8.343333333333334,15.112333333333334,13.654333333333334,15.764333333333333,0.0,2.575375601016539,2.524716733276302,3.7373789256964653,3.0,8.0,1.0,6.0,0.10578628439857327,0.07333474432221533,0.04791225400177997,0.052111826190353525,5.0,3.0,6.0,6.769,5.311,7.420999999999999,2.575375601016539,2.524716733276302,3.7373789256964653,6.953985721123988,4.620293142251844,6.108283888978586
37,6,1.7142857142857142,1.6582280766035322,0.0,"(1, 1, 1, 0, 1, 0, 0, 0, 1, 0, 0, 1, 1, 1, 0, 0, 1, 0, 0, 1, 1, 0, 1, 1, 1)",10.0,12.0,10.0,14.0,12.563,14.979,14.496,17.812,0.0,1.6233408003474328,0.964231989410343,2.686403183123347,52.0,25.0,2.0,4.0,0.08995919945705018,0.06910862474469609,0.0967998035389521,0.037390335976770335,2.0,0.0,4.0,2.4159999999999986,1.9329999999999998,5.2490000000000006,1.6233408003474328,0.964231989410343,2.686403183123347,1.3144097400419694,1.606438314875117,4.249369990759707
37,7,2.0,1.6582280766035322,-3.0,"(1, 1, 1, 1, 1, 0, 1, 1, 0, 1, 0, 1, 0, 0, 0, 1, 1, 1, 0, 1, 0, 0, 0, 0, 1)",8.0,12.0,11.0,14.0,10.84,16.491,15.165333333333333,18.847,0.0,0.9230987207323732,1.1393132371650678,2.1226609113473693,4.0,4.0,8.0,4.0,0.1415319584037722,0.03221117889257665,0.0484078544503329,0.005976597630219973,4.0,3.0,6.0,5.651,4.325333333333333,8.007000000000001,0.9230987207323732,1.1393132371650678,2.1226609113473693,7.839938644691337,5.283147976089303,9.757576289059436
38,0,0.0,1.6582280766035322,-3.0,"(1, 0, 1, 1, 1, 1, 1, 0, 1, 1, 1, 1, 1, 0, 0, 0, 1, 1, 1, 1, 0, 1, 0, 0, 0)",8.0,12.0,11.0,14.0,11.465,17.957333333333334,16.426,18.639333333333333,0.0,2.7915716926928256,2.918011583533846,3.287077879116573,2.0,1.0,6.0,6.0,0.16089163322427227,0.019636210332183913,0.05663344809104588,0.014922617090879617,4.0,3.0,6.0,6.492333333333335,4.9609999999999985,7.174333333333333,2.7915716926928256,2.918011583533846,3.287077879116573,6.136706857327444,3.387740752359964,6.445956135112448
38,1,0.2857142857142857,1.6582280766035322,-2.0,"(1, 0, 1, 0, 1, 0, 1, 1, 0, 1, 1, 0, 0, 1, 1, 1, 0, 0, 0, 0, 0, 1, 1, 0, 0)",7.0,9.0,9.0,12.0,10.159,12.965,15.342666666666666,18.827333333333332,0.0,2.0171146942715548,2.419437675168385,3.989309832423558,6.0,1.0,1.0,2.0,0.22801400652437537,0.05784078456310508,0.03342265825985844,0.025947846267211624,2.0,2.0,5.0,2.805999999999999,5.1836666666666655,8.668333333333331,2.0171146942715548,2.419437675168385,3.989309832423558,1.3081517631788677,4.583722123863915,7.758888140296339
38,2,0.5714285714285714,1.6582280766035322,-2.0,"(1, 1, 0, 0, 1, 1, 0, 0, 1, 1, 0, 0, 0, 1, 1, 0, 1, 1, 0, 0, 0, 0, 0, 1, 1)",7.0,9.0,10.0,13.0,8.180666666666667,14.794,15.406666666666666,18.374666666666666,0.0,3.4792296636821076,3.8465363950279925,4.540523269842978,9.0,1.0,4.0,1.0,0.1562242828183753,0.06104313267195345,0.04088275805381257,0.03836788496292954,2.0,3.0,6.0,6.613333333333333,7.225999999999999,10.193999999999999,3.4792296636821076,3.8465363950279925,4.540523269842978,5.197058700001824,5.60392143362437,9.374753844371105
38,3,0.8571428571428571,1.6582280766035322,-2.0,"(0, 0, 0, 1, 0, 0, 0, 1, 0, 0, 0, 0, 1, 0, 0, 1, 0, 1, 1, 0, 0, 0, 1, 0, 1)",6.0,9.0,8.0,12.0,7.448,14.678333333333333,11.994,15.940666666666667,0.0,3.3425640330353668,3.257754879295299,4.653688123692967,8.0,8.0,2.0,5.0,0.10660583105594722,0.009877126326397638,0.15425821819664962,0.014635187718700446,3.0,2.0,6.0,7.230333333333332,4.545999999999999,8.492666666666667,3.3425640330353668,3.257754879295299,4.653688123692967,6.446808209111356,2.1362042287000405,6.365902005437508
38,4,1.1428571428571428,1.6582280766035322,-2.0,"(0, 1, 0, 0, 0, 0, 0, 1, 0, 0, 1, 1, 1, 0, 1, 1, 1, 0, 0, 1, 0, 1, 1, 1, 0)",6.0,9.0,8.0,12.0,8.397666666666666,13.041,14.343666666666667,16.625666666666667,0.0,1.864124729448471,1.6665100046083476,4.199011197466482,3.0,2.0,1.0,11.0,0.21170898041168554,0.009994954395500032,0.11539056378812372,0.014350087643889895,3.0,2.0,6.0,4.643333333333334,5.9460000000000015,8.228000000000002,1.864124729448471,1.6665100046083476,4.199011197466482,4.6085617376999854,7.09637046390236,6.680982352682327
38,5,1.4285714285714284,1.6582280766035322,-3.0,"(0, 1, 0, 1, 1, 0, 0, 1, 0, 0, 0, 0, 0, 1, 0, 0, 0, 1, 1, 0, 0, 0, 0, 1, 0)",6.0,11.0,9.0,12.0,8.343333333333334,15.112333333333334,13.654333333333334,15.764333333333333,0.0,2.575375601016539,2.524716733276302,3.7373789256964653,3.0,8.0,1.0,6.0,0.10578628439857327,0.07333474432221533,0.04791225400177997,0.052111826190353525,5.0,3.0,6.0,6.769,5.311,7.420999999999999,2.575375601016539,2.524716733276302,3.7373789256964653,6.953985721123988,4.620293142251844,6.108283888978586
38,6,1.7142857142857142,1.6582280766035322,0.0,"(1, 1, 1, 0, 1, 0, 0, 0, 1, 0, 0, 1, 1, 1, 0, 0, 1, 0, 0, 1, 1, 0, 1, 1, 1)",10.0,12.0,10.0,14.0,12.563,14.979,14.496,17.812,0.0,1.6233408003474328,0.964231989410343,2.686403183123347,52.0,25.0,2.0,4.0,0.08995919945705018,0.06910862474469609,0.0967998035389521,0.037390335976770335,2.0,0.0,4.0,2.4159999999999986,1.9329999999999998,5.2490000000000006,1.6233408003474328,0.964231989410343,2.686403183123347,1.3144097400419694,1.606438314875117,4.249369990759707
38,7,2.0,1.6582280766035322,-2.0,"(1, 1, 1, 1, 1, 0, 1, 1, 0, 1, 0, 1, 0, 0, 0, 1, 1, 1, 0, 1, 1, 1, 0, 0, 1)",9.0,11.0,11.0,14.0,11.598333333333333,16.533333333333335,17.802,18.502666666666666,0.0,2.0688053483705677,2.1215277888283564,3.3653278195758523,16.0,4.0,5.0,9.0,0.1698911769204448,0.06440864586592723,0.06949929455470628,0.02901542370844009,2.0,2.0,5.0,4.935000000000002,6.203666666666667,6.904333333333334,2.0688053483705677,2.1215277888283564,3.3653278195758523,4.752804444342808,6.769117299826323,5.868478306167364
39,0,0.0,1.6582280766035322,-3.0,"(1, 0, 1, 1, 1, 1, 1, 0, 1, 1, 1, 1, 1, 0, 0, 0, 1, 1, 1, 1, 0, 1, 0, 0, 0)",8.0,12.0,11.0,14.0,11.465,17.957333333333334,16.426,18.639333333333333,0.0,2.7915716926928256,2.918011583533846,3.287077879116573,2.0,1.0,6.0,6.0,0.16089163322427227,0.019636210332183913,0.05663344809104588,0.014922617090879617,4.0,3.0,6.0,6.492333333333335,4.9609999999999985,7.174333333333333,2.7915716926928256,2.918011583533846,3.287077879116573,6.136706857327444,3.387740752359964,6.445956135112448
39,1,0.2857142857142857,1.6582280766035322,-2.0,"(1, 0, 1, 0, 1, 0, 1, 1, 0, 1, 1, 0, 0, 1, 1, 1, 0, 0, 0, 0, 0, 1, 1, 0, 0)",7.0,9.0,9.0,12.0,10.159,12.965,15.342666666666666,18.827333333333332,0.0,2.0171146942715548,2.419437675168385,3.989309832423558,6.0,1.0,1.0,2.0,0.22801400652437537,0.05784078456310508,0.03342265825985844,0.025947846267211624,2.0,2.0,5.0,2.805999999999999,5.1836666666666655,8.668333333333331,2.0171146942715548,2.419437675168385,3.989309832423558,1.3081517631788677,4.583722123863915,7.758888140296339
39,2,0.5714285714285714,1.6582280766035322,-2.0,"(1, 1, 0, 0, 1, 1, 0, 0, 1, 1, 0, 0, 0, 1, 1, 0, 1, 1, 0, 0, 0, 0, 0, 1, 1)",7.0,9.0,10.0,13.0,8.180666666666667,14.794,15.406666666666666,18.374666666666666,0.0,3.4792296636821076,3.8465363950279925,4.540523269842978,9.0,1.0,4.0,1.0,0.1562242828183753,0.06104313267195345,0.04088275805381257,0.03836788496292954,2.0,3.0,6.0,6.613333333333333,7.225999999999999,10.193999999999999,3.4792296636821076,3.8465363950279925,4.540523269842978,5.197058700001824,5.60392143362437,9.374753844371105
39,3,0.8571428571428571,1.6582280766035322,-3.0,"(0, 0, 0, 1, 0, 0, 0, 1, 0, 0, 0, 0, 1, 0, 0, 1, 0, 0, 0, 0, 0, 0, 1, 0, 1)",5.0,9.0,8.0,11.0,6.472333333333333,15.074,13.663333333333334,14.402,0.0,3.5200036496101483,2.548761040387052,4.369965299786102,4.0,2.0,1.0,6.0,0.15072705466547867,0.03189517486621766,0.024199421536744627,0.06631909930402641,4.0,3.0,6.0,8.601666666666667,7.191000000000001,7.929666666666666,3.5200036496101483,2.548761040387052,4.369965299786102,8.426556290720933,7.697890981132962,5.902796750885321
39,4,1.1428571428571428,1.6582280766035322,-2.0,"(0, 1, 0, 0, 0, 0, 0, 1, 0, 0, 1, 1, 1, 0, 1, 1, 1, 0, 0, 1, 0, 1, 1, 1, 0)",6.0,9.0,8.0,12.0,8.397666666666666,13.041,14.343666666666667,16.625666666666667,0.0,1.864124729448471,1.6665100046083476,4.199011197466482,3.0,2.0,1.0,11.0,0.21170898041168554,0.009994954395500032,0.11539056378812372,0.014350087643889895,3.0,2.0,6.0,4.643333333333334,5.9460000000000015,8.228000000000002,1.864124729448471,1.6665100046083476,4.199011197466482,4.6085617376999854,7.09637046390236,6.680982352682327
39,5,1.4285714285714284,1.6582280766035322,-3.0,"(0, 1, 0, 0, 1, 0, 0, 1, 0, 0, 0, 0, 0, 1, 0, 0, 0, 1, 1, 0, 0, 0, 0, 0, 0)",5.0,8.0,10.0,11.0,6.452333333333334,12.927666666666667,12.145666666666667,15.431333333333333,0.0,3.2756913796572276,3.6320261685629207,5.399190617421101,3.0,2.0,50.0,6.0,0.2020855753371379,0.04555256036110244,0.01498710175807876,0.009213893699324465,3.0,5.0,6.0,6.475333333333333,5.693333333333333,8.979,3.2756913796572276,3.6320261685629207,5.399190617421101,5.305736122664297,3.418117415126322,5.936140427081085
39,6,1.7142857142857142,1.6582280766035322,0.0,"(1, 1, 1, 0, 1, 0, 0, 0, 1, 0, 0, 1, 1, 1, 0, 0, 1, 0, 0, 1, 1, 0, 1, 1, 1)",10.0,12.0,10.0,14.0,12.563,14.979,14.496,17.812,0.0,1.6233408003474328,0.964231989410343,2.686403183123347,52.0,25.0,2.0,4.0,0.08995919945705018,0.06910862474469609,0.0967998035389521,0.037390335976770335,2.0,0.0,4.0,2.4159999999999986,1.9329999999999998,5.2490000000000006,1.6233408003474328,0.964231989410343,2.686403183123347,1.3144097400419694,1.606438314875117,4.249369990759707
39,7,2.0,1.6582280766035322,-2.0,"(1, 1, 1, 1, 1, 0, 1, 1, 0, 1, 0, 1, 0, 0, 0, 1, 1, 1, 0, 1, 1, 1, 0, 0, 1)",9.0,11.0,11.0,14.0,11.598333333333333,16.533333333333335,17.802,18.502666666666666,0.0,2.0688053483705677,2.1215277888283564,3.3653278195758523,16.0,4.0,5.0,9.0,0.1698911769204448,0.06440864586592723,0.06949929455470628,0.02901542370844009,2.0,2.0,5.0,4.935000000000002,6.203666666666667,6.904333333333334,2.0688053483705677,2.1215277888283564,3.3653278195758523,4.752804444342808,6.769117299826323,5.868478306167364
40,0,0.0,1.6582280766035322,-2.0,"(1, 0, 1, 0, 1, 0, 1, 1, 0, 1, 1, 0, 0, 1, 1, 1, 0, 0, 0, 0, 0, 1, 1, 0, 0)",7.0,9.0,9.0,12.0,10.159,12.965,15.342666666666666,18.827333333333332,0.0,2.0171146942715548,2.419437675168385,3.989309832423558,6.0,1.0,1.0,2.0,0.22801400652437537,0.05784078456310508,0.03342265825985844,0.025947846267211624,2.0,2.0,5.0,2.805999999999999,5.1836666666666655,8.668333333333331,2.0171146942715548,2.419437675168385,3.989309832423558,1.3081517631788677,4.583722123863915,7.758888140296339
40,1,0.2857142857142857,1.6582280766035322,-3.0,"(1, 0, 1, 1, 1, 1, 1, 0, 1, 1, 1, 1, 1, 0, 0, 0, 0, 1, 1, 1, 0, 0, 0, 0, 0)",7.0,10.0,10.0,13.0,10.968,15.317,16.313666666666666,18.258333333333333,0.0,1.8588091872251362,1.529660126397538,3.1815961486881803,2.0,1.0,2.0,3.0,0.17754013338928085,0.04197401754410148,0.028162662599902712,0.011540488953849213,3.0,3.0,6.0,4.349,5.345666666666666,7.290333333333333,1.8588091872251362,1.529660126397538,3.1815961486881803,4.129304321843449,6.327809185576976,6.813223358963542
40,2,0.5714285714285714,1.6582280766035322,-4.0,"(0, 0, 0, 1, 0, 0, 0, 1, 0, 0, 1, 1, 1, 0, 0, 1, 0, 0, 0, 0, 0, 0, 1, 0, 1)",6.0,10.0,10.0,13.0,8.195,14.985,12.011666666666667,17.501333333333335,0.0,3.4545589148535276,2.8781496230479373,4.044538039752659,4.0,5.0,11.0,4.0,0.1940574841117078,0.08418516863448175,0.06647759153892907,0.024232287328696082,4.0,4.0,7.0,6.789999999999999,3.8166666666666664,9.306333333333335,3.4545589148535276,2.8781496230479373,4.044538039752659,5.5309220552468314,1.5562753120995185,8.725256689155803
40,3,0.8571428571428571,1.6582280766035322,-2.0,"(0, 1, 0, 0, 0, 0, 0, 1, 0, 0, 1, 1, 1, 0, 1, 1, 1, 0, 0, 1, 0, 1, 1, 1, 0)",6.0,9.0,8.0,12.0,8.397666666666666,13.041,14.343666666666667,16.625666666666667,0.0,1.864124729448471,1.6665100046083476,4.199011197466482,3.0,2.0,1.0,11.0,0.21170898041168554,0.009994954395500032,0.11539056378812372,0.014350087643889895,3.0,2.0,6.0,4.643333333333334,5.9460000000000015,8.228000000000002,1.864124729448471,1.6665100046083476,4.199011197466482,4.6085617376999854,7.09637046390236,6.680982352682327
40,4,1.1428571428571428,1.6582280766035322,-3.0,"(0, 1, 0, 0, 1, 0, 0, 1, 0, 0, 0, 0, 0, 1, 0, 0, 0, 1, 1, 0, 0, 0, 0, 0, 0)",5.0,8.0,10.0,11.0,6.452333333333334,12.927666666666667,12.145666666666667,15.431333333333333,0.0,3.2756913796572276,3.6320261685629207,5.399190617421101,3.0,2.0,50.0,6.0,0.2020855753371379,0.04555256036110244,0.01498710175807876,0.009213893699324465,3.0,5.0,6.0,6.475333333333333,5.693333333333333,8.979,3.2756913796572276,3.6320261685629207,5.399190617421101,5.305736122664297,3.418117415126322,5.936140427081085
40,5,1.4285714285714284,1.6582280766035322,0.0,"(1, 1, 1, 0, 1, 0, 0, 0, 1, 0, 0, 1, 1, 1, 0, 0, 1, 0, 0, 1, 1, 0, 1, 1, 1)",10.0,12.0,10.0,14.0,12.563,14.979,14.496,17.812,0.0,1.6233408003474328,0.964231989410343,2.686403183123347,52.0,25.0,2.0,4.0,0.08995919945705018,0.06910862474469609,0.0967998035389521,0.037390335976770335,2.0,0.0,4.0,2.4159999999999986,1.9329999999999998,5.2490000000000006,1.6233408003474328,0.964231989410343,2.686403183123347,1.3144097400419694,1.606438314875117,4.249369990759707
40,6,1.7142857142857142,1.6582280766035322,-2.0,"(1, 1, 1, 1, 1, 0, 1, 1, 0, 1, 0, 1, 0, 0, 0, 1, 1, 1, 0, 1, 1, 1, 0, 0, 1)",9.0,11.0,11.0,14.0,11.598333333333333,16.533333333333335,17.802,18.502666666666666,0.0,2.0688053483705677,2.1215277888283564,3.3653278195758523,16.0,4.0,5.0,9.0,0.1698911769204448,0.06440864586592723,0.06949929455470628,0.02901542370844009,2.0,2.0,5.0,4.935000000000002,6.203666666666667,6.904333333333334,2.0688053483705677,2.1215277888283564,3.3653278195758523,4.752804444342808,6.769117299826323,5.868478306167364
40,7,2.0,1.6582280766035322,-2.0,"(1, 1, 0, 0, 1, 1, 0, 0, 1, 1, 0, 0, 0, 1, 1, 0, 1, 1, 0, 0, 0, 0, 0, 1, 1)",7.0,9.0,10.0,13.0,8.180666666666667,14.794,15.406666666666666,18.374666666666666,0.0,3.4792296636821076,3.8465363950279925,4.540523269842978,9.0,1.0,4.0,1.0,0.1562242828183753,0.06104313267195345,0.04088275805381257,0.03836788496292954,2.0,3.0,6.0,6.613333333333333,7.225999999999999,10.193999999999999,3.4792296636821076,3.8465363950279925,4.540523269842978,5.197058700001824,5.60392143362437,9.374753844371105
41,0,0.0,1.6582280766035322,-2.0,"(1, 0, 1, 0, 1, 0, 1, 1, 0, 1, 1, 0, 0, 1, 1, 1, 0, 0, 0, 0, 0, 1, 1, 0, 0)",7.0,9.0,9.0,12.0,10.159,12.965,15.342666666666666,18.827333333333332,0.0,2.0171146942715548,2.419437675168385,3.989309832423558,6.0,1.0,1.0,2.0,0.22801400652437537,0.05784078456310508,0.03342265825985844,0.025947846267211624,2.0,2.0,5.0,2.805999999999999,5.1836666666666655,8.668333333333331,2.0171146942715548,2.419437675168385,3.989309832423558,1.3081517631788677,4.583722123863915,7.758888140296339
41,1,0.2857142857142857,1.6582280766035322,-3.0,"(1, 0, 0, 0, 1, 1, 1, 0, 1, 1, 1, 1, 1, 0, 0, 0, 0, 1, 1, 1, 0, 0, 0, 0, 0)",6.0,9.0,9.0,11.0,9.372333333333334,13.182333333333334,12.924333333333333,17.236333333333334,0.0,3.06620189931298,3.8539707842380984,4.8264754892750545,2.0,3.0,5.0,2.0,0.25883608901330607,0.0402221676824189,0.035164673888030136,0.09414223643249134,3.0,3.0,5.0,3.8100000000000005,3.5519999999999996,7.864000000000001,3.06620189931298,3.8539707842380984,4.8264754892750545,1.2333868938835983,-0.5007364327376027,5.036908427055513
41,2,0.5714285714285714,1.6582280766035322,-4.0,"(0, 0, 0, 1, 0, 0, 0, 1, 0, 0, 1, 1, 1, 0, 0, 1, 0, 0, 0, 0, 0, 0, 1, 0, 1)",6.0,10.0,10.0,13.0,8.195,14.985,12.011666666666667,17.501333333333335,0.0,3.4545589148535276,2.8781496230479373,4.044538039752659,4.0,5.0,11.0,4.0,0.1940574841117078,0.08418516863448175,0.06647759153892907,0.024232287328696082,4.0,4.0,7.0,6.789999999999999,3.8166666666666664,9.306333333333335,3.4545589148535276,2.8781496230479373,4.044538039752659,5.5309220552468314,1.5562753120995185,8.725256689155803
41,3,0.8571428571428571,1.6582280766035322,-2.0,"(0, 1, 0, 0, 0, 0, 0, 1, 0, 0, 1, 1, 1, 0, 1, 1, 1, 0, 0, 1, 0, 1, 1, 1, 0)",6.0,9.0,8.0,12.0,8.397666666666666,13.041,14.343666666666667,16.625666666666667,0.0,1.864124729448471,1.6665100046083476,4.199011197466482,3.0,2.0,1.0,11.0,0.21170898041168554,0.009994954395500032,0.11539056378812372,0.014350087643889895,3.0,2.0,6.0,4.643333333333334,5.9460000000000015,8.228000000000002,1.864124729448471,1.6665100046083476,4.199011197466482,4.6085617376999854,7.09637046390236,6.680982352682327
41,4,1.1428571428571428,1.6582280766035322,-3.0,"(0, 1, 0, 0, 1, 0, 0, 1, 0, 0, 0, 0, 0, 1, 0, 0, 0, 1, 1, 0, 0, 0, 0, 0, 0)",5.0,8.0,10.0,11.0,6.452333333333334,12.927666666666667,12.145666666666667,15.431333333333333,0.0,3.2756913796572276,3.6320261685629207,5.399190617421101,3.0,2.0,50.0,6.0,0.2020855753371379,0.04555256036110244,0.01498710175807876,0.009213893699324465,3.0,5.0,6.0,6.475333333333333,5.693333333333333,8.979,3.2756913796572276,3.6320261685629207,5.399190617421101,5.305736122664297,3.418117415126322,5.936140427081085
41,5,1.4285714285714284,1.6582280766035322,-2.0,"(1, 1, 1, 1, 1, 0, 0, 0, 0, 0, 0, 1, 1, 1, 0, 0, 1, 0, 0, 1, 1, 0, 1, 1, 1)",7.0,11.0,9.0,13.0,12.093333333333334,16.299333333333333,15.107,18.794333333333334,0.0,1.7419778068502132,1.5419218017862002,3.4892711559237615,1.0,1.0,2.0,1.0,0.2835906707146735,0.0338419719596548,0.05476280865548376,0.02421578236518413,4.0,2.0,6.0,4.2059999999999995,3.0136666666666656,6.7010000000000005,1.7419778068502132,1.5419218017862002,3.4892711559237615,4.085910782055187,2.4404886565418598,5.325778943684628
41,6,1.7142857142857142,1.6582280766035322,-2.0,"(1, 1, 1, 1, 1, 0, 1, 1, 0, 1, 0, 1, 0, 0, 0, 1, 1, 1, 0, 1, 1, 1, 0, 0, 1)",9.0,11.0,11.0,14.0,11.598333333333333,16.533333333333335,17.802,18.502666666666666,0.0,2.0688053483705677,2.1215277888283564,3.3653278195758523,16.0,4.0,5.0,9.0,0.1698911769204448,0.06440864586592723,0.06949929455470628,0.02901542370844009,2.0,2.0,5.0,4.935000000000002,6.203666666666667,6.904333333333334,2.0688053483705677,2.1215277888283564,3.3653278195758523,4.752804444342808,6.769117299826323,5.868478306167364
41,7,2.0,1.6582280766035322,-2.0,"(1, 1, 0, 0, 1, 1, 0, 0, 1, 1, 0, 0, 0, 1, 1, 0, 1, 1, 0, 0, 0, 0, 0, 1, 1)",7.0,9.0,10.0,13.0,8.180666666666667,14.794,15.406666666666666,18.374666666666666,0.0,3.4792296636821076,3.8465363950279925,4.540523269842978,9.0,1.0,4.0,1.0,0.1562242828183753,0.06104313267195345,0.04088275805381257,0.03836788496292954,2.0,3.0,6.0,6.613333333333333,7.225999999999999,10.193999999999999,3.4792296636821076,3.8465363950279925,4.540523269842978,5.197058700001824,5.60392143362437,9.374753844371105
42,0,0.0,1.6582280766035322,-2.0,"(1, 0, 1, 0, 1, 0, 1, 1, 0, 1, 1, 0, 0, 1, 1, 1, 0, 0, 0, 0, 0, 1, 1, 0, 0)",7.0,9.0,9.0,12.0,10.159,12.965,15.342666666666666,18.827333333333332,0.0,2.0171146942715548,2.419437675168385,3.989309832423558,6.0,1.0,1.0,2.0,0.22801400652437537,0.05784078456310508,0.03342265825985844,0.025947846267211624,2.0,2.0,5.0,2.805999999999999,5.1836666666666655,8.668333333333331,2.0171146942715548,2.419437675168385,3.989309832423558,1.3081517631788677,4.583722123863915,7.758888140296339
42,1,0.2857142857142857,1.6582280766035322,-3.0,"(1, 0, 0, 0, 1, 1, 1, 0, 1, 1, 1, 1, 1, 0, 0, 0, 0, 1, 1, 1, 0, 0, 0, 0, 0)",6.0,9.0,9.0,11.0,9.372333333333334,13.182333333333334,12.924333333333333,17.236333333333334,0.0,3.06620189931298,3.8539707842380984,4.8264754892750545,2.0,3.0,5.0,2.0,0.25883608901330607,0.0402221676824189,0.035164673888030136,0.09414223643249134,3.0,3.0,5.0,3.8100000000000005,3.5519999999999996,7.864000000000001,3.06620189931298,3.8539707842380984,4.8264754892750545,1.2333868938835983,-0.5007364327376027,5.036908427055513
42,2,0.5714285714285714,1.6582280766035322,-4.0,"(0, 0, 0, 1, 0, 0, 0, 1, 0, 0, 1, 1, 1, 0, 0, 1, 0, 0, 0, 0, 0, 0, 1, 0, 1)",6.0,10.0,10.0,13.0,8.195,14.985,12.011666666666667,17.501333333333335,0.0,3.4545589148535276,2.8781496230479373,4.044538039752659,4.0,5.0,11.0,4.0,0.1940574841117078,0.08418516863448175,0.06647759153892907,0.024232287328696082,4.0,4.0,7.0,6.789999999999999,3.8166666666666664,9.306333333333335,3.4545589148535276,2.8781496230479373,4.044538039752659,5.5309220552468314,1.5562753120995185,8.725256689155803
42,3,0.8571428571428571,1.6582280766035322,-4.0,"(0, 1, 0, 0, 0, 0, 0, 1, 0, 0, 1, 1, 1, 0, 1, 0, 0, 0, 0, 1, 0, 1, 1, 1, 0)",5.0,9.0,9.0,12.0,7.445333333333333,12.805666666666667,16.79,16.674333333333333,0.0,3.545475875342419,3.796854039377311,5.057807518339452,1.0,2.0,2.0,1.0,0.16675735573342623,0.006932066105546071,0.07067741629531545,0.017965719153524275,4.0,4.0,7.0,5.360333333333334,9.344666666666665,9.229,3.545475875342419,3.796854039377311,5.057807518339452,3.0094475918738506,9.199538662306814,6.916788486007084
42,4,1.1428571428571428,1.6582280766035322,-3.0,"(0, 1, 0, 0, 1, 0, 0, 1, 0, 0, 0, 0, 0, 1, 0, 0, 0, 1, 1, 0, 0, 0, 0, 0, 0)",5.0,8.0,10.0,11.0,6.452333333333334,12.927666666666667,12.145666666666667,15.431333333333333,0.0,3.2756913796572276,3.6320261685629207,5.399190617421101,3.0,2.0,50.0,6.0,0.2020855753371379,0.04555256036110244,0.01498710175807876,0.009213893699324465,3.0,5.0,6.0,6.475333333333333,5.693333333333333,8.979,3.2756913796572276,3.6320261685629207,5.399190617421101,5.305736122664297,3.418117415126322,5.936140427081085
42,5,1.4285714285714284,1.6582280766035322,-2.0,"(1, 1, 1, 1, 1, 0, 0, 0, 0, 0, 0, 1, 1, 1, 0, 0, 1, 0, 0, 1, 1, 0, 1, 1, 1)",7.0,11.0,9.0,13.0,12.093333333333334,16.299333333333333,15.107,18.794333333333334,0.0,1.7419778068502132,1.5419218017862002,3.4892711559237615,1.0,1.0,2.0,1.0,0.2835906707146735,0.0338419719596548,0.05476280865548376,0.02421578236518413,4.0,2.0,6.0,4.2059999999999995,3.0136666666666656,6.7010000000000005,1.7419778068502132,1.5419218017862002,3.4892711559237615,4.085910782055187,2.4404886565418598,5.325778943684628
42,6,1.7142857142857142,1.6582280766035322,-2.0,"(1, 1, 1, 1, 1, 0, 1, 1, 0, 1, 0, 1, 0, 0, 0, 1, 1, 1, 0, 1, 1, 1, 0, 0, 1)",9.0,11.0,11.0,14.0,11.598333333333333,16.533333333333335,17.802,18.502666666666666,0.0,2.0688053483705677,2.1215277888283564,3.3653278195758523,16.0,4.0,5.0,9.0,0.1698911769204448,0.06440864586592723,0.06949929455470628,0.02901542370844009,2.0,2.0,5.0,4.935000000000002,6.203666666666667,6.904333333333334,2.0688053483705677,2.1215277888283564,3.3653278195758523,4.752804444342808,6.769117299826323,5.868478306167364
42,7,2.0,1.6582280766035322,-2.0,"(1, 1, 0, 0, 1, 1, 0, 0, 1, 1, 0, 0, 0, 1, 1, 0, 1, 1, 0, 0, 0, 0, 0, 1, 1)",7.0,9.0,10.0,13.0,8.180666666666667,14.794,15.406666666666666,18.374666666666666,0.0,3.4792296636821076,3.8465363950279925,4.540523269842978,9.0,1.0,4.0,1.0,0.1562242828183753,0.06104313267195345,0.04088275805381257,0.03836788496292954,2.0,3.0,6.0,6.613333333333333,7.225999999999999,10.193999999999999,3.4792296636821076,3.8465363950279925,4.540523269842978,5.197058700001824,5.60392143362437,9.374753844371105
43,0,0.0,1.6582280766035322,-2.0,"(1, 0, 1, 0, 1, 0, 1, 1, 0, 1, 1, 0, 0, 1, 1, 1, 0, 0, 0, 0, 0, 1, 1, 0, 0)",7.0,9.0,9.0,12.0,10.159,12.965,15.342666666666666,18.827333333333332,0.0,2.0171146942715548,2.419437675168385,3.989309832423558,6.0,1.0,1.0,2.0,0.22801400652437537,0.05784078456310508,0.03342265825985844,0.025947846267211624,2.0,2.0,5.0,2.805999999999999,5.1836666666666655,8.668333333333331,2.0171146942715548,2.419437675168385,3.989309832423558,1.3081517631788677,4.583722123863915,7.758888140296339
43,1,0.2857142857142857,1.6582280766035322,-3.0,"(1, 0, 0, 0, 1, 1, 1, 0, 1, 1, 1, 1, 1, 0, 0, 0, 0, 0, 1, 1, 0, 0, 1, 0, 0)",7.0,10.0,10.0,12.0,10.222333333333333,15.101333333333333,15.855666666666666,16.908333333333335,0.0,2.1780641538623335,2.175705785042275,3.328091386877899,2.0,2.0,5.0,2.0,0.14388051371755414,0.026688637779925157,0.024459028578236175,0.03048377848296865,3.0,3.0,5.0,4.879,5.633333333333333,6.686000000000002,2.1780641538623335,2.175705785042275,3.328091386877899,4.4787676531703955,5.733535079014068,5.568178340947899
43,2,0.5714285714285714,1.6582280766035322,-4.0,"(0, 0, 0, 1, 0, 0, 0, 1, 0, 0, 1, 1, 1, 0, 0, 1, 0, 0, 0, 0, 0, 0, 1, 0, 1)",6.0,10.0,10.0,13.0,8.195,14.985,12.011666666666667,17.501333333333335,0.0,3.4545589148535276,2.8781496230479373,4.044538039752659,4.0,5.0,11.0,4.0,0.1940574841117078,0.08418516863448175,0.06647759153892907,0.024232287328696082,4.0,4.0,7.0,6.789999999999999,3.8166666666666664,9.306333333333335,3.4545589148535276,2.8781496230479373,4.044538039752659,5.5309220552468314,1.5562753120995185,8.725256689155803
43,3,0.8571428571428571,1.6582280766035322,-4.0,"(0, 1, 0, 0, 0, 0, 0, 1, 0, 0, 1, 1, 1, 0, 1, 0, 0, 0, 0, 1, 0, 1, 1, 1, 0)",5.0,9.0,9.0,12.0,7.445333333333333,12.805666666666667,16.79,16.674333333333333,0.0,3.545475875342419,3.796854039377311,5.057807518339452,1.0,2.0,2.0,1.0,0.16675735573342623,0.006932066105546071,0.07067741629531545,0.017965719153524275,4.0,4.0,7.0,5.360333333333334,9.344666666666665,9.229,3.545475875342419,3.796854039377311,5.057807518339452,3.0094475918738506,9.199538662306814,6.916788486007084
43,4,1.1428571428571428,1.6582280766035322,-3.0,"(0, 1, 0, 0, 1, 0, 0, 1, 0, 0, 0, 0, 0, 1, 0, 0, 0, 1, 1, 0, 0, 0, 0, 0, 0)",5.0,8.0,10.0,11.0,6.452333333333334,12.927666666666667,12.145666666666667,15.431333333333333,0.0,3.2756913796572276,3.6320261685629207,5.399190617421101,3.0,2.0,50.0,6.0,0.2020855753371379,0.04555256036110244,0.01498710175807876,0.009213893699324465,3.0,5.0,6.0,6.475333333333333,5.693333333333333,8.979,3.2756913796572276,3.6320261685629207,5.399190617421101,5.305736122664297,3.418117415126322,5.936140427081085
43,5,1.4285714285714284,1.6582280766035322,-2.0,"(1, 1, 1, 1, 1, 0, 0, 0, 0, 0, 0, 1, 1, 1, 0, 0, 1, 0, 0, 1, 1, 0, 1, 1, 1)",7.0,11.0,9.0,13.0,12.093333333333334,16.299333333333333,15.107,18.794333333333334,0.0,1.7419778068502132,1.5419218017862002,3.4892711559237615,1.0,1.0,2.0,1.0,0.2835906707146735,0.0338419719596548,0.05476280865548376,0.02421578236518413,4.0,2.0,6.0,4.2059999999999995,3.0136666666666656,6.7010000000000005,1.7419778068502132,1.5419218017862002,3.4892711559237615,4.085910782055187,2.4404886565418598,5.325778943684628
43,6,1.7142857142857142,1.6582280766035322,-2.0,"(1, 1, 1, 1, 1, 0, 1, 1, 0, 1, 0, 1, 0, 0, 0, 1, 1, 1, 0, 1, 1, 1, 0, 0, 1)",9.0,11.0,11.0,14.0,11.598333333333333,16.533333333333335,17.802,18.502666666666666,0.0,2.0688053483705677,2.1215277888283564,3.3653278195758523,16.0,4.0,5.0,9.0,0.1698911769204448,0.06440864586592723,0.06949929455470628,0.02901542370844009,2.0,2.0,5.0,4.935000000000002,6.203666666666667,6.904333333333334,2.0688053483705677,2.1215277888283564,3.3653278195758523,4.752804444342808,6.769117299826323,5.868478306167364
43,7,2.0,1.6582280766035322,-2.0,"(1, 1, 0, 0, 1, 1, 0, 0, 1, 1, 0, 0, 0, 1, 1, 0, 1, 1, 0, 0, 0, 0, 0, 1, 1)",7.0,9.0,10.0,13.0,8.180666666666667,14.794,15.406666666666666,18.374666666666666,0.0,3.4792296636821076,3.8465363950279925,4.540523269842978,9.0,1.0,4.0,1.0,0.1562242828183753,0.06104313267195345,0.04088275805381257,0.03836788496292954,2.0,3.0,6.0,6.613333333333333,7.225999999999999,10.193999999999999,3.4792296636821076,3.8465363950279925,4.540523269842978,5.197058700001824,5.60392143362437,9.374753844371105
44,0,0.0,1.6582280766035322,-2.0,"(1, 0, 1, 0, 1, 0, 1, 1, 0, 1, 1, 0, 0, 1, 1, 1, 0, 0, 0, 0, 0, 1, 1, 0, 0)",7.0,9.0,9.0,12.0,10.159,12.965,15.342666666666666,18.827333333333332,0.0,2.0171146942715548,2.419437675168385,3.989309832423558,6.0,1.0,1.0,2.0,0.22801400652437537,0.05784078456310508,0.03342265825985844,0.025947846267211624,2.0,2.0,5.0,2.805999999999999,5.1836666666666655,8.668333333333331,2.0171146942715548,2.419437675168385,3.989309832423558,1.3081517631788677,4.583722123863915,7.758888140296339
44,1,0.2857142857142857,1.6582280766035322,-3.0,"(1, 0, 0, 0, 1, 1, 1, 0, 1, 1, 1, 1, 1, 0, 0, 0, 0, 0, 1, 1, 0, 0, 1, 0, 0)",7.0,10.0,10.0,12.0,10.222333333333333,15.101333333333333,15.855666666666666,16.908333333333335,0.0,2.1780641538623335,2.175705785042275,3.328091386877899,2.0,2.0,5.0,2.0,0.14388051371755414,0.026688637779925157,0.024459028578236175,0.03048377848296865,3.0,3.0,5.0,4.879,5.633333333333333,6.686000000000002,2.1780641538623335,2.175705785042275,3.328091386877899,4.4787676531703955,5.733535079014068,5.568178340947899
44,2,0.5714285714285714,1.6582280766035322,-4.0,"(0, 0, 0, 1, 0, 0, 0, 1, 0, 0, 1, 1, 1, 0, 0, 1, 0, 0, 0, 0, 0, 0, 1, 0, 1)",6.0,10.0,10.0,13.0,8.195,14.985,12.011666666666667,17.501333333333335,0.0,3.4545589148535276,2.8781496230479373,4.044538039752659,4.0,5.0,11.0,4.0,0.1940574841117078,0.08418516863448175,0.06647759153892907,0.024232287328696082,4.0,4.0,7.0,6.789999999999999,3.8166666666666664,9.306333333333335,3.4545589148535276,2.8781496230479373,4.044538039752659,5.5309220552468314,1.5562753120995185,8.725256689155803
44,3,0.8571428571428571,1.6582280766035322,-4.0,"(0, 1, 0, 0, 0, 0, 0, 1, 0, 0, 1, 1, 1, 0, 1, 0, 0, 0, 0, 1, 0, 1, 1, 1, 0)",5.0,9.0,9.0,12.0,7.445333333333333,12.805666666666667,16.79,16.674333333333333,0.0,3.545475875342419,3.796854039377311,5.057807518339452,1.0,2.0,2.0,1.0,0.16675735573342623,0.006932066105546071,0.07067741629531545,0.017965719153524275,4.0,4.0,7.0,5.360333333333334,9.344666666666665,9.229,3.545475875342419,3.796854039377311,5.057807518339452,3.0094475918738506,9.199538662306814,6.916788486007084
44,4,1.1428571428571428,1.6582280766035322,-3.0,"(0, 1, 0, 0, 1, 0, 0, 1, 0, 0, 0, 0, 0, 1, 0, 0, 0, 1, 1, 0, 0, 0, 0, 0, 0)",5.0,8.0,10.0,11.0,6.452333333333334,12.927666666666667,12.145666666666667,15.431333333333333,0.0,3.2756913796572276,3.6320261685629207,5.399190617421101,3.0,2.0,50.0,6.0,0.2020855753371379,0.04555256036110244,0.01498710175807876,0.009213893699324465,3.0,5.0,6.0,6.475333333333333,5.693333333333333,8.979,3.2756913796572276,3.6320261685629207,5.399190617421101,5.305736122664297,3.418117415126322,5.936140427081085
44,5,1.4285714285714284,1.6582280766035322,-2.0,"(1, 1, 1, 1, 1, 0, 1, 0, 0, 0, 0, 0, 1, 1, 0, 0, 1, 0, 0, 1, 1, 0, 1, 1, 1)",8.0,13.0,10.0,14.0,13.184,18.598666666666666,15.778,19.625333333333334,0.0,2.028915750750049,2.1771244912855914,2.753423234552742,1.0,5.0,4.0,1.0,0.09753090443227522,0.03052894108744478,0.04637348084186001,0.025750844842367036,5.0,2.0,6.0,5.414666666666667,2.594000000000001,6.4413333333333345,2.028915750750049,2.1771244912855914,2.753423234552742,5.614347229159062,0.6912746729986148,6.115396069787685
44,6,1.7142857142857142,1.6582280766035322,-2.0,"(1, 1, 1, 1, 1, 0, 1, 0, 1, 1, 0, 1, 0, 0, 0, 1, 1, 1, 0, 1, 1, 1, 0, 0, 1)",8.0,12.0,10.0,14.0,12.705333333333334,17.51,15.534333333333333,19.092333333333332,0.0,2.301638995082109,1.8496060213999863,2.8144736649063615,4.0,6.0,2.0,2.0,0.16258317895772753,0.034366400098085025,0.027670881159239415,0.03034349518973859,4.0,2.0,6.0,4.804666666666668,2.828999999999999,6.386999999999999,2.301638995082109,1.8496060213999863,2.8144736649063615,4.150590761537081,1.6240585933709797,5.924063473257788
44,7,2.0,1.6582280766035322,-3.0,"(1, 1, 0, 0, 1, 1, 0, 0, 1, 1, 0, 0, 0, 1, 1, 0, 1, 1, 0, 0, 0, 1, 1, 1, 1)",7.0,10.0,10.0,13.0,9.808333333333334,14.371333333333334,14.439666666666668,19.372666666666667,0.0,2.612565971823475,3.74613068498965,4.114865334957056,2.0,5.0,3.0,3.0,0.14117887709535518,0.06129429529509926,0.05300048223915333,0.007029980722384412,3.0,3.0,6.0,4.563000000000001,4.631333333333334,9.564333333333334,2.612565971823475,3.74613068498965,4.114865334957056,3.2342644670852394,1.4678678849673001,9.036460837459996
45,0,0.0,1.6582280766035322,-2.0,"(1, 0, 1, 0, 1, 0, 1, 1, 0, 1, 1, 0, 0, 1, 1, 1, 0, 0, 0, 0, 0, 1, 1, 0, 0)",7.0,9.0,9.0,12.0,10.159,12.965,15.342666666666666,18.827333333333332,0.0,2.0171146942715548,2.419437675168385,3.989309832423558,6.0,1.0,1.0,2.0,0.22801400652437537,0.05784078456310508,0.03342265825985844,0.025947846267211624,2.0,2.0,5.0,2.805999999999999,5.1836666666666655,8.668333333333331,2.0171146942715548,2.419437675168385,3.989309832423558,1.3081517631788677,4.583722123863915,7.758888140296339
45,1,0.2857142857142857,1.6582280766035322,-3.0,"(1, 0, 0, 0, 1, 1, 1, 0, 1, 1, 1, 1, 1, 0, 0, 0, 0, 1, 0, 1, 0, 0, 1, 0, 0)",7.0,10.0,11.0,13.0,10.008,15.101666666666667,14.328666666666667,19.116333333333333,0.0,2.0467693397081477,2.423555608225284,3.4295104585186125,2.0,2.0,8.0,2.0,0.17546029445334432,0.032600995394029324,0.044410754483863245,0.019315951296299975,3.0,4.0,6.0,5.0936666666666675,4.320666666666668,9.108333333333334,2.0467693397081477,2.423555608225284,3.4295104585186125,5.0524506940908696,3.1458428215425474,9.416783533076158
45,2,0.5714285714285714,1.6582280766035322,-4.0,"(0, 0, 0, 1, 0, 0, 0, 1, 0, 0, 1, 1, 1, 0, 0, 1, 0, 0, 0, 0, 0, 0, 1, 0, 1)",6.0,10.0,10.0,13.0,8.195,14.985,12.011666666666667,17.501333333333335,0.0,3.4545589148535276,2.8781496230479373,4.044538039752659,4.0,5.0,11.0,4.0,0.1940574841117078,0.08418516863448175,0.06647759153892907,0.024232287328696082,4.0,4.0,7.0,6.789999999999999,3.8166666666666664,9.306333333333335,3.4545589148535276,2.8781496230479373,4.044538039752659,5.5309220552468314,1.5562753120995185,8.725256689155803
45,3,0.8571428571428571,1.6582280766035322,-1.0,"(0, 1, 0, 0, 0, 0, 0, 1, 0, 0, 1, 1, 0, 1, 1, 0, 0, 0, 0, 1, 0, 1, 1, 1, 0)",8.0,9.0,9.0,12.0,13.729333333333333,14.563666666666666,12.890333333333333,18.590333333333334,0.0,2.9064961107796545,2.4426528682408333,4.165818998799799,7.0,2.0,1.0,1.0,0.016371131542692388,0.10405711778900407,0.025799638015669053,0.02644518951722263,1.0,1.0,4.0,0.8343333333333334,-0.8390000000000004,4.861000000000001,2.9064961107796545,2.4426528682408333,4.165818998799799,-3.436118496854246,-5.4417289237834625,1.152768654511528
45,4,1.1428571428571428,1.6582280766035322,-3.0,"(0, 1, 0, 0, 1, 0, 0, 1, 0, 0, 0, 0, 0, 1, 0, 0, 0, 1, 1, 0, 0, 0, 0, 0, 0)",5.0,8.0,10.0,11.0,6.452333333333334,12.927666666666667,12.145666666666667,15.431333333333333,0.0,3.2756913796572276,3.6320261685629207,5.399190617421101,3.0,2.0,50.0,6.0,0.2020855753371379,0.04555256036110244,0.01498710175807876,0.009213893699324465,3.0,5.0,6.0,6.475333333333333,5.693333333333333,8.979,3.2756913796572276,3.6320261685629207,5.399190617421101,5.305736122664297,3.418117415126322,5.936140427081085
45,5,1.4285714285714284,1.6582280766035322,0.0,"(1, 1, 1, 1, 1, 0, 1, 1, 0, 0, 0, 0, 0, 1, 0, 0, 1, 0, 0, 1, 1, 0, 1, 1, 1)",9.0,12.0,9.0,14.0,11.661666666666667,15.271666666666667,13.709666666666667,18.495,0.0,2.0081786874143006,1.7403195787736097,3.4956553340186862,34.0,12.0,2.0,2.0,0.2534480192786257,0.020112297884763628,0.08795324730794449,0.02317043232096386,3.0,0.0,5.0,3.6099999999999994,2.048,6.833333333333334,2.0081786874143006,1.7403195787736097,3.4956553340186862,2.6561850742315287,0.510204313098802,5.534631369125454
45,6,1.7142857142857142,1.6582280766035322,-2.0,"(1, 1, 1, 1, 1, 0, 1, 0, 1, 1, 0, 1, 0, 0, 0, 1, 1, 1, 0, 1, 1, 1, 0, 0, 1)",8.0,12.0,10.0,14.0,12.705333333333334,17.51,15.534333333333333,19.092333333333332,0.0,2.301638995082109,1.8496060213999863,2.8144736649063615,4.0,6.0,2.0,2.0,0.16258317895772753,0.034366400098085025,0.027670881159239415,0.03034349518973859,4.0,2.0,6.0,4.804666666666668,2.828999999999999,6.386999999999999,2.301638995082109,1.8496060213999863,2.8144736649063615,4.150590761537081,1.6240585933709797,5.924063473257788
45,7,2.0,1.6582280766035322,-2.0,"(1, 1, 0, 0, 1, 1, 0, 0, 1, 1, 0, 0, 0, 1, 1, 0, 1, 1, 0, 0, 0, 0, 0, 1, 1)",7.0,9.0,12.0,13.0,8.575,12.739,14.304666666666666,17.398,0.0,2.9987672908644387,2.8442849207724117,4.546566589944378,9.0,4.0,19.0,1.0,0.1445348095525847,0.05265331241348034,0.08710379386187032,0.030343695573945142,2.0,5.0,6.0,4.1640000000000015,5.729666666666667,8.823,2.9987672908644387,2.8442849207724117,4.546566589944378,1.9322215940653873,4.784621022761172,7.091301948279619
46,0,0.0,1.6582280766035322,-2.0,"(1, 0, 1, 0, 1, 0, 1, 1, 0, 1, 1, 0, 0, 1, 1, 1, 0, 0, 0, 0, 0, 1, 1, 0, 0)",7.0,9.0,9.0,12.0,10.159,12.965,15.342666666666666,18.827333333333332,0.0,2.0171146942715548,2.419437675168385,3.989309832423558,6.0,1.0,1.0,2.0,0.22801400652437537,0.05784078456310508,0.03342265825985844,0.025947846267211624,2.0,2.0,5.0,2.805999999999999,5.1836666666666655,8.668333333333331,2.0171146942715548,2.419437675168385,3.989309832423558,1.3081517631788677,4.583722123863915,7.758888140296339
46,1,0.2857142857142857,1.6582280766035322,-3.0,"(1, 0, 0, 0, 1, 1, 1, 0, 1, 1, 1, 1, 1, 0, 0, 0, 0, 1, 0, 1, 0, 0, 1, 0, 0)",7.0,10.0,11.0,13.0,10.008,15.101666666666667,14.328666666666667,19.116333333333333,0.0,2.0467693397081477,2.423555608225284,3.4295104585186125,2.0,2.0,8.0,2.0,0.17546029445334432,0.032600995394029324,0.044410754483863245,0.019315951296299975,3.0,4.0,6.0,5.0936666666666675,4.320666666666668,9.108333333333334,2.0467693397081477,2.423555608225284,3.4295104585186125,5.0524506940908696,3.1458428215425474,9.416783533076158
46,2,0.5714285714285714,1.6582280766035322,-4.0,"(0, 0, 0, 1, 0, 0, 0, 1, 0, 0, 1, 1, 1, 0, 0, 1, 0, 0, 0, 0, 0, 0, 1, 0, 1)",6.0,10.0,10.0,13.0,8.195,14.985,12.011666666666667,17.501333333333335,0.0,3.4545589148535276,2.8781496230479373,4.044538039752659,4.0,5.0,11.0,4.0,0.1940574841117078,0.08418516863448175,0.06647759153892907,0.024232287328696082,4.0,4.0,7.0,6.789999999999999,3.8166666666666664,9.306333333333335,3.4545589148535276,2.8781496230479373,4.044538039752659,5.5309220552468314,1.5562753120995185,8.725256689155803
46,3,0.8571428571428571,1.6582280766035322,-1.0,"(0, 1, 0, 0, 0, 0, 0, 1, 0, 0, 1, 1, 0, 1, 1, 0, 0, 0, 0, 1, 0, 1, 1, 1, 0)",8.0,9.0,9.0,12.0,13.729333333333333,14.563666666666666,12.890333333333333,18.590333333333334,0.0,2.9064961107796545,2.4426528682408333,4.165818998799799,7.0,2.0,1.0,1.0,0.016371131542692388,0.10405711778900407,0.025799638015669053,0.02644518951722263,1.0,1.0,4.0,0.8343333333333334,-0.8390000000000004,4.861000000000001,2.9064961107796545,2.4426528682408333,4.165818998799799,-3.436118496854246,-5.4417289237834625,1.152768654511528
46,4,1.1428571428571428,1.6582280766035322,-3.0,"(0, 1, 0, 0, 1, 0, 0, 1, 0, 0, 0, 0, 0, 1, 0, 0, 0, 1, 1, 0, 0, 0, 0, 0, 0)",5.0,8.0,10.0,11.0,6.452333333333334,12.927666666666667,12.145666666666667,15.431333333333333,0.0,3.2756913796572276,3.6320261685629207,5.399190617421101,3.0,2.0,50.0,6.0,0.2020855753371379,0.04555256036110244,0.01498710175807876,0.009213893699324465,3.0,5.0,6.0,6.475333333333333,5.693333333333333,8.979,3.2756913796572276,3.6320261685629207,5.399190617421101,5.305736122664297,3.418117415126322,5.936140427081085
46,5,1.4285714285714284,1.6582280766035322,0.0,"(1, 1, 1, 1, 1, 0, 1, 1, 0, 0, 0, 0, 0, 1, 0, 0, 1, 0, 0, 1, 1, 0, 1, 1, 1)",9.0,12.0,9.0,14.0,11.661666666666667,15.271666666666667,13.709666666666667,18.495,0.0,2.0081786874143006,1.7403195787736097,3.4956553340186862,34.0,12.0,2.0,2.0,0.2534480192786257,0.020112297884763628,0.08795324730794449,0.02317043232096386,3.0,0.0,5.0,3.6099999999999994,2.048,6.833333333333334,2.0081786874143006,1.7403195787736097,3.4956553340186862,2.6561850742315287,0.510204313098802,5.534631369125454
46,6,1.7142857142857142,1.6582280766035322,-2.0,"(1, 1, 1, 1, 1, 0, 1, 0, 1, 1, 0, 1, 0, 0, 0, 1, 1, 1, 0, 1, 1, 1, 0, 0, 1)",8.0,12.0,10.0,14.0,12.705333333333334,17.51,15.534333333333333,19.092333333333332,0.0,2.301638995082109,1.8496060213999863,2.8144736649063615,4.0,6.0,2.0,2.0,0.16258317895772753,0.034366400098085025,0.027670881159239415,0.03034349518973859,4.0,2.0,6.0,4.804666666666668,2.828999999999999,6.386999999999999,2.301638995082109,1.8496060213999863,2.8144736649063615,4.150590761537081,1.6240585933709797,5.924063473257788
46,7,2.0,1.6582280766035322,-2.0,"(1, 1, 0, 0, 1, 1, 0, 0, 1, 1, 0, 0, 0, 1, 1, 0, 1, 1, 0, 0, 0, 0, 0, 1, 1)",7.0,9.0,12.0,13.0,8.575,12.739,14.304666666666666,17.398,0.0,2.9987672908644387,2.8442849207724117,4.546566589944378,9.0,4.0,19.0,1.0,0.1445348095525847,0.05265331241348034,0.08710379386187032,0.030343695573945142,2.0,5.0,6.0,4.1640000000000015,5.729666666666667,8.823,2.9987672908644387,2.8442849207724117,4.546566589944378,1.9322215940653873,4.784621022761172,7.091301948279619
47,0,0.0,1.6582280766035322,-2.0,"(1, 0, 1, 0, 1, 0, 1, 1, 0, 1, 1, 0, 0, 1, 1, 1, 0, 0, 0, 0, 0, 1, 1, 0, 0)",7.0,9.0,9.0,12.0,10.159,12.965,15.342666666666666,18.827333333333332,0.0,2.0171146942715548,2.419437675168385,3.989309832423558,6.0,1.0,1.0,2.0,0.22801400652437537,0.05784078456310508,0.03342265825985844,0.025947846267211624,2.0,2.0,5.0,2.805999999999999,5.1836666666666655,8.668333333333331,2.0171146942715548,2.419437675168385,3.989309832423558,1.3081517631788677,4.583722123863915,7.758888140296339
47,1,0.2857142857142857,1.6582280766035322,-3.0,"(1, 0, 0, 0, 1, 1, 1, 0, 1, 1, 1, 1, 1, 0, 0, 0, 0, 1, 0, 1, 0, 0, 1, 0, 0)",7.0,10.0,11.0,13.0,10.008,15.101666666666667,14.328666666666667,19.116333333333333,0.0,2.0467693397081477,2.423555608225284,3.4295104585186125,2.0,2.0,8.0,2.0,0.17546029445334432,0.032600995394029324,0.044410754483863245,0.019315951296299975,3.0,4.0,6.0,5.0936666666666675,4.320666666666668,9.108333333333334,2.0467693397081477,2.423555608225284,3.4295104585186125,5.0524506940908696,3.1458428215425474,9.416783533076158
47,2,0.5714285714285714,1.6582280766035322,-3.0,"(0, 0, 0, 1, 0, 0, 0, 1, 0, 0, 1, 0, 0, 0, 0, 1, 0, 0, 0, 0, 0, 0, 1, 0, 1)",5.0,10.0,8.0,11.0,6.463666666666667,13.849666666666666,11.825666666666667,15.284,0.0,2.826809039320652,3.3656502528129693,5.049009697155249,4.0,8.0,2.0,6.0,0.36752591609143115,0.03259197311124037,0.04965382696678486,0.04088651535719921,5.0,3.0,6.0,7.385999999999999,5.362,8.820333333333334,2.826809039320652,3.3656502528129693,5.049009697155249,7.560178457595524,3.310403201505898,6.253714739469025
47,3,0.8571428571428571,1.6582280766035322,-1.0,"(0, 1, 0, 0, 0, 0, 0, 1, 0, 0, 1, 1, 0, 1, 1, 0, 0, 0, 0, 1, 0, 1, 1, 1, 0)",8.0,9.0,9.0,12.0,13.729333333333333,14.563666666666666,12.890333333333333,18.590333333333334,0.0,2.9064961107796545,2.4426528682408333,4.165818998799799,7.0,2.0,1.0,1.0,0.016371131542692388,0.10405711778900407,0.025799638015669053,0.02644518951722263,1.0,1.0,4.0,0.8343333333333334,-0.8390000000000004,4.861000000000001,2.9064961107796545,2.4426528682408333,4.165818998799799,-3.436118496854246,-5.4417289237834625,1.152768654511528
47,4,1.1428571428571428,1.6582280766035322,-3.0,"(1, 1, 0, 0, 1, 1, 0, 1, 0, 0, 0, 0, 0, 1, 0, 0, 0, 1, 1, 0, 0, 0, 0, 0, 0)",6.0,9.0,9.0,12.0,6.925333333333334,12.134333333333334,12.338333333333333,15.77,0.0,3.204838978895239,3.505319118754004,5.8144385649372365,9.0,6.0,3.0,20.0,0.23006972056210226,0.06733297506936811,0.008687868625691823,0.03316449288539658,3.0,3.0,6.0,5.2090000000000005,5.412999999999999,8.844666666666665,3.204838978895239,3.505319118754004,5.8144385649372365,3.3233560752303197,3.1633699984818784,5.024809316800763
47,5,1.4285714285714284,1.6582280766035322,0.0,"(1, 1, 1, 1, 1, 0, 1, 1, 0, 0, 0, 0, 0, 1, 0, 0, 1, 0, 0, 1, 1, 0, 1, 1, 1)",9.0,12.0,9.0,14.0,11.661666666666667,15.271666666666667,13.709666666666667,18.495,0.0,2.0081786874143006,1.7403195787736097,3.4956553340186862,34.0,12.0,2.0,2.0,0.2534480192786257,0.020112297884763628,0.08795324730794449,0.02317043232096386,3.0,0.0,5.0,3.6099999999999994,2.048,6.833333333333334,2.0081786874143006,1.7403195787736097,3.4956553340186862,2.6561850742315287,0.510204313098802,5.534631369125454
47,6,1.7142857142857142,1.6582280766035322,-2.0,"(1, 1, 1, 1, 1, 0, 1, 0, 1, 1, 0, 1, 0, 0, 0, 1, 1, 1, 0, 1, 1, 1, 0, 0, 1)",8.0,12.0,10.0,14.0,12.705333333333334,17.51,15.534333333333333,19.092333333333332,0.0,2.301638995082109,1.8496060213999863,2.8144736649063615,4.0,6.0,2.0,2.0,0.16258317895772753,0.034366400098085025,0.027670881159239415,0.03034349518973859,4.0,2.0,6.0,4.804666666666668,2.828999999999999,6.386999999999999,2.301638995082109,1.8496060213999863,2.8144736649063615,4.150590761537081,1.6240585933709797,5.924063473257788
47,7,2.0,1.6582280766035322,-2.0,"(1, 1, 0, 0, 1, 1, 0, 0, 1, 1, 0, 0, 0, 1, 1, 0, 1, 1, 0, 0, 0, 0, 0, 1, 1)",7.0,9.0,12.0,13.0,8.575,12.739,14.304666666666666,17.398,0.0,2.9987672908644387,2.8442849207724117,4.546566589944378,9.0,4.0,19.0,1.0,0.1445348095525847,0.05265331241348034,0.08710379386187032,0.030343695573945142,2.0,5.0,6.0,4.1640000000000015,5.729666666666667,8.823,2.9987672908644387,2.8442849207724117,4.546566589944378,1.9322215940653873,4.784621022761172,7.091301948279619
48,0,0.0,1.6582280766035322,-2.0,"(1, 0, 1, 0, 1, 0, 1, 1, 0, 1, 1, 0, 0, 1, 1, 1, 0, 0, 0, 0, 0, 1, 1, 0, 0)",7.0,9.0,9.0,12.0,10.159,12.965,15.342666666666666,18.827333333333332,0.0,2.0171146942715548,2.419437675168385,3.989309832423558,6.0,1.0,1.0,2.0,0.22801400652437537,0.05784078456310508,0.03342265825985844,0.025947846267211624,2.0,2.0,5.0,2.805999999999999,5.1836666666666655,8.668333333333331,2.0171146942715548,2.419437675168385,3.989309832423558,1.3081517631788677,4.583722123863915,7.758888140296339
48,1,0.2857142857142857,1.6582280766035322,-3.0,"(1, 0, 0, 0, 1, 1, 1, 0, 1, 1, 1, 1, 1, 0, 0, 0, 0, 1, 0, 1, 0, 0, 1, 0, 0)",7.0,10.0,11.0,13.0,10.008,15.101666666666667,14.328666666666667,19.116333333333333,0.0,2.0467693397081477,2.423555608225284,3.4295104585186125,2.0,2.0,8.0,2.0,0.17546029445334432,0.032600995394029324,0.044410754483863245,0.019315951296299975,3.0,4.0,6.0,5.0936666666666675,4.320666666666668,9.108333333333334,2.0467693397081477,2.423555608225284,3.4295104585186125,5.0524506940908696,3.1458428215425474,9.416783533076158
48,2,0.5714285714285714,1.6582280766035322,-3.0,"(0, 0, 0, 1, 0, 0, 0, 1, 0, 0, 0, 1, 0, 0, 0, 1, 0, 0, 0, 0, 0, 0, 1, 0, 1)",6.0,12.0,9.0,13.0,8.066666666666666,16.272,12.501333333333333,15.905666666666667,0.0,3.9457352835217003,4.1067031678688855,4.919124376866176,8.0,6.0,4.0,12.0,0.24350467194608,0.022594522987683087,0.040510712612487856,0.03239945285984439,6.0,3.0,7.0,8.205333333333332,4.434666666666667,7.839,3.9457352835217003,4.1067031678688855,4.919124376866176,7.063385081243299,0.5438382818076097,4.841819738470742
48,3,0.8571428571428571,1.6582280766035322,-1.0,"(0, 1, 0, 0, 0, 0, 0, 1, 0, 0, 1, 1, 0, 1, 1, 0, 0, 0, 0, 1, 0, 1, 1, 1, 0)",8.0,9.0,9.0,12.0,13.729333333333333,14.563666666666666,12.890333333333333,18.590333333333334,0.0,2.9064961107796545,2.4426528682408333,4.165818998799799,7.0,2.0,1.0,1.0,0.016371131542692388,0.10405711778900407,0.025799638015669053,0.02644518951722263,1.0,1.0,4.0,0.8343333333333334,-0.8390000000000004,4.861000000000001,2.9064961107796545,2.4426528682408333,4.165818998799799,-3.436118496854246,-5.4417289237834625,1.152768654511528
48,4,1.1428571428571428,1.6582280766035322,-3.0,"(1, 1, 0, 0, 1, 1, 0, 1, 0, 0, 0, 0, 0, 1, 0, 0, 0, 1, 1, 0, 0, 0, 0, 0, 0)",6.0,9.0,9.0,12.0,6.925333333333334,12.134333333333334,12.338333333333333,15.77,0.0,3.204838978895239,3.505319118754004,5.8144385649372365,9.0,6.0,3.0,20.0,0.23006972056210226,0.06733297506936811,0.008687868625691823,0.03316449288539658,3.0,3.0,6.0,5.2090000000000005,5.412999999999999,8.844666666666665,3.204838978895239,3.505319118754004,5.8144385649372365,3.3233560752303197,3.1633699984818784,5.024809316800763
48,5,1.4285714285714284,1.6582280766035322,0.0,"(1, 1, 1, 1, 1, 0, 1, 1, 0, 0, 0, 0, 0, 1, 0, 0, 1, 0, 0, 1, 1, 0, 1, 1, 1)",9.0,12.0,9.0,14.0,11.661666666666667,15.271666666666667,13.709666666666667,18.495,0.0,2.0081786874143006,1.7403195787736097,3.4956553340186862,34.0,12.0,2.0,2.0,0.2534480192786257,0.020112297884763628,0.08795324730794449,0.02317043232096386,3.0,0.0,5.0,3.6099999999999994,2.048,6.833333333333334,2.0081786874143006,1.7403195787736097,3.4956553340186862,2.6561850742315287,0.510204313098802,5.534631369125454
48,6,1.7142857142857142,1.6582280766035322,-2.0,"(1, 1, 1, 1, 1, 0, 1, 0, 1, 1, 0, 1, 0, 0, 0, 1, 1, 0, 1, 1, 1, 1, 0, 0, 1)",8.0,13.0,10.0,13.0,10.296666666666667,17.976333333333333,14.672333333333333,18.351,0.0,2.5898943090650235,2.2508143045342113,3.670128564811988,4.0,5.0,2.0,1.0,0.12057424804909088,0.04966246229211957,0.09574720051611436,0.019179129739346514,5.0,2.0,5.0,7.679666666666666,4.375666666666666,8.054333333333332,2.5898943090650235,2.2508143045342113,3.670128564811988,8.440003426895597,3.523489845525372,7.270011440741183
48,7,2.0,1.6582280766035322,-2.0,"(1, 1, 0, 0, 1, 1, 0, 0, 1, 1, 0, 0, 0, 1, 1, 0, 1, 1, 0, 0, 0, 0, 0, 1, 1)",7.0,9.0,12.0,13.0,8.575,12.739,14.304666666666666,17.398,0.0,2.9987672908644387,2.8442849207724117,4.546566589944378,9.0,4.0,19.0,1.0,0.1445348095525847,0.05265331241348034,0.08710379386187032,0.030343695573945142,2.0,5.0,6.0,4.1640000000000015,5.729666666666667,8.823,2.9987672908644387,2.8442849207724117,4.546566589944378,1.9322215940653873,4.784621022761172,7.091301948279619
49,0,0.0,1.6582280766035322,-2.0,"(1, 0, 1, 0, 1, 0, 1, 1, 0, 1, 1, 0, 0, 1, 1, 1, 0, 0, 0, 0, 0, 1, 1, 0, 0)",7.0,9.0,9.0,12.0,10.159,12.965,15.342666666666666,18.827333333333332,0.0,2.0171146942715548,2.419437675168385,3.989309832423558,6.0,1.0,1.0,2.0,0.22801400652437537,0.05784078456310508,0.03342265825985844,0.025947846267211624,2.0,2.0,5.0,2.805999999999999,5.1836666666666655,8.668333333333331,2.0171146942715548,2.419437675168385,3.989309832423558,1.3081517631788677,4.583722123863915,7.758888140296339
49,1,0.2857142857142857,1.6582280766035322,-3.0,"(1, 0, 0, 0, 1, 1, 1, 0, 1, 1, 1, 1, 1, 0, 0, 0, 0, 1, 0, 1, 0, 0, 1, 0, 0)",7.0,10.0,11.0,13.0,10.008,15.101666666666667,14.328666666666667,19.116333333333333,0.0,2.0467693397081477,2.423555608225284,3.4295104585186125,2.0,2.0,8.0,2.0,0.17546029445334432,0.032600995394029324,0.044410754483863245,0.019315951296299975,3.0,4.0,6.0,5.0936666666666675,4.320666666666668,9.108333333333334,2.0467693397081477,2.423555608225284,3.4295104585186125,5.0524506940908696,3.1458428215425474,9.416783533076158
49,2,0.5714285714285714,1.6582280766035322,-3.0,"(0, 0, 0, 1, 0, 0, 0, 1, 0, 0, 0, 1, 0, 0, 0, 1, 0, 0, 0, 0, 0, 0, 1, 0, 1)",6.0,12.0,9.0,13.0,8.066666666666666,16.272,12.501333333333333,15.905666666666667,0.0,3.9457352835217003,4.1067031678688855,4.919124376866176,8.0,6.0,4.0,12.0,0.24350467194608,0.022594522987683087,0.040510712612487856,0.03239945285984439,6.0,3.0,7.0,8.205333333333332,4.434666666666667,7.839,3.9457352835217003,4.1067031678688855,4.919124376866176,7.063385081243299,0.5438382818076097,4.841819738470742
49,3,0.8571428571428571,1.6582280766035322,-1.0,"(0, 1, 0, 0, 0, 0, 0, 1, 0, 0, 1, 1, 0, 1, 1, 0, 0, 0, 0, 1, 0, 1, 1, 1, 0)",8.0,9.0,9.0,12.0,13.729333333333333,14.563666666666666,12.890333333333333,18.590333333333334,0.0,2.9064961107796545,2.4426528682408333,4.165818998799799,7.0,2.0,1.0,1.0,0.016371131542692388,0.10405711778900407,0.025799638015669053,0.02644518951722263,1.0,1.0,4.0,0.8343333333333334,-0.8390000000000004,4.861000000000001,2.9064961107796545,2.4426528682408333,4.165818998799799,-3.436118496854246,-5.4417289237834625,1.152768654511528
49,4,1.1428571428571428,1.6582280766035322,-3.0,"(1, 1, 0, 0, 1, 1, 0, 1, 0, 0, 0, 0, 0, 1, 0, 0, 0, 1, 1, 0, 0, 0, 0, 0, 0)",6.0,9.0,9.0,12.0,6.925333333333334,12.134333333333334,12.338333333333333,15.77,0.0,3.204838978895239,3.505319118754004,5.8144385649372365,9.0,6.0,3.0,20.0,0.23006972056210226,0.06733297506936811,0.008687868625691823,0.03316449288539658,3.0,3.0,6.0,5.2090000000000005,5.412999999999999,8.844666666666665,3.204838978895239,3.505319118754004,5.8144385649372365,3.3233560752303197,3.1633699984818784,5.024809316800763
49,5,1.4285714285714284,1.6582280766035322,-2.0,"(1, 1, 1, 1, 1, 0, 1, 1, 0, 0, 0, 0, 0, 1, 0, 1, 0, 0, 0, 1, 1, 0, 1, 1, 1)",8.0,10.0,10.0,12.0,10.910333333333334,16.721,14.481,17.080666666666666,0.0,2.004742470344451,0.7293439823594549,3.058583262538808,16.0,4.0,5.0,6.0,0.11865004960822124,0.06315930413525139,0.026064840844945737,0.06890714070612732,2.0,2.0,4.0,5.810666666666666,3.570666666666666,6.170333333333332,2.004742470344451,0.7293439823594549,3.058583262538808,6.311090359766231,4.711561049808732,5.159991334764508
49,6,1.7142857142857142,1.6582280766035322,-2.0,"(1, 1, 1, 1, 1, 0, 1, 0, 1, 1, 0, 1, 0, 0, 0, 1, 1, 0, 1, 1, 1, 1, 0, 0, 1)",8.0,13.0,10.0,13.0,10.296666666666667,17.976333333333333,14.672333333333333,18.351,0.0,2.5898943090650235,2.2508143045342113,3.670128564811988,4.0,5.0,2.0,1.0,0.12057424804909088,0.04966246229211957,0.09574720051611436,0.019179129739346514,5.0,2.0,5.0,7.679666666666666,4.375666666666666,8.054333333333332,2.5898943090650235,2.2508143045342113,3.670128564811988,8.440003426895597,3.523489845525372,7.270011440741183
49,7,2.0,1.6582280766035322,-2.0,"(1, 1, 0, 0, 1, 1, 0, 0, 1, 1, 0, 0, 0, 1, 1, 0, 1, 1, 0, 0, 0, 0, 0, 1, 1)",7.0,9.0,12.0,13.0,8.575,12.739,14.304666666666666,17.398,0.0,2.9987672908644387,2.8442849207724117,4.546566589944378,9.0,4.0,19.0,1.0,0.1445348095525847,0.05265331241348034,0.08710379386187032,0.030343695573945142,2.0,5.0,6.0,4.1640000000000015,5.729666666666667,8.823,2.9987672908644387,2.8442849207724117,4.546566589944378,1.9322215940653873,4.784621022761172,7.091301948279619
