step,replica,lambda,beta,phi,syndrome,E0_II,E0_IX,E0_XI,E0_XX,U_II,U_IX,U_XI,U_XX,F_II,F_IX,F_XI,F_XX,g_II,g_IX,g_XI,g_XX,Z_II,Z_IX,Z_XI,Z_XX,delta_E0_IX,delta_E0_XI,delta_E0_XX,delta_U_IX,delta_U_XI,delta_U_XX,delta_F_IX,delta_F_XI,delta_F_XX,delta_S_IX,delta_S_XI,delta_S_XX
0,0,0.0,1.6582280766035322,-1.8574273304946345,"(1, 1, 1, 1, 1, 0, 0, 0, 0, 1, 1, 0, 0, 0, 0, 0, 1, 1, 0, 0, 0, 1, 0, 0, 0)",6.0,10.0,9.0,12.0,7.855666666666667,13.935666666666666,14.738,16.197333333333333,0.0,2.0247425434239292,1.8574273304946345,3.5757293253622304,3.0,5.0,1.0,3.0,0.22107644783913644,0.03953528400575852,0.07299416013442654,0.019967879518351717,4.0,3.0,6.0,6.079999999999999,6.8823333333333325,8.341666666666665,2.0247425434239292,1.8574273304946345,3.5757293253622304,6.724541772350269,8.332440216200757,7.903011110684204
0,1,0.2857142857142857,1.6582280766035322,-3.5001417622037194,"(1, 0, 0, 0, 0, 0, 1, 1, 1, 0, 0, 1, 0, 1, 0, 1, 1, 0, 0, 0, 0, 0, 0, 0, 0)",5.0,10.0,9.0,12.0,7.195666666666667,13.022,13.991,16.423,0.0,3.5001417622037194,4.218854660116505,5.655119696288448,1.0,5.0,2.0,3.0,0.14853545798787848,0.06568186422396785,0.03787713850549045,0.01924636473395795,5.0,4.0,7.0,5.826333333333333,6.795333333333333,9.22733333333333,3.5001417622037194,4.218854660116505,5.655119696288448,3.8573561748056084,4.272389274698361,5.923544948573843
0,2,0.5714285714285714,1.6582280766035322,-2.883022971117511,"(0, 0, 0, 1, 0, 1, 1, 1, 0, 1, 1, 0, 0, 0, 0, 0, 1, 0, 0, 1, 0, 1, 0, 0, 1)",6.0,10.0,9.0,12.0,8.950666666666667,12.999333333333333,12.508666666666667,18.249,0.0,2.883022971117511,3.8676327411136713,4.543277770925782,2.0,2.0,1.0,2.0,0.17263639895222302,0.04907961167277419,0.02594170606789479,0.036647825298805045,4.0,3.0,6.0,4.048666666666666,3.558,9.298333333333332,2.883022971117511,3.8676327411136713,4.543277770925782,1.9329031032755084,-0.5134417047504028,7.884966639393999
0,3,0.8571428571428571,1.6582280766035322,-2.8359385061201734,"(0, 1, 1, 0, 0, 0, 1, 0, 1, 0, 0, 0, 0, 0, 0, 1, 0, 1, 1, 0, 0, 1, 0, 0, 0)",6.0,9.0,10.0,11.0,7.757666666666666,12.750333333333334,13.052,16.39,0.0,3.4959224929865824,2.8359385061201734,5.001676497946421,6.0,6.0,12.0,5.0,0.12874985985728166,0.1173600534531428,0.12978748175837326,0.028309101819066713,3.0,4.0,5.0,4.9926666666666675,5.294333333333333,8.632333333333335,3.4959224929865824,2.8359385061201734,5.001676497946421,2.4819432122890706,4.0765793258617515,6.02045710095111
0,4,1.1428571428571428,1.6582280766035322,-2.0654336179481394,"(1, 0, 0, 1, 0, 1, 0, 1, 0, 1, 1, 0, 0, 1, 1, 0, 1, 1, 0, 1, 0, 0, 1, 1, 1)",9.0,12.0,13.0,15.0,12.712333333333333,16.467,16.840333333333334,19.631333333333334,0.0,2.2423665537217365,2.0654336179481394,3.629391428396762,15.0,5.0,8.0,8.0,0.0776782399016578,0.02469088229618582,0.04155509060709304,0.030532484095189667,3.0,4.0,6.0,3.7546666666666653,4.128,6.9190000000000005,2.2423665537217365,2.0654336179481394,3.629391428396762,2.5077385075359735,3.420205484576963,5.454921294468131
0,5,1.4285714285714284,1.6582280766035322,-2.365996669210734,"(0, 0, 0, 0, 0, 1, 1, 1, 0, 0, 0, 1, 0, 1, 1, 1, 1, 0, 1, 1, 0, 1, 1, 0, 0)",7.0,10.0,8.0,12.0,9.048666666666668,12.752666666666666,11.612666666666666,16.792666666666666,0.0,2.365996669210734,2.5347398007615496,3.7071623251894668,10.0,15.0,1.0,5.0,0.167996862013443,0.008947452275004375,0.13761219185688628,0.02173743897306586,3.0,1.0,5.0,3.703999999999999,2.5639999999999983,7.743999999999998,2.365996669210734,2.5347398007615496,3.7071623251894668,2.2187146897038024,0.048520083904208915,6.6939975730617425
0,6,1.7142857142857142,1.6582280766035322,-2.2744901165168274,"(0, 0, 0, 1, 0, 0, 1, 0, 1, 0, 1, 0, 0, 0, 0, 1, 0, 0, 0, 0, 1, 1, 0, 1, 0)",5.0,9.0,10.0,12.0,8.289666666666667,11.845,13.467333333333332,16.019666666666666,0.0,2.8265510927309574,2.2744901165168274,4.149734186456746,1.0,3.0,14.0,1.0,0.3497732815430113,0.00767620851055646,0.058106175421876224,0.020186805234150087,4.0,5.0,7.0,3.5553333333333335,5.177666666666665,7.729999999999999,2.8265510927309574,2.2744901165168274,4.149734186456746,1.2084871730968907,4.814128866795444,5.936897293721209
0,7,2.0,1.6582280766035322,-2.0326836134352195,"(1, 1, 1, 0, 1, 1, 0, 1, 0, 0, 0, 0, 0, 0, 1, 0, 0, 1, 0, 0, 1, 0, 1, 0, 0)",7.0,10.0,9.0,12.0,8.583,13.278,11.991333333333333,17.841,0.0,2.2928319615197053,2.0326836134352195,3.498981002550098,10.0,8.0,3.0,6.0,0.23616516962889092,0.025918661773854816,0.013730037346375843,0.06778692983005158,3.0,2.0,5.0,4.695,3.408333333333333,9.258000000000001,2.2928319615197053,2.0326836134352195,3.498981002550098,3.9833424861276594,2.281140989106837,9.549766995264555
1,0,0.0,1.6582280766035322,-3.302720497305866,"(1, 1, 1, 1, 1, 0, 0, 0, 0, 1, 1, 0, 0, 0, 0, 0, 1, 1, 0, 0, 1, 0, 0, 0, 0)",6.0,11.0,10.0,13.0,9.436666666666667,16.596666666666668,15.123,17.593333333333334,0.0,3.302720497305866,3.624269346115697,4.743038979887288,1.0,2.0,4.0,5.0,0.10323251464456878,0.01608698772606402,0.039829238429519756,0.02531436827095759,5.0,4.0,7.0,7.16,5.686333333333332,8.156666666666666,3.302720497305866,3.624269346115697,4.743038979887288,6.396249170674723,3.4193723993573095,5.660573273288733
1,1,0.2857142857142857,1.6582280766035322,-3.5001417622037194,"(1, 0, 0, 0, 0, 0, 1, 1, 1, 0, 0, 1, 0, 1, 0, 1, 1, 0, 0, 0, 0, 0, 0, 0, 0)",5.0,10.0,9.0,12.0,7.195666666666667,13.022,13.991,16.423,0.0,3.5001417622037194,4.218854660116505,5.655119696288448,1.0,5.0,2.0,3.0,0.14853545798787848,0.06568186422396785,0.03787713850549045,0.01924636473395795,5.0,4.0,7.0,5.826333333333333,6.795333333333333,9.22733333333333,3.5001417622037194,4.218854660116505,5.655119696288448,3.8573561748056084,4.272389274698361,5.923544948573843
1,2,0.5714285714285714,1.6582280766035322,-3.890617624731037,"(0, 0, 0, 1, 0, 1, 1, 1, 0, 1, 1, 0, 0, 0, 0, 0, 1, 0, 0, 0, 0, 1, 0, 0, 0)",5.0,9.0,9.0,12.0,6.056666666666667,13.388666666666667,14.178,15.740333333333334,0.0,4.206104728683064,3.890617624731037,5.903006368984272,2.0,2.0,4.0,9.0,0.19810933798760658,0.012423373378934715,0.016412108671541036,0.013714938552264584,4.0,4.0,7.0,7.332000000000001,8.121333333333334,9.683666666666667,4.206104728683064,3.890617624731037,5.903006368984272,5.18344730341996,7.015491572131936,6.269197053717216
1,3,0.8571428571428571,1.6582280766035322,-2.8359385061201734,"(0, 1, 1, 0, 0, 0, 1, 0, 1, 0, 0, 0, 0, 0, 0, 1, 0, 1, 1, 0, 0, 1, 0, 0, 0)",6.0,9.0,10.0,11.0,7.757666666666666,12.750333333333334,13.052,16.39,0.0,3.4959224929865824,2.8359385061201734,5.001676497946421,6.0,6.0,12.0,5.0,0.12874985985728166,0.1173600534531428,0.12978748175837326,0.028309101819066713,3.0,4.0,5.0,4.9926666666666675,5.294333333333333,8.632333333333335,3.4959224929865824,2.8359385061201734,5.001676497946421,2.4819432122890706,4.0765793258617515,6.02045710095111
1,4,1.1428571428571428,1.6582280766035322,-2.0654336179481394,"(1, 0, 0, 1, 0, 1, 0, 1, 0, 1, 1, 0, 0, 1, 1, 0, 1, 1, 0, 1, 0, 0, 1, 1, 1)",9.0,12.0,13.0,15.0,12.712333333333333,16.467,16.840333333333334,19.631333333333334,0.0,2.2423665537217365,2.0654336179481394,3.629391428396762,15.0,5.0,8.0,8.0,0.0776782399016578,0.02469088229618582,0.04155509060709304,0.030532484095189667,3.0,4.0,6.0,3.7546666666666653,4.128,6.9190000000000005,2.2423665537217365,2.0654336179481394,3.629391428396762,2.5077385075359735,3.420205484576963,5.454921294468131
1,5,1.4285714285714284,1.6582280766035322,-2.365996669210734,"(0, 0, 0, 0, 0, 1, 1, 1, 0, 0, 0, 1, 0, 1, 1, 1, 1, 0, 1, 1, 0, 1, 1, 0, 0)",7.0,10.0,8.0,12.0,9.048666666666668,12.752666666666666,11.612666666666666,16.792666666666666,0.0,2.365996669210734,2.5347398007615496,3.7071623251894668,10.0,15.0,1.0,5.0,0.167996862013443,0.008947452275004375,0.13761219185688628,0.02173743897306586,3.0,1.0,5.0,3.703999999999999,2.5639999999999983,7.743999999999998,2.365996669210734,2.5347398007615496,3.7071623251894668,2.2187146897038024,0.048520083904208915,6.6939975730617425
1,6,1.7142857142857142,1.6582280766035322,-2.2744901165168274,"(0, 0, 0, 1, 0, 0, 1, 0, 1, 0, 1, 0, 0, 0, 0, 1, 0, 0, 0, 0, 1, 1, 0, 1, 0)",5.0,9.0,10.0,12.0,8.289666666666667,11.845,13.467333333333332,16.019666666666666,0.0,2.8265510927309574,2.2744901165168274,4.149734186456746,1.0,3.0,14.0,1.0,0.3497732815430113,0.00767620851055646,0.058106175421876224,0.020186805234150087,4.0,5.0,7.0,3.5553333333333335,5.177666666666665,7.729999999999999,2.8265510927309574,2.2744901165168274,4.149734186456746,1.2084871730968907,4.814128866795444,5.936897293721209
1,7,2.0,1.6582280766035322,-2.0326836134352195,"(1, 1, 1, 0, 1, 1, 0, 1, 0, 0, 0, 0, 0, 0, 1, 0, 0, 1, 0, 0, 1, 0, 1, 0, 0)",7.0,10.0,9.0,12.0,8.583,13.278,11.991333333333333,17.841,0.0,2.2928319615197053,2.0326836134352195,3.498981002550098,10.0,8.0,3.0,6.0,0.23616516962889092,0.025918661773854816,0.013730037346375843,0.06778692983005158,3.0,2.0,5.0,4.695,3.408333333333333,9.258000000000001,2.2928319615197053,2.0326836134352195,3.498981002550098,3.9833424861276594,2.281140989106837,9.549766995264555
2,0,0.0,1.6582280766035322,-3.302720497305866,"(1, 1, 1, 1, 1, 0, 0, 0, 0, 1, 1, 0, 0, 0, 0, 0, 1, 1, 0, 0, 1, 0, 0, 0, 0)",6.0,11.0,10.0,13.0,9.436666666666667,16.596666666666668,15.123,17.593333333333334,0.0,3.302720497305866,3.624269346115697,4.743038979887288,1.0,2.0,4.0,5.0,0.10323251464456878,0.01608698772606402,0.039829238429519756,0.02531436827095759,5.0,4.0,7.0,7.16,5.686333333333332,8.156666666666666,3.302720497305866,3.624269346115697,4.743038979887288,6.396249170674723,3.4193723993573095,5.660573273288733
2,1,0.2857142857142857,1.6582280766035322,-3.5001417622037194,"(1, 0, 0, 0, 0, 0, 1, 1, 1, 0, 0, 1, 0, 1, 0, 1, 1, 0, 0, 0, 0, 0, 0, 0, 0)",5.0,10.0,9.0,12.0,7.195666666666667,13.022,13.991,16.423,0.0,3.5001417622037194,4.218854660116505,5.655119696288448,1.0,5.0,2.0,3.0,0.14853545798787848,0.06568186422396785,0.03787713850549045,0.01924636473395795,5.0,4.0,7.0,5.826333333333333,6.795333333333333,9.22733333333333,3.5001417622037194,4.218854660116505,5.655119696288448,3.8573561748056084,4.272389274698361,5.923544948573843
2,2,0.5714285714285714,1.6582280766035322,-3.890617624731037,"(0, 0, 0, 1, 0, 1, 1, 1, 0, 1, 1, 0, 0, 0, 0, 0, 1, 0, 0, 0, 0, 1, 0, 0, 0)",5.0,9.0,9.0,12.0,6.056666666666667,13.388666666666667,14.178,15.740333333333334,0.0,4.206104728683064,3.890617624731037,5.903006368984272,2.0,2.0,4.0,9.0,0.19810933798760658,0.012423373378934715,0.016412108671541036,0.013714938552264584,4.0,4.0,7.0,7.332000000000001,8.121333333333334,9.683666666666667,4.206104728683064,3.890617624731037,5.903006368984272,5.18344730341996,7.015491572131936,6.269197053717216
2,3,0.8571428571428571,1.6582280766035322,-2.4808105387591204,"(0, 1, 1, 0, 0, 0, 1, 0, 1, 0, 0, 0, 0, 0, 0, 1, 0, 1, 1, 1, 0, 1, 0, 0, 1)",7.0,10.0,10.0,12.0,9.633,13.117333333333333,12.086666666666666,16.310333333333332,0.0,2.4808105387591204,3.0968146320827232,4.629505630909165,8.0,6.0,13.0,8.0,0.0828871531266014,0.08578915962113565,0.07243113353437161,0.07251621475901378,3.0,3.0,5.0,3.4843333333333337,2.453666666666667,6.677333333333333,2.4808105387591204,3.0968146320827232,4.629505630909165,1.6640696734745994,-1.0664860136633423,3.3957653922062594
2,4,1.1428571428571428,1.6582280766035322,-1.7901585448537505,"(1, 0, 1, 0, 0, 1, 0, 1, 0, 1, 1, 0, 0, 1, 1, 0, 1, 1, 0, 1, 0, 0, 1, 1, 1)",8.0,11.0,12.0,16.0,12.759333333333334,16.265333333333334,16.387666666666668,19.314333333333334,0.0,1.9003293757876485,1.7901585448537505,2.584164209822537,4.0,2.0,9.0,6.0,0.09733568939484237,0.02709504204868259,0.11771511399056805,0.010876110221956082,3.0,4.0,8.0,3.5060000000000002,3.628333333333334,6.555,1.9003293757876485,1.7901585448537505,2.584164209822537,2.662568110846441,3.0481130439616044,6.584551394854441
2,5,1.4285714285714284,1.6582280766035322,-2.365996669210734,"(0, 0, 0, 0, 0, 1, 1, 1, 0, 0, 0, 1, 0, 1, 1, 1, 1, 0, 1, 1, 0, 1, 1, 0, 0)",7.0,10.0,8.0,12.0,9.048666666666668,12.752666666666666,11.612666666666666,16.792666666666666,0.0,2.365996669210734,2.5347398007615496,3.7071623251894668,10.0,15.0,1.0,5.0,0.167996862013443,0.008947452275004375,0.13761219185688628,0.02173743897306586,3.0,1.0,5.0,3.703999999999999,2.5639999999999983,7.743999999999998,2.365996669210734,2.5347398007615496,3.7071623251894668,2.2187146897038024,0.048520083904208915,6.6939975730617425
2,6,1.7142857142857142,1.6582280766035322,-2.8717470201966067,"(0, 0, 0, 0, 1, 0, 1, 0, 1, 0, 1, 0, 0, 0, 0, 1, 0, 0, 0, 0, 1, 1, 0, 1, 0)",6.0,10.0,11.0,13.0,8.404666666666667,15.136333333333333,14.952,18.525666666666666,0.0,2.8717470201966067,3.5243426797439272,5.314335401790018,2.0,1.0,11.0,8.0,0.17056302836576206,0.009183254602244244,0.03207862880900981,0.020725831288365113,4.0,5.0,7.0,6.731666666666666,6.547333333333333,10.120999999999999,2.8717470201966067,3.5243426797439272,5.314335401790018,6.400627131210232,5.012807977092014,7.970546191568026
2,7,2.0,1.6582280766035322,-2.0326836134352195,"(1, 1, 1, 0, 1, 1, 0, 1, 0, 0, 0, 0, 0, 0, 1, 0, 0, 1, 0, 0, 1, 0, 1, 0, 0)",7.0,10.0,9.0,12.0,8.583,13.278,11.991333333333333,17.841,0.0,2.2928319615197053,2.0326836134352195,3.498981002550098,10.0,8.0,3.0,6.0,0.23616516962889092,0.025918661773854816,0.013730037346375843,0.06778692983005158,3.0,2.0,5.0,4.695,3.408333333333333,9.258000000000001,2.2928319615197053,2.0326836134352195,3.498981002550098,3.9833424861276594,2.281140989106837,9.549766995264555
3,0,0.0,1.6582280766035322,-2.031605765185426,"(1, 1, 1, 1, 1, 0, 0, 0, 0, 1, 1, 0, 0, 1, 0, 0, 1, 1, 1, 0, 1, 0, 0, 0, 0)",7.0,13.0,10.0,14.0,12.978666666666667,17.503333333333334,15.976,19.143,0.0,2.430068759615052,2.031605765185426,3.0075006254012164,1.0,13.0,1.0,5.0,0.11753878392955938,0.06100354826167106,0.022519425168081152,0.052098342792775344,6.0,3.0,7.0,4.524666666666667,2.9973333333333336,6.164333333333333,2.430068759615052,2.031605765185426,3.0075006254012164,3.473321058667983,1.6013965678529114,5.234748629433395
3,1,0.2857142857142857,1.6582280766035322,-1.9778883878816778,"(1, 0, 0, 0, 0, 1, 1, 1, 1, 1, 0, 1, 0, 1, 0, 1, 1, 0, 0, 0, 0, 0, 0, 0, 0)",6.0,10.0,9.0,11.0,7.917333333333334,13.377333333333333,13.265,14.867,0.0,2.999117361236166,1.9778883878816778,4.590012165551392,4.0,12.0,5.0,2.0,0.17884508653109857,0.018128525242770956,0.07927897023566917,0.012676588475033003,4.0,3.0,5.0,5.459999999999999,5.347666666666667,6.949666666666667,2.999117361236166,1.9778883878816778,4.590012165551392,4.080704684824376,5.587860953809994,3.9128453448332503
3,2,0.5714285714285714,1.6582280766035322,-3.890617624731037,"(0, 0, 0, 1, 0, 1, 1, 1, 0, 1, 1, 0, 0, 0, 0, 0, 1, 0, 0, 0, 0, 1, 0, 0, 0)",5.0,9.0,9.0,12.0,6.056666666666667,13.388666666666667,14.178,15.740333333333334,0.0,4.206104728683064,3.890617624731037,5.903006368984272,2.0,2.0,4.0,9.0,0.19810933798760658,0.012423373378934715,0.016412108671541036,0.013714938552264584,4.0,4.0,7.0,7.332000000000001,8.121333333333334,9.683666666666667,4.206104728683064,3.890617624731037,5.903006368984272,5.18344730341996,7.015491572131936,6.269197053717216
3,3,0.8571428571428571,1.6582280766035322,-2.4808105387591204,"(0, 1, 1, 0, 0, 0, 1, 0, 1, 0, 0, 0, 0, 0, 0, 1, 0, 1, 1, 1, 0, 1, 0, 0, 1)",7.0,10.0,10.0,12.0,9.633,13.117333333333333,12.086666666666666,16.310333333333332,0.0,2.4808105387591204,3.0968146320827232,4.629505630909165,8.0,6.0,13.0,8.0,0.0828871531266014,0.08578915962113565,0.07243113353437161,0.07251621475901378,3.0,3.0,5.0,3.4843333333333337,2.453666666666667,6.677333333333333,2.4808105387591204,3.0968146320827232,4.629505630909165,1.6640696734745994,-1.0664860136633423,3.3957653922062594
3,4,1.1428571428571428,1.6582280766035322,-1.7901585448537505,"(1, 0, 1, 0, 0, 1, 0, 1, 0, 1, 1, 0, 0, 1, 1, 0, 1, 1, 0, 1, 0, 0, 1, 1, 1)",8.0,11.0,12.0,16.0,12.759333333333334,16.265333333333334,16.387666666666668,19.314333333333334,0.0,1.9003293757876485,1.7901585448537505,2.584164209822537,4.0,2.0,9.0,6.0,0.09733568939484237,0.02709504204868259,0.11771511399056805,0.010876110221956082,3.0,4.0,8.0,3.5060000000000002,3.628333333333334,6.555,1.9003293757876485,1.7901585448537505,2.584164209822537,2.662568110846441,3.0481130439616044,6.584551394854441
3,5,1.4285714285714284,1.6582280766035322,-2.365996669210734,"(0, 0, 0, 0, 0, 1, 1, 1, 0, 0, 0, 1, 0, 1, 1, 1, 1, 0, 1, 1, 0, 1, 1, 0, 0)",7.0,10.0,8.0,12.0,9.048666666666668,12.752666666666666,11.612666666666666,16.792666666666666,0.0,2.365996669210734,2.5347398007615496,3.7071623251894668,10.0,15.0,1.0,5.0,0.167996862013443,0.008947452275004375,0.13761219185688628,0.02173743897306586,3.0,1.0,5.0,3.703999999999999,2.5639999999999983,7.743999999999998,2.365996669210734,2.5347398007615496,3.7071623251894668,2.2187146897038024,0.048520083904208915,6.6939975730617425
3,6,1.7142857142857142,1.6582280766035322,-1.9018402058129975,"(0, 0, 0, 0, 1, 0, 1, 0, 1, 0, 1, 0, 0, 1, 1, 1, 0, 0, 0, 0, 1, 1, 0, 1, 0)",7.0,11.0,10.0,14.0,10.711333333333334,15.880666666666666,13.886666666666667,17.935666666666666,0.0,1.9018402058129975,2.4587192558274813,3.62955725120442,2.0,7.0,2.0,5.0,0.0930351602896914,0.05518030745339696,0.09736807810542927,0.03634546543925785,4.0,3.0,7.0,5.1693333333333324,3.1753333333333327,7.224333333333332,1.9018402058129975,2.4587192558274813,3.62955725120442,5.418248844163305,1.1883095834095425,5.960958628489007
3,7,2.0,1.6582280766035322,-2.0326836134352195,"(1, 1, 1, 0, 1, 1, 0, 1, 0, 0, 0, 0, 0, 0, 1, 0, 0, 1, 0, 0, 1, 0, 1, 0, 0)",7.0,10.0,9.0,12.0,8.583,13.278,11.991333333333333,17.841,0.0,2.2928319615197053,2.0326836134352195,3.498981002550098,10.0,8.0,3.0,6.0,0.23616516962889092,0.025918661773854816,0.013730037346375843,0.06778692983005158,3.0,2.0,5.0,4.695,3.408333333333333,9.258000000000001,2.2928319615197053,2.0326836134352195,3.498981002550098,3.9833424861276594,2.281140989106837,9.549766995264555
4,0,0.0,1.6582280766035322,-2.031605765185426,"(1, 1, 1, 1, 1, 0, 0, 0, 0, 1, 1, 0, 0, 1, 0, 0, 1, 1, 1, 0, 1, 0, 0, 0, 0)",7.0,13.0,10.0,14.0,12.978666666666667,17.503333333333334,15.976,19.143,0.0,2.430068759615052,2.031605765185426,3.0075006254012164,1.0,13.0,1.0,5.0,0.11753878392955938,0.06100354826167106,0.022519425168081152,0.052098342792775344,6.0,3.0,7.0,4.524666666666667,2.9973333333333336,6.164333333333333,2.430068759615052,2.031605765185426,3.0075006254012164,3.473321058667983,1.6013965678529114,5.234748629433395
4,1,0.2857142857142857,1.6582280766035322,-1.9778883878816778,"(1, 0, 0, 0, 0, 1, 1, 1, 1, 1, 0, 1, 0, 1, 0, 1, 1, 0, 0, 0, 0, 0, 0, 0, 0)",6.0,10.0,9.0,11.0,7.917333333333334,13.377333333333333,13.265,14.867,0.0,2.999117361236166,1.9778883878816778,4.590012165551392,4.0,12.0,5.0,2.0,0.17884508653109857,0.018128525242770956,0.07927897023566917,0.012676588475033003,4.0,3.0,5.0,5.459999999999999,5.347666666666667,6.949666666666667,2.999117361236166,1.9778883878816778,4.590012165551392,4.080704684824376,5.587860953809994,3.9128453448332503
4,2,0.5714285714285714,1.6582280766035322,-1.385127124765134,"(1, 0, 0, 1, 1, 1, 1, 1, 0, 1, 1, 0, 0, 0, 0, 0, 1, 0, 0, 0, 0, 1, 0, 0, 0)",6.0,10.0,9.0,12.0,8.350666666666667,13.734666666666667,13.826666666666666,19.608333333333334,0.0,2.1254891114557988,1.385127124765134,3.9451825408294976,4.0,6.0,1.0,1.0,0.15682064056407807,0.032779064215607334,0.04118977635174449,0.011072846322016421,4.0,3.0,6.0,5.384,5.475999999999999,11.257666666666667,2.1254891114557988,1.385127124765134,3.9451825408294976,5.403354243302318,6.783600259530272,12.125766487180831
4,3,0.8571428571428571,1.6582280766035322,-2.4808105387591204,"(0, 1, 1, 0, 0, 0, 1, 0, 1, 0, 0, 0, 0, 0, 0, 1, 0, 1, 1, 1, 0, 1, 0, 0, 1)",7.0,10.0,10.0,12.0,9.633,13.117333333333333,12.086666666666666,16.310333333333332,0.0,2.4808105387591204,3.0968146320827232,4.629505630909165,8.0,6.0,13.0,8.0,0.0828871531266014,0.08578915962113565,0.07243113353437161,0.07251621475901378,3.0,3.0,5.0,3.4843333333333337,2.453666666666667,6.677333333333333,2.4808105387591204,3.0968146320827232,4.629505630909165,1.6640696734745994,-1.0664860136633423,3.3957653922062594
4,4,1.1428571428571428,1.6582280766035322,-1.7901585448537505,"(1, 0, 1, 0, 0, 1, 0, 1, 0, 1, 1, 0, 0, 1, 1, 0, 1, 1, 0, 1, 0, 0, 1, 1, 1)",8.0,11.0,12.0,16.0,12.759333333333334,16.265333333333334,16.387666666666668,19.314333333333334,0.0,1.9003293757876485,1.7901585448537505,2.584164209822537,4.0,2.0,9.0,6.0,0.09733568939484237,0.02709504204868259,0.11771511399056805,0.010876110221956082,3.0,4.0,8.0,3.5060000000000002,3.628333333333334,6.555,1.9003293757876485,1.7901585448537505,2.584164209822537,2.662568110846441,3.0481130439616044,6.584551394854441
4,5,1.4285714285714284,1.6582280766035322,-2.074507810478442,"(0, 0, 0, 0, 0, 1, 1, 0, 1, 0, 0, 1, 0, 1, 1, 1, 1, 0, 1, 1, 0, 1, 1, 0, 0)",7.0,9.0,9.0,14.0,8.458333333333334,11.444666666666667,13.940666666666667,18.27166666666667,0.0,3.2970456723326,2.074507810478442,4.348316211008222,9.0,1.0,2.0,17.0,0.14699001813009963,0.07050275407145089,0.13216735021210754,0.03140758338143118,2.0,2.0,7.0,2.9863333333333326,5.482333333333333,9.813333333333334,3.2970456723326,2.074507810478442,4.348316211008222,-0.5152319242757399,5.6509519621640925,9.06224483135854
4,6,1.7142857142857142,1.6582280766035322,-1.9018402058129975,"(0, 0, 0, 0, 1, 0, 1, 0, 1, 0, 1, 0, 0, 1, 1, 1, 0, 0, 0, 0, 1, 1, 0, 1, 0)",7.0,11.0,10.0,14.0,10.711333333333334,15.880666666666666,13.886666666666667,17.935666666666666,0.0,1.9018402058129975,2.4587192558274813,3.62955725120442,2.0,7.0,2.0,5.0,0.0930351602896914,0.05518030745339696,0.09736807810542927,0.03634546543925785,4.0,3.0,7.0,5.1693333333333324,3.1753333333333327,7.224333333333332,1.9018402058129975,2.4587192558274813,3.62955725120442,5.418248844163305,1.1883095834095425,5.960958628489007
4,7,2.0,1.6582280766035322,-2.0326836134352195,"(1, 1, 1, 0, 1, 1, 0, 1, 0, 0, 0, 0, 0, 0, 1, 0, 0, 1, 0, 0, 1, 0, 1, 0, 0)",7.0,10.0,9.0,12.0,8.583,13.278,11.991333333333333,17.841,0.0,2.2928319615197053,2.0326836134352195,3.498981002550098,10.0,8.0,3.0,6.0,0.23616516962889092,0.025918661773854816,0.013730037346375843,0.06778692983005158,3.0,2.0,5.0,4.695,3.408333333333333,9.258000000000001,2.2928319615197053,2.0326836134352195,3.498981002550098,3.9833424861276594,2.281140989106837,9.549766995264555
5,0,0.0,1.6582280766035322,-2.7846255595274996,"(1, 1, 1, 1, 1, 0, 0, 0, 0, 1, 1, 0, 0, 1, 0, 1, 1, 1, 1, 0, 0, 0, 0, 0, 0)",6.0,10.0,10.0,14.0,8.52,15.552333333333333,16.444,17.994666666666667,0.0,2.7846255595274996,3.0842028863223354,4.292747145685598,1.0,1.0,3.0,20.0,0.19408788429740564,0.10627359464315655,0.0403602037385195,0.025751796139816867,4.0,4.0,8.0,7.032333333333334,7.9239999999999995,9.474666666666668,2.7846255595274996,3.0842028863223354,4.292747145685598,7.04366829173192,8.025487458965038,8.592804440390736
5,1,0.2857142857142857,1.6582280766035322,-1.9778883878816778,"(1, 0, 0, 0, 0, 1, 1, 1, 1, 1, 0, 1, 0, 1, 0, 1, 1, 0, 0, 0, 0, 0, 0, 0, 0)",6.0,10.0,9.0,11.0,7.917333333333334,13.377333333333333,13.265,14.867,0.0,2.999117361236166,1.9778883878816778,4.590012165551392,4.0,12.0,5.0,2.0,0.17884508653109857,0.018128525242770956,0.07927897023566917,0.012676588475033003,4.0,3.0,5.0,5.459999999999999,5.347666666666667,6.949666666666667,2.999117361236166,1.9778883878816778,4.590012165551392,4.080704684824376,5.587860953809994,3.9128453448332503
5,2,0.5714285714285714,1.6582280766035322,-1.385127124765134,"(1, 0, 0, 1, 1, 1, 1, 1, 0, 1, 1, 0, 0, 0, 0, 0, 1, 0, 0, 0, 0, 1, 0, 0, 0)",6.0,10.0,9.0,12.0,8.350666666666667,13.734666666666667,13.826666666666666,19.608333333333334,0.0,2.1254891114557988,1.385127124765134,3.9451825408294976,4.0,6.0,1.0,1.0,0.15682064056407807,0.032779064215607334,0.04118977635174449,0.011072846322016421,4.0,3.0,6.0,5.384,5.475999999999999,11.257666666666667,2.1254891114557988,1.385127124765134,3.9451825408294976,5.403354243302318,6.783600259530272,12.125766487180831
5,3,0.8571428571428571,1.6582280766035322,-2.4808105387591204,"(0, 1, 1, 0, 0, 0, 1, 0, 1, 0, 0, 0, 0, 0, 0, 1, 0, 1, 1, 1, 0, 1, 0, 0, 1)",7.0,10.0,10.0,12.0,9.633,13.117333333333333,12.086666666666666,16.310333333333332,0.0,2.4808105387591204,3.0968146320827232,4.629505630909165,8.0,6.0,13.0,8.0,0.0828871531266014,0.08578915962113565,0.07243113353437161,0.07251621475901378,3.0,3.0,5.0,3.4843333333333337,2.453666666666667,6.677333333333333,2.4808105387591204,3.0968146320827232,4.629505630909165,1.6640696734745994,-1.0664860136633423,3.3957653922062594
5,4,1.1428571428571428,1.6582280766035322,-1.7901585448537505,"(1, 0, 1, 0, 0, 1, 0, 1, 0, 1, 1, 0, 0, 1, 1, 0, 1, 1, 0, 1, 0, 0, 1, 1, 1)",8.0,11.0,12.0,16.0,12.759333333333334,16.265333333333334,16.387666666666668,19.314333333333334,0.0,1.9003293757876485,1.7901585448537505,2.584164209822537,4.0,2.0,9.0,6.0,0.09733568939484237,0.02709504204868259,0.11771511399056805,0.010876110221956082,3.0,4.0,8.0,3.5060000000000002,3.628333333333334,6.555,1.9003293757876485,1.7901585448537505,2.584164209822537,2.662568110846441,3.0481130439616044,6.584551394854441
5,5,1.4285714285714284,1.6582280766035322,-2.074507810478442,"(0, 0, 0, 0, 0, 1, 1, 0, 1, 0, 0, 1, 0, 1, 1, 1, 1, 0, 1, 1, 0, 1, 1, 0, 0)",7.0,9.0,9.0,14.0,8.458333333333334,11.444666666666667,13.940666666666667,18.27166666666667,0.0,3.2970456723326,2.074507810478442,4.348316211008222,9.0,1.0,2.0,17.0,0.14699001813009963,0.07050275407145089,0.13216735021210754,0.03140758338143118,2.0,2.0,7.0,2.9863333333333326,5.482333333333333,9.813333333333334,3.2970456723326,2.074507810478442,4.348316211008222,-0.5152319242757399,5.6509519621640925,9.06224483135854
5,6,1.7142857142857142,1.6582280766035322,-1.9018402058129975,"(0, 0, 0, 0, 1, 0, 1, 0, 1, 0, 1, 0, 0, 1, 1, 1, 0, 0, 0, 0, 1, 1, 0, 1, 0)",7.0,11.0,10.0,14.0,10.711333333333334,15.880666666666666,13.886666666666667,17.935666666666666,0.0,1.9018402058129975,2.4587192558274813,3.62955725120442,2.0,7.0,2.0,5.0,0.0930351602896914,0.05518030745339696,0.09736807810542927,0.03634546543925785,4.0,3.0,7.0,5.1693333333333324,3.1753333333333327,7.224333333333332,1.9018402058129975,2.4587192558274813,3.62955725120442,5.418248844163305,1.1883095834095425,5.960958628489007
5,7,2.0,1.6582280766035322,-2.0326836134352195,"(1, 1, 1, 0, 1, 1, 0, 1, 0, 0, 0, 0, 0, 0, 1, 0, 0, 1, 0, 0, 1, 0, 1, 0, 0)",7.0,10.0,9.0,12.0,8.583,13.278,11.991333333333333,17.841,0.0,2.2928319615197053,2.0326836134352195,3.498981002550098,10.0,8.0,3.0,6.0,0.23616516962889092,0.025918661773854816,0.013730037346375843,0.06778692983005158,3.0,2.0,5.0,4.695,3.408333333333333,9.258000000000001,2.2928319615197053,2.0326836134352195,3.498981002550098,3.9833424861276594,2.281140989106837,9.549766995264555
6,0,0.0,1.6582280766035322,-2.7846255595274996,"(1, 1, 1, 1, 1, 0, 0, 0, 0, 1, 1, 0, 0, 1, 0, 1, 1, 1, 1, 0, 0, 0, 0, 0, 0)",6.0,10.0,10.0,14.0,8.52,15.552333333333333,16.444,17.994666666666667,0.0,2.7846255595274996,3.0842028863223354,4.292747145685598,1.0,1.0,3.0,20.0,0.19408788429740564,0.10627359464315655,0.0403602037385195,0.025751796139816867,4.0,4.0,8.0,7.032333333333334,7.9239999999999995,9.474666666666668,2.7846255595274996,3.0842028863223354,4.292747145685598,7.04366829173192,8.025487458965038,8.592804440390736
6,1,0.2857142857142857,1.6582280766035322,-2.513330233816957,"(1, 0, 0, 0, 0, 1, 1, 1, 1, 1, 0, 1, 0, 1, 0, 1, 1, 0, 0, 0, 1, 1, 0, 0, 0)",7.0,10.0,10.0,11.0,9.195,13.556333333333333,13.462333333333333,16.841,0.0,2.513330233816957,3.6096953637979925,4.534599710658222,8.0,7.0,8.0,2.0,0.18022947779667722,0.05511176240037985,0.03731553703093416,0.04042564590623332,3.0,3.0,4.0,4.361333333333333,4.267333333333333,7.646000000000001,2.513330233816957,3.6096953637979925,4.534599710658222,3.064410625268405,1.0905137453240403,5.159411317338892
6,2,0.5714285714285714,1.6582280766035322,-1.385127124765134,"(1, 0, 0, 1, 1, 1, 1, 1, 0, 1, 1, 0, 0, 0, 0, 0, 1, 0, 0, 0, 0, 1, 0, 0, 0)",6.0,10.0,9.0,12.0,8.350666666666667,13.734666666666667,13.826666666666666,19.608333333333334,0.0,2.1254891114557988,1.385127124765134,3.9451825408294976,4.0,6.0,1.0,1.0,0.15682064056407807,0.032779064215607334,0.04118977635174449,0.011072846322016421,4.0,3.0,6.0,5.384,5.475999999999999,11.257666666666667,2.1254891114557988,1.385127124765134,3.9451825408294976,5.403354243302318,6.783600259530272,12.125766487180831
6,3,0.8571428571428571,1.6582280766035322,-2.849342516406052,"(0, 1, 1, 0, 0, 0, 1, 0, 1, 0, 0, 0, 0, 1, 0, 1, 0, 1, 0, 1, 0, 1, 0, 0, 1)",7.0,10.0,12.0,14.0,10.185333333333332,15.246666666666666,16.893333333333334,18.336666666666666,0.0,2.849342516406052,3.0884682174304863,3.9176928042706916,6.0,2.0,8.0,13.0,0.18781292990808537,0.08050584089547663,0.02906504992970722,0.047900981885583976,3.0,5.0,7.0,5.061333333333334,6.708000000000002,8.151333333333334,2.849342516406052,3.0884682174304863,3.9176928042706916,3.6679852778180018,6.002009226015603,7.020341591538306
6,4,1.1428571428571428,1.6582280766035322,-1.522059914379774,"(1, 0, 1, 0, 0, 1, 0, 1, 0, 1, 1, 0, 0, 0, 0, 0, 1, 1, 0, 1, 0, 0, 1, 1, 1)",7.0,11.0,11.0,13.0,11.356666666666667,15.160666666666666,15.906333333333333,18.828,0.0,1.522059914379774,1.8448616466252608,2.677513238157115,3.0,6.0,2.0,2.0,0.2234862702484577,0.014818075485973893,0.05529620449898315,0.02463172619356354,4.0,4.0,6.0,3.8039999999999985,4.549666666666665,7.471333333333332,1.522059914379774,1.8448616466252608,2.677513238157115,3.783977119102524,4.485183625970836,7.9492470760074205
6,5,1.4285714285714284,1.6582280766035322,-3.1405365790358366,"(0, 0, 0, 0, 0, 1, 1, 0, 1, 0, 0, 1, 0, 0, 1, 1, 1, 0, 0, 1, 0, 1, 1, 0, 0)",6.0,10.0,9.0,13.0,7.991666666666666,15.801333333333334,12.751666666666667,17.185333333333332,0.0,3.516116026008334,3.1405365790358366,3.892367976589674,3.0,4.0,1.0,5.0,0.1915156442622462,0.019819058568491452,0.09183760708490364,0.03989721553356943,4.0,3.0,7.0,7.809666666666668,4.760000000000001,9.193666666666665,3.516116026008334,3.1405365790358366,3.892367976589674,7.119686220658731,2.685439713675182,8.790762330347194
6,6,1.7142857142857142,1.6582280766035322,-1.9018402058129975,"(0, 0, 0, 0, 1, 0, 1, 0, 1, 0, 1, 0, 0, 1, 1, 1, 0, 0, 0, 0, 1, 1, 0, 1, 0)",7.0,11.0,10.0,14.0,10.711333333333334,15.880666666666666,13.886666666666667,17.935666666666666,0.0,1.9018402058129975,2.4587192558274813,3.62955725120442,2.0,7.0,2.0,5.0,0.0930351602896914,0.05518030745339696,0.09736807810542927,0.03634546543925785,4.0,3.0,7.0,5.1693333333333324,3.1753333333333327,7.224333333333332,1.9018402058129975,2.4587192558274813,3.62955725120442,5.418248844163305,1.1883095834095425,5.960958628489007
6,7,2.0,1.6582280766035322,-2.0326836134352195,"(1, 1, 1, 0, 1, 1, 0, 1, 0, 0, 0, 0, 0, 0, 1, 0, 0, 1, 0, 0, 1, 0, 1, 0, 0)",7.0,10.0,9.0,12.0,8.583,13.278,11.991333333333333,17.841,0.0,2.2928319615197053,2.0326836134352195,3.498981002550098,10.0,8.0,3.0,6.0,0.23616516962889092,0.025918661773854816,0.013730037346375843,0.06778692983005158,3.0,2.0,5.0,4.695,3.408333333333333,9.258000000000001,2.2928319615197053,2.0326836134352195,3.498981002550098,3.9833424861276594,2.281140989106837,9.549766995264555
7,0,0.0,1.6582280766035322,-2.8759202275227267,"(1, 1, 1, 1, 1, 1, 0, 0, 0, 1, 0, 0, 0, 1, 0, 1, 1, 1, 1, 0, 0, 0, 0, 0, 0)",7.0,11.0,11.0,14.0,10.399666666666667,15.303666666666667,15.241,18.14966666666667,0.0,2.8759202275227267,3.0661650498001674,4.380983304117313,1.0,4.0,7.0,9.0,0.09574837241777215,0.04774222856164504,0.01485723133605395,0.01969318325001542,4.0,4.0,7.0,4.904,4.841333333333333,7.750000000000002,2.8759202275227267,3.0661650498001674,4.380983304117313,3.363018820313518,2.943633888450795,5.586598075658738
7,1,0.2857142857142857,1.6582280766035322,-1.1334818017623447,"(1, 0, 0, 0, 0, 1, 1, 1, 1, 1, 0, 1, 1, 1, 0, 1, 1, 1, 0, 0, 1, 1, 0, 0, 0)",8.0,13.0,11.0,15.0,11.657666666666668,18.736666666666668,14.151,19.886333333333333,0.0,1.9216744560848151,1.1334818017623447,3.38018738561786,15.0,17.0,8.0,10.0,0.14573377169710483,0.05022003414925841,0.01996839909443293,0.00700385242310047,5.0,3.0,7.0,7.079000000000001,2.4933333333333323,8.228666666666665,1.9216744560848151,1.1334818017623447,3.38018738561786,8.552022017104743,2.2549439896633263,8.039884472665637
7,2,0.5714285714285714,1.6582280766035322,-1.385127124765134,"(1, 0, 0, 1, 1, 1, 1, 1, 0, 1, 1, 0, 0, 0, 0, 0, 1, 0, 0, 0, 0, 1, 0, 0, 0)",6.0,10.0,9.0,12.0,8.350666666666667,13.734666666666667,13.826666666666666,19.608333333333334,0.0,2.1254891114557988,1.385127124765134,3.9451825408294976,4.0,6.0,1.0,1.0,0.15682064056407807,0.032779064215607334,0.04118977635174449,0.011072846322016421,4.0,3.0,6.0,5.384,5.475999999999999,11.257666666666667,2.1254891114557988,1.385127124765134,3.9451825408294976,5.403354243302318,6.783600259530272,12.125766487180831
7,3,0.8571428571428571,1.6582280766035322,-2.849342516406052,"(0, 1, 1, 0, 0, 0, 1, 0, 1, 0, 0, 0, 0, 1, 0, 1, 0, 1, 0, 1, 0, 1, 0, 0, 1)",7.0,10.0,12.0,14.0,10.185333333333332,15.246666666666666,16.893333333333334,18.336666666666666,0.0,2.849342516406052,3.0884682174304863,3.9176928042706916,6.0,2.0,8.0,13.0,0.18781292990808537,0.08050584089547663,0.02906504992970722,0.047900981885583976,3.0,5.0,7.0,5.061333333333334,6.708000000000002,8.151333333333334,2.849342516406052,3.0884682174304863,3.9176928042706916,3.6679852778180018,6.002009226015603,7.020341591538306
7,4,1.1428571428571428,1.6582280766035322,-1.522059914379774,"(1, 0, 1, 0, 0, 1, 0, 1, 0, 1, 1, 0, 0, 0, 0, 0, 1, 1, 0, 1, 0, 0, 1, 1, 1)",7.0,11.0,11.0,13.0,11.356666666666667,15.160666666666666,15.906333333333333,18.828,0.0,1.522059914379774,1.8448616466252608,2.677513238157115,3.0,6.0,2.0,2.0,0.2234862702484577,0.014818075485973893,0.05529620449898315,0.02463172619356354,4.0,4.0,6.0,3.8039999999999985,4.549666666666665,7.471333333333332,1.522059914379774,1.8448616466252608,2.677513238157115,3.783977119102524,4.485183625970836,7.9492470760074205
7,5,1.4285714285714284,1.6582280766035322,-2.8131655072014845,"(0, 0, 0, 0, 0, 1, 1, 0, 1, 0, 0, 1, 0, 0, 1, 1, 1, 0, 1, 1, 0, 1, 1, 1, 0)",7.0,11.0,11.0,14.0,9.713666666666667,15.289666666666667,16.189333333333334,20.148,0.0,2.870577048164781,2.8131655072014845,4.46648338622263,2.0,6.0,6.0,2.0,0.16154958237549666,0.019161647937752564,0.020518061107788543,0.016693646851119973,4.0,4.0,7.0,5.5760000000000005,6.475666666666667,10.434333333333333,2.870577048164781,2.8131655072014845,4.46648338622263,4.486208297820767,6.073262253218156,9.896056339255873
7,6,1.7142857142857142,1.6582280766035322,-1.4377666538190923,"(0, 0, 0, 0, 1, 0, 1, 0, 1, 0, 1, 0, 1, 1, 1, 1, 0, 1, 0, 0, 1, 1, 0, 1, 0)",8.0,13.0,12.0,14.0,12.930666666666667,16.667333333333332,16.838333333333335,19.176,0.0,1.4377666538190923,2.079325884278797,2.4761122258754122,1.0,11.0,10.0,1.0,0.11348516142632366,0.01741931012679418,0.047555766869712836,0.01783278674743221,5.0,4.0,6.0,3.7366666666666646,3.9076666666666675,6.245333333333331,1.4377666538190923,2.079325884278797,2.4761122258754122,3.8121005466080655,3.0318060189548355,6.25022826731338
7,7,2.0,1.6582280766035322,-2.0326836134352195,"(1, 1, 1, 0, 1, 1, 0, 1, 0, 0, 0, 0, 0, 0, 1, 0, 0, 1, 0, 0, 1, 0, 1, 0, 0)",7.0,10.0,9.0,12.0,8.583,13.278,11.991333333333333,17.841,0.0,2.2928319615197053,2.0326836134352195,3.498981002550098,10.0,8.0,3.0,6.0,0.23616516962889092,0.025918661773854816,0.013730037346375843,0.06778692983005158,3.0,2.0,5.0,4.695,3.408333333333333,9.258000000000001,2.2928319615197053,2.0326836134352195,3.498981002550098,3.9833424861276594,2.281140989106837,9.549766995264555
8,0,0.0,1.6582280766035322,-1.8861146762198744,"(1, 1, 1, 1, 1, 1, 0, 0, 0, 0, 0, 0, 0, 1, 1, 1, 1, 1, 1, 0, 0, 0, 0, 0, 0)",6.0,10.0,11.0,12.0,7.271333333333334,13.945666666666666,15.916,16.161333333333335,0.0,1.8861146762198744,2.6654634474671277,3.6357756064916855,1.0,3.0,3.0,6.0,0.208643164985957,0.013913236544688467,0.08263715236936563,0.013744840161371558,4.0,5.0,6.0,6.674333333333332,8.644666666666666,8.89,1.8861146762198744,2.6654634474671277,3.6357756064916855,7.939958614142396,9.9148826537949,8.712702410090653
8,1,0.2857142857142857,1.6582280766035322,-1.1334818017623447,"(1, 0, 0, 0, 0, 1, 1, 1, 1, 1, 0, 1, 1, 1, 0, 1, 1, 1, 0, 0, 1, 1, 0, 0, 0)",8.0,13.0,11.0,15.0,11.657666666666668,18.736666666666668,14.151,19.886333333333333,0.0,1.9216744560848151,1.1334818017623447,3.38018738561786,15.0,17.0,8.0,10.0,0.14573377169710483,0.05022003414925841,0.01996839909443293,0.00700385242310047,5.0,3.0,7.0,7.079000000000001,2.4933333333333323,8.228666666666665,1.9216744560848151,1.1334818017623447,3.38018738561786,8.552022017104743,2.2549439896633263,8.039884472665637
8,2,0.5714285714285714,1.6582280766035322,-1.385127124765134,"(1, 0, 0, 1, 1, 1, 1, 1, 0, 1, 1, 0, 0, 0, 0, 0, 1, 0, 0, 0, 0, 1, 0, 0, 0)",6.0,10.0,9.0,12.0,8.350666666666667,13.734666666666667,13.826666666666666,19.608333333333334,0.0,2.1254891114557988,1.385127124765134,3.9451825408294976,4.0,6.0,1.0,1.0,0.15682064056407807,0.032779064215607334,0.04118977635174449,0.011072846322016421,4.0,3.0,6.0,5.384,5.475999999999999,11.257666666666667,2.1254891114557988,1.385127124765134,3.9451825408294976,5.403354243302318,6.783600259530272,12.125766487180831
8,3,0.8571428571428571,1.6582280766035322,-2.849342516406052,"(0, 1, 1, 0, 0, 0, 1, 0, 1, 0, 0, 0, 0, 1, 0, 1, 0, 1, 0, 1, 0, 1, 0, 0, 1)",7.0,10.0,12.0,14.0,10.185333333333332,15.246666666666666,16.893333333333334,18.336666666666666,0.0,2.849342516406052,3.0884682174304863,3.9176928042706916,6.0,2.0,8.0,13.0,0.18781292990808537,0.08050584089547663,0.02906504992970722,0.047900981885583976,3.0,5.0,7.0,5.061333333333334,6.708000000000002,8.151333333333334,2.849342516406052,3.0884682174304863,3.9176928042706916,3.6679852778180018,6.002009226015603,7.020341591538306
8,4,1.1428571428571428,1.6582280766035322,-1.522059914379774,"(1, 0, 1, 0, 0, 1, 0, 1, 0, 1, 1, 0, 0, 0, 0, 0, 1, 1, 0, 1, 0, 0, 1, 1, 1)",7.0,11.0,11.0,13.0,11.356666666666667,15.160666666666666,15.906333333333333,18.828,0.0,1.522059914379774,1.8448616466252608,2.677513238157115,3.0,6.0,2.0,2.0,0.2234862702484577,0.014818075485973893,0.05529620449898315,0.02463172619356354,4.0,4.0,6.0,3.8039999999999985,4.549666666666665,7.471333333333332,1.522059914379774,1.8448616466252608,2.677513238157115,3.783977119102524,4.485183625970836,7.9492470760074205
8,5,1.4285714285714284,1.6582280766035322,-2.8131655072014845,"(0, 0, 0, 0, 0, 1, 1, 0, 1, 0, 0, 1, 0, 0, 1, 1, 1, 0, 1, 1, 0, 1, 1, 1, 0)",7.0,11.0,11.0,14.0,9.713666666666667,15.289666666666667,16.189333333333334,20.148,0.0,2.870577048164781,2.8131655072014845,4.46648338622263,2.0,6.0,6.0,2.0,0.16154958237549666,0.019161647937752564,0.020518061107788543,0.016693646851119973,4.0,4.0,7.0,5.5760000000000005,6.475666666666667,10.434333333333333,2.870577048164781,2.8131655072014845,4.46648338622263,4.486208297820767,6.073262253218156,9.896056339255873
8,6,1.7142857142857142,1.6582280766035322,-1.8834338741626984,"(0, 0, 1, 0, 1, 0, 1, 0, 1, 0, 1, 0, 1, 1, 1, 1, 0, 1, 0, 0, 1, 1, 1, 1, 0)",9.0,12.0,13.0,15.0,13.252,18.52466666666667,17.891666666666666,19.175333333333334,0.0,2.0434805206895494,1.8834338741626984,2.9749072313177534,6.0,6.0,10.0,8.0,0.16565504245767176,0.016791597137054345,0.0649962235057167,0.02060938843833138,3.0,4.0,6.0,5.272666666666668,4.639666666666665,5.923333333333334,2.0434805206895494,1.8834338741626984,2.9749072313177534,5.35472713183841,4.570462602185435,4.889162944152946
8,7,2.0,1.6582280766035322,-2.0326836134352195,"(1, 1, 1, 0, 1, 1, 0, 1, 0, 0, 0, 0, 0, 0, 1, 0, 0, 1, 0, 0, 1, 0, 1, 0, 0)",7.0,10.0,9.0,12.0,8.583,13.278,11.991333333333333,17.841,0.0,2.2928319615197053,2.0326836134352195,3.498981002550098,10.0,8.0,3.0,6.0,0.23616516962889092,0.025918661773854816,0.013730037346375843,0.06778692983005158,3.0,2.0,5.0,4.695,3.408333333333333,9.258000000000001,2.2928319615197053,2.0326836134352195,3.498981002550098,3.9833424861276594,2.281140989106837,9.549766995264555
9,0,0.0,1.6582280766035322,-1.8861146762198744,"(1, 1, 1, 1, 1, 1, 0, 0, 0, 0, 0, 0, 0, 1, 1, 1, 1, 1, 1, 0, 0, 0, 0, 0, 0)",6.0,10.0,11.0,12.0,7.271333333333334,13.945666666666666,15.916,16.161333333333335,0.0,1.8861146762198744,2.6654634474671277,3.6357756064916855,1.0,3.0,3.0,6.0,0.208643164985957,0.013913236544688467,0.08263715236936563,0.013744840161371558,4.0,5.0,6.0,6.674333333333332,8.644666666666666,8.89,1.8861146762198744,2.6654634474671277,3.6357756064916855,7.939958614142396,9.9148826537949,8.712702410090653
9,1,0.2857142857142857,1.6582280766035322,-1.1334818017623447,"(1, 0, 0, 0, 0, 1, 1, 1, 1, 1, 0, 1, 1, 1, 0, 1, 1, 1, 0, 0, 1, 1, 0, 0, 0)",8.0,13.0,11.0,15.0,11.657666666666668,18.736666666666668,14.151,19.886333333333333,0.0,1.9216744560848151,1.1334818017623447,3.38018738561786,15.0,17.0,8.0,10.0,0.14573377169710483,0.05022003414925841,0.01996839909443293,0.00700385242310047,5.0,3.0,7.0,7.079000000000001,2.4933333333333323,8.228666666666665,1.9216744560848151,1.1334818017623447,3.38018738561786,8.552022017104743,2.2549439896633263,8.039884472665637
9,2,0.5714285714285714,1.6582280766035322,-1.385127124765134,"(1, 0, 0, 1, 1, 1, 1, 1, 0, 1, 1, 0, 0, 0, 0, 0, 1, 0, 0, 0, 0, 1, 0, 0, 0)",6.0,10.0,9.0,12.0,8.350666666666667,13.734666666666667,13.826666666666666,19.608333333333334,0.0,2.1254891114557988,1.385127124765134,3.9451825408294976,4.0,6.0,1.0,1.0,0.15682064056407807,0.032779064215607334,0.04118977635174449,0.011072846322016421,4.0,3.0,6.0,5.384,5.475999999999999,11.257666666666667,2.1254891114557988,1.385127124765134,3.9451825408294976,5.403354243302318,6.783600259530272,12.125766487180831
9,3,0.8571428571428571,1.6582280766035322,-2.849342516406052,"(0, 1, 1, 0, 0, 0, 1, 0, 1, 0, 0, 0, 0, 1, 0, 1, 0, 1, 0, 1, 0, 1, 0, 0, 1)",7.0,10.0,12.0,14.0,10.185333333333332,15.246666666666666,16.893333333333334,18.336666666666666,0.0,2.849342516406052,3.0884682174304863,3.9176928042706916,6.0,2.0,8.0,13.0,0.18781292990808537,0.08050584089547663,0.02906504992970722,0.047900981885583976,3.0,5.0,7.0,5.061333333333334,6.708000000000002,8.151333333333334,2.849342516406052,3.0884682174304863,3.9176928042706916,3.6679852778180018,6.002009226015603,7.020341591538306
9,4,1.1428571428571428,1.6582280766035322,-1.522059914379774,"(1, 0, 1, 0, 0, 1, 0, 1, 0, 1, 1, 0, 0, 0, 0, 0, 1, 1, 0, 1, 0, 0, 1, 1, 1)",7.0,11.0,11.0,13.0,11.356666666666667,15.160666666666666,15.906333333333333,18.828,0.0,1.522059914379774,1.8448616466252608,2.677513238157115,3.0,6.0,2.0,2.0,0.2234862702484577,0.014818075485973893,0.05529620449898315,0.02463172619356354,4.0,4.0,6.0,3.8039999999999985,4.549666666666665,7.471333333333332,1.522059914379774,1.8448616466252608,2.677513238157115,3.783977119102524,4.485183625970836,7.9492470760074205
9,5,1.4285714285714284,1.6582280766035322,-2.8131655072014845,"(0, 0, 0, 0, 0, 1, 1, 0, 1, 0, 0, 1, 0, 0, 1, 1, 1, 0, 1, 1, 0, 1, 1, 1, 0)",7.0,11.0,11.0,14.0,9.713666666666667,15.289666666666667,16.189333333333334,20.148,0.0,2.870577048164781,2.8131655072014845,4.46648338622263,2.0,6.0,6.0,2.0,0.16154958237549666,0.019161647937752564,0.020518061107788543,0.016693646851119973,4.0,4.0,7.0,5.5760000000000005,6.475666666666667,10.434333333333333,2.870577048164781,2.8131655072014845,4.46648338622263,4.486208297820767,6.073262253218156,9.896056339255873
9,6,1.7142857142857142,1.6582280766035322,-1.8834338741626984,"(0, 0, 1, 0, 1, 0, 1, 0, 1, 0, 1, 0, 1, 1, 1, 1, 0, 1, 0, 0, 1, 1, 1, 1, 0)",9.0,12.0,13.0,15.0,13.252,18.52466666666667,17.891666666666666,19.175333333333334,0.0,2.0434805206895494,1.8834338741626984,2.9749072313177534,6.0,6.0,10.0,8.0,0.16565504245767176,0.016791597137054345,0.0649962235057167,0.02060938843833138,3.0,4.0,6.0,5.272666666666668,4.639666666666665,5.923333333333334,2.0434805206895494,1.8834338741626984,2.9749072313177534,5.35472713183841,4.570462602185435,4.889162944152946
9,7,2.0,1.6582280766035322,-2.0326836134352195,"(1, 1, 1, 0, 1, 1, 0, 1, 0, 0, 0, 0, 0, 0, 1, 0, 0, 1, 0, 0, 1, 0, 1, 0, 0)",7.0,10.0,9.0,12.0,8.583,13.278,11.991333333333333,17.841,0.0,2.2928319615197053,2.0326836134352195,3.498981002550098,10.0,8.0,3.0,6.0,0.23616516962889092,0.025918661773854816,0.013730037346375843,0.06778692983005158,3.0,2.0,5.0,4.695,3.408333333333333,9.258000000000001,2.2928319615197053,2.0326836134352195,3.498981002550098,3.9833424861276594,2.281140989106837,9.549766995264555
10,0,0.0,1.6582280766035322,-1.1334818017623447,"(1, 0, 0, 0, 0, 1, 1, 1, 1, 1, 0, 1, 1, 1, 0, 1, 1, 1, 0, 0, 1, 1, 0, 0, 0)",8.0,13.0,11.0,15.0,11.657666666666668,18.736666666666668,14.151,19.886333333333333,0.0,1.9216744560848151,1.1334818017623447,3.38018738561786,15.0,17.0,8.0,10.0,0.14573377169710483,0.05022003414925841,0.01996839909443293,0.00700385242310047,5.0,3.0,7.0,7.079000000000001,2.4933333333333323,8.228666666666665,1.9216744560848151,1.1334818017623447,3.38018738561786,8.552022017104743,2.2549439896633263,8.039884472665637
10,1,0.2857142857142857,1.6582280766035322,-2.477604631144355,"(1, 1, 1, 1, 1, 1, 0, 0, 0, 0, 0, 0, 0, 1, 1, 1, 1, 1, 1, 0, 1, 1, 0, 0, 0)",9.0,10.0,10.0,13.0,11.996333333333334,16.401,14.329666666666666,17.827333333333332,0.0,2.589571875827906,2.477604631144355,3.109665899676401,22.0,4.0,2.0,1.0,0.23427087387935602,0.025348981971154722,0.06943386994280497,0.01261795763513008,1.0,1.0,4.0,4.404666666666666,2.333333333333332,5.830999999999998,2.589571875827906,2.477604631144355,3.109665899676401,3.0098411438656467,-0.23923471667826768,4.512592610975202
10,2,0.5714285714285714,1.6582280766035322,-2.7407009402539124,"(0, 0, 1, 0, 0, 0, 1, 0, 1, 0, 0, 0, 0, 1, 0, 1, 0, 1, 0, 1, 0, 0, 0, 0, 1)",6.0,9.0,11.0,13.0,8.975666666666667,15.128666666666666,16.979666666666667,17.373,0.0,3.7094746321185097,2.7407009402539124,4.402475782465735,2.0,1.0,2.0,10.0,0.11766482675963398,0.0126934644132823,0.016232306269717695,0.026990347138452553,3.0,5.0,7.0,6.152999999999999,8.004,8.397333333333334,3.7094746321185097,2.7407009402539124,4.402475782465735,4.05192237091406,8.727750276431934,6.624384952880276
10,3,0.8571428571428571,1.6582280766035322,-1.522059914379774,"(1, 0, 1, 0, 0, 1, 0, 1, 0, 1, 1, 0, 0, 0, 0, 0, 1, 1, 0, 1, 0, 0, 1, 1, 1)",7.0,11.0,11.0,13.0,11.356666666666667,15.160666666666666,15.906333333333333,18.828,0.0,1.522059914379774,1.8448616466252608,2.677513238157115,3.0,6.0,2.0,2.0,0.2234862702484577,0.014818075485973893,0.05529620449898315,0.02463172619356354,4.0,4.0,6.0,3.8039999999999985,4.549666666666665,7.471333333333332,1.522059914379774,1.8448616466252608,2.677513238157115,3.783977119102524,4.485183625970836,7.9492470760074205
10,4,1.1428571428571428,1.6582280766035322,-3.1961240691148696,"(0, 1, 0, 0, 0, 1, 1, 0, 1, 0, 0, 1, 0, 0, 1, 1, 1, 0, 1, 1, 0, 0, 1, 1, 0)",8.0,11.0,12.0,15.0,10.193666666666667,14.076666666666666,17.477666666666668,19.349,0.0,3.1961240691148696,3.276179635702006,4.1235433952246145,16.0,6.0,2.0,21.0,0.24328596053951945,0.04955093524240956,0.03159867091985856,0.04009351255370496,3.0,4.0,7.0,3.882999999999999,7.284000000000001,9.155333333333333,3.1961240691148696,3.276179635702006,4.1235433952246145,1.1389969537369091,6.645880254062332,8.343855350943027
10,5,1.4285714285714284,1.6582280766035322,-1.8834338741626984,"(0, 0, 1, 0, 1, 0, 1, 0, 1, 0, 1, 0, 1, 1, 1, 1, 0, 1, 0, 0, 1, 1, 1, 1, 0)",9.0,12.0,13.0,15.0,13.252,18.52466666666667,17.891666666666666,19.175333333333334,0.0,2.0434805206895494,1.8834338741626984,2.9749072313177534,6.0,6.0,10.0,8.0,0.16565504245767176,0.016791597137054345,0.0649962235057167,0.02060938843833138,3.0,4.0,6.0,5.272666666666668,4.639666666666665,5.923333333333334,2.0434805206895494,1.8834338741626984,2.9749072313177534,5.35472713183841,4.570462602185435,4.889162944152946
10,6,1.7142857142857142,1.6582280766035322,-2.0326836134352195,"(1, 1, 1, 0, 1, 1, 0, 1, 0, 0, 0, 0, 0, 0, 1, 0, 0, 1, 0, 0, 1, 0, 1, 0, 0)",7.0,10.0,9.0,12.0,8.583,13.278,11.991333333333333,17.841,0.0,2.2928319615197053,2.0326836134352195,3.498981002550098,10.0,8.0,3.0,6.0,0.23616516962889092,0.025918661773854816,0.013730037346375843,0.06778692983005158,3.0,2.0,5.0,4.695,3.408333333333333,9.258000000000001,2.2928319615197053,2.0326836134352195,3.498981002550098,3.9833424861276594,2.281140989106837,9.549766995264555
10,7,2.0,1.6582280766035322,-1.385127124765134,"(1, 0, 0, 1, 1, 1, 1, 1, 0, 1, 1, 0, 0, 0, 0, 0, 1, 0, 0, 0, 0, 1, 0, 0, 0)",6.0,10.0,9.0,12.0,8.350666666666667,13.734666666666667,13.826666666666666,19.608333333333334,0.0,2.1254891114557988,1.385127124765134,3.9451825408294976,4.0,6.0,1.0,1.0,0.15682064056407807,0.032779064215607334,0.04118977635174449,0.011072846322016421,4.0,3.0,6.0,5.384,5.475999999999999,11.257666666666667,2.1254891114557988,1.385127124765134,3.9451825408294976,5.403354243302318,6.783600259530272,12.125766487180831
11,0,0.0,1.6582280766035322,-2.019611248764663,"(1, 0, 0, 0, 0, 1, 0, 0, 1, 1, 0, 1, 1, 1, 0, 1, 1, 1, 0, 0, 1, 1, 0, 0, 0)",7.0,10.0,10.0,11.0,11.36,17.791333333333334,13.967666666666666,14.631666666666666,0.0,2.1456273702083264,2.019611248764663,3.758779280262854,7.0,2.0,7.0,2.0,0.21674492286288713,0.015910874621687023,0.04170683013458923,0.006926465754119771,3.0,3.0,4.0,6.431333333333335,2.607666666666667,3.2716666666666665,2.1456273702083264,2.019611248764663,3.758779280262854,7.106677956121071,0.9751300045639263,-0.8077438123329255
11,1,0.2857142857142857,1.6582280766035322,-1.8716696671970159,"(1, 1, 1, 1, 1, 1, 1, 1, 0, 0, 0, 0, 0, 1, 1, 1, 1, 1, 1, 0, 1, 1, 0, 0, 0)",8.0,9.0,13.0,14.0,10.944666666666667,12.964666666666666,17.595666666666666,18.892,0.0,1.8716696671970159,2.3841911161623544,2.7053254079530356,7.0,1.0,9.0,2.0,0.24260579299816523,0.027037911382273003,0.07091207085948956,0.035778025793237946,1.0,5.0,6.0,2.0199999999999996,6.651,7.947333333333333,1.8716696671970159,2.3841911161623544,2.7053254079530356,0.24596552246585346,7.075342288680964,8.692444719643843
11,2,0.5714285714285714,1.6582280766035322,-2.7407009402539124,"(0, 0, 1, 0, 0, 0, 1, 0, 1, 0, 0, 0, 0, 1, 0, 1, 0, 1, 0, 1, 0, 0, 0, 0, 1)",6.0,9.0,11.0,13.0,8.975666666666667,15.128666666666666,16.979666666666667,17.373,0.0,3.7094746321185097,2.7407009402539124,4.402475782465735,2.0,1.0,2.0,10.0,0.11766482675963398,0.0126934644132823,0.016232306269717695,0.026990347138452553,3.0,5.0,7.0,6.152999999999999,8.004,8.397333333333334,3.7094746321185097,2.7407009402539124,4.402475782465735,4.05192237091406,8.727750276431934,6.624384952880276
11,3,0.8571428571428571,1.6582280766035322,-1.522059914379774,"(1, 0, 1, 0, 0, 1, 0, 1, 0, 1, 1, 0, 0, 0, 0, 0, 1, 1, 0, 1, 0, 0, 1, 1, 1)",7.0,11.0,11.0,13.0,11.356666666666667,15.160666666666666,15.906333333333333,18.828,0.0,1.522059914379774,1.8448616466252608,2.677513238157115,3.0,6.0,2.0,2.0,0.2234862702484577,0.014818075485973893,0.05529620449898315,0.02463172619356354,4.0,4.0,6.0,3.8039999999999985,4.549666666666665,7.471333333333332,1.522059914379774,1.8448616466252608,2.677513238157115,3.783977119102524,4.485183625970836,7.9492470760074205
11,4,1.1428571428571428,1.6582280766035322,-3.1961240691148696,"(0, 1, 0, 0, 0, 1, 1, 0, 1, 0, 0, 1, 0, 0, 1, 1, 1, 0, 1, 1, 0, 0, 1, 1, 0)",8.0,11.0,12.0,15.0,10.193666666666667,14.076666666666666,17.477666666666668,19.349,0.0,3.1961240691148696,3.276179635702006,4.1235433952246145,16.0,6.0,2.0,21.0,0.24328596053951945,0.04955093524240956,0.03159867091985856,0.04009351255370496,3.0,4.0,7.0,3.882999999999999,7.284000000000001,9.155333333333333,3.1961240691148696,3.276179635702006,4.1235433952246145,1.1389969537369091,6.645880254062332,8.343855350943027
11,5,1.4285714285714284,1.6582280766035322,-1.1613584582056902,"(0, 0, 1, 0, 1, 0, 1, 0, 1, 0, 1, 1, 1, 1, 1, 1, 1, 1, 0, 0, 1, 1, 1, 1, 0)",9.0,13.0,14.0,16.0,12.351666666666667,16.948666666666668,19.031,19.702,0.0,1.1613584582056902,2.042577707625621,2.7736996789783213,6.0,7.0,10.0,7.0,0.1778738712177407,0.11962921966906946,0.025419323730968692,0.032585269717624946,4.0,5.0,7.0,4.597000000000001,6.679333333333332,7.350333333333335,1.1613584582056902,2.042577707625621,2.7736996789783213,5.697077265748774,7.688798362897906,7.58910242198011
11,6,1.7142857142857142,1.6582280766035322,-2.0326836134352195,"(1, 1, 1, 0, 1, 1, 0, 1, 0, 0, 0, 0, 0, 0, 1, 0, 0, 1, 0, 0, 1, 0, 1, 0, 0)",7.0,10.0,9.0,12.0,8.583,13.278,11.991333333333333,17.841,0.0,2.2928319615197053,2.0326836134352195,3.498981002550098,10.0,8.0,3.0,6.0,0.23616516962889092,0.025918661773854816,0.013730037346375843,0.06778692983005158,3.0,2.0,5.0,4.695,3.408333333333333,9.258000000000001,2.2928319615197053,2.0326836134352195,3.498981002550098,3.9833424861276594,2.281140989106837,9.549766995264555
11,7,2.0,1.6582280766035322,-1.385127124765134,"(1, 0, 0, 1, 1, 1, 1, 1, 0, 1, 1, 0, 0, 0, 0, 0, 1, 0, 0, 0, 0, 1, 0, 0, 0)",6.0,10.0,9.0,12.0,8.350666666666667,13.734666666666667,13.826666666666666,19.608333333333334,0.0,2.1254891114557988,1.385127124765134,3.9451825408294976,4.0,6.0,1.0,1.0,0.15682064056407807,0.032779064215607334,0.04118977635174449,0.011072846322016421,4.0,3.0,6.0,5.384,5.475999999999999,11.257666666666667,2.1254891114557988,1.385127124765134,3.9451825408294976,5.403354243302318,6.783600259530272,12.125766487180831
12,0,0.0,1.6582280766035322,-2.019611248764663,"(1, 0, 0, 0, 0, 1, 0, 0, 1, 1, 0, 1, 1, 1, 0, 1, 1, 1, 0, 0, 1, 1, 0, 0, 0)",7.0,10.0,10.0,11.0,11.36,17.791333333333334,13.967666666666666,14.631666666666666,0.0,2.1456273702083264,2.019611248764663,3.758779280262854,7.0,2.0,7.0,2.0,0.21674492286288713,0.015910874621687023,0.04170683013458923,0.006926465754119771,3.0,3.0,4.0,6.431333333333335,2.607666666666667,3.2716666666666665,2.1456273702083264,2.019611248764663,3.758779280262854,7.106677956121071,0.9751300045639263,-0.8077438123329255
12,1,0.2857142857142857,1.6582280766035322,-1.8716696671970159,"(1, 1, 1, 1, 1, 1, 1, 1, 0, 0, 0, 0, 0, 1, 1, 1, 1, 1, 1, 0, 1, 1, 0, 0, 0)",8.0,9.0,13.0,14.0,10.944666666666667,12.964666666666666,17.595666666666666,18.892,0.0,1.8716696671970159,2.3841911161623544,2.7053254079530356,7.0,1.0,9.0,2.0,0.24260579299816523,0.027037911382273003,0.07091207085948956,0.035778025793237946,1.0,5.0,6.0,2.0199999999999996,6.651,7.947333333333333,1.8716696671970159,2.3841911161623544,2.7053254079530356,0.24596552246585346,7.075342288680964,8.692444719643843
12,2,0.5714285714285714,1.6582280766035322,-2.7407009402539124,"(0, 0, 1, 0, 0, 0, 1, 0, 1, 0, 0, 0, 0, 1, 0, 1, 0, 1, 0, 1, 0, 0, 0, 0, 1)",6.0,9.0,11.0,13.0,8.975666666666667,15.128666666666666,16.979666666666667,17.373,0.0,3.7094746321185097,2.7407009402539124,4.402475782465735,2.0,1.0,2.0,10.0,0.11766482675963398,0.0126934644132823,0.016232306269717695,0.026990347138452553,3.0,5.0,7.0,6.152999999999999,8.004,8.397333333333334,3.7094746321185097,2.7407009402539124,4.402475782465735,4.05192237091406,8.727750276431934,6.624384952880276
12,3,0.8571428571428571,1.6582280766035322,-2.757246371507134,"(1, 0, 0, 0, 0, 1, 0, 0, 0, 1, 1, 0, 0, 0, 0, 0, 1, 1, 0, 1, 0, 0, 1, 1, 1)",6.0,10.0,10.0,13.0,8.919,13.896666666666667,14.686,16.659333333333333,0.0,3.1185558446426374,2.757246371507134,4.651642975731823,3.0,8.0,3.0,5.0,0.13322601108399815,0.05943147199411736,0.06712259737882313,0.015099576606042574,4.0,4.0,7.0,4.977666666666666,5.7669999999999995,7.740333333333332,3.1185558446426374,2.757246371507134,4.651642975731823,3.082829762597717,4.990857970426227,5.121753070909427
12,4,1.1428571428571428,1.6582280766035322,-2.403914817895735,"(0, 0, 1, 0, 0, 1, 1, 0, 1, 0, 0, 1, 0, 0, 1, 1, 1, 0, 1, 1, 0, 0, 1, 1, 0)",7.0,12.0,11.0,15.0,11.261,17.302,15.527333333333333,19.589333333333332,0.0,3.2594960187757342,2.403914817895735,4.581122220585155,3.0,6.0,6.0,14.0,0.16814744837599013,0.032794840897792325,0.020129188866209482,0.02141635725440011,5.0,4.0,8.0,6.041,4.266333333333334,8.328333333333333,3.2594960187757342,2.403914817895735,4.581122220585155,4.612367996850582,3.0883146726848953,6.213730676119793
12,5,1.4285714285714284,1.6582280766035322,-1.1613584582056902,"(0, 0, 1, 0, 1, 0, 1, 0, 1, 0, 1, 1, 1, 1, 1, 1, 1, 1, 0, 0, 1, 1, 1, 1, 0)",9.0,13.0,14.0,16.0,12.351666666666667,16.948666666666668,19.031,19.702,0.0,1.1613584582056902,2.042577707625621,2.7736996789783213,6.0,7.0,10.0,7.0,0.1778738712177407,0.11962921966906946,0.025419323730968692,0.032585269717624946,4.0,5.0,7.0,4.597000000000001,6.679333333333332,7.350333333333335,1.1613584582056902,2.042577707625621,2.7736996789783213,5.697077265748774,7.688798362897906,7.58910242198011
12,6,1.7142857142857142,1.6582280766035322,-2.0326836134352195,"(1, 1, 1, 0, 1, 1, 0, 1, 0, 0, 0, 0, 0, 0, 1, 0, 0, 1, 0, 0, 1, 0, 1, 0, 0)",7.0,10.0,9.0,12.0,8.583,13.278,11.991333333333333,17.841,0.0,2.2928319615197053,2.0326836134352195,3.498981002550098,10.0,8.0,3.0,6.0,0.23616516962889092,0.025918661773854816,0.013730037346375843,0.06778692983005158,3.0,2.0,5.0,4.695,3.408333333333333,9.258000000000001,2.2928319615197053,2.0326836134352195,3.498981002550098,3.9833424861276594,2.281140989106837,9.549766995264555
12,7,2.0,1.6582280766035322,-1.385127124765134,"(1, 0, 0, 1, 1, 1, 1, 1, 0, 1, 1, 0, 0, 0, 0, 0, 1, 0, 0, 0, 0, 1, 0, 0, 0)",6.0,10.0,9.0,12.0,8.350666666666667,13.734666666666667,13.826666666666666,19.608333333333334,0.0,2.1254891114557988,1.385127124765134,3.9451825408294976,4.0,6.0,1.0,1.0,0.15682064056407807,0.032779064215607334,0.04118977635174449,0.011072846322016421,4.0,3.0,6.0,5.384,5.475999999999999,11.257666666666667,2.1254891114557988,1.385127124765134,3.9451825408294976,5.403354243302318,6.783600259530272,12.125766487180831
13,0,0.0,1.6582280766035322,-2.019611248764663,"(1, 0, 0, 0, 0, 1, 0, 0, 1, 1, 0, 1, 1, 1, 0, 1, 1, 1, 0, 0, 1, 1, 0, 0, 0)",7.0,10.0,10.0,11.0,11.36,17.791333333333334,13.967666666666666,14.631666666666666,0.0,2.1456273702083264,2.019611248764663,3.758779280262854,7.0,2.0,7.0,2.0,0.21674492286288713,0.015910874621687023,0.04170683013458923,0.006926465754119771,3.0,3.0,4.0,6.431333333333335,2.607666666666667,3.2716666666666665,2.1456273702083264,2.019611248764663,3.758779280262854,7.106677956121071,0.9751300045639263,-0.8077438123329255
13,1,0.2857142857142857,1.6582280766035322,-1.8716696671970159,"(1, 1, 1, 1, 1, 1, 1, 1, 0, 0, 0, 0, 0, 1, 1, 1, 1, 1, 1, 0, 1, 1, 0, 0, 0)",8.0,9.0,13.0,14.0,10.944666666666667,12.964666666666666,17.595666666666666,18.892,0.0,1.8716696671970159,2.3841911161623544,2.7053254079530356,7.0,1.0,9.0,2.0,0.24260579299816523,0.027037911382273003,0.07091207085948956,0.035778025793237946,1.0,5.0,6.0,2.0199999999999996,6.651,7.947333333333333,1.8716696671970159,2.3841911161623544,2.7053254079530356,0.24596552246585346,7.075342288680964,8.692444719643843
13,2,0.5714285714285714,1.6582280766035322,-1.706620699305747,"(0, 0, 1, 1, 0, 0, 1, 0, 1, 0, 0, 0, 0, 1, 0, 1, 0, 1, 0, 1, 0, 0, 0, 1, 1)",7.0,9.0,11.0,13.0,9.107666666666667,12.998666666666667,14.162,15.331,0.0,2.1751898918628876,1.706620699305747,3.1150182914125493,9.0,2.0,7.0,28.0,0.15739106896776112,0.05505675160039619,0.07756171686369291,0.04450982346902275,2.0,4.0,6.0,3.891,5.054333333333334,6.223333333333333,2.1751898918628876,1.706620699305747,3.1150182914125493,2.8452044954331024,5.551271082144911,5.154295273442129
13,3,0.8571428571428571,1.6582280766035322,-2.757246371507134,"(1, 0, 0, 0, 0, 1, 0, 0, 0, 1, 1, 0, 0, 0, 0, 0, 1, 1, 0, 1, 0, 0, 1, 1, 1)",6.0,10.0,10.0,13.0,8.919,13.896666666666667,14.686,16.659333333333333,0.0,3.1185558446426374,2.757246371507134,4.651642975731823,3.0,8.0,3.0,5.0,0.13322601108399815,0.05943147199411736,0.06712259737882313,0.015099576606042574,4.0,4.0,7.0,4.977666666666666,5.7669999999999995,7.740333333333332,3.1185558446426374,2.757246371507134,4.651642975731823,3.082829762597717,4.990857970426227,5.121753070909427
13,4,1.1428571428571428,1.6582280766035322,-2.403914817895735,"(0, 0, 1, 0, 0, 1, 1, 0, 1, 0, 0, 1, 0, 0, 1, 1, 1, 0, 1, 1, 0, 0, 1, 1, 0)",7.0,12.0,11.0,15.0,11.261,17.302,15.527333333333333,19.589333333333332,0.0,3.2594960187757342,2.403914817895735,4.581122220585155,3.0,6.0,6.0,14.0,0.16814744837599013,0.032794840897792325,0.020129188866209482,0.02141635725440011,5.0,4.0,8.0,6.041,4.266333333333334,8.328333333333333,3.2594960187757342,2.403914817895735,4.581122220585155,4.612367996850582,3.0883146726848953,6.213730676119793
13,5,1.4285714285714284,1.6582280766035322,-1.8779340843752956,"(0, 0, 1, 0, 1, 0, 1, 0, 1, 0, 1, 0, 1, 1, 1, 1, 0, 1, 0, 0, 1, 1, 1, 1, 0)",9.0,12.0,13.0,15.0,13.052333333333333,17.171,17.247666666666667,19.988,0.0,1.8779340843752956,2.3962961811215613,2.6784344759774483,5.0,1.0,11.0,7.0,0.09853739344444679,0.054992814318165,0.05514823380661967,0.009923949518897347,3.0,4.0,6.0,4.118666666666666,4.195333333333334,6.935666666666666,1.8779340843752956,2.3962961811215613,2.6784344759774483,3.715645680115885,2.983213916650424,7.059461947221223
13,6,1.7142857142857142,1.6582280766035322,-2.0326836134352195,"(1, 1, 1, 0, 1, 1, 0, 1, 0, 0, 0, 0, 0, 0, 1, 0, 0, 1, 0, 0, 1, 0, 1, 0, 0)",7.0,10.0,9.0,12.0,8.583,13.278,11.991333333333333,17.841,0.0,2.2928319615197053,2.0326836134352195,3.498981002550098,10.0,8.0,3.0,6.0,0.23616516962889092,0.025918661773854816,0.013730037346375843,0.06778692983005158,3.0,2.0,5.0,4.695,3.408333333333333,9.258000000000001,2.2928319615197053,2.0326836134352195,3.498981002550098,3.9833424861276594,2.281140989106837,9.549766995264555
13,7,2.0,1.6582280766035322,-1.385127124765134,"(1, 0, 0, 1, 1, 1, 1, 1, 0, 1, 1, 0, 0, 0, 0, 0, 1, 0, 0, 0, 0, 1, 0, 0, 0)",6.0,10.0,9.0,12.0,8.350666666666667,13.734666666666667,13.826666666666666,19.608333333333334,0.0,2.1254891114557988,1.385127124765134,3.9451825408294976,4.0,6.0,1.0,1.0,0.15682064056407807,0.032779064215607334,0.04118977635174449,0.011072846322016421,4.0,3.0,6.0,5.384,5.475999999999999,11.257666666666667,2.1254891114557988,1.385127124765134,3.9451825408294976,5.403354243302318,6.783600259530272,12.125766487180831
14,0,0.0,1.6582280766035322,-3.5192021727064566,"(1, 0, 0, 0, 0, 1, 0, 0, 1, 1, 0, 1, 0, 0, 0, 1, 1, 1, 0, 0, 1, 1, 0, 0, 0)",6.0,10.0,9.0,11.0,8.287,13.438333333333333,16.335,15.922666666666666,0.0,4.1113462064833755,3.5192021727064566,5.336647781798537,6.0,7.0,1.0,1.0,0.15891167396956993,0.030740845849085176,0.006257790272496022,0.011627195957201138,4.0,3.0,5.0,5.151333333333332,8.048,7.6356666666666655,4.1113462064833755,3.5192021727064566,5.336647781798537,1.7245358530488368,7.509779710479227,3.812297663530074
14,1,0.2857142857142857,1.6582280766035322,-1.8716696671970159,"(1, 1, 1, 1, 1, 1, 1, 1, 0, 0, 0, 0, 0, 1, 1, 1, 1, 1, 1, 0, 1, 1, 0, 0, 0)",8.0,9.0,13.0,14.0,10.944666666666667,12.964666666666666,17.595666666666666,18.892,0.0,1.8716696671970159,2.3841911161623544,2.7053254079530356,7.0,1.0,9.0,2.0,0.24260579299816523,0.027037911382273003,0.07091207085948956,0.035778025793237946,1.0,5.0,6.0,2.0199999999999996,6.651,7.947333333333333,1.8716696671970159,2.3841911161623544,2.7053254079530356,0.24596552246585346,7.075342288680964,8.692444719643843
14,2,0.5714285714285714,1.6582280766035322,-1.706620699305747,"(0, 0, 1, 1, 0, 0, 1, 0, 1, 0, 0, 0, 0, 1, 0, 1, 0, 1, 0, 1, 0, 0, 0, 1, 1)",7.0,9.0,11.0,13.0,9.107666666666667,12.998666666666667,14.162,15.331,0.0,2.1751898918628876,1.706620699305747,3.1150182914125493,9.0,2.0,7.0,28.0,0.15739106896776112,0.05505675160039619,0.07756171686369291,0.04450982346902275,2.0,4.0,6.0,3.891,5.054333333333334,6.223333333333333,2.1751898918628876,1.706620699305747,3.1150182914125493,2.8452044954331024,5.551271082144911,5.154295273442129
14,3,0.8571428571428571,1.6582280766035322,-2.757246371507134,"(1, 0, 0, 0, 0, 1, 0, 0, 0, 1, 1, 0, 0, 0, 0, 0, 1, 1, 0, 1, 0, 0, 1, 1, 1)",6.0,10.0,10.0,13.0,8.919,13.896666666666667,14.686,16.659333333333333,0.0,3.1185558446426374,2.757246371507134,4.651642975731823,3.0,8.0,3.0,5.0,0.13322601108399815,0.05943147199411736,0.06712259737882313,0.015099576606042574,4.0,4.0,7.0,4.977666666666666,5.7669999999999995,7.740333333333332,3.1185558446426374,2.757246371507134,4.651642975731823,3.082829762597717,4.990857970426227,5.121753070909427
14,4,1.1428571428571428,1.6582280766035322,-2.403914817895735,"(0, 0, 1, 0, 0, 1, 1, 0, 1, 0, 0, 1, 0, 0, 1, 1, 1, 0, 1, 1, 0, 0, 1, 1, 0)",7.0,12.0,11.0,15.0,11.261,17.302,15.527333333333333,19.589333333333332,0.0,3.2594960187757342,2.403914817895735,4.581122220585155,3.0,6.0,6.0,14.0,0.16814744837599013,0.032794840897792325,0.020129188866209482,0.02141635725440011,5.0,4.0,8.0,6.041,4.266333333333334,8.328333333333333,3.2594960187757342,2.403914817895735,4.581122220585155,4.612367996850582,3.0883146726848953,6.213730676119793
14,5,1.4285714285714284,1.6582280766035322,-2.2072766051451653,"(0, 0, 1, 0, 1, 0, 1, 0, 0, 0, 1, 0, 1, 0, 1, 1, 0, 1, 0, 0, 1, 1, 1, 1, 0)",8.0,13.0,10.0,13.0,10.057,17.341666666666665,14.143,18.81833333333333,0.0,2.3203677599695265,2.2072766051451653,3.4666731921909375,7.0,8.0,2.0,2.0,0.09631563547470275,0.05110826112855673,0.07073589800366427,0.024773883811529354,5.0,2.0,5.0,7.284666666666665,4.086,8.761333333333331,2.3203677599695265,2.2072766051451653,3.4666731921909375,8.231939827737413,3.1153518815201915,8.77975410211594
14,6,1.7142857142857142,1.6582280766035322,-2.0326836134352195,"(1, 1, 1, 0, 1, 1, 0, 1, 0, 0, 0, 0, 0, 0, 1, 0, 0, 1, 0, 0, 1, 0, 1, 0, 0)",7.0,10.0,9.0,12.0,8.583,13.278,11.991333333333333,17.841,0.0,2.2928319615197053,2.0326836134352195,3.498981002550098,10.0,8.0,3.0,6.0,0.23616516962889092,0.025918661773854816,0.013730037346375843,0.06778692983005158,3.0,2.0,5.0,4.695,3.408333333333333,9.258000000000001,2.2928319615197053,2.0326836134352195,3.498981002550098,3.9833424861276594,2.281140989106837,9.549766995264555
14,7,2.0,1.6582280766035322,-1.385127124765134,"(1, 0, 0, 1, 1, 1, 1, 1, 0, 1, 1, 0, 0, 0, 0, 0, 1, 0, 0, 0, 0, 1, 0, 0, 0)",6.0,10.0,9.0,12.0,8.350666666666667,13.734666666666667,13.826666666666666,19.608333333333334,0.0,2.1254891114557988,1.385127124765134,3.9451825408294976,4.0,6.0,1.0,1.0,0.15682064056407807,0.032779064215607334,0.04118977635174449,0.011072846322016421,4.0,3.0,6.0,5.384,5.475999999999999,11.257666666666667,2.1254891114557988,1.385127124765134,3.9451825408294976,5.403354243302318,6.783600259530272,12.125766487180831
15,0,0.0,1.6582280766035322,-2.6849936892582353,"(1, 0, 0, 0, 0, 1, 0, 0, 1, 1, 0, 1, 0, 0, 0, 1, 1, 1, 0, 0, 0, 1, 0, 0, 1)",7.0,10.0,10.0,12.0,10.395,14.75,15.516,15.444333333333333,0.0,2.6849936892582353,2.856684781834125,4.163193471011844,8.0,3.0,6.0,13.0,0.1310628506854353,0.01827026950971119,0.055435188306494396,0.016103370399385766,3.0,3.0,5.0,4.355,5.121,5.049333333333333,2.6849936892582353,2.856684781834125,4.163193471011844,2.769251352577078,3.7547510690433072,1.4694219994990814
15,1,0.2857142857142857,1.6582280766035322,-1.8716696671970159,"(1, 1, 1, 1, 1, 1, 1, 1, 0, 0, 0, 0, 0, 1, 1, 1, 1, 1, 1, 0, 1, 1, 0, 0, 0)",8.0,9.0,13.0,14.0,10.944666666666667,12.964666666666666,17.595666666666666,18.892,0.0,1.8716696671970159,2.3841911161623544,2.7053254079530356,7.0,1.0,9.0,2.0,0.24260579299816523,0.027037911382273003,0.07091207085948956,0.035778025793237946,1.0,5.0,6.0,2.0199999999999996,6.651,7.947333333333333,1.8716696671970159,2.3841911161623544,2.7053254079530356,0.24596552246585346,7.075342288680964,8.692444719643843
15,2,0.5714285714285714,1.6582280766035322,-1.706620699305747,"(0, 0, 1, 1, 0, 0, 1, 0, 1, 0, 0, 0, 0, 1, 0, 1, 0, 1, 0, 1, 0, 0, 0, 1, 1)",7.0,9.0,11.0,13.0,9.107666666666667,12.998666666666667,14.162,15.331,0.0,2.1751898918628876,1.706620699305747,3.1150182914125493,9.0,2.0,7.0,28.0,0.15739106896776112,0.05505675160039619,0.07756171686369291,0.04450982346902275,2.0,4.0,6.0,3.891,5.054333333333334,6.223333333333333,2.1751898918628876,1.706620699305747,3.1150182914125493,2.8452044954331024,5.551271082144911,5.154295273442129
15,3,0.8571428571428571,1.6582280766035322,-2.757246371507134,"(1, 0, 0, 0, 0, 1, 0, 0, 0, 1, 1, 0, 0, 0, 0, 0, 1, 1, 0, 1, 0, 0, 1, 1, 1)",6.0,10.0,10.0,13.0,8.919,13.896666666666667,14.686,16.659333333333333,0.0,3.1185558446426374,2.757246371507134,4.651642975731823,3.0,8.0,3.0,5.0,0.13322601108399815,0.05943147199411736,0.06712259737882313,0.015099576606042574,4.0,4.0,7.0,4.977666666666666,5.7669999999999995,7.740333333333332,3.1185558446426374,2.757246371507134,4.651642975731823,3.082829762597717,4.990857970426227,5.121753070909427
15,4,1.1428571428571428,1.6582280766035322,-2.403914817895735,"(0, 0, 1, 0, 0, 1, 1, 0, 1, 0, 0, 1, 0, 0, 1, 1, 1, 0, 1, 1, 0, 0, 1, 1, 0)",7.0,12.0,11.0,15.0,11.261,17.302,15.527333333333333,19.589333333333332,0.0,3.2594960187757342,2.403914817895735,4.581122220585155,3.0,6.0,6.0,14.0,0.16814744837599013,0.032794840897792325,0.020129188866209482,0.02141635725440011,5.0,4.0,8.0,6.041,4.266333333333334,8.328333333333333,3.2594960187757342,2.403914817895735,4.581122220585155,4.612367996850582,3.0883146726848953,6.213730676119793
15,5,1.4285714285714284,1.6582280766035322,-1.7604025632569205,"(0, 0, 1, 0, 1, 0, 1, 0, 0, 0, 1, 0, 1, 0, 1, 1, 0, 1, 0, 0, 0, 1, 1, 1, 1)",8.0,12.0,11.0,14.0,10.516666666666667,15.668,16.305666666666667,18.222,0.0,1.7604025632569205,1.8054050307802991,2.4158079981562626,3.0,1.0,3.0,11.0,0.11704337855116986,0.03542576420640878,0.07156986060237885,0.027709472403894504,4.0,3.0,6.0,5.151333333333332,5.789,7.705333333333334,1.7604025632569205,1.8054050307802991,2.4158079981562626,5.6229366087595425,6.605709023776691,8.771239422696329
15,6,1.7142857142857142,1.6582280766035322,-2.0326836134352195,"(1, 1, 1, 0, 1, 1, 0, 1, 0, 0, 0, 0, 0, 0, 1, 0, 0, 1, 0, 0, 1, 0, 1, 0, 0)",7.0,10.0,9.0,12.0,8.583,13.278,11.991333333333333,17.841,0.0,2.2928319615197053,2.0326836134352195,3.498981002550098,10.0,8.0,3.0,6.0,0.23616516962889092,0.025918661773854816,0.013730037346375843,0.06778692983005158,3.0,2.0,5.0,4.695,3.408333333333333,9.258000000000001,2.2928319615197053,2.0326836134352195,3.498981002550098,3.9833424861276594,2.281140989106837,9.549766995264555
15,7,2.0,1.6582280766035322,-1.385127124765134,"(1, 0, 0, 1, 1, 1, 1, 1, 0, 1, 1, 0, 0, 0, 0, 0, 1, 0, 0, 0, 0, 1, 0, 0, 0)",6.0,10.0,9.0,12.0,8.350666666666667,13.734666666666667,13.826666666666666,19.608333333333334,0.0,2.1254891114557988,1.385127124765134,3.9451825408294976,4.0,6.0,1.0,1.0,0.15682064056407807,0.032779064215607334,0.04118977635174449,0.011072846322016421,4.0,3.0,6.0,5.384,5.475999999999999,11.257666666666667,2.1254891114557988,1.385127124765134,3.9451825408294976,5.403354243302318,6.783600259530272,12.125766487180831
16,0,0.0,1.6582280766035322,-2.6849936892582353,"(1, 0, 0, 0, 0, 1, 0, 0, 1, 1, 0, 1, 0, 0, 0, 1, 1, 1, 0, 0, 0, 1, 0, 0, 1)",7.0,10.0,10.0,12.0,10.395,14.75,15.516,15.444333333333333,0.0,2.6849936892582353,2.856684781834125,4.163193471011844,8.0,3.0,6.0,13.0,0.1310628506854353,0.01827026950971119,0.055435188306494396,0.016103370399385766,3.0,3.0,5.0,4.355,5.121,5.049333333333333,2.6849936892582353,2.856684781834125,4.163193471011844,2.769251352577078,3.7547510690433072,1.4694219994990814
16,1,0.2857142857142857,1.6582280766035322,-1.8716696671970159,"(1, 1, 1, 1, 1, 1, 1, 1, 0, 0, 0, 0, 0, 1, 1, 1, 1, 1, 1, 0, 1, 1, 0, 0, 0)",8.0,9.0,13.0,14.0,10.944666666666667,12.964666666666666,17.595666666666666,18.892,0.0,1.8716696671970159,2.3841911161623544,2.7053254079530356,7.0,1.0,9.0,2.0,0.24260579299816523,0.027037911382273003,0.07091207085948956,0.035778025793237946,1.0,5.0,6.0,2.0199999999999996,6.651,7.947333333333333,1.8716696671970159,2.3841911161623544,2.7053254079530356,0.24596552246585346,7.075342288680964,8.692444719643843
16,2,0.5714285714285714,1.6582280766035322,-3.3423705730930977,"(0, 0, 1, 0, 1, 0, 1, 0, 1, 0, 0, 0, 0, 1, 0, 1, 0, 1, 0, 1, 0, 0, 0, 1, 1)",7.0,12.0,11.0,13.0,9.468333333333334,17.246,15.925,16.890333333333334,0.0,3.4812563868868462,3.3423705730930977,4.754010922327482,4.0,5.0,7.0,2.0,0.1415030136358259,0.013547502779644638,0.02235625559942602,0.022623722187810974,5.0,4.0,6.0,7.777666666666665,6.456666666666667,7.422000000000001,3.4812563868868462,3.3423705730930977,4.754010922327482,7.124428154538933,5.164213221220394,4.424134396668133
16,3,0.8571428571428571,1.6582280766035322,-3.2329827943064835,"(1, 0, 0, 0, 0, 1, 0, 0, 0, 1, 0, 0, 0, 0, 1, 0, 1, 1, 0, 1, 0, 0, 1, 1, 1)",5.0,9.0,9.0,12.0,6.713666666666667,11.516666666666667,12.95,15.440666666666667,0.0,3.2329827943064835,4.6024488761259175,4.974030150958158,1.0,1.0,4.0,9.0,0.16204960765089252,0.08716489511989069,0.09126782869695241,0.024748560089219367,4.0,4.0,7.0,4.803000000000001,6.236333333333333,8.727,3.2329827943064835,4.6024488761259175,4.974030150958158,2.6034466112316133,2.709353080867458,6.223279974327703
16,4,1.1428571428571428,1.6582280766035322,-2.403914817895735,"(0, 0, 1, 0, 0, 1, 1, 0, 1, 0, 0, 1, 0, 0, 1, 1, 1, 0, 1, 1, 0, 0, 1, 1, 0)",7.0,12.0,11.0,15.0,11.261,17.302,15.527333333333333,19.589333333333332,0.0,3.2594960187757342,2.403914817895735,4.581122220585155,3.0,6.0,6.0,14.0,0.16814744837599013,0.032794840897792325,0.020129188866209482,0.02141635725440011,5.0,4.0,8.0,6.041,4.266333333333334,8.328333333333333,3.2594960187757342,2.403914817895735,4.581122220585155,4.612367996850582,3.0883146726848953,6.213730676119793
16,5,1.4285714285714284,1.6582280766035322,-1.7083157768951625,"(0, 0, 1, 0, 1, 0, 1, 0, 0, 0, 1, 0, 1, 0, 1, 0, 0, 1, 0, 1, 0, 1, 1, 1, 1)",8.0,11.0,12.0,13.0,11.348666666666666,15.847,16.706,18.786666666666665,0.0,2.177354800740676,1.7083157768951625,2.634473007191049,9.0,3.0,4.0,6.0,0.07373481586951766,0.025933811939756076,0.06613640034022872,0.015889443853409693,3.0,4.0,5.0,4.498333333333333,5.357333333333333,7.437999999999999,2.177354800740676,1.7083157768951625,2.634473007191049,3.8487117679392098,6.050903364104989,7.965343326198734
16,6,1.7142857142857142,1.6582280766035322,-2.0326836134352195,"(1, 1, 1, 0, 1, 1, 0, 1, 0, 0, 0, 0, 0, 0, 1, 0, 0, 1, 0, 0, 1, 0, 1, 0, 0)",7.0,10.0,9.0,12.0,8.583,13.278,11.991333333333333,17.841,0.0,2.2928319615197053,2.0326836134352195,3.498981002550098,10.0,8.0,3.0,6.0,0.23616516962889092,0.025918661773854816,0.013730037346375843,0.06778692983005158,3.0,2.0,5.0,4.695,3.408333333333333,9.258000000000001,2.2928319615197053,2.0326836134352195,3.498981002550098,3.9833424861276594,2.281140989106837,9.549766995264555
16,7,2.0,1.6582280766035322,-1.385127124765134,"(1, 0, 0, 1, 1, 1, 1, 1, 0, 1, 1, 0, 0, 0, 0, 0, 1, 0, 0, 0, 0, 1, 0, 0, 0)",6.0,10.0,9.0,12.0,8.350666666666667,13.734666666666667,13.826666666666666,19.608333333333334,0.0,2.1254891114557988,1.385127124765134,3.9451825408294976,4.0,6.0,1.0,1.0,0.15682064056407807,0.032779064215607334,0.04118977635174449,0.011072846322016421,4.0,3.0,6.0,5.384,5.475999999999999,11.257666666666667,2.1254891114557988,1.385127124765134,3.9451825408294976,5.403354243302318,6.783600259530272,12.125766487180831
17,0,0.0,1.6582280766035322,-2.6849936892582353,"(1, 0, 0, 0, 0, 1, 0, 0, 1, 1, 0, 1, 0, 0, 0, 1, 1, 1, 0, 0, 0, 1, 0, 0, 1)",7.0,10.0,10.0,12.0,10.395,14.75,15.516,15.444333333333333,0.0,2.6849936892582353,2.856684781834125,4.163193471011844,8.0,3.0,6.0,13.0,0.1310628506854353,0.01827026950971119,0.055435188306494396,0.016103370399385766,3.0,3.0,5.0,4.355,5.121,5.049333333333333,2.6849936892582353,2.856684781834125,4.163193471011844,2.769251352577078,3.7547510690433072,1.4694219994990814
17,1,0.2857142857142857,1.6582280766035322,-2.3760105243177763,"(1, 1, 1, 1, 1, 1, 1, 1, 0, 0, 0, 0, 0, 1, 1, 1, 1, 1, 1, 0, 0, 1, 0, 0, 1)",8.0,11.0,12.0,13.0,12.092,16.455,16.197333333333333,19.732666666666667,0.0,2.3760105243177763,2.7665508734925197,3.3685613643252275,1.0,1.0,10.0,2.0,0.15481895915390328,0.051490044845670206,0.04133580815979575,0.044216713747506055,3.0,4.0,5.0,4.362999999999998,4.105333333333332,7.640666666666666,2.3760105243177763,2.7665508734925197,3.3685613643252275,3.294881736491991,2.2200066633723763,7.0841249585493955
17,2,0.5714285714285714,1.6582280766035322,-3.783956709892617,"(0, 0, 1, 0, 1, 0, 1, 0, 1, 0, 0, 0, 0, 1, 0, 1, 0, 1, 0, 1, 0, 0, 1, 0, 1)",6.0,11.0,10.0,12.0,8.096333333333334,15.74,15.222666666666667,17.404,0.0,3.833491667492045,3.783956709892617,5.079769827976244,2.0,11.0,6.0,1.0,0.11811927081783449,0.055033640301307016,0.014437726895817826,0.03706927008553732,5.0,4.0,6.0,7.643666666666666,7.126333333333333,9.307666666666666,3.833491667492045,3.783956709892617,5.079769827976244,6.318139160404197,5.542422759572707,7.0108172428997735
17,3,0.8571428571428571,1.6582280766035322,-3.2329827943064835,"(1, 0, 0, 0, 0, 1, 0, 0, 0, 1, 0, 0, 0, 0, 1, 0, 1, 1, 0, 1, 0, 0, 1, 1, 1)",5.0,9.0,9.0,12.0,6.713666666666667,11.516666666666667,12.95,15.440666666666667,0.0,3.2329827943064835,4.6024488761259175,4.974030150958158,1.0,1.0,4.0,9.0,0.16204960765089252,0.08716489511989069,0.09126782869695241,0.024748560089219367,4.0,4.0,7.0,4.803000000000001,6.236333333333333,8.727,3.2329827943064835,4.6024488761259175,4.974030150958158,2.6034466112316133,2.709353080867458,6.223279974327703
17,4,1.1428571428571428,1.6582280766035322,-2.403914817895735,"(0, 0, 1, 0, 0, 1, 1, 0, 1, 0, 0, 1, 0, 0, 1, 1, 1, 0, 1, 1, 0, 0, 1, 1, 0)",7.0,12.0,11.0,15.0,11.261,17.302,15.527333333333333,19.589333333333332,0.0,3.2594960187757342,2.403914817895735,4.581122220585155,3.0,6.0,6.0,14.0,0.16814744837599013,0.032794840897792325,0.020129188866209482,0.02141635725440011,5.0,4.0,8.0,6.041,4.266333333333334,8.328333333333333,3.2594960187757342,2.403914817895735,4.581122220585155,4.612367996850582,3.0883146726848953,6.213730676119793
17,5,1.4285714285714284,1.6582280766035322,-1.7083157768951625,"(0, 0, 1, 0, 1, 0, 1, 0, 0, 0, 1, 0, 1, 0, 1, 0, 0, 1, 0, 1, 0, 1, 1, 1, 1)",8.0,11.0,12.0,13.0,11.348666666666666,15.847,16.706,18.786666666666665,0.0,2.177354800740676,1.7083157768951625,2.634473007191049,9.0,3.0,4.0,6.0,0.07373481586951766,0.025933811939756076,0.06613640034022872,0.015889443853409693,3.0,4.0,5.0,4.498333333333333,5.357333333333333,7.437999999999999,2.177354800740676,1.7083157768951625,2.634473007191049,3.8487117679392098,6.050903364104989,7.965343326198734
17,6,1.7142857142857142,1.6582280766035322,-2.0326836134352195,"(1, 1, 1, 0, 1, 1, 0, 1, 0, 0, 0, 0, 0, 0, 1, 0, 0, 1, 0, 0, 1, 0, 1, 0, 0)",7.0,10.0,9.0,12.0,8.583,13.278,11.991333333333333,17.841,0.0,2.2928319615197053,2.0326836134352195,3.498981002550098,10.0,8.0,3.0,6.0,0.23616516962889092,0.025918661773854816,0.013730037346375843,0.06778692983005158,3.0,2.0,5.0,4.695,3.408333333333333,9.258000000000001,2.2928319615197053,2.0326836134352195,3.498981002550098,3.9833424861276594,2.281140989106837,9.549766995264555
17,7,2.0,1.6582280766035322,-2.889490060616265,"(1, 0, 0, 1, 1, 1, 1, 1, 0, 1, 1, 0, 0, 0, 0, 0, 0, 0, 0, 0, 0, 0, 0, 0, 0)",5.0,9.0,9.0,11.0,6.41,13.37,11.750333333333334,15.539,0.0,2.889490060616265,3.4410996302984294,5.565667503933892,4.0,10.0,23.0,1.0,0.23622970610694902,0.060245769584673266,0.11318999367975499,0.020383936710500095,4.0,4.0,6.0,6.959999999999999,5.340333333333334,9.129,2.889490060616265,3.4410996302984294,5.565667503933892,6.749833867579851,3.149362650404173,5.908817991250564
18,0,0.0,1.6582280766035322,-2.6849936892582353,"(1, 0, 0, 0, 0, 1, 0, 0, 1, 1, 0, 1, 0, 0, 0, 1, 1, 1, 0, 0, 0, 1, 0, 0, 1)",7.0,10.0,10.0,12.0,10.395,14.75,15.516,15.444333333333333,0.0,2.6849936892582353,2.856684781834125,4.163193471011844,8.0,3.0,6.0,13.0,0.1310628506854353,0.01827026950971119,0.055435188306494396,0.016103370399385766,3.0,3.0,5.0,4.355,5.121,5.049333333333333,2.6849936892582353,2.856684781834125,4.163193471011844,2.769251352577078,3.7547510690433072,1.4694219994990814
18,1,0.2857142857142857,1.6582280766035322,-1.7230371572641203,"(1, 1, 1, 1, 1, 1, 1, 1, 0, 0, 0, 0, 0, 0, 1, 1, 1, 1, 0, 0, 0, 1, 0, 0, 1)",8.0,13.0,12.0,14.0,11.771333333333333,16.028,16.254,18.368,0.0,1.8546359798990175,1.7230371572641203,3.150412248469831,2.0,12.0,21.0,5.0,0.16957957606089022,0.036929761026478096,0.023887167313177995,0.023824946599563072,5.0,4.0,6.0,4.256666666666666,4.482666666666669,6.596666666666666,1.8546359798990175,1.7230371572641203,3.150412248469831,3.983114725661379,4.5760951335149365,5.714675835372962
18,2,0.5714285714285714,1.6582280766035322,-3.3205648738857603,"(0, 0, 1, 0, 1, 0, 1, 0, 1, 0, 0, 0, 0, 1, 0, 1, 0, 1, 1, 1, 0, 0, 1, 1, 1)",7.0,10.0,11.0,12.0,10.007333333333333,16.631333333333334,15.557333333333334,16.652666666666665,0.0,3.3205648738857603,3.6411740601188507,4.364972190799884,4.0,5.0,8.0,3.0,0.08123490999266275,0.05627226858215602,0.06759184664391152,0.04813517498629198,3.0,4.0,5.0,6.6240000000000006,5.550000000000001,6.6453333333333315,3.3205648738857603,3.6411740601188507,4.364972190799884,5.477848875360964,3.165268766860049,3.7813588713446715
18,3,0.8571428571428571,1.6582280766035322,-2.8023685999471573,"(1, 0, 0, 0, 0, 1, 0, 0, 0, 1, 0, 0, 0, 0, 1, 0, 1, 1, 1, 1, 0, 0, 1, 0, 1)",6.0,9.0,9.0,13.0,7.520666666666667,12.892333333333333,14.999333333333333,16.671,0.0,3.423688235494094,2.8023685999471573,4.7592619779033924,4.0,2.0,2.0,7.0,0.1310872912437694,0.05133383110356648,0.08208138570426596,0.03620781026084991,3.0,3.0,7.0,5.371666666666666,7.4786666666666655,9.150333333333332,3.423688235494094,2.8023685999471573,4.7592619779033924,3.2301925271884606,7.754368748801106,7.2813978079434545
18,4,1.1428571428571428,1.6582280766035322,-2.403914817895735,"(0, 0, 1, 0, 0, 1, 1, 0, 1, 0, 0, 1, 0, 0, 1, 1, 1, 0, 1, 1, 0, 0, 1, 1, 0)",7.0,12.0,11.0,15.0,11.261,17.302,15.527333333333333,19.589333333333332,0.0,3.2594960187757342,2.403914817895735,4.581122220585155,3.0,6.0,6.0,14.0,0.16814744837599013,0.032794840897792325,0.020129188866209482,0.02141635725440011,5.0,4.0,8.0,6.041,4.266333333333334,8.328333333333333,3.2594960187757342,2.403914817895735,4.581122220585155,4.612367996850582,3.0883146726848953,6.213730676119793
18,5,1.4285714285714284,1.6582280766035322,-2.2271845544426103,"(0, 0, 1, 0, 1, 0, 1, 0, 0, 0, 1, 0, 1, 0, 0, 0, 0, 1, 0, 0, 0, 1, 1, 1, 1)",7.0,10.0,10.0,14.0,9.281333333333333,15.797,15.262333333333334,18.11766666666667,0.0,2.2271845544426103,2.879927612041185,2.9276753682691643,8.0,2.0,6.0,8.0,0.15708869157581395,0.03155623497830545,0.043595152519208424,0.029202918150921867,3.0,3.0,7.0,6.515666666666668,5.981000000000002,8.836333333333336,2.2271845544426103,2.879927612041185,2.9276753682691643,7.1112814445019525,5.1422853012932705,9.797902532716503
18,6,1.7142857142857142,1.6582280766035322,-2.0326836134352195,"(1, 1, 1, 0, 1, 1, 0, 1, 0, 0, 0, 0, 0, 0, 1, 0, 0, 1, 0, 0, 1, 0, 1, 0, 0)",7.0,10.0,9.0,12.0,8.583,13.278,11.991333333333333,17.841,0.0,2.2928319615197053,2.0326836134352195,3.498981002550098,10.0,8.0,3.0,6.0,0.23616516962889092,0.025918661773854816,0.013730037346375843,0.06778692983005158,3.0,2.0,5.0,4.695,3.408333333333333,9.258000000000001,2.2928319615197053,2.0326836134352195,3.498981002550098,3.9833424861276594,2.281140989106837,9.549766995264555
18,7,2.0,1.6582280766035322,-2.9502180577327675,"(1, 0, 0, 1, 1, 1, 1, 1, 0, 1, 1, 0, 0, 0, 0, 0, 0, 0, 0, 0, 0, 0, 0, 1, 1)",6.0,10.0,9.0,12.0,6.9976666666666665,14.579333333333333,14.431,17.0,0.0,3.4535179161165512,2.9502180577327675,4.706373714637943,8.0,14.0,2.0,3.0,0.19022796392604044,0.05295209110174501,0.08637805106894544,0.03643173649055816,4.0,3.0,6.0,7.581666666666666,7.433333333333333,10.002333333333333,3.4535179161165512,2.9502180577327675,4.706373714637943,6.845412162557992,7.434027620651039,8.781908932279233
19,0,0.0,1.6582280766035322,-1.909652302529441,"(1, 0, 0, 1, 1, 1, 0, 0, 1, 1, 0, 1, 0, 0, 0, 1, 1, 1, 0, 0, 0, 1, 0, 0, 1)",8.0,10.0,10.0,13.0,13.245,15.217,15.010666666666667,18.032,0.0,2.53498853497304,1.909652302529441,2.9999556876526703,19.0,3.0,7.0,8.0,0.20217423031115878,0.05280062451564528,0.013593840170096403,0.013699939006434065,2.0,2.0,5.0,1.9720000000000013,1.765666666666668,4.787000000000001,2.53498853497304,1.909652302529441,2.9999556876526703,-0.9335633954981822,-0.2387610240152625,2.963327052868996
19,1,0.2857142857142857,1.6582280766035322,-1.7230371572641203,"(1, 1, 1, 1, 1, 1, 1, 1, 0, 0, 0, 0, 0, 0, 1, 1, 1, 1, 0, 0, 0, 1, 0, 0, 1)",8.0,13.0,12.0,14.0,11.771333333333333,16.028,16.254,18.368,0.0,1.8546359798990175,1.7230371572641203,3.150412248469831,2.0,12.0,21.0,5.0,0.16957957606089022,0.036929761026478096,0.023887167313177995,0.023824946599563072,5.0,4.0,6.0,4.256666666666666,4.482666666666669,6.596666666666666,1.8546359798990175,1.7230371572641203,3.150412248469831,3.983114725661379,4.5760951335149365,5.714675835372962
19,2,0.5714285714285714,1.6582280766035322,-1.8681229015887273,"(1, 1, 1, 0, 1, 0, 1, 0, 1, 0, 0, 0, 0, 1, 0, 1, 0, 1, 1, 1, 0, 0, 1, 1, 1)",7.0,12.0,11.0,14.0,10.042666666666667,18.289,16.734666666666666,17.755333333333333,0.0,2.922903356359827,1.8681229015887273,3.910000468470894,1.0,3.0,1.0,6.0,0.10700383206167502,0.04641516805667358,0.054323901785786236,0.027445498939360134,5.0,4.0,7.0,8.246333333333334,6.691999999999998,7.7126666666666654,2.922903356359827,1.8681229015887273,3.910000468470894,8.827461051650365,7.999088442670351,6.30568785579944
19,3,0.8571428571428571,1.6582280766035322,-2.8023685999471573,"(1, 0, 0, 0, 0, 1, 0, 0, 0, 1, 0, 0, 0, 0, 1, 0, 1, 1, 1, 1, 0, 0, 1, 0, 1)",6.0,9.0,9.0,13.0,7.520666666666667,12.892333333333333,14.999333333333333,16.671,0.0,3.423688235494094,2.8023685999471573,4.7592619779033924,4.0,2.0,2.0,7.0,0.1310872912437694,0.05133383110356648,0.08208138570426596,0.03620781026084991,3.0,3.0,7.0,5.371666666666666,7.4786666666666655,9.150333333333332,3.423688235494094,2.8023685999471573,4.7592619779033924,3.2301925271884606,7.754368748801106,7.2813978079434545
19,4,1.1428571428571428,1.6582280766035322,-2.403914817895735,"(0, 0, 1, 0, 0, 1, 1, 0, 1, 0, 0, 1, 0, 0, 1, 1, 1, 0, 1, 1, 0, 0, 1, 1, 0)",7.0,12.0,11.0,15.0,11.261,17.302,15.527333333333333,19.589333333333332,0.0,3.2594960187757342,2.403914817895735,4.581122220585155,3.0,6.0,6.0,14.0,0.16814744837599013,0.032794840897792325,0.020129188866209482,0.02141635725440011,5.0,4.0,8.0,6.041,4.266333333333334,8.328333333333333,3.2594960187757342,2.403914817895735,4.581122220585155,4.612367996850582,3.0883146726848953,6.213730676119793
19,5,1.4285714285714284,1.6582280766035322,-2.2271845544426103,"(0, 0, 1, 0, 1, 0, 1, 0, 0, 0, 1, 0, 1, 0, 0, 0, 0, 1, 0, 0, 0, 1, 1, 1, 1)",7.0,10.0,10.0,14.0,9.281333333333333,15.797,15.262333333333334,18.11766666666667,0.0,2.2271845544426103,2.879927612041185,2.9276753682691643,8.0,2.0,6.0,8.0,0.15708869157581395,0.03155623497830545,0.043595152519208424,0.029202918150921867,3.0,3.0,7.0,6.515666666666668,5.981000000000002,8.836333333333336,2.2271845544426103,2.879927612041185,2.9276753682691643,7.1112814445019525,5.1422853012932705,9.797902532716503
19,6,1.7142857142857142,1.6582280766035322,-2.0326836134352195,"(1, 1, 1, 0, 1, 1, 0, 1, 0, 0, 0, 0, 0, 0, 1, 0, 0, 1, 0, 0, 1, 0, 1, 0, 0)",7.0,10.0,9.0,12.0,8.583,13.278,11.991333333333333,17.841,0.0,2.2928319615197053,2.0326836134352195,3.498981002550098,10.0,8.0,3.0,6.0,0.23616516962889092,0.025918661773854816,0.013730037346375843,0.06778692983005158,3.0,2.0,5.0,4.695,3.408333333333333,9.258000000000001,2.2928319615197053,2.0326836134352195,3.498981002550098,3.9833424861276594,2.281140989106837,9.549766995264555
19,7,2.0,1.6582280766035322,-2.9502180577327675,"(1, 0, 0, 1, 1, 1, 1, 1, 0, 1, 1, 0, 0, 0, 0, 0, 0, 0, 0, 0, 0, 0, 0, 1, 1)",6.0,10.0,9.0,12.0,6.9976666666666665,14.579333333333333,14.431,17.0,0.0,3.4535179161165512,2.9502180577327675,4.706373714637943,8.0,14.0,2.0,3.0,0.19022796392604044,0.05295209110174501,0.08637805106894544,0.03643173649055816,4.0,3.0,6.0,7.581666666666666,7.433333333333333,10.002333333333333,3.4535179161165512,2.9502180577327675,4.706373714637943,6.845412162557992,7.434027620651039,8.781908932279233
20,0,0.0,1.6582280766035322,-2.2272582534682366,"(1, 1, 1, 1, 1, 1, 0, 0, 0, 0, 0, 0, 0, 0, 1, 1, 1, 1, 0, 0, 0, 1, 0, 0, 1)",7.0,12.0,11.0,12.0,9.159666666666666,17.240333333333332,16.28,16.924,0.0,2.2272582534682366,2.503353228222725,3.828001090082847,2.0,2.0,1.0,2.0,0.20185243705692943,0.03460771323347081,0.07245886339253003,0.03459715384169677,5.0,4.0,5.0,8.080666666666666,7.120333333333335,7.764333333333333,2.2272582534682366,2.503353228222725,3.828001090082847,9.706286174592964,7.656006039414341,6.527336644597721
20,1,0.2857142857142857,1.6582280766035322,-1.8681229015887273,"(1, 1, 1, 0, 1, 0, 1, 0, 1, 0, 0, 0, 0, 1, 0, 1, 0, 1, 1, 1, 0, 0, 1, 1, 1)",7.0,12.0,11.0,14.0,10.042666666666667,18.289,16.734666666666666,17.755333333333333,0.0,2.922903356359827,1.8681229015887273,3.910000468470894,1.0,3.0,1.0,6.0,0.10700383206167502,0.04641516805667358,0.054323901785786236,0.027445498939360134,5.0,4.0,7.0,8.246333333333334,6.691999999999998,7.7126666666666654,2.922903356359827,1.8681229015887273,3.910000468470894,8.827461051650365,7.999088442670351,6.30568785579944
20,2,0.5714285714285714,1.6582280766035322,-2.8023685999471573,"(1, 0, 0, 0, 0, 1, 0, 0, 0, 1, 0, 0, 0, 0, 1, 0, 1, 1, 1, 1, 0, 0, 1, 0, 1)",6.0,9.0,9.0,13.0,7.520666666666667,12.892333333333333,14.999333333333333,16.671,0.0,3.423688235494094,2.8023685999471573,4.7592619779033924,4.0,2.0,2.0,7.0,0.1310872912437694,0.05133383110356648,0.08208138570426596,0.03620781026084991,3.0,3.0,7.0,5.371666666666666,7.4786666666666655,9.150333333333332,3.423688235494094,2.8023685999471573,4.7592619779033924,3.2301925271884606,7.754368748801106,7.2813978079434545
20,3,0.8571428571428571,1.6582280766035322,-1.7770861801831919,"(0, 0, 0, 1, 0, 1, 1, 0, 1, 0, 0, 1, 0, 0, 1, 1, 1, 0, 1, 1, 0, 0, 1, 1, 0)",7.0,11.0,10.0,13.0,8.367,14.802666666666667,15.076333333333332,17.782,0.0,1.7770861801831919,2.993184589673205,3.7802349090984637,6.0,10.0,2.0,1.0,0.28460058407453204,0.04464500048906943,0.040406231763102075,0.009865945809551123,4.0,3.0,6.0,6.435666666666666,6.709333333333332,9.415,1.7770861801831919,2.993184589673205,3.7802349090984637,7.724988959804239,6.1622221835721644,9.34372567879838
20,4,1.1428571428571428,1.6582280766035322,-3.2865896230717966,"(1, 0, 1, 0, 0, 0, 1, 0, 0, 0, 1, 0, 1, 0, 0, 0, 0, 1, 0, 0, 0, 1, 1, 1, 1)",7.0,10.0,10.0,14.0,13.482666666666667,13.857666666666667,14.927333333333333,19.411333333333335,0.0,3.2865896230717966,3.5947528863521545,5.315275064366758,7.0,7.0,3.0,2.0,0.2329309201379896,0.08258391486670585,0.05071188805323844,0.012978744532373397,3.0,3.0,7.0,0.375,1.4446666666666665,5.928666666666668,3.2865896230717966,3.5947528863521545,5.315275064366758,-4.828079660525149,-3.565333336600826,1.017143176886539
20,5,1.4285714285714284,1.6582280766035322,-2.0326836134352195,"(1, 1, 1, 0, 1, 1, 0, 1, 0, 0, 0, 0, 0, 0, 1, 0, 0, 1, 0, 0, 1, 0, 1, 0, 0)",7.0,10.0,9.0,12.0,8.583,13.278,11.991333333333333,17.841,0.0,2.2928319615197053,2.0326836134352195,3.498981002550098,10.0,8.0,3.0,6.0,0.23616516962889092,0.025918661773854816,0.013730037346375843,0.06778692983005158,3.0,2.0,5.0,4.695,3.408333333333333,9.258000000000001,2.2928319615197053,2.0326836134352195,3.498981002550098,3.9833424861276594,2.281140989106837,9.549766995264555
20,6,1.7142857142857142,1.6582280766035322,-2.9502180577327675,"(1, 0, 0, 1, 1, 1, 1, 1, 0, 1, 1, 0, 0, 0, 0, 0, 0, 0, 0, 0, 0, 0, 0, 1, 1)",6.0,10.0,9.0,12.0,6.9976666666666665,14.579333333333333,14.431,17.0,0.0,3.4535179161165512,2.9502180577327675,4.706373714637943,8.0,14.0,2.0,3.0,0.19022796392604044,0.05295209110174501,0.08637805106894544,0.03643173649055816,4.0,3.0,6.0,7.581666666666666,7.433333333333333,10.002333333333333,3.4535179161165512,2.9502180577327675,4.706373714637943,6.845412162557992,7.434027620651039,8.781908932279233
20,7,2.0,1.6582280766035322,-1.909652302529441,"(1, 0, 0, 1, 1, 1, 0, 0, 1, 1, 0, 1, 0, 0, 0, 1, 1, 1, 0, 0, 0, 1, 0, 0, 1)",8.0,10.0,10.0,13.0,13.245,15.217,15.010666666666667,18.032,0.0,2.53498853497304,1.909652302529441,2.9999556876526703,19.0,3.0,7.0,8.0,0.20217423031115878,0.05280062451564528,0.013593840170096403,0.013699939006434065,2.0,2.0,5.0,1.9720000000000013,1.765666666666668,4.787000000000001,2.53498853497304,1.909652302529441,2.9999556876526703,-0.9335633954981822,-0.2387610240152625,2.963327052868996
21,0,0.0,1.6582280766035322,-2.5813452220923114,"(1, 1, 1, 1, 1, 1, 0, 0, 0, 1, 0, 0, 0, 0, 0, 1, 1, 1, 0, 0, 0, 1, 0, 0, 1)",7.0,11.0,10.0,12.0,9.548,15.192333333333334,13.610333333333333,16.801333333333332,0.0,2.644210490951993,2.5813452220923114,3.8435239473554974,8.0,3.0,7.0,3.0,0.21884308434711222,0.03508639159069318,0.07394149395275162,0.03906743953566634,4.0,3.0,5.0,5.644333333333334,4.062333333333333,7.253333333333332,2.644210490951993,2.5813452220923114,3.8435239473554974,4.974887930496333,2.4558160671758973,5.654241659694696
21,1,0.2857142857142857,1.6582280766035322,-1.8681229015887273,"(1, 1, 1, 0, 1, 0, 1, 0, 1, 0, 0, 0, 0, 1, 0, 1, 0, 1, 1, 1, 0, 0, 1, 1, 1)",7.0,12.0,11.0,14.0,10.042666666666667,18.289,16.734666666666666,17.755333333333333,0.0,2.922903356359827,1.8681229015887273,3.910000468470894,1.0,3.0,1.0,6.0,0.10700383206167502,0.04641516805667358,0.054323901785786236,0.027445498939360134,5.0,4.0,7.0,8.246333333333334,6.691999999999998,7.7126666666666654,2.922903356359827,1.8681229015887273,3.910000468470894,8.827461051650365,7.999088442670351,6.30568785579944
21,2,0.5714285714285714,1.6582280766035322,-3.0445988724261186,"(1, 0, 0, 0, 0, 1, 0, 0, 0, 1, 0, 0, 0, 0, 1, 0, 1, 1, 0, 1, 0, 0, 1, 1, 1)",5.0,10.0,9.0,12.0,6.923333333333333,13.525,12.541333333333334,16.129333333333335,0.0,3.0445988724261186,3.173415556843603,5.426698778736315,1.0,8.0,4.0,4.0,0.15605310109542805,0.06478606081780765,0.10385775953957582,0.008992614286491247,5.0,4.0,7.0,6.6016666666666675,5.618000000000001,9.206000000000003,3.0445988724261186,3.173415556843603,5.426698778736315,5.898429686791874,4.053678559270151,6.266943395041467
21,3,0.8571428571428571,1.6582280766035322,-1.7770861801831919,"(0, 0, 0, 1, 0, 1, 1, 0, 1, 0, 0, 1, 0, 0, 1, 1, 1, 0, 1, 1, 0, 0, 1, 1, 0)",7.0,11.0,10.0,13.0,8.367,14.802666666666667,15.076333333333332,17.782,0.0,1.7770861801831919,2.993184589673205,3.7802349090984637,6.0,10.0,2.0,1.0,0.28460058407453204,0.04464500048906943,0.040406231763102075,0.009865945809551123,4.0,3.0,6.0,6.435666666666666,6.709333333333332,9.415,1.7770861801831919,2.993184589673205,3.7802349090984637,7.724988959804239,6.1622221835721644,9.34372567879838
21,4,1.1428571428571428,1.6582280766035322,-3.2865896230717966,"(1, 0, 1, 0, 0, 0, 1, 0, 0, 0, 1, 0, 1, 0, 0, 0, 0, 1, 0, 0, 0, 1, 1, 1, 1)",7.0,10.0,10.0,14.0,13.482666666666667,13.857666666666667,14.927333333333333,19.411333333333335,0.0,3.2865896230717966,3.5947528863521545,5.315275064366758,7.0,7.0,3.0,2.0,0.2329309201379896,0.08258391486670585,0.05071188805323844,0.012978744532373397,3.0,3.0,7.0,0.375,1.4446666666666665,5.928666666666668,3.2865896230717966,3.5947528863521545,5.315275064366758,-4.828079660525149,-3.565333336600826,1.017143176886539
21,5,1.4285714285714284,1.6582280766035322,-2.0326836134352195,"(1, 1, 1, 0, 1, 1, 0, 1, 0, 0, 0, 0, 0, 0, 1, 0, 0, 1, 0, 0, 1, 0, 1, 0, 0)",7.0,10.0,9.0,12.0,8.583,13.278,11.991333333333333,17.841,0.0,2.2928319615197053,2.0326836134352195,3.498981002550098,10.0,8.0,3.0,6.0,0.23616516962889092,0.025918661773854816,0.013730037346375843,0.06778692983005158,3.0,2.0,5.0,4.695,3.408333333333333,9.258000000000001,2.2928319615197053,2.0326836134352195,3.498981002550098,3.9833424861276594,2.281140989106837,9.549766995264555
21,6,1.7142857142857142,1.6582280766035322,-1.963139370378108,"(1, 0, 0, 1, 1, 1, 1, 1, 0, 1, 1, 0, 0, 0, 0, 0, 1, 1, 0, 0, 0, 0, 0, 1, 1)",7.0,11.0,10.0,12.0,9.382333333333333,14.825333333333333,14.349666666666666,16.543333333333333,0.0,2.6131002897592697,1.963139370378108,4.245957476790767,8.0,12.0,1.0,3.0,0.18526556663124094,0.03006503150525877,0.02513011155607754,0.011408759847423892,4.0,3.0,5.0,5.443,4.9673333333333325,7.161,2.6131002897592697,1.963139370378108,4.245957476790767,4.6926191534933785,4.981638776935186,4.833805356478754
21,7,2.0,1.6582280766035322,-1.909652302529441,"(1, 0, 0, 1, 1, 1, 0, 0, 1, 1, 0, 1, 0, 0, 0, 1, 1, 1, 0, 0, 0, 1, 0, 0, 1)",8.0,10.0,10.0,13.0,13.245,15.217,15.010666666666667,18.032,0.0,2.53498853497304,1.909652302529441,2.9999556876526703,19.0,3.0,7.0,8.0,0.20217423031115878,0.05280062451564528,0.013593840170096403,0.013699939006434065,2.0,2.0,5.0,1.9720000000000013,1.765666666666668,4.787000000000001,2.53498853497304,1.909652302529441,2.9999556876526703,-0.9335633954981822,-0.2387610240152625,2.963327052868996
22,0,0.0,1.6582280766035322,-2.5813452220923114,"(1, 1, 1, 1, 1, 1, 0, 0, 0, 1, 0, 0, 0, 0, 0, 1, 1, 1, 0, 0, 0, 1, 0, 0, 1)",7.0,11.0,10.0,12.0,9.548,15.192333333333334,13.610333333333333,16.801333333333332,0.0,2.644210490951993,2.5813452220923114,3.8435239473554974,8.0,3.0,7.0,3.0,0.21884308434711222,0.03508639159069318,0.07394149395275162,0.03906743953566634,4.0,3.0,5.0,5.644333333333334,4.062333333333333,7.253333333333332,2.644210490951993,2.5813452220923114,3.8435239473554974,4.974887930496333,2.4558160671758973,5.654241659694696
22,1,0.2857142857142857,1.6582280766035322,-1.8681229015887273,"(1, 1, 1, 0, 1, 0, 1, 0, 1, 0, 0, 0, 0, 1, 0, 1, 0, 1, 1, 1, 0, 0, 1, 1, 1)",7.0,12.0,11.0,14.0,10.042666666666667,18.289,16.734666666666666,17.755333333333333,0.0,2.922903356359827,1.8681229015887273,3.910000468470894,1.0,3.0,1.0,6.0,0.10700383206167502,0.04641516805667358,0.054323901785786236,0.027445498939360134,5.0,4.0,7.0,8.246333333333334,6.691999999999998,7.7126666666666654,2.922903356359827,1.8681229015887273,3.910000468470894,8.827461051650365,7.999088442670351,6.30568785579944
22,2,0.5714285714285714,1.6582280766035322,-3.0445988724261186,"(1, 0, 0, 0, 0, 1, 0, 0, 0, 1, 0, 0, 0, 0, 1, 0, 1, 1, 0, 1, 0, 0, 1, 1, 1)",5.0,10.0,9.0,12.0,6.923333333333333,13.525,12.541333333333334,16.129333333333335,0.0,3.0445988724261186,3.173415556843603,5.426698778736315,1.0,8.0,4.0,4.0,0.15605310109542805,0.06478606081780765,0.10385775953957582,0.008992614286491247,5.0,4.0,7.0,6.6016666666666675,5.618000000000001,9.206000000000003,3.0445988724261186,3.173415556843603,5.426698778736315,5.898429686791874,4.053678559270151,6.266943395041467
22,3,0.8571428571428571,1.6582280766035322,-3.34408407543892,"(0, 0, 0, 1, 0, 1, 1, 0, 1, 0, 0, 1, 0, 0, 1, 1, 1, 0, 1, 1, 0, 1, 0, 1, 0)",7.0,10.0,10.0,13.0,9.134666666666666,14.724,14.824666666666667,17.698666666666668,0.0,3.34408407543892,3.4388241728822018,4.812960930450737,7.0,8.0,5.0,7.0,0.16621282146877533,0.0705418053755067,0.05122696959029341,0.009269648805590756,3.0,3.0,6.0,5.589333333333334,5.690000000000001,8.564000000000002,3.34408407543892,3.4388241728822018,4.812960930450737,3.7231353584137623,3.7329629618979143,6.2200783015633805
22,4,1.1428571428571428,1.6582280766035322,-3.2865896230717966,"(1, 0, 1, 0, 0, 0, 1, 0, 0, 0, 1, 0, 1, 0, 0, 0, 0, 1, 0, 0, 0, 1, 1, 1, 1)",7.0,10.0,10.0,14.0,13.482666666666667,13.857666666666667,14.927333333333333,19.411333333333335,0.0,3.2865896230717966,3.5947528863521545,5.315275064366758,7.0,7.0,3.0,2.0,0.2329309201379896,0.08258391486670585,0.05071188805323844,0.012978744532373397,3.0,3.0,7.0,0.375,1.4446666666666665,5.928666666666668,3.2865896230717966,3.5947528863521545,5.315275064366758,-4.828079660525149,-3.565333336600826,1.017143176886539
22,5,1.4285714285714284,1.6582280766035322,-2.0326836134352195,"(1, 1, 1, 0, 1, 1, 0, 1, 0, 0, 0, 0, 0, 0, 1, 0, 0, 1, 0, 0, 1, 0, 1, 0, 0)",7.0,10.0,9.0,12.0,8.583,13.278,11.991333333333333,17.841,0.0,2.2928319615197053,2.0326836134352195,3.498981002550098,10.0,8.0,3.0,6.0,0.23616516962889092,0.025918661773854816,0.013730037346375843,0.06778692983005158,3.0,2.0,5.0,4.695,3.408333333333333,9.258000000000001,2.2928319615197053,2.0326836134352195,3.498981002550098,3.9833424861276594,2.281140989106837,9.549766995264555
22,6,1.7142857142857142,1.6582280766035322,-3.524941484327146,"(1, 0, 0, 1, 1, 1, 1, 1, 0, 1, 0, 0, 0, 0, 0, 1, 1, 1, 0, 0, 0, 0, 0, 1, 1)",7.0,9.0,9.0,13.0,10.688,13.090333333333334,16.443666666666665,17.413333333333334,0.0,3.883312208815779,3.524941484327146,4.36754244431862,6.0,2.0,1.0,8.0,0.1492363584385254,0.05114948086566423,0.08656954395373545,0.07004171289944441,2.0,2.0,6.0,2.402333333333333,5.755666666666665,6.725333333333333,3.883312208815779,3.524941484327146,4.36754244431862,-2.4558007521817187,3.6990511285419236,3.9097550509242
22,7,2.0,1.6582280766035322,-1.909652302529441,"(1, 0, 0, 1, 1, 1, 0, 0, 1, 1, 0, 1, 0, 0, 0, 1, 1, 1, 0, 0, 0, 1, 0, 0, 1)",8.0,10.0,10.0,13.0,13.245,15.217,15.010666666666667,18.032,0.0,2.53498853497304,1.909652302529441,2.9999556876526703,19.0,3.0,7.0,8.0,0.20217423031115878,0.05280062451564528,0.013593840170096403,0.013699939006434065,2.0,2.0,5.0,1.9720000000000013,1.765666666666668,4.787000000000001,2.53498853497304,1.909652302529441,2.9999556876526703,-0.9335633954981822,-0.2387610240152625,2.963327052868996
23,0,0.0,1.6582280766035322,-2.5813452220923114,"(1, 1, 1, 1, 1, 1, 0, 0, 0, 1, 0, 0, 0, 0, 0, 1, 1, 1, 0, 0, 0, 1, 0, 0, 1)",7.0,11.0,10.0,12.0,9.548,15.192333333333334,13.610333333333333,16.801333333333332,0.0,2.644210490951993,2.5813452220923114,3.8435239473554974,8.0,3.0,7.0,3.0,0.21884308434711222,0.03508639159069318,0.07394149395275162,0.03906743953566634,4.0,3.0,5.0,5.644333333333334,4.062333333333333,7.253333333333332,2.644210490951993,2.5813452220923114,3.8435239473554974,4.974887930496333,2.4558160671758973,5.654241659694696
23,1,0.2857142857142857,1.6582280766035322,-1.8681229015887273,"(1, 1, 1, 0, 1, 0, 1, 0, 1, 0, 0, 0, 0, 1, 0, 1, 0, 1, 1, 1, 0, 0, 1, 1, 1)",7.0,12.0,11.0,14.0,10.042666666666667,18.289,16.734666666666666,17.755333333333333,0.0,2.922903356359827,1.8681229015887273,3.910000468470894,1.0,3.0,1.0,6.0,0.10700383206167502,0.04641516805667358,0.054323901785786236,0.027445498939360134,5.0,4.0,7.0,8.246333333333334,6.691999999999998,7.7126666666666654,2.922903356359827,1.8681229015887273,3.910000468470894,8.827461051650365,7.999088442670351,6.30568785579944
23,2,0.5714285714285714,1.6582280766035322,-3.3575341476158145,"(1, 1, 0, 0, 0, 1, 1, 0, 0, 1, 0, 0, 0, 0, 1, 0, 1, 1, 0, 1, 0, 0, 1, 1, 1)",6.0,11.0,10.0,14.0,7.979333333333333,12.813333333333333,16.84,18.205333333333332,0.0,3.3575341476158145,4.2223277266991674,5.1123079477904865,2.0,16.0,2.0,1.0,0.15527597760065023,0.07166847721674786,0.09827215758265442,0.045631212448188165,5.0,4.0,8.0,4.834,8.860666666666667,10.225999999999999,3.3575341476158145,4.2223277266991674,5.1123079477904865,2.448317130569822,7.691423859057573,8.479667736078149
23,3,0.8571428571428571,1.6582280766035322,-1.938708143382817,"(0, 0, 0, 1, 1, 1, 1, 0, 1, 0, 0, 1, 0, 0, 1, 1, 1, 0, 1, 1, 0, 1, 0, 1, 1)",8.0,11.0,11.0,12.0,10.044666666666666,16.471333333333334,17.455,17.052333333333333,0.0,1.938708143382817,2.2855449703608524,3.4399941449140288,7.0,3.0,5.0,2.0,0.17978946275954288,0.04946265682359962,0.029233603014165218,0.029936092741861365,3.0,3.0,4.0,6.426666666666668,7.410333333333332,7.007666666666667,1.938708143382817,2.2855449703608524,3.4399941449140288,7.442058829941408,8.498067950132018,5.916014743697151
23,4,1.1428571428571428,1.6582280766035322,-3.157699239628683,"(1, 0, 1, 0, 0, 0, 1, 1, 0, 0, 1, 0, 0, 0, 0, 0, 0, 1, 0, 0, 0, 1, 1, 1, 1)",7.0,10.0,11.0,12.0,8.678,14.001,14.967,17.591333333333335,0.0,3.240352696869166,3.157699239628683,4.491955611954901,8.0,4.0,15.0,5.0,0.2112040606427076,0.055126866684693666,0.06459304093528351,0.0064722566573371335,3.0,4.0,5.0,5.322999999999999,6.289,8.913333333333334,3.240352696869166,3.157699239628683,4.491955611954901,3.453504231714174,5.1924108371377065,7.331652674859067
23,5,1.4285714285714284,1.6582280766035322,-2.0326836134352195,"(1, 1, 1, 0, 1, 1, 0, 1, 0, 0, 0, 0, 0, 0, 1, 0, 0, 1, 0, 0, 1, 0, 1, 0, 0)",7.0,10.0,9.0,12.0,8.583,13.278,11.991333333333333,17.841,0.0,2.2928319615197053,2.0326836134352195,3.498981002550098,10.0,8.0,3.0,6.0,0.23616516962889092,0.025918661773854816,0.013730037346375843,0.06778692983005158,3.0,2.0,5.0,4.695,3.408333333333333,9.258000000000001,2.2928319615197053,2.0326836134352195,3.498981002550098,3.9833424861276594,2.281140989106837,9.549766995264555
23,6,1.7142857142857142,1.6582280766035322,-2.1176585899829465,"(0, 0, 0, 1, 1, 0, 1, 1, 0, 1, 0, 0, 0, 0, 0, 1, 1, 1, 0, 0, 0, 0, 0, 1, 1)",6.0,11.0,11.0,13.0,8.948666666666666,14.632,16.103,18.101333333333333,0.0,2.1176585899829465,3.27402393920242,4.360955593903222,2.0,19.0,6.0,2.0,0.19672394096598203,0.0947037881551856,0.044324937032169,0.01829797219621701,5.0,5.0,7.0,5.683333333333334,7.154333333333335,9.152666666666667,2.1176585899829465,3.27402393920242,4.360955593903222,5.912701971459706,6.434437983256325,7.945749835828375
23,7,2.0,1.6582280766035322,-2.5667620273964054,"(1, 0, 0, 1, 1, 1, 0, 0, 1, 1, 0, 1, 0, 0, 0, 1, 1, 1, 0, 0, 1, 0, 0, 0, 1)",7.0,9.0,9.0,12.0,9.193,13.182666666666666,12.621333333333334,16.157,0.0,2.5667620273964054,3.001669189998496,4.1840134457514235,12.0,4.0,3.0,7.0,0.24520299056104877,0.02343526038154743,0.05794013658812558,0.01696801464528802,2.0,2.0,5.0,3.9896666666666665,3.4283333333333346,6.964,2.5667620273964054,3.001669189998496,4.1840134457514235,2.359500423167368,0.7075064617578228,4.609851756835298
24,0,0.0,1.6582280766035322,-2.5813452220923114,"(1, 1, 1, 1, 1, 1, 0, 0, 0, 1, 0, 0, 0, 0, 0, 1, 1, 1, 0, 0, 0, 1, 0, 0, 1)",7.0,11.0,10.0,12.0,9.548,15.192333333333334,13.610333333333333,16.801333333333332,0.0,2.644210490951993,2.5813452220923114,3.8435239473554974,8.0,3.0,7.0,3.0,0.21884308434711222,0.03508639159069318,0.07394149395275162,0.03906743953566634,4.0,3.0,5.0,5.644333333333334,4.062333333333333,7.253333333333332,2.644210490951993,2.5813452220923114,3.8435239473554974,4.974887930496333,2.4558160671758973,5.654241659694696
24,1,0.2857142857142857,1.6582280766035322,-1.8681229015887273,"(1, 1, 1, 0, 1, 0, 1, 0, 1, 0, 0, 0, 0, 1, 0, 1, 0, 1, 1, 1, 0, 0, 1, 1, 1)",7.0,12.0,11.0,14.0,10.042666666666667,18.289,16.734666666666666,17.755333333333333,0.0,2.922903356359827,1.8681229015887273,3.910000468470894,1.0,3.0,1.0,6.0,0.10700383206167502,0.04641516805667358,0.054323901785786236,0.027445498939360134,5.0,4.0,7.0,8.246333333333334,6.691999999999998,7.7126666666666654,2.922903356359827,1.8681229015887273,3.910000468470894,8.827461051650365,7.999088442670351,6.30568785579944
24,2,0.5714285714285714,1.6582280766035322,-2.2436931361830186,"(1, 1, 0, 0, 0, 0, 1, 0, 0, 0, 0, 0, 0, 0, 1, 0, 1, 1, 0, 1, 0, 0, 1, 1, 1)",6.0,11.0,10.0,15.0,10.37,15.179,14.861333333333333,18.389666666666667,0.0,2.2436931361830186,2.4709072321905174,3.7019296943699618,1.0,5.0,3.0,57.0,0.09390185232793345,0.026798434221069586,0.03904482142437632,0.06227993059980788,5.0,4.0,9.0,4.809000000000001,4.491333333333333,8.019666666666668,2.2436931361830186,2.4709072321905174,3.7019296943699618,4.253863866685074,3.3503272876176253,7.159792674851524
24,3,0.8571428571428571,1.6582280766035322,-1.938708143382817,"(0, 0, 0, 1, 1, 1, 1, 0, 1, 0, 0, 1, 0, 0, 1, 1, 1, 0, 1, 1, 0, 1, 0, 1, 1)",8.0,11.0,11.0,12.0,10.044666666666666,16.471333333333334,17.455,17.052333333333333,0.0,1.938708143382817,2.2855449703608524,3.4399941449140288,7.0,3.0,5.0,2.0,0.17978946275954288,0.04946265682359962,0.029233603014165218,0.029936092741861365,3.0,3.0,4.0,6.426666666666668,7.410333333333332,7.007666666666667,1.938708143382817,2.2855449703608524,3.4399941449140288,7.442058829941408,8.498067950132018,5.916014743697151
24,4,1.1428571428571428,1.6582280766035322,-3.8202903295266406,"(1, 0, 1, 0, 0, 0, 1, 1, 0, 0, 1, 0, 0, 0, 0, 0, 0, 1, 0, 0, 0, 1, 1, 0, 0)",6.0,9.0,8.0,11.0,8.887,13.277,13.665,14.259333333333334,0.0,3.8202903295266406,3.8543853412572515,5.023952028442128,8.0,3.0,1.0,7.0,0.2894808820735153,0.05950402380961757,0.03083160136646061,0.025336439055375484,3.0,2.0,5.0,4.389999999999999,4.777999999999999,5.372333333333334,3.8202903295266406,3.8543853412572515,5.023952028442128,0.9447085710914689,1.5315637590898135,0.5776956611343723
24,5,1.4285714285714284,1.6582280766035322,-2.0326836134352195,"(1, 1, 1, 0, 1, 1, 0, 1, 0, 0, 0, 0, 0, 0, 1, 0, 0, 1, 0, 0, 1, 0, 1, 0, 0)",7.0,10.0,9.0,12.0,8.583,13.278,11.991333333333333,17.841,0.0,2.2928319615197053,2.0326836134352195,3.498981002550098,10.0,8.0,3.0,6.0,0.23616516962889092,0.025918661773854816,0.013730037346375843,0.06778692983005158,3.0,2.0,5.0,4.695,3.408333333333333,9.258000000000001,2.2928319615197053,2.0326836134352195,3.498981002550098,3.9833424861276594,2.281140989106837,9.549766995264555
24,6,1.7142857142857142,1.6582280766035322,-2.3912017359751077,"(0, 0, 0, 1, 1, 0, 1, 1, 0, 1, 0, 0, 0, 0, 0, 1, 1, 1, 0, 0, 0, 0, 0, 0, 0)",6.0,10.0,10.0,12.0,7.6113333333333335,13.314333333333334,11.616333333333333,16.271333333333335,0.0,2.3912017359751077,2.6238787722571923,3.6315747620309557,3.0,17.0,22.0,4.0,0.32178147565382303,0.033294394240542396,0.00671213799336303,0.0038669450209160698,4.0,4.0,6.0,5.703,4.005,8.66,2.3912017359751077,2.6238787722571923,3.6315747620309557,5.491716865452915,2.2902139970362647,8.338275910702066
24,7,2.0,1.6582280766035322,-2.3717451932096263,"(1, 0, 0, 1, 1, 1, 0, 0, 1, 1, 0, 1, 0, 0, 0, 1, 1, 0, 1, 0, 1, 0, 0, 0, 1)",7.0,8.0,9.0,12.0,9.260666666666667,15.534333333333333,13.259666666666666,16.072666666666667,0.0,2.3717451932096263,3.1409879855678,4.669155706696396,11.0,1.0,3.0,11.0,0.20510674608300855,0.03173172447342124,0.05690963322258154,0.022823059718782134,1.0,2.0,5.0,6.273666666666665,3.9989999999999988,6.811999999999999,2.3717451932096263,3.1409879855678,4.669155706696396,6.470275739988686,1.4227796123946275,3.55332457094569
25,0,0.0,1.6582280766035322,-2.5644312957109565,"(1, 1, 1, 1, 1, 1, 0, 0, 0, 1, 0, 0, 0, 0, 0, 0, 1, 1, 0, 0, 1, 1, 0, 0, 1)",6.0,9.0,8.0,11.0,8.06,13.435,11.475333333333333,16.225666666666665,0.0,3.6907274424746848,2.5644312957109565,5.056959979544742,4.0,1.0,2.0,1.0,0.2697155601767837,0.058545674873125786,0.03730951067880526,0.0367416195366413,3.0,2.0,5.0,5.375,3.415333333333333,8.165666666666665,3.6907274424746848,2.5644312957109565,5.056959979544742,2.7929080435413156,1.4109896492245795,5.1549447105107244
25,1,0.2857142857142857,1.6582280766035322,-1.830895681268977,"(1, 1, 1, 0, 1, 0, 1, 0, 1, 0, 0, 0, 0, 1, 0, 0, 1, 1, 1, 1, 0, 0, 1, 1, 1)",7.0,11.0,10.0,12.0,10.403333333333334,15.355666666666666,14.170666666666667,17.69,0.0,1.830895681268977,2.377079160189367,3.4198190366486845,2.0,7.0,2.0,2.0,0.16555122741387462,0.046795412839339974,0.041294518425566286,0.03388166457073746,4.0,3.0,5.0,4.952333333333332,3.767333333333333,7.286666666666667,1.830895681268977,2.377079160189367,3.4198190366486845,5.176055554020521,2.3053585035225534,6.412115308043647
25,2,0.5714285714285714,1.6582280766035322,-2.898426067473517,"(1, 1, 0, 0, 0, 0, 1, 0, 0, 0, 0, 0, 0, 0, 1, 0, 1, 1, 0, 1, 1, 1, 1, 1, 1)",6.0,9.0,10.0,12.0,7.357,12.003666666666666,14.547,16.533,0.0,3.3754153737085235,2.898426067473517,4.375032107797947,2.0,2.0,5.0,3.0,0.18422464470175304,0.08765403288554335,0.025210557896193916,0.016493930846390233,3.0,4.0,6.0,4.646666666666666,7.19,9.176000000000002,3.3754153737085235,2.898426067473517,4.375032107797947,2.1080245864017333,7.116408387735247,7.961099753721529
25,3,0.8571428571428571,1.6582280766035322,-1.938708143382817,"(0, 0, 0, 1, 1, 1, 1, 0, 1, 0, 0, 1, 0, 0, 1, 1, 1, 0, 1, 1, 0, 1, 0, 1, 1)",8.0,11.0,11.0,12.0,10.044666666666666,16.471333333333334,17.455,17.052333333333333,0.0,1.938708143382817,2.2855449703608524,3.4399941449140288,7.0,3.0,5.0,2.0,0.17978946275954288,0.04946265682359962,0.029233603014165218,0.029936092741861365,3.0,3.0,4.0,6.426666666666668,7.410333333333332,7.007666666666667,1.938708143382817,2.2855449703608524,3.4399941449140288,7.442058829941408,8.498067950132018,5.916014743697151
25,4,1.1428571428571428,1.6582280766035322,-2.328244343333393,"(1, 0, 1, 0, 0, 0, 1, 1, 0, 0, 1, 0, 1, 1, 0, 0, 0, 1, 0, 0, 0, 1, 1, 0, 0)",7.0,12.0,11.0,14.0,9.924,16.073,15.126,18.368666666666666,0.0,2.328244343333393,2.891931340840155,4.266418168780415,5.0,7.0,6.0,21.0,0.17474412026683583,0.0673463877219002,0.03291221106560227,0.03005990796421905,5.0,4.0,7.0,6.149000000000001,5.202,8.444666666666667,2.328244343333393,2.891931340840155,4.266418168780415,6.335684303726335,3.8306207095007307,6.928488970221516
25,5,1.4285714285714284,1.6582280766035322,-2.0326836134352195,"(1, 1, 1, 0, 1, 1, 0, 1, 0, 0, 0, 0, 0, 0, 1, 0, 0, 1, 0, 0, 1, 0, 1, 0, 0)",7.0,10.0,9.0,12.0,8.583,13.278,11.991333333333333,17.841,0.0,2.2928319615197053,2.0326836134352195,3.498981002550098,10.0,8.0,3.0,6.0,0.23616516962889092,0.025918661773854816,0.013730037346375843,0.06778692983005158,3.0,2.0,5.0,4.695,3.408333333333333,9.258000000000001,2.2928319615197053,2.0326836134352195,3.498981002550098,3.9833424861276594,2.281140989106837,9.549766995264555
25,6,1.7142857142857142,1.6582280766035322,-2.3912017359751077,"(0, 0, 0, 1, 1, 0, 1, 1, 0, 1, 0, 0, 0, 0, 0, 1, 1, 1, 0, 0, 0, 0, 0, 0, 0)",6.0,10.0,10.0,12.0,7.6113333333333335,13.314333333333334,11.616333333333333,16.271333333333335,0.0,2.3912017359751077,2.6238787722571923,3.6315747620309557,3.0,17.0,22.0,4.0,0.32178147565382303,0.033294394240542396,0.00671213799336303,0.0038669450209160698,4.0,4.0,6.0,5.703,4.005,8.66,2.3912017359751077,2.6238787722571923,3.6315747620309557,5.491716865452915,2.2902139970362647,8.338275910702066
25,7,2.0,1.6582280766035322,-2.3717451932096263,"(1, 0, 0, 1, 1, 1, 0, 0, 1, 1, 0, 1, 0, 0, 0, 1, 1, 0, 1, 0, 1, 0, 0, 0, 1)",7.0,8.0,9.0,12.0,9.260666666666667,15.534333333333333,13.259666666666666,16.072666666666667,0.0,2.3717451932096263,3.1409879855678,4.669155706696396,11.0,1.0,3.0,11.0,0.20510674608300855,0.03173172447342124,0.05690963322258154,0.022823059718782134,1.0,2.0,5.0,6.273666666666665,3.9989999999999988,6.811999999999999,2.3717451932096263,3.1409879855678,4.669155706696396,6.470275739988686,1.4227796123946275,3.55332457094569
26,0,0.0,1.6582280766035322,-2.5644312957109565,"(1, 1, 1, 1, 1, 1, 0, 0, 0, 1, 0, 0, 0, 0, 0, 0, 1, 1, 0, 0, 1, 1, 0, 0, 1)",6.0,9.0,8.0,11.0,8.06,13.435,11.475333333333333,16.225666666666665,0.0,3.6907274424746848,2.5644312957109565,5.056959979544742,4.0,1.0,2.0,1.0,0.2697155601767837,0.058545674873125786,0.03730951067880526,0.0367416195366413,3.0,2.0,5.0,5.375,3.415333333333333,8.165666666666665,3.6907274424746848,2.5644312957109565,5.056959979544742,2.7929080435413156,1.4109896492245795,5.1549447105107244
26,1,0.2857142857142857,1.6582280766035322,-1.830895681268977,"(1, 1, 1, 0, 1, 0, 1, 0, 1, 0, 0, 0, 0, 1, 0, 0, 1, 1, 1, 1, 0, 0, 1, 1, 1)",7.0,11.0,10.0,12.0,10.403333333333334,15.355666666666666,14.170666666666667,17.69,0.0,1.830895681268977,2.377079160189367,3.4198190366486845,2.0,7.0,2.0,2.0,0.16555122741387462,0.046795412839339974,0.041294518425566286,0.03388166457073746,4.0,3.0,5.0,4.952333333333332,3.767333333333333,7.286666666666667,1.830895681268977,2.377079160189367,3.4198190366486845,5.176055554020521,2.3053585035225534,6.412115308043647
26,2,0.5714285714285714,1.6582280766035322,-2.708393129894753,"(1, 1, 0, 1, 1, 0, 1, 0, 0, 0, 0, 0, 0, 0, 1, 0, 1, 1, 0, 1, 1, 1, 1, 1, 1)",7.0,11.0,9.0,14.0,10.695666666666666,17.479333333333333,12.356666666666667,19.746666666666666,0.0,3.6240390366606126,2.708393129894753,4.3087858961376355,6.0,3.0,4.0,11.0,0.21929467451894655,0.06406819609306028,0.049610749693294695,0.020054691280474556,4.0,2.0,7.0,6.783666666666667,1.6610000000000014,9.051,3.6240390366606126,2.708393129894753,4.3087858961376355,5.239383247688316,-1.7368166952331272,7.863672572289832
26,3,0.8571428571428571,1.6582280766035322,-1.938708143382817,"(0, 0, 0, 1, 1, 1, 1, 0, 1, 0, 0, 1, 0, 0, 1, 1, 1, 0, 1, 1, 0, 1, 0, 1, 1)",8.0,11.0,11.0,12.0,10.044666666666666,16.471333333333334,17.455,17.052333333333333,0.0,1.938708143382817,2.2855449703608524,3.4399941449140288,7.0,3.0,5.0,2.0,0.17978946275954288,0.04946265682359962,0.029233603014165218,0.029936092741861365,3.0,3.0,4.0,6.426666666666668,7.410333333333332,7.007666666666667,1.938708143382817,2.2855449703608524,3.4399941449140288,7.442058829941408,8.498067950132018,5.916014743697151
26,4,1.1428571428571428,1.6582280766035322,-2.8611435728845476,"(0, 1, 1, 0, 0, 0, 1, 1, 0, 0, 1, 0, 1, 1, 0, 0, 0, 1, 0, 0, 0, 1, 1, 0, 0)",6.0,10.0,10.0,14.0,9.42,13.909333333333333,14.442333333333334,18.557666666666666,0.0,2.8611435728845476,3.042673485381617,4.678137775444664,2.0,4.0,6.0,6.0,0.1650598110889432,0.009242556417717738,0.04580612888137715,0.019360293013397763,4.0,4.0,8.0,4.489333333333333,5.022333333333334,9.137666666666666,2.8611435728845476,3.042673485381617,4.678137775444664,2.6999099748145547,3.282727541998217,7.394916015848944
26,5,1.4285714285714284,1.6582280766035322,-2.0326836134352195,"(1, 1, 1, 0, 1, 1, 0, 1, 0, 0, 0, 0, 0, 0, 1, 0, 0, 1, 0, 0, 1, 0, 1, 0, 0)",7.0,10.0,9.0,12.0,8.583,13.278,11.991333333333333,17.841,0.0,2.2928319615197053,2.0326836134352195,3.498981002550098,10.0,8.0,3.0,6.0,0.23616516962889092,0.025918661773854816,0.013730037346375843,0.06778692983005158,3.0,2.0,5.0,4.695,3.408333333333333,9.258000000000001,2.2928319615197053,2.0326836134352195,3.498981002550098,3.9833424861276594,2.281140989106837,9.549766995264555
26,6,1.7142857142857142,1.6582280766035322,-2.3912017359751077,"(0, 0, 0, 1, 1, 0, 1, 1, 0, 1, 0, 0, 0, 0, 0, 1, 1, 1, 0, 0, 0, 0, 0, 0, 0)",6.0,10.0,10.0,12.0,7.6113333333333335,13.314333333333334,11.616333333333333,16.271333333333335,0.0,2.3912017359751077,2.6238787722571923,3.6315747620309557,3.0,17.0,22.0,4.0,0.32178147565382303,0.033294394240542396,0.00671213799336303,0.0038669450209160698,4.0,4.0,6.0,5.703,4.005,8.66,2.3912017359751077,2.6238787722571923,3.6315747620309557,5.491716865452915,2.2902139970362647,8.338275910702066
26,7,2.0,1.6582280766035322,-3.2874832237575187,"(1, 0, 0, 1, 1, 0, 0, 0, 1, 0, 0, 1, 0, 0, 0, 1, 1, 0, 1, 0, 1, 0, 0, 0, 1)",6.0,8.0,9.0,12.0,7.2396666666666665,12.394666666666666,13.484333333333334,14.91,0.0,3.55259704369361,3.2874832237575187,4.9987838111905685,4.0,1.0,1.0,6.0,0.21679800641544178,0.07088845485629054,0.038947353448112156,0.01698835978384304,2.0,3.0,6.0,5.154999999999999,6.244666666666667,7.670333333333334,3.55259704369361,3.2874832237575187,4.9987838111905685,2.657149572179758,4.903684612699049,4.430038425653883
27,0,0.0,1.6582280766035322,-2.5644312957109565,"(1, 1, 1, 1, 1, 1, 0, 0, 0, 1, 0, 0, 0, 0, 0, 0, 1, 1, 0, 0, 1, 1, 0, 0, 1)",6.0,9.0,8.0,11.0,8.06,13.435,11.475333333333333,16.225666666666665,0.0,3.6907274424746848,2.5644312957109565,5.056959979544742,4.0,1.0,2.0,1.0,0.2697155601767837,0.058545674873125786,0.03730951067880526,0.0367416195366413,3.0,2.0,5.0,5.375,3.415333333333333,8.165666666666665,3.6907274424746848,2.5644312957109565,5.056959979544742,2.7929080435413156,1.4109896492245795,5.1549447105107244
27,1,0.2857142857142857,1.6582280766035322,-2.0078654665553874,"(1, 1, 1, 0, 1, 0, 1, 0, 1, 0, 0, 0, 0, 1, 0, 0, 1, 1, 1, 0, 0, 0, 1, 1, 0)",6.0,10.0,11.0,12.0,10.441,13.893666666666666,15.322333333333333,18.139666666666667,0.0,2.0078654665553874,2.4166278998163615,3.3307353394222607,1.0,2.0,2.0,1.0,0.18437054926742172,0.04167239115302553,0.01588997429812106,0.014741151284141083,4.0,5.0,6.0,3.4526666666666657,4.881333333333332,7.698666666666666,2.0078654665553874,2.4166278998163615,3.3307353394222607,2.395809915135,4.087043750415122,7.243026363512804
27,2,0.5714285714285714,1.6582280766035322,-1.9962855071537728,"(1, 1, 0, 1, 1, 0, 1, 0, 1, 1, 0, 0, 0, 0, 1, 0, 1, 1, 0, 1, 1, 1, 1, 1, 1)",10.0,12.0,14.0,15.0,14.718666666666667,15.986666666666666,17.750666666666667,20.142333333333333,0.0,1.9962855071537728,3.087215333994829,3.4815235458547433,13.0,1.0,6.0,6.0,0.10908885579293583,0.03231937435290856,0.08648648828498734,0.04090856692729151,2.0,4.0,5.0,1.267999999999999,3.032,5.423666666666666,1.9962855071537728,3.087215333994829,3.4815235458547433,-1.2076634757458307,-0.09155961708926716,3.2205162517127355
27,3,0.8571428571428571,1.6582280766035322,-2.2881889229052144,"(0, 0, 1, 0, 1, 1, 1, 0, 1, 0, 0, 1, 0, 0, 1, 1, 1, 0, 1, 1, 0, 1, 0, 1, 1)",9.0,12.0,12.0,14.0,11.841333333333333,17.68166666666667,16.565333333333335,18.739,0.0,2.5942333391988033,2.2881889229052144,3.1607116873011796,12.0,11.0,7.0,7.0,0.12943829791929168,0.02878200381217627,0.09609378359693042,0.015362418576751864,3.0,3.0,5.0,5.840333333333335,4.724000000000002,6.897666666666668,2.5942333391988033,2.2881889229052144,3.1607116873011796,5.382774149736442,4.039130317340468,6.196723667787226
27,4,1.1428571428571428,1.6582280766035322,-2.8611435728845476,"(0, 1, 1, 0, 0, 0, 1, 1, 0, 0, 1, 0, 1, 1, 0, 0, 0, 1, 0, 0, 0, 1, 1, 0, 0)",6.0,10.0,10.0,14.0,9.42,13.909333333333333,14.442333333333334,18.557666666666666,0.0,2.8611435728845476,3.042673485381617,4.678137775444664,2.0,4.0,6.0,6.0,0.1650598110889432,0.009242556417717738,0.04580612888137715,0.019360293013397763,4.0,4.0,8.0,4.489333333333333,5.022333333333334,9.137666666666666,2.8611435728845476,3.042673485381617,4.678137775444664,2.6999099748145547,3.282727541998217,7.394916015848944
27,5,1.4285714285714284,1.6582280766035322,-2.0326836134352195,"(1, 1, 1, 0, 1, 1, 0, 1, 0, 0, 0, 0, 0, 0, 1, 0, 0, 1, 0, 0, 1, 0, 1, 0, 0)",7.0,10.0,9.0,12.0,8.583,13.278,11.991333333333333,17.841,0.0,2.2928319615197053,2.0326836134352195,3.498981002550098,10.0,8.0,3.0,6.0,0.23616516962889092,0.025918661773854816,0.013730037346375843,0.06778692983005158,3.0,2.0,5.0,4.695,3.408333333333333,9.258000000000001,2.2928319615197053,2.0326836134352195,3.498981002550098,3.9833424861276594,2.281140989106837,9.549766995264555
27,6,1.7142857142857142,1.6582280766035322,-2.3912017359751077,"(0, 0, 0, 1, 1, 0, 1, 1, 0, 1, 0, 0, 0, 0, 0, 1, 1, 1, 0, 0, 0, 0, 0, 0, 0)",6.0,10.0,10.0,12.0,7.6113333333333335,13.314333333333334,11.616333333333333,16.271333333333335,0.0,2.3912017359751077,2.6238787722571923,3.6315747620309557,3.0,17.0,22.0,4.0,0.32178147565382303,0.033294394240542396,0.00671213799336303,0.0038669450209160698,4.0,4.0,6.0,5.703,4.005,8.66,2.3912017359751077,2.6238787722571923,3.6315747620309557,5.491716865452915,2.2902139970362647,8.338275910702066
27,7,2.0,1.6582280766035322,-3.2874832237575187,"(1, 0, 0, 1, 1, 0, 0, 0, 1, 0, 0, 1, 0, 0, 0, 1, 1, 0, 1, 0, 1, 0, 0, 0, 1)",6.0,8.0,9.0,12.0,7.2396666666666665,12.394666666666666,13.484333333333334,14.91,0.0,3.55259704369361,3.2874832237575187,4.9987838111905685,4.0,1.0,1.0,6.0,0.21679800641544178,0.07088845485629054,0.038947353448112156,0.01698835978384304,2.0,3.0,6.0,5.154999999999999,6.244666666666667,7.670333333333334,3.55259704369361,3.2874832237575187,4.9987838111905685,2.657149572179758,4.903684612699049,4.430038425653883
28,0,0.0,1.6582280766035322,-2.5644312957109565,"(1, 1, 1, 1, 1, 1, 0, 0, 0, 1, 0, 0, 0, 0, 0, 0, 1, 1, 0, 0, 1, 1, 0, 0, 1)",6.0,9.0,8.0,11.0,8.06,13.435,11.475333333333333,16.225666666666665,0.0,3.6907274424746848,2.5644312957109565,5.056959979544742,4.0,1.0,2.0,1.0,0.2697155601767837,0.058545674873125786,0.03730951067880526,0.0367416195366413,3.0,2.0,5.0,5.375,3.415333333333333,8.165666666666665,3.6907274424746848,2.5644312957109565,5.056959979544742,2.7929080435413156,1.4109896492245795,5.1549447105107244
28,1,0.2857142857142857,1.6582280766035322,-2.0078654665553874,"(1, 1, 1, 0, 1, 0, 1, 0, 1, 0, 0, 0, 0, 1, 0, 0, 1, 1, 1, 0, 0, 0, 1, 1, 0)",6.0,10.0,11.0,12.0,10.441,13.893666666666666,15.322333333333333,18.139666666666667,0.0,2.0078654665553874,2.4166278998163615,3.3307353394222607,1.0,2.0,2.0,1.0,0.18437054926742172,0.04167239115302553,0.01588997429812106,0.014741151284141083,4.0,5.0,6.0,3.4526666666666657,4.881333333333332,7.698666666666666,2.0078654665553874,2.4166278998163615,3.3307353394222607,2.395809915135,4.087043750415122,7.243026363512804
28,2,0.5714285714285714,1.6582280766035322,-1.9962855071537728,"(1, 1, 0, 1, 1, 0, 1, 0, 1, 1, 0, 0, 0, 0, 1, 0, 1, 1, 0, 1, 1, 1, 1, 1, 1)",10.0,12.0,14.0,15.0,14.718666666666667,15.986666666666666,17.750666666666667,20.142333333333333,0.0,1.9962855071537728,3.087215333994829,3.4815235458547433,13.0,1.0,6.0,6.0,0.10908885579293583,0.03231937435290856,0.08648648828498734,0.04090856692729151,2.0,4.0,5.0,1.267999999999999,3.032,5.423666666666666,1.9962855071537728,3.087215333994829,3.4815235458547433,-1.2076634757458307,-0.09155961708926716,3.2205162517127355
28,3,0.8571428571428571,1.6582280766035322,-1.5654041538265484,"(0, 0, 1, 0, 1, 1, 1, 0, 1, 0, 0, 1, 0, 0, 1, 1, 0, 1, 1, 1, 0, 1, 0, 1, 1)",10.0,13.0,13.0,15.0,13.394333333333334,18.058333333333334,16.009,19.428333333333335,0.0,1.5654041538265484,1.8624572889936646,2.3729796518888753,28.0,17.0,27.0,13.0,0.19974700462923128,0.02098412733289075,0.06792246322666606,0.018345412265424493,3.0,3.0,5.0,4.664,2.6146666666666665,6.034000000000001,1.5654041538265484,1.8624572889936646,2.3729796518888753,5.138178630171897,1.247334709541842,6.070806730254706
28,4,1.1428571428571428,1.6582280766035322,-2.8611435728845476,"(0, 1, 1, 0, 0, 0, 1, 1, 0, 0, 1, 0, 1, 1, 0, 0, 0, 1, 0, 0, 0, 1, 1, 0, 0)",6.0,10.0,10.0,14.0,9.42,13.909333333333333,14.442333333333334,18.557666666666666,0.0,2.8611435728845476,3.042673485381617,4.678137775444664,2.0,4.0,6.0,6.0,0.1650598110889432,0.009242556417717738,0.04580612888137715,0.019360293013397763,4.0,4.0,8.0,4.489333333333333,5.022333333333334,9.137666666666666,2.8611435728845476,3.042673485381617,4.678137775444664,2.6999099748145547,3.282727541998217,7.394916015848944
28,5,1.4285714285714284,1.6582280766035322,-3.4784097620220082,"(1, 1, 1, 0, 1, 1, 1, 0, 0, 0, 0, 0, 0, 0, 1, 0, 0, 1, 0, 0, 1, 0, 1, 0, 0)",6.0,11.0,10.0,13.0,8.296,14.845,14.142333333333333,16.958333333333332,0.0,3.4784097620220082,3.7288022015891427,3.7160154206428895,1.0,1.0,5.0,12.0,0.2245369713243219,0.04071833782692097,0.053756347335335145,0.006301644114636485,5.0,4.0,7.0,6.549000000000001,5.846333333333334,8.662333333333333,3.4784097620220082,3.7288022015891427,3.7160154206428895,5.09173894435983,3.511349575740271,8.202123238630271
28,6,1.7142857142857142,1.6582280766035322,-2.3912017359751077,"(0, 0, 0, 1, 1, 0, 1, 1, 0, 1, 0, 0, 0, 0, 0, 1, 1, 1, 0, 0, 0, 0, 0, 0, 0)",6.0,10.0,10.0,12.0,7.6113333333333335,13.314333333333334,11.616333333333333,16.271333333333335,0.0,2.3912017359751077,2.6238787722571923,3.6315747620309557,3.0,17.0,22.0,4.0,0.32178147565382303,0.033294394240542396,0.00671213799336303,0.0038669450209160698,4.0,4.0,6.0,5.703,4.005,8.66,2.3912017359751077,2.6238787722571923,3.6315747620309557,5.491716865452915,2.2902139970362647,8.338275910702066
28,7,2.0,1.6582280766035322,-3.2874832237575187,"(1, 0, 0, 1, 1, 0, 0, 0, 1, 0, 0, 1, 0, 0, 0, 1, 1, 0, 1, 0, 1, 0, 0, 0, 1)",6.0,8.0,9.0,12.0,7.2396666666666665,12.394666666666666,13.484333333333334,14.91,0.0,3.55259704369361,3.2874832237575187,4.9987838111905685,4.0,1.0,1.0,6.0,0.21679800641544178,0.07088845485629054,0.038947353448112156,0.01698835978384304,2.0,3.0,6.0,5.154999999999999,6.244666666666667,7.670333333333334,3.55259704369361,3.2874832237575187,4.9987838111905685,2.657149572179758,4.903684612699049,4.430038425653883
29,0,0.0,1.6582280766035322,-3.651003667661828,"(1, 1, 1, 1, 1, 0, 0, 0, 0, 0, 0, 0, 0, 0, 0, 0, 1, 1, 0, 0, 1, 1, 0, 0, 1)",5.0,8.0,7.0,10.0,7.39,10.981666666666667,10.455666666666668,15.071,0.0,4.167772022978911,3.651003667661828,4.815245600245168,3.0,2.0,2.0,2.0,0.2262079321977658,0.07686497040467827,0.06010546367645893,0.018161688349224766,3.0,2.0,5.0,3.5916666666666677,3.065666666666668,7.681,4.167772022978911,3.651003667661828,4.815245600245168,-0.9553140769186431,-0.9706222493250839,4.7520744063235645
29,1,0.2857142857142857,1.6582280766035322,-2.0078654665553874,"(1, 1, 1, 0, 1, 0, 1, 0, 1, 0, 0, 0, 0, 1, 0, 0, 1, 1, 1, 0, 0, 0, 1, 1, 0)",6.0,10.0,11.0,12.0,10.441,13.893666666666666,15.322333333333333,18.139666666666667,0.0,2.0078654665553874,2.4166278998163615,3.3307353394222607,1.0,2.0,2.0,1.0,0.18437054926742172,0.04167239115302553,0.01588997429812106,0.014741151284141083,4.0,5.0,6.0,3.4526666666666657,4.881333333333332,7.698666666666666,2.0078654665553874,2.4166278998163615,3.3307353394222607,2.395809915135,4.087043750415122,7.243026363512804
29,2,0.5714285714285714,1.6582280766035322,-1.2462873728624024,"(1, 1, 0, 1, 1, 0, 1, 0, 1, 1, 0, 0, 0, 0, 1, 0, 1, 1, 0, 1, 0, 1, 1, 1, 0)",7.0,11.0,11.0,12.0,13.469,15.298666666666668,13.644,16.875333333333334,0.0,1.966059694268571,1.2462873728624024,3.4371843695620052,2.0,8.0,22.0,1.0,0.11628948892544108,0.09968650427471992,0.015214317796479922,0.02947226340766921,4.0,4.0,5.0,1.829666666666668,0.1750000000000007,3.4063333333333343,1.966059694268571,1.2462873728624024,3.4371843695620052,-0.22617074782243604,-1.7764387997912714,-0.05115805446669486
29,3,0.8571428571428571,1.6582280766035322,-1.5654041538265484,"(0, 0, 1, 0, 1, 1, 1, 0, 1, 0, 0, 1, 0, 0, 1, 1, 0, 1, 1, 1, 0, 1, 0, 1, 1)",10.0,13.0,13.0,15.0,13.394333333333334,18.058333333333334,16.009,19.428333333333335,0.0,1.5654041538265484,1.8624572889936646,2.3729796518888753,28.0,17.0,27.0,13.0,0.19974700462923128,0.02098412733289075,0.06792246322666606,0.018345412265424493,3.0,3.0,5.0,4.664,2.6146666666666665,6.034000000000001,1.5654041538265484,1.8624572889936646,2.3729796518888753,5.138178630171897,1.247334709541842,6.070806730254706
29,4,1.1428571428571428,1.6582280766035322,-2.8611435728845476,"(0, 1, 1, 0, 0, 0, 1, 1, 0, 0, 1, 0, 1, 1, 0, 0, 0, 1, 0, 0, 0, 1, 1, 0, 0)",6.0,10.0,10.0,14.0,9.42,13.909333333333333,14.442333333333334,18.557666666666666,0.0,2.8611435728845476,3.042673485381617,4.678137775444664,2.0,4.0,6.0,6.0,0.1650598110889432,0.009242556417717738,0.04580612888137715,0.019360293013397763,4.0,4.0,8.0,4.489333333333333,5.022333333333334,9.137666666666666,2.8611435728845476,3.042673485381617,4.678137775444664,2.6999099748145547,3.282727541998217,7.394916015848944
29,5,1.4285714285714284,1.6582280766035322,-3.2433927816762735,"(1, 0, 1, 0, 1, 1, 0, 0, 0, 0, 0, 0, 0, 0, 1, 0, 0, 1, 0, 0, 1, 0, 1, 0, 0)",6.0,9.0,11.0,13.0,7.751,15.179,14.590333333333334,17.351666666666667,0.0,3.2433927816762735,3.625927574192301,4.935955391843702,2.0,1.0,18.0,13.0,0.1489820625145785,0.07370982001371135,0.03455322098899983,0.009765307507641433,3.0,5.0,7.0,7.428,6.839333333333333,9.600666666666665,3.2433927816762735,3.625927574192301,4.935955391843702,6.939033178982211,5.328559651327147,7.735155205160493
29,6,1.7142857142857142,1.6582280766035322,-3.008283677548502,"(0, 0, 0, 1, 1, 0, 1, 1, 0, 1, 0, 0, 0, 0, 0, 1, 0, 0, 0, 0, 0, 0, 0, 0, 0)",5.0,9.0,9.0,14.0,6.460333333333334,10.869666666666667,11.726333333333333,17.45,0.0,3.809825067887632,3.008283677548502,5.828008398030773,3.0,17.0,13.0,10.0,0.22053549289705143,0.003953071204546163,0.01971556265628341,0.003237227210919656,4.0,4.0,9.0,4.4093333333333335,5.265999999999999,10.989666666666665,3.809825067887632,3.008283677548502,5.828008398030773,0.9941214379179456,3.7438085948951465,8.559206662884812
29,7,2.0,1.6582280766035322,-2.94456165751591,"(1, 0, 0, 1, 1, 0, 0, 0, 1, 0, 0, 1, 0, 0, 0, 1, 1, 0, 1, 0, 0, 0, 0, 0, 0)",5.0,8.0,9.0,12.0,7.844666666666667,13.399,11.961333333333334,16.476666666666667,0.0,3.779083361823044,2.94456165751591,4.8757801374194,1.0,1.0,6.0,11.0,0.19970874226853857,0.022446461473922118,0.0785647797141785,0.022709149100042927,3.0,4.0,7.0,5.554333333333332,4.116666666666667,8.632,3.779083361823044,2.94456165751591,4.8757801374194,2.9437693457479805,1.9436174349014257,6.2286692380270114
30,0,0.0,1.6582280766035322,-3.651003667661828,"(1, 1, 1, 1, 1, 0, 0, 0, 0, 0, 0, 0, 0, 0, 0, 0, 1, 1, 0, 0, 1, 1, 0, 0, 1)",5.0,8.0,7.0,10.0,7.39,10.981666666666667,10.455666666666668,15.071,0.0,4.167772022978911,3.651003667661828,4.815245600245168,3.0,2.0,2.0,2.0,0.2262079321977658,0.07686497040467827,0.06010546367645893,0.018161688349224766,3.0,2.0,5.0,3.5916666666666677,3.065666666666668,7.681,4.167772022978911,3.651003667661828,4.815245600245168,-0.9553140769186431,-0.9706222493250839,4.7520744063235645
30,1,0.2857142857142857,1.6582280766035322,-1.5483704665285487,"(1, 1, 0, 1, 1, 1, 0, 0, 1, 1, 0, 0, 0, 0, 1, 0, 1, 1, 0, 1, 0, 1, 1, 1, 0)",7.0,10.0,10.0,13.0,10.637333333333334,15.197666666666667,14.862,19.132666666666665,0.0,2.670023574677787,1.5483704665285487,3.7510316701938353,3.0,2.0,2.0,4.0,0.20533589558307824,0.058908328770913156,0.0323550816116714,0.040033486720136076,3.0,3.0,6.0,4.5603333333333325,4.224666666666666,8.495333333333331,2.670023574677787,1.5483704665285487,3.7510316701938353,3.134564715280272,4.437909500376373,7.867134221694744
30,2,0.5714285714285714,1.6582280766035322,-2.272942436978666,"(1, 0, 1, 0, 1, 0, 1, 0, 1, 0, 0, 1, 0, 0, 1, 1, 0, 1, 1, 1, 0, 1, 0, 1, 1)",11.0,13.0,14.0,15.0,14.411333333333333,18.175,17.467,19.604333333333333,0.0,2.272942436978666,2.323324933372802,2.9739399316064024,46.0,5.0,23.0,4.0,0.12334362486990144,0.051695753168078826,0.026719172125767698,0.014305626076470292,2.0,3.0,4.0,3.7636666666666674,3.0556666666666654,5.193,2.272942436978666,2.323324933372802,2.9739399316064024,2.4719607721418164,1.21438962381638,3.6797077090800174
30,3,0.8571428571428571,1.6582280766035322,-2.8611435728845476,"(0, 1, 1, 0, 0, 0, 1, 1, 0, 0, 1, 0, 1, 1, 0, 0, 0, 1, 0, 0, 0, 1, 1, 0, 0)",6.0,10.0,10.0,14.0,9.42,13.909333333333333,14.442333333333334,18.557666666666666,0.0,2.8611435728845476,3.042673485381617,4.678137775444664,2.0,4.0,6.0,6.0,0.1650598110889432,0.009242556417717738,0.04580612888137715,0.019360293013397763,4.0,4.0,8.0,4.489333333333333,5.022333333333334,9.137666666666666,2.8611435728845476,3.042673485381617,4.678137775444664,2.6999099748145547,3.282727541998217,7.394916015848944
30,4,1.1428571428571428,1.6582280766035322,-2.8929262776861147,"(1, 0, 1, 0, 1, 1, 0, 0, 0, 0, 0, 0, 0, 1, 1, 0, 0, 1, 1, 0, 1, 0, 1, 0, 0)",6.0,10.0,10.0,11.0,8.154333333333334,15.180666666666667,14.104,15.454,0.0,2.925427547987545,2.8929262776861147,4.692638058736743,3.0,1.0,1.0,4.0,0.24968471617869717,0.09073999205109091,0.11076987469135798,0.051335838354358974,4.0,4.0,5.0,7.0263333333333335,5.9496666666666655,7.299666666666667,2.925427547987545,2.8929262776861147,4.692638058736743,6.800237112766244,5.068772735895552,4.323048034178021
30,5,1.4285714285714284,1.6582280766035322,-3.008283677548502,"(0, 0, 0, 1, 1, 0, 1, 1, 0, 1, 0, 0, 0, 0, 0, 1, 0, 0, 0, 0, 0, 0, 0, 0, 0)",5.0,9.0,9.0,14.0,6.460333333333334,10.869666666666667,11.726333333333333,17.45,0.0,3.809825067887632,3.008283677548502,5.828008398030773,3.0,17.0,13.0,10.0,0.22053549289705143,0.003953071204546163,0.01971556265628341,0.003237227210919656,4.0,4.0,9.0,4.4093333333333335,5.265999999999999,10.989666666666665,3.809825067887632,3.008283677548502,5.828008398030773,0.9941214379179456,3.7438085948951465,8.559206662884812
30,6,1.7142857142857142,1.6582280766035322,-2.94456165751591,"(1, 0, 0, 1, 1, 0, 0, 0, 1, 0, 0, 1, 0, 0, 0, 1, 1, 0, 1, 0, 0, 0, 0, 0, 0)",5.0,8.0,9.0,12.0,7.844666666666667,13.399,11.961333333333334,16.476666666666667,0.0,3.779083361823044,2.94456165751591,4.8757801374194,1.0,1.0,6.0,11.0,0.19970874226853857,0.022446461473922118,0.0785647797141785,0.022709149100042927,3.0,4.0,7.0,5.554333333333332,4.116666666666667,8.632,3.779083361823044,2.94456165751591,4.8757801374194,2.9437693457479805,1.9436174349014257,6.2286692380270114
30,7,2.0,1.6582280766035322,-1.6519820841816586,"(1, 1, 1, 0, 1, 0, 1, 0, 1, 0, 0, 0, 0, 0, 0, 0, 1, 1, 0, 0, 0, 0, 1, 1, 0)",6.0,9.0,9.0,11.0,7.810333333333333,11.652,13.122666666666667,14.927666666666667,0.0,1.6519820841816586,1.762060791333523,3.308782242163671,4.0,4.0,5.0,2.0,0.17811457444663464,0.1309269715349783,0.033580436399319395,0.049172121464268574,3.0,3.0,5.0,3.841666666666666,5.312333333333334,7.117333333333334,1.6519820841816586,1.762060791333523,3.308782242163671,3.6309964535825223,5.88716160873868,6.315446350556554
31,0,0.0,1.6582280766035322,-3.651003667661828,"(1, 1, 1, 1, 1, 0, 0, 0, 0, 0, 0, 0, 0, 0, 0, 0, 1, 1, 0, 0, 1, 1, 0, 0, 1)",5.0,8.0,7.0,10.0,7.39,10.981666666666667,10.455666666666668,15.071,0.0,4.167772022978911,3.651003667661828,4.815245600245168,3.0,2.0,2.0,2.0,0.2262079321977658,0.07686497040467827,0.06010546367645893,0.018161688349224766,3.0,2.0,5.0,3.5916666666666677,3.065666666666668,7.681,4.167772022978911,3.651003667661828,4.815245600245168,-0.9553140769186431,-0.9706222493250839,4.7520744063235645
31,1,0.2857142857142857,1.6582280766035322,-1.050791495009048,"(1, 1, 0, 1, 1, 1, 0, 0, 1, 1, 0, 0, 0, 0, 1, 0, 1, 1, 0, 1, 1, 1, 1, 1, 1)",8.0,11.0,10.0,14.0,10.592,17.345333333333333,16.504,18.329666666666668,0.0,1.1674386278199038,1.050791495009048,2.6982226643582514,5.0,1.0,3.0,13.0,0.1850436888784728,0.03557072069396962,0.033083166925736096,0.028935733284184417,3.0,2.0,6.0,6.753333333333332,5.912000000000001,7.737666666666668,1.1674386278199038,1.050791495009048,2.6982226643582514,9.262687433633387,8.06099242919988,8.356547535099091
31,2,0.5714285714285714,1.6582280766035322,-2.272942436978666,"(1, 0, 1, 0, 1, 0, 1, 0, 1, 0, 0, 1, 0, 0, 1, 1, 0, 1, 1, 1, 0, 1, 0, 1, 1)",11.0,13.0,14.0,15.0,14.411333333333333,18.175,17.467,19.604333333333333,0.0,2.272942436978666,2.323324933372802,2.9739399316064024,46.0,5.0,23.0,4.0,0.12334362486990144,0.051695753168078826,0.026719172125767698,0.014305626076470292,2.0,3.0,4.0,3.7636666666666674,3.0556666666666654,5.193,2.272942436978666,2.323324933372802,2.9739399316064024,2.4719607721418164,1.21438962381638,3.6797077090800174
31,3,0.8571428571428571,1.6582280766035322,-2.8611435728845476,"(0, 1, 1, 0, 0, 0, 1, 1, 0, 0, 1, 0, 1, 1, 0, 0, 0, 1, 0, 0, 0, 1, 1, 0, 0)",6.0,10.0,10.0,14.0,9.42,13.909333333333333,14.442333333333334,18.557666666666666,0.0,2.8611435728845476,3.042673485381617,4.678137775444664,2.0,4.0,6.0,6.0,0.1650598110889432,0.009242556417717738,0.04580612888137715,0.019360293013397763,4.0,4.0,8.0,4.489333333333333,5.022333333333334,9.137666666666666,2.8611435728845476,3.042673485381617,4.678137775444664,2.6999099748145547,3.282727541998217,7.394916015848944
31,4,1.1428571428571428,1.6582280766035322,-3.1493988868674623,"(1, 0, 1, 0, 1, 1, 0, 0, 0, 0, 1, 1, 0, 1, 1, 0, 0, 1, 1, 0, 1, 0, 1, 0, 0)",7.0,11.0,12.0,12.0,9.557666666666666,15.57,17.389666666666667,17.125666666666667,0.0,3.1493988868674623,3.4589900687693405,3.8016168389084433,3.0,12.0,4.0,2.0,0.1579109836550343,0.013827297374388123,0.06761804123393544,0.030132820791413394,4.0,5.0,5.0,6.012333333333334,7.832000000000001,7.568000000000001,3.1493988868674623,3.4589900687693405,3.8016168389084433,4.747398280605101,7.251447847232763,6.2455223049687865
31,5,1.4285714285714284,1.6582280766035322,-3.008283677548502,"(0, 0, 0, 1, 1, 0, 1, 1, 0, 1, 0, 0, 0, 0, 0, 1, 0, 0, 0, 0, 0, 0, 0, 0, 0)",5.0,9.0,9.0,14.0,6.460333333333334,10.869666666666667,11.726333333333333,17.45,0.0,3.809825067887632,3.008283677548502,5.828008398030773,3.0,17.0,13.0,10.0,0.22053549289705143,0.003953071204546163,0.01971556265628341,0.003237227210919656,4.0,4.0,9.0,4.4093333333333335,5.265999999999999,10.989666666666665,3.809825067887632,3.008283677548502,5.828008398030773,0.9941214379179456,3.7438085948951465,8.559206662884812
31,6,1.7142857142857142,1.6582280766035322,-3.4533797304435003,"(1, 0, 0, 1, 1, 0, 0, 0, 1, 0, 0, 1, 0, 0, 0, 1, 1, 0, 1, 0, 1, 0, 0, 0, 1)",6.0,8.0,9.0,11.0,7.993666666666667,11.258333333333333,13.082333333333333,16.01,0.0,3.854145819423964,3.4533797304435003,5.23993623541974,4.0,1.0,3.0,3.0,0.31998040308202136,0.033001900543135856,0.02189190921207571,0.026626004934604697,2.0,3.0,5.0,3.264666666666666,5.088666666666666,8.016333333333336,3.854145819423964,3.4533797304435003,5.23993623541974,-0.9774908816746144,2.7116787109482225,4.603899619560891
31,7,2.0,1.6582280766035322,-1.6519820841816586,"(1, 1, 1, 0, 1, 0, 1, 0, 1, 0, 0, 0, 0, 0, 0, 0, 1, 1, 0, 0, 0, 0, 1, 1, 0)",6.0,9.0,9.0,11.0,7.810333333333333,11.652,13.122666666666667,14.927666666666667,0.0,1.6519820841816586,1.762060791333523,3.308782242163671,4.0,4.0,5.0,2.0,0.17811457444663464,0.1309269715349783,0.033580436399319395,0.049172121464268574,3.0,3.0,5.0,3.841666666666666,5.312333333333334,7.117333333333334,1.6519820841816586,1.762060791333523,3.308782242163671,3.6309964535825223,5.88716160873868,6.315446350556554
32,0,0.0,1.6582280766035322,-3.651003667661828,"(1, 1, 1, 1, 1, 0, 0, 0, 0, 0, 0, 0, 0, 0, 0, 0, 1, 1, 0, 0, 1, 1, 0, 0, 1)",5.0,8.0,7.0,10.0,7.39,10.981666666666667,10.455666666666668,15.071,0.0,4.167772022978911,3.651003667661828,4.815245600245168,3.0,2.0,2.0,2.0,0.2262079321977658,0.07686497040467827,0.06010546367645893,0.018161688349224766,3.0,2.0,5.0,3.5916666666666677,3.065666666666668,7.681,4.167772022978911,3.651003667661828,4.815245600245168,-0.9553140769186431,-0.9706222493250839,4.7520744063235645
32,1,0.2857142857142857,1.6582280766035322,-1.050791495009048,"(1, 1, 0, 1, 1, 1, 0, 0, 1, 1, 0, 0, 0, 0, 1, 0, 1, 1, 0, 1, 1, 1, 1, 1, 1)",8.0,11.0,10.0,14.0,10.592,17.345333333333333,16.504,18.329666666666668,0.0,1.1674386278199038,1.050791495009048,2.6982226643582514,5.0,1.0,3.0,13.0,0.1850436888784728,0.03557072069396962,0.033083166925736096,0.028935733284184417,3.0,2.0,6.0,6.753333333333332,5.912000000000001,7.737666666666668,1.1674386278199038,1.050791495009048,2.6982226643582514,9.262687433633387,8.06099242919988,8.356547535099091
32,2,0.5714285714285714,1.6582280766035322,-2.404614958639191,"(1, 0, 1, 0, 0, 0, 1, 0, 1, 0, 0, 1, 0, 0, 1, 1, 0, 1, 1, 1, 0, 1, 0, 1, 0)",9.0,13.0,13.0,16.0,12.913,17.61766666666667,16.637333333333334,19.534,0.0,2.432629800755586,2.404614958639191,3.6023715231263287,6.0,10.0,19.0,14.0,0.10226242910283982,0.01721574635514281,0.06628036332215134,0.016082203831904018,4.0,4.0,7.0,4.704666666666668,3.724333333333334,6.620999999999999,2.432629800755586,2.404614958639191,3.6023715231263287,3.7675553221320506,2.188394062127408,5.0055744931868755
32,3,0.8571428571428571,1.6582280766035322,-2.2405977771066934,"(0, 1, 1, 0, 0, 0, 1, 1, 0, 0, 1, 0, 1, 1, 0, 0, 0, 1, 1, 0, 0, 1, 1, 1, 0)",7.0,9.0,10.0,12.0,8.593333333333334,15.080666666666668,13.926,16.56,0.0,2.2405977771066934,2.75553286916131,3.7268031155190164,6.0,3.0,2.0,1.0,0.22023596909811535,0.06894477270690745,0.05914663754725123,0.032988834548965826,2.0,3.0,5.0,6.487333333333334,5.332666666666666,7.966666666666665,2.2405977771066934,2.75553286916131,3.7268031155190164,7.042056133245534,4.273475620187264,7.030660781480987
32,4,1.1428571428571428,1.6582280766035322,-3.1493988868674623,"(1, 0, 1, 0, 1, 1, 0, 0, 0, 0, 1, 1, 0, 1, 1, 0, 0, 1, 1, 0, 1, 0, 1, 0, 0)",7.0,11.0,12.0,12.0,9.557666666666666,15.57,17.389666666666667,17.125666666666667,0.0,3.1493988868674623,3.4589900687693405,3.8016168389084433,3.0,12.0,4.0,2.0,0.1579109836550343,0.013827297374388123,0.06761804123393544,0.030132820791413394,4.0,5.0,5.0,6.012333333333334,7.832000000000001,7.568000000000001,3.1493988868674623,3.4589900687693405,3.8016168389084433,4.747398280605101,7.251447847232763,6.2455223049687865
32,5,1.4285714285714284,1.6582280766035322,-3.008283677548502,"(0, 0, 0, 1, 1, 0, 1, 1, 0, 1, 0, 0, 0, 0, 0, 1, 0, 0, 0, 0, 0, 0, 0, 0, 0)",5.0,9.0,9.0,14.0,6.460333333333334,10.869666666666667,11.726333333333333,17.45,0.0,3.809825067887632,3.008283677548502,5.828008398030773,3.0,17.0,13.0,10.0,0.22053549289705143,0.003953071204546163,0.01971556265628341,0.003237227210919656,4.0,4.0,9.0,4.4093333333333335,5.265999999999999,10.989666666666665,3.809825067887632,3.008283677548502,5.828008398030773,0.9941214379179456,3.7438085948951465,8.559206662884812
32,6,1.7142857142857142,1.6582280766035322,-3.9551134845327107,"(1, 0, 0, 1, 1, 0, 0, 0, 1, 0, 0, 1, 0, 0, 0, 1, 1, 0, 1, 1, 1, 0, 0, 0, 0)",5.0,9.0,9.0,12.0,6.084666666666666,13.347333333333333,12.245,16.056,0.0,3.9551134845327107,4.190701632327057,6.024397876569854,1.0,3.0,4.0,7.0,0.22605891959170993,0.09818034484601153,0.03628966934358333,0.02229174096504607,4.0,4.0,7.0,7.262666666666667,6.160333333333333,9.971333333333334,3.9551134845327107,4.190701632327057,6.024397876569854,5.484677551473883,3.2660985871769803,6.54491919094719
32,7,2.0,1.6582280766035322,-2.571764348760825,"(1, 1, 1, 0, 1, 0, 1, 0, 1, 0, 0, 0, 0, 0, 0, 0, 1, 1, 0, 0, 1, 0, 1, 1, 1)",7.0,9.0,10.0,12.0,9.549,14.644666666666666,15.581333333333333,17.879333333333335,0.0,3.200674983947325,2.571764348760825,4.328177952255694,9.0,1.0,7.0,4.0,0.15779260775256948,0.047907910638714205,0.1185531823682046,0.05949521876772574,2.0,3.0,5.0,5.095666666666666,6.032333333333334,8.330333333333336,3.200674983947325,2.571764348760825,4.328177952255694,3.142328413215384,5.73841265124151,6.636486419832854
33,0,0.0,1.6582280766035322,-3.651003667661828,"(1, 1, 1, 1, 1, 0, 0, 0, 0, 0, 0, 0, 0, 0, 0, 0, 1, 1, 0, 0, 1, 1, 0, 0, 1)",5.0,8.0,7.0,10.0,7.39,10.981666666666667,10.455666666666668,15.071,0.0,4.167772022978911,3.651003667661828,4.815245600245168,3.0,2.0,2.0,2.0,0.2262079321977658,0.07686497040467827,0.06010546367645893,0.018161688349224766,3.0,2.0,5.0,3.5916666666666677,3.065666666666668,7.681,4.167772022978911,3.651003667661828,4.815245600245168,-0.9553140769186431,-0.9706222493250839,4.7520744063235645
33,1,0.2857142857142857,1.6582280766035322,-1.7217566366938537,"(1, 1, 0, 1, 1, 1, 0, 1, 1, 1, 0, 0, 1, 0, 1, 0, 1, 1, 0, 1, 1, 1, 1, 1, 1)",9.0,14.0,11.0,13.0,12.89,19.158333333333335,15.285,18.881,0.0,2.02037587615554,1.7217566366938537,3.101098387947282,4.0,2.0,4.0,1.0,0.1088970515985394,0.040498598920707445,0.048007603634340465,0.01123435903782007,5.0,2.0,4.0,6.268333333333334,2.3949999999999996,5.991,2.02037587615554,1.7217566366938537,3.101098387947282,7.044082323709564,1.1163910474212433,4.792115991727624
33,2,0.5714285714285714,1.6582280766035322,-2.404614958639191,"(1, 0, 1, 0, 0, 0, 1, 0, 1, 0, 0, 1, 0, 0, 1, 1, 0, 1, 1, 1, 0, 1, 0, 1, 0)",9.0,13.0,13.0,16.0,12.913,17.61766666666667,16.637333333333334,19.534,0.0,2.432629800755586,2.404614958639191,3.6023715231263287,6.0,10.0,19.0,14.0,0.10226242910283982,0.01721574635514281,0.06628036332215134,0.016082203831904018,4.0,4.0,7.0,4.704666666666668,3.724333333333334,6.620999999999999,2.432629800755586,2.404614958639191,3.6023715231263287,3.7675553221320506,2.188394062127408,5.0055744931868755
33,3,0.8571428571428571,1.6582280766035322,-2.2405977771066934,"(0, 1, 1, 0, 0, 0, 1, 1, 0, 0, 1, 0, 1, 1, 0, 0, 0, 1, 1, 0, 0, 1, 1, 1, 0)",7.0,9.0,10.0,12.0,8.593333333333334,15.080666666666668,13.926,16.56,0.0,2.2405977771066934,2.75553286916131,3.7268031155190164,6.0,3.0,2.0,1.0,0.22023596909811535,0.06894477270690745,0.05914663754725123,0.032988834548965826,2.0,3.0,5.0,6.487333333333334,5.332666666666666,7.966666666666665,2.2405977771066934,2.75553286916131,3.7268031155190164,7.042056133245534,4.273475620187264,7.030660781480987
33,4,1.1428571428571428,1.6582280766035322,-2.0421170887154543,"(1, 0, 1, 1, 0, 1, 0, 0, 0, 0, 1, 1, 0, 1, 1, 0, 0, 1, 1, 0, 1, 0, 1, 0, 0)",7.0,12.0,10.0,13.0,9.139,15.98,13.085,18.690666666666665,0.0,2.818665296988889,2.0421170887154543,3.1583625308593257,3.0,5.0,1.0,4.0,0.13235323118405126,0.07829284812825962,0.05817652919547379,0.008980804218746093,5.0,3.0,6.0,6.841000000000001,3.9460000000000015,9.551666666666666,2.818665296988889,2.0421170887154543,3.1583625308593257,6.669948338029757,3.157072098057708,10.601556420261213
33,5,1.4285714285714284,1.6582280766035322,-3.008283677548502,"(0, 0, 0, 1, 1, 0, 1, 1, 0, 1, 0, 0, 0, 0, 0, 1, 0, 0, 0, 0, 0, 0, 0, 0, 0)",5.0,9.0,9.0,14.0,6.460333333333334,10.869666666666667,11.726333333333333,17.45,0.0,3.809825067887632,3.008283677548502,5.828008398030773,3.0,17.0,13.0,10.0,0.22053549289705143,0.003953071204546163,0.01971556265628341,0.003237227210919656,4.0,4.0,9.0,4.4093333333333335,5.265999999999999,10.989666666666665,3.809825067887632,3.008283677548502,5.828008398030773,0.9941214379179456,3.7438085948951465,8.559206662884812
33,6,1.7142857142857142,1.6582280766035322,-2.856334711462396,"(1, 0, 0, 1, 0, 0, 0, 0, 1, 0, 0, 1, 0, 0, 0, 1, 1, 0, 1, 1, 1, 0, 0, 0, 1)",6.0,10.0,9.0,12.0,10.167333333333334,13.140666666666666,13.198333333333334,17.525,0.0,2.9520421086170314,2.856334711462396,4.257399250519332,4.0,12.0,1.0,1.0,0.2174033348636402,0.055230666758992665,0.04243656586527936,0.018329565787763062,4.0,3.0,6.0,2.9733333333333327,3.0310000000000006,7.357666666666665,2.9520421086170314,2.856334711462396,4.257399250519332,0.03530570660984588,0.289634885461113,5.140950474434595
33,7,2.0,1.6582280766035322,-2.2334858211337054,"(1, 1, 1, 0, 1, 0, 1, 0, 1, 0, 0, 0, 0, 0, 0, 0, 1, 1, 0, 0, 0, 0, 1, 1, 0)",6.0,8.0,9.0,13.0,7.714333333333333,12.197,12.085,18.713,0.0,2.2928964481671277,2.2334858211337054,4.196772589563068,4.0,1.0,5.0,6.0,0.20288694457016734,0.02473394657311028,0.04041881302383829,0.0035358728031382384,2.0,3.0,7.0,4.482666666666666,4.370666666666668,10.998666666666669,2.2928964481671277,2.2334858211337054,4.196772589563068,3.631138457626186,3.5439332828420347,11.279091732736461
34,0,0.0,1.6582280766035322,-2.479870876182378,"(1, 1, 1, 1, 1, 0, 0, 0, 0, 1, 0, 0, 0, 0, 1, 0, 1, 1, 0, 0, 1, 1, 0, 0, 1)",6.0,9.0,8.0,12.0,7.111666666666666,17.002666666666666,13.421,15.678,0.0,3.4436698838171655,2.479870876182378,4.686788198577613,3.0,1.0,2.0,11.0,0.22663169567854274,0.059354087805425636,0.0400582112101426,0.029944604499584374,3.0,2.0,6.0,9.891,6.309333333333333,8.566333333333334,3.4436698838171655,2.479870876182378,4.686788198577613,10.69114381778589,6.350122164746865,6.433170666902571
34,1,0.2857142857142857,1.6582280766035322,-2.1524905919698254,"(1, 1, 0, 1, 1, 1, 0, 1, 1, 1, 0, 0, 1, 1, 0, 0, 1, 1, 0, 1, 1, 1, 1, 1, 1)",9.0,13.0,12.0,14.0,13.313666666666666,17.154333333333334,16.570666666666668,18.612666666666666,0.0,2.4178899956302193,2.1524905919698254,3.080610058823026,2.0,6.0,1.0,6.0,0.16383537786987562,0.04535068859396424,0.03831735990080421,0.018327938055700172,4.0,3.0,5.0,3.8406666666666673,3.2570000000000014,5.2989999999999995,2.4178899956302193,2.1524905919698254,3.080610058823026,2.3592882226491456,1.8315285112683848,3.6785964853145154
34,2,0.5714285714285714,1.6582280766035322,-2.404614958639191,"(1, 0, 1, 0, 0, 0, 1, 0, 1, 0, 0, 1, 0, 0, 1, 1, 0, 1, 1, 1, 0, 1, 0, 1, 0)",9.0,13.0,13.0,16.0,12.913,17.61766666666667,16.637333333333334,19.534,0.0,2.432629800755586,2.404614958639191,3.6023715231263287,6.0,10.0,19.0,14.0,0.10226242910283982,0.01721574635514281,0.06628036332215134,0.016082203831904018,4.0,4.0,7.0,4.704666666666668,3.724333333333334,6.620999999999999,2.432629800755586,2.404614958639191,3.6023715231263287,3.7675553221320506,2.188394062127408,5.0055744931868755
34,3,0.8571428571428571,1.6582280766035322,-2.2405977771066934,"(0, 1, 1, 0, 0, 0, 1, 1, 0, 0, 1, 0, 1, 1, 0, 0, 0, 1, 1, 0, 0, 1, 1, 1, 0)",7.0,9.0,10.0,12.0,8.593333333333334,15.080666666666668,13.926,16.56,0.0,2.2405977771066934,2.75553286916131,3.7268031155190164,6.0,3.0,2.0,1.0,0.22023596909811535,0.06894477270690745,0.05914663754725123,0.032988834548965826,2.0,3.0,5.0,6.487333333333334,5.332666666666666,7.966666666666665,2.2405977771066934,2.75553286916131,3.7268031155190164,7.042056133245534,4.273475620187264,7.030660781480987
34,4,1.1428571428571428,1.6582280766035322,-2.0421170887154543,"(1, 0, 1, 1, 0, 1, 0, 0, 0, 0, 1, 1, 0, 1, 1, 0, 0, 1, 1, 0, 1, 0, 1, 0, 0)",7.0,12.0,10.0,13.0,9.139,15.98,13.085,18.690666666666665,0.0,2.818665296988889,2.0421170887154543,3.1583625308593257,3.0,5.0,1.0,4.0,0.13235323118405126,0.07829284812825962,0.05817652919547379,0.008980804218746093,5.0,3.0,6.0,6.841000000000001,3.9460000000000015,9.551666666666666,2.818665296988889,2.0421170887154543,3.1583625308593257,6.669948338029757,3.157072098057708,10.601556420261213
34,5,1.4285714285714284,1.6582280766035322,-3.802252493004476,"(1, 0, 0, 1, 1, 1, 1, 1, 0, 1, 0, 0, 0, 0, 0, 1, 0, 0, 0, 0, 0, 0, 0, 0, 0)",5.0,9.0,9.0,12.0,6.905666666666667,12.131,14.754,16.592666666666666,0.0,4.490997524621753,3.802252493004476,6.037866373503155,1.0,10.0,2.0,1.0,0.15912544685237892,0.04057723563271269,0.0223218362342239,0.015369600744675286,4.0,4.0,7.0,5.225333333333333,7.848333333333333,9.687,4.490997524621753,3.802252493004476,6.037866373503155,1.2176962556609028,6.709324849640924,6.051095834735135
34,6,1.7142857142857142,1.6582280766035322,-2.856334711462396,"(1, 0, 0, 1, 0, 0, 0, 0, 1, 0, 0, 1, 0, 0, 0, 1, 1, 0, 1, 1, 1, 0, 0, 0, 1)",6.0,10.0,9.0,12.0,10.167333333333334,13.140666666666666,13.198333333333334,17.525,0.0,2.9520421086170314,2.856334711462396,4.257399250519332,4.0,12.0,1.0,1.0,0.2174033348636402,0.055230666758992665,0.04243656586527936,0.018329565787763062,4.0,3.0,6.0,2.9733333333333327,3.0310000000000006,7.357666666666665,2.9520421086170314,2.856334711462396,4.257399250519332,0.03530570660984588,0.289634885461113,5.140950474434595
34,7,2.0,1.6582280766035322,-2.2334858211337054,"(1, 1, 1, 0, 1, 0, 1, 0, 1, 0, 0, 0, 0, 0, 0, 0, 1, 1, 0, 0, 0, 0, 1, 1, 0)",6.0,8.0,9.0,13.0,7.714333333333333,12.197,12.085,18.713,0.0,2.2928964481671277,2.2334858211337054,4.196772589563068,4.0,1.0,5.0,6.0,0.20288694457016734,0.02473394657311028,0.04041881302383829,0.0035358728031382384,2.0,3.0,7.0,4.482666666666666,4.370666666666668,10.998666666666669,2.2928964481671277,2.2334858211337054,4.196772589563068,3.631138457626186,3.5439332828420347,11.279091732736461
35,0,0.0,1.6582280766035322,-2.479870876182378,"(1, 1, 1, 1, 1, 0, 0, 0, 0, 1, 0, 0, 0, 0, 1, 0, 1, 1, 0, 0, 1, 1, 0, 0, 1)",6.0,9.0,8.0,12.0,7.111666666666666,17.002666666666666,13.421,15.678,0.0,3.4436698838171655,2.479870876182378,4.686788198577613,3.0,1.0,2.0,11.0,0.22663169567854274,0.059354087805425636,0.0400582112101426,0.029944604499584374,3.0,2.0,6.0,9.891,6.309333333333333,8.566333333333334,3.4436698838171655,2.479870876182378,4.686788198577613,10.69114381778589,6.350122164746865,6.433170666902571
35,1,0.2857142857142857,1.6582280766035322,-1.295886817109254,"(1, 1, 0, 1, 1, 1, 0, 1, 1, 1, 0, 0, 1, 1, 0, 0, 0, 0, 0, 1, 1, 1, 1, 1, 1)",8.0,12.0,11.0,15.0,11.103,14.802666666666667,14.737,18.869,0.0,1.295886817109254,1.3633122131795943,3.1177727924953516,4.0,31.0,16.0,2.0,0.1780359670138041,0.07241553941416917,0.05403979904365474,0.044486063975245974,4.0,3.0,7.0,3.6996666666666673,3.6340000000000003,7.766,1.295886817109254,1.3633122131795943,3.1177727924953516,3.9860152365099175,3.765318241306333,7.707820861916641
35,2,0.5714285714285714,1.6582280766035322,-1.4349753032234778,"(1, 1, 1, 0, 0, 0, 1, 0, 1, 0, 0, 1, 0, 0, 1, 1, 0, 1, 1, 1, 0, 0, 0, 1, 0)",8.0,13.0,12.0,14.0,11.552333333333333,18.72833333333333,16.848333333333333,18.783333333333335,0.0,1.4349753032234778,1.652359791687998,2.8591721239490306,2.0,5.0,14.0,8.0,0.15817856544529452,0.024066082250443283,0.06522641927099343,0.07948533357151068,5.0,4.0,6.0,7.175999999999998,5.295999999999999,7.231000000000002,1.4349753032234778,1.652359791687998,2.8591721239490306,9.519928340669106,6.041986494464504,7.249487730145707
35,3,0.8571428571428571,1.6582280766035322,-2.5036111748124195,"(0, 1, 1, 0, 0, 0, 1, 1, 0, 0, 1, 0, 1, 1, 0, 0, 0, 1, 1, 0, 0, 0, 0, 1, 0)",6.0,9.0,9.0,14.0,8.826333333333332,13.633,11.797666666666666,18.176333333333332,0.0,3.2893349117763933,2.5036111748124195,4.466409687197006,2.0,2.0,1.0,2.0,0.1355675063046056,0.020654818577106746,0.04682938161524915,0.014314778394052532,3.0,3.0,8.0,4.806666666666667,2.971333333333334,9.35,3.2893349117763933,2.5036111748124195,4.466409687197006,2.5160821174811603,0.7755900153089882,8.09810657131895
35,4,1.1428571428571428,1.6582280766035322,-2.0421170887154543,"(1, 0, 1, 1, 0, 1, 0, 0, 0, 0, 1, 1, 0, 1, 1, 0, 0, 1, 1, 0, 1, 0, 1, 0, 0)",7.0,12.0,10.0,13.0,9.139,15.98,13.085,18.690666666666665,0.0,2.818665296988889,2.0421170887154543,3.1583625308593257,3.0,5.0,1.0,4.0,0.13235323118405126,0.07829284812825962,0.05817652919547379,0.008980804218746093,5.0,3.0,6.0,6.841000000000001,3.9460000000000015,9.551666666666666,2.818665296988889,2.0421170887154543,3.1583625308593257,6.669948338029757,3.157072098057708,10.601556420261213
35,5,1.4285714285714284,1.6582280766035322,-3.802252493004476,"(1, 0, 0, 1, 1, 1, 1, 1, 0, 1, 0, 0, 0, 0, 0, 1, 0, 0, 0, 0, 0, 0, 0, 0, 0)",5.0,9.0,9.0,12.0,6.905666666666667,12.131,14.754,16.592666666666666,0.0,4.490997524621753,3.802252493004476,6.037866373503155,1.0,10.0,2.0,1.0,0.15912544685237892,0.04057723563271269,0.0223218362342239,0.015369600744675286,4.0,4.0,7.0,5.225333333333333,7.848333333333333,9.687,4.490997524621753,3.802252493004476,6.037866373503155,1.2176962556609028,6.709324849640924,6.051095834735135
35,6,1.7142857142857142,1.6582280766035322,-2.856334711462396,"(1, 0, 0, 1, 0, 0, 0, 0, 1, 0, 0, 1, 0, 0, 0, 1, 1, 0, 1, 1, 1, 0, 0, 0, 1)",6.0,10.0,9.0,12.0,10.167333333333334,13.140666666666666,13.198333333333334,17.525,0.0,2.9520421086170314,2.856334711462396,4.257399250519332,4.0,12.0,1.0,1.0,0.2174033348636402,0.055230666758992665,0.04243656586527936,0.018329565787763062,4.0,3.0,6.0,2.9733333333333327,3.0310000000000006,7.357666666666665,2.9520421086170314,2.856334711462396,4.257399250519332,0.03530570660984588,0.289634885461113,5.140950474434595
35,7,2.0,1.6582280766035322,-2.2334858211337054,"(1, 1, 1, 0, 1, 0, 1, 0, 1, 0, 0, 0, 0, 0, 0, 0, 1, 1, 0, 0, 0, 0, 1, 1, 0)",6.0,8.0,9.0,13.0,7.714333333333333,12.197,12.085,18.713,0.0,2.2928964481671277,2.2334858211337054,4.196772589563068,4.0,1.0,5.0,6.0,0.20288694457016734,0.02473394657311028,0.04041881302383829,0.0035358728031382384,2.0,3.0,7.0,4.482666666666666,4.370666666666668,10.998666666666669,2.2928964481671277,2.2334858211337054,4.196772589563068,3.631138457626186,3.5439332828420347,11.279091732736461
36,0,0.0,1.6582280766035322,-2.479870876182378,"(1, 1, 1, 1, 1, 0, 0, 0, 0, 1, 0, 0, 0, 0, 1, 0, 1, 1, 0, 0, 1, 1, 0, 0, 1)",6.0,9.0,8.0,12.0,7.111666666666666,17.002666666666666,13.421,15.678,0.0,3.4436698838171655,2.479870876182378,4.686788198577613,3.0,1.0,2.0,11.0,0.22663169567854274,0.059354087805425636,0.0400582112101426,0.029944604499584374,3.0,2.0,6.0,9.891,6.309333333333333,8.566333333333334,3.4436698838171655,2.479870876182378,4.686788198577613,10.69114381778589,6.350122164746865,6.433170666902571
36,1,0.2857142857142857,1.6582280766035322,-3.081973490797122,"(1, 1, 0, 1, 1, 1, 0, 0, 0, 1, 0, 0, 1, 1, 0, 0, 0, 0, 0, 1, 1, 1, 1, 1, 1)",7.0,11.0,10.0,13.0,9.519,14.057333333333334,15.040333333333333,18.940333333333335,0.0,3.110255491881416,3.081973490797122,3.834891948978955,2.0,12.0,1.0,3.0,0.21383040819204702,0.02838254950631957,0.09916158064780185,0.03230640002074345,4.0,3.0,6.0,4.538333333333334,5.521333333333333,9.421333333333335,3.110255491881416,3.081973490797122,3.834891948978955,2.368078772270938,4.0450149798327155,9.263593951836338
36,2,0.5714285714285714,1.6582280766035322,-2.3011968009283486,"(1, 1, 1, 0, 0, 0, 1, 0, 1, 0, 0, 0, 0, 0, 1, 1, 1, 1, 1, 1, 0, 0, 0, 1, 0)",8.0,12.0,11.0,13.0,12.34,17.7,14.671333333333333,17.837,0.0,2.742193345522854,2.3011968009283486,3.005796335433596,7.0,5.0,7.0,3.0,0.1157692146838602,0.05409375061639189,0.06365571105603172,0.04206438093758623,4.0,3.0,5.0,5.359999999999999,2.3313333333333333,5.497,2.742193345522854,2.3011968009283486,3.005796335433596,4.340920493573564,0.04997324416541781,4.130983861121619
36,3,0.8571428571428571,1.6582280766035322,-2.5036111748124195,"(0, 1, 1, 0, 0, 0, 1, 1, 0, 0, 1, 0, 1, 1, 0, 0, 0, 1, 1, 0, 0, 0, 0, 1, 0)",6.0,9.0,9.0,14.0,8.826333333333332,13.633,11.797666666666666,18.176333333333332,0.0,3.2893349117763933,2.5036111748124195,4.466409687197006,2.0,2.0,1.0,2.0,0.1355675063046056,0.020654818577106746,0.04682938161524915,0.014314778394052532,3.0,3.0,8.0,4.806666666666667,2.971333333333334,9.35,3.2893349117763933,2.5036111748124195,4.466409687197006,2.5160821174811603,0.7755900153089882,8.09810657131895
36,4,1.1428571428571428,1.6582280766035322,-2.0421170887154543,"(1, 0, 1, 1, 0, 1, 0, 0, 0, 0, 1, 1, 0, 1, 1, 0, 0, 1, 1, 0, 1, 0, 1, 0, 0)",7.0,12.0,10.0,13.0,9.139,15.98,13.085,18.690666666666665,0.0,2.818665296988889,2.0421170887154543,3.1583625308593257,3.0,5.0,1.0,4.0,0.13235323118405126,0.07829284812825962,0.05817652919547379,0.008980804218746093,5.0,3.0,6.0,6.841000000000001,3.9460000000000015,9.551666666666666,2.818665296988889,2.0421170887154543,3.1583625308593257,6.669948338029757,3.157072098057708,10.601556420261213
36,5,1.4285714285714284,1.6582280766035322,-3.3089204278367212,"(1, 0, 1, 1, 1, 1, 1, 1, 0, 1, 0, 0, 0, 0, 0, 1, 0, 0, 0, 0, 0, 0, 1, 0, 0)",6.0,10.0,9.0,12.0,9.910333333333334,14.732,13.319666666666667,16.161,0.0,3.522444929834036,3.3089204278367212,4.415548147136293,1.0,3.0,2.0,2.0,0.2181035997370823,0.0404555269832227,0.058717865289607686,0.044066960754517534,4.0,3.0,6.0,4.821666666666665,3.4093333333333327,6.2506666666666675,3.522444929834036,3.3089204278367212,4.415548147136293,2.1544059617494713,0.1665074991478182,3.043045052980375
36,6,1.7142857142857142,1.6582280766035322,-1.83722458509468,"(1, 0, 0, 1, 0, 0, 0, 0, 1, 0, 0, 1, 1, 1, 0, 1, 1, 0, 1, 1, 1, 0, 0, 0, 1)",6.0,10.0,10.0,14.0,9.629666666666667,14.712,15.493666666666666,18.401333333333334,0.0,2.7844505243416338,1.83722458509468,4.0140542802777635,1.0,1.0,5.0,21.0,0.2223664375461138,0.019883573050989714,0.010726716794823492,0.01903474474372293,4.0,4.0,8.0,5.082333333333333,5.863999999999999,8.771666666666667,2.7844505243416338,1.83722458509468,4.0140542802777635,3.8104137906146267,6.677312051172837,7.889206436706812
36,7,2.0,1.6582280766035322,-3.1075562650678314,"(1, 1, 1, 0, 1, 0, 1, 0, 1, 0, 0, 0, 0, 0, 0, 0, 1, 1, 0, 0, 0, 0, 0, 0, 0)",5.0,7.0,8.0,11.0,5.549666666666667,10.007,9.57,19.285,0.0,3.849585692213303,3.1075562650678314,5.350825631853496,3.0,1.0,4.0,5.0,0.23427769381140695,0.07785704520853987,0.030719756149129994,0.027197114828778075,2.0,3.0,6.0,4.457333333333333,4.020333333333333,13.735333333333333,3.849585692213303,3.1075562650678314,5.350825631853496,1.0077842019948007,1.5135925622777142,13.903426079092412
37,0,0.0,1.6582280766035322,-2.479870876182378,"(1, 1, 1, 1, 1, 0, 0, 0, 0, 1, 0, 0, 0, 0, 1, 0, 1, 1, 0, 0, 1, 1, 0, 0, 1)",6.0,9.0,8.0,12.0,7.111666666666666,17.002666666666666,13.421,15.678,0.0,3.4436698838171655,2.479870876182378,4.686788198577613,3.0,1.0,2.0,11.0,0.22663169567854274,0.059354087805425636,0.0400582112101426,0.029944604499584374,3.0,2.0,6.0,9.891,6.309333333333333,8.566333333333334,3.4436698838171655,2.479870876182378,4.686788198577613,10.69114381778589,6.350122164746865,6.433170666902571
37,1,0.2857142857142857,1.6582280766035322,-2.5727500732285846,"(1, 1, 0, 1, 1, 1, 0, 0, 0, 1, 0, 0, 1, 0, 0, 0, 0, 0, 1, 1, 1, 1, 1, 1, 1)",8.0,10.0,10.0,13.0,11.243666666666666,13.586666666666666,16.372333333333334,19.689333333333334,0.0,2.6847910169377625,2.5727500732285846,4.646539318207164,12.0,2.0,2.0,2.0,0.1817538500209945,0.09667641418980666,0.01936221378997024,0.014781400991188286,2.0,2.0,5.0,2.343,5.128666666666668,8.445666666666668,2.6847910169377625,2.5727500732285846,4.646539318207164,-0.5667674606170712,4.238292656695885,6.2998196358078795
37,2,0.5714285714285714,1.6582280766035322,-2.3011968009283486,"(1, 1, 1, 0, 0, 0, 1, 0, 1, 0, 0, 0, 0, 0, 1, 1, 1, 1, 1, 1, 0, 0, 0, 1, 0)",8.0,12.0,11.0,13.0,12.34,17.7,14.671333333333333,17.837,0.0,2.742193345522854,2.3011968009283486,3.005796335433596,7.0,5.0,7.0,3.0,0.1157692146838602,0.05409375061639189,0.06365571105603172,0.04206438093758623,4.0,3.0,5.0,5.359999999999999,2.3313333333333333,5.497,2.742193345522854,2.3011968009283486,3.005796335433596,4.340920493573564,0.04997324416541781,4.130983861121619
37,3,0.8571428571428571,1.6582280766035322,-2.34967233503439,"(0, 1, 1, 0, 0, 0, 0, 0, 0, 0, 1, 0, 1, 1, 0, 0, 0, 1, 1, 0, 0, 0, 0, 1, 0)",5.0,9.0,9.0,12.0,6.631,14.086333333333334,13.702666666666667,17.676333333333332,0.0,3.42085082300746,2.34967233503439,4.322954533814391,1.0,1.0,1.0,6.0,0.08515447151174368,0.05075536161284193,0.011008218777637526,0.09560393384446438,4.0,4.0,7.0,7.455333333333334,7.071666666666667,11.045333333333332,3.42085082300746,2.34967233503439,4.322954533814391,6.690092173188264,7.830143578275374,11.147237266926656
37,4,1.1428571428571428,1.6582280766035322,-2.0421170887154543,"(1, 0, 1, 1, 0, 1, 0, 0, 0, 0, 1, 1, 0, 1, 1, 0, 0, 1, 1, 0, 1, 0, 1, 0, 0)",7.0,12.0,10.0,13.0,9.139,15.98,13.085,18.690666666666665,0.0,2.818665296988889,2.0421170887154543,3.1583625308593257,3.0,5.0,1.0,4.0,0.13235323118405126,0.07829284812825962,0.05817652919547379,0.008980804218746093,5.0,3.0,6.0,6.841000000000001,3.9460000000000015,9.551666666666666,2.818665296988889,2.0421170887154543,3.1583625308593257,6.669948338029757,3.157072098057708,10.601556420261213
37,5,1.4285714285714284,1.6582280766035322,-2.8072050985039168,"(1, 1, 1, 1, 1, 1, 0, 1, 0, 1, 0, 0, 0, 0, 0, 1, 0, 0, 0, 0, 0, 0, 1, 0, 0)",7.0,11.0,10.0,12.0,10.454,14.472,13.448666666666666,15.650333333333334,0.0,2.8072050985039168,2.9752665140676844,4.148766886745395,6.0,43.0,2.0,6.0,0.102536770260405,0.06502500244411917,0.008647639788582412,0.044299557120306365,4.0,3.0,5.0,4.017999999999999,2.9946666666666655,5.1963333333333335,2.8072050985039168,2.9752665140676844,4.148766886745395,2.0077741006692116,0.03216987773002343,1.7371040938399147
37,6,1.7142857142857142,1.6582280766035322,-1.83722458509468,"(1, 0, 0, 1, 0, 0, 0, 0, 1, 0, 0, 1, 1, 1, 0, 1, 1, 0, 1, 1, 1, 0, 0, 0, 1)",6.0,10.0,10.0,14.0,9.629666666666667,14.712,15.493666666666666,18.401333333333334,0.0,2.7844505243416338,1.83722458509468,4.0140542802777635,1.0,1.0,5.0,21.0,0.2223664375461138,0.019883573050989714,0.010726716794823492,0.01903474474372293,4.0,4.0,8.0,5.082333333333333,5.863999999999999,8.771666666666667,2.7844505243416338,1.83722458509468,4.0140542802777635,3.8104137906146267,6.677312051172837,7.889206436706812
37,7,2.0,1.6582280766035322,-2.712050444041483,"(1, 1, 1, 0, 1, 0, 1, 0, 1, 0, 0, 0, 0, 0, 0, 0, 1, 1, 1, 0, 0, 0, 0, 1, 0)",6.0,10.0,9.0,12.0,9.805333333333333,16.051666666666666,13.925333333333333,16.761,0.0,2.712050444041483,3.4721914067347464,4.415087528226126,3.0,1.0,2.0,2.0,0.20553855285221087,0.05787173625467257,0.0450671809242724,0.01366541602573167,4.0,3.0,6.0,6.246333333333332,4.119999999999999,6.955666666666666,2.712050444041483,3.4721914067347464,4.415087528226126,5.860647117683198,1.0742143976174803,4.212859658195316
38,0,0.0,1.6582280766035322,-2.479870876182378,"(1, 1, 1, 1, 1, 0, 0, 0, 0, 1, 0, 0, 0, 0, 1, 0, 1, 1, 0, 0, 1, 1, 0, 0, 1)",6.0,9.0,8.0,12.0,7.111666666666666,17.002666666666666,13.421,15.678,0.0,3.4436698838171655,2.479870876182378,4.686788198577613,3.0,1.0,2.0,11.0,0.22663169567854274,0.059354087805425636,0.0400582112101426,0.029944604499584374,3.0,2.0,6.0,9.891,6.309333333333333,8.566333333333334,3.4436698838171655,2.479870876182378,4.686788198577613,10.69114381778589,6.350122164746865,6.433170666902571
38,1,0.2857142857142857,1.6582280766035322,-2.5727500732285846,"(1, 1, 0, 1, 1, 1, 0, 0, 0, 1, 0, 0, 1, 0, 0, 0, 0, 0, 1, 1, 1, 1, 1, 1, 1)",8.0,10.0,10.0,13.0,11.243666666666666,13.586666666666666,16.372333333333334,19.689333333333334,0.0,2.6847910169377625,2.5727500732285846,4.646539318207164,12.0,2.0,2.0,2.0,0.1817538500209945,0.09667641418980666,0.01936221378997024,0.014781400991188286,2.0,2.0,5.0,2.343,5.128666666666668,8.445666666666668,2.6847910169377625,2.5727500732285846,4.646539318207164,-0.5667674606170712,4.238292656695885,6.2998196358078795
38,2,0.5714285714285714,1.6582280766035322,-2.3011968009283486,"(1, 1, 1, 0, 0, 0, 1, 0, 1, 0, 0, 0, 0, 0, 1, 1, 1, 1, 1, 1, 0, 0, 0, 1, 0)",8.0,12.0,11.0,13.0,12.34,17.7,14.671333333333333,17.837,0.0,2.742193345522854,2.3011968009283486,3.005796335433596,7.0,5.0,7.0,3.0,0.1157692146838602,0.05409375061639189,0.06365571105603172,0.04206438093758623,4.0,3.0,5.0,5.359999999999999,2.3313333333333333,5.497,2.742193345522854,2.3011968009283486,3.005796335433596,4.340920493573564,0.04997324416541781,4.130983861121619
38,3,0.8571428571428571,1.6582280766035322,-2.8190890663862413,"(0, 1, 1, 0, 0, 0, 0, 0, 0, 0, 1, 0, 1, 1, 0, 1, 0, 1, 1, 0, 1, 0, 0, 1, 0)",6.0,10.0,8.0,13.0,8.629,12.054,11.647666666666666,16.694666666666667,0.0,3.213784198130696,2.8190890663862413,4.828889132364333,3.0,7.0,1.0,22.0,0.18122004010924528,0.09867970337373136,0.0773689927795162,0.022920945960234352,4.0,2.0,7.0,3.4250000000000007,3.0186666666666664,8.065666666666667,3.213784198130696,2.8190890663862413,4.828889132364333,0.3502439728820102,0.33094518024615777,5.367315385099682
38,4,1.1428571428571428,1.6582280766035322,-2.0421170887154543,"(1, 0, 1, 1, 0, 1, 0, 0, 0, 0, 1, 1, 0, 1, 1, 0, 0, 1, 1, 0, 1, 0, 1, 0, 0)",7.0,12.0,10.0,13.0,9.139,15.98,13.085,18.690666666666665,0.0,2.818665296988889,2.0421170887154543,3.1583625308593257,3.0,5.0,1.0,4.0,0.13235323118405126,0.07829284812825962,0.05817652919547379,0.008980804218746093,5.0,3.0,6.0,6.841000000000001,3.9460000000000015,9.551666666666666,2.818665296988889,2.0421170887154543,3.1583625308593257,6.669948338029757,3.157072098057708,10.601556420261213
38,5,1.4285714285714284,1.6582280766035322,-2.8072050985039168,"(1, 1, 1, 1, 1, 1, 0, 1, 0, 1, 0, 0, 0, 0, 0, 1, 0, 0, 0, 0, 0, 0, 1, 0, 0)",7.0,11.0,10.0,12.0,10.454,14.472,13.448666666666666,15.650333333333334,0.0,2.8072050985039168,2.9752665140676844,4.148766886745395,6.0,43.0,2.0,6.0,0.102536770260405,0.06502500244411917,0.008647639788582412,0.044299557120306365,4.0,3.0,5.0,4.017999999999999,2.9946666666666655,5.1963333333333335,2.8072050985039168,2.9752665140676844,4.148766886745395,2.0077741006692116,0.03216987773002343,1.7371040938399147
38,6,1.7142857142857142,1.6582280766035322,-1.83722458509468,"(1, 0, 0, 1, 0, 0, 0, 0, 1, 0, 0, 1, 1, 1, 0, 1, 1, 0, 1, 1, 1, 0, 0, 0, 1)",6.0,10.0,10.0,14.0,9.629666666666667,14.712,15.493666666666666,18.401333333333334,0.0,2.7844505243416338,1.83722458509468,4.0140542802777635,1.0,1.0,5.0,21.0,0.2223664375461138,0.019883573050989714,0.010726716794823492,0.01903474474372293,4.0,4.0,8.0,5.082333333333333,5.863999999999999,8.771666666666667,2.7844505243416338,1.83722458509468,4.0140542802777635,3.8104137906146267,6.677312051172837,7.889206436706812
38,7,2.0,1.6582280766035322,-1.566693886775019,"(1, 1, 1, 0, 1, 0, 1, 0, 1, 0, 0, 0, 0, 0, 0, 0, 1, 1, 1, 0, 1, 0, 0, 1, 1)",7.0,9.0,10.0,12.0,10.484666666666667,14.222666666666667,14.209333333333333,17.641,0.0,2.245968593599248,1.566693886775019,2.7691487641458665,6.0,2.0,7.0,3.0,0.18178609455596498,0.08741097866637206,0.03183864245765692,0.02929183669507829,2.0,3.0,5.0,3.7379999999999995,3.724666666666666,7.156333333333331,2.245968593599248,1.566693886775019,2.7691487641458665,2.4741283692679814,3.578411052162503,7.274952629868426
39,0,0.0,1.6582280766035322,-2.152112884463488,"(1, 1, 1, 1, 1, 1, 1, 0, 0, 1, 0, 0, 0, 0, 1, 0, 1, 1, 0, 0, 1, 1, 0, 0, 1)",7.0,10.0,9.0,12.0,9.405666666666667,13.24,16.703,17.689666666666668,0.0,2.152112884463488,2.1670737866657332,3.470450267254313,4.0,3.0,2.0,1.0,0.1312470468864247,0.0910173585213133,0.10332729493441258,0.020233348249754948,3.0,2.0,5.0,3.8343333333333334,7.297333333333333,8.284,2.152112884463488,2.1670737866657332,3.470450267254313,2.7895051793525742,8.507140420547522,7.981963314966329
39,1,0.2857142857142857,1.6582280766035322,-2.5727500732285846,"(1, 1, 0, 1, 1, 1, 0, 0, 0, 1, 0, 0, 1, 0, 0, 0, 0, 0, 1, 1, 1, 1, 1, 1, 1)",8.0,10.0,10.0,13.0,11.243666666666666,13.586666666666666,16.372333333333334,19.689333333333334,0.0,2.6847910169377625,2.5727500732285846,4.646539318207164,12.0,2.0,2.0,2.0,0.1817538500209945,0.09667641418980666,0.01936221378997024,0.014781400991188286,2.0,2.0,5.0,2.343,5.128666666666668,8.445666666666668,2.6847910169377625,2.5727500732285846,4.646539318207164,-0.5667674606170712,4.238292656695885,6.2998196358078795
39,2,0.5714285714285714,1.6582280766035322,-2.3011968009283486,"(1, 1, 1, 0, 0, 0, 1, 0, 1, 0, 0, 0, 0, 0, 1, 1, 1, 1, 1, 1, 0, 0, 0, 1, 0)",8.0,12.0,11.0,13.0,12.34,17.7,14.671333333333333,17.837,0.0,2.742193345522854,2.3011968009283486,3.005796335433596,7.0,5.0,7.0,3.0,0.1157692146838602,0.05409375061639189,0.06365571105603172,0.04206438093758623,4.0,3.0,5.0,5.359999999999999,2.3313333333333333,5.497,2.742193345522854,2.3011968009283486,3.005796335433596,4.340920493573564,0.04997324416541781,4.130983861121619
39,3,0.8571428571428571,1.6582280766035322,-2.8190890663862413,"(0, 1, 1, 0, 0, 0, 0, 0, 0, 0, 1, 0, 1, 1, 0, 1, 0, 1, 1, 0, 1, 0, 0, 1, 0)",6.0,10.0,8.0,13.0,8.629,12.054,11.647666666666666,16.694666666666667,0.0,3.213784198130696,2.8190890663862413,4.828889132364333,3.0,7.0,1.0,22.0,0.18122004010924528,0.09867970337373136,0.0773689927795162,0.022920945960234352,4.0,2.0,7.0,3.4250000000000007,3.0186666666666664,8.065666666666667,3.213784198130696,2.8190890663862413,4.828889132364333,0.3502439728820102,0.33094518024615777,5.367315385099682
39,4,1.1428571428571428,1.6582280766035322,-2.0421170887154543,"(1, 0, 1, 1, 0, 1, 0, 0, 0, 0, 1, 1, 0, 1, 1, 0, 0, 1, 1, 0, 1, 0, 1, 0, 0)",7.0,12.0,10.0,13.0,9.139,15.98,13.085,18.690666666666665,0.0,2.818665296988889,2.0421170887154543,3.1583625308593257,3.0,5.0,1.0,4.0,0.13235323118405126,0.07829284812825962,0.05817652919547379,0.008980804218746093,5.0,3.0,6.0,6.841000000000001,3.9460000000000015,9.551666666666666,2.818665296988889,2.0421170887154543,3.1583625308593257,6.669948338029757,3.157072098057708,10.601556420261213
39,5,1.4285714285714284,1.6582280766035322,-2.8072050985039168,"(1, 1, 1, 1, 1, 1, 0, 1, 0, 1, 0, 0, 0, 0, 0, 1, 0, 0, 0, 0, 0, 0, 1, 0, 0)",7.0,11.0,10.0,12.0,10.454,14.472,13.448666666666666,15.650333333333334,0.0,2.8072050985039168,2.9752665140676844,4.148766886745395,6.0,43.0,2.0,6.0,0.102536770260405,0.06502500244411917,0.008647639788582412,0.044299557120306365,4.0,3.0,5.0,4.017999999999999,2.9946666666666655,5.1963333333333335,2.8072050985039168,2.9752665140676844,4.148766886745395,2.0077741006692116,0.03216987773002343,1.7371040938399147
39,6,1.7142857142857142,1.6582280766035322,-1.83722458509468,"(1, 0, 0, 1, 0, 0, 0, 0, 1, 0, 0, 1, 1, 1, 0, 1, 1, 0, 1, 1, 1, 0, 0, 0, 1)",6.0,10.0,10.0,14.0,9.629666666666667,14.712,15.493666666666666,18.401333333333334,0.0,2.7844505243416338,1.83722458509468,4.0140542802777635,1.0,1.0,5.0,21.0,0.2223664375461138,0.019883573050989714,0.010726716794823492,0.01903474474372293,4.0,4.0,8.0,5.082333333333333,5.863999999999999,8.771666666666667,2.7844505243416338,1.83722458509468,4.0140542802777635,3.8104137906146267,6.677312051172837,7.889206436706812
39,7,2.0,1.6582280766035322,-1.566693886775019,"(1, 1, 1, 0, 1, 0, 1, 0, 1, 0, 0, 0, 0, 0, 0, 0, 1, 1, 1, 0, 1, 0, 0, 1, 1)",7.0,9.0,10.0,12.0,10.484666666666667,14.222666666666667,14.209333333333333,17.641,0.0,2.245968593599248,1.566693886775019,2.7691487641458665,6.0,2.0,7.0,3.0,0.18178609455596498,0.08741097866637206,0.03183864245765692,0.02929183669507829,2.0,3.0,5.0,3.7379999999999995,3.724666666666666,7.156333333333331,2.245968593599248,1.566693886775019,2.7691487641458665,2.4741283692679814,3.578411052162503,7.274952629868426
40,0,0.0,1.6582280766035322,-2.5727500732285846,"(1, 1, 0, 1, 1, 1, 0, 0, 0, 1, 0, 0, 1, 0, 0, 0, 0, 0, 1, 1, 1, 1, 1, 1, 1)",8.0,10.0,10.0,13.0,11.243666666666666,13.586666666666666,16.372333333333334,19.689333333333334,0.0,2.6847910169377625,2.5727500732285846,4.646539318207164,12.0,2.0,2.0,2.0,0.1817538500209945,0.09667641418980666,0.01936221378997024,0.014781400991188286,2.0,2.0,5.0,2.343,5.128666666666668,8.445666666666668,2.6847910169377625,2.5727500732285846,4.646539318207164,-0.5667674606170712,4.238292656695885,6.2998196358078795
40,1,0.2857142857142857,1.6582280766035322,-2.3011968009283486,"(1, 1, 1, 0, 0, 0, 1, 0, 1, 0, 0, 0, 0, 0, 1, 1, 1, 1, 1, 1, 0, 0, 0, 1, 0)",8.0,12.0,11.0,13.0,12.34,17.7,14.671333333333333,17.837,0.0,2.742193345522854,2.3011968009283486,3.005796335433596,7.0,5.0,7.0,3.0,0.1157692146838602,0.05409375061639189,0.06365571105603172,0.04206438093758623,4.0,3.0,5.0,5.359999999999999,2.3313333333333333,5.497,2.742193345522854,2.3011968009283486,3.005796335433596,4.340920493573564,0.04997324416541781,4.130983861121619
40,2,0.5714285714285714,1.6582280766035322,-2.8190890663862413,"(0, 1, 1, 0, 0, 0, 0, 0, 0, 0, 1, 0, 1, 1, 0, 1, 0, 1, 1, 0, 1, 0, 0, 1, 0)",6.0,10.0,8.0,13.0,8.629,12.054,11.647666666666666,16.694666666666667,0.0,3.213784198130696,2.8190890663862413,4.828889132364333,3.0,7.0,1.0,22.0,0.18122004010924528,0.09867970337373136,0.0773689927795162,0.022920945960234352,4.0,2.0,7.0,3.4250000000000007,3.0186666666666664,8.065666666666667,3.213784198130696,2.8190890663862413,4.828889132364333,0.3502439728820102,0.33094518024615777,5.367315385099682
40,3,0.8571428571428571,1.6582280766035322,-2.0421170887154543,"(1, 0, 1, 1, 0, 1, 0, 0, 0, 0, 1, 1, 0, 1, 1, 0, 0, 1, 1, 0, 1, 0, 1, 0, 0)",7.0,12.0,10.0,13.0,9.139,15.98,13.085,18.690666666666665,0.0,2.818665296988889,2.0421170887154543,3.1583625308593257,3.0,5.0,1.0,4.0,0.13235323118405126,0.07829284812825962,0.05817652919547379,0.008980804218746093,5.0,3.0,6.0,6.841000000000001,3.9460000000000015,9.551666666666666,2.818665296988889,2.0421170887154543,3.1583625308593257,6.669948338029757,3.157072098057708,10.601556420261213
40,4,1.1428571428571428,1.6582280766035322,-2.8072050985039168,"(1, 1, 1, 1, 1, 1, 0, 1, 0, 1, 0, 0, 0, 0, 0, 1, 0, 0, 0, 0, 0, 0, 1, 0, 0)",7.0,11.0,10.0,12.0,10.454,14.472,13.448666666666666,15.650333333333334,0.0,2.8072050985039168,2.9752665140676844,4.148766886745395,6.0,43.0,2.0,6.0,0.102536770260405,0.06502500244411917,0.008647639788582412,0.044299557120306365,4.0,3.0,5.0,4.017999999999999,2.9946666666666655,5.1963333333333335,2.8072050985039168,2.9752665140676844,4.148766886745395,2.0077741006692116,0.03216987773002343,1.7371040938399147
40,5,1.4285714285714284,1.6582280766035322,-1.83722458509468,"(1, 0, 0, 1, 0, 0, 0, 0, 1, 0, 0, 1, 1, 1, 0, 1, 1, 0, 1, 1, 1, 0, 0, 0, 1)",6.0,10.0,10.0,14.0,9.629666666666667,14.712,15.493666666666666,18.401333333333334,0.0,2.7844505243416338,1.83722458509468,4.0140542802777635,1.0,1.0,5.0,21.0,0.2223664375461138,0.019883573050989714,0.010726716794823492,0.01903474474372293,4.0,4.0,8.0,5.082333333333333,5.863999999999999,8.771666666666667,2.7844505243416338,1.83722458509468,4.0140542802777635,3.8104137906146267,6.677312051172837,7.889206436706812
40,6,1.7142857142857142,1.6582280766035322,-1.566693886775019,"(1, 1, 1, 0, 1, 0, 1, 0, 1, 0, 0, 0, 0, 0, 0, 0, 1, 1, 1, 0, 1, 0, 0, 1, 1)",7.0,9.0,10.0,12.0,10.484666666666667,14.222666666666667,14.209333333333333,17.641,0.0,2.245968593599248,1.566693886775019,2.7691487641458665,6.0,2.0,7.0,3.0,0.18178609455596498,0.08741097866637206,0.03183864245765692,0.02929183669507829,2.0,3.0,5.0,3.7379999999999995,3.724666666666666,7.156333333333331,2.245968593599248,1.566693886775019,2.7691487641458665,2.4741283692679814,3.578411052162503,7.274952629868426
40,7,2.0,1.6582280766035322,-2.1746739986834998,"(1, 1, 1, 1, 1, 1, 1, 0, 0, 1, 0, 0, 0, 0, 1, 0, 1, 0, 0, 0, 1, 1, 1, 0, 1)",7.0,10.0,10.0,14.0,10.859333333333334,13.284,14.479333333333333,19.625,0.0,2.3953565185448196,2.1746739986834998,3.5426845247468037,2.0,3.0,1.0,8.0,0.15996365739292204,0.05174461279370523,0.035358081675915524,0.022684960242488044,3.0,3.0,7.0,2.424666666666667,3.619999999999999,8.765666666666666,2.3953565185448196,2.1746739986834998,3.5426845247468037,0.048602910545055646,2.3966801552281334,8.660895631330371
41,0,0.0,1.6582280766035322,-2.7956988381279277,"(1, 1, 0, 1, 1, 1, 0, 0, 0, 1, 0, 0, 1, 0, 0, 0, 0, 0, 1, 0, 1, 1, 1, 1, 0)",7.0,10.0,11.0,13.0,9.682666666666666,15.140333333333333,16.040666666666667,18.064333333333334,0.0,3.4044067279144756,2.7956988381279277,4.5051385251639005,6.0,7.0,3.0,1.0,0.22200461024068407,0.026865653007782143,0.09176488953238157,0.010103184762240284,3.0,4.0,6.0,5.457666666666666,6.3580000000000005,8.381666666666668,3.4044067279144756,2.7956988381279277,4.5051385251639005,3.404773279004132,5.9071078039336555,6.428167803983599
41,1,0.2857142857142857,1.6582280766035322,-2.3011968009283486,"(1, 1, 1, 0, 0, 0, 1, 0, 1, 0, 0, 0, 0, 0, 1, 1, 1, 1, 1, 1, 0, 0, 0, 1, 0)",8.0,12.0,11.0,13.0,12.34,17.7,14.671333333333333,17.837,0.0,2.742193345522854,2.3011968009283486,3.005796335433596,7.0,5.0,7.0,3.0,0.1157692146838602,0.05409375061639189,0.06365571105603172,0.04206438093758623,4.0,3.0,5.0,5.359999999999999,2.3313333333333333,5.497,2.742193345522854,2.3011968009283486,3.005796335433596,4.340920493573564,0.04997324416541781,4.130983861121619
41,2,0.5714285714285714,1.6582280766035322,-3.5712889590682146,"(0, 0, 1, 0, 0, 0, 1, 0, 0, 0, 1, 0, 1, 1, 0, 1, 0, 1, 1, 0, 1, 0, 0, 1, 0)",7.0,9.0,9.0,14.0,9.607,12.986,15.713333333333333,17.959333333333333,0.0,3.5712889590682146,3.586857878231881,5.030225657998612,10.0,4.0,2.0,5.0,0.08939577378381372,0.11012045895504274,0.041579861106896904,0.04186035070936188,2.0,2.0,7.0,3.3790000000000013,6.106333333333334,8.352333333333334,3.5712889590682146,3.586857878231881,5.030225657998612,-0.3188589507477787,4.17786493796269,5.508812220740128
41,3,0.8571428571428571,1.6582280766035322,-2.0421170887154543,"(1, 0, 1, 1, 0, 1, 0, 0, 0, 0, 1, 1, 0, 1, 1, 0, 0, 1, 1, 0, 1, 0, 1, 0, 0)",7.0,12.0,10.0,13.0,9.139,15.98,13.085,18.690666666666665,0.0,2.818665296988889,2.0421170887154543,3.1583625308593257,3.0,5.0,1.0,4.0,0.13235323118405126,0.07829284812825962,0.05817652919547379,0.008980804218746093,5.0,3.0,6.0,6.841000000000001,3.9460000000000015,9.551666666666666,2.818665296988889,2.0421170887154543,3.1583625308593257,6.669948338029757,3.157072098057708,10.601556420261213
41,4,1.1428571428571428,1.6582280766035322,-2.8072050985039168,"(1, 1, 1, 1, 1, 1, 0, 1, 0, 1, 0, 0, 0, 0, 0, 1, 0, 0, 0, 0, 0, 0, 1, 0, 0)",7.0,11.0,10.0,12.0,10.454,14.472,13.448666666666666,15.650333333333334,0.0,2.8072050985039168,2.9752665140676844,4.148766886745395,6.0,43.0,2.0,6.0,0.102536770260405,0.06502500244411917,0.008647639788582412,0.044299557120306365,4.0,3.0,5.0,4.017999999999999,2.9946666666666655,5.1963333333333335,2.8072050985039168,2.9752665140676844,4.148766886745395,2.0077741006692116,0.03216987773002343,1.7371040938399147
41,5,1.4285714285714284,1.6582280766035322,-3.362140336717492,"(0, 0, 0, 1, 0, 0, 0, 0, 1, 0, 0, 1, 1, 1, 0, 1, 1, 0, 1, 1, 0, 0, 0, 0, 1)",5.0,10.0,9.0,12.0,7.225,13.018,13.927,17.226,0.0,3.9408527230739216,3.362140336717492,5.600057311767009,1.0,10.0,4.0,1.0,0.07391534065125431,0.0699745286710359,0.09220457637038132,0.012126416543126215,5.0,4.0,7.0,5.793000000000001,6.702,10.001,3.9408527230739216,3.362140336717492,5.600057311767009,3.0712826166036025,5.538249065570675,7.29776672915097
41,6,1.7142857142857142,1.6582280766035322,-1.566693886775019,"(1, 1, 1, 0, 1, 0, 1, 0, 1, 0, 0, 0, 0, 0, 0, 0, 1, 1, 1, 0, 1, 0, 0, 1, 1)",7.0,9.0,10.0,12.0,10.484666666666667,14.222666666666667,14.209333333333333,17.641,0.0,2.245968593599248,1.566693886775019,2.7691487641458665,6.0,2.0,7.0,3.0,0.18178609455596498,0.08741097866637206,0.03183864245765692,0.02929183669507829,2.0,3.0,5.0,3.7379999999999995,3.724666666666666,7.156333333333331,2.245968593599248,1.566693886775019,2.7691487641458665,2.4741283692679814,3.578411052162503,7.274952629868426
41,7,2.0,1.6582280766035322,-2.457503221904639,"(1, 1, 1, 1, 1, 1, 1, 0, 0, 1, 0, 1, 1, 0, 1, 0, 1, 0, 0, 0, 1, 1, 1, 0, 1)",8.0,11.0,11.0,13.0,14.118,17.141,16.11466666666667,19.033,0.0,2.752142713982477,2.457503221904639,3.3210623423087418,2.0,1.0,4.0,1.0,0.1167856798537599,0.04384498426870214,0.03587925609234946,0.015578949235490592,3.0,3.0,5.0,3.022999999999998,1.996666666666668,4.915000000000001,2.752142713982477,2.457503221904639,3.3210623423087418,0.44914315642688685,-0.7641721146208584,2.643112176339316
42,0,0.0,1.6582280766035322,-2.7956988381279277,"(1, 1, 0, 1, 1, 1, 0, 0, 0, 1, 0, 0, 1, 0, 0, 0, 0, 0, 1, 0, 1, 1, 1, 1, 0)",7.0,10.0,11.0,13.0,9.682666666666666,15.140333333333333,16.040666666666667,18.064333333333334,0.0,3.4044067279144756,2.7956988381279277,4.5051385251639005,6.0,7.0,3.0,1.0,0.22200461024068407,0.026865653007782143,0.09176488953238157,0.010103184762240284,3.0,4.0,6.0,5.457666666666666,6.3580000000000005,8.381666666666668,3.4044067279144756,2.7956988381279277,4.5051385251639005,3.404773279004132,5.9071078039336555,6.428167803983599
42,1,0.2857142857142857,1.6582280766035322,-2.3011968009283486,"(1, 1, 1, 0, 0, 0, 1, 0, 1, 0, 0, 0, 0, 0, 1, 1, 1, 1, 1, 1, 0, 0, 0, 1, 0)",8.0,12.0,11.0,13.0,12.34,17.7,14.671333333333333,17.837,0.0,2.742193345522854,2.3011968009283486,3.005796335433596,7.0,5.0,7.0,3.0,0.1157692146838602,0.05409375061639189,0.06365571105603172,0.04206438093758623,4.0,3.0,5.0,5.359999999999999,2.3313333333333333,5.497,2.742193345522854,2.3011968009283486,3.005796335433596,4.340920493573564,0.04997324416541781,4.130983861121619
42,2,0.5714285714285714,1.6582280766035322,-3.5712889590682146,"(0, 0, 1, 0, 0, 0, 1, 0, 0, 0, 1, 0, 1, 1, 0, 1, 0, 1, 1, 0, 1, 0, 0, 1, 0)",7.0,9.0,9.0,14.0,9.607,12.986,15.713333333333333,17.959333333333333,0.0,3.5712889590682146,3.586857878231881,5.030225657998612,10.0,4.0,2.0,5.0,0.08939577378381372,0.11012045895504274,0.041579861106896904,0.04186035070936188,2.0,2.0,7.0,3.3790000000000013,6.106333333333334,8.352333333333334,3.5712889590682146,3.586857878231881,5.030225657998612,-0.3188589507477787,4.17786493796269,5.508812220740128
42,3,0.8571428571428571,1.6582280766035322,-2.898628739793991,"(1, 0, 1, 1, 0, 1, 0, 0, 0, 0, 1, 1, 0, 1, 1, 0, 0, 1, 1, 0, 1, 1, 0, 0, 0)",6.0,9.0,10.0,12.0,8.648666666666667,14.534333333333333,15.929666666666666,18.043333333333333,0.0,2.93228155737084,2.898628739793991,4.072359421926784,1.0,3.0,1.0,1.0,0.2126078529895694,0.03839689634792143,0.018053677350032795,0.034989256919373476,3.0,4.0,6.0,5.8856666666666655,7.280999999999999,9.394666666666666,2.93228155737084,2.898628739793991,4.072359421926784,4.89738610925713,7.266971065774006,8.82559930553806
42,4,1.1428571428571428,1.6582280766035322,-2.9679334610178163,"(1, 1, 1, 1, 0, 1, 0, 1, 0, 1, 0, 0, 0, 0, 0, 1, 0, 0, 0, 0, 0, 0, 1, 0, 1)",7.0,10.0,11.0,12.0,9.350333333333333,14.071666666666667,14.871,17.933666666666667,0.0,2.9679334610178163,3.0617062587497466,3.7820589599827277,6.0,5.0,9.0,1.0,0.1457192273392569,0.06727872955410799,0.0674337292057311,0.07725879102834209,3.0,4.0,5.0,4.721333333333334,5.520666666666667,8.583333333333334,2.9679334610178163,3.0617062587497466,3.7820589599827277,2.9075368977866396,4.077517187664312,7.961607969367006
42,5,1.4285714285714284,1.6582280766035322,-3.108763086612472,"(1, 0, 0, 1, 0, 0, 0, 0, 1, 0, 0, 1, 1, 1, 0, 1, 1, 0, 1, 1, 1, 0, 0, 0, 1)",6.0,10.0,10.0,13.0,13.210333333333333,15.997333333333334,17.16,17.606,0.0,3.108763086612472,3.1823147141880415,4.499436063056024,1.0,1.0,3.0,1.0,0.19871771761587015,0.010285965263851896,0.02450714611588461,0.01974176536266617,4.0,4.0,7.0,2.787000000000001,3.9496666666666673,4.395666666666669,3.108763086612472,3.1823147141880415,4.499436063056024,-0.5335565842354139,1.2724445522365968,-0.1720733265850295
42,6,1.7142857142857142,1.6582280766035322,-1.566693886775019,"(1, 1, 1, 0, 1, 0, 1, 0, 1, 0, 0, 0, 0, 0, 0, 0, 1, 1, 1, 0, 1, 0, 0, 1, 1)",7.0,9.0,10.0,12.0,10.484666666666667,14.222666666666667,14.209333333333333,17.641,0.0,2.245968593599248,1.566693886775019,2.7691487641458665,6.0,2.0,7.0,3.0,0.18178609455596498,0.08741097866637206,0.03183864245765692,0.02929183669507829,2.0,3.0,5.0,3.7379999999999995,3.724666666666666,7.156333333333331,2.245968593599248,1.566693886775019,2.7691487641458665,2.4741283692679814,3.578411052162503,7.274952629868426
42,7,2.0,1.6582280766035322,-1.298908477159955,"(1, 1, 1, 0, 1, 1, 1, 0, 1, 1, 0, 1, 1, 0, 1, 0, 1, 0, 0, 0, 1, 1, 1, 0, 1)",9.0,13.0,11.0,14.0,11.289333333333333,18.589666666666666,14.927,19.281333333333333,0.0,1.4132064535289544,1.298908477159955,2.494536982282117,12.0,6.0,4.0,4.0,0.12427537382889924,0.04275272842617047,0.03991775995307203,0.04083202816436174,4.0,2.0,5.0,7.300333333333333,3.637666666666666,7.991999999999999,1.4132064535289544,1.298908477159955,2.494536982282117,9.762199082618968,3.8781944942264728,9.116047526069373
43,0,0.0,1.6582280766035322,-2.7956988381279277,"(1, 1, 0, 1, 1, 1, 0, 0, 0, 1, 0, 0, 1, 0, 0, 0, 0, 0, 1, 0, 1, 1, 1, 1, 0)",7.0,10.0,11.0,13.0,9.682666666666666,15.140333333333333,16.040666666666667,18.064333333333334,0.0,3.4044067279144756,2.7956988381279277,4.5051385251639005,6.0,7.0,3.0,1.0,0.22200461024068407,0.026865653007782143,0.09176488953238157,0.010103184762240284,3.0,4.0,6.0,5.457666666666666,6.3580000000000005,8.381666666666668,3.4044067279144756,2.7956988381279277,4.5051385251639005,3.404773279004132,5.9071078039336555,6.428167803983599
43,1,0.2857142857142857,1.6582280766035322,-1.6339073981466798,"(1, 1, 1, 0, 0, 0, 1, 1, 1, 0, 0, 0, 1, 0, 1, 1, 1, 1, 1, 1, 0, 0, 0, 1, 0)",8.0,12.0,13.0,16.0,12.757333333333333,17.003666666666668,18.328666666666667,20.871,0.0,1.6339073981466798,1.6762382759910863,2.1421911531384756,2.0,3.0,10.0,1.0,0.0877562060285765,0.018562679997634127,0.04644395863428946,0.031003462535994702,4.0,5.0,8.0,4.246333333333334,5.5713333333333335,8.113666666666665,1.6339073981466798,1.6762382759910863,2.1421911531384756,4.33199803377375,6.458955985124559,9.902068355282939
43,2,0.5714285714285714,1.6582280766035322,-1.8406884392991412,"(0, 0, 1, 0, 0, 0, 1, 0, 0, 0, 1, 0, 1, 1, 0, 0, 0, 1, 1, 1, 1, 0, 0, 1, 0)",8.0,10.0,10.0,13.0,11.380333333333333,15.794666666666666,13.111,17.748333333333335,0.0,1.8406884392991412,2.071430876158524,2.988781072892004,18.0,4.0,4.0,8.0,0.06153368448601953,0.07480310487507379,0.059423001184137896,0.043930559492675825,2.0,2.0,5.0,4.414333333333333,1.730666666666668,6.368000000000002,1.8406884392991412,2.071430876158524,2.988781072892004,4.26769022249482,-0.5650647796810033,5.603515701920547
43,3,0.8571428571428571,1.6582280766035322,-2.898628739793991,"(1, 0, 1, 1, 0, 1, 0, 0, 0, 0, 1, 1, 0, 1, 1, 0, 0, 1, 1, 0, 1, 1, 0, 0, 0)",6.0,9.0,10.0,12.0,8.648666666666667,14.534333333333333,15.929666666666666,18.043333333333333,0.0,2.93228155737084,2.898628739793991,4.072359421926784,1.0,3.0,1.0,1.0,0.2126078529895694,0.03839689634792143,0.018053677350032795,0.034989256919373476,3.0,4.0,6.0,5.8856666666666655,7.280999999999999,9.394666666666666,2.93228155737084,2.898628739793991,4.072359421926784,4.89738610925713,7.266971065774006,8.82559930553806
43,4,1.1428571428571428,1.6582280766035322,-2.9679334610178163,"(1, 1, 1, 1, 0, 1, 0, 1, 0, 1, 0, 0, 0, 0, 0, 1, 0, 0, 0, 0, 0, 0, 1, 0, 1)",7.0,10.0,11.0,12.0,9.350333333333333,14.071666666666667,14.871,17.933666666666667,0.0,2.9679334610178163,3.0617062587497466,3.7820589599827277,6.0,5.0,9.0,1.0,0.1457192273392569,0.06727872955410799,0.0674337292057311,0.07725879102834209,3.0,4.0,5.0,4.721333333333334,5.520666666666667,8.583333333333334,2.9679334610178163,3.0617062587497466,3.7820589599827277,2.9075368977866396,4.077517187664312,7.961607969367006
43,5,1.4285714285714284,1.6582280766035322,-3.8572872403913063,"(1, 0, 0, 1, 0, 0, 0, 0, 1, 0, 0, 1, 1, 1, 0, 0, 1, 0, 1, 0, 1, 0, 0, 0, 1)",6.0,10.0,10.0,12.0,9.477,15.884333333333334,14.529333333333334,15.581333333333333,0.0,4.3079752068557395,3.8572872403913063,5.444598429585429,2.0,4.0,4.0,2.0,0.2345776566164717,0.04826660088224325,0.005021576966234721,0.02203687051967885,4.0,4.0,6.0,6.407333333333334,5.052333333333333,6.104333333333333,4.3079752068557395,3.8572872403913063,5.444598429585429,3.481214588170936,1.9816589841518235,1.0939909405101038
43,6,1.7142857142857142,1.6582280766035322,-0.37950392008712647,"(1, 1, 1, 0, 1, 0, 1, 0, 1, 0, 0, 0, 0, 0, 0, 1, 1, 1, 1, 1, 1, 0, 0, 1, 1)",8.0,10.0,11.0,12.0,11.225333333333333,13.977,14.745,17.120666666666665,0.0,0.37950392008712647,1.2394149387226998,2.7124926381952457,12.0,3.0,15.0,1.0,0.16943230186560823,0.091204805631844,0.057939779273665955,0.06638831234638135,2.0,3.0,4.0,2.751666666666667,3.519666666666666,5.8953333333333315,0.37950392008712647,1.2394149387226998,2.7124926381952457,3.9335868686511435,3.781177437000404,5.277875804034277
43,7,2.0,1.6582280766035322,-1.298908477159955,"(1, 1, 1, 0, 1, 1, 1, 0, 1, 1, 0, 1, 1, 0, 1, 0, 1, 0, 0, 0, 1, 1, 1, 0, 1)",9.0,13.0,11.0,14.0,11.289333333333333,18.589666666666666,14.927,19.281333333333333,0.0,1.4132064535289544,1.298908477159955,2.494536982282117,12.0,6.0,4.0,4.0,0.12427537382889924,0.04275272842617047,0.03991775995307203,0.04083202816436174,4.0,2.0,5.0,7.300333333333333,3.637666666666666,7.991999999999999,1.4132064535289544,1.298908477159955,2.494536982282117,9.762199082618968,3.8781944942264728,9.116047526069373
44,0,0.0,1.6582280766035322,-2.170298119036906,"(1, 1, 0, 1, 1, 1, 0, 0, 0, 1, 1, 1, 1, 0, 0, 0, 0, 0, 1, 0, 1, 1, 1, 1, 0)",8.0,10.0,14.0,14.0,10.641,15.742333333333333,18.147333333333332,19.215333333333334,0.0,2.170298119036906,2.2561298467575464,2.59961336806956,7.0,1.0,5.0,5.0,0.1534741728984341,0.035960605444249893,0.03534904036627136,0.023042604107934087,2.0,6.0,6.0,5.101333333333333,7.506333333333332,8.574333333333334,2.170298119036906,2.2561298467575464,2.59961336806956,4.860324885859986,8.706034829321725,9.90744839624407
44,1,0.2857142857142857,1.6582280766035322,-1.6339073981466798,"(1, 1, 1, 0, 0, 0, 1, 1, 1, 0, 0, 0, 1, 0, 1, 1, 1, 1, 1, 1, 0, 0, 0, 1, 0)",8.0,12.0,13.0,16.0,12.757333333333333,17.003666666666668,18.328666666666667,20.871,0.0,1.6339073981466798,1.6762382759910863,2.1421911531384756,2.0,3.0,10.0,1.0,0.0877562060285765,0.018562679997634127,0.04644395863428946,0.031003462535994702,4.0,5.0,8.0,4.246333333333334,5.5713333333333335,8.113666666666665,1.6339073981466798,1.6762382759910863,2.1421911531384756,4.33199803377375,6.458955985124559,9.902068355282939
44,2,0.5714285714285714,1.6582280766035322,-2.821539558988334,"(0, 0, 1, 0, 0, 0, 1, 0, 0, 0, 1, 0, 0, 0, 0, 0, 0, 1, 1, 1, 1, 0, 0, 1, 0)",7.0,10.0,9.0,12.0,10.325,18.074666666666666,11.603666666666667,14.807333333333334,0.0,2.821539558988334,2.927002864660318,3.8684894922865825,14.0,2.0,4.0,21.0,0.11728121260830682,0.03622259971791509,0.11677004656610715,0.05084320147690995,3.0,2.0,5.0,7.749666666666666,1.278666666666668,4.482333333333335,2.821539558988334,2.927002864660318,3.8684894922865825,8.17195873502317,-2.733317363194989,1.0178930918738807
44,3,0.8571428571428571,1.6582280766035322,-2.898628739793991,"(1, 0, 1, 1, 0, 1, 0, 0, 0, 0, 1, 1, 0, 1, 1, 0, 0, 1, 1, 0, 1, 1, 0, 0, 0)",6.0,9.0,10.0,12.0,8.648666666666667,14.534333333333333,15.929666666666666,18.043333333333333,0.0,2.93228155737084,2.898628739793991,4.072359421926784,1.0,3.0,1.0,1.0,0.2126078529895694,0.03839689634792143,0.018053677350032795,0.034989256919373476,3.0,4.0,6.0,5.8856666666666655,7.280999999999999,9.394666666666666,2.93228155737084,2.898628739793991,4.072359421926784,4.89738610925713,7.266971065774006,8.82559930553806
44,4,1.1428571428571428,1.6582280766035322,-2.9679334610178163,"(1, 1, 1, 1, 0, 1, 0, 1, 0, 1, 0, 0, 0, 0, 0, 1, 0, 0, 0, 0, 0, 0, 1, 0, 1)",7.0,10.0,11.0,12.0,9.350333333333333,14.071666666666667,14.871,17.933666666666667,0.0,2.9679334610178163,3.0617062587497466,3.7820589599827277,6.0,5.0,9.0,1.0,0.1457192273392569,0.06727872955410799,0.0674337292057311,0.07725879102834209,3.0,4.0,5.0,4.721333333333334,5.520666666666667,8.583333333333334,2.9679334610178163,3.0617062587497466,3.7820589599827277,2.9075368977866396,4.077517187664312,7.961607969367006
44,5,1.4285714285714284,1.6582280766035322,-2.4595852193785954,"(1, 0, 0, 1, 0, 0, 0, 0, 1, 0, 0, 1, 1, 1, 0, 1, 0, 0, 1, 0, 1, 0, 0, 0, 1)",6.0,10.0,10.0,12.0,9.907666666666668,14.134333333333334,16.835,16.813333333333333,0.0,2.4595852193785954,2.719890177892537,3.6647393235630257,3.0,5.0,1.0,4.0,0.2030470179131423,0.01918445903989183,0.011458567667548228,0.02415997640797597,4.0,4.0,6.0,4.226666666666667,6.927333333333333,6.905666666666665,2.4595852193785954,2.719890177892537,3.6647393235630257,2.9302240695382844,6.9769003710652875,5.374196714566544
44,6,1.7142857142857142,1.6582280766035322,-0.37950392008712647,"(1, 1, 1, 0, 1, 0, 1, 0, 1, 0, 0, 0, 0, 0, 0, 1, 1, 1, 1, 1, 1, 0, 0, 1, 1)",8.0,10.0,11.0,12.0,11.225333333333333,13.977,14.745,17.120666666666665,0.0,0.37950392008712647,1.2394149387226998,2.7124926381952457,12.0,3.0,15.0,1.0,0.16943230186560823,0.091204805631844,0.057939779273665955,0.06638831234638135,2.0,3.0,4.0,2.751666666666667,3.519666666666666,5.8953333333333315,0.37950392008712647,1.2394149387226998,2.7124926381952457,3.9335868686511435,3.781177437000404,5.277875804034277
44,7,2.0,1.6582280766035322,-1.298908477159955,"(1, 1, 1, 0, 1, 1, 1, 0, 1, 1, 0, 1, 1, 0, 1, 0, 1, 0, 0, 0, 1, 1, 1, 0, 1)",9.0,13.0,11.0,14.0,11.289333333333333,18.589666666666666,14.927,19.281333333333333,0.0,1.4132064535289544,1.298908477159955,2.494536982282117,12.0,6.0,4.0,4.0,0.12427537382889924,0.04275272842617047,0.03991775995307203,0.04083202816436174,4.0,2.0,5.0,7.300333333333333,3.637666666666666,7.991999999999999,1.4132064535289544,1.298908477159955,2.494536982282117,9.762199082618968,3.8781944942264728,9.116047526069373
45,0,0.0,1.6582280766035322,-2.397733312121284,"(1, 1, 0, 1, 1, 1, 0, 0, 0, 1, 1, 1, 1, 0, 0, 0, 0, 0, 1, 0, 0, 0, 1, 1, 0)",7.0,11.0,10.0,12.0,8.652,13.703,16.313333333333333,16.51033333333333,0.0,2.397733312121284,2.779263955413146,3.5803907887331263,3.0,17.0,1.0,3.0,0.1423028615738026,0.05525122989244956,0.04231585497111529,0.03174461070619108,4.0,3.0,5.0,5.051,7.661333333333333,7.8583333333333325,2.397733312121284,2.779263955413146,3.5803907887331263,4.399721316557348,8.095584514393595,7.09380443755282
45,1,0.2857142857142857,1.6582280766035322,-1.6339073981466798,"(1, 1, 1, 0, 0, 0, 1, 1, 1, 0, 0, 0, 1, 0, 1, 1, 1, 1, 1, 1, 0, 0, 0, 1, 0)",8.0,12.0,13.0,16.0,12.757333333333333,17.003666666666668,18.328666666666667,20.871,0.0,1.6339073981466798,1.6762382759910863,2.1421911531384756,2.0,3.0,10.0,1.0,0.0877562060285765,0.018562679997634127,0.04644395863428946,0.031003462535994702,4.0,5.0,8.0,4.246333333333334,5.5713333333333335,8.113666666666665,1.6339073981466798,1.6762382759910863,2.1421911531384756,4.33199803377375,6.458955985124559,9.902068355282939
45,2,0.5714285714285714,1.6582280766035322,-2.5521788327004966,"(1, 0, 1, 0, 0, 1, 1, 0, 0, 0, 1, 0, 0, 0, 0, 0, 0, 1, 1, 1, 1, 0, 0, 1, 0)",7.0,11.0,11.0,14.0,8.502666666666666,15.625666666666667,16.139333333333333,18.144333333333332,0.0,3.0431985909392103,2.5521788327004966,4.233787925184139,6.0,7.0,8.0,16.0,0.19318712362937693,0.05738889113689171,0.03373422046304726,0.027309194781369797,4.0,4.0,7.0,7.123000000000001,7.636666666666667,9.641666666666666,3.0431985909392103,2.5521788327004966,4.233787925184139,6.765241243471255,8.431240481431782,8.967496363993702
45,3,0.8571428571428571,1.6582280766035322,-2.898628739793991,"(1, 0, 1, 1, 0, 1, 0, 0, 0, 0, 1, 1, 0, 1, 1, 0, 0, 1, 1, 0, 1, 1, 0, 0, 0)",6.0,9.0,10.0,12.0,8.648666666666667,14.534333333333333,15.929666666666666,18.043333333333333,0.0,2.93228155737084,2.898628739793991,4.072359421926784,1.0,3.0,1.0,1.0,0.2126078529895694,0.03839689634792143,0.018053677350032795,0.034989256919373476,3.0,4.0,6.0,5.8856666666666655,7.280999999999999,9.394666666666666,2.93228155737084,2.898628739793991,4.072359421926784,4.89738610925713,7.266971065774006,8.82559930553806
45,4,1.1428571428571428,1.6582280766035322,-2.9679334610178163,"(1, 1, 1, 1, 0, 1, 0, 1, 0, 1, 0, 0, 0, 0, 0, 1, 0, 0, 0, 0, 0, 0, 1, 0, 1)",7.0,10.0,11.0,12.0,9.350333333333333,14.071666666666667,14.871,17.933666666666667,0.0,2.9679334610178163,3.0617062587497466,3.7820589599827277,6.0,5.0,9.0,1.0,0.1457192273392569,0.06727872955410799,0.0674337292057311,0.07725879102834209,3.0,4.0,5.0,4.721333333333334,5.520666666666667,8.583333333333334,2.9679334610178163,3.0617062587497466,3.7820589599827277,2.9075368977866396,4.077517187664312,7.961607969367006
45,5,1.4285714285714284,1.6582280766035322,-2.4595852193785954,"(1, 0, 0, 1, 0, 0, 0, 0, 1, 0, 0, 1, 1, 1, 0, 1, 0, 0, 1, 0, 1, 0, 0, 0, 1)",6.0,10.0,10.0,12.0,9.907666666666668,14.134333333333334,16.835,16.813333333333333,0.0,2.4595852193785954,2.719890177892537,3.6647393235630257,3.0,5.0,1.0,4.0,0.2030470179131423,0.01918445903989183,0.011458567667548228,0.02415997640797597,4.0,4.0,6.0,4.226666666666667,6.927333333333333,6.905666666666665,2.4595852193785954,2.719890177892537,3.6647393235630257,2.9302240695382844,6.9769003710652875,5.374196714566544
45,6,1.7142857142857142,1.6582280766035322,-0.37950392008712647,"(1, 1, 1, 0, 1, 0, 1, 0, 1, 0, 0, 0, 0, 0, 0, 1, 1, 1, 1, 1, 1, 0, 0, 1, 1)",8.0,10.0,11.0,12.0,11.225333333333333,13.977,14.745,17.120666666666665,0.0,0.37950392008712647,1.2394149387226998,2.7124926381952457,12.0,3.0,15.0,1.0,0.16943230186560823,0.091204805631844,0.057939779273665955,0.06638831234638135,2.0,3.0,4.0,2.751666666666667,3.519666666666666,5.8953333333333315,0.37950392008712647,1.2394149387226998,2.7124926381952457,3.9335868686511435,3.781177437000404,5.277875804034277
45,7,2.0,1.6582280766035322,-1.298908477159955,"(1, 1, 1, 0, 1, 1, 1, 0, 1, 1, 0, 1, 1, 0, 1, 0, 1, 0, 0, 0, 1, 1, 1, 0, 1)",9.0,13.0,11.0,14.0,11.289333333333333,18.589666666666666,14.927,19.281333333333333,0.0,1.4132064535289544,1.298908477159955,2.494536982282117,12.0,6.0,4.0,4.0,0.12427537382889924,0.04275272842617047,0.03991775995307203,0.04083202816436174,4.0,2.0,5.0,7.300333333333333,3.637666666666666,7.991999999999999,1.4132064535289544,1.298908477159955,2.494536982282117,9.762199082618968,3.8781944942264728,9.116047526069373
46,0,0.0,1.6582280766035322,-2.5859790483285985,"(1, 1, 0, 1, 1, 1, 0, 0, 0, 1, 0, 0, 1, 0, 0, 0, 0, 0, 1, 0, 0, 0, 1, 1, 0)",6.0,9.0,11.0,12.0,8.117333333333333,13.055333333333333,14.891,16.541666666666668,0.0,2.5859790483285985,2.7028933401073516,3.4778385945734023,3.0,2.0,20.0,8.0,0.09312244465539643,0.08591374788763423,0.05725860826355864,0.03935204503829651,3.0,5.0,6.0,4.938000000000001,6.773666666666667,8.424333333333335,2.5859790483285985,2.7028933401073516,3.4778385945734023,3.9001871788212785,6.750270623589416,8.202416456583375
46,1,0.2857142857142857,1.6582280766035322,-2.208308391503941,"(1, 1, 1, 0, 0, 0, 1, 1, 1, 0, 0, 0, 1, 1, 1, 1, 1, 1, 0, 1, 0, 0, 0, 1, 0)",10.0,12.0,11.0,14.0,14.024333333333333,15.766,15.619666666666667,19.365666666666666,0.0,2.3409666376322233,2.208308391503941,3.789742083404323,47.0,3.0,3.0,2.0,0.07919318530194071,0.024021312077340057,0.049909452771014565,0.029835092256607586,2.0,1.0,4.0,1.7416666666666671,1.5953333333333344,5.341333333333333,2.3409666376322233,2.208308391503941,3.789742083404323,-0.9937760381627669,-1.0164524517161833,2.572892174044653
46,2,0.5714285714285714,1.6582280766035322,-2.4769321275355094,"(1, 0, 1, 0, 0, 1, 1, 0, 0, 0, 1, 1, 0, 0, 0, 0, 1, 1, 1, 1, 1, 0, 0, 1, 0)",7.0,10.0,11.0,12.0,11.603,14.713666666666667,15.832666666666666,17.597333333333335,0.0,2.4769321275355094,3.117864916277386,4.133022932395864,4.0,8.0,6.0,3.0,0.12254667142829488,0.07228694453400876,0.04225263099733054,0.032501025009094436,3.0,4.0,5.0,3.110666666666667,4.229666666666667,5.994333333333335,2.4769321275355094,3.117864916277386,4.133022932395864,1.0508764059006852,1.8436208781124575,3.0864771661086925
46,3,0.8571428571428571,1.6582280766035322,-2.530640292461057,"(1, 0, 0, 1, 0, 1, 0, 1, 0, 0, 1, 1, 0, 1, 1, 0, 0, 1, 1, 0, 1, 1, 0, 0, 0)",7.0,10.0,11.0,15.0,10.033333333333333,15.652333333333333,15.819666666666667,19.215,0.0,2.530640292461057,2.947334583355117,4.235658037959419,2.0,4.0,1.0,14.0,0.1947184191518177,0.037422986605844415,0.07387607556625987,0.04756123756603924,3.0,4.0,8.0,5.619,5.786333333333333,9.181666666666667,2.530640292461057,2.947334583355117,4.235658037959419,5.1212047776921485,4.70770743665621,8.201610375245695
46,4,1.1428571428571428,1.6582280766035322,-1.758081043949674,"(1, 1, 1, 1, 0, 1, 0, 1, 0, 1, 0, 1, 1, 0, 0, 1, 0, 0, 0, 0, 0, 0, 1, 0, 1)",8.0,11.0,12.0,13.0,11.707666666666666,14.279333333333334,17.37,18.159333333333333,0.0,1.758081043949674,2.2784145896314567,3.1108819335992433,6.0,8.0,21.0,3.0,0.2328200399946936,0.03902255415583431,0.012480919179093953,0.014798350437862593,3.0,4.0,5.0,2.571666666666667,5.6623333333333346,6.451666666666666,1.758081043949674,2.2784145896314567,3.1108819335992433,1.3491105223102868,5.611309069751406,5.539783042260837
46,5,1.4285714285714284,1.6582280766035322,-2.595458585499849,"(1, 0, 0, 1, 0, 0, 1, 1, 1, 0, 0, 1, 1, 1, 0, 1, 0, 0, 1, 0, 1, 0, 0, 0, 1)",7.0,10.0,11.0,12.0,10.120333333333333,16.052333333333333,14.595666666666666,15.999666666666666,0.0,3.1092881921700632,2.595458585499849,3.631740584838617,6.0,3.0,8.0,2.0,0.2325617144606621,0.043755321401135645,0.023905973713424834,0.01859804585053166,3.0,4.0,5.0,5.932,4.475333333333333,5.879333333333333,3.1092881921700632,2.595458585499849,3.631740584838617,4.680699971903916,3.117261087355469,3.7270214003244404
46,6,1.7142857142857142,1.6582280766035322,-0.37950392008712647,"(1, 1, 1, 0, 1, 0, 1, 0, 1, 0, 0, 0, 0, 0, 0, 1, 1, 1, 1, 1, 1, 0, 0, 1, 1)",8.0,10.0,11.0,12.0,11.225333333333333,13.977,14.745,17.120666666666665,0.0,0.37950392008712647,1.2394149387226998,2.7124926381952457,12.0,3.0,15.0,1.0,0.16943230186560823,0.091204805631844,0.057939779273665955,0.06638831234638135,2.0,3.0,4.0,2.751666666666667,3.519666666666666,5.8953333333333315,0.37950392008712647,1.2394149387226998,2.7124926381952457,3.9335868686511435,3.781177437000404,5.277875804034277
46,7,2.0,1.6582280766035322,-1.298908477159955,"(1, 1, 1, 0, 1, 1, 1, 0, 1, 1, 0, 1, 1, 0, 1, 0, 1, 0, 0, 0, 1, 1, 1, 0, 1)",9.0,13.0,11.0,14.0,11.289333333333333,18.589666666666666,14.927,19.281333333333333,0.0,1.4132064535289544,1.298908477159955,2.494536982282117,12.0,6.0,4.0,4.0,0.12427537382889924,0.04275272842617047,0.03991775995307203,0.04083202816436174,4.0,2.0,5.0,7.300333333333333,3.637666666666666,7.991999999999999,1.4132064535289544,1.298908477159955,2.494536982282117,9.762199082618968,3.8781944942264728,9.116047526069373
47,0,0.0,1.6582280766035322,-2.5859790483285985,"(1, 1, 0, 1, 1, 1, 0, 0, 0, 1, 0, 0, 1, 0, 0, 0, 0, 0, 1, 0, 0, 0, 1, 1, 0)",6.0,9.0,11.0,12.0,8.117333333333333,13.055333333333333,14.891,16.541666666666668,0.0,2.5859790483285985,2.7028933401073516,3.4778385945734023,3.0,2.0,20.0,8.0,0.09312244465539643,0.08591374788763423,0.05725860826355864,0.03935204503829651,3.0,5.0,6.0,4.938000000000001,6.773666666666667,8.424333333333335,2.5859790483285985,2.7028933401073516,3.4778385945734023,3.9001871788212785,6.750270623589416,8.202416456583375
47,1,0.2857142857142857,1.6582280766035322,-1.8214069317195232,"(1, 1, 1, 0, 0, 0, 1, 1, 1, 0, 0, 0, 1, 0, 0, 1, 1, 1, 0, 1, 0, 0, 0, 1, 0)",8.0,11.0,11.0,14.0,10.731666666666667,14.734,13.594333333333333,18.962666666666667,0.0,2.022513147898717,1.8214069317195232,3.8193598793281023,13.0,9.0,11.0,12.0,0.25409629697857083,0.01118361580954272,0.07033169547166264,0.005677410451024769,3.0,3.0,6.0,4.002333333333333,2.862666666666666,8.231,2.022513147898717,1.8214069317195232,3.8193598793281023,3.2829934181140916,1.726646127526104,7.315505511968736
47,2,0.5714285714285714,1.6582280766035322,-2.4769321275355094,"(1, 0, 1, 0, 0, 1, 1, 0, 0, 0, 1, 1, 0, 0, 0, 0, 1, 1, 1, 1, 1, 0, 0, 1, 0)",7.0,10.0,11.0,12.0,11.603,14.713666666666667,15.832666666666666,17.597333333333335,0.0,2.4769321275355094,3.117864916277386,4.133022932395864,4.0,8.0,6.0,3.0,0.12254667142829488,0.07228694453400876,0.04225263099733054,0.032501025009094436,3.0,4.0,5.0,3.110666666666667,4.229666666666667,5.994333333333335,2.4769321275355094,3.117864916277386,4.133022932395864,1.0508764059006852,1.8436208781124575,3.0864771661086925
47,3,0.8571428571428571,1.6582280766035322,-3.199514224293704,"(1, 1, 0, 1, 0, 1, 1, 1, 0, 0, 1, 1, 0, 1, 1, 0, 0, 1, 1, 0, 1, 1, 0, 0, 0)",8.0,9.0,12.0,12.0,10.647,12.554333333333334,17.086666666666666,14.878,0.0,3.199514224293704,3.586701267802424,3.800842999139364,11.0,2.0,3.0,2.0,0.21171334370559158,0.09017244127441884,0.06706294838842182,0.028849801517284477,1.0,4.0,4.0,1.9073333333333338,6.439666666666666,4.231,3.199514224293704,3.586701267802424,3.800842999139364,-2.142730633441053,4.730867325975081,0.7132984161746763
47,4,1.1428571428571428,1.6582280766035322,-1.758081043949674,"(1, 1, 1, 1, 0, 1, 0, 1, 0, 1, 0, 1, 1, 0, 0, 1, 0, 0, 0, 0, 0, 0, 1, 0, 1)",8.0,11.0,12.0,13.0,11.707666666666666,14.279333333333334,17.37,18.159333333333333,0.0,1.758081043949674,2.2784145896314567,3.1108819335992433,6.0,8.0,21.0,3.0,0.2328200399946936,0.03902255415583431,0.012480919179093953,0.014798350437862593,3.0,4.0,5.0,2.571666666666667,5.6623333333333346,6.451666666666666,1.758081043949674,2.2784145896314567,3.1108819335992433,1.3491105223102868,5.611309069751406,5.539783042260837
47,5,1.4285714285714284,1.6582280766035322,-2.595458585499849,"(1, 0, 0, 1, 0, 0, 1, 1, 1, 0, 0, 1, 1, 1, 0, 1, 0, 0, 1, 0, 1, 0, 0, 0, 1)",7.0,10.0,11.0,12.0,10.120333333333333,16.052333333333333,14.595666666666666,15.999666666666666,0.0,3.1092881921700632,2.595458585499849,3.631740584838617,6.0,3.0,8.0,2.0,0.2325617144606621,0.043755321401135645,0.023905973713424834,0.01859804585053166,3.0,4.0,5.0,5.932,4.475333333333333,5.879333333333333,3.1092881921700632,2.595458585499849,3.631740584838617,4.680699971903916,3.117261087355469,3.7270214003244404
47,6,1.7142857142857142,1.6582280766035322,-0.37950392008712647,"(1, 1, 1, 0, 1, 0, 1, 0, 1, 0, 0, 0, 0, 0, 0, 1, 1, 1, 1, 1, 1, 0, 0, 1, 1)",8.0,10.0,11.0,12.0,11.225333333333333,13.977,14.745,17.120666666666665,0.0,0.37950392008712647,1.2394149387226998,2.7124926381952457,12.0,3.0,15.0,1.0,0.16943230186560823,0.091204805631844,0.057939779273665955,0.06638831234638135,2.0,3.0,4.0,2.751666666666667,3.519666666666666,5.8953333333333315,0.37950392008712647,1.2394149387226998,2.7124926381952457,3.9335868686511435,3.781177437000404,5.277875804034277
47,7,2.0,1.6582280766035322,-1.298908477159955,"(1, 1, 1, 0, 1, 1, 1, 0, 1, 1, 0, 1, 1, 0, 1, 0, 1, 0, 0, 0, 1, 1, 1, 0, 1)",9.0,13.0,11.0,14.0,11.289333333333333,18.589666666666666,14.927,19.281333333333333,0.0,1.4132064535289544,1.298908477159955,2.494536982282117,12.0,6.0,4.0,4.0,0.12427537382889924,0.04275272842617047,0.03991775995307203,0.04083202816436174,4.0,2.0,5.0,7.300333333333333,3.637666666666666,7.991999999999999,1.4132064535289544,1.298908477159955,2.494536982282117,9.762199082618968,3.8781944942264728,9.116047526069373
48,0,0.0,1.6582280766035322,-2.329110306884508,"(1, 1, 0, 1, 1, 1, 0, 0, 0, 1, 0, 0, 1, 0, 0, 0, 0, 0, 1, 0, 1, 1, 1, 1, 0)",7.0,10.0,10.0,13.0,8.867333333333333,15.969666666666667,13.809666666666667,17.911666666666665,0.0,3.0835395950916924,2.329110306884508,4.365543358248493,6.0,2.0,11.0,8.0,0.12430768186128066,0.13651049438946106,0.052979151413798435,0.08236860162498241,3.0,3.0,6.0,7.102333333333334,4.942333333333334,9.044333333333332,3.0835395950916924,2.329110306884508,4.365543358248493,6.664076610830756,4.333319792884298,7.758500901216822
48,1,0.2857142857142857,1.6582280766035322,-1.8214069317195232,"(1, 1, 1, 0, 0, 0, 1, 1, 1, 0, 0, 0, 1, 0, 0, 1, 1, 1, 0, 1, 0, 0, 0, 1, 0)",8.0,11.0,11.0,14.0,10.731666666666667,14.734,13.594333333333333,18.962666666666667,0.0,2.022513147898717,1.8214069317195232,3.8193598793281023,13.0,9.0,11.0,12.0,0.25409629697857083,0.01118361580954272,0.07033169547166264,0.005677410451024769,3.0,3.0,6.0,4.002333333333333,2.862666666666666,8.231,2.022513147898717,1.8214069317195232,3.8193598793281023,3.2829934181140916,1.726646127526104,7.315505511968736
48,2,0.5714285714285714,1.6582280766035322,-2.4769321275355094,"(1, 0, 1, 0, 0, 1, 1, 0, 0, 0, 1, 1, 0, 0, 0, 0, 1, 1, 1, 1, 1, 0, 0, 1, 0)",7.0,10.0,11.0,12.0,11.603,14.713666666666667,15.832666666666666,17.597333333333335,0.0,2.4769321275355094,3.117864916277386,4.133022932395864,4.0,8.0,6.0,3.0,0.12254667142829488,0.07228694453400876,0.04225263099733054,0.032501025009094436,3.0,4.0,5.0,3.110666666666667,4.229666666666667,5.994333333333335,2.4769321275355094,3.117864916277386,4.133022932395864,1.0508764059006852,1.8436208781124575,3.0864771661086925
48,3,0.8571428571428571,1.6582280766035322,-3.199514224293704,"(1, 1, 0, 1, 0, 1, 1, 1, 0, 0, 1, 1, 0, 1, 1, 0, 0, 1, 1, 0, 1, 1, 0, 0, 0)",8.0,9.0,12.0,12.0,10.647,12.554333333333334,17.086666666666666,14.878,0.0,3.199514224293704,3.586701267802424,3.800842999139364,11.0,2.0,3.0,2.0,0.21171334370559158,0.09017244127441884,0.06706294838842182,0.028849801517284477,1.0,4.0,4.0,1.9073333333333338,6.439666666666666,4.231,3.199514224293704,3.586701267802424,3.800842999139364,-2.142730633441053,4.730867325975081,0.7132984161746763
48,4,1.1428571428571428,1.6582280766035322,-1.758081043949674,"(1, 1, 1, 1, 0, 1, 0, 1, 0, 1, 0, 1, 1, 0, 0, 1, 0, 0, 0, 0, 0, 0, 1, 0, 1)",8.0,11.0,12.0,13.0,11.707666666666666,14.279333333333334,17.37,18.159333333333333,0.0,1.758081043949674,2.2784145896314567,3.1108819335992433,6.0,8.0,21.0,3.0,0.2328200399946936,0.03902255415583431,0.012480919179093953,0.014798350437862593,3.0,4.0,5.0,2.571666666666667,5.6623333333333346,6.451666666666666,1.758081043949674,2.2784145896314567,3.1108819335992433,1.3491105223102868,5.611309069751406,5.539783042260837
48,5,1.4285714285714284,1.6582280766035322,-2.595458585499849,"(1, 0, 0, 1, 0, 0, 1, 1, 1, 0, 0, 1, 1, 1, 0, 1, 0, 0, 1, 0, 1, 0, 0, 0, 1)",7.0,10.0,11.0,12.0,10.120333333333333,16.052333333333333,14.595666666666666,15.999666666666666,0.0,3.1092881921700632,2.595458585499849,3.631740584838617,6.0,3.0,8.0,2.0,0.2325617144606621,0.043755321401135645,0.023905973713424834,0.01859804585053166,3.0,4.0,5.0,5.932,4.475333333333333,5.879333333333333,3.1092881921700632,2.595458585499849,3.631740584838617,4.680699971903916,3.117261087355469,3.7270214003244404
48,6,1.7142857142857142,1.6582280766035322,-1.393648574603235,"(1, 1, 1, 0, 1, 0, 1, 0, 1, 0, 0, 0, 0, 1, 1, 1, 1, 1, 1, 1, 1, 0, 0, 1, 1)",9.0,12.0,13.0,15.0,12.901333333333334,15.830666666666668,18.253333333333334,20.127666666666666,0.0,1.6161275082142095,1.393648574603235,2.8781127735351233,10.0,6.0,27.0,9.0,0.14522032637113164,0.06433648482165034,0.012694408489944785,0.03863044972983248,3.0,4.0,6.0,2.929333333333334,5.352,7.226333333333333,1.6161275082142095,1.393648574603235,2.8781127735351233,2.1775947695718405,6.563849470656528,7.210341415522119
48,7,2.0,1.6582280766035322,-1.298908477159955,"(1, 1, 1, 0, 1, 1, 1, 0, 1, 1, 0, 1, 1, 0, 1, 0, 1, 0, 0, 0, 1, 1, 1, 0, 1)",9.0,13.0,11.0,14.0,11.289333333333333,18.589666666666666,14.927,19.281333333333333,0.0,1.4132064535289544,1.298908477159955,2.494536982282117,12.0,6.0,4.0,4.0,0.12427537382889924,0.04275272842617047,0.03991775995307203,0.04083202816436174,4.0,2.0,5.0,7.300333333333333,3.637666666666666,7.991999999999999,1.4132064535289544,1.298908477159955,2.494536982282117,9.762199082618968,3.8781944942264728,9.116047526069373
49,0,0.0,1.6582280766035322,-2.329110306884508,"(1, 1, 0, 1, 1, 1, 0, 0, 0, 1, 0, 0, 1, 0, 0, 0, 0, 0, 1, 0, 1, 1, 1, 1, 0)",7.0,10.0,10.0,13.0,8.867333333333333,15.969666666666667,13.809666666666667,17.911666666666665,0.0,3.0835395950916924,2.329110306884508,4.365543358248493,6.0,2.0,11.0,8.0,0.12430768186128066,0.13651049438946106,0.052979151413798435,0.08236860162498241,3.0,3.0,6.0,7.102333333333334,4.942333333333334,9.044333333333332,3.0835395950916924,2.329110306884508,4.365543358248493,6.664076610830756,4.333319792884298,7.758500901216822
49,1,0.2857142857142857,1.6582280766035322,-1.9348113074027993,"(0, 1, 1, 0, 1, 0, 1, 1, 1, 0, 0, 0, 1, 0, 0, 1, 1, 1, 0, 1, 0, 0, 0, 1, 0)",8.0,10.0,11.0,13.0,10.975,15.095666666666666,16.939333333333334,18.967666666666666,0.0,1.9348113074027993,2.3766277536574036,3.949097801565922,17.0,6.0,4.0,4.0,0.2145121979737042,0.05304393941285387,0.014878196844776082,0.012225118687368808,2.0,3.0,5.0,4.120666666666667,5.964333333333334,7.992666666666667,1.9348113074027993,2.3766277536574036,3.949097801565922,3.6246467281256463,5.949234122805779,6.705159421789935
49,2,0.5714285714285714,1.6582280766035322,-2.4769321275355094,"(1, 0, 1, 0, 0, 1, 1, 0, 0, 0, 1, 1, 0, 0, 0, 0, 1, 1, 1, 1, 1, 0, 0, 1, 0)",7.0,10.0,11.0,12.0,11.603,14.713666666666667,15.832666666666666,17.597333333333335,0.0,2.4769321275355094,3.117864916277386,4.133022932395864,4.0,8.0,6.0,3.0,0.12254667142829488,0.07228694453400876,0.04225263099733054,0.032501025009094436,3.0,4.0,5.0,3.110666666666667,4.229666666666667,5.994333333333335,2.4769321275355094,3.117864916277386,4.133022932395864,1.0508764059006852,1.8436208781124575,3.0864771661086925
49,3,0.8571428571428571,1.6582280766035322,-3.199514224293704,"(1, 1, 0, 1, 0, 1, 1, 1, 0, 0, 1, 1, 0, 1, 1, 0, 0, 1, 1, 0, 1, 1, 0, 0, 0)",8.0,9.0,12.0,12.0,10.647,12.554333333333334,17.086666666666666,14.878,0.0,3.199514224293704,3.586701267802424,3.800842999139364,11.0,2.0,3.0,2.0,0.21171334370559158,0.09017244127441884,0.06706294838842182,0.028849801517284477,1.0,4.0,4.0,1.9073333333333338,6.439666666666666,4.231,3.199514224293704,3.586701267802424,3.800842999139364,-2.142730633441053,4.730867325975081,0.7132984161746763
49,4,1.1428571428571428,1.6582280766035322,-2.9906143361544704,"(1, 0, 1, 1, 0, 1, 1, 1, 0, 1, 0, 1, 1, 0, 0, 1, 0, 0, 0, 0, 0, 0, 1, 0, 1)",8.0,11.0,11.0,14.0,10.075,16.02466666666667,15.695,17.883666666666667,0.0,3.518612580501442,2.9906143361544704,4.873191459144258,18.0,3.0,11.0,10.0,0.18621987191424313,0.0823420506837717,0.050334123791431144,0.02633349065209902,3.0,3.0,6.0,5.949666666666669,5.620000000000001,7.808666666666667,3.518612580501442,2.9906143361544704,4.873191459144258,4.031242141420922,4.360121132007476,4.86768740728724
49,5,1.4285714285714284,1.6582280766035322,-1.7751884302733003,"(1, 0, 0, 1, 0, 0, 1, 1, 1, 0, 0, 1, 1, 1, 0, 1, 0, 0, 1, 0, 1, 1, 1, 0, 1)",8.0,14.0,11.0,14.0,11.93,17.429666666666666,13.939666666666668,18.399333333333335,0.0,1.9285100407117044,1.7751884302733003,3.1846546582516932,5.0,13.0,3.0,4.0,0.125610340076341,0.050467236364775514,0.015033339213899983,0.05246922030319685,6.0,3.0,6.0,5.499666666666666,2.009666666666668,6.469333333333335,1.9285100407117044,1.7751884302733003,3.1846546582516932,5.921792183107256,0.3888183949399622,5.44674640164127
49,6,1.7142857142857142,1.6582280766035322,-1.9564972456934906,"(1, 0, 0, 0, 1, 0, 1, 0, 1, 0, 0, 0, 0, 1, 1, 1, 1, 1, 1, 1, 1, 0, 0, 1, 1)",8.0,12.0,13.0,16.0,13.005333333333333,15.345666666666666,17.035,21.175333333333334,0.0,2.2139555793425965,1.9564972456934906,3.013332060803939,2.0,13.0,21.0,12.0,0.18813456175998605,0.04776334652349903,0.04388522347233302,0.07310928016490806,4.0,5.0,8.0,2.3403333333333336,4.029666666666667,8.170000000000002,2.2139555793425965,1.9564972456934906,3.013332060803939,0.2095631399255344,3.4377877414136098,8.550931558496188
49,7,2.0,1.6582280766035322,-1.298908477159955,"(1, 1, 1, 0, 1, 1, 1, 0, 1, 1, 0, 1, 1, 0, 1, 0, 1, 0, 0, 0, 1, 1, 1, 0, 1)",9.0,13.0,11.0,14.0,11.289333333333333,18.589666666666666,14.927,19.281333333333333,0.0,1.4132064535289544,1.298908477159955,2.494536982282117,12.0,6.0,4.0,4.0,0.12427537382889924,0.04275272842617047,0.03991775995307203,0.04083202816436174,4.0,2.0,5.0,7.300333333333333,3.637666666666666,7.991999999999999,1.4132064535289544,1.298908477159955,2.494536982282117,9.762199082618968,3.8781944942264728,9.116047526069373
