step,replica,lambda,beta,phi,syndrome,E0_II,E0_IX,E0_XI,E0_XX,U_II,U_IX,U_XI,U_XX,F_II,F_IX,F_XI,F_XX,g_II,g_IX,g_XI,g_XX,Z_II,Z_IX,Z_XI,Z_XX,delta_E0_IX,delta_E0_XI,delta_E0_XX,delta_U_IX,delta_U_XI,delta_U_XX,delta_F_IX,delta_F_XI,delta_F_XX,delta_S_IX,delta_S_XI,delta_S_XX
0,0,0.0,1.6582280766035322,2.6270000000000007,"(0, 1, 0, 1, 0, 1, 1, 0, 0, 1, 1, 1, 0, 1, 0, 0, 0, 1, 0, 1, 0, 1, 1, 0, 0)",8.0,12.0,9.0,14.0,11.981,17.464666666666666,14.608,19.094,0.0,3.0832263742327775,2.720120487347621,3.7068583167087565,11.0,1.0,1.0,10.0,0.15611229323017015,0.02312066894738832,0.08129172508140836,0.057259796788978114,4.0,1.0,6.0,5.483666666666666,2.6270000000000007,7.113000000000001,3.0832263742327775,2.720120487347621,3.7068583167087565,3.980477489124268,-0.15441500662682806,5.648159772123158
0,1,0.2857142857142857,1.6582280766035322,4.309999999999999,"(1, 1, 0, 1, 0, 1, 1, 1, 1, 1, 0, 1, 0, 0, 1, 1, 0, 1, 0, 0, 0, 0, 0, 0, 0)",8.0,11.0,9.0,12.0,10.564666666666668,15.505666666666666,14.874666666666666,17.707666666666668,0.0,2.237115498145825,2.1567190735651645,3.813353408739517,17.0,2.0,1.0,1.0,0.17601120378802287,0.05647334531079601,0.029016468898193815,0.020618733757771058,3.0,1.0,4.0,4.940999999999999,4.309999999999999,7.143000000000001,2.237115498145825,2.1567190735651645,3.813353408739517,4.483657196867746,3.570630889029107,5.521313462795379
0,2,0.5714285714285714,1.6582280766035322,3.1910000000000007,"(0, 1, 0, 1, 1, 0, 1, 1, 0, 1, 0, 1, 1, 1, 0, 0, 1, 1, 1, 0, 0, 0, 0, 1, 1)",8.0,9.0,11.0,14.0,11.0,14.191,16.029666666666667,18.725,0.0,1.1548268820595144,2.1692386955435206,2.5339106867232477,16.0,1.0,4.0,8.0,0.12076005193924348,0.11255384398303239,0.015320885861906193,0.0251833831755413,1.0,3.0,6.0,3.1910000000000007,5.029666666666667,7.725000000000001,1.1548268820595144,2.1692386955435206,2.5339106867232477,3.37643943299427,4.743241972818479,8.608010047432062
0,3,0.8571428571428571,1.6582280766035322,4.371,"(1, 0, 1, 0, 0, 1, 1, 0, 1, 1, 0, 0, 1, 1, 0, 1, 0, 1, 0, 0, 1, 0, 1, 0, 0)",7.0,10.0,10.0,13.0,10.045333333333334,14.416333333333334,16.091,17.8,0.0,2.276065433189602,2.5783696239326295,3.358879154833505,2.0,3.0,4.0,3.0,0.21608424586374822,0.025283192605518676,0.03690802686224872,0.03823896522474137,3.0,3.0,6.0,4.371,6.045666666666667,7.754666666666667,2.276065433189602,2.5783696239326295,3.358879154833505,3.473879317332261,5.749569306185979,7.2892182709049305
0,4,1.1428571428571428,1.6582280766035322,4.4576666666666656,"(0, 0, 1, 0, 0, 0, 0, 0, 0, 0, 0, 1, 0, 1, 1, 0, 0, 0, 0, 0, 0, 1, 0, 0, 1)",6.0,10.0,10.0,12.0,7.267,14.729,11.724666666666666,16.13,0.0,3.3457423035155234,3.275239973125263,4.7525645789495545,5.0,2.0,25.0,8.0,0.12242206911268261,0.028305479344946607,0.12622791751096823,0.04206007984009599,4.0,4.0,6.0,7.461999999999999,4.4576666666666656,8.863,3.3457423035155234,3.275239973125263,4.7525645789495545,6.825694082845938,1.960733141755834,6.816039422251509
0,5,1.4285714285714284,1.6582280766035322,6.991333333333333,"(1, 0, 0, 1, 0, 0, 0, 0, 1, 1, 0, 1, 0, 0, 1, 0, 1, 0, 0, 0, 1, 1, 0, 1, 0)",6.0,12.0,10.0,13.0,7.884,15.850666666666667,14.875333333333334,17.602,0.0,3.082719693431592,3.1022683599791074,4.575696129823379,1.0,2.0,3.0,6.0,0.14220182388538075,0.047541187509104264,0.052967591170957576,0.007028346179721687,6.0,4.0,7.0,7.966666666666667,6.991333333333333,9.718,3.082719693431592,3.1022683599791074,4.575696129823379,8.09869799566124,6.4489567305513456,8.527112655953877
0,6,1.7142857142857142,1.6582280766035322,6.001,"(1, 1, 0, 0, 0, 1, 0, 0, 1, 0, 1, 1, 1, 1, 0, 0, 1, 1, 0, 0, 1, 0, 0, 0, 1)",6.0,10.0,11.0,12.0,7.589333333333333,13.590333333333334,14.662333333333333,18.1,0.0,2.985031634963239,3.066404571633455,4.099876795620201,2.0,10.0,8.0,1.0,0.30642770776044687,0.029917537541461602,0.07521165032342535,0.014976392418521257,4.0,5.0,6.0,6.001,7.0729999999999995,10.510666666666669,2.985031634963239,3.066404571633455,4.099876795620201,5.001163421052008,6.643849030908761,10.630551757374791
0,7,2.0,1.6582280766035322,6.088666666666667,"(1, 1, 0, 0, 0, 0, 1, 1, 0, 0, 0, 0, 0, 0, 1, 1, 1, 0, 1, 0, 0, 0, 0, 0, 0)",5.0,9.0,9.0,11.0,6.433,12.978666666666667,12.521666666666667,15.404333333333334,0.0,2.9136725534000685,2.932207858345213,5.007047314438977,2.0,2.0,5.0,2.0,0.1266590186201554,0.044345719361412086,0.12676464213270805,0.025789270436792668,4.0,4.0,6.0,6.545666666666667,6.088666666666667,8.971333333333334,2.9136725534000685,2.932207858345213,5.007047314438977,6.022674612677424,5.2341286186011615,6.573690380217463
1,0,0.0,1.6582280766035322,3.7010000000000005,"(0, 1, 0, 1, 0, 1, 1, 0, 0, 1, 1, 1, 0, 1, 0, 1, 1, 1, 0, 1, 0, 1, 1, 0, 0)",10.0,11.0,13.0,13.0,12.636,16.337,17.961666666666666,18.503333333333334,0.0,2.082845012752477,1.5640315094742487,2.7136533978488675,44.0,3.0,11.0,1.0,0.13513841456029727,0.07068015610979597,0.07866874478030837,0.009476530815539213,1.0,3.0,3.0,3.7010000000000005,5.325666666666667,5.867333333333335,2.082845012752477,1.5640315094742487,2.7136533978488675,2.6832700321498737,6.237649031595409,5.22952061364156
1,1,0.2857142857142857,1.6582280766035322,4.289666666666667,"(1, 1, 0, 1, 0, 0, 0, 1, 1, 1, 0, 1, 0, 0, 1, 1, 0, 1, 0, 0, 0, 0, 0, 0, 0)",7.0,10.0,10.0,11.0,9.304,16.567,13.593666666666667,18.777,0.0,2.945796116195159,2.7980940564608012,4.11704866859125,4.0,3.0,5.0,2.0,0.22121496708286878,0.028227739440259258,0.06089171587711947,0.027307979965310737,3.0,3.0,4.0,7.263,4.289666666666667,9.473,2.945796116195159,2.7980940564608012,4.11704866859125,7.1589086925470005,2.473367580536183,8.88138887466406
1,2,0.5714285714285714,1.6582280766035322,3.1910000000000007,"(0, 1, 0, 1, 1, 0, 1, 1, 0, 1, 0, 1, 1, 1, 0, 0, 1, 1, 1, 0, 0, 0, 0, 1, 1)",8.0,9.0,11.0,14.0,11.0,14.191,16.029666666666667,18.725,0.0,1.1548268820595144,2.1692386955435206,2.5339106867232477,16.0,1.0,4.0,8.0,0.12076005193924348,0.11255384398303239,0.015320885861906193,0.0251833831755413,1.0,3.0,6.0,3.1910000000000007,5.029666666666667,7.725000000000001,1.1548268820595144,2.1692386955435206,2.5339106867232477,3.37643943299427,4.743241972818479,8.608010047432062
1,3,0.8571428571428571,1.6582280766035322,4.371,"(1, 0, 1, 0, 0, 1, 1, 0, 1, 1, 0, 0, 1, 1, 0, 1, 0, 1, 0, 0, 1, 0, 1, 0, 0)",7.0,10.0,10.0,13.0,10.045333333333334,14.416333333333334,16.091,17.8,0.0,2.276065433189602,2.5783696239326295,3.358879154833505,2.0,3.0,4.0,3.0,0.21608424586374822,0.025283192605518676,0.03690802686224872,0.03823896522474137,3.0,3.0,6.0,4.371,6.045666666666667,7.754666666666667,2.276065433189602,2.5783696239326295,3.358879154833505,3.473879317332261,5.749569306185979,7.2892182709049305
1,4,1.1428571428571428,1.6582280766035322,5.688333333333333,"(0, 0, 1, 0, 0, 0, 0, 0, 0, 0, 0, 1, 0, 1, 1, 0, 0, 0, 1, 0, 0, 1, 0, 1, 1)",6.0,10.0,10.0,13.0,8.157,13.869666666666667,13.845333333333333,17.145,0.0,3.677139184624739,2.8431517982533987,4.173787705945701,2.0,8.0,8.0,1.0,0.1576924328728268,0.01637365051981133,0.05538344970494839,0.016068219048369952,4.0,4.0,7.0,5.712666666666667,5.688333333333333,8.988,3.677139184624739,2.8431517982533987,4.173787705945701,3.3753688214200177,4.717959904503484,7.983061992730738
1,5,1.4285714285714284,1.6582280766035322,6.991333333333333,"(1, 0, 0, 1, 0, 0, 0, 0, 1, 1, 0, 1, 0, 0, 1, 0, 1, 0, 0, 0, 1, 1, 0, 1, 0)",6.0,12.0,10.0,13.0,7.884,15.850666666666667,14.875333333333334,17.602,0.0,3.082719693431592,3.1022683599791074,4.575696129823379,1.0,2.0,3.0,6.0,0.14220182388538075,0.047541187509104264,0.052967591170957576,0.007028346179721687,6.0,4.0,7.0,7.966666666666667,6.991333333333333,9.718,3.082719693431592,3.1022683599791074,4.575696129823379,8.09869799566124,6.4489567305513456,8.527112655953877
1,6,1.7142857142857142,1.6582280766035322,6.001,"(1, 1, 0, 0, 0, 1, 0, 0, 1, 0, 1, 1, 1, 1, 0, 0, 1, 1, 0, 0, 1, 0, 0, 0, 1)",6.0,10.0,11.0,12.0,7.589333333333333,13.590333333333334,14.662333333333333,18.1,0.0,2.985031634963239,3.066404571633455,4.099876795620201,2.0,10.0,8.0,1.0,0.30642770776044687,0.029917537541461602,0.07521165032342535,0.014976392418521257,4.0,5.0,6.0,6.001,7.0729999999999995,10.510666666666669,2.985031634963239,3.066404571633455,4.099876795620201,5.001163421052008,6.643849030908761,10.630551757374791
1,7,2.0,1.6582280766035322,6.088666666666667,"(1, 1, 0, 0, 0, 0, 1, 1, 0, 0, 0, 0, 0, 0, 1, 1, 1, 0, 1, 0, 0, 0, 0, 0, 0)",5.0,9.0,9.0,11.0,6.433,12.978666666666667,12.521666666666667,15.404333333333334,0.0,2.9136725534000685,2.932207858345213,5.007047314438977,2.0,2.0,5.0,2.0,0.1266590186201554,0.044345719361412086,0.12676464213270805,0.025789270436792668,4.0,4.0,6.0,6.545666666666667,6.088666666666667,8.971333333333334,2.9136725534000685,2.932207858345213,5.007047314438977,6.022674612677424,5.2341286186011615,6.573690380217463
2,0,0.0,1.6582280766035322,3.7010000000000005,"(0, 1, 0, 1, 0, 1, 1, 0, 0, 1, 1, 1, 0, 1, 0, 1, 1, 1, 0, 1, 0, 1, 1, 0, 0)",10.0,11.0,13.0,13.0,12.636,16.337,17.961666666666666,18.503333333333334,0.0,2.082845012752477,1.5640315094742487,2.7136533978488675,44.0,3.0,11.0,1.0,0.13513841456029727,0.07068015610979597,0.07866874478030837,0.009476530815539213,1.0,3.0,3.0,3.7010000000000005,5.325666666666667,5.867333333333335,2.082845012752477,1.5640315094742487,2.7136533978488675,2.6832700321498737,6.237649031595409,5.22952061364156
2,1,0.2857142857142857,1.6582280766035322,1.971,"(1, 1, 0, 1, 0, 1, 0, 1, 1, 0, 0, 1, 0, 0, 1, 1, 0, 1, 0, 0, 0, 0, 0, 0, 0)",8.0,9.0,10.0,12.0,10.594,14.670666666666667,12.565,18.006333333333334,0.0,2.1871383463926355,2.3634724775830156,3.2779484123170497,30.0,1.0,10.0,1.0,0.23609676667416746,0.012371530157740377,0.024694083776746298,0.021370000505908305,1.0,2.0,4.0,4.076666666666668,1.971,7.4123333333333346,2.1871383463926355,2.3634724775830156,3.2779484123170497,3.133268912215912,-0.6508088816223068,6.85575315551548
2,2,0.5714285714285714,1.6582280766035322,4.637666666666668,"(0, 1, 0, 1, 1, 0, 1, 1, 0, 1, 0, 1, 1, 1, 1, 0, 1, 1, 1, 1, 0, 0, 0, 1, 1)",8.0,12.0,12.0,14.0,11.57,16.207666666666668,17.386,18.849,0.0,1.8420058093822207,2.2566365275587295,3.3514908275144157,1.0,12.0,8.0,7.0,0.08544639975813575,0.04524753521775952,0.08264004052694619,0.03348029863336841,4.0,4.0,6.0,4.637666666666668,5.815999999999999,7.279,1.8420058093822207,2.2566365275587295,3.3514908275144157,4.635843326210571,5.902236444839156,6.512705980933501
2,3,0.8571428571428571,1.6582280766035322,6.4733333333333345,"(1, 0, 1, 0, 0, 0, 1, 0, 1, 1, 1, 0, 1, 1, 0, 1, 0, 1, 0, 0, 1, 0, 1, 0, 0)",7.0,12.0,10.0,14.0,9.111333333333333,15.622,15.584666666666667,18.174333333333333,0.0,2.123471600629263,2.1593446013531175,3.1736919281897036,1.0,14.0,1.0,9.0,0.13041804451843397,0.04892296324872408,0.07025524326973771,0.010318117509712007,5.0,3.0,7.0,6.510666666666667,6.4733333333333345,9.063,2.123471600629263,2.1593446013531175,3.1736919281897036,7.274970036039711,7.153577237520866,9.765815996443646
2,4,1.1428571428571428,1.6582280766035322,4.2716666666666665,"(0, 0, 1, 0, 1, 0, 0, 0, 0, 0, 0, 1, 0, 1, 1, 0, 0, 0, 1, 0, 0, 1, 0, 1, 0)",6.0,9.0,9.0,13.0,8.622,12.893666666666666,13.453,17.496666666666666,0.0,3.8680749352674333,3.3493443433930343,5.013578890585153,1.0,1.0,1.0,16.0,0.18779826492303003,0.07466684186506405,0.08843618516082521,0.007957294015061473,3.0,3.0,7.0,4.2716666666666665,4.8309999999999995,8.874666666666666,3.8680749352674333,3.3493443433930343,5.013578890585153,0.6692471404912399,2.4569230096441115,6.402564156529057
2,5,1.4285714285714284,1.6582280766035322,6.991333333333333,"(1, 0, 0, 1, 0, 0, 0, 0, 1, 1, 0, 1, 0, 0, 1, 0, 1, 0, 0, 0, 1, 1, 0, 1, 0)",6.0,12.0,10.0,13.0,7.884,15.850666666666667,14.875333333333334,17.602,0.0,3.082719693431592,3.1022683599791074,4.575696129823379,1.0,2.0,3.0,6.0,0.14220182388538075,0.047541187509104264,0.052967591170957576,0.007028346179721687,6.0,4.0,7.0,7.966666666666667,6.991333333333333,9.718,3.082719693431592,3.1022683599791074,4.575696129823379,8.09869799566124,6.4489567305513456,8.527112655953877
2,6,1.7142857142857142,1.6582280766035322,6.001,"(1, 1, 0, 0, 0, 1, 0, 0, 1, 0, 1, 1, 1, 1, 0, 0, 1, 1, 0, 0, 1, 0, 0, 0, 1)",6.0,10.0,11.0,12.0,7.589333333333333,13.590333333333334,14.662333333333333,18.1,0.0,2.985031634963239,3.066404571633455,4.099876795620201,2.0,10.0,8.0,1.0,0.30642770776044687,0.029917537541461602,0.07521165032342535,0.014976392418521257,4.0,5.0,6.0,6.001,7.0729999999999995,10.510666666666669,2.985031634963239,3.066404571633455,4.099876795620201,5.001163421052008,6.643849030908761,10.630551757374791
2,7,2.0,1.6582280766035322,6.088666666666667,"(1, 1, 0, 0, 0, 0, 1, 1, 0, 0, 0, 0, 0, 0, 1, 1, 1, 0, 1, 0, 0, 0, 0, 0, 0)",5.0,9.0,9.0,11.0,6.433,12.978666666666667,12.521666666666667,15.404333333333334,0.0,2.9136725534000685,2.932207858345213,5.007047314438977,2.0,2.0,5.0,2.0,0.1266590186201554,0.044345719361412086,0.12676464213270805,0.025789270436792668,4.0,4.0,6.0,6.545666666666667,6.088666666666667,8.971333333333334,2.9136725534000685,2.932207858345213,5.007047314438977,6.022674612677424,5.2341286186011615,6.573690380217463
3,0,0.0,1.6582280766035322,3.7010000000000005,"(0, 1, 0, 1, 0, 1, 1, 0, 0, 1, 1, 1, 0, 1, 0, 1, 1, 1, 0, 1, 0, 1, 1, 0, 0)",10.0,11.0,13.0,13.0,12.636,16.337,17.961666666666666,18.503333333333334,0.0,2.082845012752477,1.5640315094742487,2.7136533978488675,44.0,3.0,11.0,1.0,0.13513841456029727,0.07068015610979597,0.07866874478030837,0.009476530815539213,1.0,3.0,3.0,3.7010000000000005,5.325666666666667,5.867333333333335,2.082845012752477,1.5640315094742487,2.7136533978488675,2.6832700321498737,6.237649031595409,5.22952061364156
3,1,0.2857142857142857,1.6582280766035322,1.971,"(1, 1, 0, 1, 0, 1, 0, 1, 1, 0, 0, 1, 0, 0, 1, 1, 0, 1, 0, 0, 0, 0, 0, 0, 0)",8.0,9.0,10.0,12.0,10.594,14.670666666666667,12.565,18.006333333333334,0.0,2.1871383463926355,2.3634724775830156,3.2779484123170497,30.0,1.0,10.0,1.0,0.23609676667416746,0.012371530157740377,0.024694083776746298,0.021370000505908305,1.0,2.0,4.0,4.076666666666668,1.971,7.4123333333333346,2.1871383463926355,2.3634724775830156,3.2779484123170497,3.133268912215912,-0.6508088816223068,6.85575315551548
3,2,0.5714285714285714,1.6582280766035322,6.512333333333332,"(1, 1, 0, 1, 1, 0, 1, 1, 0, 1, 0, 1, 1, 1, 1, 0, 1, 1, 1, 1, 1, 0, 0, 1, 1)",9.0,13.0,12.0,14.0,11.576333333333332,18.088666666666665,18.422,19.023,0.0,1.5923411476931528,2.10530479081225,2.631165763416044,7.0,7.0,1.0,4.0,0.24777106032237928,0.04950797850996981,0.02991461044512395,0.029500059150761183,4.0,3.0,5.0,6.512333333333332,6.845666666666668,7.446666666666667,1.5923411476931528,2.10530479081225,2.631165763416044,8.158469178898523,7.860601155802784,7.985198800679853
3,3,0.8571428571428571,1.6582280766035322,6.4733333333333345,"(1, 0, 1, 0, 0, 0, 1, 0, 1, 1, 1, 0, 1, 1, 0, 1, 0, 1, 0, 0, 1, 0, 1, 0, 0)",7.0,12.0,10.0,14.0,9.111333333333333,15.622,15.584666666666667,18.174333333333333,0.0,2.123471600629263,2.1593446013531175,3.1736919281897036,1.0,14.0,1.0,9.0,0.13041804451843397,0.04892296324872408,0.07025524326973771,0.010318117509712007,5.0,3.0,7.0,6.510666666666667,6.4733333333333345,9.063,2.123471600629263,2.1593446013531175,3.1736919281897036,7.274970036039711,7.153577237520866,9.765815996443646
3,4,1.1428571428571428,1.6582280766035322,4.797666666666666,"(0, 0, 1, 1, 1, 0, 0, 0, 1, 0, 0, 1, 0, 1, 1, 0, 0, 0, 1, 0, 0, 1, 0, 1, 0)",7.0,11.0,11.0,14.0,10.955,17.124,15.752666666666666,17.885,0.0,3.243263808381426,2.6947127482627744,3.791906992282111,2.0,2.0,2.0,7.0,0.07752131304605303,0.08537462442856239,0.034345457036502144,0.05083294429418676,4.0,4.0,7.0,6.168999999999999,4.797666666666666,6.9300000000000015,3.243263808381426,2.6947127482627744,3.791906992282111,4.851537897677009,3.487177231300747,5.20367393239103
3,5,1.4285714285714284,1.6582280766035322,6.991333333333333,"(1, 0, 0, 1, 0, 0, 0, 0, 1, 1, 0, 1, 0, 0, 1, 0, 1, 0, 0, 0, 1, 1, 0, 1, 0)",6.0,12.0,10.0,13.0,7.884,15.850666666666667,14.875333333333334,17.602,0.0,3.082719693431592,3.1022683599791074,4.575696129823379,1.0,2.0,3.0,6.0,0.14220182388538075,0.047541187509104264,0.052967591170957576,0.007028346179721687,6.0,4.0,7.0,7.966666666666667,6.991333333333333,9.718,3.082719693431592,3.1022683599791074,4.575696129823379,8.09869799566124,6.4489567305513456,8.527112655953877
3,6,1.7142857142857142,1.6582280766035322,6.001,"(1, 1, 0, 0, 0, 1, 0, 0, 1, 0, 1, 1, 1, 1, 0, 0, 1, 1, 0, 0, 1, 0, 0, 0, 1)",6.0,10.0,11.0,12.0,7.589333333333333,13.590333333333334,14.662333333333333,18.1,0.0,2.985031634963239,3.066404571633455,4.099876795620201,2.0,10.0,8.0,1.0,0.30642770776044687,0.029917537541461602,0.07521165032342535,0.014976392418521257,4.0,5.0,6.0,6.001,7.0729999999999995,10.510666666666669,2.985031634963239,3.066404571633455,4.099876795620201,5.001163421052008,6.643849030908761,10.630551757374791
3,7,2.0,1.6582280766035322,7.6143333333333345,"(1, 1, 0, 0, 0, 0, 1, 1, 0, 0, 0, 0, 0, 0, 1, 1, 1, 0, 1, 1, 0, 0, 0, 0, 1)",6.0,10.0,11.0,13.0,8.357,17.101333333333333,15.971333333333334,17.046666666666667,0.0,3.383863124520998,4.09083945260271,4.608271099150437,3.0,1.0,3.0,14.0,0.18285730627042704,0.03708281634956121,0.02629153674342957,0.028045506552892698,4.0,5.0,7.0,8.744333333333334,7.6143333333333345,8.689666666666668,3.383863124520998,4.09083945260271,4.608271099150437,8.888882204049414,5.8427564807682595,6.76788472178062
4,0,0.0,1.6582280766035322,2.6339999999999986,"(0, 1, 0, 1, 0, 1, 1, 0, 0, 1, 1, 1, 0, 1, 0, 1, 1, 1, 0, 0, 0, 1, 1, 0, 1)",9.0,11.0,12.0,13.0,12.361,14.995,16.556333333333335,16.124333333333333,0.0,2.364531901076401,2.5005342404925006,3.7645185918835433,13.0,3.0,3.0,3.0,0.15579465532889322,0.022891313402000017,0.07863761166632004,0.028280275604805703,2.0,3.0,4.0,2.6339999999999986,4.195333333333334,3.763333333333332,2.364531901076401,2.5005342404925006,3.7645185918835433,0.44683956738408753,2.8103634399508666,-0.001965429005995031
4,1,0.2857142857142857,1.6582280766035322,4.438666666666666,"(1, 1, 0, 1, 0, 1, 0, 1, 1, 0, 0, 1, 0, 0, 0, 1, 0, 1, 0, 1, 0, 0, 0, 0, 0)",7.0,10.0,9.0,13.0,8.905666666666667,13.764333333333333,13.344333333333333,17.738666666666667,0.0,2.860904051051261,2.1267880567824697,4.8140203539441195,11.0,4.0,5.0,4.0,0.22668489637048167,0.038520358775261485,0.06464424062873489,0.04788249881390829,3.0,2.0,6.0,4.858666666666666,4.438666666666666,8.833,2.860904051051261,2.1267880567824697,4.8140203539441195,3.312746059602375,3.833622020609119,6.664384888387987
4,2,0.5714285714285714,1.6582280766035322,6.512333333333332,"(1, 1, 0, 1, 1, 0, 1, 1, 0, 1, 0, 1, 1, 1, 1, 0, 1, 1, 1, 1, 1, 0, 0, 1, 1)",9.0,13.0,12.0,14.0,11.576333333333332,18.088666666666665,18.422,19.023,0.0,1.5923411476931528,2.10530479081225,2.631165763416044,7.0,7.0,1.0,4.0,0.24777106032237928,0.04950797850996981,0.02991461044512395,0.029500059150761183,4.0,3.0,5.0,6.512333333333332,6.845666666666668,7.446666666666667,1.5923411476931528,2.10530479081225,2.631165763416044,8.158469178898523,7.860601155802784,7.985198800679853
4,3,0.8571428571428571,1.6582280766035322,6.4733333333333345,"(1, 0, 1, 0, 0, 0, 1, 0, 1, 1, 1, 0, 1, 1, 0, 1, 0, 1, 0, 0, 1, 0, 1, 0, 0)",7.0,12.0,10.0,14.0,9.111333333333333,15.622,15.584666666666667,18.174333333333333,0.0,2.123471600629263,2.1593446013531175,3.1736919281897036,1.0,14.0,1.0,9.0,0.13041804451843397,0.04892296324872408,0.07025524326973771,0.010318117509712007,5.0,3.0,7.0,6.510666666666667,6.4733333333333345,9.063,2.123471600629263,2.1593446013531175,3.1736919281897036,7.274970036039711,7.153577237520866,9.765815996443646
4,4,1.1428571428571428,1.6582280766035322,5.551,"(0, 0, 1, 1, 1, 0, 0, 0, 1, 0, 0, 1, 0, 1, 1, 0, 0, 1, 1, 0, 0, 1, 1, 1, 0)",8.0,12.0,13.0,15.0,10.236666666666666,15.787666666666667,16.343,21.043333333333333,0.0,2.2508419416688206,1.520843880456929,3.5517587172771052,7.0,4.0,33.0,2.0,0.19651201683103323,0.05742267153779293,0.05687690210529468,0.011723249479909421,4.0,5.0,7.0,5.551,6.106333333333334,10.806666666666667,2.2508419416688206,1.520843880456929,3.5517587172771052,5.47241474955416,7.603787355729024,12.030292054851929
4,5,1.4285714285714284,1.6582280766035322,6.154,"(1, 0, 0, 1, 1, 0, 0, 0, 1, 0, 0, 1, 0, 0, 1, 0, 1, 0, 0, 0, 1, 1, 0, 1, 0)",6.0,10.0,10.0,12.0,8.728,14.987333333333334,14.882,16.641,0.0,2.236120561299863,3.056409141282818,3.978945906944787,2.0,4.0,6.0,1.0,0.11635634946840089,0.14053159513814265,0.07967575165857606,0.07157496936533853,4.0,4.0,6.0,6.259333333333334,6.154,7.9129999999999985,2.236120561299863,3.056409141282818,3.978945906944787,6.671404376735827,5.136512131755277,6.523558951981197
4,6,1.7142857142857142,1.6582280766035322,6.001,"(1, 1, 0, 0, 0, 1, 0, 0, 1, 0, 1, 1, 1, 1, 0, 0, 1, 1, 0, 0, 1, 0, 0, 0, 1)",6.0,10.0,11.0,12.0,7.589333333333333,13.590333333333334,14.662333333333333,18.1,0.0,2.985031634963239,3.066404571633455,4.099876795620201,2.0,10.0,8.0,1.0,0.30642770776044687,0.029917537541461602,0.07521165032342535,0.014976392418521257,4.0,5.0,6.0,6.001,7.0729999999999995,10.510666666666669,2.985031634963239,3.066404571633455,4.099876795620201,5.001163421052008,6.643849030908761,10.630551757374791
4,7,2.0,1.6582280766035322,7.6143333333333345,"(1, 1, 0, 0, 0, 0, 1, 1, 0, 0, 0, 0, 0, 0, 1, 1, 1, 0, 1, 1, 0, 0, 0, 0, 1)",6.0,10.0,11.0,13.0,8.357,17.101333333333333,15.971333333333334,17.046666666666667,0.0,3.383863124520998,4.09083945260271,4.608271099150437,3.0,1.0,3.0,14.0,0.18285730627042704,0.03708281634956121,0.02629153674342957,0.028045506552892698,4.0,5.0,7.0,8.744333333333334,7.6143333333333345,8.689666666666668,3.383863124520998,4.09083945260271,4.608271099150437,8.888882204049414,5.8427564807682595,6.76788472178062
5,0,0.0,1.6582280766035322,2.6339999999999986,"(0, 1, 0, 1, 0, 1, 1, 0, 0, 1, 1, 1, 0, 1, 0, 1, 1, 1, 0, 0, 0, 1, 1, 0, 1)",9.0,11.0,12.0,13.0,12.361,14.995,16.556333333333335,16.124333333333333,0.0,2.364531901076401,2.5005342404925006,3.7645185918835433,13.0,3.0,3.0,3.0,0.15579465532889322,0.022891313402000017,0.07863761166632004,0.028280275604805703,2.0,3.0,4.0,2.6339999999999986,4.195333333333334,3.763333333333332,2.364531901076401,2.5005342404925006,3.7645185918835433,0.44683956738408753,2.8103634399508666,-0.001965429005995031
5,1,0.2857142857142857,1.6582280766035322,6.022333333333333,"(0, 0, 0, 1, 0, 1, 0, 1, 1, 0, 0, 1, 0, 0, 0, 1, 0, 1, 0, 1, 0, 0, 0, 0, 0)",6.0,10.0,9.0,12.0,7.335,13.357333333333333,14.643333333333333,17.688666666666666,0.0,2.4901611026355237,2.8426451174522147,3.712137009419277,4.0,3.0,1.0,2.0,0.19875614029124772,0.013032637823057367,0.037387734348596005,0.022559118025295356,4.0,3.0,6.0,6.022333333333333,7.308333333333333,10.353666666666665,2.4901611026355237,2.8426451174522147,3.712137009419277,5.857147164342436,7.405129580931605,11.013170949242653
5,2,0.5714285714285714,1.6582280766035322,6.512333333333332,"(1, 1, 0, 1, 1, 0, 1, 1, 0, 1, 0, 1, 1, 1, 1, 0, 1, 1, 1, 1, 1, 0, 0, 1, 1)",9.0,13.0,12.0,14.0,11.576333333333332,18.088666666666665,18.422,19.023,0.0,1.5923411476931528,2.10530479081225,2.631165763416044,7.0,7.0,1.0,4.0,0.24777106032237928,0.04950797850996981,0.02991461044512395,0.029500059150761183,4.0,3.0,5.0,6.512333333333332,6.845666666666668,7.446666666666667,1.5923411476931528,2.10530479081225,2.631165763416044,8.158469178898523,7.860601155802784,7.985198800679853
5,3,0.8571428571428571,1.6582280766035322,6.4733333333333345,"(1, 0, 1, 0, 0, 0, 1, 0, 1, 1, 1, 0, 1, 1, 0, 1, 0, 1, 0, 0, 1, 0, 1, 0, 0)",7.0,12.0,10.0,14.0,9.111333333333333,15.622,15.584666666666667,18.174333333333333,0.0,2.123471600629263,2.1593446013531175,3.1736919281897036,1.0,14.0,1.0,9.0,0.13041804451843397,0.04892296324872408,0.07025524326973771,0.010318117509712007,5.0,3.0,7.0,6.510666666666667,6.4733333333333345,9.063,2.123471600629263,2.1593446013531175,3.1736919281897036,7.274970036039711,7.153577237520866,9.765815996443646
5,4,1.1428571428571428,1.6582280766035322,5.551,"(0, 0, 1, 1, 1, 0, 0, 0, 1, 0, 0, 1, 0, 1, 1, 0, 0, 1, 1, 0, 0, 1, 1, 1, 0)",8.0,12.0,13.0,15.0,10.236666666666666,15.787666666666667,16.343,21.043333333333333,0.0,2.2508419416688206,1.520843880456929,3.5517587172771052,7.0,4.0,33.0,2.0,0.19651201683103323,0.05742267153779293,0.05687690210529468,0.011723249479909421,4.0,5.0,7.0,5.551,6.106333333333334,10.806666666666667,2.2508419416688206,1.520843880456929,3.5517587172771052,5.47241474955416,7.603787355729024,12.030292054851929
5,5,1.4285714285714284,1.6582280766035322,6.154,"(1, 0, 0, 1, 1, 0, 0, 0, 1, 0, 0, 1, 0, 0, 1, 0, 1, 0, 0, 0, 1, 1, 0, 1, 0)",6.0,10.0,10.0,12.0,8.728,14.987333333333334,14.882,16.641,0.0,2.236120561299863,3.056409141282818,3.978945906944787,2.0,4.0,6.0,1.0,0.11635634946840089,0.14053159513814265,0.07967575165857606,0.07157496936533853,4.0,4.0,6.0,6.259333333333334,6.154,7.9129999999999985,2.236120561299863,3.056409141282818,3.978945906944787,6.671404376735827,5.136512131755277,6.523558951981197
5,6,1.7142857142857142,1.6582280766035322,6.001,"(1, 1, 0, 0, 0, 1, 0, 0, 1, 0, 1, 1, 1, 1, 0, 0, 1, 1, 0, 0, 1, 0, 0, 0, 1)",6.0,10.0,11.0,12.0,7.589333333333333,13.590333333333334,14.662333333333333,18.1,0.0,2.985031634963239,3.066404571633455,4.099876795620201,2.0,10.0,8.0,1.0,0.30642770776044687,0.029917537541461602,0.07521165032342535,0.014976392418521257,4.0,5.0,6.0,6.001,7.0729999999999995,10.510666666666669,2.985031634963239,3.066404571633455,4.099876795620201,5.001163421052008,6.643849030908761,10.630551757374791
5,7,2.0,1.6582280766035322,7.6143333333333345,"(1, 1, 0, 0, 0, 0, 1, 1, 0, 0, 0, 0, 0, 0, 1, 1, 1, 0, 1, 1, 0, 0, 0, 0, 1)",6.0,10.0,11.0,13.0,8.357,17.101333333333333,15.971333333333334,17.046666666666667,0.0,3.383863124520998,4.09083945260271,4.608271099150437,3.0,1.0,3.0,14.0,0.18285730627042704,0.03708281634956121,0.02629153674342957,0.028045506552892698,4.0,5.0,7.0,8.744333333333334,7.6143333333333345,8.689666666666668,3.383863124520998,4.09083945260271,4.608271099150437,8.888882204049414,5.8427564807682595,6.76788472178062
6,0,0.0,1.6582280766035322,5.473000000000001,"(0, 1, 0, 1, 0, 1, 1, 0, 0, 1, 1, 1, 0, 1, 0, 1, 1, 1, 0, 1, 0, 1, 1, 0, 0)",8.0,14.0,13.0,14.0,11.464333333333334,16.937333333333335,18.875333333333334,18.373666666666665,0.0,1.698301921788117,1.5918068297573562,2.702828853459927,2.0,46.0,6.0,8.0,0.11242845545512022,0.06890836223672744,0.020731278417685173,0.05300595713482976,6.0,5.0,6.0,5.473000000000001,7.411,6.909333333333331,1.698301921788117,1.5918068297573562,2.702828853459927,6.2593103339923415,9.649549498075869,6.975343832884616
6,1,0.2857142857142857,1.6582280766035322,6.022333333333333,"(0, 0, 0, 1, 0, 1, 0, 1, 1, 0, 0, 1, 0, 0, 0, 1, 0, 1, 0, 1, 0, 0, 0, 0, 0)",6.0,10.0,9.0,12.0,7.335,13.357333333333333,14.643333333333333,17.688666666666666,0.0,2.4901611026355237,2.8426451174522147,3.712137009419277,4.0,3.0,1.0,2.0,0.19875614029124772,0.013032637823057367,0.037387734348596005,0.022559118025295356,4.0,3.0,6.0,6.022333333333333,7.308333333333333,10.353666666666665,2.4901611026355237,2.8426451174522147,3.712137009419277,5.857147164342436,7.405129580931605,11.013170949242653
6,2,0.5714285714285714,1.6582280766035322,6.512333333333332,"(1, 1, 0, 1, 1, 0, 1, 1, 0, 1, 0, 1, 1, 1, 1, 0, 1, 1, 1, 1, 1, 0, 0, 1, 1)",9.0,13.0,12.0,14.0,11.576333333333332,18.088666666666665,18.422,19.023,0.0,1.5923411476931528,2.10530479081225,2.631165763416044,7.0,7.0,1.0,4.0,0.24777106032237928,0.04950797850996981,0.02991461044512395,0.029500059150761183,4.0,3.0,5.0,6.512333333333332,6.845666666666668,7.446666666666667,1.5923411476931528,2.10530479081225,2.631165763416044,8.158469178898523,7.860601155802784,7.985198800679853
6,3,0.8571428571428571,1.6582280766035322,6.4733333333333345,"(1, 0, 1, 0, 0, 0, 1, 0, 1, 1, 1, 0, 1, 1, 0, 1, 0, 1, 0, 0, 1, 0, 1, 0, 0)",7.0,12.0,10.0,14.0,9.111333333333333,15.622,15.584666666666667,18.174333333333333,0.0,2.123471600629263,2.1593446013531175,3.1736919281897036,1.0,14.0,1.0,9.0,0.13041804451843397,0.04892296324872408,0.07025524326973771,0.010318117509712007,5.0,3.0,7.0,6.510666666666667,6.4733333333333345,9.063,2.123471600629263,2.1593446013531175,3.1736919281897036,7.274970036039711,7.153577237520866,9.765815996443646
6,4,1.1428571428571428,1.6582280766035322,5.551,"(0, 0, 1, 1, 1, 0, 0, 0, 1, 0, 0, 1, 0, 1, 1, 0, 0, 1, 1, 0, 0, 1, 1, 1, 0)",8.0,12.0,13.0,15.0,10.236666666666666,15.787666666666667,16.343,21.043333333333333,0.0,2.2508419416688206,1.520843880456929,3.5517587172771052,7.0,4.0,33.0,2.0,0.19651201683103323,0.05742267153779293,0.05687690210529468,0.011723249479909421,4.0,5.0,7.0,5.551,6.106333333333334,10.806666666666667,2.2508419416688206,1.520843880456929,3.5517587172771052,5.47241474955416,7.603787355729024,12.030292054851929
6,5,1.4285714285714284,1.6582280766035322,6.154,"(1, 0, 0, 1, 1, 0, 0, 0, 1, 0, 0, 1, 0, 0, 1, 0, 1, 0, 0, 0, 1, 1, 0, 1, 0)",6.0,10.0,10.0,12.0,8.728,14.987333333333334,14.882,16.641,0.0,2.236120561299863,3.056409141282818,3.978945906944787,2.0,4.0,6.0,1.0,0.11635634946840089,0.14053159513814265,0.07967575165857606,0.07157496936533853,4.0,4.0,6.0,6.259333333333334,6.154,7.9129999999999985,2.236120561299863,3.056409141282818,3.978945906944787,6.671404376735827,5.136512131755277,6.523558951981197
6,6,1.7142857142857142,1.6582280766035322,6.001,"(1, 1, 0, 0, 0, 1, 0, 0, 1, 0, 1, 1, 1, 1, 0, 0, 1, 1, 0, 0, 1, 0, 0, 0, 1)",6.0,10.0,11.0,12.0,7.589333333333333,13.590333333333334,14.662333333333333,18.1,0.0,2.985031634963239,3.066404571633455,4.099876795620201,2.0,10.0,8.0,1.0,0.30642770776044687,0.029917537541461602,0.07521165032342535,0.014976392418521257,4.0,5.0,6.0,6.001,7.0729999999999995,10.510666666666669,2.985031634963239,3.066404571633455,4.099876795620201,5.001163421052008,6.643849030908761,10.630551757374791
6,7,2.0,1.6582280766035322,6.725,"(1, 1, 0, 0, 0, 0, 1, 1, 0, 0, 0, 0, 0, 0, 1, 1, 0, 1, 1, 1, 0, 0, 0, 0, 1)",6.0,11.0,10.0,12.0,8.081,14.841666666666667,14.806,14.988666666666667,0.0,3.4558947096930144,2.968956034998387,4.002704630331233,3.0,5.0,4.0,17.0,0.16865943878701237,0.035130903816889214,0.09298959899147116,0.047781182753034335,5.0,4.0,6.0,6.760666666666667,6.725,6.9076666666666675,3.4558947096930144,2.968956034998387,4.002704630331233,5.480065645825712,6.228377559722929,4.817089610118788
7,0,0.0,1.6582280766035322,5.473000000000001,"(0, 1, 0, 1, 0, 1, 1, 0, 0, 1, 1, 1, 0, 1, 0, 1, 1, 1, 0, 1, 0, 1, 1, 0, 0)",8.0,14.0,13.0,14.0,11.464333333333334,16.937333333333335,18.875333333333334,18.373666666666665,0.0,1.698301921788117,1.5918068297573562,2.702828853459927,2.0,46.0,6.0,8.0,0.11242845545512022,0.06890836223672744,0.020731278417685173,0.05300595713482976,6.0,5.0,6.0,5.473000000000001,7.411,6.909333333333331,1.698301921788117,1.5918068297573562,2.702828853459927,6.2593103339923415,9.649549498075869,6.975343832884616
7,1,0.2857142857142857,1.6582280766035322,6.022333333333333,"(0, 0, 0, 1, 0, 1, 0, 1, 1, 0, 0, 1, 0, 0, 0, 1, 0, 1, 0, 1, 0, 0, 0, 0, 0)",6.0,10.0,9.0,12.0,7.335,13.357333333333333,14.643333333333333,17.688666666666666,0.0,2.4901611026355237,2.8426451174522147,3.712137009419277,4.0,3.0,1.0,2.0,0.19875614029124772,0.013032637823057367,0.037387734348596005,0.022559118025295356,4.0,3.0,6.0,6.022333333333333,7.308333333333333,10.353666666666665,2.4901611026355237,2.8426451174522147,3.712137009419277,5.857147164342436,7.405129580931605,11.013170949242653
7,2,0.5714285714285714,1.6582280766035322,6.512333333333332,"(1, 1, 0, 1, 1, 0, 1, 1, 0, 1, 0, 1, 1, 1, 1, 0, 1, 1, 1, 1, 1, 0, 0, 1, 1)",9.0,13.0,12.0,14.0,11.576333333333332,18.088666666666665,18.422,19.023,0.0,1.5923411476931528,2.10530479081225,2.631165763416044,7.0,7.0,1.0,4.0,0.24777106032237928,0.04950797850996981,0.02991461044512395,0.029500059150761183,4.0,3.0,5.0,6.512333333333332,6.845666666666668,7.446666666666667,1.5923411476931528,2.10530479081225,2.631165763416044,8.158469178898523,7.860601155802784,7.985198800679853
7,3,0.8571428571428571,1.6582280766035322,6.4733333333333345,"(1, 0, 1, 0, 0, 0, 1, 0, 1, 1, 1, 0, 1, 1, 0, 1, 0, 1, 0, 0, 1, 0, 1, 0, 0)",7.0,12.0,10.0,14.0,9.111333333333333,15.622,15.584666666666667,18.174333333333333,0.0,2.123471600629263,2.1593446013531175,3.1736919281897036,1.0,14.0,1.0,9.0,0.13041804451843397,0.04892296324872408,0.07025524326973771,0.010318117509712007,5.0,3.0,7.0,6.510666666666667,6.4733333333333345,9.063,2.123471600629263,2.1593446013531175,3.1736919281897036,7.274970036039711,7.153577237520866,9.765815996443646
7,4,1.1428571428571428,1.6582280766035322,5.551,"(0, 0, 1, 1, 1, 0, 0, 0, 1, 0, 0, 1, 0, 1, 1, 0, 0, 1, 1, 0, 0, 1, 1, 1, 0)",8.0,12.0,13.0,15.0,10.236666666666666,15.787666666666667,16.343,21.043333333333333,0.0,2.2508419416688206,1.520843880456929,3.5517587172771052,7.0,4.0,33.0,2.0,0.19651201683103323,0.05742267153779293,0.05687690210529468,0.011723249479909421,4.0,5.0,7.0,5.551,6.106333333333334,10.806666666666667,2.2508419416688206,1.520843880456929,3.5517587172771052,5.47241474955416,7.603787355729024,12.030292054851929
7,5,1.4285714285714284,1.6582280766035322,6.154,"(1, 0, 0, 1, 1, 0, 0, 0, 1, 0, 0, 1, 0, 0, 1, 0, 1, 0, 0, 0, 1, 1, 0, 1, 0)",6.0,10.0,10.0,12.0,8.728,14.987333333333334,14.882,16.641,0.0,2.236120561299863,3.056409141282818,3.978945906944787,2.0,4.0,6.0,1.0,0.11635634946840089,0.14053159513814265,0.07967575165857606,0.07157496936533853,4.0,4.0,6.0,6.259333333333334,6.154,7.9129999999999985,2.236120561299863,3.056409141282818,3.978945906944787,6.671404376735827,5.136512131755277,6.523558951981197
7,6,1.7142857142857142,1.6582280766035322,6.001,"(1, 1, 0, 0, 0, 1, 0, 0, 1, 0, 1, 1, 1, 1, 0, 0, 1, 1, 0, 0, 1, 0, 0, 0, 1)",6.0,10.0,11.0,12.0,7.589333333333333,13.590333333333334,14.662333333333333,18.1,0.0,2.985031634963239,3.066404571633455,4.099876795620201,2.0,10.0,8.0,1.0,0.30642770776044687,0.029917537541461602,0.07521165032342535,0.014976392418521257,4.0,5.0,6.0,6.001,7.0729999999999995,10.510666666666669,2.985031634963239,3.066404571633455,4.099876795620201,5.001163421052008,6.643849030908761,10.630551757374791
7,7,2.0,1.6582280766035322,6.725,"(1, 1, 0, 0, 0, 0, 1, 1, 0, 0, 0, 0, 0, 0, 1, 1, 0, 1, 1, 1, 0, 0, 0, 0, 1)",6.0,11.0,10.0,12.0,8.081,14.841666666666667,14.806,14.988666666666667,0.0,3.4558947096930144,2.968956034998387,4.002704630331233,3.0,5.0,4.0,17.0,0.16865943878701237,0.035130903816889214,0.09298959899147116,0.047781182753034335,5.0,4.0,6.0,6.760666666666667,6.725,6.9076666666666675,3.4558947096930144,2.968956034998387,4.002704630331233,5.480065645825712,6.228377559722929,4.817089610118788
8,0,0.0,1.6582280766035322,1.8736666666666668,"(0, 1, 0, 1, 0, 1, 1, 0, 0, 1, 1, 1, 0, 1, 0, 0, 0, 1, 0, 1, 0, 1, 1, 0, 0)",8.0,11.0,9.0,13.0,9.834333333333333,16.673666666666666,11.708,18.157,0.0,3.556724189128713,3.108339317215119,3.846075776117827,11.0,5.0,1.0,2.0,0.10939530544380618,0.03463326905371394,0.07537845521550794,0.03381274029077611,3.0,1.0,5.0,6.839333333333332,1.8736666666666668,8.322666666666667,3.556724189128713,3.108339317215119,3.846075776117827,5.443314647435593,-2.047368854553945,7.423208702175696
8,1,0.2857142857142857,1.6582280766035322,6.022333333333333,"(0, 0, 0, 1, 0, 1, 0, 1, 1, 0, 0, 1, 0, 0, 0, 1, 0, 1, 0, 1, 0, 0, 0, 0, 0)",6.0,10.0,9.0,12.0,7.335,13.357333333333333,14.643333333333333,17.688666666666666,0.0,2.4901611026355237,2.8426451174522147,3.712137009419277,4.0,3.0,1.0,2.0,0.19875614029124772,0.013032637823057367,0.037387734348596005,0.022559118025295356,4.0,3.0,6.0,6.022333333333333,7.308333333333333,10.353666666666665,2.4901611026355237,2.8426451174522147,3.712137009419277,5.857147164342436,7.405129580931605,11.013170949242653
8,2,0.5714285714285714,1.6582280766035322,6.512333333333332,"(1, 1, 0, 1, 1, 0, 1, 1, 0, 1, 0, 1, 1, 1, 1, 0, 1, 1, 1, 1, 1, 0, 0, 1, 1)",9.0,13.0,12.0,14.0,11.576333333333332,18.088666666666665,18.422,19.023,0.0,1.5923411476931528,2.10530479081225,2.631165763416044,7.0,7.0,1.0,4.0,0.24777106032237928,0.04950797850996981,0.02991461044512395,0.029500059150761183,4.0,3.0,5.0,6.512333333333332,6.845666666666668,7.446666666666667,1.5923411476931528,2.10530479081225,2.631165763416044,8.158469178898523,7.860601155802784,7.985198800679853
8,3,0.8571428571428571,1.6582280766035322,6.4733333333333345,"(1, 0, 1, 0, 0, 0, 1, 0, 1, 1, 1, 0, 1, 1, 0, 1, 0, 1, 0, 0, 1, 0, 1, 0, 0)",7.0,12.0,10.0,14.0,9.111333333333333,15.622,15.584666666666667,18.174333333333333,0.0,2.123471600629263,2.1593446013531175,3.1736919281897036,1.0,14.0,1.0,9.0,0.13041804451843397,0.04892296324872408,0.07025524326973771,0.010318117509712007,5.0,3.0,7.0,6.510666666666667,6.4733333333333345,9.063,2.123471600629263,2.1593446013531175,3.1736919281897036,7.274970036039711,7.153577237520866,9.765815996443646
8,4,1.1428571428571428,1.6582280766035322,3.453333333333335,"(0, 0, 1, 1, 1, 0, 0, 0, 1, 0, 0, 1, 0, 1, 1, 0, 0, 1, 1, 0, 0, 1, 1, 0, 1)",7.0,10.0,11.0,16.0,10.588,15.767,14.041333333333334,19.599666666666668,0.0,1.7962479268461664,2.3571619985137175,3.440187604856299,1.0,2.0,5.0,19.0,0.20542663101976052,0.020222507338348395,0.094121235891084,0.01566147733740597,3.0,4.0,9.0,5.179,3.453333333333335,9.011666666666668,1.7962479268461664,2.3571619985137175,3.440187604856299,5.609374463892493,1.8177020841658607,9.238783008502661
8,5,1.4285714285714284,1.6582280766035322,6.154,"(1, 0, 0, 1, 1, 0, 0, 0, 1, 0, 0, 1, 0, 0, 1, 0, 1, 0, 0, 0, 1, 1, 0, 1, 0)",6.0,10.0,10.0,12.0,8.728,14.987333333333334,14.882,16.641,0.0,2.236120561299863,3.056409141282818,3.978945906944787,2.0,4.0,6.0,1.0,0.11635634946840089,0.14053159513814265,0.07967575165857606,0.07157496936533853,4.0,4.0,6.0,6.259333333333334,6.154,7.9129999999999985,2.236120561299863,3.056409141282818,3.978945906944787,6.671404376735827,5.136512131755277,6.523558951981197
8,6,1.7142857142857142,1.6582280766035322,6.001,"(1, 1, 0, 0, 0, 1, 0, 0, 1, 0, 1, 1, 1, 1, 0, 0, 1, 1, 0, 0, 1, 0, 0, 0, 1)",6.0,10.0,11.0,12.0,7.589333333333333,13.590333333333334,14.662333333333333,18.1,0.0,2.985031634963239,3.066404571633455,4.099876795620201,2.0,10.0,8.0,1.0,0.30642770776044687,0.029917537541461602,0.07521165032342535,0.014976392418521257,4.0,5.0,6.0,6.001,7.0729999999999995,10.510666666666669,2.985031634963239,3.066404571633455,4.099876795620201,5.001163421052008,6.643849030908761,10.630551757374791
8,7,2.0,1.6582280766035322,6.725,"(1, 1, 0, 0, 0, 0, 1, 1, 0, 0, 0, 0, 0, 0, 1, 1, 0, 1, 1, 1, 0, 0, 0, 0, 1)",6.0,11.0,10.0,12.0,8.081,14.841666666666667,14.806,14.988666666666667,0.0,3.4558947096930144,2.968956034998387,4.002704630331233,3.0,5.0,4.0,17.0,0.16865943878701237,0.035130903816889214,0.09298959899147116,0.047781182753034335,5.0,4.0,6.0,6.760666666666667,6.725,6.9076666666666675,3.4558947096930144,2.968956034998387,4.002704630331233,5.480065645825712,6.228377559722929,4.817089610118788
9,0,0.0,1.6582280766035322,1.8736666666666668,"(0, 1, 0, 1, 0, 1, 1, 0, 0, 1, 1, 1, 0, 1, 0, 0, 0, 1, 0, 1, 0, 1, 1, 0, 0)",8.0,11.0,9.0,13.0,9.834333333333333,16.673666666666666,11.708,18.157,0.0,3.556724189128713,3.108339317215119,3.846075776117827,11.0,5.0,1.0,2.0,0.10939530544380618,0.03463326905371394,0.07537845521550794,0.03381274029077611,3.0,1.0,5.0,6.839333333333332,1.8736666666666668,8.322666666666667,3.556724189128713,3.108339317215119,3.846075776117827,5.443314647435593,-2.047368854553945,7.423208702175696
9,1,0.2857142857142857,1.6582280766035322,6.4496666666666655,"(0, 0, 0, 1, 0, 1, 0, 1, 1, 0, 0, 1, 0, 0, 1, 1, 0, 1, 0, 0, 0, 0, 0, 0, 0)",7.0,10.0,10.0,12.0,8.207,15.773,14.656666666666666,16.996,0.0,2.9717842351068167,2.092877292615927,3.6468396727139116,16.0,2.0,7.0,1.0,0.06245195053927696,0.052070683455928385,0.02486719665364704,0.01685039311967086,3.0,3.0,5.0,7.565999999999999,6.4496666666666655,8.788999999999998,2.9717842351068167,2.092877292615927,3.6468396727139116,7.618257571320447,7.224550463898862,8.526874629102597
9,2,0.5714285714285714,1.6582280766035322,6.512333333333332,"(1, 1, 0, 1, 1, 0, 1, 1, 0, 1, 0, 1, 1, 1, 1, 0, 1, 1, 1, 1, 1, 0, 0, 1, 1)",9.0,13.0,12.0,14.0,11.576333333333332,18.088666666666665,18.422,19.023,0.0,1.5923411476931528,2.10530479081225,2.631165763416044,7.0,7.0,1.0,4.0,0.24777106032237928,0.04950797850996981,0.02991461044512395,0.029500059150761183,4.0,3.0,5.0,6.512333333333332,6.845666666666668,7.446666666666667,1.5923411476931528,2.10530479081225,2.631165763416044,8.158469178898523,7.860601155802784,7.985198800679853
9,3,0.8571428571428571,1.6582280766035322,6.4733333333333345,"(1, 0, 1, 0, 0, 0, 1, 0, 1, 1, 1, 0, 1, 1, 0, 1, 0, 1, 0, 0, 1, 0, 1, 0, 0)",7.0,12.0,10.0,14.0,9.111333333333333,15.622,15.584666666666667,18.174333333333333,0.0,2.123471600629263,2.1593446013531175,3.1736919281897036,1.0,14.0,1.0,9.0,0.13041804451843397,0.04892296324872408,0.07025524326973771,0.010318117509712007,5.0,3.0,7.0,6.510666666666667,6.4733333333333345,9.063,2.123471600629263,2.1593446013531175,3.1736919281897036,7.274970036039711,7.153577237520866,9.765815996443646
9,4,1.1428571428571428,1.6582280766035322,3.453333333333335,"(0, 0, 1, 1, 1, 0, 0, 0, 1, 0, 0, 1, 0, 1, 1, 0, 0, 1, 1, 0, 0, 1, 1, 0, 1)",7.0,10.0,11.0,16.0,10.588,15.767,14.041333333333334,19.599666666666668,0.0,1.7962479268461664,2.3571619985137175,3.440187604856299,1.0,2.0,5.0,19.0,0.20542663101976052,0.020222507338348395,0.094121235891084,0.01566147733740597,3.0,4.0,9.0,5.179,3.453333333333335,9.011666666666668,1.7962479268461664,2.3571619985137175,3.440187604856299,5.609374463892493,1.8177020841658607,9.238783008502661
9,5,1.4285714285714284,1.6582280766035322,7.929999999999998,"(1, 0, 0, 1, 1, 0, 0, 0, 1, 0, 0, 1, 0, 0, 1, 0, 1, 1, 1, 0, 1, 1, 0, 1, 0)",7.0,11.0,11.0,14.0,9.002,17.012666666666668,16.932,18.87,0.0,1.7196285773288802,2.269497007530612,4.0343583618379535,2.0,7.0,3.0,4.0,0.2120186436090664,0.011001555794412756,0.01243864943309583,0.0044309224240432505,4.0,4.0,7.0,8.010666666666667,7.929999999999998,9.868,1.7196285773288802,2.269497007530612,4.0343583618379535,10.43197599072216,9.386404989811048,9.67350835324373
9,6,1.7142857142857142,1.6582280766035322,6.001,"(1, 1, 0, 0, 0, 1, 0, 0, 1, 0, 1, 1, 1, 1, 0, 0, 1, 1, 0, 0, 1, 0, 0, 0, 1)",6.0,10.0,11.0,12.0,7.589333333333333,13.590333333333334,14.662333333333333,18.1,0.0,2.985031634963239,3.066404571633455,4.099876795620201,2.0,10.0,8.0,1.0,0.30642770776044687,0.029917537541461602,0.07521165032342535,0.014976392418521257,4.0,5.0,6.0,6.001,7.0729999999999995,10.510666666666669,2.985031634963239,3.066404571633455,4.099876795620201,5.001163421052008,6.643849030908761,10.630551757374791
9,7,2.0,1.6582280766035322,6.725,"(1, 1, 0, 0, 0, 0, 1, 1, 0, 0, 0, 0, 0, 0, 1, 1, 0, 1, 1, 1, 0, 0, 0, 0, 1)",6.0,11.0,10.0,12.0,8.081,14.841666666666667,14.806,14.988666666666667,0.0,3.4558947096930144,2.968956034998387,4.002704630331233,3.0,5.0,4.0,17.0,0.16865943878701237,0.035130903816889214,0.09298959899147116,0.047781182753034335,5.0,4.0,6.0,6.760666666666667,6.725,6.9076666666666675,3.4558947096930144,2.968956034998387,4.002704630331233,5.480065645825712,6.228377559722929,4.817089610118788
10,0,0.0,1.6582280766035322,3.8966666666666665,"(0, 0, 0, 1, 0, 0, 1, 1, 1, 0, 0, 1, 0, 0, 1, 1, 0, 1, 0, 0, 0, 0, 0, 0, 0)",6.0,9.0,9.0,11.0,8.315,12.211666666666666,13.018666666666666,15.294666666666666,0.0,3.791897779903907,4.277850730130775,4.548105057104339,7.0,5.0,6.0,1.0,0.21612582397818886,0.07558460888313047,0.05045185312402515,0.03245995770115165,3.0,3.0,5.0,3.8966666666666665,4.703666666666667,6.979666666666667,3.791897779903907,4.277850730130775,4.548105057104339,0.17373070958450418,0.7060999414290432,4.032083730967528
10,1,0.2857142857142857,1.6582280766035322,3.703000000000001,"(0, 1, 0, 1, 0, 0, 1, 0, 0, 0, 1, 1, 0, 1, 0, 0, 0, 1, 0, 1, 0, 1, 1, 0, 0)",7.0,10.0,11.0,13.0,10.902333333333333,14.605333333333334,15.331666666666667,17.070333333333334,0.0,1.4286740365323838,2.332887381947884,3.1098409348622655,1.0,1.0,5.0,15.0,0.20847921172640724,0.03869117332278825,0.0626772758715597,0.02012303328425487,3.0,4.0,6.0,3.703000000000001,4.429333333333334,6.168000000000001,1.4286740365323838,2.332887381947884,3.1098409348622655,3.7713511679703826,3.4763855376691573,5.071125224531003
10,2,0.5714285714285714,1.6582280766035322,5.831000000000001,"(0, 0, 1, 0, 1, 0, 1, 0, 1, 1, 1, 0, 1, 1, 0, 1, 0, 1, 0, 0, 1, 0, 1, 0, 0)",7.0,11.0,11.0,12.0,10.046,16.432333333333332,15.877,17.898333333333333,0.0,2.707204733106518,1.5169746816115206,3.614476588085531,2.0,1.0,11.0,1.0,0.09516053928498097,0.05976458784312879,0.03613106096334704,0.03536094457236865,4.0,4.0,5.0,6.386333333333333,5.831000000000001,7.852333333333334,2.707204733106518,1.5169746816115206,3.614476588085531,6.100834342331157,7.153637906130271,7.02733303959357
10,3,0.8571428571428571,1.6582280766035322,5.909333333333333,"(0, 0, 1, 1, 1, 0, 0, 0, 1, 0, 0, 1, 0, 1, 1, 0, 0, 1, 1, 0, 0, 1, 0, 1, 1)",8.0,13.0,10.0,13.0,10.616,17.133333333333333,16.525333333333332,19.286,0.0,2.3310449063072127,1.8394447682416888,3.0655386080823424,7.0,7.0,2.0,1.0,0.13544327833604955,0.016992041890100913,0.026109680996670787,0.010784737456366662,5.0,2.0,5.0,6.517333333333333,5.909333333333333,8.670000000000002,2.3310449063072127,1.8394447682416888,3.0655386080823424,6.94182100645515,6.7488034872826255,9.293475234318375
10,4,1.1428571428571428,1.6582280766035322,7.929999999999998,"(1, 0, 0, 1, 1, 0, 0, 0, 1, 0, 0, 1, 0, 0, 1, 0, 1, 1, 1, 0, 1, 1, 0, 1, 0)",7.0,11.0,11.0,14.0,9.002,17.012666666666668,16.932,18.87,0.0,1.7196285773288802,2.269497007530612,4.0343583618379535,2.0,7.0,3.0,4.0,0.2120186436090664,0.011001555794412756,0.01243864943309583,0.0044309224240432505,4.0,4.0,7.0,8.010666666666667,7.929999999999998,9.868,1.7196285773288802,2.269497007530612,4.0343583618379535,10.43197599072216,9.386404989811048,9.67350835324373
10,5,1.4285714285714284,1.6582280766035322,7.159333333333333,"(1, 1, 0, 0, 0, 1, 0, 0, 1, 0, 1, 1, 0, 1, 0, 0, 1, 0, 0, 0, 1, 0, 0, 0, 1)",5.0,9.0,9.0,12.0,7.756,14.915333333333333,15.353666666666667,17.060333333333332,0.0,2.9415768469780232,3.3076583320228634,4.767709728715868,1.0,2.0,1.0,3.0,0.21030998857041353,0.10651437999925222,0.12210304125179602,0.012398149940554277,4.0,4.0,7.0,7.159333333333333,7.597666666666667,9.304333333333332,2.9415768469780232,3.3076583320228634,4.767709728715868,6.994002225951037,7.113812269369517,7.522756634159001
10,6,1.7142857142857142,1.6582280766035322,6.725,"(1, 1, 0, 0, 0, 0, 1, 1, 0, 0, 0, 0, 0, 0, 1, 1, 0, 1, 1, 1, 0, 0, 0, 0, 1)",6.0,11.0,10.0,12.0,8.081,14.841666666666667,14.806,14.988666666666667,0.0,3.4558947096930144,2.968956034998387,4.002704630331233,3.0,5.0,4.0,17.0,0.16865943878701237,0.035130903816889214,0.09298959899147116,0.047781182753034335,5.0,4.0,6.0,6.760666666666667,6.725,6.9076666666666675,3.4558947096930144,2.968956034998387,4.002704630331233,5.480065645825712,6.228377559722929,4.817089610118788
10,7,2.0,1.6582280766035322,6.512333333333332,"(1, 1, 0, 1, 1, 0, 1, 1, 0, 1, 0, 1, 1, 1, 1, 0, 1, 1, 1, 1, 1, 0, 0, 1, 1)",9.0,13.0,12.0,14.0,11.576333333333332,18.088666666666665,18.422,19.023,0.0,1.5923411476931528,2.10530479081225,2.631165763416044,7.0,7.0,1.0,4.0,0.24777106032237928,0.04950797850996981,0.02991461044512395,0.029500059150761183,4.0,3.0,5.0,6.512333333333332,6.845666666666668,7.446666666666667,1.5923411476931528,2.10530479081225,2.631165763416044,8.158469178898523,7.860601155802784,7.985198800679853
11,0,0.0,1.6582280766035322,5.738333333333334,"(0, 0, 0, 1, 0, 0, 1, 1, 1, 0, 0, 1, 0, 1, 0, 1, 0, 1, 0, 0, 0, 0, 0, 0, 0)",6.0,10.0,9.0,12.0,7.935,15.695666666666666,13.673333333333334,16.143666666666668,0.0,2.745813810156773,2.490483535872642,3.075266879465081,8.0,4.0,4.0,4.0,0.10683578442616223,0.005883182120210728,0.011719493604416372,0.009545629653623044,4.0,3.0,6.0,7.760666666666666,5.738333333333334,8.20866666666667,2.745813810156773,2.490483535872642,3.075266879465081,8.31576980670013,5.385675722740415,8.512347655568272
11,1,0.2857142857142857,1.6582280766035322,2.4786666666666655,"(0, 1, 0, 1, 0, 0, 1, 1, 0, 0, 1, 1, 1, 1, 0, 0, 0, 1, 0, 1, 0, 1, 1, 0, 0)",8.0,10.0,11.0,13.0,10.112333333333334,12.591,14.614,16.607666666666667,0.0,3.270679845914604,2.627628210185957,4.588151265154313,16.0,10.0,16.0,4.0,0.22769706090663325,0.07729341734452162,0.08139717570357306,0.04231830532441378,2.0,3.0,5.0,2.4786666666666655,4.501666666666667,6.495333333333333,3.270679845914604,2.627628210185957,4.588151265154313,-1.3133384908689578,3.10758318517106,3.1625428526492434
11,2,0.5714285714285714,1.6582280766035322,5.831000000000001,"(0, 0, 1, 0, 1, 0, 1, 0, 1, 1, 1, 0, 1, 1, 0, 1, 0, 1, 0, 0, 1, 0, 1, 0, 0)",7.0,11.0,11.0,12.0,10.046,16.432333333333332,15.877,17.898333333333333,0.0,2.707204733106518,1.5169746816115206,3.614476588085531,2.0,1.0,11.0,1.0,0.09516053928498097,0.05976458784312879,0.03613106096334704,0.03536094457236865,4.0,4.0,5.0,6.386333333333333,5.831000000000001,7.852333333333334,2.707204733106518,1.5169746816115206,3.614476588085531,6.100834342331157,7.153637906130271,7.02733303959357
11,3,0.8571428571428571,1.6582280766035322,5.909333333333333,"(0, 0, 1, 1, 1, 0, 0, 0, 1, 0, 0, 1, 0, 1, 1, 0, 0, 1, 1, 0, 0, 1, 0, 1, 1)",8.0,13.0,10.0,13.0,10.616,17.133333333333333,16.525333333333332,19.286,0.0,2.3310449063072127,1.8394447682416888,3.0655386080823424,7.0,7.0,2.0,1.0,0.13544327833604955,0.016992041890100913,0.026109680996670787,0.010784737456366662,5.0,2.0,5.0,6.517333333333333,5.909333333333333,8.670000000000002,2.3310449063072127,1.8394447682416888,3.0655386080823424,6.94182100645515,6.7488034872826255,9.293475234318375
11,4,1.1428571428571428,1.6582280766035322,7.929999999999998,"(1, 0, 0, 1, 1, 0, 0, 0, 1, 0, 0, 1, 0, 0, 1, 0, 1, 1, 1, 0, 1, 1, 0, 1, 0)",7.0,11.0,11.0,14.0,9.002,17.012666666666668,16.932,18.87,0.0,1.7196285773288802,2.269497007530612,4.0343583618379535,2.0,7.0,3.0,4.0,0.2120186436090664,0.011001555794412756,0.01243864943309583,0.0044309224240432505,4.0,4.0,7.0,8.010666666666667,7.929999999999998,9.868,1.7196285773288802,2.269497007530612,4.0343583618379535,10.43197599072216,9.386404989811048,9.67350835324373
11,5,1.4285714285714284,1.6582280766035322,7.159333333333333,"(1, 1, 0, 0, 0, 1, 0, 0, 1, 0, 1, 1, 0, 1, 0, 0, 1, 0, 0, 0, 1, 0, 0, 0, 1)",5.0,9.0,9.0,12.0,7.756,14.915333333333333,15.353666666666667,17.060333333333332,0.0,2.9415768469780232,3.3076583320228634,4.767709728715868,1.0,2.0,1.0,3.0,0.21030998857041353,0.10651437999925222,0.12210304125179602,0.012398149940554277,4.0,4.0,7.0,7.159333333333333,7.597666666666667,9.304333333333332,2.9415768469780232,3.3076583320228634,4.767709728715868,6.994002225951037,7.113812269369517,7.522756634159001
11,6,1.7142857142857142,1.6582280766035322,6.725,"(1, 1, 0, 0, 0, 0, 1, 1, 0, 0, 0, 0, 0, 0, 1, 1, 0, 1, 1, 1, 0, 0, 0, 0, 1)",6.0,11.0,10.0,12.0,8.081,14.841666666666667,14.806,14.988666666666667,0.0,3.4558947096930144,2.968956034998387,4.002704630331233,3.0,5.0,4.0,17.0,0.16865943878701237,0.035130903816889214,0.09298959899147116,0.047781182753034335,5.0,4.0,6.0,6.760666666666667,6.725,6.9076666666666675,3.4558947096930144,2.968956034998387,4.002704630331233,5.480065645825712,6.228377559722929,4.817089610118788
11,7,2.0,1.6582280766035322,5.789999999999999,"(0, 0, 0, 1, 1, 0, 1, 1, 0, 1, 0, 1, 1, 1, 1, 0, 1, 1, 1, 1, 1, 0, 0, 1, 1)",8.0,11.0,12.0,14.0,11.386666666666667,17.400666666666666,17.176666666666666,18.105,0.0,2.8980852094799934,1.9178789562650354,3.811041101810475,7.0,8.0,17.0,10.0,0.24803652840166776,0.07462093621429133,0.012682437065539839,0.02348907644048705,3.0,4.0,6.0,6.013999999999999,5.789999999999999,6.718333333333334,2.8980852094799934,1.9178789562650354,3.811041101810475,5.166897389944488,6.420859830728691,4.820953605202541
12,0,0.0,1.6582280766035322,5.761666666666668,"(0, 0, 0, 1, 0, 0, 0, 1, 1, 0, 0, 0, 0, 1, 0, 1, 0, 1, 0, 0, 0, 0, 0, 0, 0)",5.0,9.0,9.0,12.0,6.079,11.840666666666667,13.148666666666667,15.060666666666666,0.0,3.8963937858645386,3.059228129013045,5.294326116332334,3.0,9.0,3.0,32.0,0.19263020307478493,0.04599091154872123,0.02510595713632534,0.023281788509790277,4.0,4.0,7.0,5.761666666666668,7.069666666666667,8.981666666666666,3.8963937858645386,3.059228129013045,5.294326116332334,3.093047861473244,6.650221782630048,6.114451628563109
12,1,0.2857142857142857,1.6582280766035322,3.3729999999999993,"(0, 0, 0, 1, 0, 0, 1, 1, 0, 0, 1, 1, 1, 1, 0, 0, 0, 1, 0, 1, 0, 0, 1, 0, 0)",7.0,9.0,10.0,12.0,10.564333333333334,13.937333333333333,14.405,16.344333333333335,0.0,2.97319372897193,2.5179179981622273,4.4804125020661,8.0,2.0,4.0,3.0,0.08368326275454463,0.09066205824983817,0.10480467935353659,0.042217181544087955,2.0,3.0,5.0,3.3729999999999993,3.8406666666666656,5.780000000000001,2.97319372897193,2.5179179981622273,4.4804125020661,0.6629699838209057,2.193418980403998,2.1550124770769297
12,2,0.5714285714285714,1.6582280766035322,5.831000000000001,"(0, 0, 1, 0, 1, 0, 1, 0, 1, 1, 1, 0, 1, 1, 0, 1, 0, 1, 0, 0, 1, 0, 1, 0, 0)",7.0,11.0,11.0,12.0,10.046,16.432333333333332,15.877,17.898333333333333,0.0,2.707204733106518,1.5169746816115206,3.614476588085531,2.0,1.0,11.0,1.0,0.09516053928498097,0.05976458784312879,0.03613106096334704,0.03536094457236865,4.0,4.0,5.0,6.386333333333333,5.831000000000001,7.852333333333334,2.707204733106518,1.5169746816115206,3.614476588085531,6.100834342331157,7.153637906130271,7.02733303959357
12,3,0.8571428571428571,1.6582280766035322,5.909333333333333,"(0, 0, 1, 1, 1, 0, 0, 0, 1, 0, 0, 1, 0, 1, 1, 0, 0, 1, 1, 0, 0, 1, 0, 1, 1)",8.0,13.0,10.0,13.0,10.616,17.133333333333333,16.525333333333332,19.286,0.0,2.3310449063072127,1.8394447682416888,3.0655386080823424,7.0,7.0,2.0,1.0,0.13544327833604955,0.016992041890100913,0.026109680996670787,0.010784737456366662,5.0,2.0,5.0,6.517333333333333,5.909333333333333,8.670000000000002,2.3310449063072127,1.8394447682416888,3.0655386080823424,6.94182100645515,6.7488034872826255,9.293475234318375
12,4,1.1428571428571428,1.6582280766035322,7.929999999999998,"(1, 0, 0, 1, 1, 0, 0, 0, 1, 0, 0, 1, 0, 0, 1, 0, 1, 1, 1, 0, 1, 1, 0, 1, 0)",7.0,11.0,11.0,14.0,9.002,17.012666666666668,16.932,18.87,0.0,1.7196285773288802,2.269497007530612,4.0343583618379535,2.0,7.0,3.0,4.0,0.2120186436090664,0.011001555794412756,0.01243864943309583,0.0044309224240432505,4.0,4.0,7.0,8.010666666666667,7.929999999999998,9.868,1.7196285773288802,2.269497007530612,4.0343583618379535,10.43197599072216,9.386404989811048,9.67350835324373
12,5,1.4285714285714284,1.6582280766035322,7.159333333333333,"(1, 1, 0, 0, 0, 1, 0, 0, 1, 0, 1, 1, 0, 1, 0, 0, 1, 0, 0, 0, 1, 0, 0, 0, 1)",5.0,9.0,9.0,12.0,7.756,14.915333333333333,15.353666666666667,17.060333333333332,0.0,2.9415768469780232,3.3076583320228634,4.767709728715868,1.0,2.0,1.0,3.0,0.21030998857041353,0.10651437999925222,0.12210304125179602,0.012398149940554277,4.0,4.0,7.0,7.159333333333333,7.597666666666667,9.304333333333332,2.9415768469780232,3.3076583320228634,4.767709728715868,6.994002225951037,7.113812269369517,7.522756634159001
12,6,1.7142857142857142,1.6582280766035322,8.046,"(1, 1, 1, 1, 0, 0, 1, 1, 0, 0, 0, 0, 0, 0, 1, 1, 0, 1, 1, 1, 0, 0, 0, 0, 1)",7.0,13.0,13.0,13.0,8.726666666666667,16.975666666666665,16.772666666666666,18.242333333333335,0.0,2.358396457192967,2.715357687816487,3.0178829756363945,3.0,33.0,7.0,4.0,0.15028687038871774,0.02674296338000236,0.04617999196433439,0.027429790790610458,6.0,6.0,6.0,8.248999999999999,8.046,9.515666666666668,2.358396457192967,2.715357687816487,3.0178829756363945,9.767964182822857,8.83942074839347,10.77480735216293
12,7,2.0,1.6582280766035322,5.789999999999999,"(0, 0, 0, 1, 1, 0, 1, 1, 0, 1, 0, 1, 1, 1, 1, 0, 1, 1, 1, 1, 1, 0, 0, 1, 1)",8.0,11.0,12.0,14.0,11.386666666666667,17.400666666666666,17.176666666666666,18.105,0.0,2.8980852094799934,1.9178789562650354,3.811041101810475,7.0,8.0,17.0,10.0,0.24803652840166776,0.07462093621429133,0.012682437065539839,0.02348907644048705,3.0,4.0,6.0,6.013999999999999,5.789999999999999,6.718333333333334,2.8980852094799934,1.9178789562650354,3.811041101810475,5.166897389944488,6.420859830728691,4.820953605202541
13,0,0.0,1.6582280766035322,6.670333333333334,"(0, 0, 0, 1, 0, 0, 0, 1, 1, 0, 0, 0, 0, 1, 0, 1, 0, 1, 0, 0, 0, 0, 0, 1, 1)",6.0,10.0,12.0,12.0,8.634666666666666,15.524666666666667,15.305,16.773,0.0,3.494853857114994,3.6516024722450453,4.563729250537224,3.0,5.0,32.0,7.0,0.10396950328653329,0.012048019880731025,0.08301645821145562,0.011358317726539434,4.0,6.0,6.0,6.890000000000001,6.670333333333334,8.138333333333334,3.494853857114994,3.6516024722450453,4.563729250537224,5.629926658304106,5.005744269566157,5.9275088528341255
13,1,0.2857142857142857,1.6582280766035322,3.3729999999999993,"(0, 0, 0, 1, 0, 0, 1, 1, 0, 0, 1, 1, 1, 1, 0, 0, 0, 1, 0, 1, 0, 0, 1, 0, 0)",7.0,9.0,10.0,12.0,10.564333333333334,13.937333333333333,14.405,16.344333333333335,0.0,2.97319372897193,2.5179179981622273,4.4804125020661,8.0,2.0,4.0,3.0,0.08368326275454463,0.09066205824983817,0.10480467935353659,0.042217181544087955,2.0,3.0,5.0,3.3729999999999993,3.8406666666666656,5.780000000000001,2.97319372897193,2.5179179981622273,4.4804125020661,0.6629699838209057,2.193418980403998,2.1550124770769297
13,2,0.5714285714285714,1.6582280766035322,4.752333333333334,"(0, 0, 1, 1, 0, 0, 1, 0, 1, 1, 1, 0, 1, 1, 0, 1, 0, 1, 0, 0, 1, 0, 1, 0, 0)",7.0,12.0,11.0,14.0,10.707333333333333,17.037,15.459666666666667,19.468,0.0,2.1480410132976044,1.8382103095624387,3.154382783475475,2.0,9.0,9.0,2.0,0.1687493569965733,0.049405053463071995,0.030737580607635893,0.010218069310425282,5.0,4.0,7.0,6.329666666666666,4.752333333333334,8.760666666666667,2.1480410132976044,1.8382103095624387,3.154382783475475,6.934089064262169,4.832280616693682,9.296497340517513
13,3,0.8571428571428571,1.6582280766035322,5.523666666666665,"(0, 0, 1, 1, 1, 0, 0, 0, 1, 0, 0, 1, 0, 1, 1, 0, 0, 0, 0, 0, 0, 1, 0, 1, 1)",7.0,13.0,9.0,12.0,9.554333333333334,16.301,15.078,17.582333333333334,0.0,2.787039202616776,2.997293310351901,4.107909989413524,5.0,26.0,2.0,2.0,0.1375420614881233,0.0647038473978782,0.02796822392003941,0.05208748433274275,6.0,2.0,5.0,6.746666666666664,5.523666666666665,8.028,2.787039202616776,2.997293310351901,4.107909989413524,6.5659654337779685,4.189303231424242,6.500403318367534
13,4,1.1428571428571428,1.6582280766035322,7.929999999999998,"(1, 0, 0, 1, 1, 0, 0, 0, 1, 0, 0, 1, 0, 0, 1, 0, 1, 1, 1, 0, 1, 1, 0, 1, 0)",7.0,11.0,11.0,14.0,9.002,17.012666666666668,16.932,18.87,0.0,1.7196285773288802,2.269497007530612,4.0343583618379535,2.0,7.0,3.0,4.0,0.2120186436090664,0.011001555794412756,0.01243864943309583,0.0044309224240432505,4.0,4.0,7.0,8.010666666666667,7.929999999999998,9.868,1.7196285773288802,2.269497007530612,4.0343583618379535,10.43197599072216,9.386404989811048,9.67350835324373
13,5,1.4285714285714284,1.6582280766035322,7.159333333333333,"(1, 1, 0, 0, 0, 1, 0, 0, 1, 0, 1, 1, 0, 1, 0, 0, 1, 0, 0, 0, 1, 0, 0, 0, 1)",5.0,9.0,9.0,12.0,7.756,14.915333333333333,15.353666666666667,17.060333333333332,0.0,2.9415768469780232,3.3076583320228634,4.767709728715868,1.0,2.0,1.0,3.0,0.21030998857041353,0.10651437999925222,0.12210304125179602,0.012398149940554277,4.0,4.0,7.0,7.159333333333333,7.597666666666667,9.304333333333332,2.9415768469780232,3.3076583320228634,4.767709728715868,6.994002225951037,7.113812269369517,7.522756634159001
13,6,1.7142857142857142,1.6582280766035322,8.046,"(1, 1, 1, 1, 0, 0, 1, 1, 0, 0, 0, 0, 0, 0, 1, 1, 0, 1, 1, 1, 0, 0, 0, 0, 1)",7.0,13.0,13.0,13.0,8.726666666666667,16.975666666666665,16.772666666666666,18.242333333333335,0.0,2.358396457192967,2.715357687816487,3.0178829756363945,3.0,33.0,7.0,4.0,0.15028687038871774,0.02674296338000236,0.04617999196433439,0.027429790790610458,6.0,6.0,6.0,8.248999999999999,8.046,9.515666666666668,2.358396457192967,2.715357687816487,3.0178829756363945,9.767964182822857,8.83942074839347,10.77480735216293
13,7,2.0,1.6582280766035322,5.789999999999999,"(0, 0, 0, 1, 1, 0, 1, 1, 0, 1, 0, 1, 1, 1, 1, 0, 1, 1, 1, 1, 1, 0, 0, 1, 1)",8.0,11.0,12.0,14.0,11.386666666666667,17.400666666666666,17.176666666666666,18.105,0.0,2.8980852094799934,1.9178789562650354,3.811041101810475,7.0,8.0,17.0,10.0,0.24803652840166776,0.07462093621429133,0.012682437065539839,0.02348907644048705,3.0,4.0,6.0,6.013999999999999,5.789999999999999,6.718333333333334,2.8980852094799934,1.9178789562650354,3.811041101810475,5.166897389944488,6.420859830728691,4.820953605202541
14,0,0.0,1.6582280766035322,6.471,"(0, 0, 0, 1, 0, 0, 0, 1, 1, 0, 0, 0, 0, 0, 0, 1, 0, 1, 1, 0, 0, 0, 0, 1, 1)",5.0,8.0,9.0,10.0,6.154333333333334,15.391666666666667,12.625333333333334,16.006333333333334,0.0,3.500703717274124,3.341099264901034,4.437270934939799,2.0,3.0,13.0,1.0,0.14043398323089581,0.022407494955287217,0.10292851663622485,0.11865255058451327,3.0,4.0,5.0,9.237333333333334,6.471,9.852,3.500703717274124,3.341099264901034,4.437270934939799,9.512640294424722,5.190089275923141,8.97885576288402
14,1,0.2857142857142857,1.6582280766035322,6.666,"(0, 0, 0, 1, 0, 0, 1, 1, 0, 0, 0, 1, 1, 1, 0, 1, 0, 1, 0, 1, 0, 0, 1, 0, 0)",6.0,9.0,8.0,12.0,7.126666666666667,14.654333333333334,13.792666666666667,16.236333333333334,0.0,1.8680399901848963,1.7420699306322471,3.5528549902833055,4.0,5.0,1.0,5.0,0.15229916368264182,0.032217147827003564,0.04912752902111023,0.048522054643771954,3.0,2.0,6.0,7.527666666666667,6.666,9.109666666666667,1.8680399901848963,1.7420699306322471,3.5528549902833055,9.384951858036407,8.164999088257986,9.214461138177231
14,2,0.5714285714285714,1.6582280766035322,6.008333333333333,"(0, 0, 1, 1, 0, 0, 1, 0, 1, 1, 1, 0, 0, 0, 0, 1, 0, 1, 0, 0, 1, 0, 1, 0, 0)",6.0,10.0,9.0,12.0,8.357666666666667,15.480666666666666,14.366,16.802333333333333,0.0,2.7560487623406975,3.238150938478564,4.479739998457255,2.0,1.0,2.0,3.0,0.1423510776669076,0.023627157217530573,0.03340054042606787,0.023004336236606672,4.0,3.0,6.0,7.122999999999999,6.008333333333333,8.444666666666667,2.7560487623406975,3.238150938478564,4.479739998457255,7.241401151445199,4.593594224460991,6.5747527228989435
14,3,0.8571428571428571,1.6582280766035322,4.984,"(0, 0, 1, 1, 1, 0, 0, 0, 1, 0, 0, 1, 0, 1, 1, 0, 0, 1, 0, 0, 0, 1, 1, 1, 1)",8.0,11.0,12.0,16.0,10.611,15.595,16.541333333333334,19.880333333333333,0.0,2.444357158208455,3.132125677736175,3.968158212068659,9.0,2.0,15.0,27.0,0.12230420762173258,0.019168418153282768,0.04610254599229393,0.02093086362339483,3.0,4.0,8.0,4.984,5.9303333333333335,9.269333333333332,2.444357158208455,3.132125677736175,3.968158212068659,4.211307064803923,4.640066498678155,8.790557425073217
14,4,1.1428571428571428,1.6582280766035322,7.929999999999998,"(1, 0, 0, 1, 1, 0, 0, 0, 1, 0, 0, 1, 0, 0, 1, 0, 1, 1, 1, 0, 1, 1, 0, 1, 0)",7.0,11.0,11.0,14.0,9.002,17.012666666666668,16.932,18.87,0.0,1.7196285773288802,2.269497007530612,4.0343583618379535,2.0,7.0,3.0,4.0,0.2120186436090664,0.011001555794412756,0.01243864943309583,0.0044309224240432505,4.0,4.0,7.0,8.010666666666667,7.929999999999998,9.868,1.7196285773288802,2.269497007530612,4.0343583618379535,10.43197599072216,9.386404989811048,9.67350835324373
14,5,1.4285714285714284,1.6582280766035322,7.159333333333333,"(1, 1, 0, 0, 0, 1, 0, 0, 1, 0, 1, 1, 0, 1, 0, 0, 1, 0, 0, 0, 1, 0, 0, 0, 1)",5.0,9.0,9.0,12.0,7.756,14.915333333333333,15.353666666666667,17.060333333333332,0.0,2.9415768469780232,3.3076583320228634,4.767709728715868,1.0,2.0,1.0,3.0,0.21030998857041353,0.10651437999925222,0.12210304125179602,0.012398149940554277,4.0,4.0,7.0,7.159333333333333,7.597666666666667,9.304333333333332,2.9415768469780232,3.3076583320228634,4.767709728715868,6.994002225951037,7.113812269369517,7.522756634159001
14,6,1.7142857142857142,1.6582280766035322,8.046,"(1, 1, 1, 1, 0, 0, 1, 1, 0, 0, 0, 0, 0, 0, 1, 1, 0, 1, 1, 1, 0, 0, 0, 0, 1)",7.0,13.0,13.0,13.0,8.726666666666667,16.975666666666665,16.772666666666666,18.242333333333335,0.0,2.358396457192967,2.715357687816487,3.0178829756363945,3.0,33.0,7.0,4.0,0.15028687038871774,0.02674296338000236,0.04617999196433439,0.027429790790610458,6.0,6.0,6.0,8.248999999999999,8.046,9.515666666666668,2.358396457192967,2.715357687816487,3.0178829756363945,9.767964182822857,8.83942074839347,10.77480735216293
14,7,2.0,1.6582280766035322,5.789999999999999,"(0, 0, 0, 1, 1, 0, 1, 1, 0, 1, 0, 1, 1, 1, 1, 0, 1, 1, 1, 1, 1, 0, 0, 1, 1)",8.0,11.0,12.0,14.0,11.386666666666667,17.400666666666666,17.176666666666666,18.105,0.0,2.8980852094799934,1.9178789562650354,3.811041101810475,7.0,8.0,17.0,10.0,0.24803652840166776,0.07462093621429133,0.012682437065539839,0.02348907644048705,3.0,4.0,6.0,6.013999999999999,5.789999999999999,6.718333333333334,2.8980852094799934,1.9178789562650354,3.811041101810475,5.166897389944488,6.420859830728691,4.820953605202541
15,0,0.0,1.6582280766035322,6.471,"(0, 0, 0, 1, 0, 0, 0, 1, 1, 0, 0, 0, 0, 0, 0, 1, 0, 1, 1, 0, 0, 0, 0, 1, 1)",5.0,8.0,9.0,10.0,6.154333333333334,15.391666666666667,12.625333333333334,16.006333333333334,0.0,3.500703717274124,3.341099264901034,4.437270934939799,2.0,3.0,13.0,1.0,0.14043398323089581,0.022407494955287217,0.10292851663622485,0.11865255058451327,3.0,4.0,5.0,9.237333333333334,6.471,9.852,3.500703717274124,3.341099264901034,4.437270934939799,9.512640294424722,5.190089275923141,8.97885576288402
15,1,0.2857142857142857,1.6582280766035322,3.6516666666666655,"(0, 0, 0, 1, 1, 0, 1, 1, 0, 0, 0, 1, 1, 1, 0, 1, 0, 1, 0, 1, 0, 0, 1, 0, 1)",7.0,10.0,11.0,15.0,10.320333333333334,15.423,13.972,19.01,0.0,2.506365675895223,1.9839869822522964,3.739571471708864,4.0,3.0,17.0,4.0,0.24125188980210605,0.018898308802260382,0.03174052883674152,0.010486336646844804,3.0,4.0,8.0,5.102666666666666,3.6516666666666655,8.689666666666668,2.506365675895223,1.9839869822522964,3.739571471708864,4.305259198210775,2.765393275477225,8.208386834139265
15,2,0.5714285714285714,1.6582280766035322,6.319333333333333,"(0, 0, 0, 1, 0, 0, 1, 0, 1, 1, 1, 0, 0, 0, 0, 1, 0, 1, 0, 0, 1, 0, 0, 0, 0)",7.0,11.0,11.0,12.0,8.774666666666667,15.094,16.022333333333332,16.943666666666665,0.0,2.873359186382193,3.0040920454659745,4.0201989365394,6.0,26.0,5.0,5.0,0.1253977178132227,0.05383502029813435,0.06706642303163503,0.02083723643611233,4.0,4.0,5.0,6.319333333333333,7.247666666666666,8.168999999999999,2.873359186382193,3.0040920454659745,4.0201989365394,5.714211081724287,7.036814582037185,6.879658407672957
15,3,0.8571428571428571,1.6582280766035322,4.984,"(0, 0, 1, 1, 1, 0, 0, 0, 1, 0, 0, 1, 0, 1, 1, 0, 0, 1, 0, 0, 0, 1, 1, 1, 1)",8.0,11.0,12.0,16.0,10.611,15.595,16.541333333333334,19.880333333333333,0.0,2.444357158208455,3.132125677736175,3.968158212068659,9.0,2.0,15.0,27.0,0.12230420762173258,0.019168418153282768,0.04610254599229393,0.02093086362339483,3.0,4.0,8.0,4.984,5.9303333333333335,9.269333333333332,2.444357158208455,3.132125677736175,3.968158212068659,4.211307064803923,4.640066498678155,8.790557425073217
15,4,1.1428571428571428,1.6582280766035322,7.929999999999998,"(1, 0, 0, 1, 1, 0, 0, 0, 1, 0, 0, 1, 0, 0, 1, 0, 1, 1, 1, 0, 1, 1, 0, 1, 0)",7.0,11.0,11.0,14.0,9.002,17.012666666666668,16.932,18.87,0.0,1.7196285773288802,2.269497007530612,4.0343583618379535,2.0,7.0,3.0,4.0,0.2120186436090664,0.011001555794412756,0.01243864943309583,0.0044309224240432505,4.0,4.0,7.0,8.010666666666667,7.929999999999998,9.868,1.7196285773288802,2.269497007530612,4.0343583618379535,10.43197599072216,9.386404989811048,9.67350835324373
15,5,1.4285714285714284,1.6582280766035322,7.159333333333333,"(1, 1, 0, 0, 0, 1, 0, 0, 1, 0, 1, 1, 0, 1, 0, 0, 1, 0, 0, 0, 1, 0, 0, 0, 1)",5.0,9.0,9.0,12.0,7.756,14.915333333333333,15.353666666666667,17.060333333333332,0.0,2.9415768469780232,3.3076583320228634,4.767709728715868,1.0,2.0,1.0,3.0,0.21030998857041353,0.10651437999925222,0.12210304125179602,0.012398149940554277,4.0,4.0,7.0,7.159333333333333,7.597666666666667,9.304333333333332,2.9415768469780232,3.3076583320228634,4.767709728715868,6.994002225951037,7.113812269369517,7.522756634159001
15,6,1.7142857142857142,1.6582280766035322,8.046,"(1, 1, 1, 1, 0, 0, 1, 1, 0, 0, 0, 0, 0, 0, 1, 1, 0, 1, 1, 1, 0, 0, 0, 0, 1)",7.0,13.0,13.0,13.0,8.726666666666667,16.975666666666665,16.772666666666666,18.242333333333335,0.0,2.358396457192967,2.715357687816487,3.0178829756363945,3.0,33.0,7.0,4.0,0.15028687038871774,0.02674296338000236,0.04617999196433439,0.027429790790610458,6.0,6.0,6.0,8.248999999999999,8.046,9.515666666666668,2.358396457192967,2.715357687816487,3.0178829756363945,9.767964182822857,8.83942074839347,10.77480735216293
15,7,2.0,1.6582280766035322,4.293333333333335,"(0, 0, 0, 1, 1, 0, 1, 1, 0, 1, 0, 1, 1, 1, 0, 0, 1, 1, 1, 0, 1, 0, 0, 1, 1)",7.0,10.0,10.0,13.0,9.506666666666666,16.475666666666665,13.8,17.485,0.0,3.132309925300242,3.1854653475335892,4.003128399728586,4.0,2.0,1.0,18.0,0.18031254070136832,0.044887892996366384,0.011305432946544895,0.026115658074609898,3.0,3.0,6.0,6.968999999999999,4.293333333333335,7.9783333333333335,3.132309925300242,3.1854653475335892,4.003128399728586,6.362107203093241,1.8370977992233415,6.591796431156273
16,0,0.0,1.6582280766035322,6.471,"(0, 0, 0, 1, 0, 0, 0, 1, 1, 0, 0, 0, 0, 0, 0, 1, 0, 1, 1, 0, 0, 0, 0, 1, 1)",5.0,8.0,9.0,10.0,6.154333333333334,15.391666666666667,12.625333333333334,16.006333333333334,0.0,3.500703717274124,3.341099264901034,4.437270934939799,2.0,3.0,13.0,1.0,0.14043398323089581,0.022407494955287217,0.10292851663622485,0.11865255058451327,3.0,4.0,5.0,9.237333333333334,6.471,9.852,3.500703717274124,3.341099264901034,4.437270934939799,9.512640294424722,5.190089275923141,8.97885576288402
16,1,0.2857142857142857,1.6582280766035322,3.058,"(0, 0, 0, 1, 1, 0, 1, 1, 0, 0, 0, 1, 1, 0, 1, 1, 0, 1, 0, 1, 0, 0, 1, 0, 1)",7.0,10.0,10.0,12.0,10.084666666666667,13.142666666666667,15.473,17.747333333333334,0.0,3.1115912867209015,1.9847608220213775,4.386980562327696,6.0,7.0,3.0,1.0,0.09740441243081674,0.0667641502930954,0.04428598872265548,0.025125206595884464,3.0,3.0,5.0,3.058,5.388333333333334,7.6626666666666665,3.1115912867209015,1.9847608220213775,4.386980562327696,-0.08886657630190913,5.643899499013479,5.431834668354929
16,2,0.5714285714285714,1.6582280766035322,6.319333333333333,"(0, 0, 0, 1, 0, 0, 1, 0, 1, 1, 1, 0, 0, 0, 0, 1, 0, 1, 0, 0, 1, 0, 0, 0, 0)",7.0,11.0,11.0,12.0,8.774666666666667,15.094,16.022333333333332,16.943666666666665,0.0,2.873359186382193,3.0040920454659745,4.0201989365394,6.0,26.0,5.0,5.0,0.1253977178132227,0.05383502029813435,0.06706642303163503,0.02083723643611233,4.0,4.0,5.0,6.319333333333333,7.247666666666666,8.168999999999999,2.873359186382193,3.0040920454659745,4.0201989365394,5.714211081724287,7.036814582037185,6.879658407672957
16,3,0.8571428571428571,1.6582280766035322,4.984,"(0, 0, 1, 1, 1, 0, 0, 0, 1, 0, 0, 1, 0, 1, 1, 0, 0, 1, 0, 0, 0, 1, 1, 1, 1)",8.0,11.0,12.0,16.0,10.611,15.595,16.541333333333334,19.880333333333333,0.0,2.444357158208455,3.132125677736175,3.968158212068659,9.0,2.0,15.0,27.0,0.12230420762173258,0.019168418153282768,0.04610254599229393,0.02093086362339483,3.0,4.0,8.0,4.984,5.9303333333333335,9.269333333333332,2.444357158208455,3.132125677736175,3.968158212068659,4.211307064803923,4.640066498678155,8.790557425073217
16,4,1.1428571428571428,1.6582280766035322,7.929999999999998,"(1, 0, 0, 1, 1, 0, 0, 0, 1, 0, 0, 1, 0, 0, 1, 0, 1, 1, 1, 0, 1, 1, 0, 1, 0)",7.0,11.0,11.0,14.0,9.002,17.012666666666668,16.932,18.87,0.0,1.7196285773288802,2.269497007530612,4.0343583618379535,2.0,7.0,3.0,4.0,0.2120186436090664,0.011001555794412756,0.01243864943309583,0.0044309224240432505,4.0,4.0,7.0,8.010666666666667,7.929999999999998,9.868,1.7196285773288802,2.269497007530612,4.0343583618379535,10.43197599072216,9.386404989811048,9.67350835324373
16,5,1.4285714285714284,1.6582280766035322,7.159333333333333,"(1, 1, 0, 0, 0, 1, 0, 0, 1, 0, 1, 1, 0, 1, 0, 0, 1, 0, 0, 0, 1, 0, 0, 0, 1)",5.0,9.0,9.0,12.0,7.756,14.915333333333333,15.353666666666667,17.060333333333332,0.0,2.9415768469780232,3.3076583320228634,4.767709728715868,1.0,2.0,1.0,3.0,0.21030998857041353,0.10651437999925222,0.12210304125179602,0.012398149940554277,4.0,4.0,7.0,7.159333333333333,7.597666666666667,9.304333333333332,2.9415768469780232,3.3076583320228634,4.767709728715868,6.994002225951037,7.113812269369517,7.522756634159001
16,6,1.7142857142857142,1.6582280766035322,8.046,"(1, 1, 1, 1, 0, 0, 1, 1, 0, 0, 0, 0, 0, 0, 1, 1, 0, 1, 1, 1, 0, 0, 0, 0, 1)",7.0,13.0,13.0,13.0,8.726666666666667,16.975666666666665,16.772666666666666,18.242333333333335,0.0,2.358396457192967,2.715357687816487,3.0178829756363945,3.0,33.0,7.0,4.0,0.15028687038871774,0.02674296338000236,0.04617999196433439,0.027429790790610458,6.0,6.0,6.0,8.248999999999999,8.046,9.515666666666668,2.358396457192967,2.715357687816487,3.0178829756363945,9.767964182822857,8.83942074839347,10.77480735216293
16,7,2.0,1.6582280766035322,4.293333333333335,"(0, 0, 0, 1, 1, 0, 1, 1, 0, 1, 0, 1, 1, 1, 0, 0, 1, 1, 1, 0, 1, 0, 0, 1, 1)",7.0,10.0,10.0,13.0,9.506666666666666,16.475666666666665,13.8,17.485,0.0,3.132309925300242,3.1854653475335892,4.003128399728586,4.0,2.0,1.0,18.0,0.18031254070136832,0.044887892996366384,0.011305432946544895,0.026115658074609898,3.0,3.0,6.0,6.968999999999999,4.293333333333335,7.9783333333333335,3.132309925300242,3.1854653475335892,4.003128399728586,6.362107203093241,1.8370977992233415,6.591796431156273
17,0,0.0,1.6582280766035322,4.206333333333333,"(0, 0, 1, 0, 0, 0, 0, 1, 1, 0, 0, 0, 0, 0, 0, 1, 0, 1, 1, 0, 0, 0, 0, 1, 1)",6.0,8.0,8.0,10.0,9.151,14.483666666666666,13.357333333333333,16.338333333333335,0.0,4.686815835712226,3.1321809520053967,5.088853232884751,9.0,4.0,1.0,1.0,0.1263301633236177,0.01668225801210148,0.053320614596119816,0.018895666063282725,2.0,2.0,4.0,5.332666666666666,4.206333333333333,7.187333333333335,4.686815835712226,3.1321809520053967,5.088853232884751,1.070967981186375,1.781189637268528,3.4797586207576425
17,1,0.2857142857142857,1.6582280766035322,3.058,"(0, 0, 0, 1, 1, 0, 1, 1, 0, 0, 0, 1, 1, 0, 1, 1, 0, 1, 0, 1, 0, 0, 1, 0, 1)",7.0,10.0,10.0,12.0,10.084666666666667,13.142666666666667,15.473,17.747333333333334,0.0,3.1115912867209015,1.9847608220213775,4.386980562327696,6.0,7.0,3.0,1.0,0.09740441243081674,0.0667641502930954,0.04428598872265548,0.025125206595884464,3.0,3.0,5.0,3.058,5.388333333333334,7.6626666666666665,3.1115912867209015,1.9847608220213775,4.386980562327696,-0.08886657630190913,5.643899499013479,5.431834668354929
17,2,0.5714285714285714,1.6582280766035322,6.319333333333333,"(0, 0, 0, 1, 0, 0, 1, 0, 1, 1, 1, 0, 0, 0, 0, 1, 0, 1, 0, 0, 1, 0, 0, 0, 0)",7.0,11.0,11.0,12.0,8.774666666666667,15.094,16.022333333333332,16.943666666666665,0.0,2.873359186382193,3.0040920454659745,4.0201989365394,6.0,26.0,5.0,5.0,0.1253977178132227,0.05383502029813435,0.06706642303163503,0.02083723643611233,4.0,4.0,5.0,6.319333333333333,7.247666666666666,8.168999999999999,2.873359186382193,3.0040920454659745,4.0201989365394,5.714211081724287,7.036814582037185,6.879658407672957
17,3,0.8571428571428571,1.6582280766035322,4.984,"(0, 0, 1, 1, 1, 0, 0, 0, 1, 0, 0, 1, 0, 1, 1, 0, 0, 1, 0, 0, 0, 1, 1, 1, 1)",8.0,11.0,12.0,16.0,10.611,15.595,16.541333333333334,19.880333333333333,0.0,2.444357158208455,3.132125677736175,3.968158212068659,9.0,2.0,15.0,27.0,0.12230420762173258,0.019168418153282768,0.04610254599229393,0.02093086362339483,3.0,4.0,8.0,4.984,5.9303333333333335,9.269333333333332,2.444357158208455,3.132125677736175,3.968158212068659,4.211307064803923,4.640066498678155,8.790557425073217
17,4,1.1428571428571428,1.6582280766035322,7.929999999999998,"(1, 0, 0, 1, 1, 0, 0, 0, 1, 0, 0, 1, 0, 0, 1, 0, 1, 1, 1, 0, 1, 1, 0, 1, 0)",7.0,11.0,11.0,14.0,9.002,17.012666666666668,16.932,18.87,0.0,1.7196285773288802,2.269497007530612,4.0343583618379535,2.0,7.0,3.0,4.0,0.2120186436090664,0.011001555794412756,0.01243864943309583,0.0044309224240432505,4.0,4.0,7.0,8.010666666666667,7.929999999999998,9.868,1.7196285773288802,2.269497007530612,4.0343583618379535,10.43197599072216,9.386404989811048,9.67350835324373
17,5,1.4285714285714284,1.6582280766035322,7.159333333333333,"(1, 1, 0, 0, 0, 1, 0, 0, 1, 0, 1, 1, 0, 1, 0, 0, 1, 0, 0, 0, 1, 0, 0, 0, 1)",5.0,9.0,9.0,12.0,7.756,14.915333333333333,15.353666666666667,17.060333333333332,0.0,2.9415768469780232,3.3076583320228634,4.767709728715868,1.0,2.0,1.0,3.0,0.21030998857041353,0.10651437999925222,0.12210304125179602,0.012398149940554277,4.0,4.0,7.0,7.159333333333333,7.597666666666667,9.304333333333332,2.9415768469780232,3.3076583320228634,4.767709728715868,6.994002225951037,7.113812269369517,7.522756634159001
17,6,1.7142857142857142,1.6582280766035322,8.046,"(1, 1, 1, 1, 0, 0, 1, 1, 0, 0, 0, 0, 0, 0, 1, 1, 0, 1, 1, 1, 0, 0, 0, 0, 1)",7.0,13.0,13.0,13.0,8.726666666666667,16.975666666666665,16.772666666666666,18.242333333333335,0.0,2.358396457192967,2.715357687816487,3.0178829756363945,3.0,33.0,7.0,4.0,0.15028687038871774,0.02674296338000236,0.04617999196433439,0.027429790790610458,6.0,6.0,6.0,8.248999999999999,8.046,9.515666666666668,2.358396457192967,2.715357687816487,3.0178829756363945,9.767964182822857,8.83942074839347,10.77480735216293
17,7,2.0,1.6582280766035322,4.293333333333335,"(0, 0, 0, 1, 1, 0, 1, 1, 0, 1, 0, 1, 1, 1, 0, 0, 1, 1, 1, 0, 1, 0, 0, 1, 1)",7.0,10.0,10.0,13.0,9.506666666666666,16.475666666666665,13.8,17.485,0.0,3.132309925300242,3.1854653475335892,4.003128399728586,4.0,2.0,1.0,18.0,0.18031254070136832,0.044887892996366384,0.011305432946544895,0.026115658074609898,3.0,3.0,6.0,6.968999999999999,4.293333333333335,7.9783333333333335,3.132309925300242,3.1854653475335892,4.003128399728586,6.362107203093241,1.8370977992233415,6.591796431156273
18,0,0.0,1.6582280766035322,4.167333333333334,"(0, 1, 1, 0, 0, 0, 1, 1, 1, 0, 0, 0, 0, 0, 0, 1, 0, 1, 1, 0, 0, 0, 0, 1, 1)",7.0,11.0,9.0,12.0,10.128333333333334,16.105666666666668,14.295666666666667,17.989,0.0,3.2297953114481244,3.850958336565604,4.077555203233476,9.0,4.0,2.0,3.0,0.17921744233557918,0.020288245109423193,0.06802960297582884,0.00835686035184526,4.0,2.0,5.0,5.977333333333334,4.167333333333334,7.860666666666667,3.2297953114481244,3.850958336565604,4.077555203233476,4.556044689425785,0.5246219023756007,6.2732616455855945
18,1,0.2857142857142857,1.6582280766035322,2.9640000000000004,"(0, 0, 0, 1, 1, 1, 1, 1, 0, 0, 1, 1, 1, 0, 1, 1, 0, 1, 0, 1, 0, 0, 1, 0, 1)",8.0,13.0,10.0,13.0,10.979333333333333,17.132,13.943333333333333,19.712,0.0,1.940753291343963,1.437858777601126,3.1806564861114404,12.0,7.0,4.0,3.0,0.12105383636099162,0.04791419491604489,0.10681675955930231,0.02562245157661305,5.0,2.0,5.0,6.1526666666666685,2.9640000000000004,8.732666666666667,1.940753291343963,1.437858777601126,3.1806564861114404,6.984313015182061,2.530690223843849,9.206499162985324
18,2,0.5714285714285714,1.6582280766035322,6.319333333333333,"(0, 0, 0, 1, 0, 0, 1, 0, 1, 1, 1, 0, 0, 0, 0, 1, 0, 1, 0, 0, 1, 0, 0, 0, 0)",7.0,11.0,11.0,12.0,8.774666666666667,15.094,16.022333333333332,16.943666666666665,0.0,2.873359186382193,3.0040920454659745,4.0201989365394,6.0,26.0,5.0,5.0,0.1253977178132227,0.05383502029813435,0.06706642303163503,0.02083723643611233,4.0,4.0,5.0,6.319333333333333,7.247666666666666,8.168999999999999,2.873359186382193,3.0040920454659745,4.0201989365394,5.714211081724287,7.036814582037185,6.879658407672957
18,3,0.8571428571428571,1.6582280766035322,4.062666666666667,"(0, 0, 1, 1, 1, 0, 0, 1, 0, 0, 0, 1, 0, 1, 1, 0, 0, 1, 0, 0, 0, 1, 1, 1, 1)",7.0,9.0,10.0,12.0,9.602,13.664666666666667,15.883666666666667,15.868,0.0,1.851641956982928,3.1481460034318074,3.916753141693949,6.0,3.0,5.0,4.0,0.17149326181429767,0.09308765845079608,0.015099436437839592,0.04598482360548903,2.0,3.0,5.0,4.062666666666667,6.281666666666666,6.266,1.851641956982928,3.1481460034318074,3.916753141693949,3.666383251661749,5.196091942393364,3.8955870993157338
18,4,1.1428571428571428,1.6582280766035322,7.929999999999998,"(1, 0, 0, 1, 1, 0, 0, 0, 1, 0, 0, 1, 0, 0, 1, 0, 1, 1, 1, 0, 1, 1, 0, 1, 0)",7.0,11.0,11.0,14.0,9.002,17.012666666666668,16.932,18.87,0.0,1.7196285773288802,2.269497007530612,4.0343583618379535,2.0,7.0,3.0,4.0,0.2120186436090664,0.011001555794412756,0.01243864943309583,0.0044309224240432505,4.0,4.0,7.0,8.010666666666667,7.929999999999998,9.868,1.7196285773288802,2.269497007530612,4.0343583618379535,10.43197599072216,9.386404989811048,9.67350835324373
18,5,1.4285714285714284,1.6582280766035322,7.159333333333333,"(1, 1, 0, 0, 0, 1, 0, 0, 1, 0, 1, 1, 0, 1, 0, 0, 1, 0, 0, 0, 1, 0, 0, 0, 1)",5.0,9.0,9.0,12.0,7.756,14.915333333333333,15.353666666666667,17.060333333333332,0.0,2.9415768469780232,3.3076583320228634,4.767709728715868,1.0,2.0,1.0,3.0,0.21030998857041353,0.10651437999925222,0.12210304125179602,0.012398149940554277,4.0,4.0,7.0,7.159333333333333,7.597666666666667,9.304333333333332,2.9415768469780232,3.3076583320228634,4.767709728715868,6.994002225951037,7.113812269369517,7.522756634159001
18,6,1.7142857142857142,1.6582280766035322,8.046,"(1, 1, 1, 1, 0, 0, 1, 1, 0, 0, 0, 0, 0, 0, 1, 1, 0, 1, 1, 1, 0, 0, 0, 0, 1)",7.0,13.0,13.0,13.0,8.726666666666667,16.975666666666665,16.772666666666666,18.242333333333335,0.0,2.358396457192967,2.715357687816487,3.0178829756363945,3.0,33.0,7.0,4.0,0.15028687038871774,0.02674296338000236,0.04617999196433439,0.027429790790610458,6.0,6.0,6.0,8.248999999999999,8.046,9.515666666666668,2.358396457192967,2.715357687816487,3.0178829756363945,9.767964182822857,8.83942074839347,10.77480735216293
18,7,2.0,1.6582280766035322,5.857666666666667,"(0, 0, 0, 1, 1, 0, 1, 1, 0, 1, 0, 1, 1, 1, 0, 0, 1, 1, 1, 1, 1, 0, 0, 1, 0)",8.0,11.0,11.0,14.0,9.445,15.730666666666666,15.302666666666667,19.380666666666666,0.0,2.4087881659653085,2.6241827807379035,3.5951121691020855,8.0,3.0,2.0,1.0,0.12582052380332023,0.09639227482017483,0.03244440222083191,0.019457544874536294,3.0,3.0,6.0,6.285666666666666,5.857666666666667,9.935666666666666,2.4087881659653085,2.6241827807379035,3.5951121691020855,6.428748779443597,5.361853764892168,10.51408548909639
19,0,0.0,1.6582280766035322,4.9736666666666665,"(0, 1, 1, 0, 0, 0, 1, 1, 1, 0, 1, 0, 0, 0, 0, 0, 0, 1, 1, 0, 0, 0, 0, 1, 1)",6.0,10.0,12.0,12.0,10.591666666666667,15.650333333333334,17.667666666666666,15.565333333333333,0.0,2.8118020752273893,2.074839456093763,3.4009336613318104,2.0,4.0,10.0,3.0,0.20696954684648144,0.03479145666579738,0.02872293896254229,0.023361901424335474,4.0,6.0,6.0,5.058666666666667,7.075999999999999,4.9736666666666665,2.8118020752273893,2.074839456093763,3.4009336613318104,3.7258139498509353,8.293064829507113,2.607950026447311
19,1,0.2857142857142857,1.6582280766035322,2.9640000000000004,"(0, 0, 0, 1, 1, 1, 1, 1, 0, 0, 1, 1, 1, 0, 1, 1, 0, 1, 0, 1, 0, 0, 1, 0, 1)",8.0,13.0,10.0,13.0,10.979333333333333,17.132,13.943333333333333,19.712,0.0,1.940753291343963,1.437858777601126,3.1806564861114404,12.0,7.0,4.0,3.0,0.12105383636099162,0.04791419491604489,0.10681675955930231,0.02562245157661305,5.0,2.0,5.0,6.1526666666666685,2.9640000000000004,8.732666666666667,1.940753291343963,1.437858777601126,3.1806564861114404,6.984313015182061,2.530690223843849,9.206499162985324
19,2,0.5714285714285714,1.6582280766035322,6.319333333333333,"(0, 0, 0, 1, 0, 0, 1, 0, 1, 1, 1, 0, 0, 0, 0, 1, 0, 1, 0, 0, 1, 0, 0, 0, 0)",7.0,11.0,11.0,12.0,8.774666666666667,15.094,16.022333333333332,16.943666666666665,0.0,2.873359186382193,3.0040920454659745,4.0201989365394,6.0,26.0,5.0,5.0,0.1253977178132227,0.05383502029813435,0.06706642303163503,0.02083723643611233,4.0,4.0,5.0,6.319333333333333,7.247666666666666,8.168999999999999,2.873359186382193,3.0040920454659745,4.0201989365394,5.714211081724287,7.036814582037185,6.879658407672957
19,3,0.8571428571428571,1.6582280766035322,4.062666666666667,"(0, 0, 1, 1, 1, 0, 0, 1, 0, 0, 0, 1, 0, 1, 1, 0, 0, 1, 0, 0, 0, 1, 1, 1, 1)",7.0,9.0,10.0,12.0,9.602,13.664666666666667,15.883666666666667,15.868,0.0,1.851641956982928,3.1481460034318074,3.916753141693949,6.0,3.0,5.0,4.0,0.17149326181429767,0.09308765845079608,0.015099436437839592,0.04598482360548903,2.0,3.0,5.0,4.062666666666667,6.281666666666666,6.266,1.851641956982928,3.1481460034318074,3.916753141693949,3.666383251661749,5.196091942393364,3.8955870993157338
19,4,1.1428571428571428,1.6582280766035322,7.929999999999998,"(1, 0, 0, 1, 1, 0, 0, 0, 1, 0, 0, 1, 0, 0, 1, 0, 1, 1, 1, 0, 1, 1, 0, 1, 0)",7.0,11.0,11.0,14.0,9.002,17.012666666666668,16.932,18.87,0.0,1.7196285773288802,2.269497007530612,4.0343583618379535,2.0,7.0,3.0,4.0,0.2120186436090664,0.011001555794412756,0.01243864943309583,0.0044309224240432505,4.0,4.0,7.0,8.010666666666667,7.929999999999998,9.868,1.7196285773288802,2.269497007530612,4.0343583618379535,10.43197599072216,9.386404989811048,9.67350835324373
19,5,1.4285714285714284,1.6582280766035322,6.121333333333333,"(1, 1, 0, 0, 0, 1, 0, 0, 1, 0, 1, 1, 1, 1, 0, 0, 1, 1, 0, 0, 1, 0, 0, 0, 1)",6.0,10.0,9.0,12.0,7.757666666666666,13.879,13.984333333333334,16.899,0.0,3.414374521130503,3.081190438649837,5.509914191047201,2.0,4.0,1.0,3.0,0.21876164960134692,0.021399217142511927,0.04172192250534637,0.006905597968931001,4.0,3.0,6.0,6.121333333333333,6.2266666666666675,9.141333333333336,3.414374521130503,3.081190438649837,5.509914191047201,4.488755104604081,5.215916995586482,6.021721179654385
19,6,1.7142857142857142,1.6582280766035322,8.046,"(1, 1, 1, 1, 0, 0, 1, 1, 0, 0, 0, 0, 0, 0, 1, 1, 0, 1, 1, 1, 0, 0, 0, 0, 1)",7.0,13.0,13.0,13.0,8.726666666666667,16.975666666666665,16.772666666666666,18.242333333333335,0.0,2.358396457192967,2.715357687816487,3.0178829756363945,3.0,33.0,7.0,4.0,0.15028687038871774,0.02674296338000236,0.04617999196433439,0.027429790790610458,6.0,6.0,6.0,8.248999999999999,8.046,9.515666666666668,2.358396457192967,2.715357687816487,3.0178829756363945,9.767964182822857,8.83942074839347,10.77480735216293
19,7,2.0,1.6582280766035322,5.857666666666667,"(0, 0, 0, 1, 1, 0, 1, 1, 0, 1, 0, 1, 1, 1, 0, 0, 1, 1, 1, 1, 1, 0, 0, 1, 0)",8.0,11.0,11.0,14.0,9.445,15.730666666666666,15.302666666666667,19.380666666666666,0.0,2.4087881659653085,2.6241827807379035,3.5951121691020855,8.0,3.0,2.0,1.0,0.12582052380332023,0.09639227482017483,0.03244440222083191,0.019457544874536294,3.0,3.0,6.0,6.285666666666666,5.857666666666667,9.935666666666666,2.4087881659653085,2.6241827807379035,3.5951121691020855,6.428748779443597,5.361853764892168,10.51408548909639
20,0,0.0,1.6582280766035322,5.136666666666667,"(0, 0, 0, 1, 1, 1, 1, 1, 0, 0, 1, 1, 1, 0, 1, 1, 0, 1, 1, 1, 0, 0, 1, 1, 1)",9.0,13.0,11.0,14.0,10.868666666666666,16.005333333333333,17.099666666666668,17.657666666666668,0.0,1.3297054574937632,1.6393334889084559,2.412666577188921,41.0,17.0,2.0,8.0,0.1226173994826619,0.10427419921027554,0.02440233664365231,0.032091559979770236,4.0,2.0,5.0,5.136666666666667,6.231000000000002,6.7890000000000015,1.3297054574937632,1.6393334889084559,2.412666577188921,6.31280996359104,7.614030327092186,7.256958954283772
20,1,0.2857142857142857,1.6582280766035322,4.9736666666666665,"(0, 1, 1, 0, 0, 0, 1, 1, 1, 0, 1, 0, 0, 0, 0, 0, 0, 1, 1, 0, 0, 0, 0, 1, 1)",6.0,10.0,12.0,12.0,10.591666666666667,15.650333333333334,17.667666666666666,15.565333333333333,0.0,2.8118020752273893,2.074839456093763,3.4009336613318104,2.0,4.0,10.0,3.0,0.20696954684648144,0.03479145666579738,0.02872293896254229,0.023361901424335474,4.0,6.0,6.0,5.058666666666667,7.075999999999999,4.9736666666666665,2.8118020752273893,2.074839456093763,3.4009336613318104,3.7258139498509353,8.293064829507113,2.607950026447311
20,2,0.5714285714285714,1.6582280766035322,4.062666666666667,"(0, 0, 1, 1, 1, 0, 0, 1, 0, 0, 0, 1, 0, 1, 1, 0, 0, 1, 0, 0, 0, 1, 1, 1, 1)",7.0,9.0,10.0,12.0,9.602,13.664666666666667,15.883666666666667,15.868,0.0,1.851641956982928,3.1481460034318074,3.916753141693949,6.0,3.0,5.0,4.0,0.17149326181429767,0.09308765845079608,0.015099436437839592,0.04598482360548903,2.0,3.0,5.0,4.062666666666667,6.281666666666666,6.266,1.851641956982928,3.1481460034318074,3.916753141693949,3.666383251661749,5.196091942393364,3.8955870993157338
20,3,0.8571428571428571,1.6582280766035322,5.8726666666666665,"(0, 0, 0, 1, 0, 0, 1, 0, 1, 1, 1, 0, 0, 0, 0, 1, 0, 0, 0, 0, 1, 0, 1, 0, 0)",6.0,9.0,10.0,14.0,7.602333333333333,15.173666666666668,13.475,17.860333333333333,0.0,2.947610954701218,2.6314237100057394,4.421996811878642,1.0,1.0,17.0,13.0,0.08928883540667479,0.01773817080551194,0.036490064408813916,0.02908122716908609,3.0,4.0,8.0,7.571333333333334,5.8726666666666665,10.258,2.947610954701218,2.6314237100057394,4.421996811878642,7.667186266667843,5.374720073828595,9.67742434169056
20,4,1.1428571428571428,1.6582280766035322,6.121333333333333,"(1, 1, 0, 0, 0, 1, 0, 0, 1, 0, 1, 1, 1, 1, 0, 0, 1, 1, 0, 0, 1, 0, 0, 0, 1)",6.0,10.0,9.0,12.0,7.757666666666666,13.879,13.984333333333334,16.899,0.0,3.414374521130503,3.081190438649837,5.509914191047201,2.0,4.0,1.0,3.0,0.21876164960134692,0.021399217142511927,0.04172192250534637,0.006905597968931001,4.0,3.0,6.0,6.121333333333333,6.2266666666666675,9.141333333333336,3.414374521130503,3.081190438649837,5.509914191047201,4.488755104604081,5.215916995586482,6.021721179654385
20,5,1.4285714285714284,1.6582280766035322,8.046,"(1, 1, 1, 1, 0, 0, 1, 1, 0, 0, 0, 0, 0, 0, 1, 1, 0, 1, 1, 1, 0, 0, 0, 0, 1)",7.0,13.0,13.0,13.0,8.726666666666667,16.975666666666665,16.772666666666666,18.242333333333335,0.0,2.358396457192967,2.715357687816487,3.0178829756363945,3.0,33.0,7.0,4.0,0.15028687038871774,0.02674296338000236,0.04617999196433439,0.027429790790610458,6.0,6.0,6.0,8.248999999999999,8.046,9.515666666666668,2.358396457192967,2.715357687816487,3.0178829756363945,9.767964182822857,8.83942074839347,10.77480735216293
20,6,1.7142857142857142,1.6582280766035322,5.857666666666667,"(0, 0, 0, 1, 1, 0, 1, 1, 0, 1, 0, 1, 1, 1, 0, 0, 1, 1, 1, 1, 1, 0, 0, 1, 0)",8.0,11.0,11.0,14.0,9.445,15.730666666666666,15.302666666666667,19.380666666666666,0.0,2.4087881659653085,2.6241827807379035,3.5951121691020855,8.0,3.0,2.0,1.0,0.12582052380332023,0.09639227482017483,0.03244440222083191,0.019457544874536294,3.0,3.0,6.0,6.285666666666666,5.857666666666667,9.935666666666666,2.4087881659653085,2.6241827807379035,3.5951121691020855,6.428748779443597,5.361853764892168,10.51408548909639
20,7,2.0,1.6582280766035322,7.929999999999998,"(1, 0, 0, 1, 1, 0, 0, 0, 1, 0, 0, 1, 0, 0, 1, 0, 1, 1, 1, 0, 1, 1, 0, 1, 0)",7.0,11.0,11.0,14.0,9.002,17.012666666666668,16.932,18.87,0.0,1.7196285773288802,2.269497007530612,4.0343583618379535,2.0,7.0,3.0,4.0,0.2120186436090664,0.011001555794412756,0.01243864943309583,0.0044309224240432505,4.0,4.0,7.0,8.010666666666667,7.929999999999998,9.868,1.7196285773288802,2.269497007530612,4.0343583618379535,10.43197599072216,9.386404989811048,9.67350835324373
21,0,0.0,1.6582280766035322,5.136666666666667,"(0, 0, 0, 1, 1, 1, 1, 1, 0, 0, 1, 1, 1, 0, 1, 1, 0, 1, 1, 1, 0, 0, 1, 1, 1)",9.0,13.0,11.0,14.0,10.868666666666666,16.005333333333333,17.099666666666668,17.657666666666668,0.0,1.3297054574937632,1.6393334889084559,2.412666577188921,41.0,17.0,2.0,8.0,0.1226173994826619,0.10427419921027554,0.02440233664365231,0.032091559979770236,4.0,2.0,5.0,5.136666666666667,6.231000000000002,6.7890000000000015,1.3297054574937632,1.6393334889084559,2.412666577188921,6.31280996359104,7.614030327092186,7.256958954283772
21,1,0.2857142857142857,1.6582280766035322,7.583000000000002,"(1, 1, 1, 0, 1, 0, 1, 1, 1, 0, 1, 0, 0, 0, 0, 0, 0, 1, 1, 0, 0, 0, 0, 1, 1)",7.0,10.0,11.0,15.0,9.179666666666666,16.762666666666668,17.079333333333334,18.569,0.0,2.4424225587857498,2.746136243393891,4.077057734810497,2.0,1.0,2.0,8.0,0.15004619569207295,0.048895881496008105,0.014162148440715365,0.009781500865349818,3.0,4.0,8.0,7.583000000000002,7.899666666666668,9.389333333333333,2.4424225587857498,2.746136243393891,4.077057734810497,8.524249842976216,8.545728841501404,8.8089645481264
21,2,0.5714285714285714,1.6582280766035322,4.062666666666667,"(0, 0, 1, 1, 1, 0, 0, 1, 0, 0, 0, 1, 0, 1, 1, 0, 0, 1, 0, 0, 0, 1, 1, 1, 1)",7.0,9.0,10.0,12.0,9.602,13.664666666666667,15.883666666666667,15.868,0.0,1.851641956982928,3.1481460034318074,3.916753141693949,6.0,3.0,5.0,4.0,0.17149326181429767,0.09308765845079608,0.015099436437839592,0.04598482360548903,2.0,3.0,5.0,4.062666666666667,6.281666666666666,6.266,1.851641956982928,3.1481460034318074,3.916753141693949,3.666383251661749,5.196091942393364,3.8955870993157338
21,3,0.8571428571428571,1.6582280766035322,5.8726666666666665,"(0, 0, 0, 1, 0, 0, 1, 0, 1, 1, 1, 0, 0, 0, 0, 1, 0, 0, 0, 0, 1, 0, 1, 0, 0)",6.0,9.0,10.0,14.0,7.602333333333333,15.173666666666668,13.475,17.860333333333333,0.0,2.947610954701218,2.6314237100057394,4.421996811878642,1.0,1.0,17.0,13.0,0.08928883540667479,0.01773817080551194,0.036490064408813916,0.02908122716908609,3.0,4.0,8.0,7.571333333333334,5.8726666666666665,10.258,2.947610954701218,2.6314237100057394,4.421996811878642,7.667186266667843,5.374720073828595,9.67742434169056
21,4,1.1428571428571428,1.6582280766035322,6.121333333333333,"(1, 1, 0, 0, 0, 1, 0, 0, 1, 0, 1, 1, 1, 1, 0, 0, 1, 1, 0, 0, 1, 0, 0, 0, 1)",6.0,10.0,9.0,12.0,7.757666666666666,13.879,13.984333333333334,16.899,0.0,3.414374521130503,3.081190438649837,5.509914191047201,2.0,4.0,1.0,3.0,0.21876164960134692,0.021399217142511927,0.04172192250534637,0.006905597968931001,4.0,3.0,6.0,6.121333333333333,6.2266666666666675,9.141333333333336,3.414374521130503,3.081190438649837,5.509914191047201,4.488755104604081,5.215916995586482,6.021721179654385
21,5,1.4285714285714284,1.6582280766035322,8.046,"(1, 1, 1, 1, 0, 0, 1, 1, 0, 0, 0, 0, 0, 0, 1, 1, 0, 1, 1, 1, 0, 0, 0, 0, 1)",7.0,13.0,13.0,13.0,8.726666666666667,16.975666666666665,16.772666666666666,18.242333333333335,0.0,2.358396457192967,2.715357687816487,3.0178829756363945,3.0,33.0,7.0,4.0,0.15028687038871774,0.02674296338000236,0.04617999196433439,0.027429790790610458,6.0,6.0,6.0,8.248999999999999,8.046,9.515666666666668,2.358396457192967,2.715357687816487,3.0178829756363945,9.767964182822857,8.83942074839347,10.77480735216293
21,6,1.7142857142857142,1.6582280766035322,7.337666666666667,"(0, 0, 0, 1, 1, 0, 1, 1, 0, 1, 0, 1, 1, 0, 0, 0, 1, 1, 0, 1, 1, 0, 0, 1, 0)",7.0,11.0,12.0,14.0,8.791333333333334,16.129,17.686666666666667,19.277333333333335,0.0,3.215783284200824,3.384406654834996,4.9017958934656685,6.0,4.0,8.0,3.0,0.16125951008047076,0.04829353693065568,0.05532025103196093,0.032272149824665926,4.0,5.0,7.0,7.337666666666667,8.895333333333333,10.486,3.215783284200824,3.384406654834996,4.9017958934656685,6.835022753290397,9.138373346389391,9.259884034939972
21,7,2.0,1.6582280766035322,7.929999999999998,"(1, 0, 0, 1, 1, 0, 0, 0, 1, 0, 0, 1, 0, 0, 1, 0, 1, 1, 1, 0, 1, 1, 0, 1, 0)",7.0,11.0,11.0,14.0,9.002,17.012666666666668,16.932,18.87,0.0,1.7196285773288802,2.269497007530612,4.0343583618379535,2.0,7.0,3.0,4.0,0.2120186436090664,0.011001555794412756,0.01243864943309583,0.0044309224240432505,4.0,4.0,7.0,8.010666666666667,7.929999999999998,9.868,1.7196285773288802,2.269497007530612,4.0343583618379535,10.43197599072216,9.386404989811048,9.67350835324373
22,0,0.0,1.6582280766035322,5.136666666666667,"(0, 0, 0, 1, 1, 1, 1, 1, 0, 0, 1, 1, 1, 0, 1, 1, 0, 1, 1, 1, 0, 0, 1, 1, 1)",9.0,13.0,11.0,14.0,10.868666666666666,16.005333333333333,17.099666666666668,17.657666666666668,0.0,1.3297054574937632,1.6393334889084559,2.412666577188921,41.0,17.0,2.0,8.0,0.1226173994826619,0.10427419921027554,0.02440233664365231,0.032091559979770236,4.0,2.0,5.0,5.136666666666667,6.231000000000002,6.7890000000000015,1.3297054574937632,1.6393334889084559,2.412666577188921,6.31280996359104,7.614030327092186,7.256958954283772
22,1,0.2857142857142857,1.6582280766035322,7.583000000000002,"(1, 1, 1, 0, 1, 0, 1, 1, 1, 0, 1, 0, 0, 0, 0, 0, 0, 1, 1, 0, 0, 0, 0, 1, 1)",7.0,10.0,11.0,15.0,9.179666666666666,16.762666666666668,17.079333333333334,18.569,0.0,2.4424225587857498,2.746136243393891,4.077057734810497,2.0,1.0,2.0,8.0,0.15004619569207295,0.048895881496008105,0.014162148440715365,0.009781500865349818,3.0,4.0,8.0,7.583000000000002,7.899666666666668,9.389333333333333,2.4424225587857498,2.746136243393891,4.077057734810497,8.524249842976216,8.545728841501404,8.8089645481264
22,2,0.5714285714285714,1.6582280766035322,6.936333333333334,"(0, 0, 1, 1, 1, 0, 0, 0, 0, 0, 0, 1, 1, 1, 1, 0, 0, 1, 0, 0, 0, 1, 1, 1, 1)",7.0,11.0,10.0,13.0,8.326,15.262333333333334,17.514333333333333,18.083666666666666,0.0,1.4727829033700375,1.5516500731689418,3.7471348342138158,12.0,5.0,5.0,2.0,0.1485926885376381,0.053358880885417063,0.05019272265424427,0.0234460185553846,4.0,3.0,6.0,6.936333333333334,9.188333333333333,9.757666666666665,1.4727829033700375,1.5516500731689418,3.7471348342138158,9.05981272090444,12.66336259413279,9.966832639892594
22,3,0.8571428571428571,1.6582280766035322,5.8726666666666665,"(0, 0, 0, 1, 0, 0, 1, 0, 1, 1, 1, 0, 0, 0, 0, 1, 0, 0, 0, 0, 1, 0, 1, 0, 0)",6.0,9.0,10.0,14.0,7.602333333333333,15.173666666666668,13.475,17.860333333333333,0.0,2.947610954701218,2.6314237100057394,4.421996811878642,1.0,1.0,17.0,13.0,0.08928883540667479,0.01773817080551194,0.036490064408813916,0.02908122716908609,3.0,4.0,8.0,7.571333333333334,5.8726666666666665,10.258,2.947610954701218,2.6314237100057394,4.421996811878642,7.667186266667843,5.374720073828595,9.67742434169056
22,4,1.1428571428571428,1.6582280766035322,6.121333333333333,"(1, 1, 0, 0, 0, 1, 0, 0, 1, 0, 1, 1, 1, 1, 0, 0, 1, 1, 0, 0, 1, 0, 0, 0, 1)",6.0,10.0,9.0,12.0,7.757666666666666,13.879,13.984333333333334,16.899,0.0,3.414374521130503,3.081190438649837,5.509914191047201,2.0,4.0,1.0,3.0,0.21876164960134692,0.021399217142511927,0.04172192250534637,0.006905597968931001,4.0,3.0,6.0,6.121333333333333,6.2266666666666675,9.141333333333336,3.414374521130503,3.081190438649837,5.509914191047201,4.488755104604081,5.215916995586482,6.021721179654385
22,5,1.4285714285714284,1.6582280766035322,8.046,"(1, 1, 1, 1, 0, 0, 1, 1, 0, 0, 0, 0, 0, 0, 1, 1, 0, 1, 1, 1, 0, 0, 0, 0, 1)",7.0,13.0,13.0,13.0,8.726666666666667,16.975666666666665,16.772666666666666,18.242333333333335,0.0,2.358396457192967,2.715357687816487,3.0178829756363945,3.0,33.0,7.0,4.0,0.15028687038871774,0.02674296338000236,0.04617999196433439,0.027429790790610458,6.0,6.0,6.0,8.248999999999999,8.046,9.515666666666668,2.358396457192967,2.715357687816487,3.0178829756363945,9.767964182822857,8.83942074839347,10.77480735216293
22,6,1.7142857142857142,1.6582280766035322,7.337666666666667,"(0, 0, 0, 1, 1, 0, 1, 1, 0, 1, 0, 1, 1, 0, 0, 0, 1, 1, 0, 1, 1, 0, 0, 1, 0)",7.0,11.0,12.0,14.0,8.791333333333334,16.129,17.686666666666667,19.277333333333335,0.0,3.215783284200824,3.384406654834996,4.9017958934656685,6.0,4.0,8.0,3.0,0.16125951008047076,0.04829353693065568,0.05532025103196093,0.032272149824665926,4.0,5.0,7.0,7.337666666666667,8.895333333333333,10.486,3.215783284200824,3.384406654834996,4.9017958934656685,6.835022753290397,9.138373346389391,9.259884034939972
22,7,2.0,1.6582280766035322,7.929999999999998,"(1, 0, 0, 1, 1, 0, 0, 0, 1, 0, 0, 1, 0, 0, 1, 0, 1, 1, 1, 0, 1, 1, 0, 1, 0)",7.0,11.0,11.0,14.0,9.002,17.012666666666668,16.932,18.87,0.0,1.7196285773288802,2.269497007530612,4.0343583618379535,2.0,7.0,3.0,4.0,0.2120186436090664,0.011001555794412756,0.01243864943309583,0.0044309224240432505,4.0,4.0,7.0,8.010666666666667,7.929999999999998,9.868,1.7196285773288802,2.269497007530612,4.0343583618379535,10.43197599072216,9.386404989811048,9.67350835324373
23,0,0.0,1.6582280766035322,5.136666666666667,"(0, 0, 0, 1, 1, 1, 1, 1, 0, 0, 1, 1, 1, 0, 1, 1, 0, 1, 1, 1, 0, 0, 1, 1, 1)",9.0,13.0,11.0,14.0,10.868666666666666,16.005333333333333,17.099666666666668,17.657666666666668,0.0,1.3297054574937632,1.6393334889084559,2.412666577188921,41.0,17.0,2.0,8.0,0.1226173994826619,0.10427419921027554,0.02440233664365231,0.032091559979770236,4.0,2.0,5.0,5.136666666666667,6.231000000000002,6.7890000000000015,1.3297054574937632,1.6393334889084559,2.412666577188921,6.31280996359104,7.614030327092186,7.256958954283772
23,1,0.2857142857142857,1.6582280766035322,7.583000000000002,"(1, 1, 1, 0, 1, 0, 1, 1, 1, 0, 1, 0, 0, 0, 0, 0, 0, 1, 1, 0, 0, 0, 0, 1, 1)",7.0,10.0,11.0,15.0,9.179666666666666,16.762666666666668,17.079333333333334,18.569,0.0,2.4424225587857498,2.746136243393891,4.077057734810497,2.0,1.0,2.0,8.0,0.15004619569207295,0.048895881496008105,0.014162148440715365,0.009781500865349818,3.0,4.0,8.0,7.583000000000002,7.899666666666668,9.389333333333333,2.4424225587857498,2.746136243393891,4.077057734810497,8.524249842976216,8.545728841501404,8.8089645481264
23,2,0.5714285714285714,1.6582280766035322,6.936333333333334,"(0, 0, 1, 1, 1, 0, 0, 0, 0, 0, 0, 1, 1, 1, 1, 0, 0, 1, 0, 0, 0, 1, 1, 1, 1)",7.0,11.0,10.0,13.0,8.326,15.262333333333334,17.514333333333333,18.083666666666666,0.0,1.4727829033700375,1.5516500731689418,3.7471348342138158,12.0,5.0,5.0,2.0,0.1485926885376381,0.053358880885417063,0.05019272265424427,0.0234460185553846,4.0,3.0,6.0,6.936333333333334,9.188333333333333,9.757666666666665,1.4727829033700375,1.5516500731689418,3.7471348342138158,9.05981272090444,12.66336259413279,9.966832639892594
23,3,0.8571428571428571,1.6582280766035322,5.8726666666666665,"(0, 0, 0, 1, 0, 0, 1, 0, 1, 1, 1, 0, 0, 0, 0, 1, 0, 0, 0, 0, 1, 0, 1, 0, 0)",6.0,9.0,10.0,14.0,7.602333333333333,15.173666666666668,13.475,17.860333333333333,0.0,2.947610954701218,2.6314237100057394,4.421996811878642,1.0,1.0,17.0,13.0,0.08928883540667479,0.01773817080551194,0.036490064408813916,0.02908122716908609,3.0,4.0,8.0,7.571333333333334,5.8726666666666665,10.258,2.947610954701218,2.6314237100057394,4.421996811878642,7.667186266667843,5.374720073828595,9.67742434169056
23,4,1.1428571428571428,1.6582280766035322,6.121333333333333,"(1, 1, 0, 0, 0, 1, 0, 0, 1, 0, 1, 1, 1, 1, 0, 0, 1, 1, 0, 0, 1, 0, 0, 0, 1)",6.0,10.0,9.0,12.0,7.757666666666666,13.879,13.984333333333334,16.899,0.0,3.414374521130503,3.081190438649837,5.509914191047201,2.0,4.0,1.0,3.0,0.21876164960134692,0.021399217142511927,0.04172192250534637,0.006905597968931001,4.0,3.0,6.0,6.121333333333333,6.2266666666666675,9.141333333333336,3.414374521130503,3.081190438649837,5.509914191047201,4.488755104604081,5.215916995586482,6.021721179654385
23,5,1.4285714285714284,1.6582280766035322,8.046,"(1, 1, 1, 1, 0, 0, 1, 1, 0, 0, 0, 0, 0, 0, 1, 1, 0, 1, 1, 1, 0, 0, 0, 0, 1)",7.0,13.0,13.0,13.0,8.726666666666667,16.975666666666665,16.772666666666666,18.242333333333335,0.0,2.358396457192967,2.715357687816487,3.0178829756363945,3.0,33.0,7.0,4.0,0.15028687038871774,0.02674296338000236,0.04617999196433439,0.027429790790610458,6.0,6.0,6.0,8.248999999999999,8.046,9.515666666666668,2.358396457192967,2.715357687816487,3.0178829756363945,9.767964182822857,8.83942074839347,10.77480735216293
23,6,1.7142857142857142,1.6582280766035322,7.337666666666667,"(0, 0, 0, 1, 1, 0, 1, 1, 0, 1, 0, 1, 1, 0, 0, 0, 1, 1, 0, 1, 1, 0, 0, 1, 0)",7.0,11.0,12.0,14.0,8.791333333333334,16.129,17.686666666666667,19.277333333333335,0.0,3.215783284200824,3.384406654834996,4.9017958934656685,6.0,4.0,8.0,3.0,0.16125951008047076,0.04829353693065568,0.05532025103196093,0.032272149824665926,4.0,5.0,7.0,7.337666666666667,8.895333333333333,10.486,3.215783284200824,3.384406654834996,4.9017958934656685,6.835022753290397,9.138373346389391,9.259884034939972
23,7,2.0,1.6582280766035322,7.929999999999998,"(1, 0, 0, 1, 1, 0, 0, 0, 1, 0, 0, 1, 0, 0, 1, 0, 1, 1, 1, 0, 1, 1, 0, 1, 0)",7.0,11.0,11.0,14.0,9.002,17.012666666666668,16.932,18.87,0.0,1.7196285773288802,2.269497007530612,4.0343583618379535,2.0,7.0,3.0,4.0,0.2120186436090664,0.011001555794412756,0.01243864943309583,0.0044309224240432505,4.0,4.0,7.0,8.010666666666667,7.929999999999998,9.868,1.7196285773288802,2.269497007530612,4.0343583618379535,10.43197599072216,9.386404989811048,9.67350835324373
24,0,0.0,1.6582280766035322,3.6080000000000005,"(0, 0, 0, 1, 1, 1, 1, 1, 0, 0, 1, 1, 1, 0, 1, 1, 0, 1, 1, 1, 0, 0, 1, 0, 0)",8.0,11.0,10.0,13.0,10.338666666666667,15.22,13.946666666666667,17.317,0.0,3.147049730425607,2.0997405143774257,3.864887452409072,11.0,15.0,5.0,19.0,0.13229154049632624,0.0579240918833982,0.09996699979744741,0.010532276085817251,3.0,2.0,5.0,4.881333333333334,3.6080000000000005,6.9783333333333335,3.147049730425607,2.0997405143774257,3.864887452409072,2.875837763134724,2.5010382258629553,5.162803374734228
24,1,0.2857142857142857,1.6582280766035322,7.583000000000002,"(1, 1, 1, 0, 1, 0, 1, 1, 1, 0, 1, 0, 0, 0, 0, 0, 0, 1, 1, 0, 0, 0, 0, 1, 1)",7.0,10.0,11.0,15.0,9.179666666666666,16.762666666666668,17.079333333333334,18.569,0.0,2.4424225587857498,2.746136243393891,4.077057734810497,2.0,1.0,2.0,8.0,0.15004619569207295,0.048895881496008105,0.014162148440715365,0.009781500865349818,3.0,4.0,8.0,7.583000000000002,7.899666666666668,9.389333333333333,2.4424225587857498,2.746136243393891,4.077057734810497,8.524249842976216,8.545728841501404,8.8089645481264
24,2,0.5714285714285714,1.6582280766035322,4.342666666666666,"(0, 0, 1, 1, 1, 0, 0, 1, 0, 0, 0, 1, 0, 1, 1, 0, 0, 1, 0, 0, 0, 1, 1, 1, 1)",7.0,9.0,11.0,12.0,10.573333333333334,15.291,14.916,16.952666666666666,0.0,3.274300310548521,2.7255281533529887,4.129126096415846,6.0,2.0,15.0,3.0,0.15074521359524007,0.05755810311214528,0.05420198460247244,0.013432599945567635,2.0,4.0,5.0,4.717666666666666,4.342666666666666,6.3793333333333315,3.274300310548521,2.7255281533529887,4.129126096415846,2.393430616540041,2.681584486533635,3.73135681843303
24,3,0.8571428571428571,1.6582280766035322,5.8726666666666665,"(0, 0, 0, 1, 0, 0, 1, 0, 1, 1, 1, 0, 0, 0, 0, 1, 0, 0, 0, 0, 1, 0, 1, 0, 0)",6.0,9.0,10.0,14.0,7.602333333333333,15.173666666666668,13.475,17.860333333333333,0.0,2.947610954701218,2.6314237100057394,4.421996811878642,1.0,1.0,17.0,13.0,0.08928883540667479,0.01773817080551194,0.036490064408813916,0.02908122716908609,3.0,4.0,8.0,7.571333333333334,5.8726666666666665,10.258,2.947610954701218,2.6314237100057394,4.421996811878642,7.667186266667843,5.374720073828595,9.67742434169056
24,4,1.1428571428571428,1.6582280766035322,4.457666666666666,"(0, 1, 0, 0, 0, 1, 0, 0, 1, 0, 1, 1, 1, 1, 0, 0, 1, 1, 0, 0, 0, 0, 0, 0, 1)",7.0,11.0,11.0,13.0,10.587666666666667,15.045333333333334,18.342666666666666,16.849333333333334,0.0,2.288640329437179,3.407889006875342,3.6356650579532435,6.0,12.0,1.0,10.0,0.17200371888150748,0.04639808122809063,0.03641375088741135,0.027004945867269113,4.0,4.0,6.0,4.457666666666666,7.754999999999999,6.261666666666667,2.288640329437179,3.407889006875342,3.6356650579532435,3.5967403712864576,7.20850150091117,4.3545095967746414
24,5,1.4285714285714284,1.6582280766035322,8.046,"(1, 1, 1, 1, 0, 0, 1, 1, 0, 0, 0, 0, 0, 0, 1, 1, 0, 1, 1, 1, 0, 0, 0, 0, 1)",7.0,13.0,13.0,13.0,8.726666666666667,16.975666666666665,16.772666666666666,18.242333333333335,0.0,2.358396457192967,2.715357687816487,3.0178829756363945,3.0,33.0,7.0,4.0,0.15028687038871774,0.02674296338000236,0.04617999196433439,0.027429790790610458,6.0,6.0,6.0,8.248999999999999,8.046,9.515666666666668,2.358396457192967,2.715357687816487,3.0178829756363945,9.767964182822857,8.83942074839347,10.77480735216293
24,6,1.7142857142857142,1.6582280766035322,7.337666666666667,"(0, 0, 0, 1, 1, 0, 1, 1, 0, 1, 0, 1, 1, 0, 0, 0, 1, 1, 0, 1, 1, 0, 0, 1, 0)",7.0,11.0,12.0,14.0,8.791333333333334,16.129,17.686666666666667,19.277333333333335,0.0,3.215783284200824,3.384406654834996,4.9017958934656685,6.0,4.0,8.0,3.0,0.16125951008047076,0.04829353693065568,0.05532025103196093,0.032272149824665926,4.0,5.0,7.0,7.337666666666667,8.895333333333333,10.486,3.215783284200824,3.384406654834996,4.9017958934656685,6.835022753290397,9.138373346389391,9.259884034939972
24,7,2.0,1.6582280766035322,7.929999999999998,"(1, 0, 0, 1, 1, 0, 0, 0, 1, 0, 0, 1, 0, 0, 1, 0, 1, 1, 1, 0, 1, 1, 0, 1, 0)",7.0,11.0,11.0,14.0,9.002,17.012666666666668,16.932,18.87,0.0,1.7196285773288802,2.269497007530612,4.0343583618379535,2.0,7.0,3.0,4.0,0.2120186436090664,0.011001555794412756,0.01243864943309583,0.0044309224240432505,4.0,4.0,7.0,8.010666666666667,7.929999999999998,9.868,1.7196285773288802,2.269497007530612,4.0343583618379535,10.43197599072216,9.386404989811048,9.67350835324373
25,0,0.0,1.6582280766035322,3.6080000000000005,"(0, 0, 0, 1, 1, 1, 1, 1, 0, 0, 1, 1, 1, 0, 1, 1, 0, 1, 1, 1, 0, 0, 1, 0, 0)",8.0,11.0,10.0,13.0,10.338666666666667,15.22,13.946666666666667,17.317,0.0,3.147049730425607,2.0997405143774257,3.864887452409072,11.0,15.0,5.0,19.0,0.13229154049632624,0.0579240918833982,0.09996699979744741,0.010532276085817251,3.0,2.0,5.0,4.881333333333334,3.6080000000000005,6.9783333333333335,3.147049730425607,2.0997405143774257,3.864887452409072,2.875837763134724,2.5010382258629553,5.162803374734228
25,1,0.2857142857142857,1.6582280766035322,7.583000000000002,"(1, 1, 1, 0, 1, 0, 1, 1, 1, 0, 1, 0, 0, 0, 0, 0, 0, 1, 1, 0, 0, 0, 0, 1, 1)",7.0,10.0,11.0,15.0,9.179666666666666,16.762666666666668,17.079333333333334,18.569,0.0,2.4424225587857498,2.746136243393891,4.077057734810497,2.0,1.0,2.0,8.0,0.15004619569207295,0.048895881496008105,0.014162148440715365,0.009781500865349818,3.0,4.0,8.0,7.583000000000002,7.899666666666668,9.389333333333333,2.4424225587857498,2.746136243393891,4.077057734810497,8.524249842976216,8.545728841501404,8.8089645481264
25,2,0.5714285714285714,1.6582280766035322,5.835666666666666,"(0, 0, 1, 1, 1, 0, 0, 1, 0, 0, 0, 1, 0, 1, 1, 0, 1, 0, 0, 0, 0, 1, 1, 1, 1)",6.0,8.0,9.0,12.0,7.309,13.144666666666666,13.570666666666666,16.43166666666667,0.0,1.7155659185412004,2.154913447437307,3.620077714033171,2.0,1.0,3.0,3.0,0.1418227625239062,0.18780123466655507,0.012534394952870832,0.0195605714395912,2.0,3.0,6.0,5.835666666666666,6.261666666666666,9.122666666666667,1.7155659185412004,2.154913447437307,3.620077714033171,6.832066738976865,6.8099334918080645,9.124547495265288
25,3,0.8571428571428571,1.6582280766035322,5.8726666666666665,"(0, 0, 0, 1, 0, 0, 1, 0, 1, 1, 1, 0, 0, 0, 0, 1, 0, 0, 0, 0, 1, 0, 1, 0, 0)",6.0,9.0,10.0,14.0,7.602333333333333,15.173666666666668,13.475,17.860333333333333,0.0,2.947610954701218,2.6314237100057394,4.421996811878642,1.0,1.0,17.0,13.0,0.08928883540667479,0.01773817080551194,0.036490064408813916,0.02908122716908609,3.0,4.0,8.0,7.571333333333334,5.8726666666666665,10.258,2.947610954701218,2.6314237100057394,4.421996811878642,7.667186266667843,5.374720073828595,9.67742434169056
25,4,1.1428571428571428,1.6582280766035322,3.8433333333333337,"(0, 0, 0, 0, 0, 1, 1, 0, 1, 0, 1, 1, 1, 1, 0, 0, 1, 1, 0, 0, 0, 0, 0, 0, 1)",7.0,11.0,11.0,13.0,10.411333333333333,15.127333333333333,14.254666666666667,16.153,0.0,2.3947669263398046,2.0593718730903325,3.552560194180796,3.0,13.0,17.0,29.0,0.1927915479345796,0.06921819291427454,0.03899759306948989,0.03052633076936158,4.0,4.0,6.0,4.715999999999999,3.8433333333333337,5.741666666666665,2.3947669263398046,2.0593718730903325,3.552560194180796,3.84913385508405,2.9582149809535805,3.6300378153505863
25,5,1.4285714285714284,1.6582280766035322,8.046,"(1, 1, 1, 1, 0, 0, 1, 1, 0, 0, 0, 0, 0, 0, 1, 1, 0, 1, 1, 1, 0, 0, 0, 0, 1)",7.0,13.0,13.0,13.0,8.726666666666667,16.975666666666665,16.772666666666666,18.242333333333335,0.0,2.358396457192967,2.715357687816487,3.0178829756363945,3.0,33.0,7.0,4.0,0.15028687038871774,0.02674296338000236,0.04617999196433439,0.027429790790610458,6.0,6.0,6.0,8.248999999999999,8.046,9.515666666666668,2.358396457192967,2.715357687816487,3.0178829756363945,9.767964182822857,8.83942074839347,10.77480735216293
25,6,1.7142857142857142,1.6582280766035322,7.337666666666667,"(0, 0, 0, 1, 1, 0, 1, 1, 0, 1, 0, 1, 1, 0, 0, 0, 1, 1, 0, 1, 1, 0, 0, 1, 0)",7.0,11.0,12.0,14.0,8.791333333333334,16.129,17.686666666666667,19.277333333333335,0.0,3.215783284200824,3.384406654834996,4.9017958934656685,6.0,4.0,8.0,3.0,0.16125951008047076,0.04829353693065568,0.05532025103196093,0.032272149824665926,4.0,5.0,7.0,7.337666666666667,8.895333333333333,10.486,3.215783284200824,3.384406654834996,4.9017958934656685,6.835022753290397,9.138373346389391,9.259884034939972
25,7,2.0,1.6582280766035322,7.929999999999998,"(1, 0, 0, 1, 1, 0, 0, 0, 1, 0, 0, 1, 0, 0, 1, 0, 1, 1, 1, 0, 1, 1, 0, 1, 0)",7.0,11.0,11.0,14.0,9.002,17.012666666666668,16.932,18.87,0.0,1.7196285773288802,2.269497007530612,4.0343583618379535,2.0,7.0,3.0,4.0,0.2120186436090664,0.011001555794412756,0.01243864943309583,0.0044309224240432505,4.0,4.0,7.0,8.010666666666667,7.929999999999998,9.868,1.7196285773288802,2.269497007530612,4.0343583618379535,10.43197599072216,9.386404989811048,9.67350835324373
26,0,0.0,1.6582280766035322,3.6080000000000005,"(0, 0, 0, 1, 1, 1, 1, 1, 0, 0, 1, 1, 1, 0, 1, 1, 0, 1, 1, 1, 0, 0, 1, 0, 0)",8.0,11.0,10.0,13.0,10.338666666666667,15.22,13.946666666666667,17.317,0.0,3.147049730425607,2.0997405143774257,3.864887452409072,11.0,15.0,5.0,19.0,0.13229154049632624,0.0579240918833982,0.09996699979744741,0.010532276085817251,3.0,2.0,5.0,4.881333333333334,3.6080000000000005,6.9783333333333335,3.147049730425607,2.0997405143774257,3.864887452409072,2.875837763134724,2.5010382258629553,5.162803374734228
26,1,0.2857142857142857,1.6582280766035322,3.800666666666668,"(1, 1, 1, 0, 1, 1, 1, 1, 1, 1, 1, 0, 0, 0, 0, 0, 0, 1, 1, 0, 0, 0, 0, 1, 1)",7.0,11.0,10.0,14.0,10.477666666666666,14.278333333333334,14.883666666666667,17.306333333333335,0.0,2.439852305267014,2.503132131145845,3.6817177365918066,2.0,16.0,1.0,11.0,0.24421374600321968,0.032377690365684296,0.028376353810761965,0.05692868503776263,4.0,3.0,7.0,3.800666666666668,4.406000000000001,6.828666666666669,2.439852305267014,2.503132131145845,3.6817177365918066,2.2565405811182124,3.1553889262006884,5.2183590714875825
26,2,0.5714285714285714,1.6582280766035322,5.835666666666666,"(0, 0, 1, 1, 1, 0, 0, 1, 0, 0, 0, 1, 0, 1, 1, 0, 1, 0, 0, 0, 0, 1, 1, 1, 1)",6.0,8.0,9.0,12.0,7.309,13.144666666666666,13.570666666666666,16.43166666666667,0.0,1.7155659185412004,2.154913447437307,3.620077714033171,2.0,1.0,3.0,3.0,0.1418227625239062,0.18780123466655507,0.012534394952870832,0.0195605714395912,2.0,3.0,6.0,5.835666666666666,6.261666666666666,9.122666666666667,1.7155659185412004,2.154913447437307,3.620077714033171,6.832066738976865,6.8099334918080645,9.124547495265288
26,3,0.8571428571428571,1.6582280766035322,4.687666666666666,"(0, 0, 0, 1, 0, 0, 1, 0, 1, 1, 0, 1, 0, 0, 0, 1, 0, 0, 0, 0, 1, 0, 1, 0, 0)",5.0,9.0,9.0,12.0,7.006666666666667,11.694333333333333,13.714333333333334,16.125,0.0,4.065007944120509,4.615051409508105,5.659182355076129,2.0,7.0,4.0,4.0,0.2188121941993392,0.05244510898795017,0.06315235992816454,0.008387539525563738,4.0,4.0,7.0,4.687666666666666,6.707666666666667,9.118333333333332,4.065007944120509,4.615051409508105,5.659182355076129,1.0325101758681257,3.4700333729492487,5.736061273356669
26,4,1.1428571428571428,1.6582280766035322,3.8433333333333337,"(0, 0, 0, 0, 0, 1, 1, 0, 1, 0, 1, 1, 1, 1, 0, 0, 1, 1, 0, 0, 0, 0, 0, 0, 1)",7.0,11.0,11.0,13.0,10.411333333333333,15.127333333333333,14.254666666666667,16.153,0.0,2.3947669263398046,2.0593718730903325,3.552560194180796,3.0,13.0,17.0,29.0,0.1927915479345796,0.06921819291427454,0.03899759306948989,0.03052633076936158,4.0,4.0,6.0,4.715999999999999,3.8433333333333337,5.741666666666665,2.3947669263398046,2.0593718730903325,3.552560194180796,3.84913385508405,2.9582149809535805,3.6300378153505863
26,5,1.4285714285714284,1.6582280766035322,8.046,"(1, 1, 1, 1, 0, 0, 1, 1, 0, 0, 0, 0, 0, 0, 1, 1, 0, 1, 1, 1, 0, 0, 0, 0, 1)",7.0,13.0,13.0,13.0,8.726666666666667,16.975666666666665,16.772666666666666,18.242333333333335,0.0,2.358396457192967,2.715357687816487,3.0178829756363945,3.0,33.0,7.0,4.0,0.15028687038871774,0.02674296338000236,0.04617999196433439,0.027429790790610458,6.0,6.0,6.0,8.248999999999999,8.046,9.515666666666668,2.358396457192967,2.715357687816487,3.0178829756363945,9.767964182822857,8.83942074839347,10.77480735216293
26,6,1.7142857142857142,1.6582280766035322,7.337666666666667,"(0, 0, 0, 1, 1, 0, 1, 1, 0, 1, 0, 1, 1, 0, 0, 0, 1, 1, 0, 1, 1, 0, 0, 1, 0)",7.0,11.0,12.0,14.0,8.791333333333334,16.129,17.686666666666667,19.277333333333335,0.0,3.215783284200824,3.384406654834996,4.9017958934656685,6.0,4.0,8.0,3.0,0.16125951008047076,0.04829353693065568,0.05532025103196093,0.032272149824665926,4.0,5.0,7.0,7.337666666666667,8.895333333333333,10.486,3.215783284200824,3.384406654834996,4.9017958934656685,6.835022753290397,9.138373346389391,9.259884034939972
26,7,2.0,1.6582280766035322,7.929999999999998,"(1, 0, 0, 1, 1, 0, 0, 0, 1, 0, 0, 1, 0, 0, 1, 0, 1, 1, 1, 0, 1, 1, 0, 1, 0)",7.0,11.0,11.0,14.0,9.002,17.012666666666668,16.932,18.87,0.0,1.7196285773288802,2.269497007530612,4.0343583618379535,2.0,7.0,3.0,4.0,0.2120186436090664,0.011001555794412756,0.01243864943309583,0.0044309224240432505,4.0,4.0,7.0,8.010666666666667,7.929999999999998,9.868,1.7196285773288802,2.269497007530612,4.0343583618379535,10.43197599072216,9.386404989811048,9.67350835324373
27,0,0.0,1.6582280766035322,3.6080000000000005,"(0, 0, 0, 1, 1, 1, 1, 1, 0, 0, 1, 1, 1, 0, 1, 1, 0, 1, 1, 1, 0, 0, 1, 0, 0)",8.0,11.0,10.0,13.0,10.338666666666667,15.22,13.946666666666667,17.317,0.0,3.147049730425607,2.0997405143774257,3.864887452409072,11.0,15.0,5.0,19.0,0.13229154049632624,0.0579240918833982,0.09996699979744741,0.010532276085817251,3.0,2.0,5.0,4.881333333333334,3.6080000000000005,6.9783333333333335,3.147049730425607,2.0997405143774257,3.864887452409072,2.875837763134724,2.5010382258629553,5.162803374734228
27,1,0.2857142857142857,1.6582280766035322,5.158666666666667,"(0, 0, 1, 0, 1, 1, 1, 1, 1, 1, 1, 0, 0, 0, 0, 0, 0, 1, 1, 0, 0, 0, 0, 1, 1)",7.0,9.0,10.0,12.0,8.911666666666667,15.347666666666667,14.070333333333334,15.956333333333333,0.0,2.3711648133828147,1.9542770625464834,4.026435716583071,7.0,1.0,10.0,4.0,0.11580538579438049,0.018693826533290044,0.013906811476956538,0.06145855233993692,2.0,3.0,5.0,6.436,5.158666666666667,7.044666666666666,2.3711648133828147,1.9542770625464834,4.026435716583071,6.740423833214575,5.313608809928566,5.004915303102371
27,2,0.5714285714285714,1.6582280766035322,5.835666666666666,"(0, 0, 1, 1, 1, 0, 0, 1, 0, 0, 0, 1, 0, 1, 1, 0, 1, 0, 0, 0, 0, 1, 1, 1, 1)",6.0,8.0,9.0,12.0,7.309,13.144666666666666,13.570666666666666,16.43166666666667,0.0,1.7155659185412004,2.154913447437307,3.620077714033171,2.0,1.0,3.0,3.0,0.1418227625239062,0.18780123466655507,0.012534394952870832,0.0195605714395912,2.0,3.0,6.0,5.835666666666666,6.261666666666666,9.122666666666667,1.7155659185412004,2.154913447437307,3.620077714033171,6.832066738976865,6.8099334918080645,9.124547495265288
27,3,0.8571428571428571,1.6582280766035322,8.416,"(0, 0, 0, 1, 0, 0, 1, 1, 0, 1, 0, 1, 0, 0, 0, 1, 0, 0, 0, 0, 1, 0, 1, 0, 0)",6.0,11.0,9.0,12.0,7.0183333333333335,16.242333333333335,15.434333333333333,17.530666666666665,0.0,3.084801690905552,2.9864134916937424,4.063736635928447,4.0,18.0,2.0,3.0,0.19033664939298794,0.0381464745462213,0.05300133285702547,0.017865214624282175,5.0,3.0,6.0,9.224,8.416,10.51233333333333,3.084801690905552,2.9864134916937424,4.063736635928447,10.180191003977344,9.003492792421175,10.69324409832959
27,4,1.1428571428571428,1.6582280766035322,2.413333333333332,"(0, 0, 0, 0, 0, 1, 1, 0, 1, 0, 1, 1, 1, 1, 1, 0, 1, 1, 0, 1, 0, 0, 0, 0, 1)",6.0,9.0,9.0,12.0,9.949666666666667,13.430666666666667,12.363,17.083333333333332,0.0,2.5352188444281247,2.5843300326301994,3.8077707075482845,2.0,1.0,4.0,3.0,0.14004258636663355,0.016607786353749446,0.08954990098613064,0.014868982358900648,3.0,3.0,6.0,3.481,2.413333333333332,7.133666666666665,2.5352188444281247,2.5843300326301994,3.8077707075482845,1.5683208664918167,-0.2835515277805967,5.515094059272331
27,5,1.4285714285714284,1.6582280766035322,8.046,"(1, 1, 1, 1, 0, 0, 1, 1, 0, 0, 0, 0, 0, 0, 1, 1, 0, 1, 1, 1, 0, 0, 0, 0, 1)",7.0,13.0,13.0,13.0,8.726666666666667,16.975666666666665,16.772666666666666,18.242333333333335,0.0,2.358396457192967,2.715357687816487,3.0178829756363945,3.0,33.0,7.0,4.0,0.15028687038871774,0.02674296338000236,0.04617999196433439,0.027429790790610458,6.0,6.0,6.0,8.248999999999999,8.046,9.515666666666668,2.358396457192967,2.715357687816487,3.0178829756363945,9.767964182822857,8.83942074839347,10.77480735216293
27,6,1.7142857142857142,1.6582280766035322,7.337666666666667,"(0, 0, 0, 1, 1, 0, 1, 1, 0, 1, 0, 1, 1, 0, 0, 0, 1, 1, 0, 1, 1, 0, 0, 1, 0)",7.0,11.0,12.0,14.0,8.791333333333334,16.129,17.686666666666667,19.277333333333335,0.0,3.215783284200824,3.384406654834996,4.9017958934656685,6.0,4.0,8.0,3.0,0.16125951008047076,0.04829353693065568,0.05532025103196093,0.032272149824665926,4.0,5.0,7.0,7.337666666666667,8.895333333333333,10.486,3.215783284200824,3.384406654834996,4.9017958934656685,6.835022753290397,9.138373346389391,9.259884034939972
27,7,2.0,1.6582280766035322,7.929999999999998,"(1, 0, 0, 1, 1, 0, 0, 0, 1, 0, 0, 1, 0, 0, 1, 0, 1, 1, 1, 0, 1, 1, 0, 1, 0)",7.0,11.0,11.0,14.0,9.002,17.012666666666668,16.932,18.87,0.0,1.7196285773288802,2.269497007530612,4.0343583618379535,2.0,7.0,3.0,4.0,0.2120186436090664,0.011001555794412756,0.01243864943309583,0.0044309224240432505,4.0,4.0,7.0,8.010666666666667,7.929999999999998,9.868,1.7196285773288802,2.269497007530612,4.0343583618379535,10.43197599072216,9.386404989811048,9.67350835324373
28,0,0.0,1.6582280766035322,3.6080000000000005,"(0, 0, 0, 1, 1, 1, 1, 1, 0, 0, 1, 1, 1, 0, 1, 1, 0, 1, 1, 1, 0, 0, 1, 0, 0)",8.0,11.0,10.0,13.0,10.338666666666667,15.22,13.946666666666667,17.317,0.0,3.147049730425607,2.0997405143774257,3.864887452409072,11.0,15.0,5.0,19.0,0.13229154049632624,0.0579240918833982,0.09996699979744741,0.010532276085817251,3.0,2.0,5.0,4.881333333333334,3.6080000000000005,6.9783333333333335,3.147049730425607,2.0997405143774257,3.864887452409072,2.875837763134724,2.5010382258629553,5.162803374734228
28,1,0.2857142857142857,1.6582280766035322,5.158666666666667,"(0, 0, 1, 0, 1, 1, 1, 1, 1, 1, 1, 0, 0, 0, 0, 0, 0, 1, 1, 0, 0, 0, 0, 1, 1)",7.0,9.0,10.0,12.0,8.911666666666667,15.347666666666667,14.070333333333334,15.956333333333333,0.0,2.3711648133828147,1.9542770625464834,4.026435716583071,7.0,1.0,10.0,4.0,0.11580538579438049,0.018693826533290044,0.013906811476956538,0.06145855233993692,2.0,3.0,5.0,6.436,5.158666666666667,7.044666666666666,2.3711648133828147,1.9542770625464834,4.026435716583071,6.740423833214575,5.313608809928566,5.004915303102371
28,2,0.5714285714285714,1.6582280766035322,3.1226666666666656,"(0, 0, 1, 1, 1, 0, 0, 1, 0, 0, 0, 1, 0, 1, 0, 0, 1, 0, 0, 1, 0, 1, 1, 1, 1)",7.0,9.0,10.0,12.0,9.631,12.753666666666666,14.086666666666666,17.286,0.0,3.0669941638384706,3.1815316620407583,4.175464358778712,5.0,2.0,6.0,5.0,0.1986442748358666,0.038279646757491216,0.06650857783577062,0.021268829348095528,2.0,3.0,5.0,3.1226666666666656,4.455666666666666,7.655000000000001,3.0669941638384706,3.1815316620407583,4.175464358778712,0.09231770728450255,2.112806438054051,5.769863693815815
28,3,0.8571428571428571,1.6582280766035322,8.416,"(0, 0, 0, 1, 0, 0, 1, 1, 0, 1, 0, 1, 0, 0, 0, 1, 0, 0, 0, 0, 1, 0, 1, 0, 0)",6.0,11.0,9.0,12.0,7.0183333333333335,16.242333333333335,15.434333333333333,17.530666666666665,0.0,3.084801690905552,2.9864134916937424,4.063736635928447,4.0,18.0,2.0,3.0,0.19033664939298794,0.0381464745462213,0.05300133285702547,0.017865214624282175,5.0,3.0,6.0,9.224,8.416,10.51233333333333,3.084801690905552,2.9864134916937424,4.063736635928447,10.180191003977344,9.003492792421175,10.69324409832959
28,4,1.1428571428571428,1.6582280766035322,6.276666666666667,"(0, 0, 0, 0, 0, 1, 1, 0, 1, 0, 1, 1, 0, 0, 1, 0, 1, 1, 0, 1, 0, 0, 0, 0, 1)",6.0,9.0,8.0,13.0,8.777666666666667,15.054333333333334,15.071333333333333,16.541333333333334,0.0,3.4220023702828786,2.813183931957892,4.7464844093353395,5.0,4.0,2.0,26.0,0.19467783811343076,0.011887808512068746,0.06118273467684068,0.005388591314372522,3.0,2.0,7.0,6.276666666666667,6.293666666666667,7.763666666666667,3.4220023702828786,2.813183931957892,4.7464844093353395,4.733684485541265,5.771434190827933,5.003176331336832
28,5,1.4285714285714284,1.6582280766035322,8.046,"(1, 1, 1, 1, 0, 0, 1, 1, 0, 0, 0, 0, 0, 0, 1, 1, 0, 1, 1, 1, 0, 0, 0, 0, 1)",7.0,13.0,13.0,13.0,8.726666666666667,16.975666666666665,16.772666666666666,18.242333333333335,0.0,2.358396457192967,2.715357687816487,3.0178829756363945,3.0,33.0,7.0,4.0,0.15028687038871774,0.02674296338000236,0.04617999196433439,0.027429790790610458,6.0,6.0,6.0,8.248999999999999,8.046,9.515666666666668,2.358396457192967,2.715357687816487,3.0178829756363945,9.767964182822857,8.83942074839347,10.77480735216293
28,6,1.7142857142857142,1.6582280766035322,7.337666666666667,"(0, 0, 0, 1, 1, 0, 1, 1, 0, 1, 0, 1, 1, 0, 0, 0, 1, 1, 0, 1, 1, 0, 0, 1, 0)",7.0,11.0,12.0,14.0,8.791333333333334,16.129,17.686666666666667,19.277333333333335,0.0,3.215783284200824,3.384406654834996,4.9017958934656685,6.0,4.0,8.0,3.0,0.16125951008047076,0.04829353693065568,0.05532025103196093,0.032272149824665926,4.0,5.0,7.0,7.337666666666667,8.895333333333333,10.486,3.215783284200824,3.384406654834996,4.9017958934656685,6.835022753290397,9.138373346389391,9.259884034939972
28,7,2.0,1.6582280766035322,7.929999999999998,"(1, 0, 0, 1, 1, 0, 0, 0, 1, 0, 0, 1, 0, 0, 1, 0, 1, 1, 1, 0, 1, 1, 0, 1, 0)",7.0,11.0,11.0,14.0,9.002,17.012666666666668,16.932,18.87,0.0,1.7196285773288802,2.269497007530612,4.0343583618379535,2.0,7.0,3.0,4.0,0.2120186436090664,0.011001555794412756,0.01243864943309583,0.0044309224240432505,4.0,4.0,7.0,8.010666666666667,7.929999999999998,9.868,1.7196285773288802,2.269497007530612,4.0343583618379535,10.43197599072216,9.386404989811048,9.67350835324373
29,0,0.0,1.6582280766035322,3.6080000000000005,"(0, 0, 0, 1, 1, 1, 1, 1, 0, 0, 1, 1, 1, 0, 1, 1, 0, 1, 1, 1, 0, 0, 1, 0, 0)",8.0,11.0,10.0,13.0,10.338666666666667,15.22,13.946666666666667,17.317,0.0,3.147049730425607,2.0997405143774257,3.864887452409072,11.0,15.0,5.0,19.0,0.13229154049632624,0.0579240918833982,0.09996699979744741,0.010532276085817251,3.0,2.0,5.0,4.881333333333334,3.6080000000000005,6.9783333333333335,3.147049730425607,2.0997405143774257,3.864887452409072,2.875837763134724,2.5010382258629553,5.162803374734228
29,1,0.2857142857142857,1.6582280766035322,5.158666666666667,"(0, 0, 1, 0, 1, 1, 1, 1, 1, 1, 1, 0, 0, 0, 0, 0, 0, 1, 1, 0, 0, 0, 0, 1, 1)",7.0,9.0,10.0,12.0,8.911666666666667,15.347666666666667,14.070333333333334,15.956333333333333,0.0,2.3711648133828147,1.9542770625464834,4.026435716583071,7.0,1.0,10.0,4.0,0.11580538579438049,0.018693826533290044,0.013906811476956538,0.06145855233993692,2.0,3.0,5.0,6.436,5.158666666666667,7.044666666666666,2.3711648133828147,1.9542770625464834,4.026435716583071,6.740423833214575,5.313608809928566,5.004915303102371
29,2,0.5714285714285714,1.6582280766035322,3.940999999999999,"(0, 0, 0, 0, 1, 0, 0, 1, 0, 0, 0, 1, 0, 1, 0, 0, 1, 0, 0, 1, 0, 1, 1, 1, 1)",7.0,10.0,10.0,13.0,9.682,13.623,14.445,16.865,0.0,2.7548880026870757,3.1117202600157494,4.629293746210489,6.0,1.0,1.0,4.0,0.0855797507593127,0.09185085106748196,0.07771948836872325,0.0676076212591015,3.0,3.0,6.0,3.940999999999999,4.763,7.182999999999998,2.7548880026870757,3.1117202600157494,4.629293746210489,1.9668442159405828,2.7381984271684643,4.23462740943179
29,3,0.8571428571428571,1.6582280766035322,8.416,"(0, 0, 0, 1, 0, 0, 1, 1, 0, 1, 0, 1, 0, 0, 0, 1, 0, 0, 0, 0, 1, 0, 1, 0, 0)",6.0,11.0,9.0,12.0,7.0183333333333335,16.242333333333335,15.434333333333333,17.530666666666665,0.0,3.084801690905552,2.9864134916937424,4.063736635928447,4.0,18.0,2.0,3.0,0.19033664939298794,0.0381464745462213,0.05300133285702547,0.017865214624282175,5.0,3.0,6.0,9.224,8.416,10.51233333333333,3.084801690905552,2.9864134916937424,4.063736635928447,10.180191003977344,9.003492792421175,10.69324409832959
29,4,1.1428571428571428,1.6582280766035322,6.399999999999999,"(0, 0, 0, 0, 0, 1, 1, 0, 1, 0, 1, 1, 0, 0, 1, 0, 1, 0, 0, 1, 0, 0, 1, 0, 1)",7.0,11.0,9.0,11.0,8.292666666666667,14.692666666666666,14.713,16.145666666666667,0.0,2.2069633842862517,2.209386239753733,3.170025401664769,10.0,16.0,4.0,1.0,0.13908914227003064,0.052009018710931665,0.10165124118425864,0.03656898419170854,4.0,2.0,4.0,6.399999999999999,6.420333333333332,7.853,2.2069633842862517,2.209386239753733,3.170025401664769,6.95301104240319,6.9827106996657315,7.765439960980629
29,5,1.4285714285714284,1.6582280766035322,8.046,"(1, 1, 1, 1, 0, 0, 1, 1, 0, 0, 0, 0, 0, 0, 1, 1, 0, 1, 1, 1, 0, 0, 0, 0, 1)",7.0,13.0,13.0,13.0,8.726666666666667,16.975666666666665,16.772666666666666,18.242333333333335,0.0,2.358396457192967,2.715357687816487,3.0178829756363945,3.0,33.0,7.0,4.0,0.15028687038871774,0.02674296338000236,0.04617999196433439,0.027429790790610458,6.0,6.0,6.0,8.248999999999999,8.046,9.515666666666668,2.358396457192967,2.715357687816487,3.0178829756363945,9.767964182822857,8.83942074839347,10.77480735216293
29,6,1.7142857142857142,1.6582280766035322,7.337666666666667,"(0, 0, 0, 1, 1, 0, 1, 1, 0, 1, 0, 1, 1, 0, 0, 0, 1, 1, 0, 1, 1, 0, 0, 1, 0)",7.0,11.0,12.0,14.0,8.791333333333334,16.129,17.686666666666667,19.277333333333335,0.0,3.215783284200824,3.384406654834996,4.9017958934656685,6.0,4.0,8.0,3.0,0.16125951008047076,0.04829353693065568,0.05532025103196093,0.032272149824665926,4.0,5.0,7.0,7.337666666666667,8.895333333333333,10.486,3.215783284200824,3.384406654834996,4.9017958934656685,6.835022753290397,9.138373346389391,9.259884034939972
29,7,2.0,1.6582280766035322,7.929999999999998,"(1, 0, 0, 1, 1, 0, 0, 0, 1, 0, 0, 1, 0, 0, 1, 0, 1, 1, 1, 0, 1, 1, 0, 1, 0)",7.0,11.0,11.0,14.0,9.002,17.012666666666668,16.932,18.87,0.0,1.7196285773288802,2.269497007530612,4.0343583618379535,2.0,7.0,3.0,4.0,0.2120186436090664,0.011001555794412756,0.01243864943309583,0.0044309224240432505,4.0,4.0,7.0,8.010666666666667,7.929999999999998,9.868,1.7196285773288802,2.269497007530612,4.0343583618379535,10.43197599072216,9.386404989811048,9.67350835324373
30,0,0.0,1.6582280766035322,3.6080000000000005,"(0, 0, 0, 1, 1, 1, 1, 1, 0, 0, 1, 1, 1, 0, 1, 1, 0, 1, 1, 1, 0, 0, 1, 0, 0)",8.0,11.0,10.0,13.0,10.338666666666667,15.22,13.946666666666667,17.317,0.0,3.147049730425607,2.0997405143774257,3.864887452409072,11.0,15.0,5.0,19.0,0.13229154049632624,0.0579240918833982,0.09996699979744741,0.010532276085817251,3.0,2.0,5.0,4.881333333333334,3.6080000000000005,6.9783333333333335,3.147049730425607,2.0997405143774257,3.864887452409072,2.875837763134724,2.5010382258629553,5.162803374734228
30,1,0.2857142857142857,1.6582280766035322,6.895333333333333,"(0, 0, 0, 0, 1, 0, 0, 1, 0, 0, 0, 1, 0, 1, 0, 0, 1, 0, 1, 1, 0, 1, 1, 0, 1)",6.0,10.0,10.0,14.0,7.536666666666667,16.278333333333332,14.432,17.690333333333335,0.0,2.426494356872153,3.251886594379764,3.89480004443536,2.0,3.0,6.0,14.0,0.12632812484853542,0.02678422294724684,0.07994947516020089,0.027237666240589462,4.0,4.0,8.0,8.741666666666665,6.895333333333333,10.153666666666668,2.426494356872153,3.251886594379764,3.89480004443536,10.47199603269044,6.041665678142389,10.378628360700668
30,2,0.5714285714285714,1.6582280766035322,8.416,"(0, 0, 0, 1, 0, 0, 1, 1, 0, 1, 0, 1, 0, 0, 0, 1, 0, 0, 0, 0, 1, 0, 1, 0, 0)",6.0,11.0,9.0,12.0,7.0183333333333335,16.242333333333335,15.434333333333333,17.530666666666665,0.0,3.084801690905552,2.9864134916937424,4.063736635928447,4.0,18.0,2.0,3.0,0.19033664939298794,0.0381464745462213,0.05300133285702547,0.017865214624282175,5.0,3.0,6.0,9.224,8.416,10.51233333333333,3.084801690905552,2.9864134916937424,4.063736635928447,10.180191003977344,9.003492792421175,10.69324409832959
30,3,0.8571428571428571,1.6582280766035322,5.158666666666667,"(0, 0, 1, 0, 1, 1, 1, 1, 1, 1, 1, 0, 0, 0, 0, 0, 0, 1, 1, 0, 0, 0, 0, 1, 1)",7.0,9.0,10.0,12.0,8.911666666666667,15.347666666666667,14.070333333333334,15.956333333333333,0.0,2.3711648133828147,1.9542770625464834,4.026435716583071,7.0,1.0,10.0,4.0,0.11580538579438049,0.018693826533290044,0.013906811476956538,0.06145855233993692,2.0,3.0,5.0,6.436,5.158666666666667,7.044666666666666,2.3711648133828147,1.9542770625464834,4.026435716583071,6.740423833214575,5.313608809928566,5.004915303102371
30,4,1.1428571428571428,1.6582280766035322,6.399999999999999,"(0, 0, 0, 0, 0, 1, 1, 0, 1, 0, 1, 1, 0, 0, 1, 0, 1, 0, 0, 1, 0, 0, 1, 0, 1)",7.0,11.0,9.0,11.0,8.292666666666667,14.692666666666666,14.713,16.145666666666667,0.0,2.2069633842862517,2.209386239753733,3.170025401664769,10.0,16.0,4.0,1.0,0.13908914227003064,0.052009018710931665,0.10165124118425864,0.03656898419170854,4.0,2.0,4.0,6.399999999999999,6.420333333333332,7.853,2.2069633842862517,2.209386239753733,3.170025401664769,6.95301104240319,6.9827106996657315,7.765439960980629
30,5,1.4285714285714284,1.6582280766035322,7.337666666666667,"(0, 0, 0, 1, 1, 0, 1, 1, 0, 1, 0, 1, 1, 0, 0, 0, 1, 1, 0, 1, 1, 0, 0, 1, 0)",7.0,11.0,12.0,14.0,8.791333333333334,16.129,17.686666666666667,19.277333333333335,0.0,3.215783284200824,3.384406654834996,4.9017958934656685,6.0,4.0,8.0,3.0,0.16125951008047076,0.04829353693065568,0.05532025103196093,0.032272149824665926,4.0,5.0,7.0,7.337666666666667,8.895333333333333,10.486,3.215783284200824,3.384406654834996,4.9017958934656685,6.835022753290397,9.138373346389391,9.259884034939972
30,6,1.7142857142857142,1.6582280766035322,7.929999999999998,"(1, 0, 0, 1, 1, 0, 0, 0, 1, 0, 0, 1, 0, 0, 1, 0, 1, 1, 1, 0, 1, 1, 0, 1, 0)",7.0,11.0,11.0,14.0,9.002,17.012666666666668,16.932,18.87,0.0,1.7196285773288802,2.269497007530612,4.0343583618379535,2.0,7.0,3.0,4.0,0.2120186436090664,0.011001555794412756,0.01243864943309583,0.0044309224240432505,4.0,4.0,7.0,8.010666666666667,7.929999999999998,9.868,1.7196285773288802,2.269497007530612,4.0343583618379535,10.43197599072216,9.386404989811048,9.67350835324373
30,7,2.0,1.6582280766035322,8.046,"(1, 1, 1, 1, 0, 0, 1, 1, 0, 0, 0, 0, 0, 0, 1, 1, 0, 1, 1, 1, 0, 0, 0, 0, 1)",7.0,13.0,13.0,13.0,8.726666666666667,16.975666666666665,16.772666666666666,18.242333333333335,0.0,2.358396457192967,2.715357687816487,3.0178829756363945,3.0,33.0,7.0,4.0,0.15028687038871774,0.02674296338000236,0.04617999196433439,0.027429790790610458,6.0,6.0,6.0,8.248999999999999,8.046,9.515666666666668,2.358396457192967,2.715357687816487,3.0178829756363945,9.767964182822857,8.83942074839347,10.77480735216293
31,0,0.0,1.6582280766035322,3.6080000000000005,"(0, 0, 0, 1, 1, 1, 1, 1, 0, 0, 1, 1, 1, 0, 1, 1, 0, 1, 1, 1, 0, 0, 1, 0, 0)",8.0,11.0,10.0,13.0,10.338666666666667,15.22,13.946666666666667,17.317,0.0,3.147049730425607,2.0997405143774257,3.864887452409072,11.0,15.0,5.0,19.0,0.13229154049632624,0.0579240918833982,0.09996699979744741,0.010532276085817251,3.0,2.0,5.0,4.881333333333334,3.6080000000000005,6.9783333333333335,3.147049730425607,2.0997405143774257,3.864887452409072,2.875837763134724,2.5010382258629553,5.162803374734228
31,1,0.2857142857142857,1.6582280766035322,6.895333333333333,"(0, 0, 0, 0, 1, 0, 0, 1, 0, 0, 0, 1, 0, 1, 0, 0, 1, 0, 1, 1, 0, 1, 1, 0, 1)",6.0,10.0,10.0,14.0,7.536666666666667,16.278333333333332,14.432,17.690333333333335,0.0,2.426494356872153,3.251886594379764,3.89480004443536,2.0,3.0,6.0,14.0,0.12632812484853542,0.02678422294724684,0.07994947516020089,0.027237666240589462,4.0,4.0,8.0,8.741666666666665,6.895333333333333,10.153666666666668,2.426494356872153,3.251886594379764,3.89480004443536,10.47199603269044,6.041665678142389,10.378628360700668
31,2,0.5714285714285714,1.6582280766035322,7.626,"(0, 0, 0, 1, 0, 0, 1, 0, 1, 1, 0, 1, 0, 0, 0, 1, 0, 0, 0, 0, 1, 0, 1, 0, 0)",5.0,10.0,9.0,11.0,5.839666666666667,13.907666666666668,13.465666666666667,15.640333333333333,0.0,4.480569112495557,4.634544801786398,5.240562677137566,2.0,10.0,5.0,4.0,0.23976637779291968,0.0324043198430562,0.08193926564248401,0.04357868131862903,5.0,4.0,6.0,8.068000000000001,7.626,9.800666666666665,4.480569112495557,4.634544801786398,5.240562677137566,5.948778620534598,4.96051499957938,7.561692467668931
31,3,0.8571428571428571,1.6582280766035322,5.158666666666667,"(0, 0, 1, 0, 1, 1, 1, 1, 1, 1, 1, 0, 0, 0, 0, 0, 0, 1, 1, 0, 0, 0, 0, 1, 1)",7.0,9.0,10.0,12.0,8.911666666666667,15.347666666666667,14.070333333333334,15.956333333333333,0.0,2.3711648133828147,1.9542770625464834,4.026435716583071,7.0,1.0,10.0,4.0,0.11580538579438049,0.018693826533290044,0.013906811476956538,0.06145855233993692,2.0,3.0,5.0,6.436,5.158666666666667,7.044666666666666,2.3711648133828147,1.9542770625464834,4.026435716583071,6.740423833214575,5.313608809928566,5.004915303102371
31,4,1.1428571428571428,1.6582280766035322,6.399999999999999,"(0, 0, 0, 0, 0, 1, 1, 0, 1, 0, 1, 1, 0, 0, 1, 0, 1, 0, 0, 1, 0, 0, 1, 0, 1)",7.0,11.0,9.0,11.0,8.292666666666667,14.692666666666666,14.713,16.145666666666667,0.0,2.2069633842862517,2.209386239753733,3.170025401664769,10.0,16.0,4.0,1.0,0.13908914227003064,0.052009018710931665,0.10165124118425864,0.03656898419170854,4.0,2.0,4.0,6.399999999999999,6.420333333333332,7.853,2.2069633842862517,2.209386239753733,3.170025401664769,6.95301104240319,6.9827106996657315,7.765439960980629
31,5,1.4285714285714284,1.6582280766035322,7.337666666666667,"(0, 0, 0, 1, 1, 0, 1, 1, 0, 1, 0, 1, 1, 0, 0, 0, 1, 1, 0, 1, 1, 0, 0, 1, 0)",7.0,11.0,12.0,14.0,8.791333333333334,16.129,17.686666666666667,19.277333333333335,0.0,3.215783284200824,3.384406654834996,4.9017958934656685,6.0,4.0,8.0,3.0,0.16125951008047076,0.04829353693065568,0.05532025103196093,0.032272149824665926,4.0,5.0,7.0,7.337666666666667,8.895333333333333,10.486,3.215783284200824,3.384406654834996,4.9017958934656685,6.835022753290397,9.138373346389391,9.259884034939972
31,6,1.7142857142857142,1.6582280766035322,7.929999999999998,"(1, 0, 0, 1, 1, 0, 0, 0, 1, 0, 0, 1, 0, 0, 1, 0, 1, 1, 1, 0, 1, 1, 0, 1, 0)",7.0,11.0,11.0,14.0,9.002,17.012666666666668,16.932,18.87,0.0,1.7196285773288802,2.269497007530612,4.0343583618379535,2.0,7.0,3.0,4.0,0.2120186436090664,0.011001555794412756,0.01243864943309583,0.0044309224240432505,4.0,4.0,7.0,8.010666666666667,7.929999999999998,9.868,1.7196285773288802,2.269497007530612,4.0343583618379535,10.43197599072216,9.386404989811048,9.67350835324373
31,7,2.0,1.6582280766035322,8.046,"(1, 1, 1, 1, 0, 0, 1, 1, 0, 0, 0, 0, 0, 0, 1, 1, 0, 1, 1, 1, 0, 0, 0, 0, 1)",7.0,13.0,13.0,13.0,8.726666666666667,16.975666666666665,16.772666666666666,18.242333333333335,0.0,2.358396457192967,2.715357687816487,3.0178829756363945,3.0,33.0,7.0,4.0,0.15028687038871774,0.02674296338000236,0.04617999196433439,0.027429790790610458,6.0,6.0,6.0,8.248999999999999,8.046,9.515666666666668,2.358396457192967,2.715357687816487,3.0178829756363945,9.767964182822857,8.83942074839347,10.77480735216293
32,0,0.0,1.6582280766035322,2.0280000000000005,"(0, 0, 0, 1, 1, 1, 1, 1, 0, 0, 0, 1, 1, 0, 1, 0, 0, 1, 1, 1, 0, 0, 1, 0, 0)",7.0,10.0,9.0,13.0,10.688333333333333,15.112333333333334,12.716333333333333,16.732333333333333,0.0,2.105553525023742,2.0179806578226693,3.217073017149294,5.0,7.0,2.0,16.0,0.17329854452443824,0.08050785037772366,0.07398629374224512,0.030618789063598384,3.0,2.0,6.0,4.424000000000001,2.0280000000000005,6.0440000000000005,2.105553525023742,2.0179806578226693,3.217073017149294,3.844513038908122,0.016614354507548456,4.687689693471153
32,1,0.2857142857142857,1.6582280766035322,6.895333333333333,"(0, 0, 0, 0, 1, 0, 0, 1, 0, 0, 0, 1, 0, 1, 0, 0, 1, 0, 1, 1, 0, 1, 1, 0, 1)",6.0,10.0,10.0,14.0,7.536666666666667,16.278333333333332,14.432,17.690333333333335,0.0,2.426494356872153,3.251886594379764,3.89480004443536,2.0,3.0,6.0,14.0,0.12632812484853542,0.02678422294724684,0.07994947516020089,0.027237666240589462,4.0,4.0,8.0,8.741666666666665,6.895333333333333,10.153666666666668,2.426494356872153,3.251886594379764,3.89480004443536,10.47199603269044,6.041665678142389,10.378628360700668
32,2,0.5714285714285714,1.6582280766035322,7.626,"(0, 0, 0, 1, 0, 0, 1, 0, 1, 1, 0, 1, 0, 0, 0, 1, 0, 0, 0, 0, 1, 0, 1, 0, 0)",5.0,10.0,9.0,11.0,5.839666666666667,13.907666666666668,13.465666666666667,15.640333333333333,0.0,4.480569112495557,4.634544801786398,5.240562677137566,2.0,10.0,5.0,4.0,0.23976637779291968,0.0324043198430562,0.08193926564248401,0.04357868131862903,5.0,4.0,6.0,8.068000000000001,7.626,9.800666666666665,4.480569112495557,4.634544801786398,5.240562677137566,5.948778620534598,4.96051499957938,7.561692467668931
32,3,0.8571428571428571,1.6582280766035322,4.731666666666666,"(0, 0, 1, 0, 1, 1, 1, 1, 1, 1, 1, 0, 0, 0, 0, 0, 0, 0, 0, 0, 0, 0, 0, 1, 1)",6.0,10.0,9.0,12.0,7.657333333333334,13.846666666666666,12.389,16.938,0.0,3.2425728800161733,4.1355931859146,5.475505958457678,6.0,6.0,3.0,7.0,0.2172637576339853,0.013983244533929157,0.039000321679657404,0.03414111024271212,4.0,3.0,6.0,6.189333333333332,4.731666666666666,9.280666666666665,3.2425728800161733,4.1355931859146,5.475505958457678,4.886400918715465,0.9884257815018699,6.309824322340724
32,4,1.1428571428571428,1.6582280766035322,6.399999999999999,"(0, 0, 0, 0, 0, 1, 1, 0, 1, 0, 1, 1, 0, 0, 1, 0, 1, 0, 0, 1, 0, 0, 1, 0, 1)",7.0,11.0,9.0,11.0,8.292666666666667,14.692666666666666,14.713,16.145666666666667,0.0,2.2069633842862517,2.209386239753733,3.170025401664769,10.0,16.0,4.0,1.0,0.13908914227003064,0.052009018710931665,0.10165124118425864,0.03656898419170854,4.0,2.0,4.0,6.399999999999999,6.420333333333332,7.853,2.2069633842862517,2.209386239753733,3.170025401664769,6.95301104240319,6.9827106996657315,7.765439960980629
32,5,1.4285714285714284,1.6582280766035322,7.337666666666667,"(0, 0, 0, 1, 1, 0, 1, 1, 0, 1, 0, 1, 1, 0, 0, 0, 1, 1, 0, 1, 1, 0, 0, 1, 0)",7.0,11.0,12.0,14.0,8.791333333333334,16.129,17.686666666666667,19.277333333333335,0.0,3.215783284200824,3.384406654834996,4.9017958934656685,6.0,4.0,8.0,3.0,0.16125951008047076,0.04829353693065568,0.05532025103196093,0.032272149824665926,4.0,5.0,7.0,7.337666666666667,8.895333333333333,10.486,3.215783284200824,3.384406654834996,4.9017958934656685,6.835022753290397,9.138373346389391,9.259884034939972
32,6,1.7142857142857142,1.6582280766035322,7.929999999999998,"(1, 0, 0, 1, 1, 0, 0, 0, 1, 0, 0, 1, 0, 0, 1, 0, 1, 1, 1, 0, 1, 1, 0, 1, 0)",7.0,11.0,11.0,14.0,9.002,17.012666666666668,16.932,18.87,0.0,1.7196285773288802,2.269497007530612,4.0343583618379535,2.0,7.0,3.0,4.0,0.2120186436090664,0.011001555794412756,0.01243864943309583,0.0044309224240432505,4.0,4.0,7.0,8.010666666666667,7.929999999999998,9.868,1.7196285773288802,2.269497007530612,4.0343583618379535,10.43197599072216,9.386404989811048,9.67350835324373
32,7,2.0,1.6582280766035322,5.163666666666666,"(1, 1, 1, 1, 0, 0, 1, 1, 0, 0, 0, 0, 0, 0, 1, 1, 0, 1, 1, 0, 0, 0, 0, 0, 0)",6.0,9.0,11.0,13.0,8.843666666666667,14.007333333333333,15.663666666666666,17.764,0.0,3.160029971314132,3.3833472313416113,4.0402727086445065,2.0,2.0,4.0,6.0,0.21069724866051984,0.03246344400983453,0.07500438352396405,0.014106868749588537,3.0,5.0,7.0,5.163666666666666,6.8199999999999985,8.920333333333332,3.160029971314132,3.3833472313416113,4.0402727086445065,3.32248662354669,5.698754110526601,8.092253543386382
33,0,0.0,1.6582280766035322,2.0280000000000005,"(0, 0, 0, 1, 1, 1, 1, 1, 0, 0, 0, 1, 1, 0, 1, 0, 0, 1, 1, 1, 0, 0, 1, 0, 0)",7.0,10.0,9.0,13.0,10.688333333333333,15.112333333333334,12.716333333333333,16.732333333333333,0.0,2.105553525023742,2.0179806578226693,3.217073017149294,5.0,7.0,2.0,16.0,0.17329854452443824,0.08050785037772366,0.07398629374224512,0.030618789063598384,3.0,2.0,6.0,4.424000000000001,2.0280000000000005,6.0440000000000005,2.105553525023742,2.0179806578226693,3.217073017149294,3.844513038908122,0.016614354507548456,4.687689693471153
33,1,0.2857142857142857,1.6582280766035322,6.895333333333333,"(0, 0, 0, 0, 1, 0, 0, 1, 0, 0, 0, 1, 0, 1, 0, 0, 1, 0, 1, 1, 0, 1, 1, 0, 1)",6.0,10.0,10.0,14.0,7.536666666666667,16.278333333333332,14.432,17.690333333333335,0.0,2.426494356872153,3.251886594379764,3.89480004443536,2.0,3.0,6.0,14.0,0.12632812484853542,0.02678422294724684,0.07994947516020089,0.027237666240589462,4.0,4.0,8.0,8.741666666666665,6.895333333333333,10.153666666666668,2.426494356872153,3.251886594379764,3.89480004443536,10.47199603269044,6.041665678142389,10.378628360700668
33,2,0.5714285714285714,1.6582280766035322,7.626,"(0, 0, 0, 1, 0, 0, 1, 0, 1, 1, 0, 1, 0, 0, 0, 1, 0, 0, 0, 0, 1, 0, 1, 0, 0)",5.0,10.0,9.0,11.0,5.839666666666667,13.907666666666668,13.465666666666667,15.640333333333333,0.0,4.480569112495557,4.634544801786398,5.240562677137566,2.0,10.0,5.0,4.0,0.23976637779291968,0.0324043198430562,0.08193926564248401,0.04357868131862903,5.0,4.0,6.0,8.068000000000001,7.626,9.800666666666665,4.480569112495557,4.634544801786398,5.240562677137566,5.948778620534598,4.96051499957938,7.561692467668931
33,3,0.8571428571428571,1.6582280766035322,5.630666666666667,"(0, 0, 1, 0, 0, 1, 1, 1, 1, 1, 1, 0, 0, 0, 0, 0, 0, 0, 0, 0, 0, 0, 0, 1, 0)",5.0,9.0,9.0,12.0,7.301333333333333,13.989333333333333,12.932,16.849666666666668,0.0,3.9534644688343135,3.8893923784299935,4.761740107640095,2.0,2.0,10.0,5.0,0.20078253128792378,0.07491175659926043,0.09278414167264577,0.022221505049643552,4.0,4.0,7.0,6.688,5.630666666666667,9.548333333333336,3.9534644688343135,3.8893923784299935,4.761740107640095,4.534483594248894,2.8874299138218844,7.937263278124799
33,4,1.1428571428571428,1.6582280766035322,6.399999999999999,"(0, 0, 0, 0, 0, 1, 1, 0, 1, 0, 1, 1, 0, 0, 1, 0, 1, 0, 0, 1, 0, 0, 1, 0, 1)",7.0,11.0,9.0,11.0,8.292666666666667,14.692666666666666,14.713,16.145666666666667,0.0,2.2069633842862517,2.209386239753733,3.170025401664769,10.0,16.0,4.0,1.0,0.13908914227003064,0.052009018710931665,0.10165124118425864,0.03656898419170854,4.0,2.0,4.0,6.399999999999999,6.420333333333332,7.853,2.2069633842862517,2.209386239753733,3.170025401664769,6.95301104240319,6.9827106996657315,7.765439960980629
33,5,1.4285714285714284,1.6582280766035322,7.337666666666667,"(0, 0, 0, 1, 1, 0, 1, 1, 0, 1, 0, 1, 1, 0, 0, 0, 1, 1, 0, 1, 1, 0, 0, 1, 0)",7.0,11.0,12.0,14.0,8.791333333333334,16.129,17.686666666666667,19.277333333333335,0.0,3.215783284200824,3.384406654834996,4.9017958934656685,6.0,4.0,8.0,3.0,0.16125951008047076,0.04829353693065568,0.05532025103196093,0.032272149824665926,4.0,5.0,7.0,7.337666666666667,8.895333333333333,10.486,3.215783284200824,3.384406654834996,4.9017958934656685,6.835022753290397,9.138373346389391,9.259884034939972
33,6,1.7142857142857142,1.6582280766035322,7.929999999999998,"(1, 0, 0, 1, 1, 0, 0, 0, 1, 0, 0, 1, 0, 0, 1, 0, 1, 1, 1, 0, 1, 1, 0, 1, 0)",7.0,11.0,11.0,14.0,9.002,17.012666666666668,16.932,18.87,0.0,1.7196285773288802,2.269497007530612,4.0343583618379535,2.0,7.0,3.0,4.0,0.2120186436090664,0.011001555794412756,0.01243864943309583,0.0044309224240432505,4.0,4.0,7.0,8.010666666666667,7.929999999999998,9.868,1.7196285773288802,2.269497007530612,4.0343583618379535,10.43197599072216,9.386404989811048,9.67350835324373
33,7,2.0,1.6582280766035322,6.838666666666666,"(1, 1, 1, 1, 0, 0, 1, 1, 0, 0, 0, 0, 0, 0, 1, 1, 1, 1, 1, 0, 0, 1, 0, 0, 0)",7.0,13.0,12.0,13.0,7.961666666666667,17.01033333333333,14.800333333333333,18.035666666666668,0.0,2.61150654833009,3.0488826282906794,3.6200500768985617,2.0,15.0,33.0,1.0,0.1816669866164563,0.0816291290585238,0.02967895878880756,0.012038608435077003,6.0,5.0,6.0,9.048666666666666,6.838666666666666,10.074000000000002,2.61150654833009,3.0488826282906794,3.6200500768985617,10.674279641818226,6.284326296698979,10.702120967480017
34,0,0.0,1.6582280766035322,5.578333333333333,"(1, 0, 0, 1, 1, 0, 1, 1, 0, 0, 0, 1, 1, 0, 1, 0, 0, 1, 1, 1, 0, 0, 1, 0, 0)",7.0,10.0,10.0,13.0,8.912,15.741666666666667,14.490333333333334,18.106666666666666,0.0,1.8255893514238464,2.5532198314374757,3.754781108122598,6.0,4.0,3.0,2.0,0.12276993499885568,0.08181411322339836,0.07210583207030144,0.07281487668929518,3.0,3.0,6.0,6.829666666666666,5.578333333333333,9.194666666666665,1.8255893514238464,2.5532198314374757,3.754781108122598,8.297901501630468,5.0163281437561436,9.020570966687858
34,1,0.2857142857142857,1.6582280766035322,6.895333333333333,"(0, 0, 0, 0, 1, 0, 0, 1, 0, 0, 0, 1, 0, 1, 0, 0, 1, 0, 1, 1, 0, 1, 1, 0, 1)",6.0,10.0,10.0,14.0,7.536666666666667,16.278333333333332,14.432,17.690333333333335,0.0,2.426494356872153,3.251886594379764,3.89480004443536,2.0,3.0,6.0,14.0,0.12632812484853542,0.02678422294724684,0.07994947516020089,0.027237666240589462,4.0,4.0,8.0,8.741666666666665,6.895333333333333,10.153666666666668,2.426494356872153,3.251886594379764,3.89480004443536,10.47199603269044,6.041665678142389,10.378628360700668
34,2,0.5714285714285714,1.6582280766035322,7.626,"(0, 0, 0, 1, 0, 0, 1, 0, 1, 1, 0, 1, 0, 0, 0, 1, 0, 0, 0, 0, 1, 0, 1, 0, 0)",5.0,10.0,9.0,11.0,5.839666666666667,13.907666666666668,13.465666666666667,15.640333333333333,0.0,4.480569112495557,4.634544801786398,5.240562677137566,2.0,10.0,5.0,4.0,0.23976637779291968,0.0324043198430562,0.08193926564248401,0.04357868131862903,5.0,4.0,6.0,8.068000000000001,7.626,9.800666666666665,4.480569112495557,4.634544801786398,5.240562677137566,5.948778620534598,4.96051499957938,7.561692467668931
34,3,0.8571428571428571,1.6582280766035322,4.634666666666666,"(0, 0, 0, 0, 0, 1, 1, 1, 1, 1, 1, 0, 0, 0, 0, 0, 0, 0, 0, 0, 0, 0, 1, 1, 0)",4.0,8.0,8.0,11.0,6.093,10.727666666666666,11.977666666666666,15.105666666666666,0.0,2.9437417558558105,2.874096176638462,4.362586184845216,1.0,2.0,5.0,14.0,0.3473362826387547,0.05582232203806548,0.01757759851021278,0.02354179751882393,4.0,4.0,7.0,4.634666666666666,5.884666666666666,9.012666666666666,2.9437417558558105,2.874096176638462,4.362586184845216,2.803939162534884,4.992212513158822,7.7108940134224095
34,4,1.1428571428571428,1.6582280766035322,6.399999999999999,"(0, 0, 0, 0, 0, 1, 1, 0, 1, 0, 1, 1, 0, 0, 1, 0, 1, 0, 0, 1, 0, 0, 1, 0, 1)",7.0,11.0,9.0,11.0,8.292666666666667,14.692666666666666,14.713,16.145666666666667,0.0,2.2069633842862517,2.209386239753733,3.170025401664769,10.0,16.0,4.0,1.0,0.13908914227003064,0.052009018710931665,0.10165124118425864,0.03656898419170854,4.0,2.0,4.0,6.399999999999999,6.420333333333332,7.853,2.2069633842862517,2.209386239753733,3.170025401664769,6.95301104240319,6.9827106996657315,7.765439960980629
34,5,1.4285714285714284,1.6582280766035322,7.337666666666667,"(0, 0, 0, 1, 1, 0, 1, 1, 0, 1, 0, 1, 1, 0, 0, 0, 1, 1, 0, 1, 1, 0, 0, 1, 0)",7.0,11.0,12.0,14.0,8.791333333333334,16.129,17.686666666666667,19.277333333333335,0.0,3.215783284200824,3.384406654834996,4.9017958934656685,6.0,4.0,8.0,3.0,0.16125951008047076,0.04829353693065568,0.05532025103196093,0.032272149824665926,4.0,5.0,7.0,7.337666666666667,8.895333333333333,10.486,3.215783284200824,3.384406654834996,4.9017958934656685,6.835022753290397,9.138373346389391,9.259884034939972
34,6,1.7142857142857142,1.6582280766035322,7.929999999999998,"(1, 0, 0, 1, 1, 0, 0, 0, 1, 0, 0, 1, 0, 0, 1, 0, 1, 1, 1, 0, 1, 1, 0, 1, 0)",7.0,11.0,11.0,14.0,9.002,17.012666666666668,16.932,18.87,0.0,1.7196285773288802,2.269497007530612,4.0343583618379535,2.0,7.0,3.0,4.0,0.2120186436090664,0.011001555794412756,0.01243864943309583,0.0044309224240432505,4.0,4.0,7.0,8.010666666666667,7.929999999999998,9.868,1.7196285773288802,2.269497007530612,4.0343583618379535,10.43197599072216,9.386404989811048,9.67350835324373
34,7,2.0,1.6582280766035322,6.838666666666666,"(1, 1, 1, 1, 0, 0, 1, 1, 0, 0, 0, 0, 0, 0, 1, 1, 1, 1, 1, 0, 0, 1, 0, 0, 0)",7.0,13.0,12.0,13.0,7.961666666666667,17.01033333333333,14.800333333333333,18.035666666666668,0.0,2.61150654833009,3.0488826282906794,3.6200500768985617,2.0,15.0,33.0,1.0,0.1816669866164563,0.0816291290585238,0.02967895878880756,0.012038608435077003,6.0,5.0,6.0,9.048666666666666,6.838666666666666,10.074000000000002,2.61150654833009,3.0488826282906794,3.6200500768985617,10.674279641818226,6.284326296698979,10.702120967480017
35,0,0.0,1.6582280766035322,2.928333333333333,"(1, 0, 0, 1, 1, 0, 1, 1, 0, 0, 0, 1, 1, 0, 1, 0, 0, 1, 1, 1, 0, 0, 1, 1, 1)",8.0,11.0,12.0,14.0,11.601,14.529333333333334,17.87,18.468666666666667,0.0,1.4846760836305655,2.562561182935675,3.1084222286189482,18.0,2.0,30.0,9.0,0.11732565661065494,0.10847659066056071,0.035722448441249714,0.023002370816867578,3.0,4.0,6.0,2.928333333333333,6.269,6.867666666666667,1.4846760836305655,2.562561182935675,3.1084222286189482,2.393912984449365,6.1461209106692465,6.233684673986394
35,1,0.2857142857142857,1.6582280766035322,6.895333333333333,"(0, 0, 0, 0, 1, 0, 0, 1, 0, 0, 0, 1, 0, 1, 0, 0, 1, 0, 1, 1, 0, 1, 1, 0, 1)",6.0,10.0,10.0,14.0,7.536666666666667,16.278333333333332,14.432,17.690333333333335,0.0,2.426494356872153,3.251886594379764,3.89480004443536,2.0,3.0,6.0,14.0,0.12632812484853542,0.02678422294724684,0.07994947516020089,0.027237666240589462,4.0,4.0,8.0,8.741666666666665,6.895333333333333,10.153666666666668,2.426494356872153,3.251886594379764,3.89480004443536,10.47199603269044,6.041665678142389,10.378628360700668
35,2,0.5714285714285714,1.6582280766035322,7.626,"(0, 0, 0, 1, 0, 0, 1, 0, 1, 1, 0, 1, 0, 0, 0, 1, 0, 0, 0, 0, 1, 0, 1, 0, 0)",5.0,10.0,9.0,11.0,5.839666666666667,13.907666666666668,13.465666666666667,15.640333333333333,0.0,4.480569112495557,4.634544801786398,5.240562677137566,2.0,10.0,5.0,4.0,0.23976637779291968,0.0324043198430562,0.08193926564248401,0.04357868131862903,5.0,4.0,6.0,8.068000000000001,7.626,9.800666666666665,4.480569112495557,4.634544801786398,5.240562677137566,5.948778620534598,4.96051499957938,7.561692467668931
35,3,0.8571428571428571,1.6582280766035322,3.678000000000001,"(0, 0, 0, 0, 0, 1, 1, 1, 1, 1, 1, 0, 0, 0, 0, 0, 0, 0, 0, 0, 0, 0, 1, 0, 1)",5.0,9.0,10.0,12.0,8.826333333333332,14.022666666666666,12.504333333333333,16.72533333333333,0.0,3.936707152882412,3.48577045220649,5.2561223839230315,1.0,1.0,30.0,21.0,0.11547582796575064,0.10323725571899603,0.007220394300989083,0.0656669925619756,4.0,5.0,7.0,5.1963333333333335,3.678000000000001,7.898999999999999,3.936707152882412,3.48577045220649,5.2561223839230315,2.0887474984485856,0.3187604333040001,4.382493866005839
35,4,1.1428571428571428,1.6582280766035322,6.399999999999999,"(0, 0, 0, 0, 0, 1, 1, 0, 1, 0, 1, 1, 0, 0, 1, 0, 1, 0, 0, 1, 0, 0, 1, 0, 1)",7.0,11.0,9.0,11.0,8.292666666666667,14.692666666666666,14.713,16.145666666666667,0.0,2.2069633842862517,2.209386239753733,3.170025401664769,10.0,16.0,4.0,1.0,0.13908914227003064,0.052009018710931665,0.10165124118425864,0.03656898419170854,4.0,2.0,4.0,6.399999999999999,6.420333333333332,7.853,2.2069633842862517,2.209386239753733,3.170025401664769,6.95301104240319,6.9827106996657315,7.765439960980629
35,5,1.4285714285714284,1.6582280766035322,7.337666666666667,"(0, 0, 0, 1, 1, 0, 1, 1, 0, 1, 0, 1, 1, 0, 0, 0, 1, 1, 0, 1, 1, 0, 0, 1, 0)",7.0,11.0,12.0,14.0,8.791333333333334,16.129,17.686666666666667,19.277333333333335,0.0,3.215783284200824,3.384406654834996,4.9017958934656685,6.0,4.0,8.0,3.0,0.16125951008047076,0.04829353693065568,0.05532025103196093,0.032272149824665926,4.0,5.0,7.0,7.337666666666667,8.895333333333333,10.486,3.215783284200824,3.384406654834996,4.9017958934656685,6.835022753290397,9.138373346389391,9.259884034939972
35,6,1.7142857142857142,1.6582280766035322,7.929999999999998,"(1, 0, 0, 1, 1, 0, 0, 0, 1, 0, 0, 1, 0, 0, 1, 0, 1, 1, 1, 0, 1, 1, 0, 1, 0)",7.0,11.0,11.0,14.0,9.002,17.012666666666668,16.932,18.87,0.0,1.7196285773288802,2.269497007530612,4.0343583618379535,2.0,7.0,3.0,4.0,0.2120186436090664,0.011001555794412756,0.01243864943309583,0.0044309224240432505,4.0,4.0,7.0,8.010666666666667,7.929999999999998,9.868,1.7196285773288802,2.269497007530612,4.0343583618379535,10.43197599072216,9.386404989811048,9.67350835324373
35,7,2.0,1.6582280766035322,6.838666666666666,"(1, 1, 1, 1, 0, 0, 1, 1, 0, 0, 0, 0, 0, 0, 1, 1, 1, 1, 1, 0, 0, 1, 0, 0, 0)",7.0,13.0,12.0,13.0,7.961666666666667,17.01033333333333,14.800333333333333,18.035666666666668,0.0,2.61150654833009,3.0488826282906794,3.6200500768985617,2.0,15.0,33.0,1.0,0.1816669866164563,0.0816291290585238,0.02967895878880756,0.012038608435077003,6.0,5.0,6.0,9.048666666666666,6.838666666666666,10.074000000000002,2.61150654833009,3.0488826282906794,3.6200500768985617,10.674279641818226,6.284326296698979,10.702120967480017
36,0,0.0,1.6582280766035322,2.928333333333333,"(1, 0, 0, 1, 1, 0, 1, 1, 0, 0, 0, 1, 1, 0, 1, 0, 0, 1, 1, 1, 0, 0, 1, 1, 1)",8.0,11.0,12.0,14.0,11.601,14.529333333333334,17.87,18.468666666666667,0.0,1.4846760836305655,2.562561182935675,3.1084222286189482,18.0,2.0,30.0,9.0,0.11732565661065494,0.10847659066056071,0.035722448441249714,0.023002370816867578,3.0,4.0,6.0,2.928333333333333,6.269,6.867666666666667,1.4846760836305655,2.562561182935675,3.1084222286189482,2.393912984449365,6.1461209106692465,6.233684673986394
36,1,0.2857142857142857,1.6582280766035322,6.895333333333333,"(0, 0, 0, 0, 1, 0, 0, 1, 0, 0, 0, 1, 0, 1, 0, 0, 1, 0, 1, 1, 0, 1, 1, 0, 1)",6.0,10.0,10.0,14.0,7.536666666666667,16.278333333333332,14.432,17.690333333333335,0.0,2.426494356872153,3.251886594379764,3.89480004443536,2.0,3.0,6.0,14.0,0.12632812484853542,0.02678422294724684,0.07994947516020089,0.027237666240589462,4.0,4.0,8.0,8.741666666666665,6.895333333333333,10.153666666666668,2.426494356872153,3.251886594379764,3.89480004443536,10.47199603269044,6.041665678142389,10.378628360700668
36,2,0.5714285714285714,1.6582280766035322,7.626,"(0, 0, 0, 1, 0, 0, 1, 0, 1, 1, 0, 1, 0, 0, 0, 1, 0, 0, 0, 0, 1, 0, 1, 0, 0)",5.0,10.0,9.0,11.0,5.839666666666667,13.907666666666668,13.465666666666667,15.640333333333333,0.0,4.480569112495557,4.634544801786398,5.240562677137566,2.0,10.0,5.0,4.0,0.23976637779291968,0.0324043198430562,0.08193926564248401,0.04357868131862903,5.0,4.0,6.0,8.068000000000001,7.626,9.800666666666665,4.480569112495557,4.634544801786398,5.240562677137566,5.948778620534598,4.96051499957938,7.561692467668931
36,3,0.8571428571428571,1.6582280766035322,3.868333333333334,"(0, 0, 0, 0, 0, 1, 1, 1, 1, 1, 1, 0, 0, 0, 0, 0, 0, 0, 0, 0, 0, 0, 0, 1, 1)",4.0,8.0,8.0,12.0,5.878,13.149333333333333,9.746333333333334,15.372,0.0,4.551043805751207,4.649772862956541,5.588062795346246,1.0,1.0,4.0,14.0,0.24912173418083933,0.028056555963524313,0.10994314847413651,0.01686121785351228,4.0,4.0,8.0,7.271333333333333,3.868333333333334,9.494,4.551043805751207,4.649772862956541,5.588062795346246,4.5108604711272395,-1.29580496818906,6.476934738207172
36,4,1.1428571428571428,1.6582280766035322,5.200666666666665,"(0, 0, 0, 1, 0, 1, 1, 0, 0, 0, 1, 1, 0, 0, 1, 0, 1, 0, 0, 1, 0, 0, 1, 0, 1)",6.0,10.0,10.0,12.0,8.996333333333334,14.197,15.034333333333333,15.677,0.0,3.9732250200805033,3.942418827368492,4.759602835896916,2.0,1.0,6.0,3.0,0.16817601614910577,0.0334404814832967,0.05808808767934106,0.06029712615300644,4.0,4.0,6.0,5.200666666666665,6.0379999999999985,6.680666666666665,3.9732250200805033,3.942418827368492,4.759602835896916,2.0353782007616434,3.474951537259318,3.1855619811299345
36,5,1.4285714285714284,1.6582280766035322,7.337666666666667,"(0, 0, 0, 1, 1, 0, 1, 1, 0, 1, 0, 1, 1, 0, 0, 0, 1, 1, 0, 1, 1, 0, 0, 1, 0)",7.0,11.0,12.0,14.0,8.791333333333334,16.129,17.686666666666667,19.277333333333335,0.0,3.215783284200824,3.384406654834996,4.9017958934656685,6.0,4.0,8.0,3.0,0.16125951008047076,0.04829353693065568,0.05532025103196093,0.032272149824665926,4.0,5.0,7.0,7.337666666666667,8.895333333333333,10.486,3.215783284200824,3.384406654834996,4.9017958934656685,6.835022753290397,9.138373346389391,9.259884034939972
36,6,1.7142857142857142,1.6582280766035322,7.929999999999998,"(1, 0, 0, 1, 1, 0, 0, 0, 1, 0, 0, 1, 0, 0, 1, 0, 1, 1, 1, 0, 1, 1, 0, 1, 0)",7.0,11.0,11.0,14.0,9.002,17.012666666666668,16.932,18.87,0.0,1.7196285773288802,2.269497007530612,4.0343583618379535,2.0,7.0,3.0,4.0,0.2120186436090664,0.011001555794412756,0.01243864943309583,0.0044309224240432505,4.0,4.0,7.0,8.010666666666667,7.929999999999998,9.868,1.7196285773288802,2.269497007530612,4.0343583618379535,10.43197599072216,9.386404989811048,9.67350835324373
36,7,2.0,1.6582280766035322,6.838666666666666,"(1, 1, 1, 1, 0, 0, 1, 1, 0, 0, 0, 0, 0, 0, 1, 1, 1, 1, 1, 0, 0, 1, 0, 0, 0)",7.0,13.0,12.0,13.0,7.961666666666667,17.01033333333333,14.800333333333333,18.035666666666668,0.0,2.61150654833009,3.0488826282906794,3.6200500768985617,2.0,15.0,33.0,1.0,0.1816669866164563,0.0816291290585238,0.02967895878880756,0.012038608435077003,6.0,5.0,6.0,9.048666666666666,6.838666666666666,10.074000000000002,2.61150654833009,3.0488826282906794,3.6200500768985617,10.674279641818226,6.284326296698979,10.702120967480017
37,0,0.0,1.6582280766035322,6.620000000000001,"(1, 0, 0, 1, 1, 0, 1, 1, 0, 0, 0, 0, 0, 0, 1, 0, 0, 1, 1, 1, 0, 0, 1, 1, 1)",7.0,10.0,10.0,12.0,8.365666666666666,14.985666666666667,15.038666666666666,16.686333333333334,0.0,2.7980203574351736,3.011627770836318,4.231503255389707,9.0,4.0,4.0,1.0,0.2171071543643802,0.072064258313031,0.042220393655081574,0.03571434849940637,3.0,3.0,5.0,6.620000000000001,6.673,8.320666666666668,2.7980203574351736,3.011627770836318,4.231503255389707,6.337713951508129,6.071390229295679,6.7807655783993335
37,1,0.2857142857142857,1.6582280766035322,6.895333333333333,"(0, 0, 0, 0, 1, 0, 0, 1, 0, 0, 0, 1, 0, 1, 0, 0, 1, 0, 1, 1, 0, 1, 1, 0, 1)",6.0,10.0,10.0,14.0,7.536666666666667,16.278333333333332,14.432,17.690333333333335,0.0,2.426494356872153,3.251886594379764,3.89480004443536,2.0,3.0,6.0,14.0,0.12632812484853542,0.02678422294724684,0.07994947516020089,0.027237666240589462,4.0,4.0,8.0,8.741666666666665,6.895333333333333,10.153666666666668,2.426494356872153,3.251886594379764,3.89480004443536,10.47199603269044,6.041665678142389,10.378628360700668
37,2,0.5714285714285714,1.6582280766035322,7.626,"(0, 0, 0, 1, 0, 0, 1, 0, 1, 1, 0, 1, 0, 0, 0, 1, 0, 0, 0, 0, 1, 0, 1, 0, 0)",5.0,10.0,9.0,11.0,5.839666666666667,13.907666666666668,13.465666666666667,15.640333333333333,0.0,4.480569112495557,4.634544801786398,5.240562677137566,2.0,10.0,5.0,4.0,0.23976637779291968,0.0324043198430562,0.08193926564248401,0.04357868131862903,5.0,4.0,6.0,8.068000000000001,7.626,9.800666666666665,4.480569112495557,4.634544801786398,5.240562677137566,5.948778620534598,4.96051499957938,7.561692467668931
37,3,0.8571428571428571,1.6582280766035322,5.4239999999999995,"(0, 0, 0, 0, 0, 1, 1, 1, 1, 1, 1, 0, 1, 1, 0, 0, 0, 0, 0, 0, 0, 0, 0, 1, 1)",5.0,8.0,9.0,11.0,7.523,13.837666666666667,12.947,14.678666666666667,0.0,3.7497603620017714,3.4957382454225163,5.750255925994477,1.0,1.0,7.0,5.0,0.1521168872125359,0.0600882075602767,0.12385041640246637,0.04841474086808118,3.0,4.0,6.0,6.3146666666666675,5.4239999999999995,7.155666666666667,3.7497603620017714,3.4957382454225163,5.750255925994477,4.253199648252744,3.1974977804811724,2.3304915493427916
37,4,1.1428571428571428,1.6582280766035322,8.291,"(0, 0, 0, 1, 0, 1, 1, 0, 0, 0, 1, 1, 0, 0, 1, 0, 1, 1, 0, 1, 0, 0, 0, 0, 1)",6.0,9.0,10.0,14.0,6.906666666666666,15.258666666666667,15.197666666666667,17.658,0.0,3.121890725552252,3.2256405288784116,4.42273380213491,4.0,2.0,12.0,7.0,0.14628465967757082,0.036332073884099335,0.013934261804050269,0.08556951462190315,3.0,4.0,8.0,8.352,8.291,10.751333333333335,3.121890725552252,3.2256405288784116,4.42273380213491,8.672714042593785,8.399521293103437,10.49426142821318
37,5,1.4285714285714284,1.6582280766035322,7.337666666666667,"(0, 0, 0, 1, 1, 0, 1, 1, 0, 1, 0, 1, 1, 0, 0, 0, 1, 1, 0, 1, 1, 0, 0, 1, 0)",7.0,11.0,12.0,14.0,8.791333333333334,16.129,17.686666666666667,19.277333333333335,0.0,3.215783284200824,3.384406654834996,4.9017958934656685,6.0,4.0,8.0,3.0,0.16125951008047076,0.04829353693065568,0.05532025103196093,0.032272149824665926,4.0,5.0,7.0,7.337666666666667,8.895333333333333,10.486,3.215783284200824,3.384406654834996,4.9017958934656685,6.835022753290397,9.138373346389391,9.259884034939972
37,6,1.7142857142857142,1.6582280766035322,7.929999999999998,"(1, 0, 0, 1, 1, 0, 0, 0, 1, 0, 0, 1, 0, 0, 1, 0, 1, 1, 1, 0, 1, 1, 0, 1, 0)",7.0,11.0,11.0,14.0,9.002,17.012666666666668,16.932,18.87,0.0,1.7196285773288802,2.269497007530612,4.0343583618379535,2.0,7.0,3.0,4.0,0.2120186436090664,0.011001555794412756,0.01243864943309583,0.0044309224240432505,4.0,4.0,7.0,8.010666666666667,7.929999999999998,9.868,1.7196285773288802,2.269497007530612,4.0343583618379535,10.43197599072216,9.386404989811048,9.67350835324373
37,7,2.0,1.6582280766035322,6.838666666666666,"(1, 1, 1, 1, 0, 0, 1, 1, 0, 0, 0, 0, 0, 0, 1, 1, 1, 1, 1, 0, 0, 1, 0, 0, 0)",7.0,13.0,12.0,13.0,7.961666666666667,17.01033333333333,14.800333333333333,18.035666666666668,0.0,2.61150654833009,3.0488826282906794,3.6200500768985617,2.0,15.0,33.0,1.0,0.1816669866164563,0.0816291290585238,0.02967895878880756,0.012038608435077003,6.0,5.0,6.0,9.048666666666666,6.838666666666666,10.074000000000002,2.61150654833009,3.0488826282906794,3.6200500768985617,10.674279641818226,6.284326296698979,10.702120967480017
38,0,0.0,1.6582280766035322,6.620000000000001,"(1, 0, 0, 1, 1, 0, 1, 1, 0, 0, 0, 0, 0, 0, 1, 0, 0, 1, 1, 1, 0, 0, 1, 1, 1)",7.0,10.0,10.0,12.0,8.365666666666666,14.985666666666667,15.038666666666666,16.686333333333334,0.0,2.7980203574351736,3.011627770836318,4.231503255389707,9.0,4.0,4.0,1.0,0.2171071543643802,0.072064258313031,0.042220393655081574,0.03571434849940637,3.0,3.0,5.0,6.620000000000001,6.673,8.320666666666668,2.7980203574351736,3.011627770836318,4.231503255389707,6.337713951508129,6.071390229295679,6.7807655783993335
38,1,0.2857142857142857,1.6582280766035322,6.895333333333333,"(0, 0, 0, 0, 1, 0, 0, 1, 0, 0, 0, 1, 0, 1, 0, 0, 1, 0, 1, 1, 0, 1, 1, 0, 1)",6.0,10.0,10.0,14.0,7.536666666666667,16.278333333333332,14.432,17.690333333333335,0.0,2.426494356872153,3.251886594379764,3.89480004443536,2.0,3.0,6.0,14.0,0.12632812484853542,0.02678422294724684,0.07994947516020089,0.027237666240589462,4.0,4.0,8.0,8.741666666666665,6.895333333333333,10.153666666666668,2.426494356872153,3.251886594379764,3.89480004443536,10.47199603269044,6.041665678142389,10.378628360700668
38,2,0.5714285714285714,1.6582280766035322,7.626,"(0, 0, 0, 1, 0, 0, 1, 0, 1, 1, 0, 1, 0, 0, 0, 1, 0, 0, 0, 0, 1, 0, 1, 0, 0)",5.0,10.0,9.0,11.0,5.839666666666667,13.907666666666668,13.465666666666667,15.640333333333333,0.0,4.480569112495557,4.634544801786398,5.240562677137566,2.0,10.0,5.0,4.0,0.23976637779291968,0.0324043198430562,0.08193926564248401,0.04357868131862903,5.0,4.0,6.0,8.068000000000001,7.626,9.800666666666665,4.480569112495557,4.634544801786398,5.240562677137566,5.948778620534598,4.96051499957938,7.561692467668931
38,3,0.8571428571428571,1.6582280766035322,5.4239999999999995,"(0, 0, 0, 0, 0, 1, 1, 1, 1, 1, 1, 0, 1, 1, 0, 0, 0, 0, 0, 0, 0, 0, 0, 1, 1)",5.0,8.0,9.0,11.0,7.523,13.837666666666667,12.947,14.678666666666667,0.0,3.7497603620017714,3.4957382454225163,5.750255925994477,1.0,1.0,7.0,5.0,0.1521168872125359,0.0600882075602767,0.12385041640246637,0.04841474086808118,3.0,4.0,6.0,6.3146666666666675,5.4239999999999995,7.155666666666667,3.7497603620017714,3.4957382454225163,5.750255925994477,4.253199648252744,3.1974977804811724,2.3304915493427916
38,4,1.1428571428571428,1.6582280766035322,8.291,"(0, 0, 0, 1, 0, 1, 1, 0, 0, 0, 1, 1, 0, 0, 1, 0, 1, 1, 0, 1, 0, 0, 0, 0, 1)",6.0,9.0,10.0,14.0,6.906666666666666,15.258666666666667,15.197666666666667,17.658,0.0,3.121890725552252,3.2256405288784116,4.42273380213491,4.0,2.0,12.0,7.0,0.14628465967757082,0.036332073884099335,0.013934261804050269,0.08556951462190315,3.0,4.0,8.0,8.352,8.291,10.751333333333335,3.121890725552252,3.2256405288784116,4.42273380213491,8.672714042593785,8.399521293103437,10.49426142821318
38,5,1.4285714285714284,1.6582280766035322,7.337666666666667,"(0, 0, 0, 1, 1, 0, 1, 1, 0, 1, 0, 1, 1, 0, 0, 0, 1, 1, 0, 1, 1, 0, 0, 1, 0)",7.0,11.0,12.0,14.0,8.791333333333334,16.129,17.686666666666667,19.277333333333335,0.0,3.215783284200824,3.384406654834996,4.9017958934656685,6.0,4.0,8.0,3.0,0.16125951008047076,0.04829353693065568,0.05532025103196093,0.032272149824665926,4.0,5.0,7.0,7.337666666666667,8.895333333333333,10.486,3.215783284200824,3.384406654834996,4.9017958934656685,6.835022753290397,9.138373346389391,9.259884034939972
38,6,1.7142857142857142,1.6582280766035322,7.929999999999998,"(1, 0, 0, 1, 1, 0, 0, 0, 1, 0, 0, 1, 0, 0, 1, 0, 1, 1, 1, 0, 1, 1, 0, 1, 0)",7.0,11.0,11.0,14.0,9.002,17.012666666666668,16.932,18.87,0.0,1.7196285773288802,2.269497007530612,4.0343583618379535,2.0,7.0,3.0,4.0,0.2120186436090664,0.011001555794412756,0.01243864943309583,0.0044309224240432505,4.0,4.0,7.0,8.010666666666667,7.929999999999998,9.868,1.7196285773288802,2.269497007530612,4.0343583618379535,10.43197599072216,9.386404989811048,9.67350835324373
38,7,2.0,1.6582280766035322,6.838666666666666,"(1, 1, 1, 1, 0, 0, 1, 1, 0, 0, 0, 0, 0, 0, 1, 1, 1, 1, 1, 0, 0, 1, 0, 0, 0)",7.0,13.0,12.0,13.0,7.961666666666667,17.01033333333333,14.800333333333333,18.035666666666668,0.0,2.61150654833009,3.0488826282906794,3.6200500768985617,2.0,15.0,33.0,1.0,0.1816669866164563,0.0816291290585238,0.02967895878880756,0.012038608435077003,6.0,5.0,6.0,9.048666666666666,6.838666666666666,10.074000000000002,2.61150654833009,3.0488826282906794,3.6200500768985617,10.674279641818226,6.284326296698979,10.702120967480017
39,0,0.0,1.6582280766035322,6.620000000000001,"(1, 0, 0, 1, 1, 0, 1, 1, 0, 0, 0, 0, 0, 0, 1, 0, 0, 1, 1, 1, 0, 0, 1, 1, 1)",7.0,10.0,10.0,12.0,8.365666666666666,14.985666666666667,15.038666666666666,16.686333333333334,0.0,2.7980203574351736,3.011627770836318,4.231503255389707,9.0,4.0,4.0,1.0,0.2171071543643802,0.072064258313031,0.042220393655081574,0.03571434849940637,3.0,3.0,5.0,6.620000000000001,6.673,8.320666666666668,2.7980203574351736,3.011627770836318,4.231503255389707,6.337713951508129,6.071390229295679,6.7807655783993335
39,1,0.2857142857142857,1.6582280766035322,6.895333333333333,"(0, 0, 0, 0, 1, 0, 0, 1, 0, 0, 0, 1, 0, 1, 0, 0, 1, 0, 1, 1, 0, 1, 1, 0, 1)",6.0,10.0,10.0,14.0,7.536666666666667,16.278333333333332,14.432,17.690333333333335,0.0,2.426494356872153,3.251886594379764,3.89480004443536,2.0,3.0,6.0,14.0,0.12632812484853542,0.02678422294724684,0.07994947516020089,0.027237666240589462,4.0,4.0,8.0,8.741666666666665,6.895333333333333,10.153666666666668,2.426494356872153,3.251886594379764,3.89480004443536,10.47199603269044,6.041665678142389,10.378628360700668
39,2,0.5714285714285714,1.6582280766035322,7.626,"(0, 0, 0, 1, 0, 0, 1, 0, 1, 1, 0, 1, 0, 0, 0, 1, 0, 0, 0, 0, 1, 0, 1, 0, 0)",5.0,10.0,9.0,11.0,5.839666666666667,13.907666666666668,13.465666666666667,15.640333333333333,0.0,4.480569112495557,4.634544801786398,5.240562677137566,2.0,10.0,5.0,4.0,0.23976637779291968,0.0324043198430562,0.08193926564248401,0.04357868131862903,5.0,4.0,6.0,8.068000000000001,7.626,9.800666666666665,4.480569112495557,4.634544801786398,5.240562677137566,5.948778620534598,4.96051499957938,7.561692467668931
39,3,0.8571428571428571,1.6582280766035322,5.4239999999999995,"(0, 0, 0, 0, 0, 1, 1, 1, 1, 1, 1, 0, 1, 1, 0, 0, 0, 0, 0, 0, 0, 0, 0, 1, 1)",5.0,8.0,9.0,11.0,7.523,13.837666666666667,12.947,14.678666666666667,0.0,3.7497603620017714,3.4957382454225163,5.750255925994477,1.0,1.0,7.0,5.0,0.1521168872125359,0.0600882075602767,0.12385041640246637,0.04841474086808118,3.0,4.0,6.0,6.3146666666666675,5.4239999999999995,7.155666666666667,3.7497603620017714,3.4957382454225163,5.750255925994477,4.253199648252744,3.1974977804811724,2.3304915493427916
39,4,1.1428571428571428,1.6582280766035322,8.291,"(0, 0, 0, 1, 0, 1, 1, 0, 0, 0, 1, 1, 0, 0, 1, 0, 1, 1, 0, 1, 0, 0, 0, 0, 1)",6.0,9.0,10.0,14.0,6.906666666666666,15.258666666666667,15.197666666666667,17.658,0.0,3.121890725552252,3.2256405288784116,4.42273380213491,4.0,2.0,12.0,7.0,0.14628465967757082,0.036332073884099335,0.013934261804050269,0.08556951462190315,3.0,4.0,8.0,8.352,8.291,10.751333333333335,3.121890725552252,3.2256405288784116,4.42273380213491,8.672714042593785,8.399521293103437,10.49426142821318
39,5,1.4285714285714284,1.6582280766035322,7.337666666666667,"(0, 0, 0, 1, 1, 0, 1, 1, 0, 1, 0, 1, 1, 0, 0, 0, 1, 1, 0, 1, 1, 0, 0, 1, 0)",7.0,11.0,12.0,14.0,8.791333333333334,16.129,17.686666666666667,19.277333333333335,0.0,3.215783284200824,3.384406654834996,4.9017958934656685,6.0,4.0,8.0,3.0,0.16125951008047076,0.04829353693065568,0.05532025103196093,0.032272149824665926,4.0,5.0,7.0,7.337666666666667,8.895333333333333,10.486,3.215783284200824,3.384406654834996,4.9017958934656685,6.835022753290397,9.138373346389391,9.259884034939972
39,6,1.7142857142857142,1.6582280766035322,7.929999999999998,"(1, 0, 0, 1, 1, 0, 0, 0, 1, 0, 0, 1, 0, 0, 1, 0, 1, 1, 1, 0, 1, 1, 0, 1, 0)",7.0,11.0,11.0,14.0,9.002,17.012666666666668,16.932,18.87,0.0,1.7196285773288802,2.269497007530612,4.0343583618379535,2.0,7.0,3.0,4.0,0.2120186436090664,0.011001555794412756,0.01243864943309583,0.0044309224240432505,4.0,4.0,7.0,8.010666666666667,7.929999999999998,9.868,1.7196285773288802,2.269497007530612,4.0343583618379535,10.43197599072216,9.386404989811048,9.67350835324373
39,7,2.0,1.6582280766035322,6.838666666666666,"(1, 1, 1, 1, 0, 0, 1, 1, 0, 0, 0, 0, 0, 0, 1, 1, 1, 1, 1, 0, 0, 1, 0, 0, 0)",7.0,13.0,12.0,13.0,7.961666666666667,17.01033333333333,14.800333333333333,18.035666666666668,0.0,2.61150654833009,3.0488826282906794,3.6200500768985617,2.0,15.0,33.0,1.0,0.1816669866164563,0.0816291290585238,0.02967895878880756,0.012038608435077003,6.0,5.0,6.0,9.048666666666666,6.838666666666666,10.074000000000002,2.61150654833009,3.0488826282906794,3.6200500768985617,10.674279641818226,6.284326296698979,10.702120967480017
40,0,0.0,1.6582280766035322,6.219666666666667,"(0, 0, 0, 0, 1, 0, 0, 1, 0, 0, 0, 0, 0, 1, 0, 0, 0, 0, 1, 1, 0, 1, 1, 0, 1)",5.0,9.0,9.0,11.0,6.218333333333334,13.220333333333333,12.438,17.165,0.0,3.9657445689793813,3.893685346672755,6.270681595458292,2.0,9.0,4.0,1.0,0.12039284164594927,0.039682059220202785,0.07134708120465162,0.047479683105856506,4.0,4.0,6.0,7.001999999999999,6.219666666666667,10.946666666666665,3.9657445689793813,3.893685346672755,6.270681595458292,5.034804003458348,3.8570075304692497,7.753849730856691
40,1,0.2857142857142857,1.6582280766035322,6.620000000000001,"(1, 0, 0, 1, 1, 0, 1, 1, 0, 0, 0, 0, 0, 0, 1, 0, 0, 1, 1, 1, 0, 0, 1, 1, 1)",7.0,10.0,10.0,12.0,8.365666666666666,14.985666666666667,15.038666666666666,16.686333333333334,0.0,2.7980203574351736,3.011627770836318,4.231503255389707,9.0,4.0,4.0,1.0,0.2171071543643802,0.072064258313031,0.042220393655081574,0.03571434849940637,3.0,3.0,5.0,6.620000000000001,6.673,8.320666666666668,2.7980203574351736,3.011627770836318,4.231503255389707,6.337713951508129,6.071390229295679,6.7807655783993335
40,2,0.5714285714285714,1.6582280766035322,5.4239999999999995,"(0, 0, 0, 0, 0, 1, 1, 1, 1, 1, 1, 0, 1, 1, 0, 0, 0, 0, 0, 0, 0, 0, 0, 1, 1)",5.0,8.0,9.0,11.0,7.523,13.837666666666667,12.947,14.678666666666667,0.0,3.7497603620017714,3.4957382454225163,5.750255925994477,1.0,1.0,7.0,5.0,0.1521168872125359,0.0600882075602767,0.12385041640246637,0.04841474086808118,3.0,4.0,6.0,6.3146666666666675,5.4239999999999995,7.155666666666667,3.7497603620017714,3.4957382454225163,5.750255925994477,4.253199648252744,3.1974977804811724,2.3304915493427916
40,3,0.8571428571428571,1.6582280766035322,8.291,"(0, 0, 0, 1, 0, 1, 1, 0, 0, 0, 1, 1, 0, 0, 1, 0, 1, 1, 0, 1, 0, 0, 0, 0, 1)",6.0,9.0,10.0,14.0,6.906666666666666,15.258666666666667,15.197666666666667,17.658,0.0,3.121890725552252,3.2256405288784116,4.42273380213491,4.0,2.0,12.0,7.0,0.14628465967757082,0.036332073884099335,0.013934261804050269,0.08556951462190315,3.0,4.0,8.0,8.352,8.291,10.751333333333335,3.121890725552252,3.2256405288784116,4.42273380213491,8.672714042593785,8.399521293103437,10.49426142821318
40,4,1.1428571428571428,1.6582280766035322,5.232666666666667,"(0, 0, 0, 1, 0, 0, 1, 1, 0, 0, 0, 1, 1, 0, 0, 0, 1, 1, 0, 1, 1, 0, 0, 1, 0)",6.0,8.0,9.0,13.0,7.632,16.822,12.864666666666666,16.881666666666668,0.0,3.1970821564480167,3.292421058474517,5.286292922539012,6.0,1.0,4.0,5.0,0.15432916553862266,0.06466131653521495,0.03144543749516874,0.009358514794356485,2.0,3.0,7.0,9.19,5.232666666666667,9.249666666666668,3.1970821564480167,3.292421058474517,5.286292922539012,9.937624628956192,3.2173697430109196,6.572177620585744
40,5,1.4285714285714284,1.6582280766035322,7.929999999999998,"(1, 0, 0, 1, 1, 0, 0, 0, 1, 0, 0, 1, 0, 0, 1, 0, 1, 1, 1, 0, 1, 1, 0, 1, 0)",7.0,11.0,11.0,14.0,9.002,17.012666666666668,16.932,18.87,0.0,1.7196285773288802,2.269497007530612,4.0343583618379535,2.0,7.0,3.0,4.0,0.2120186436090664,0.011001555794412756,0.01243864943309583,0.0044309224240432505,4.0,4.0,7.0,8.010666666666667,7.929999999999998,9.868,1.7196285773288802,2.269497007530612,4.0343583618379535,10.43197599072216,9.386404989811048,9.67350835324373
40,6,1.7142857142857142,1.6582280766035322,6.838666666666666,"(1, 1, 1, 1, 0, 0, 1, 1, 0, 0, 0, 0, 0, 0, 1, 1, 1, 1, 1, 0, 0, 1, 0, 0, 0)",7.0,13.0,12.0,13.0,7.961666666666667,17.01033333333333,14.800333333333333,18.035666666666668,0.0,2.61150654833009,3.0488826282906794,3.6200500768985617,2.0,15.0,33.0,1.0,0.1816669866164563,0.0816291290585238,0.02967895878880756,0.012038608435077003,6.0,5.0,6.0,9.048666666666666,6.838666666666666,10.074000000000002,2.61150654833009,3.0488826282906794,3.6200500768985617,10.674279641818226,6.284326296698979,10.702120967480017
40,7,2.0,1.6582280766035322,7.626,"(0, 0, 0, 1, 0, 0, 1, 0, 1, 1, 0, 1, 0, 0, 0, 1, 0, 0, 0, 0, 1, 0, 1, 0, 0)",5.0,10.0,9.0,11.0,5.839666666666667,13.907666666666668,13.465666666666667,15.640333333333333,0.0,4.480569112495557,4.634544801786398,5.240562677137566,2.0,10.0,5.0,4.0,0.23976637779291968,0.0324043198430562,0.08193926564248401,0.04357868131862903,5.0,4.0,6.0,8.068000000000001,7.626,9.800666666666665,4.480569112495557,4.634544801786398,5.240562677137566,5.948778620534598,4.96051499957938,7.561692467668931
41,0,0.0,1.6582280766035322,6.219666666666667,"(0, 0, 0, 0, 1, 0, 0, 1, 0, 0, 0, 0, 0, 1, 0, 0, 0, 0, 1, 1, 0, 1, 1, 0, 1)",5.0,9.0,9.0,11.0,6.218333333333334,13.220333333333333,12.438,17.165,0.0,3.9657445689793813,3.893685346672755,6.270681595458292,2.0,9.0,4.0,1.0,0.12039284164594927,0.039682059220202785,0.07134708120465162,0.047479683105856506,4.0,4.0,6.0,7.001999999999999,6.219666666666667,10.946666666666665,3.9657445689793813,3.893685346672755,6.270681595458292,5.034804003458348,3.8570075304692497,7.753849730856691
41,1,0.2857142857142857,1.6582280766035322,6.620000000000001,"(1, 0, 0, 1, 1, 0, 1, 1, 0, 0, 0, 0, 0, 0, 1, 0, 0, 1, 1, 1, 0, 0, 1, 1, 1)",7.0,10.0,10.0,12.0,8.365666666666666,14.985666666666667,15.038666666666666,16.686333333333334,0.0,2.7980203574351736,3.011627770836318,4.231503255389707,9.0,4.0,4.0,1.0,0.2171071543643802,0.072064258313031,0.042220393655081574,0.03571434849940637,3.0,3.0,5.0,6.620000000000001,6.673,8.320666666666668,2.7980203574351736,3.011627770836318,4.231503255389707,6.337713951508129,6.071390229295679,6.7807655783993335
41,2,0.5714285714285714,1.6582280766035322,5.4239999999999995,"(0, 0, 0, 0, 0, 1, 1, 1, 1, 1, 1, 0, 1, 1, 0, 0, 0, 0, 0, 0, 0, 0, 0, 1, 1)",5.0,8.0,9.0,11.0,7.523,13.837666666666667,12.947,14.678666666666667,0.0,3.7497603620017714,3.4957382454225163,5.750255925994477,1.0,1.0,7.0,5.0,0.1521168872125359,0.0600882075602767,0.12385041640246637,0.04841474086808118,3.0,4.0,6.0,6.3146666666666675,5.4239999999999995,7.155666666666667,3.7497603620017714,3.4957382454225163,5.750255925994477,4.253199648252744,3.1974977804811724,2.3304915493427916
41,3,0.8571428571428571,1.6582280766035322,8.291,"(0, 0, 0, 1, 0, 1, 1, 0, 0, 0, 1, 1, 0, 0, 1, 0, 1, 1, 0, 1, 0, 0, 0, 0, 1)",6.0,9.0,10.0,14.0,6.906666666666666,15.258666666666667,15.197666666666667,17.658,0.0,3.121890725552252,3.2256405288784116,4.42273380213491,4.0,2.0,12.0,7.0,0.14628465967757082,0.036332073884099335,0.013934261804050269,0.08556951462190315,3.0,4.0,8.0,8.352,8.291,10.751333333333335,3.121890725552252,3.2256405288784116,4.42273380213491,8.672714042593785,8.399521293103437,10.49426142821318
41,4,1.1428571428571428,1.6582280766035322,5.232666666666667,"(0, 0, 0, 1, 0, 0, 1, 1, 0, 0, 0, 1, 1, 0, 0, 0, 1, 1, 0, 1, 1, 0, 0, 1, 0)",6.0,8.0,9.0,13.0,7.632,16.822,12.864666666666666,16.881666666666668,0.0,3.1970821564480167,3.292421058474517,5.286292922539012,6.0,1.0,4.0,5.0,0.15432916553862266,0.06466131653521495,0.03144543749516874,0.009358514794356485,2.0,3.0,7.0,9.19,5.232666666666667,9.249666666666668,3.1970821564480167,3.292421058474517,5.286292922539012,9.937624628956192,3.2173697430109196,6.572177620585744
41,5,1.4285714285714284,1.6582280766035322,6.337333333333332,"(0, 1, 0, 1, 1, 0, 0, 0, 1, 0, 0, 1, 0, 0, 1, 0, 1, 1, 1, 0, 1, 1, 0, 1, 0)",8.0,11.0,12.0,13.0,9.728666666666667,16.066,17.087666666666667,17.831666666666667,0.0,1.9300208707370543,2.627186016032195,4.079895147297128,9.0,1.0,19.0,6.0,0.12741802106813085,0.01251557021161172,0.06012313034312986,0.021793280269567977,3.0,4.0,5.0,6.337333333333332,7.359,8.103,1.9300208707370543,2.627186016032195,4.079895147297128,7.308329267841802,7.84642680148063,6.67122542187182
41,6,1.7142857142857142,1.6582280766035322,6.838666666666666,"(1, 1, 1, 1, 0, 0, 1, 1, 0, 0, 0, 0, 0, 0, 1, 1, 1, 1, 1, 0, 0, 1, 0, 0, 0)",7.0,13.0,12.0,13.0,7.961666666666667,17.01033333333333,14.800333333333333,18.035666666666668,0.0,2.61150654833009,3.0488826282906794,3.6200500768985617,2.0,15.0,33.0,1.0,0.1816669866164563,0.0816291290585238,0.02967895878880756,0.012038608435077003,6.0,5.0,6.0,9.048666666666666,6.838666666666666,10.074000000000002,2.61150654833009,3.0488826282906794,3.6200500768985617,10.674279641818226,6.284326296698979,10.702120967480017
41,7,2.0,1.6582280766035322,7.626,"(0, 0, 0, 1, 0, 0, 1, 0, 1, 1, 0, 1, 0, 0, 0, 1, 0, 0, 0, 0, 1, 0, 1, 0, 0)",5.0,10.0,9.0,11.0,5.839666666666667,13.907666666666668,13.465666666666667,15.640333333333333,0.0,4.480569112495557,4.634544801786398,5.240562677137566,2.0,10.0,5.0,4.0,0.23976637779291968,0.0324043198430562,0.08193926564248401,0.04357868131862903,5.0,4.0,6.0,8.068000000000001,7.626,9.800666666666665,4.480569112495557,4.634544801786398,5.240562677137566,5.948778620534598,4.96051499957938,7.561692467668931
42,0,0.0,1.6582280766035322,6.219666666666667,"(0, 0, 0, 0, 1, 0, 0, 1, 0, 0, 0, 0, 0, 1, 0, 0, 0, 0, 1, 1, 0, 1, 1, 0, 1)",5.0,9.0,9.0,11.0,6.218333333333334,13.220333333333333,12.438,17.165,0.0,3.9657445689793813,3.893685346672755,6.270681595458292,2.0,9.0,4.0,1.0,0.12039284164594927,0.039682059220202785,0.07134708120465162,0.047479683105856506,4.0,4.0,6.0,7.001999999999999,6.219666666666667,10.946666666666665,3.9657445689793813,3.893685346672755,6.270681595458292,5.034804003458348,3.8570075304692497,7.753849730856691
42,1,0.2857142857142857,1.6582280766035322,5.030333333333333,"(1, 0, 0, 1, 1, 0, 1, 1, 0, 0, 0, 0, 0, 0, 1, 0, 0, 1, 1, 0, 0, 0, 1, 1, 0)",6.0,10.0,10.0,13.0,8.317333333333334,13.347666666666667,15.84,18.521333333333335,0.0,3.7169366584632253,4.03709443816435,5.170318293337001,2.0,4.0,1.0,1.0,0.12413886561514324,0.07430842651061108,0.02902806901145526,0.030765373654879993,4.0,4.0,7.0,5.030333333333333,7.522666666666666,10.204,3.7169366584632253,4.03709443816435,5.170318293337001,2.1779112419873337,5.779873732332083,8.346992334674171
42,2,0.5714285714285714,1.6582280766035322,5.4239999999999995,"(0, 0, 0, 0, 0, 1, 1, 1, 1, 1, 1, 0, 1, 1, 0, 0, 0, 0, 0, 0, 0, 0, 0, 1, 1)",5.0,8.0,9.0,11.0,7.523,13.837666666666667,12.947,14.678666666666667,0.0,3.7497603620017714,3.4957382454225163,5.750255925994477,1.0,1.0,7.0,5.0,0.1521168872125359,0.0600882075602767,0.12385041640246637,0.04841474086808118,3.0,4.0,6.0,6.3146666666666675,5.4239999999999995,7.155666666666667,3.7497603620017714,3.4957382454225163,5.750255925994477,4.253199648252744,3.1974977804811724,2.3304915493427916
42,3,0.8571428571428571,1.6582280766035322,8.291,"(0, 0, 0, 1, 0, 1, 1, 0, 0, 0, 1, 1, 0, 0, 1, 0, 1, 1, 0, 1, 0, 0, 0, 0, 1)",6.0,9.0,10.0,14.0,6.906666666666666,15.258666666666667,15.197666666666667,17.658,0.0,3.121890725552252,3.2256405288784116,4.42273380213491,4.0,2.0,12.0,7.0,0.14628465967757082,0.036332073884099335,0.013934261804050269,0.08556951462190315,3.0,4.0,8.0,8.352,8.291,10.751333333333335,3.121890725552252,3.2256405288784116,4.42273380213491,8.672714042593785,8.399521293103437,10.49426142821318
42,4,1.1428571428571428,1.6582280766035322,5.232666666666667,"(0, 0, 0, 1, 0, 0, 1, 1, 0, 0, 0, 1, 1, 0, 0, 0, 1, 1, 0, 1, 1, 0, 0, 1, 0)",6.0,8.0,9.0,13.0,7.632,16.822,12.864666666666666,16.881666666666668,0.0,3.1970821564480167,3.292421058474517,5.286292922539012,6.0,1.0,4.0,5.0,0.15432916553862266,0.06466131653521495,0.03144543749516874,0.009358514794356485,2.0,3.0,7.0,9.19,5.232666666666667,9.249666666666668,3.1970821564480167,3.292421058474517,5.286292922539012,9.937624628956192,3.2173697430109196,6.572177620585744
42,5,1.4285714285714284,1.6582280766035322,6.337333333333332,"(0, 1, 0, 1, 1, 0, 0, 0, 1, 0, 0, 1, 0, 0, 1, 0, 1, 1, 1, 0, 1, 1, 0, 1, 0)",8.0,11.0,12.0,13.0,9.728666666666667,16.066,17.087666666666667,17.831666666666667,0.0,1.9300208707370543,2.627186016032195,4.079895147297128,9.0,1.0,19.0,6.0,0.12741802106813085,0.01251557021161172,0.06012313034312986,0.021793280269567977,3.0,4.0,5.0,6.337333333333332,7.359,8.103,1.9300208707370543,2.627186016032195,4.079895147297128,7.308329267841802,7.84642680148063,6.67122542187182
42,6,1.7142857142857142,1.6582280766035322,6.838666666666666,"(1, 1, 1, 1, 0, 0, 1, 1, 0, 0, 0, 0, 0, 0, 1, 1, 1, 1, 1, 0, 0, 1, 0, 0, 0)",7.0,13.0,12.0,13.0,7.961666666666667,17.01033333333333,14.800333333333333,18.035666666666668,0.0,2.61150654833009,3.0488826282906794,3.6200500768985617,2.0,15.0,33.0,1.0,0.1816669866164563,0.0816291290585238,0.02967895878880756,0.012038608435077003,6.0,5.0,6.0,9.048666666666666,6.838666666666666,10.074000000000002,2.61150654833009,3.0488826282906794,3.6200500768985617,10.674279641818226,6.284326296698979,10.702120967480017
42,7,2.0,1.6582280766035322,7.626,"(0, 0, 0, 1, 0, 0, 1, 0, 1, 1, 0, 1, 0, 0, 0, 1, 0, 0, 0, 0, 1, 0, 1, 0, 0)",5.0,10.0,9.0,11.0,5.839666666666667,13.907666666666668,13.465666666666667,15.640333333333333,0.0,4.480569112495557,4.634544801786398,5.240562677137566,2.0,10.0,5.0,4.0,0.23976637779291968,0.0324043198430562,0.08193926564248401,0.04357868131862903,5.0,4.0,6.0,8.068000000000001,7.626,9.800666666666665,4.480569112495557,4.634544801786398,5.240562677137566,5.948778620534598,4.96051499957938,7.561692467668931
43,0,0.0,1.6582280766035322,6.219666666666667,"(0, 0, 0, 0, 1, 0, 0, 1, 0, 0, 0, 0, 0, 1, 0, 0, 0, 0, 1, 1, 0, 1, 1, 0, 1)",5.0,9.0,9.0,11.0,6.218333333333334,13.220333333333333,12.438,17.165,0.0,3.9657445689793813,3.893685346672755,6.270681595458292,2.0,9.0,4.0,1.0,0.12039284164594927,0.039682059220202785,0.07134708120465162,0.047479683105856506,4.0,4.0,6.0,7.001999999999999,6.219666666666667,10.946666666666665,3.9657445689793813,3.893685346672755,6.270681595458292,5.034804003458348,3.8570075304692497,7.753849730856691
43,1,0.2857142857142857,1.6582280766035322,5.030333333333333,"(1, 0, 0, 1, 1, 0, 1, 1, 0, 0, 0, 0, 0, 0, 1, 0, 0, 1, 1, 0, 0, 0, 1, 1, 0)",6.0,10.0,10.0,13.0,8.317333333333334,13.347666666666667,15.84,18.521333333333335,0.0,3.7169366584632253,4.03709443816435,5.170318293337001,2.0,4.0,1.0,1.0,0.12413886561514324,0.07430842651061108,0.02902806901145526,0.030765373654879993,4.0,4.0,7.0,5.030333333333333,7.522666666666666,10.204,3.7169366584632253,4.03709443816435,5.170318293337001,2.1779112419873337,5.779873732332083,8.346992334674171
43,2,0.5714285714285714,1.6582280766035322,5.4239999999999995,"(0, 0, 0, 0, 0, 1, 1, 1, 1, 1, 1, 0, 1, 1, 0, 0, 0, 0, 0, 0, 0, 0, 0, 1, 1)",5.0,8.0,9.0,11.0,7.523,13.837666666666667,12.947,14.678666666666667,0.0,3.7497603620017714,3.4957382454225163,5.750255925994477,1.0,1.0,7.0,5.0,0.1521168872125359,0.0600882075602767,0.12385041640246637,0.04841474086808118,3.0,4.0,6.0,6.3146666666666675,5.4239999999999995,7.155666666666667,3.7497603620017714,3.4957382454225163,5.750255925994477,4.253199648252744,3.1974977804811724,2.3304915493427916
43,3,0.8571428571428571,1.6582280766035322,8.291,"(0, 0, 0, 1, 0, 1, 1, 0, 0, 0, 1, 1, 0, 0, 1, 0, 1, 1, 0, 1, 0, 0, 0, 0, 1)",6.0,9.0,10.0,14.0,6.906666666666666,15.258666666666667,15.197666666666667,17.658,0.0,3.121890725552252,3.2256405288784116,4.42273380213491,4.0,2.0,12.0,7.0,0.14628465967757082,0.036332073884099335,0.013934261804050269,0.08556951462190315,3.0,4.0,8.0,8.352,8.291,10.751333333333335,3.121890725552252,3.2256405288784116,4.42273380213491,8.672714042593785,8.399521293103437,10.49426142821318
43,4,1.1428571428571428,1.6582280766035322,5.232666666666667,"(0, 0, 0, 1, 0, 0, 1, 1, 0, 0, 0, 1, 1, 0, 0, 0, 1, 1, 0, 1, 1, 0, 0, 1, 0)",6.0,8.0,9.0,13.0,7.632,16.822,12.864666666666666,16.881666666666668,0.0,3.1970821564480167,3.292421058474517,5.286292922539012,6.0,1.0,4.0,5.0,0.15432916553862266,0.06466131653521495,0.03144543749516874,0.009358514794356485,2.0,3.0,7.0,9.19,5.232666666666667,9.249666666666668,3.1970821564480167,3.292421058474517,5.286292922539012,9.937624628956192,3.2173697430109196,6.572177620585744
43,5,1.4285714285714284,1.6582280766035322,6.337333333333332,"(0, 1, 0, 1, 1, 0, 0, 0, 1, 0, 0, 1, 0, 0, 1, 0, 1, 1, 1, 0, 1, 1, 0, 1, 0)",8.0,11.0,12.0,13.0,9.728666666666667,16.066,17.087666666666667,17.831666666666667,0.0,1.9300208707370543,2.627186016032195,4.079895147297128,9.0,1.0,19.0,6.0,0.12741802106813085,0.01251557021161172,0.06012313034312986,0.021793280269567977,3.0,4.0,5.0,6.337333333333332,7.359,8.103,1.9300208707370543,2.627186016032195,4.079895147297128,7.308329267841802,7.84642680148063,6.67122542187182
43,6,1.7142857142857142,1.6582280766035322,6.838666666666666,"(1, 1, 1, 1, 0, 0, 1, 1, 0, 0, 0, 0, 0, 0, 1, 1, 1, 1, 1, 0, 0, 1, 0, 0, 0)",7.0,13.0,12.0,13.0,7.961666666666667,17.01033333333333,14.800333333333333,18.035666666666668,0.0,2.61150654833009,3.0488826282906794,3.6200500768985617,2.0,15.0,33.0,1.0,0.1816669866164563,0.0816291290585238,0.02967895878880756,0.012038608435077003,6.0,5.0,6.0,9.048666666666666,6.838666666666666,10.074000000000002,2.61150654833009,3.0488826282906794,3.6200500768985617,10.674279641818226,6.284326296698979,10.702120967480017
43,7,2.0,1.6582280766035322,7.626,"(0, 0, 0, 1, 0, 0, 1, 0, 1, 1, 0, 1, 0, 0, 0, 1, 0, 0, 0, 0, 1, 0, 1, 0, 0)",5.0,10.0,9.0,11.0,5.839666666666667,13.907666666666668,13.465666666666667,15.640333333333333,0.0,4.480569112495557,4.634544801786398,5.240562677137566,2.0,10.0,5.0,4.0,0.23976637779291968,0.0324043198430562,0.08193926564248401,0.04357868131862903,5.0,4.0,6.0,8.068000000000001,7.626,9.800666666666665,4.480569112495557,4.634544801786398,5.240562677137566,5.948778620534598,4.96051499957938,7.561692467668931
44,0,0.0,1.6582280766035322,6.219666666666667,"(0, 0, 0, 0, 1, 0, 0, 1, 0, 0, 0, 0, 0, 1, 0, 0, 0, 0, 1, 1, 0, 1, 1, 0, 1)",5.0,9.0,9.0,11.0,6.218333333333334,13.220333333333333,12.438,17.165,0.0,3.9657445689793813,3.893685346672755,6.270681595458292,2.0,9.0,4.0,1.0,0.12039284164594927,0.039682059220202785,0.07134708120465162,0.047479683105856506,4.0,4.0,6.0,7.001999999999999,6.219666666666667,10.946666666666665,3.9657445689793813,3.893685346672755,6.270681595458292,5.034804003458348,3.8570075304692497,7.753849730856691
44,1,0.2857142857142857,1.6582280766035322,6.904,"(1, 0, 0, 1, 1, 0, 1, 1, 0, 0, 0, 0, 0, 0, 1, 0, 0, 1, 1, 1, 0, 0, 1, 1, 1)",7.0,11.0,10.0,12.0,8.432666666666666,15.437333333333333,15.336666666666666,16.642,0.0,2.5638048539931275,3.343218111887804,4.31800748671919,9.0,7.0,1.0,3.0,0.10595829328559442,0.07405940374211298,0.011129290241140429,0.02281158314366442,4.0,3.0,5.0,7.004666666666667,6.904,8.209333333333333,2.5638048539931275,3.343218111887804,4.31800748671919,7.3639617420917185,5.9045885015289805,6.4527057740685825
44,2,0.5714285714285714,1.6582280766035322,3.267333333333333,"(0, 0, 0, 0, 0, 1, 1, 1, 1, 1, 1, 0, 0, 0, 0, 0, 0, 0, 0, 0, 0, 0, 0, 1, 1)",4.0,7.0,8.0,11.0,5.843333333333334,9.110666666666667,10.622,14.096666666666666,0.0,4.128186433839104,3.610773212047786,5.760887010441144,1.0,1.0,4.0,17.0,0.1878592627997733,0.08858169399539181,0.031982796319601846,0.05076594051341476,3.0,4.0,7.0,3.267333333333333,4.778666666666666,8.253333333333332,4.128186433839104,3.610773212047786,5.760887010441144,-1.427490781089871,1.9366337169305203,4.133044472047059
44,3,0.8571428571428571,1.6582280766035322,8.291,"(0, 0, 0, 1, 0, 1, 1, 0, 0, 0, 1, 1, 0, 0, 1, 0, 1, 1, 0, 1, 0, 0, 0, 0, 1)",6.0,9.0,10.0,14.0,6.906666666666666,15.258666666666667,15.197666666666667,17.658,0.0,3.121890725552252,3.2256405288784116,4.42273380213491,4.0,2.0,12.0,7.0,0.14628465967757082,0.036332073884099335,0.013934261804050269,0.08556951462190315,3.0,4.0,8.0,8.352,8.291,10.751333333333335,3.121890725552252,3.2256405288784116,4.42273380213491,8.672714042593785,8.399521293103437,10.49426142821318
44,4,1.1428571428571428,1.6582280766035322,5.232666666666667,"(0, 0, 0, 1, 0, 0, 1, 1, 0, 0, 0, 1, 1, 0, 0, 0, 1, 1, 0, 1, 1, 0, 0, 1, 0)",6.0,8.0,9.0,13.0,7.632,16.822,12.864666666666666,16.881666666666668,0.0,3.1970821564480167,3.292421058474517,5.286292922539012,6.0,1.0,4.0,5.0,0.15432916553862266,0.06466131653521495,0.03144543749516874,0.009358514794356485,2.0,3.0,7.0,9.19,5.232666666666667,9.249666666666668,3.1970821564480167,3.292421058474517,5.286292922539012,9.937624628956192,3.2173697430109196,6.572177620585744
44,5,1.4285714285714284,1.6582280766035322,6.337333333333332,"(0, 1, 0, 1, 1, 0, 0, 0, 1, 0, 0, 1, 0, 0, 1, 0, 1, 1, 1, 0, 1, 1, 0, 1, 0)",8.0,11.0,12.0,13.0,9.728666666666667,16.066,17.087666666666667,17.831666666666667,0.0,1.9300208707370543,2.627186016032195,4.079895147297128,9.0,1.0,19.0,6.0,0.12741802106813085,0.01251557021161172,0.06012313034312986,0.021793280269567977,3.0,4.0,5.0,6.337333333333332,7.359,8.103,1.9300208707370543,2.627186016032195,4.079895147297128,7.308329267841802,7.84642680148063,6.67122542187182
44,6,1.7142857142857142,1.6582280766035322,6.838666666666666,"(1, 1, 1, 1, 0, 0, 1, 1, 0, 0, 0, 0, 0, 0, 1, 1, 1, 1, 1, 0, 0, 1, 0, 0, 0)",7.0,13.0,12.0,13.0,7.961666666666667,17.01033333333333,14.800333333333333,18.035666666666668,0.0,2.61150654833009,3.0488826282906794,3.6200500768985617,2.0,15.0,33.0,1.0,0.1816669866164563,0.0816291290585238,0.02967895878880756,0.012038608435077003,6.0,5.0,6.0,9.048666666666666,6.838666666666666,10.074000000000002,2.61150654833009,3.0488826282906794,3.6200500768985617,10.674279641818226,6.284326296698979,10.702120967480017
44,7,2.0,1.6582280766035322,7.626,"(0, 0, 0, 1, 0, 0, 1, 0, 1, 1, 0, 1, 0, 0, 0, 1, 0, 0, 0, 0, 1, 0, 1, 0, 0)",5.0,10.0,9.0,11.0,5.839666666666667,13.907666666666668,13.465666666666667,15.640333333333333,0.0,4.480569112495557,4.634544801786398,5.240562677137566,2.0,10.0,5.0,4.0,0.23976637779291968,0.0324043198430562,0.08193926564248401,0.04357868131862903,5.0,4.0,6.0,8.068000000000001,7.626,9.800666666666665,4.480569112495557,4.634544801786398,5.240562677137566,5.948778620534598,4.96051499957938,7.561692467668931
45,0,0.0,1.6582280766035322,2.1096666666666657,"(0, 0, 0, 0, 1, 0, 0, 1, 0, 0, 0, 0, 0, 1, 0, 0, 1, 0, 1, 1, 0, 0, 1, 0, 1)",8.0,10.0,9.0,13.0,11.565666666666667,14.460666666666667,13.675333333333333,15.751,0.0,1.9078190392669743,1.470553507844826,3.094953731685646,2.0,2.0,1.0,23.0,0.2019675486679287,0.004297489979247844,0.03126103513152299,0.0239430642642844,2.0,1.0,5.0,2.8949999999999996,2.1096666666666657,4.1853333333333325,1.9078190392669743,1.470553507844826,3.094953731685646,1.6369711857759517,1.059795384085147,1.8080980696079685
45,1,0.2857142857142857,1.6582280766035322,6.904,"(1, 0, 0, 1, 1, 0, 1, 1, 0, 0, 0, 0, 0, 0, 1, 0, 0, 1, 1, 1, 0, 0, 1, 1, 1)",7.0,11.0,10.0,12.0,8.432666666666666,15.437333333333333,15.336666666666666,16.642,0.0,2.5638048539931275,3.343218111887804,4.31800748671919,9.0,7.0,1.0,3.0,0.10595829328559442,0.07405940374211298,0.011129290241140429,0.02281158314366442,4.0,3.0,5.0,7.004666666666667,6.904,8.209333333333333,2.5638048539931275,3.343218111887804,4.31800748671919,7.3639617420917185,5.9045885015289805,6.4527057740685825
45,2,0.5714285714285714,1.6582280766035322,4.675333333333333,"(0, 1, 0, 0, 0, 1, 0, 1, 1, 1, 1, 0, 0, 0, 0, 0, 0, 0, 0, 0, 0, 0, 0, 1, 1)",5.0,8.0,10.0,12.0,6.516,11.191333333333333,13.400666666666666,18.902666666666665,0.0,4.448279726892805,4.215833000065803,5.643945081527781,2.0,2.0,11.0,8.0,0.23342549222192518,0.04283267691197813,0.06905244360999388,0.021217131757692922,3.0,5.0,7.0,4.675333333333333,6.884666666666666,12.386666666666665,4.448279726892805,4.215833000065803,5.643945081527781,0.3765066650937717,4.425534917742302,11.18097024519797
45,3,0.8571428571428571,1.6582280766035322,8.291,"(0, 0, 0, 1, 0, 1, 1, 0, 0, 0, 1, 1, 0, 0, 1, 0, 1, 1, 0, 1, 0, 0, 0, 0, 1)",6.0,9.0,10.0,14.0,6.906666666666666,15.258666666666667,15.197666666666667,17.658,0.0,3.121890725552252,3.2256405288784116,4.42273380213491,4.0,2.0,12.0,7.0,0.14628465967757082,0.036332073884099335,0.013934261804050269,0.08556951462190315,3.0,4.0,8.0,8.352,8.291,10.751333333333335,3.121890725552252,3.2256405288784116,4.42273380213491,8.672714042593785,8.399521293103437,10.49426142821318
45,4,1.1428571428571428,1.6582280766035322,5.232666666666667,"(0, 0, 0, 1, 0, 0, 1, 1, 0, 0, 0, 1, 1, 0, 0, 0, 1, 1, 0, 1, 1, 0, 0, 1, 0)",6.0,8.0,9.0,13.0,7.632,16.822,12.864666666666666,16.881666666666668,0.0,3.1970821564480167,3.292421058474517,5.286292922539012,6.0,1.0,4.0,5.0,0.15432916553862266,0.06466131653521495,0.03144543749516874,0.009358514794356485,2.0,3.0,7.0,9.19,5.232666666666667,9.249666666666668,3.1970821564480167,3.292421058474517,5.286292922539012,9.937624628956192,3.2173697430109196,6.572177620585744
45,5,1.4285714285714284,1.6582280766035322,6.337333333333332,"(0, 1, 0, 1, 1, 0, 0, 0, 1, 0, 0, 1, 0, 0, 1, 0, 1, 1, 1, 0, 1, 1, 0, 1, 0)",8.0,11.0,12.0,13.0,9.728666666666667,16.066,17.087666666666667,17.831666666666667,0.0,1.9300208707370543,2.627186016032195,4.079895147297128,9.0,1.0,19.0,6.0,0.12741802106813085,0.01251557021161172,0.06012313034312986,0.021793280269567977,3.0,4.0,5.0,6.337333333333332,7.359,8.103,1.9300208707370543,2.627186016032195,4.079895147297128,7.308329267841802,7.84642680148063,6.67122542187182
45,6,1.7142857142857142,1.6582280766035322,6.838666666666666,"(1, 1, 1, 1, 0, 0, 1, 1, 0, 0, 0, 0, 0, 0, 1, 1, 1, 1, 1, 0, 0, 1, 0, 0, 0)",7.0,13.0,12.0,13.0,7.961666666666667,17.01033333333333,14.800333333333333,18.035666666666668,0.0,2.61150654833009,3.0488826282906794,3.6200500768985617,2.0,15.0,33.0,1.0,0.1816669866164563,0.0816291290585238,0.02967895878880756,0.012038608435077003,6.0,5.0,6.0,9.048666666666666,6.838666666666666,10.074000000000002,2.61150654833009,3.0488826282906794,3.6200500768985617,10.674279641818226,6.284326296698979,10.702120967480017
45,7,2.0,1.6582280766035322,7.626,"(0, 0, 0, 1, 0, 0, 1, 0, 1, 1, 0, 1, 0, 0, 0, 1, 0, 0, 0, 0, 1, 0, 1, 0, 0)",5.0,10.0,9.0,11.0,5.839666666666667,13.907666666666668,13.465666666666667,15.640333333333333,0.0,4.480569112495557,4.634544801786398,5.240562677137566,2.0,10.0,5.0,4.0,0.23976637779291968,0.0324043198430562,0.08193926564248401,0.04357868131862903,5.0,4.0,6.0,8.068000000000001,7.626,9.800666666666665,4.480569112495557,4.634544801786398,5.240562677137566,5.948778620534598,4.96051499957938,7.561692467668931
46,0,0.0,1.6582280766035322,2.1096666666666657,"(0, 0, 0, 0, 1, 0, 0, 1, 0, 0, 0, 0, 0, 1, 0, 0, 1, 0, 1, 1, 0, 0, 1, 0, 1)",8.0,10.0,9.0,13.0,11.565666666666667,14.460666666666667,13.675333333333333,15.751,0.0,1.9078190392669743,1.470553507844826,3.094953731685646,2.0,2.0,1.0,23.0,0.2019675486679287,0.004297489979247844,0.03126103513152299,0.0239430642642844,2.0,1.0,5.0,2.8949999999999996,2.1096666666666657,4.1853333333333325,1.9078190392669743,1.470553507844826,3.094953731685646,1.6369711857759517,1.059795384085147,1.8080980696079685
46,1,0.2857142857142857,1.6582280766035322,6.904,"(1, 0, 0, 1, 1, 0, 1, 1, 0, 0, 0, 0, 0, 0, 1, 0, 0, 1, 1, 1, 0, 0, 1, 1, 1)",7.0,11.0,10.0,12.0,8.432666666666666,15.437333333333333,15.336666666666666,16.642,0.0,2.5638048539931275,3.343218111887804,4.31800748671919,9.0,7.0,1.0,3.0,0.10595829328559442,0.07405940374211298,0.011129290241140429,0.02281158314366442,4.0,3.0,5.0,7.004666666666667,6.904,8.209333333333333,2.5638048539931275,3.343218111887804,4.31800748671919,7.3639617420917185,5.9045885015289805,6.4527057740685825
46,2,0.5714285714285714,1.6582280766035322,3.8529999999999998,"(0, 1, 0, 0, 1, 1, 0, 1, 1, 1, 1, 0, 0, 0, 0, 0, 0, 0, 0, 0, 0, 0, 0, 1, 0)",6.0,11.0,8.0,13.0,7.742666666666667,15.816,11.595666666666666,18.232,0.0,3.187888203001071,3.2577272421606898,5.108530872727112,8.0,12.0,2.0,14.0,0.2852965303156946,0.08277743995642524,0.03702631659318677,0.032932850875576514,5.0,2.0,7.0,8.073333333333334,3.8529999999999998,10.489333333333333,3.187888203001071,3.2577272421606898,5.108530872727112,8.101182281822961,0.9870980002863592,8.922597714834607
46,3,0.8571428571428571,1.6582280766035322,8.291,"(0, 0, 0, 1, 0, 1, 1, 0, 0, 0, 1, 1, 0, 0, 1, 0, 1, 1, 0, 1, 0, 0, 0, 0, 1)",6.0,9.0,10.0,14.0,6.906666666666666,15.258666666666667,15.197666666666667,17.658,0.0,3.121890725552252,3.2256405288784116,4.42273380213491,4.0,2.0,12.0,7.0,0.14628465967757082,0.036332073884099335,0.013934261804050269,0.08556951462190315,3.0,4.0,8.0,8.352,8.291,10.751333333333335,3.121890725552252,3.2256405288784116,4.42273380213491,8.672714042593785,8.399521293103437,10.49426142821318
46,4,1.1428571428571428,1.6582280766035322,5.805000000000001,"(0, 0, 0, 1, 0, 0, 1, 1, 0, 0, 0, 1, 1, 0, 0, 0, 0, 0, 0, 1, 1, 0, 0, 1, 0)",5.0,8.0,8.0,11.0,6.402,12.207,12.741,14.264333333333333,0.0,3.462619745781463,3.2160596555469243,4.837410582202436,4.0,2.0,2.0,18.0,0.23377462578083205,0.048456369099301344,0.019087569623996655,0.03582012063048053,3.0,3.0,6.0,5.805000000000001,6.3389999999999995,7.862333333333333,3.462619745781463,3.2160596555469243,4.837410582202436,3.8842007036268984,5.178547360729995,5.016011835482053
46,5,1.4285714285714284,1.6582280766035322,6.337333333333332,"(0, 1, 0, 1, 1, 0, 0, 0, 1, 0, 0, 1, 0, 0, 1, 0, 1, 1, 1, 0, 1, 1, 0, 1, 0)",8.0,11.0,12.0,13.0,9.728666666666667,16.066,17.087666666666667,17.831666666666667,0.0,1.9300208707370543,2.627186016032195,4.079895147297128,9.0,1.0,19.0,6.0,0.12741802106813085,0.01251557021161172,0.06012313034312986,0.021793280269567977,3.0,4.0,5.0,6.337333333333332,7.359,8.103,1.9300208707370543,2.627186016032195,4.079895147297128,7.308329267841802,7.84642680148063,6.67122542187182
46,6,1.7142857142857142,1.6582280766035322,6.838666666666666,"(1, 1, 1, 1, 0, 0, 1, 1, 0, 0, 0, 0, 0, 0, 1, 1, 1, 1, 1, 0, 0, 1, 0, 0, 0)",7.0,13.0,12.0,13.0,7.961666666666667,17.01033333333333,14.800333333333333,18.035666666666668,0.0,2.61150654833009,3.0488826282906794,3.6200500768985617,2.0,15.0,33.0,1.0,0.1816669866164563,0.0816291290585238,0.02967895878880756,0.012038608435077003,6.0,5.0,6.0,9.048666666666666,6.838666666666666,10.074000000000002,2.61150654833009,3.0488826282906794,3.6200500768985617,10.674279641818226,6.284326296698979,10.702120967480017
46,7,2.0,1.6582280766035322,7.626,"(0, 0, 0, 1, 0, 0, 1, 0, 1, 1, 0, 1, 0, 0, 0, 1, 0, 0, 0, 0, 1, 0, 1, 0, 0)",5.0,10.0,9.0,11.0,5.839666666666667,13.907666666666668,13.465666666666667,15.640333333333333,0.0,4.480569112495557,4.634544801786398,5.240562677137566,2.0,10.0,5.0,4.0,0.23976637779291968,0.0324043198430562,0.08193926564248401,0.04357868131862903,5.0,4.0,6.0,8.068000000000001,7.626,9.800666666666665,4.480569112495557,4.634544801786398,5.240562677137566,5.948778620534598,4.96051499957938,7.561692467668931
47,0,0.0,1.6582280766035322,1.5090000000000003,"(0, 0, 0, 0, 1, 0, 0, 1, 0, 0, 0, 0, 0, 1, 0, 0, 1, 0, 1, 0, 0, 0, 1, 0, 0)",6.0,9.0,10.0,12.0,10.907333333333334,12.416333333333334,12.724666666666666,15.518,0.0,2.1200814454504284,2.5396868478567503,3.7859834330973543,6.0,2.0,18.0,13.0,0.1434225485863944,0.09175886178603163,0.03012490926920269,0.04765591013722748,3.0,4.0,6.0,1.5090000000000003,1.8173333333333321,4.610666666666667,2.1200814454504284,2.5396868478567503,3.7859834330973543,-1.0133124099373696,-1.1978268790159694,1.3675128922088227
47,1,0.2857142857142857,1.6582280766035322,6.904,"(1, 0, 0, 1, 1, 0, 1, 1, 0, 0, 0, 0, 0, 0, 1, 0, 0, 1, 1, 1, 0, 0, 1, 1, 1)",7.0,11.0,10.0,12.0,8.432666666666666,15.437333333333333,15.336666666666666,16.642,0.0,2.5638048539931275,3.343218111887804,4.31800748671919,9.0,7.0,1.0,3.0,0.10595829328559442,0.07405940374211298,0.011129290241140429,0.02281158314366442,4.0,3.0,5.0,7.004666666666667,6.904,8.209333333333333,2.5638048539931275,3.343218111887804,4.31800748671919,7.3639617420917185,5.9045885015289805,6.4527057740685825
47,2,0.5714285714285714,1.6582280766035322,3.8529999999999998,"(0, 1, 0, 0, 1, 1, 0, 1, 1, 1, 1, 0, 0, 0, 0, 0, 0, 0, 0, 0, 0, 0, 0, 1, 0)",6.0,11.0,8.0,13.0,7.742666666666667,15.816,11.595666666666666,18.232,0.0,3.187888203001071,3.2577272421606898,5.108530872727112,8.0,12.0,2.0,14.0,0.2852965303156946,0.08277743995642524,0.03702631659318677,0.032932850875576514,5.0,2.0,7.0,8.073333333333334,3.8529999999999998,10.489333333333333,3.187888203001071,3.2577272421606898,5.108530872727112,8.101182281822961,0.9870980002863592,8.922597714834607
47,3,0.8571428571428571,1.6582280766035322,4.813000000000001,"(0, 0, 0, 1, 0, 1, 1, 0, 0, 0, 1, 1, 0, 0, 1, 0, 1, 0, 0, 1, 0, 0, 1, 0, 1)",6.0,10.0,10.0,14.0,8.334333333333333,14.575333333333333,13.147333333333334,18.148,0.0,2.9876571627511948,2.645094879259515,4.263332022082293,2.0,12.0,2.0,14.0,0.23862232640812714,0.02448004127613251,0.006415526415218665,0.002656690577137863,4.0,4.0,8.0,6.241,4.813000000000001,9.813666666666666,2.9876571627511948,2.645094879259515,4.263332022082293,5.394784435542964,3.594881138624444,9.203720742195095
47,4,1.1428571428571428,1.6582280766035322,5.839666666666667,"(0, 0, 0, 0, 0, 0, 1, 1, 1, 0, 0, 1, 1, 0, 0, 0, 0, 0, 0, 1, 1, 0, 0, 1, 0)",6.0,11.0,9.0,12.0,7.842,16.221,13.681666666666667,14.654,0.0,2.550889099752028,2.937081206414787,3.7358036090236917,4.0,27.0,1.0,49.0,0.2626697270152065,0.020992624208742938,0.016156281814192805,0.014264776574576263,5.0,3.0,6.0,8.379000000000001,5.839666666666667,6.812,2.550889099752028,2.937081206414787,3.7358036090236917,9.664337128350276,4.813148704930853,5.101035224663372
47,5,1.4285714285714284,1.6582280766035322,6.337333333333332,"(0, 1, 0, 1, 1, 0, 0, 0, 1, 0, 0, 1, 0, 0, 1, 0, 1, 1, 1, 0, 1, 1, 0, 1, 0)",8.0,11.0,12.0,13.0,9.728666666666667,16.066,17.087666666666667,17.831666666666667,0.0,1.9300208707370543,2.627186016032195,4.079895147297128,9.0,1.0,19.0,6.0,0.12741802106813085,0.01251557021161172,0.06012313034312986,0.021793280269567977,3.0,4.0,5.0,6.337333333333332,7.359,8.103,1.9300208707370543,2.627186016032195,4.079895147297128,7.308329267841802,7.84642680148063,6.67122542187182
47,6,1.7142857142857142,1.6582280766035322,5.744999999999999,"(1, 1, 1, 1, 0, 0, 1, 0, 0, 0, 0, 0, 1, 0, 1, 1, 1, 1, 1, 0, 0, 1, 0, 0, 0)",8.0,10.0,11.0,13.0,9.823,15.568,15.901333333333334,17.51,0.0,1.782834704182083,2.095825253641001,2.975082266503616,12.0,1.0,5.0,2.0,0.1324754571576056,0.08344771277265177,0.04179771274530359,0.06968903671602046,2.0,3.0,5.0,5.744999999999999,6.078333333333333,7.687000000000001,1.782834704182083,2.095825253641001,2.975082266503616,6.570173737669409,6.603906713046242,7.813434280329785
47,7,2.0,1.6582280766035322,7.626,"(0, 0, 0, 1, 0, 0, 1, 0, 1, 1, 0, 1, 0, 0, 0, 1, 0, 0, 0, 0, 1, 0, 1, 0, 0)",5.0,10.0,9.0,11.0,5.839666666666667,13.907666666666668,13.465666666666667,15.640333333333333,0.0,4.480569112495557,4.634544801786398,5.240562677137566,2.0,10.0,5.0,4.0,0.23976637779291968,0.0324043198430562,0.08193926564248401,0.04357868131862903,5.0,4.0,6.0,8.068000000000001,7.626,9.800666666666665,4.480569112495557,4.634544801786398,5.240562677137566,5.948778620534598,4.96051499957938,7.561692467668931
48,0,0.0,1.6582280766035322,5.981333333333334,"(0, 0, 1, 1, 1, 0, 0, 1, 0, 0, 0, 0, 0, 1, 0, 0, 1, 0, 1, 0, 0, 0, 1, 0, 0)",5.0,9.0,11.0,12.0,6.859333333333334,12.840666666666667,19.020666666666667,17.088666666666665,0.0,2.499401117973489,3.3188882210527497,4.549993594636026,2.0,4.0,2.0,8.0,0.16510296779901548,0.050019516309358095,0.017699783258145998,0.03686465760851839,4.0,6.0,7.0,5.981333333333334,12.161333333333333,10.229333333333331,2.499401117973489,3.3188882210527497,4.549993594636026,5.773837760340031,14.662790751009336,9.417640611278038
48,1,0.2857142857142857,1.6582280766035322,6.904,"(1, 0, 0, 1, 1, 0, 1, 1, 0, 0, 0, 0, 0, 0, 1, 0, 0, 1, 1, 1, 0, 0, 1, 1, 1)",7.0,11.0,10.0,12.0,8.432666666666666,15.437333333333333,15.336666666666666,16.642,0.0,2.5638048539931275,3.343218111887804,4.31800748671919,9.0,7.0,1.0,3.0,0.10595829328559442,0.07405940374211298,0.011129290241140429,0.02281158314366442,4.0,3.0,5.0,7.004666666666667,6.904,8.209333333333333,2.5638048539931275,3.343218111887804,4.31800748671919,7.3639617420917185,5.9045885015289805,6.4527057740685825
48,2,0.5714285714285714,1.6582280766035322,3.8529999999999998,"(0, 1, 0, 0, 1, 1, 0, 1, 1, 1, 1, 0, 0, 0, 0, 0, 0, 0, 0, 0, 0, 0, 0, 1, 0)",6.0,11.0,8.0,13.0,7.742666666666667,15.816,11.595666666666666,18.232,0.0,3.187888203001071,3.2577272421606898,5.108530872727112,8.0,12.0,2.0,14.0,0.2852965303156946,0.08277743995642524,0.03702631659318677,0.032932850875576514,5.0,2.0,7.0,8.073333333333334,3.8529999999999998,10.489333333333333,3.187888203001071,3.2577272421606898,5.108530872727112,8.101182281822961,0.9870980002863592,8.922597714834607
48,3,0.8571428571428571,1.6582280766035322,6.378333333333333,"(0, 0, 0, 1, 0, 0, 0, 0, 0, 0, 1, 1, 0, 0, 1, 0, 1, 0, 0, 1, 0, 0, 1, 0, 1)",5.0,9.0,9.0,11.0,6.461666666666667,14.466,12.84,15.288333333333334,0.0,4.28599447246254,3.403540764363361,4.712020902476597,2.0,1.0,2.0,1.0,0.17667672258377168,0.05668545968647998,0.09338100165843065,0.04399674186030888,4.0,4.0,6.0,8.004333333333332,6.378333333333333,8.826666666666668,4.28599447246254,3.403540764363361,4.712020902476597,6.1658538974219415,4.932884559937557,6.823021131457772
48,4,1.1428571428571428,1.6582280766035322,5.839666666666667,"(0, 0, 0, 0, 0, 0, 1, 1, 1, 0, 0, 1, 1, 0, 0, 0, 0, 0, 0, 1, 1, 0, 0, 1, 0)",6.0,11.0,9.0,12.0,7.842,16.221,13.681666666666667,14.654,0.0,2.550889099752028,2.937081206414787,3.7358036090236917,4.0,27.0,1.0,49.0,0.2626697270152065,0.020992624208742938,0.016156281814192805,0.014264776574576263,5.0,3.0,6.0,8.379000000000001,5.839666666666667,6.812,2.550889099752028,2.937081206414787,3.7358036090236917,9.664337128350276,4.813148704930853,5.101035224663372
48,5,1.4285714285714284,1.6582280766035322,6.337333333333332,"(0, 1, 0, 1, 1, 0, 0, 0, 1, 0, 0, 1, 0, 0, 1, 0, 1, 1, 1, 0, 1, 1, 0, 1, 0)",8.0,11.0,12.0,13.0,9.728666666666667,16.066,17.087666666666667,17.831666666666667,0.0,1.9300208707370543,2.627186016032195,4.079895147297128,9.0,1.0,19.0,6.0,0.12741802106813085,0.01251557021161172,0.06012313034312986,0.021793280269567977,3.0,4.0,5.0,6.337333333333332,7.359,8.103,1.9300208707370543,2.627186016032195,4.079895147297128,7.308329267841802,7.84642680148063,6.67122542187182
48,6,1.7142857142857142,1.6582280766035322,5.744999999999999,"(1, 1, 1, 1, 0, 0, 1, 0, 0, 0, 0, 0, 1, 0, 1, 1, 1, 1, 1, 0, 0, 1, 0, 0, 0)",8.0,10.0,11.0,13.0,9.823,15.568,15.901333333333334,17.51,0.0,1.782834704182083,2.095825253641001,2.975082266503616,12.0,1.0,5.0,2.0,0.1324754571576056,0.08344771277265177,0.04179771274530359,0.06968903671602046,2.0,3.0,5.0,5.744999999999999,6.078333333333333,7.687000000000001,1.782834704182083,2.095825253641001,2.975082266503616,6.570173737669409,6.603906713046242,7.813434280329785
48,7,2.0,1.6582280766035322,7.626,"(0, 0, 0, 1, 0, 0, 1, 0, 1, 1, 0, 1, 0, 0, 0, 1, 0, 0, 0, 0, 1, 0, 1, 0, 0)",5.0,10.0,9.0,11.0,5.839666666666667,13.907666666666668,13.465666666666667,15.640333333333333,0.0,4.480569112495557,4.634544801786398,5.240562677137566,2.0,10.0,5.0,4.0,0.23976637779291968,0.0324043198430562,0.08193926564248401,0.04357868131862903,5.0,4.0,6.0,8.068000000000001,7.626,9.800666666666665,4.480569112495557,4.634544801786398,5.240562677137566,5.948778620534598,4.96051499957938,7.561692467668931
49,0,0.0,1.6582280766035322,5.981333333333334,"(0, 0, 1, 1, 1, 0, 0, 1, 0, 0, 0, 0, 0, 1, 0, 0, 1, 0, 1, 0, 0, 0, 1, 0, 0)",5.0,9.0,11.0,12.0,6.859333333333334,12.840666666666667,19.020666666666667,17.088666666666665,0.0,2.499401117973489,3.3188882210527497,4.549993594636026,2.0,4.0,2.0,8.0,0.16510296779901548,0.050019516309358095,0.017699783258145998,0.03686465760851839,4.0,6.0,7.0,5.981333333333334,12.161333333333333,10.229333333333331,2.499401117973489,3.3188882210527497,4.549993594636026,5.773837760340031,14.662790751009336,9.417640611278038
49,1,0.2857142857142857,1.6582280766035322,7.689666666666667,"(1, 0, 0, 0, 0, 0, 1, 1, 0, 0, 0, 0, 0, 0, 1, 0, 0, 1, 1, 1, 0, 0, 1, 1, 1)",6.0,10.0,11.0,13.0,6.968666666666667,15.204666666666666,14.658333333333333,18.012333333333334,0.0,2.627996705314091,1.5532253898417148,3.7909949668399787,4.0,10.0,11.0,6.0,0.16496872250743205,0.019084874523326783,0.04917904345086681,0.019710660469638992,4.0,5.0,7.0,8.236,7.689666666666667,11.043666666666667,2.627996705314091,1.5532253898417148,3.7909949668399787,9.299348516933287,10.175619215659964,12.02658384304048
49,2,0.5714285714285714,1.6582280766035322,5.724333333333333,"(1, 1, 0, 0, 0, 1, 0, 1, 1, 1, 1, 0, 0, 0, 0, 0, 0, 0, 0, 0, 0, 0, 0, 1, 0)",6.0,10.0,10.0,13.0,7.641666666666667,13.366,15.141,16.467,0.0,3.2688281578957286,2.610032567817554,4.43944505619579,5.0,7.0,16.0,11.0,0.27647040417266144,0.040104216885326636,0.020979069224859207,0.006899916051316611,4.0,4.0,7.0,5.724333333333333,7.499333333333333,8.825333333333333,3.2688281578957286,2.610032567817554,4.43944505619579,4.071787624155918,8.107575804337408,7.272803081995767
49,3,0.8571428571428571,1.6582280766035322,6.378333333333333,"(0, 0, 0, 1, 0, 0, 0, 0, 0, 0, 1, 1, 0, 0, 1, 0, 1, 0, 0, 1, 0, 0, 1, 0, 1)",5.0,9.0,9.0,11.0,6.461666666666667,14.466,12.84,15.288333333333334,0.0,4.28599447246254,3.403540764363361,4.712020902476597,2.0,1.0,2.0,1.0,0.17667672258377168,0.05668545968647998,0.09338100165843065,0.04399674186030888,4.0,4.0,6.0,8.004333333333332,6.378333333333333,8.826666666666668,4.28599447246254,3.403540764363361,4.712020902476597,6.1658538974219415,4.932884559937557,6.823021131457772
49,4,1.1428571428571428,1.6582280766035322,5.839666666666667,"(0, 0, 0, 0, 0, 0, 1, 1, 1, 0, 0, 1, 1, 0, 0, 0, 0, 0, 0, 1, 1, 0, 0, 1, 0)",6.0,11.0,9.0,12.0,7.842,16.221,13.681666666666667,14.654,0.0,2.550889099752028,2.937081206414787,3.7358036090236917,4.0,27.0,1.0,49.0,0.2626697270152065,0.020992624208742938,0.016156281814192805,0.014264776574576263,5.0,3.0,6.0,8.379000000000001,5.839666666666667,6.812,2.550889099752028,2.937081206414787,3.7358036090236917,9.664337128350276,4.813148704930853,5.101035224663372
49,5,1.4285714285714284,1.6582280766035322,6.337333333333332,"(0, 1, 0, 1, 1, 0, 0, 0, 1, 0, 0, 1, 0, 0, 1, 0, 1, 1, 1, 0, 1, 1, 0, 1, 0)",8.0,11.0,12.0,13.0,9.728666666666667,16.066,17.087666666666667,17.831666666666667,0.0,1.9300208707370543,2.627186016032195,4.079895147297128,9.0,1.0,19.0,6.0,0.12741802106813085,0.01251557021161172,0.06012313034312986,0.021793280269567977,3.0,4.0,5.0,6.337333333333332,7.359,8.103,1.9300208707370543,2.627186016032195,4.079895147297128,7.308329267841802,7.84642680148063,6.67122542187182
49,6,1.7142857142857142,1.6582280766035322,5.744999999999999,"(1, 1, 1, 1, 0, 0, 1, 0, 0, 0, 0, 0, 1, 0, 1, 1, 1, 1, 1, 0, 0, 1, 0, 0, 0)",8.0,10.0,11.0,13.0,9.823,15.568,15.901333333333334,17.51,0.0,1.782834704182083,2.095825253641001,2.975082266503616,12.0,1.0,5.0,2.0,0.1324754571576056,0.08344771277265177,0.04179771274530359,0.06968903671602046,2.0,3.0,5.0,5.744999999999999,6.078333333333333,7.687000000000001,1.782834704182083,2.095825253641001,2.975082266503616,6.570173737669409,6.603906713046242,7.813434280329785
49,7,2.0,1.6582280766035322,7.626,"(0, 0, 0, 1, 0, 0, 1, 0, 1, 1, 0, 1, 0, 0, 0, 1, 0, 0, 0, 0, 1, 0, 1, 0, 0)",5.0,10.0,9.0,11.0,5.839666666666667,13.907666666666668,13.465666666666667,15.640333333333333,0.0,4.480569112495557,4.634544801786398,5.240562677137566,2.0,10.0,5.0,4.0,0.23976637779291968,0.0324043198430562,0.08193926564248401,0.04357868131862903,5.0,4.0,6.0,8.068000000000001,7.626,9.800666666666665,4.480569112495557,4.634544801786398,5.240562677137566,5.948778620534598,4.96051499957938,7.561692467668931
