step,replica,lambda,beta,phi,syndrome,E0_II,E0_IX,E0_XI,E0_XX,U_II,U_IX,U_XI,U_XX,F_II,F_IX,F_XI,F_XX,g_II,g_IX,g_XI,g_XX,Z_II,Z_IX,Z_XI,Z_XX,delta_E0_IX,delta_E0_XI,delta_E0_XX,delta_U_IX,delta_U_XI,delta_U_XX,delta_F_IX,delta_F_XI,delta_F_XX,delta_S_IX,delta_S_XI,delta_S_XX
0,0,0.0,1.6582280766035322,2.6375867910237814,"(0, 1, 1, 0, 0, 0, 0, 1, 0, 1, 1, 1, 0, 1, 1, 1, 1, 1, 0, 1, 1, 0, 0, 1, 0)",9.0,12.0,12.0,14.0,13.406666666666666,16.490666666666666,16.581333333333333,17.688,0.0,2.8821662199446005,2.6375867910237814,3.4482760729188415,2.0,3.0,1.0,1.0,0.08555737086534734,0.047318110868562316,0.06669702141955515,0.024863254933731132,3.0,3.0,5.0,3.0839999999999996,3.174666666666667,4.2813333333333325,2.8821662199446005,2.6375867910237814,3.4482760729188415,0.3346864408948848,0.8906009291697665,1.3813989386377292
0,1,0.2857142857142857,1.6582280766035322,2.9021570806458756,"(1, 0, 0, 1, 1, 0, 0, 1, 1, 0, 0, 0, 0, 0, 0, 0, 1, 0, 0, 1, 1, 0, 1, 0, 1)",6.0,10.0,9.0,13.0,7.807333333333333,15.564333333333334,12.380666666666666,18.845,0.0,2.9021570806458756,3.313406856021755,4.418588231943401,2.0,1.0,2.0,7.0,0.142372855481146,0.025290705238396025,0.030712130993780562,0.0118510909576774,4.0,3.0,7.0,7.757000000000001,4.573333333333333,11.037666666666667,2.9021570806458756,3.313406856021755,4.418588231943401,8.050436836372867,2.0892454591342426,10.97594170169908
0,2,0.5714285714285714,1.6582280766035322,3.2970088228197865,"(0, 1, 0, 0, 1, 0, 1, 0, 0, 0, 1, 1, 1, 1, 1, 0, 0, 0, 1, 0, 0, 0, 1, 1, 1)",6.0,10.0,10.0,14.0,7.872333333333334,14.904666666666667,15.688333333333333,18.410333333333334,0.0,3.2970088228197865,3.9618753701339733,4.182576314751699,1.0,3.0,4.0,20.0,0.16299481221245984,0.07731647167234333,0.02358003755137609,0.006634447454751002,4.0,4.0,8.0,7.032333333333334,7.815999999999999,10.538,3.2970088228197865,3.9618753701339733,4.182576314751699,6.19401997855891,6.3910176719730405,10.538741993589822
0,3,0.8571428571428571,1.6582280766035322,3.026607097794971,"(0, 0, 1, 1, 1, 1, 0, 1, 1, 0, 0, 0, 0, 0, 0, 0, 1, 1, 0, 0, 1, 0, 0, 1, 0)",7.0,11.0,9.0,13.0,9.197666666666667,16.124333333333333,12.012333333333334,17.128,0.0,3.5080275579457894,3.026607097794971,4.935227613965637,12.0,5.0,5.0,6.0,0.2848380244700686,0.03448376554971672,0.07702873851322552,0.02063595493884956,4.0,2.0,6.0,6.926666666666666,2.8146666666666675,7.9303333333333335,3.5080275579457894,3.026607097794971,4.935227613965637,5.668883353855833,-0.35144557346441013,4.9665683962513345
0,4,1.1428571428571428,1.6582280766035322,3.14560338704768,"(1, 0, 1, 1, 0, 0, 1, 0, 1, 0, 0, 1, 1, 1, 0, 0, 1, 1, 0, 0, 1, 1, 0, 0, 0)",6.0,11.0,9.0,14.0,8.436333333333334,15.096,14.249,16.577333333333332,0.0,3.14560338704768,3.686277863802465,4.147615339469974,1.0,2.0,1.0,29.0,0.17337899347073998,0.08015980590654327,0.03460210512253032,0.033618639218647245,5.0,3.0,8.0,6.659666666666666,5.812666666666667,8.140999999999998,3.14560338704768,3.686277863802465,4.147615339469974,5.8271183932256925,3.5260376146847925,6.6219425647687515
0,5,1.4285714285714284,1.6582280766035322,1.6663257570442804,"(0, 0, 1, 1, 0, 0, 0, 0, 1, 0, 1, 1, 1, 0, 1, 1, 0, 1, 1, 1, 0, 1, 1, 0, 1)",8.0,11.0,12.0,13.0,12.127666666666666,16.436,15.055,17.44,0.0,1.6663257570442804,2.0585888209430503,2.305600317709553,1.0,2.0,41.0,2.0,0.04944190622750398,0.05970116617272476,0.10230097700133477,0.017265782057846728,3.0,4.0,5.0,4.308333333333334,2.9273333333333333,5.312333333333335,1.6663257570442804,2.0585888209430503,2.305600317709553,4.381051141601757,1.4405765418408125,4.985849105358162
0,6,1.7142857142857142,1.6582280766035322,3.223015001090457,"(0, 0, 0, 1, 0, 0, 1, 1, 1, 0, 0, 0, 0, 0, 0, 0, 0, 1, 0, 0, 0, 1, 0, 0, 0)",4.0,7.0,8.0,11.0,4.3773333333333335,10.706666666666667,13.379666666666667,14.791666666666666,0.0,3.223015001090457,4.352618391629189,5.9054200120735505,2.0,2.0,2.0,2.0,0.3017013654566933,0.11378107341296351,0.028439184911975356,0.021762165722408945,3.0,4.0,7.0,6.3293333333333335,9.002333333333333,10.414333333333332,3.223015001090457,4.352618391629189,5.9054200120735505,5.150984273393397,7.710287864536767,7.476806664284651
0,7,2.0,1.6582280766035322,3.4645451328259638,"(0, 0, 0, 0, 1, 1, 0, 1, 1, 0, 0, 0, 0, 1, 0, 1, 1, 1, 0, 0, 0, 1, 0, 0, 1)",7.0,10.0,9.0,12.0,8.816,14.982333333333333,13.187666666666667,17.809666666666665,0.0,3.4645451328259638,3.8570569309362237,4.802486456433526,6.0,2.0,1.0,5.0,0.1624794424347335,0.03948756050311595,0.08771653362602927,0.013444146327865277,3.0,2.0,5.0,6.166333333333332,4.371666666666666,8.993666666666664,3.4645451328259638,3.8570569309362237,4.802486456433526,4.4801810511174525,0.8533403122817436,6.949932698713686
1,0,0.0,1.6582280766035322,2.6375867910237814,"(0, 1, 1, 0, 0, 0, 0, 1, 0, 1, 1, 1, 0, 1, 1, 1, 1, 1, 0, 1, 1, 0, 0, 1, 0)",9.0,12.0,12.0,14.0,13.406666666666666,16.490666666666666,16.581333333333333,17.688,0.0,2.8821662199446005,2.6375867910237814,3.4482760729188415,2.0,3.0,1.0,1.0,0.08555737086534734,0.047318110868562316,0.06669702141955515,0.024863254933731132,3.0,3.0,5.0,3.0839999999999996,3.174666666666667,4.2813333333333325,2.8821662199446005,2.6375867910237814,3.4482760729188415,0.3346864408948848,0.8906009291697665,1.3813989386377292
1,1,0.2857142857142857,1.6582280766035322,2.9021570806458756,"(1, 0, 0, 1, 1, 0, 0, 1, 1, 0, 0, 0, 0, 0, 0, 0, 1, 0, 0, 1, 1, 0, 1, 0, 1)",6.0,10.0,9.0,13.0,7.807333333333333,15.564333333333334,12.380666666666666,18.845,0.0,2.9021570806458756,3.313406856021755,4.418588231943401,2.0,1.0,2.0,7.0,0.142372855481146,0.025290705238396025,0.030712130993780562,0.0118510909576774,4.0,3.0,7.0,7.757000000000001,4.573333333333333,11.037666666666667,2.9021570806458756,3.313406856021755,4.418588231943401,8.050436836372867,2.0892454591342426,10.97594170169908
1,2,0.5714285714285714,1.6582280766035322,3.2970088228197865,"(0, 1, 0, 0, 1, 0, 1, 0, 0, 0, 1, 1, 1, 1, 1, 0, 0, 0, 1, 0, 0, 0, 1, 1, 1)",6.0,10.0,10.0,14.0,7.872333333333334,14.904666666666667,15.688333333333333,18.410333333333334,0.0,3.2970088228197865,3.9618753701339733,4.182576314751699,1.0,3.0,4.0,20.0,0.16299481221245984,0.07731647167234333,0.02358003755137609,0.006634447454751002,4.0,4.0,8.0,7.032333333333334,7.815999999999999,10.538,3.2970088228197865,3.9618753701339733,4.182576314751699,6.19401997855891,6.3910176719730405,10.538741993589822
1,3,0.8571428571428571,1.6582280766035322,3.026607097794971,"(0, 0, 1, 1, 1, 1, 0, 1, 1, 0, 0, 0, 0, 0, 0, 0, 1, 1, 0, 0, 1, 0, 0, 1, 0)",7.0,11.0,9.0,13.0,9.197666666666667,16.124333333333333,12.012333333333334,17.128,0.0,3.5080275579457894,3.026607097794971,4.935227613965637,12.0,5.0,5.0,6.0,0.2848380244700686,0.03448376554971672,0.07702873851322552,0.02063595493884956,4.0,2.0,6.0,6.926666666666666,2.8146666666666675,7.9303333333333335,3.5080275579457894,3.026607097794971,4.935227613965637,5.668883353855833,-0.35144557346441013,4.9665683962513345
1,4,1.1428571428571428,1.6582280766035322,3.14560338704768,"(1, 0, 1, 1, 0, 0, 1, 0, 1, 0, 0, 1, 1, 1, 0, 0, 1, 1, 0, 0, 1, 1, 0, 0, 0)",6.0,11.0,9.0,14.0,8.436333333333334,15.096,14.249,16.577333333333332,0.0,3.14560338704768,3.686277863802465,4.147615339469974,1.0,2.0,1.0,29.0,0.17337899347073998,0.08015980590654327,0.03460210512253032,0.033618639218647245,5.0,3.0,8.0,6.659666666666666,5.812666666666667,8.140999999999998,3.14560338704768,3.686277863802465,4.147615339469974,5.8271183932256925,3.5260376146847925,6.6219425647687515
1,5,1.4285714285714284,1.6582280766035322,2.842295047080488,"(0, 0, 1, 1, 0, 0, 0, 0, 1, 0, 1, 1, 1, 0, 1, 1, 0, 0, 0, 1, 0, 1, 1, 0, 1)",7.0,12.0,10.0,12.0,12.540333333333333,17.961,16.726666666666667,18.32133333333333,0.0,3.152586369725823,2.842295047080488,3.436677688760822,2.0,12.0,1.0,2.0,0.08191224751395873,0.0700249895143051,0.04496975165157895,0.015184464682009914,5.0,3.0,5.0,5.420666666666666,4.186333333333334,5.780999999999999,3.152586369725823,2.842295047080488,3.436677688760822,3.7609944283785812,2.228722022294564,3.887421077104887
1,6,1.7142857142857142,1.6582280766035322,3.223015001090457,"(0, 0, 0, 1, 0, 0, 1, 1, 1, 0, 0, 0, 0, 0, 0, 0, 0, 1, 0, 0, 0, 1, 0, 0, 0)",4.0,7.0,8.0,11.0,4.3773333333333335,10.706666666666667,13.379666666666667,14.791666666666666,0.0,3.223015001090457,4.352618391629189,5.9054200120735505,2.0,2.0,2.0,2.0,0.3017013654566933,0.11378107341296351,0.028439184911975356,0.021762165722408945,3.0,4.0,7.0,6.3293333333333335,9.002333333333333,10.414333333333332,3.223015001090457,4.352618391629189,5.9054200120735505,5.150984273393397,7.710287864536767,7.476806664284651
1,7,2.0,1.6582280766035322,3.4645451328259638,"(0, 0, 0, 0, 1, 1, 0, 1, 1, 0, 0, 0, 0, 1, 0, 1, 1, 1, 0, 0, 0, 1, 0, 0, 1)",7.0,10.0,9.0,12.0,8.816,14.982333333333333,13.187666666666667,17.809666666666665,0.0,3.4645451328259638,3.8570569309362237,4.802486456433526,6.0,2.0,1.0,5.0,0.1624794424347335,0.03948756050311595,0.08771653362602927,0.013444146327865277,3.0,2.0,5.0,6.166333333333332,4.371666666666666,8.993666666666664,3.4645451328259638,3.8570569309362237,4.802486456433526,4.4801810511174525,0.8533403122817436,6.949932698713686
2,0,0.0,1.6582280766035322,2.6375867910237814,"(0, 1, 1, 0, 0, 0, 0, 1, 0, 1, 1, 1, 0, 1, 1, 1, 1, 1, 0, 1, 1, 0, 0, 1, 0)",9.0,12.0,12.0,14.0,13.406666666666666,16.490666666666666,16.581333333333333,17.688,0.0,2.8821662199446005,2.6375867910237814,3.4482760729188415,2.0,3.0,1.0,1.0,0.08555737086534734,0.047318110868562316,0.06669702141955515,0.024863254933731132,3.0,3.0,5.0,3.0839999999999996,3.174666666666667,4.2813333333333325,2.8821662199446005,2.6375867910237814,3.4482760729188415,0.3346864408948848,0.8906009291697665,1.3813989386377292
2,1,0.2857142857142857,1.6582280766035322,2.17478454722194,"(1, 0, 0, 1, 1, 0, 0, 1, 1, 0, 0, 0, 0, 0, 0, 1, 0, 0, 0, 1, 1, 0, 1, 0, 1)",6.0,9.0,8.0,13.0,7.297666666666666,12.203333333333333,11.876666666666667,17.921666666666667,0.0,2.866284079922021,2.17478454722194,4.141756266932645,10.0,8.0,1.0,12.0,0.276311167029042,0.14292144821170963,0.036586952234119174,0.051837874182107904,3.0,2.0,7.0,4.905666666666667,4.579000000000001,10.624,2.866284079922021,2.17478454722194,4.141756266932645,3.3817614642763107,3.9867375660006537,10.749038557559581
2,2,0.5714285714285714,1.6582280766035322,3.2970088228197865,"(0, 1, 0, 0, 1, 0, 1, 0, 0, 0, 1, 1, 1, 1, 1, 0, 0, 0, 1, 0, 0, 0, 1, 1, 1)",6.0,10.0,10.0,14.0,7.872333333333334,14.904666666666667,15.688333333333333,18.410333333333334,0.0,3.2970088228197865,3.9618753701339733,4.182576314751699,1.0,3.0,4.0,20.0,0.16299481221245984,0.07731647167234333,0.02358003755137609,0.006634447454751002,4.0,4.0,8.0,7.032333333333334,7.815999999999999,10.538,3.2970088228197865,3.9618753701339733,4.182576314751699,6.19401997855891,6.3910176719730405,10.538741993589822
2,3,0.8571428571428571,1.6582280766035322,2.2839420165534676,"(0, 0, 1, 1, 1, 1, 1, 1, 1, 0, 0, 1, 0, 0, 0, 0, 1, 1, 0, 0, 1, 0, 0, 1, 0)",8.0,10.0,12.0,13.0,10.145666666666667,14.492,14.909666666666666,19.155,0.0,2.3088799243499447,2.2839420165534676,3.81783983692455,13.0,1.0,3.0,5.0,0.15621328417043528,0.054313654290968946,0.025474191096352603,0.020023106997956733,2.0,4.0,5.0,4.346333333333334,4.763999999999999,9.009333333333334,2.3088799243499447,2.2839420165534676,3.81783983692455,3.3785624475478353,4.112501779755777,8.608680275249684
2,4,1.1428571428571428,1.6582280766035322,2.1472671735285225,"(1, 1, 1, 1, 0, 0, 0, 0, 1, 0, 0, 1, 1, 1, 0, 0, 1, 1, 0, 0, 1, 1, 0, 0, 0)",6.0,9.0,9.0,11.0,7.443666666666667,14.623,13.473666666666666,16.626666666666665,0.0,2.1472671735285225,3.0551654702253632,4.762191514172056,4.0,2.0,4.0,3.0,0.2707793699780803,0.07425556243478325,0.01632014708201121,0.08375170086428577,3.0,3.0,5.0,7.179333333333332,6.029999999999999,9.182999999999998,2.1472671735285225,3.0551654702253632,4.762191514172056,8.344313389514852,4.932954140521968,7.330708752487043
2,5,1.4285714285714284,1.6582280766035322,2.842295047080488,"(0, 0, 1, 1, 0, 0, 0, 0, 1, 0, 1, 1, 1, 0, 1, 1, 0, 0, 0, 1, 0, 1, 1, 0, 1)",7.0,12.0,10.0,12.0,12.540333333333333,17.961,16.726666666666667,18.32133333333333,0.0,3.152586369725823,2.842295047080488,3.436677688760822,2.0,12.0,1.0,2.0,0.08191224751395873,0.0700249895143051,0.04496975165157895,0.015184464682009914,5.0,3.0,5.0,5.420666666666666,4.186333333333334,5.780999999999999,3.152586369725823,2.842295047080488,3.436677688760822,3.7609944283785812,2.228722022294564,3.887421077104887
2,6,1.7142857142857142,1.6582280766035322,3.223015001090457,"(0, 0, 0, 1, 0, 0, 1, 1, 1, 0, 0, 0, 0, 0, 0, 0, 0, 1, 0, 0, 0, 1, 0, 0, 0)",4.0,7.0,8.0,11.0,4.3773333333333335,10.706666666666667,13.379666666666667,14.791666666666666,0.0,3.223015001090457,4.352618391629189,5.9054200120735505,2.0,2.0,2.0,2.0,0.3017013654566933,0.11378107341296351,0.028439184911975356,0.021762165722408945,3.0,4.0,7.0,6.3293333333333335,9.002333333333333,10.414333333333332,3.223015001090457,4.352618391629189,5.9054200120735505,5.150984273393397,7.710287864536767,7.476806664284651
2,7,2.0,1.6582280766035322,2.6680797628768795,"(0, 0, 0, 0, 1, 1, 0, 1, 0, 1, 0, 0, 0, 1, 0, 1, 1, 1, 0, 0, 0, 1, 0, 0, 1)",7.0,11.0,11.0,13.0,9.654,16.971,16.168666666666667,16.637666666666668,0.0,2.6680797628768795,3.0194951418219818,3.6800687208934058,6.0,4.0,7.0,14.0,0.14792201375877695,0.03971680806699779,0.017991415897315392,0.032512982011336546,4.0,4.0,6.0,7.317,6.514666666666667,6.983666666666668,2.6680797628768795,3.0194951418219818,3.6800687208934058,7.708970063087909,5.795791555042637,5.478118867490977
3,0,0.0,1.6582280766035322,0.6290119713467356,"(0, 1, 1, 0, 0, 0, 0, 1, 0, 1, 1, 1, 0, 1, 1, 1, 1, 1, 0, 1, 1, 0, 0, 0, 1)",8.0,11.0,12.0,14.0,10.594666666666667,16.702,16.003,16.467666666666666,0.0,0.6808592358752064,0.6290119713467356,1.914645411515658,6.0,3.0,8.0,45.0,0.11212412817092803,0.042661857240727685,0.03376936056625401,0.057237403996541696,3.0,4.0,6.0,6.107333333333335,5.408333333333333,5.872999999999999,0.6808592358752064,0.6290119713467356,1.914645411515658,8.998331705366882,7.925204869557209,6.563854715777155
3,1,0.2857142857142857,1.6582280766035322,2.9488730505150778,"(1, 0, 0, 1, 1, 1, 1, 1, 1, 0, 0, 0, 0, 0, 0, 1, 0, 0, 0, 1, 1, 0, 1, 0, 1)",7.0,9.0,10.0,14.0,7.832333333333334,12.044333333333332,13.636333333333333,17.977333333333334,0.0,3.0018258004279503,2.9488730505150778,4.693098677646911,10.0,3.0,6.0,23.0,0.3589616933067706,0.047779196834710484,0.05259523919418194,0.030846102849541767,2.0,3.0,7.0,4.211999999999999,5.803999999999999,10.145,3.0018258004279503,2.9488730505150778,4.693098677646911,2.006744835311577,4.734451669903292,9.040495843597816
3,2,0.5714285714285714,1.6582280766035322,3.2970088228197865,"(0, 1, 0, 0, 1, 0, 1, 0, 0, 0, 1, 1, 1, 1, 1, 0, 0, 0, 1, 0, 0, 0, 1, 1, 1)",6.0,10.0,10.0,14.0,7.872333333333334,14.904666666666667,15.688333333333333,18.410333333333334,0.0,3.2970088228197865,3.9618753701339733,4.182576314751699,1.0,3.0,4.0,20.0,0.16299481221245984,0.07731647167234333,0.02358003755137609,0.006634447454751002,4.0,4.0,8.0,7.032333333333334,7.815999999999999,10.538,3.2970088228197865,3.9618753701339733,4.182576314751699,6.19401997855891,6.3910176719730405,10.538741993589822
3,3,0.8571428571428571,1.6582280766035322,2.2839420165534676,"(0, 0, 1, 1, 1, 1, 1, 1, 1, 0, 0, 1, 0, 0, 0, 0, 1, 1, 0, 0, 1, 0, 0, 1, 0)",8.0,10.0,12.0,13.0,10.145666666666667,14.492,14.909666666666666,19.155,0.0,2.3088799243499447,2.2839420165534676,3.81783983692455,13.0,1.0,3.0,5.0,0.15621328417043528,0.054313654290968946,0.025474191096352603,0.020023106997956733,2.0,4.0,5.0,4.346333333333334,4.763999999999999,9.009333333333334,2.3088799243499447,2.2839420165534676,3.81783983692455,3.3785624475478353,4.112501779755777,8.608680275249684
3,4,1.1428571428571428,1.6582280766035322,3.1255848892117957,"(1, 1, 1, 1, 0, 0, 0, 0, 1, 0, 0, 1, 1, 1, 0, 1, 1, 1, 0, 0, 0, 1, 0, 0, 0)",7.0,10.0,10.0,12.0,9.084666666666667,14.927333333333333,14.812666666666667,16.391,0.0,3.1255848892117957,3.661828212050767,4.437215660670578,8.0,3.0,4.0,1.0,0.3013982680156212,0.05744127364990159,0.0074396894296236485,0.00870222099563096,3.0,3.0,5.0,5.842666666666666,5.728,7.306333333333331,3.1255848892117957,3.661828212050767,4.437215660670578,4.505541289803497,3.4261840698635373,4.75765147988876
3,5,1.4285714285714284,1.6582280766035322,2.842295047080488,"(0, 0, 1, 1, 0, 0, 0, 0, 1, 0, 1, 1, 1, 0, 1, 1, 0, 0, 0, 1, 0, 1, 1, 0, 1)",7.0,12.0,10.0,12.0,12.540333333333333,17.961,16.726666666666667,18.32133333333333,0.0,3.152586369725823,2.842295047080488,3.436677688760822,2.0,12.0,1.0,2.0,0.08191224751395873,0.0700249895143051,0.04496975165157895,0.015184464682009914,5.0,3.0,5.0,5.420666666666666,4.186333333333334,5.780999999999999,3.152586369725823,2.842295047080488,3.436677688760822,3.7609944283785812,2.228722022294564,3.887421077104887
3,6,1.7142857142857142,1.6582280766035322,3.223015001090457,"(0, 0, 0, 1, 0, 0, 1, 1, 1, 0, 0, 0, 0, 0, 0, 0, 0, 1, 0, 0, 0, 1, 0, 0, 0)",4.0,7.0,8.0,11.0,4.3773333333333335,10.706666666666667,13.379666666666667,14.791666666666666,0.0,3.223015001090457,4.352618391629189,5.9054200120735505,2.0,2.0,2.0,2.0,0.3017013654566933,0.11378107341296351,0.028439184911975356,0.021762165722408945,3.0,4.0,7.0,6.3293333333333335,9.002333333333333,10.414333333333332,3.223015001090457,4.352618391629189,5.9054200120735505,5.150984273393397,7.710287864536767,7.476806664284651
3,7,2.0,1.6582280766035322,2.6680797628768795,"(0, 0, 0, 0, 1, 1, 0, 1, 0, 1, 0, 0, 0, 1, 0, 1, 1, 1, 0, 0, 0, 1, 0, 0, 1)",7.0,11.0,11.0,13.0,9.654,16.971,16.168666666666667,16.637666666666668,0.0,2.6680797628768795,3.0194951418219818,3.6800687208934058,6.0,4.0,7.0,14.0,0.14792201375877695,0.03971680806699779,0.017991415897315392,0.032512982011336546,4.0,4.0,6.0,7.317,6.514666666666667,6.983666666666668,2.6680797628768795,3.0194951418219818,3.6800687208934058,7.708970063087909,5.795791555042637,5.478118867490977
4,0,0.0,1.6582280766035322,1.2485996797914434,"(0, 1, 0, 0, 0, 0, 0, 1, 0, 1, 1, 1, 0, 1, 1, 1, 1, 1, 0, 1, 1, 0, 1, 0, 1)",9.0,11.0,13.0,14.0,12.452666666666667,17.961,17.047,19.766666666666666,0.0,1.2485996797914434,1.6161551453488192,2.7857402572901035,20.0,2.0,40.0,5.0,0.1116077190962537,0.03502011074326218,0.01122601566146654,0.018554568879482067,2.0,4.0,5.0,5.508333333333331,4.594333333333333,7.313999999999998,1.2485996797914434,1.6161551453488192,2.7857402572901035,7.063609943156102,4.938498688444153,7.508887443515034
4,1,0.2857142857142857,1.6582280766035322,2.9488730505150778,"(1, 0, 0, 1, 1, 1, 1, 1, 1, 0, 0, 0, 0, 0, 0, 1, 0, 0, 0, 1, 1, 0, 1, 0, 1)",7.0,9.0,10.0,14.0,7.832333333333334,12.044333333333332,13.636333333333333,17.977333333333334,0.0,3.0018258004279503,2.9488730505150778,4.693098677646911,10.0,3.0,6.0,23.0,0.3589616933067706,0.047779196834710484,0.05259523919418194,0.030846102849541767,2.0,3.0,7.0,4.211999999999999,5.803999999999999,10.145,3.0018258004279503,2.9488730505150778,4.693098677646911,2.006744835311577,4.734451669903292,9.040495843597816
4,2,0.5714285714285714,1.6582280766035322,3.2970088228197865,"(0, 1, 0, 0, 1, 0, 1, 0, 0, 0, 1, 1, 1, 1, 1, 0, 0, 0, 1, 0, 0, 0, 1, 1, 1)",6.0,10.0,10.0,14.0,7.872333333333334,14.904666666666667,15.688333333333333,18.410333333333334,0.0,3.2970088228197865,3.9618753701339733,4.182576314751699,1.0,3.0,4.0,20.0,0.16299481221245984,0.07731647167234333,0.02358003755137609,0.006634447454751002,4.0,4.0,8.0,7.032333333333334,7.815999999999999,10.538,3.2970088228197865,3.9618753701339733,4.182576314751699,6.19401997855891,6.3910176719730405,10.538741993589822
4,3,0.8571428571428571,1.6582280766035322,2.2839420165534676,"(0, 0, 1, 1, 1, 1, 1, 1, 1, 0, 0, 1, 0, 0, 0, 0, 1, 1, 0, 0, 1, 0, 0, 1, 0)",8.0,10.0,12.0,13.0,10.145666666666667,14.492,14.909666666666666,19.155,0.0,2.3088799243499447,2.2839420165534676,3.81783983692455,13.0,1.0,3.0,5.0,0.15621328417043528,0.054313654290968946,0.025474191096352603,0.020023106997956733,2.0,4.0,5.0,4.346333333333334,4.763999999999999,9.009333333333334,2.3088799243499447,2.2839420165534676,3.81783983692455,3.3785624475478353,4.112501779755777,8.608680275249684
4,4,1.1428571428571428,1.6582280766035322,3.1255848892117957,"(1, 1, 1, 1, 0, 0, 0, 0, 1, 0, 0, 1, 1, 1, 0, 1, 1, 1, 0, 0, 0, 1, 0, 0, 0)",7.0,10.0,10.0,12.0,9.084666666666667,14.927333333333333,14.812666666666667,16.391,0.0,3.1255848892117957,3.661828212050767,4.437215660670578,8.0,3.0,4.0,1.0,0.3013982680156212,0.05744127364990159,0.0074396894296236485,0.00870222099563096,3.0,3.0,5.0,5.842666666666666,5.728,7.306333333333331,3.1255848892117957,3.661828212050767,4.437215660670578,4.505541289803497,3.4261840698635373,4.75765147988876
4,5,1.4285714285714284,1.6582280766035322,2.842295047080488,"(0, 0, 1, 1, 0, 0, 0, 0, 1, 0, 1, 1, 1, 0, 1, 1, 0, 0, 0, 1, 0, 1, 1, 0, 1)",7.0,12.0,10.0,12.0,12.540333333333333,17.961,16.726666666666667,18.32133333333333,0.0,3.152586369725823,2.842295047080488,3.436677688760822,2.0,12.0,1.0,2.0,0.08191224751395873,0.0700249895143051,0.04496975165157895,0.015184464682009914,5.0,3.0,5.0,5.420666666666666,4.186333333333334,5.780999999999999,3.152586369725823,2.842295047080488,3.436677688760822,3.7609944283785812,2.228722022294564,3.887421077104887
4,6,1.7142857142857142,1.6582280766035322,3.8333903313318096,"(0, 0, 0, 1, 0, 0, 1, 0, 1, 0, 0, 0, 1, 0, 0, 0, 0, 1, 0, 0, 0, 1, 0, 0, 0)",4.0,8.0,7.0,12.0,4.5456666666666665,10.722666666666667,10.486333333333333,15.567,0.0,3.8333903313318096,3.9484437227134843,6.785275829519383,1.0,1.0,1.0,17.0,0.29189970089337575,0.06935072720711144,0.03091470933223412,0.016920246918386228,4.0,3.0,8.0,6.1770000000000005,5.940666666666666,11.021333333333335,3.8333903313318096,3.9484437227134843,6.785275829519383,3.8862393531850956,3.3035600205169113,7.024349486931368
4,7,2.0,1.6582280766035322,2.6680797628768795,"(0, 0, 0, 0, 1, 1, 0, 1, 0, 1, 0, 0, 0, 1, 0, 1, 1, 1, 0, 0, 0, 1, 0, 0, 1)",7.0,11.0,11.0,13.0,9.654,16.971,16.168666666666667,16.637666666666668,0.0,2.6680797628768795,3.0194951418219818,3.6800687208934058,6.0,4.0,7.0,14.0,0.14792201375877695,0.03971680806699779,0.017991415897315392,0.032512982011336546,4.0,4.0,6.0,7.317,6.514666666666667,6.983666666666668,2.6680797628768795,3.0194951418219818,3.6800687208934058,7.708970063087909,5.795791555042637,5.478118867490977
5,0,0.0,1.6582280766035322,1.2485996797914434,"(0, 1, 0, 0, 0, 0, 0, 1, 0, 1, 1, 1, 0, 1, 1, 1, 1, 1, 0, 1, 1, 0, 1, 0, 1)",9.0,11.0,13.0,14.0,12.452666666666667,17.961,17.047,19.766666666666666,0.0,1.2485996797914434,1.6161551453488192,2.7857402572901035,20.0,2.0,40.0,5.0,0.1116077190962537,0.03502011074326218,0.01122601566146654,0.018554568879482067,2.0,4.0,5.0,5.508333333333331,4.594333333333333,7.313999999999998,1.2485996797914434,1.6161551453488192,2.7857402572901035,7.063609943156102,4.938498688444153,7.508887443515034
5,1,0.2857142857142857,1.6582280766035322,2.9488730505150778,"(1, 0, 0, 1, 1, 1, 1, 1, 1, 0, 0, 0, 0, 0, 0, 1, 0, 0, 0, 1, 1, 0, 1, 0, 1)",7.0,9.0,10.0,14.0,7.832333333333334,12.044333333333332,13.636333333333333,17.977333333333334,0.0,3.0018258004279503,2.9488730505150778,4.693098677646911,10.0,3.0,6.0,23.0,0.3589616933067706,0.047779196834710484,0.05259523919418194,0.030846102849541767,2.0,3.0,7.0,4.211999999999999,5.803999999999999,10.145,3.0018258004279503,2.9488730505150778,4.693098677646911,2.006744835311577,4.734451669903292,9.040495843597816
5,2,0.5714285714285714,1.6582280766035322,3.2970088228197865,"(0, 1, 0, 0, 1, 0, 1, 0, 0, 0, 1, 1, 1, 1, 1, 0, 0, 0, 1, 0, 0, 0, 1, 1, 1)",6.0,10.0,10.0,14.0,7.872333333333334,14.904666666666667,15.688333333333333,18.410333333333334,0.0,3.2970088228197865,3.9618753701339733,4.182576314751699,1.0,3.0,4.0,20.0,0.16299481221245984,0.07731647167234333,0.02358003755137609,0.006634447454751002,4.0,4.0,8.0,7.032333333333334,7.815999999999999,10.538,3.2970088228197865,3.9618753701339733,4.182576314751699,6.19401997855891,6.3910176719730405,10.538741993589822
5,3,0.8571428571428571,1.6582280766035322,2.870236190171257,"(0, 0, 1, 1, 1, 1, 1, 1, 1, 0, 0, 1, 0, 0, 0, 0, 1, 0, 1, 0, 1, 0, 0, 1, 0)",7.0,11.0,10.0,14.0,10.237666666666666,16.163333333333334,15.453,19.748333333333335,0.0,2.8793472322143727,2.870236190171257,3.8243345635579122,4.0,16.0,1.0,4.0,0.1716132645097981,0.05697620209371755,0.08560534060253015,0.018141297413383793,4.0,3.0,7.0,5.925666666666668,5.215333333333334,9.510666666666669,2.8793472322143727,2.870236190171257,3.8243345635579122,5.05149241651179,3.8887059251540883,9.429235546266952
5,4,1.1428571428571428,1.6582280766035322,3.1255848892117957,"(1, 1, 1, 1, 0, 0, 0, 0, 1, 0, 0, 1, 1, 1, 0, 1, 1, 1, 0, 0, 0, 1, 0, 0, 0)",7.0,10.0,10.0,12.0,9.084666666666667,14.927333333333333,14.812666666666667,16.391,0.0,3.1255848892117957,3.661828212050767,4.437215660670578,8.0,3.0,4.0,1.0,0.3013982680156212,0.05744127364990159,0.0074396894296236485,0.00870222099563096,3.0,3.0,5.0,5.842666666666666,5.728,7.306333333333331,3.1255848892117957,3.661828212050767,4.437215660670578,4.505541289803497,3.4261840698635373,4.75765147988876
5,5,1.4285714285714284,1.6582280766035322,2.842295047080488,"(0, 0, 1, 1, 0, 0, 0, 0, 1, 0, 1, 1, 1, 0, 1, 1, 0, 0, 0, 1, 0, 1, 1, 0, 1)",7.0,12.0,10.0,12.0,12.540333333333333,17.961,16.726666666666667,18.32133333333333,0.0,3.152586369725823,2.842295047080488,3.436677688760822,2.0,12.0,1.0,2.0,0.08191224751395873,0.0700249895143051,0.04496975165157895,0.015184464682009914,5.0,3.0,5.0,5.420666666666666,4.186333333333334,5.780999999999999,3.152586369725823,2.842295047080488,3.436677688760822,3.7609944283785812,2.228722022294564,3.887421077104887
5,6,1.7142857142857142,1.6582280766035322,3.8333903313318096,"(0, 0, 0, 1, 0, 0, 1, 0, 1, 0, 0, 0, 1, 0, 0, 0, 0, 1, 0, 0, 0, 1, 0, 0, 0)",4.0,8.0,7.0,12.0,4.5456666666666665,10.722666666666667,10.486333333333333,15.567,0.0,3.8333903313318096,3.9484437227134843,6.785275829519383,1.0,1.0,1.0,17.0,0.29189970089337575,0.06935072720711144,0.03091470933223412,0.016920246918386228,4.0,3.0,8.0,6.1770000000000005,5.940666666666666,11.021333333333335,3.8333903313318096,3.9484437227134843,6.785275829519383,3.8862393531850956,3.3035600205169113,7.024349486931368
5,7,2.0,1.6582280766035322,2.65761450123787,"(0, 1, 0, 0, 1, 1, 1, 1, 0, 1, 0, 0, 0, 1, 0, 1, 1, 1, 0, 0, 0, 1, 0, 0, 1)",7.0,11.0,10.0,13.0,10.226,17.014333333333333,15.953666666666667,16.677,0.0,2.65761450123787,2.945224948746551,3.0947234222305604,2.0,6.0,2.0,9.0,0.15068695729840906,0.03359985631717781,0.012859520345548523,0.015967142039283885,4.0,3.0,6.0,6.788333333333332,5.727666666666666,6.450999999999999,2.65761450123787,2.945224948746551,3.0947234222305604,6.849673943935648,4.6139229781681,5.565472054104101
6,0,0.0,1.6582280766035322,1.2485996797914434,"(0, 1, 0, 0, 0, 0, 0, 1, 0, 1, 1, 1, 0, 1, 1, 1, 1, 1, 0, 1, 1, 0, 1, 0, 1)",9.0,11.0,13.0,14.0,12.452666666666667,17.961,17.047,19.766666666666666,0.0,1.2485996797914434,1.6161551453488192,2.7857402572901035,20.0,2.0,40.0,5.0,0.1116077190962537,0.03502011074326218,0.01122601566146654,0.018554568879482067,2.0,4.0,5.0,5.508333333333331,4.594333333333333,7.313999999999998,1.2485996797914434,1.6161551453488192,2.7857402572901035,7.063609943156102,4.938498688444153,7.508887443515034
6,1,0.2857142857142857,1.6582280766035322,2.731000306005781,"(1, 0, 0, 1, 1, 1, 1, 1, 1, 0, 0, 0, 0, 0, 0, 1, 0, 0, 0, 1, 1, 1, 0, 0, 1)",6.0,10.0,9.0,12.0,9.042666666666667,14.191333333333333,13.639,16.487333333333332,0.0,2.731000306005781,2.8348882950049923,4.368132036523635,1.0,3.0,1.0,8.0,0.15038221918021094,0.07737764159487169,0.02026644019054172,0.017372465143844964,4.0,3.0,6.0,5.148666666666665,4.596333333333332,7.444666666666665,2.731000306005781,2.8348882950049923,4.368132036523635,4.00904223910776,2.9208776179500378,5.101596102346236
6,2,0.5714285714285714,1.6582280766035322,3.2970088228197865,"(0, 1, 0, 0, 1, 0, 1, 0, 0, 0, 1, 1, 1, 1, 1, 0, 0, 0, 1, 0, 0, 0, 1, 1, 1)",6.0,10.0,10.0,14.0,7.872333333333334,14.904666666666667,15.688333333333333,18.410333333333334,0.0,3.2970088228197865,3.9618753701339733,4.182576314751699,1.0,3.0,4.0,20.0,0.16299481221245984,0.07731647167234333,0.02358003755137609,0.006634447454751002,4.0,4.0,8.0,7.032333333333334,7.815999999999999,10.538,3.2970088228197865,3.9618753701339733,4.182576314751699,6.19401997855891,6.3910176719730405,10.538741993589822
6,3,0.8571428571428571,1.6582280766035322,2.870236190171257,"(0, 0, 1, 1, 1, 1, 1, 1, 1, 0, 0, 1, 0, 0, 0, 0, 1, 0, 1, 0, 1, 0, 0, 1, 0)",7.0,11.0,10.0,14.0,10.237666666666666,16.163333333333334,15.453,19.748333333333335,0.0,2.8793472322143727,2.870236190171257,3.8243345635579122,4.0,16.0,1.0,4.0,0.1716132645097981,0.05697620209371755,0.08560534060253015,0.018141297413383793,4.0,3.0,7.0,5.925666666666668,5.215333333333334,9.510666666666669,2.8793472322143727,2.870236190171257,3.8243345635579122,5.05149241651179,3.8887059251540883,9.429235546266952
6,4,1.1428571428571428,1.6582280766035322,3.1255848892117957,"(1, 1, 1, 1, 0, 0, 0, 0, 1, 0, 0, 1, 1, 1, 0, 1, 1, 1, 0, 0, 0, 1, 0, 0, 0)",7.0,10.0,10.0,12.0,9.084666666666667,14.927333333333333,14.812666666666667,16.391,0.0,3.1255848892117957,3.661828212050767,4.437215660670578,8.0,3.0,4.0,1.0,0.3013982680156212,0.05744127364990159,0.0074396894296236485,0.00870222099563096,3.0,3.0,5.0,5.842666666666666,5.728,7.306333333333331,3.1255848892117957,3.661828212050767,4.437215660670578,4.505541289803497,3.4261840698635373,4.75765147988876
6,5,1.4285714285714284,1.6582280766035322,2.842295047080488,"(0, 0, 1, 1, 0, 0, 0, 0, 1, 0, 1, 1, 1, 0, 1, 1, 0, 0, 0, 1, 0, 1, 1, 0, 1)",7.0,12.0,10.0,12.0,12.540333333333333,17.961,16.726666666666667,18.32133333333333,0.0,3.152586369725823,2.842295047080488,3.436677688760822,2.0,12.0,1.0,2.0,0.08191224751395873,0.0700249895143051,0.04496975165157895,0.015184464682009914,5.0,3.0,5.0,5.420666666666666,4.186333333333334,5.780999999999999,3.152586369725823,2.842295047080488,3.436677688760822,3.7609944283785812,2.228722022294564,3.887421077104887
6,6,1.7142857142857142,1.6582280766035322,3.8333903313318096,"(0, 0, 0, 1, 0, 0, 1, 0, 1, 0, 0, 0, 1, 0, 0, 0, 0, 1, 0, 0, 0, 1, 0, 0, 0)",4.0,8.0,7.0,12.0,4.5456666666666665,10.722666666666667,10.486333333333333,15.567,0.0,3.8333903313318096,3.9484437227134843,6.785275829519383,1.0,1.0,1.0,17.0,0.29189970089337575,0.06935072720711144,0.03091470933223412,0.016920246918386228,4.0,3.0,8.0,6.1770000000000005,5.940666666666666,11.021333333333335,3.8333903313318096,3.9484437227134843,6.785275829519383,3.8862393531850956,3.3035600205169113,7.024349486931368
6,7,2.0,1.6582280766035322,2.65761450123787,"(0, 1, 0, 0, 1, 1, 1, 1, 0, 1, 0, 0, 0, 1, 0, 1, 1, 1, 0, 0, 0, 1, 0, 0, 1)",7.0,11.0,10.0,13.0,10.226,17.014333333333333,15.953666666666667,16.677,0.0,2.65761450123787,2.945224948746551,3.0947234222305604,2.0,6.0,2.0,9.0,0.15068695729840906,0.03359985631717781,0.012859520345548523,0.015967142039283885,4.0,3.0,6.0,6.788333333333332,5.727666666666666,6.450999999999999,2.65761450123787,2.945224948746551,3.0947234222305604,6.849673943935648,4.6139229781681,5.565472054104101
7,0,0.0,1.6582280766035322,2.933921360691036,"(0, 1, 1, 0, 0, 0, 0, 1, 0, 1, 1, 1, 0, 1, 1, 1, 1, 1, 0, 1, 1, 0, 0, 0, 1)",8.0,11.0,13.0,14.0,11.826333333333332,13.334333333333333,16.235,18.027,0.0,3.1006561937935224,2.933921360691036,4.222346151455573,6.0,24.0,49.0,11.0,0.13346158950136422,0.08176494427329511,0.04866982093208685,0.041574057035641425,3.0,5.0,6.0,1.508000000000001,4.408666666666667,6.2006666666666685,3.1006561937935224,2.933921360691036,4.222346151455573,-2.6409872169249335,2.445464072208058,3.280506622843803
7,1,0.2857142857142857,1.6582280766035322,3.5460009809000095,"(1, 0, 0, 1, 1, 1, 1, 0, 0, 0, 0, 0, 0, 0, 0, 1, 0, 0, 0, 1, 1, 1, 0, 0, 1)",6.0,9.0,9.0,12.0,7.964666666666667,11.508,13.243,15.777666666666667,0.0,3.5460009809000095,4.161728702877511,5.781568799507672,9.0,14.0,4.0,8.0,0.26923533106872216,0.030991709845622818,0.0799350150904457,0.03392925265572834,3.0,3.0,6.0,3.543333333333332,5.278333333333333,7.813,3.5460009809000095,4.161728702877511,5.781568799507672,-0.004423568093547503,1.8515851486873562,3.3685762523447975
7,2,0.5714285714285714,1.6582280766035322,3.2970088228197865,"(0, 1, 0, 0, 1, 0, 1, 0, 0, 0, 1, 1, 1, 1, 1, 0, 0, 0, 1, 0, 0, 0, 1, 1, 1)",6.0,10.0,10.0,14.0,7.872333333333334,14.904666666666667,15.688333333333333,18.410333333333334,0.0,3.2970088228197865,3.9618753701339733,4.182576314751699,1.0,3.0,4.0,20.0,0.16299481221245984,0.07731647167234333,0.02358003755137609,0.006634447454751002,4.0,4.0,8.0,7.032333333333334,7.815999999999999,10.538,3.2970088228197865,3.9618753701339733,4.182576314751699,6.19401997855891,6.3910176719730405,10.538741993589822
7,3,0.8571428571428571,1.6582280766035322,2.870236190171257,"(0, 0, 1, 1, 1, 1, 1, 1, 1, 0, 0, 1, 0, 0, 0, 0, 1, 0, 1, 0, 1, 0, 0, 1, 0)",7.0,11.0,10.0,14.0,10.237666666666666,16.163333333333334,15.453,19.748333333333335,0.0,2.8793472322143727,2.870236190171257,3.8243345635579122,4.0,16.0,1.0,4.0,0.1716132645097981,0.05697620209371755,0.08560534060253015,0.018141297413383793,4.0,3.0,7.0,5.925666666666668,5.215333333333334,9.510666666666669,2.8793472322143727,2.870236190171257,3.8243345635579122,5.05149241651179,3.8887059251540883,9.429235546266952
7,4,1.1428571428571428,1.6582280766035322,3.1255848892117957,"(1, 1, 1, 1, 0, 0, 0, 0, 1, 0, 0, 1, 1, 1, 0, 1, 1, 1, 0, 0, 0, 1, 0, 0, 0)",7.0,10.0,10.0,12.0,9.084666666666667,14.927333333333333,14.812666666666667,16.391,0.0,3.1255848892117957,3.661828212050767,4.437215660670578,8.0,3.0,4.0,1.0,0.3013982680156212,0.05744127364990159,0.0074396894296236485,0.00870222099563096,3.0,3.0,5.0,5.842666666666666,5.728,7.306333333333331,3.1255848892117957,3.661828212050767,4.437215660670578,4.505541289803497,3.4261840698635373,4.75765147988876
7,5,1.4285714285714284,1.6582280766035322,2.842295047080488,"(0, 0, 1, 1, 0, 0, 0, 0, 1, 0, 1, 1, 1, 0, 1, 1, 0, 0, 0, 1, 0, 1, 1, 0, 1)",7.0,12.0,10.0,12.0,12.540333333333333,17.961,16.726666666666667,18.32133333333333,0.0,3.152586369725823,2.842295047080488,3.436677688760822,2.0,12.0,1.0,2.0,0.08191224751395873,0.0700249895143051,0.04496975165157895,0.015184464682009914,5.0,3.0,5.0,5.420666666666666,4.186333333333334,5.780999999999999,3.152586369725823,2.842295047080488,3.436677688760822,3.7609944283785812,2.228722022294564,3.887421077104887
7,6,1.7142857142857142,1.6582280766035322,3.8333903313318096,"(0, 0, 0, 1, 0, 0, 1, 0, 1, 0, 0, 0, 1, 0, 0, 0, 0, 1, 0, 0, 0, 1, 0, 0, 0)",4.0,8.0,7.0,12.0,4.5456666666666665,10.722666666666667,10.486333333333333,15.567,0.0,3.8333903313318096,3.9484437227134843,6.785275829519383,1.0,1.0,1.0,17.0,0.29189970089337575,0.06935072720711144,0.03091470933223412,0.016920246918386228,4.0,3.0,8.0,6.1770000000000005,5.940666666666666,11.021333333333335,3.8333903313318096,3.9484437227134843,6.785275829519383,3.8862393531850956,3.3035600205169113,7.024349486931368
7,7,2.0,1.6582280766035322,2.65761450123787,"(0, 1, 0, 0, 1, 1, 1, 1, 0, 1, 0, 0, 0, 1, 0, 1, 1, 1, 0, 0, 0, 1, 0, 0, 1)",7.0,11.0,10.0,13.0,10.226,17.014333333333333,15.953666666666667,16.677,0.0,2.65761450123787,2.945224948746551,3.0947234222305604,2.0,6.0,2.0,9.0,0.15068695729840906,0.03359985631717781,0.012859520345548523,0.015967142039283885,4.0,3.0,6.0,6.788333333333332,5.727666666666666,6.450999999999999,2.65761450123787,2.945224948746551,3.0947234222305604,6.849673943935648,4.6139229781681,5.565472054104101
8,0,0.0,1.6582280766035322,2.933921360691036,"(0, 1, 1, 0, 0, 0, 0, 1, 0, 1, 1, 1, 0, 1, 1, 1, 1, 1, 0, 1, 1, 0, 0, 0, 1)",8.0,11.0,13.0,14.0,11.826333333333332,13.334333333333333,16.235,18.027,0.0,3.1006561937935224,2.933921360691036,4.222346151455573,6.0,24.0,49.0,11.0,0.13346158950136422,0.08176494427329511,0.04866982093208685,0.041574057035641425,3.0,5.0,6.0,1.508000000000001,4.408666666666667,6.2006666666666685,3.1006561937935224,2.933921360691036,4.222346151455573,-2.6409872169249335,2.445464072208058,3.280506622843803
8,1,0.2857142857142857,1.6582280766035322,3.5460009809000095,"(1, 0, 0, 1, 1, 1, 1, 0, 0, 0, 0, 0, 0, 0, 0, 1, 0, 0, 0, 1, 1, 1, 0, 0, 1)",6.0,9.0,9.0,12.0,7.964666666666667,11.508,13.243,15.777666666666667,0.0,3.5460009809000095,4.161728702877511,5.781568799507672,9.0,14.0,4.0,8.0,0.26923533106872216,0.030991709845622818,0.0799350150904457,0.03392925265572834,3.0,3.0,6.0,3.543333333333332,5.278333333333333,7.813,3.5460009809000095,4.161728702877511,5.781568799507672,-0.004423568093547503,1.8515851486873562,3.3685762523447975
8,2,0.5714285714285714,1.6582280766035322,3.2970088228197865,"(0, 1, 0, 0, 1, 0, 1, 0, 0, 0, 1, 1, 1, 1, 1, 0, 0, 0, 1, 0, 0, 0, 1, 1, 1)",6.0,10.0,10.0,14.0,7.872333333333334,14.904666666666667,15.688333333333333,18.410333333333334,0.0,3.2970088228197865,3.9618753701339733,4.182576314751699,1.0,3.0,4.0,20.0,0.16299481221245984,0.07731647167234333,0.02358003755137609,0.006634447454751002,4.0,4.0,8.0,7.032333333333334,7.815999999999999,10.538,3.2970088228197865,3.9618753701339733,4.182576314751699,6.19401997855891,6.3910176719730405,10.538741993589822
8,3,0.8571428571428571,1.6582280766035322,1.9916608932956896,"(0, 0, 1, 1, 1, 1, 0, 1, 1, 0, 0, 0, 0, 0, 0, 0, 1, 0, 1, 0, 1, 0, 0, 1, 0)",7.0,10.0,9.0,12.0,11.043,14.220666666666666,12.654333333333334,15.465666666666667,0.0,2.4465589165990544,1.9916608932956896,3.9071722683624635,5.0,3.0,4.0,13.0,0.3686847675487844,0.018876950269441806,0.027791339767267983,0.011145888487329118,3.0,2.0,5.0,3.177666666666667,1.6113333333333344,4.422666666666668,2.4465589165990544,1.9916608932956896,3.9071722683624635,1.2123433981845533,-0.6306698382356909,0.8548072845998764
8,4,1.1428571428571428,1.6582280766035322,3.1255848892117957,"(1, 1, 1, 1, 0, 0, 0, 0, 1, 0, 0, 1, 1, 1, 0, 1, 1, 1, 0, 0, 0, 1, 0, 0, 0)",7.0,10.0,10.0,12.0,9.084666666666667,14.927333333333333,14.812666666666667,16.391,0.0,3.1255848892117957,3.661828212050767,4.437215660670578,8.0,3.0,4.0,1.0,0.3013982680156212,0.05744127364990159,0.0074396894296236485,0.00870222099563096,3.0,3.0,5.0,5.842666666666666,5.728,7.306333333333331,3.1255848892117957,3.661828212050767,4.437215660670578,4.505541289803497,3.4261840698635373,4.75765147988876
8,5,1.4285714285714284,1.6582280766035322,3.3395792224974805,"(0, 1, 0, 1, 0, 0, 0, 0, 1, 0, 1, 1, 1, 0, 1, 1, 0, 0, 0, 1, 0, 1, 1, 0, 1)",7.0,10.0,10.0,14.0,9.407666666666668,15.032333333333334,14.404666666666667,19.403666666666666,0.0,3.463439647441561,3.3395792224974805,4.585221728885648,2.0,1.0,2.0,8.0,0.13619267023193368,0.03192685006057353,0.07490714032226095,0.08882468848445435,3.0,3.0,7.0,5.624666666666666,4.997,9.995999999999999,3.463439647441561,3.3395792224974805,4.585221728885648,3.5838073231932315,2.7483816680007336,8.972304445438136
8,6,1.7142857142857142,1.6582280766035322,3.8333903313318096,"(0, 0, 0, 1, 0, 0, 1, 0, 1, 0, 0, 0, 1, 0, 0, 0, 0, 1, 0, 0, 0, 1, 0, 0, 0)",4.0,8.0,7.0,12.0,4.5456666666666665,10.722666666666667,10.486333333333333,15.567,0.0,3.8333903313318096,3.9484437227134843,6.785275829519383,1.0,1.0,1.0,17.0,0.29189970089337575,0.06935072720711144,0.03091470933223412,0.016920246918386228,4.0,3.0,8.0,6.1770000000000005,5.940666666666666,11.021333333333335,3.8333903313318096,3.9484437227134843,6.785275829519383,3.8862393531850956,3.3035600205169113,7.024349486931368
8,7,2.0,1.6582280766035322,2.65761450123787,"(0, 1, 0, 0, 1, 1, 1, 1, 0, 1, 0, 0, 0, 1, 0, 1, 1, 1, 0, 0, 0, 1, 0, 0, 1)",7.0,11.0,10.0,13.0,10.226,17.014333333333333,15.953666666666667,16.677,0.0,2.65761450123787,2.945224948746551,3.0947234222305604,2.0,6.0,2.0,9.0,0.15068695729840906,0.03359985631717781,0.012859520345548523,0.015967142039283885,4.0,3.0,6.0,6.788333333333332,5.727666666666666,6.450999999999999,2.65761450123787,2.945224948746551,3.0947234222305604,6.849673943935648,4.6139229781681,5.565472054104101
9,0,0.0,1.6582280766035322,2.933921360691036,"(0, 1, 1, 0, 0, 0, 0, 1, 0, 1, 1, 1, 0, 1, 1, 1, 1, 1, 0, 1, 1, 0, 0, 0, 1)",8.0,11.0,13.0,14.0,11.826333333333332,13.334333333333333,16.235,18.027,0.0,3.1006561937935224,2.933921360691036,4.222346151455573,6.0,24.0,49.0,11.0,0.13346158950136422,0.08176494427329511,0.04866982093208685,0.041574057035641425,3.0,5.0,6.0,1.508000000000001,4.408666666666667,6.2006666666666685,3.1006561937935224,2.933921360691036,4.222346151455573,-2.6409872169249335,2.445464072208058,3.280506622843803
9,1,0.2857142857142857,1.6582280766035322,3.5460009809000095,"(1, 0, 0, 1, 1, 1, 1, 0, 0, 0, 0, 0, 0, 0, 0, 1, 0, 0, 0, 1, 1, 1, 0, 0, 1)",6.0,9.0,9.0,12.0,7.964666666666667,11.508,13.243,15.777666666666667,0.0,3.5460009809000095,4.161728702877511,5.781568799507672,9.0,14.0,4.0,8.0,0.26923533106872216,0.030991709845622818,0.0799350150904457,0.03392925265572834,3.0,3.0,6.0,3.543333333333332,5.278333333333333,7.813,3.5460009809000095,4.161728702877511,5.781568799507672,-0.004423568093547503,1.8515851486873562,3.3685762523447975
9,2,0.5714285714285714,1.6582280766035322,3.2970088228197865,"(0, 1, 0, 0, 1, 0, 1, 0, 0, 0, 1, 1, 1, 1, 1, 0, 0, 0, 1, 0, 0, 0, 1, 1, 1)",6.0,10.0,10.0,14.0,7.872333333333334,14.904666666666667,15.688333333333333,18.410333333333334,0.0,3.2970088228197865,3.9618753701339733,4.182576314751699,1.0,3.0,4.0,20.0,0.16299481221245984,0.07731647167234333,0.02358003755137609,0.006634447454751002,4.0,4.0,8.0,7.032333333333334,7.815999999999999,10.538,3.2970088228197865,3.9618753701339733,4.182576314751699,6.19401997855891,6.3910176719730405,10.538741993589822
9,3,0.8571428571428571,1.6582280766035322,1.704833497934296,"(0, 0, 1, 1, 1, 1, 0, 1, 1, 1, 0, 0, 0, 0, 1, 0, 1, 0, 1, 0, 1, 0, 0, 1, 0)",8.0,11.0,12.0,14.0,11.043,16.453,17.311333333333334,19.562,0.0,2.2901419470843254,1.704833497934296,3.1957187244739225,16.0,5.0,2.0,2.0,0.19836837138790264,0.013771492536359082,0.038655481649181485,0.008876416079270071,3.0,4.0,6.0,5.41,6.268333333333334,8.519000000000002,2.2901419470843254,1.704833497934296,3.1957187244739225,5.173436218362401,7.5673235546342825,8.827214470735209
9,4,1.1428571428571428,1.6582280766035322,3.1255848892117957,"(1, 1, 1, 1, 0, 0, 0, 0, 1, 0, 0, 1, 1, 1, 0, 1, 1, 1, 0, 0, 0, 1, 0, 0, 0)",7.0,10.0,10.0,12.0,9.084666666666667,14.927333333333333,14.812666666666667,16.391,0.0,3.1255848892117957,3.661828212050767,4.437215660670578,8.0,3.0,4.0,1.0,0.3013982680156212,0.05744127364990159,0.0074396894296236485,0.00870222099563096,3.0,3.0,5.0,5.842666666666666,5.728,7.306333333333331,3.1255848892117957,3.661828212050767,4.437215660670578,4.505541289803497,3.4261840698635373,4.75765147988876
9,5,1.4285714285714284,1.6582280766035322,3.3395792224974805,"(0, 1, 0, 1, 0, 0, 0, 0, 1, 0, 1, 1, 1, 0, 1, 1, 0, 0, 0, 1, 0, 1, 1, 0, 1)",7.0,10.0,10.0,14.0,9.407666666666668,15.032333333333334,14.404666666666667,19.403666666666666,0.0,3.463439647441561,3.3395792224974805,4.585221728885648,2.0,1.0,2.0,8.0,0.13619267023193368,0.03192685006057353,0.07490714032226095,0.08882468848445435,3.0,3.0,7.0,5.624666666666666,4.997,9.995999999999999,3.463439647441561,3.3395792224974805,4.585221728885648,3.5838073231932315,2.7483816680007336,8.972304445438136
9,6,1.7142857142857142,1.6582280766035322,3.8333903313318096,"(0, 0, 0, 1, 0, 0, 1, 0, 1, 0, 0, 0, 1, 0, 0, 0, 0, 1, 0, 0, 0, 1, 0, 0, 0)",4.0,8.0,7.0,12.0,4.5456666666666665,10.722666666666667,10.486333333333333,15.567,0.0,3.8333903313318096,3.9484437227134843,6.785275829519383,1.0,1.0,1.0,17.0,0.29189970089337575,0.06935072720711144,0.03091470933223412,0.016920246918386228,4.0,3.0,8.0,6.1770000000000005,5.940666666666666,11.021333333333335,3.8333903313318096,3.9484437227134843,6.785275829519383,3.8862393531850956,3.3035600205169113,7.024349486931368
9,7,2.0,1.6582280766035322,2.65761450123787,"(0, 1, 0, 0, 1, 1, 1, 1, 0, 1, 0, 0, 0, 1, 0, 1, 1, 1, 0, 0, 0, 1, 0, 0, 1)",7.0,11.0,10.0,13.0,10.226,17.014333333333333,15.953666666666667,16.677,0.0,2.65761450123787,2.945224948746551,3.0947234222305604,2.0,6.0,2.0,9.0,0.15068695729840906,0.03359985631717781,0.012859520345548523,0.015967142039283885,4.0,3.0,6.0,6.788333333333332,5.727666666666666,6.450999999999999,2.65761450123787,2.945224948746551,3.0947234222305604,6.849673943935648,4.6139229781681,5.565472054104101
10,0,0.0,1.6582280766035322,3.5460009809000095,"(1, 0, 0, 1, 1, 1, 1, 0, 0, 0, 0, 0, 0, 0, 0, 1, 0, 0, 0, 1, 1, 1, 0, 0, 1)",6.0,9.0,9.0,12.0,7.964666666666667,11.508,13.243,15.777666666666667,0.0,3.5460009809000095,4.161728702877511,5.781568799507672,9.0,14.0,4.0,8.0,0.26923533106872216,0.030991709845622818,0.0799350150904457,0.03392925265572834,3.0,3.0,6.0,3.543333333333332,5.278333333333333,7.813,3.5460009809000095,4.161728702877511,5.781568799507672,-0.004423568093547503,1.8515851486873562,3.3685762523447975
10,1,0.2857142857142857,1.6582280766035322,3.2970088228197865,"(0, 1, 0, 0, 1, 0, 1, 0, 0, 0, 1, 1, 1, 1, 1, 0, 0, 0, 1, 0, 0, 0, 1, 1, 1)",6.0,10.0,10.0,14.0,7.872333333333334,14.904666666666667,15.688333333333333,18.410333333333334,0.0,3.2970088228197865,3.9618753701339733,4.182576314751699,1.0,3.0,4.0,20.0,0.16299481221245984,0.07731647167234333,0.02358003755137609,0.006634447454751002,4.0,4.0,8.0,7.032333333333334,7.815999999999999,10.538,3.2970088228197865,3.9618753701339733,4.182576314751699,6.19401997855891,6.3910176719730405,10.538741993589822
10,2,0.5714285714285714,1.6582280766035322,1.704833497934296,"(0, 0, 1, 1, 1, 1, 0, 1, 1, 1, 0, 0, 0, 0, 1, 0, 1, 0, 1, 0, 1, 0, 0, 1, 0)",8.0,11.0,12.0,14.0,11.043,16.453,17.311333333333334,19.562,0.0,2.2901419470843254,1.704833497934296,3.1957187244739225,16.0,5.0,2.0,2.0,0.19836837138790264,0.013771492536359082,0.038655481649181485,0.008876416079270071,3.0,4.0,6.0,5.41,6.268333333333334,8.519000000000002,2.2901419470843254,1.704833497934296,3.1957187244739225,5.173436218362401,7.5673235546342825,8.827214470735209
10,3,0.8571428571428571,1.6582280766035322,3.1255848892117957,"(1, 1, 1, 1, 0, 0, 0, 0, 1, 0, 0, 1, 1, 1, 0, 1, 1, 1, 0, 0, 0, 1, 0, 0, 0)",7.0,10.0,10.0,12.0,9.084666666666667,14.927333333333333,14.812666666666667,16.391,0.0,3.1255848892117957,3.661828212050767,4.437215660670578,8.0,3.0,4.0,1.0,0.3013982680156212,0.05744127364990159,0.0074396894296236485,0.00870222099563096,3.0,3.0,5.0,5.842666666666666,5.728,7.306333333333331,3.1255848892117957,3.661828212050767,4.437215660670578,4.505541289803497,3.4261840698635373,4.75765147988876
10,4,1.1428571428571428,1.6582280766035322,3.3395792224974805,"(0, 1, 0, 1, 0, 0, 0, 0, 1, 0, 1, 1, 1, 0, 1, 1, 0, 0, 0, 1, 0, 1, 1, 0, 1)",7.0,10.0,10.0,14.0,9.407666666666668,15.032333333333334,14.404666666666667,19.403666666666666,0.0,3.463439647441561,3.3395792224974805,4.585221728885648,2.0,1.0,2.0,8.0,0.13619267023193368,0.03192685006057353,0.07490714032226095,0.08882468848445435,3.0,3.0,7.0,5.624666666666666,4.997,9.995999999999999,3.463439647441561,3.3395792224974805,4.585221728885648,3.5838073231932315,2.7483816680007336,8.972304445438136
10,5,1.4285714285714284,1.6582280766035322,3.7420588138237685,"(0, 1, 0, 1, 0, 0, 0, 0, 1, 0, 0, 0, 1, 0, 0, 0, 0, 1, 0, 0, 0, 1, 0, 0, 0)",3.0,8.0,7.0,11.0,5.029,11.256,9.107666666666667,16.239,0.0,5.202064148625757,3.7420588138237685,6.835114795599523,1.0,6.0,2.0,10.0,0.22672438045127458,0.03542042494550234,0.027201587828910377,0.03829511339519972,5.0,4.0,8.0,6.227,4.078666666666667,11.21,5.202064148625757,3.7420588138237685,6.835114795599523,1.699577405466315,0.5581725923893243,7.254557477854255
10,6,1.7142857142857142,1.6582280766035322,2.65761450123787,"(0, 1, 0, 0, 1, 1, 1, 1, 0, 1, 0, 0, 0, 1, 0, 1, 1, 1, 0, 0, 0, 1, 0, 0, 1)",7.0,11.0,10.0,13.0,10.226,17.014333333333333,15.953666666666667,16.677,0.0,2.65761450123787,2.945224948746551,3.0947234222305604,2.0,6.0,2.0,9.0,0.15068695729840906,0.03359985631717781,0.012859520345548523,0.015967142039283885,4.0,3.0,6.0,6.788333333333332,5.727666666666666,6.450999999999999,2.65761450123787,2.945224948746551,3.0947234222305604,6.849673943935648,4.6139229781681,5.565472054104101
10,7,2.0,1.6582280766035322,2.933921360691036,"(0, 1, 1, 0, 0, 0, 0, 1, 0, 1, 1, 1, 0, 1, 1, 1, 1, 1, 0, 1, 1, 0, 0, 0, 1)",8.0,11.0,13.0,14.0,11.826333333333332,13.334333333333333,16.235,18.027,0.0,3.1006561937935224,2.933921360691036,4.222346151455573,6.0,24.0,49.0,11.0,0.13346158950136422,0.08176494427329511,0.04866982093208685,0.041574057035641425,3.0,5.0,6.0,1.508000000000001,4.408666666666667,6.2006666666666685,3.1006561937935224,2.933921360691036,4.222346151455573,-2.6409872169249335,2.445464072208058,3.280506622843803
11,0,0.0,1.6582280766035322,2.9920606795323956,"(1, 1, 0, 1, 1, 1, 1, 0, 0, 0, 0, 0, 0, 0, 0, 1, 0, 0, 0, 1, 1, 0, 0, 0, 1)",5.0,8.0,8.0,11.0,6.472666666666667,10.090666666666667,11.487333333333334,14.959,0.0,3.508709273932837,2.9920606795323956,4.652122019398396,4.0,8.0,4.0,2.0,0.4608326231179612,0.06384915371223202,0.016725093156054954,0.02023542938298099,3.0,3.0,6.0,3.6180000000000003,5.014666666666667,8.486333333333333,3.508709273932837,2.9920606795323956,4.652122019398396,0.18122895047695586,3.353942035772451,6.357996852397831
11,1,0.2857142857142857,1.6582280766035322,3.2970088228197865,"(0, 1, 0, 0, 1, 0, 1, 0, 0, 0, 1, 1, 1, 1, 1, 0, 0, 0, 1, 0, 0, 0, 1, 1, 1)",6.0,10.0,10.0,14.0,7.872333333333334,14.904666666666667,15.688333333333333,18.410333333333334,0.0,3.2970088228197865,3.9618753701339733,4.182576314751699,1.0,3.0,4.0,20.0,0.16299481221245984,0.07731647167234333,0.02358003755137609,0.006634447454751002,4.0,4.0,8.0,7.032333333333334,7.815999999999999,10.538,3.2970088228197865,3.9618753701339733,4.182576314751699,6.19401997855891,6.3910176719730405,10.538741993589822
11,2,0.5714285714285714,1.6582280766035322,2.532151122486409,"(0, 0, 1, 1, 1, 1, 0, 1, 1, 1, 0, 0, 0, 0, 1, 0, 1, 0, 1, 0, 1, 1, 1, 1, 0)",10.0,12.0,12.0,14.0,11.673,15.627,16.838333333333335,18.533333333333335,0.0,2.8444968054710897,2.532151122486409,3.5894004946160076,64.0,12.0,1.0,1.0,0.15087487250500373,0.05799015458686877,0.010759982426219318,0.013253319998873612,2.0,2.0,4.0,3.9540000000000006,5.165333333333335,6.860333333333335,2.8444968054710897,2.532151122486409,3.5894004946160076,1.8398093482491507,4.3664166728393345,5.423952669845566
11,3,0.8571428571428571,1.6582280766035322,3.1255848892117957,"(1, 1, 1, 1, 0, 0, 0, 0, 1, 0, 0, 1, 1, 1, 0, 1, 1, 1, 0, 0, 0, 1, 0, 0, 0)",7.0,10.0,10.0,12.0,9.084666666666667,14.927333333333333,14.812666666666667,16.391,0.0,3.1255848892117957,3.661828212050767,4.437215660670578,8.0,3.0,4.0,1.0,0.3013982680156212,0.05744127364990159,0.0074396894296236485,0.00870222099563096,3.0,3.0,5.0,5.842666666666666,5.728,7.306333333333331,3.1255848892117957,3.661828212050767,4.437215660670578,4.505541289803497,3.4261840698635373,4.75765147988876
11,4,1.1428571428571428,1.6582280766035322,2.29853442362758,"(0, 1, 0, 1, 0, 0, 0, 0, 1, 0, 1, 1, 1, 0, 1, 1, 0, 0, 0, 1, 1, 0, 1, 0, 1)",7.0,9.0,11.0,12.0,10.573,12.483666666666666,16.735333333333333,17.386,0.0,2.29853442362758,2.811175633509562,3.9066471628048722,5.0,2.0,3.0,6.0,0.1729410100078086,0.043106804603294975,0.022460220914354328,0.011277417040142422,2.0,4.0,5.0,1.9106666666666658,6.162333333333333,6.812999999999999,2.29853442362758,2.811175633509562,3.9066471628048722,-0.6431732046018233,5.5569837869738885,4.819395875153294
11,5,1.4285714285714284,1.6582280766035322,3.7420588138237685,"(0, 1, 0, 1, 0, 0, 0, 0, 1, 0, 0, 0, 1, 0, 0, 0, 0, 1, 0, 0, 0, 1, 0, 0, 0)",3.0,8.0,7.0,11.0,5.029,11.256,9.107666666666667,16.239,0.0,5.202064148625757,3.7420588138237685,6.835114795599523,1.0,6.0,2.0,10.0,0.22672438045127458,0.03542042494550234,0.027201587828910377,0.03829511339519972,5.0,4.0,8.0,6.227,4.078666666666667,11.21,5.202064148625757,3.7420588138237685,6.835114795599523,1.699577405466315,0.5581725923893243,7.254557477854255
11,6,1.7142857142857142,1.6582280766035322,2.65761450123787,"(0, 1, 0, 0, 1, 1, 1, 1, 0, 1, 0, 0, 0, 1, 0, 1, 1, 1, 0, 0, 0, 1, 0, 0, 1)",7.0,11.0,10.0,13.0,10.226,17.014333333333333,15.953666666666667,16.677,0.0,2.65761450123787,2.945224948746551,3.0947234222305604,2.0,6.0,2.0,9.0,0.15068695729840906,0.03359985631717781,0.012859520345548523,0.015967142039283885,4.0,3.0,6.0,6.788333333333332,5.727666666666666,6.450999999999999,2.65761450123787,2.945224948746551,3.0947234222305604,6.849673943935648,4.6139229781681,5.565472054104101
11,7,2.0,1.6582280766035322,2.933921360691036,"(0, 1, 1, 0, 0, 0, 0, 1, 0, 1, 1, 1, 0, 1, 1, 1, 1, 1, 0, 1, 1, 0, 0, 0, 1)",8.0,11.0,13.0,14.0,11.826333333333332,13.334333333333333,16.235,18.027,0.0,3.1006561937935224,2.933921360691036,4.222346151455573,6.0,24.0,49.0,11.0,0.13346158950136422,0.08176494427329511,0.04866982093208685,0.041574057035641425,3.0,5.0,6.0,1.508000000000001,4.408666666666667,6.2006666666666685,3.1006561937935224,2.933921360691036,4.222346151455573,-2.6409872169249335,2.445464072208058,3.280506622843803
12,0,0.0,1.6582280766035322,2.9920606795323956,"(1, 1, 0, 1, 1, 1, 1, 0, 0, 0, 0, 0, 0, 0, 0, 1, 0, 0, 0, 1, 1, 0, 0, 0, 1)",5.0,8.0,8.0,11.0,6.472666666666667,10.090666666666667,11.487333333333334,14.959,0.0,3.508709273932837,2.9920606795323956,4.652122019398396,4.0,8.0,4.0,2.0,0.4608326231179612,0.06384915371223202,0.016725093156054954,0.02023542938298099,3.0,3.0,6.0,3.6180000000000003,5.014666666666667,8.486333333333333,3.508709273932837,2.9920606795323956,4.652122019398396,0.18122895047695586,3.353942035772451,6.357996852397831
12,1,0.2857142857142857,1.6582280766035322,1.8959995580320728,"(0, 1, 0, 0, 1, 0, 1, 1, 0, 0, 1, 1, 0, 1, 1, 0, 0, 0, 1, 0, 0, 0, 1, 1, 1)",7.0,11.0,11.0,14.0,11.128,16.600666666666665,18.436,19.239333333333335,0.0,1.8959995580320728,2.039150702933974,3.2336645102935324,3.0,7.0,6.0,17.0,0.09385965023639306,0.043717708672568696,0.07230700706888463,0.017658921713559855,4.0,4.0,7.0,5.472666666666665,7.308,8.111333333333334,1.8959995580320728,2.039150702933974,3.2336645102935324,5.930929820202257,8.73695383578767,8.088287390738305
12,2,0.5714285714285714,1.6582280766035322,2.532151122486409,"(0, 0, 1, 1, 1, 1, 0, 1, 1, 1, 0, 0, 0, 0, 1, 0, 1, 0, 1, 0, 1, 1, 1, 1, 0)",10.0,12.0,12.0,14.0,11.673,15.627,16.838333333333335,18.533333333333335,0.0,2.8444968054710897,2.532151122486409,3.5894004946160076,64.0,12.0,1.0,1.0,0.15087487250500373,0.05799015458686877,0.010759982426219318,0.013253319998873612,2.0,2.0,4.0,3.9540000000000006,5.165333333333335,6.860333333333335,2.8444968054710897,2.532151122486409,3.5894004946160076,1.8398093482491507,4.3664166728393345,5.423952669845566
12,3,0.8571428571428571,1.6582280766035322,3.1255848892117957,"(1, 1, 1, 1, 0, 0, 0, 0, 1, 0, 0, 1, 1, 1, 0, 1, 1, 1, 0, 0, 0, 1, 0, 0, 0)",7.0,10.0,10.0,12.0,9.084666666666667,14.927333333333333,14.812666666666667,16.391,0.0,3.1255848892117957,3.661828212050767,4.437215660670578,8.0,3.0,4.0,1.0,0.3013982680156212,0.05744127364990159,0.0074396894296236485,0.00870222099563096,3.0,3.0,5.0,5.842666666666666,5.728,7.306333333333331,3.1255848892117957,3.661828212050767,4.437215660670578,4.505541289803497,3.4261840698635373,4.75765147988876
12,4,1.1428571428571428,1.6582280766035322,2.443417495631712,"(0, 1, 1, 1, 0, 0, 0, 0, 1, 0, 1, 1, 1, 0, 1, 1, 0, 0, 0, 1, 1, 0, 0, 0, 1)",6.0,8.0,10.0,12.0,7.571,12.649,12.675666666666666,18.057,0.0,2.443417495631712,3.6391841864269256,4.5581465493459925,3.0,1.0,9.0,17.0,0.20997127377066058,0.05871466129852242,0.06530199520039742,0.01258255644080744,2.0,4.0,6.0,5.077999999999999,5.104666666666667,10.485999999999999,2.443417495631712,3.6391841864269256,4.5581465493459925,4.368738678871942,2.4301041945041195,9.829733025865604
12,5,1.4285714285714284,1.6582280766035322,3.7420588138237685,"(0, 1, 0, 1, 0, 0, 0, 0, 1, 0, 0, 0, 1, 0, 0, 0, 0, 1, 0, 0, 0, 1, 0, 0, 0)",3.0,8.0,7.0,11.0,5.029,11.256,9.107666666666667,16.239,0.0,5.202064148625757,3.7420588138237685,6.835114795599523,1.0,6.0,2.0,10.0,0.22672438045127458,0.03542042494550234,0.027201587828910377,0.03829511339519972,5.0,4.0,8.0,6.227,4.078666666666667,11.21,5.202064148625757,3.7420588138237685,6.835114795599523,1.699577405466315,0.5581725923893243,7.254557477854255
12,6,1.7142857142857142,1.6582280766035322,3.037836986824858,"(0, 1, 0, 0, 1, 0, 1, 1, 0, 1, 1, 0, 0, 1, 0, 1, 1, 1, 0, 0, 0, 1, 0, 0, 1)",7.0,10.0,11.0,15.0,9.595666666666666,15.999666666666666,15.850333333333333,19.316666666666666,0.0,3.1820291304637385,3.037836986824858,3.947411936354709,2.0,4.0,5.0,14.0,0.1335244274596652,0.06758443907741642,0.02606429806850556,0.008372360047669454,3.0,4.0,8.0,6.404,6.254666666666667,9.721,3.1820291304637385,3.037836986824858,3.947411936354709,5.3427625578637254,5.3342372927652395,9.573925829879643
12,7,2.0,1.6582280766035322,2.933921360691036,"(0, 1, 1, 0, 0, 0, 0, 1, 0, 1, 1, 1, 0, 1, 1, 1, 1, 1, 0, 1, 1, 0, 0, 0, 1)",8.0,11.0,13.0,14.0,11.826333333333332,13.334333333333333,16.235,18.027,0.0,3.1006561937935224,2.933921360691036,4.222346151455573,6.0,24.0,49.0,11.0,0.13346158950136422,0.08176494427329511,0.04866982093208685,0.041574057035641425,3.0,5.0,6.0,1.508000000000001,4.408666666666667,6.2006666666666685,3.1006561937935224,2.933921360691036,4.222346151455573,-2.6409872169249335,2.445464072208058,3.280506622843803
13,0,0.0,1.6582280766035322,2.8497847105598137,"(1, 1, 0, 1, 1, 1, 1, 0, 0, 0, 0, 0, 0, 0, 0, 0, 0, 0, 0, 1, 0, 0, 0, 0, 1)",4.0,8.0,7.0,11.0,6.125333333333334,10.964333333333334,10.898333333333333,14.627333333333333,0.0,2.86213850973051,2.8497847105598137,4.923371283217921,2.0,4.0,2.0,12.0,0.2686743177732065,0.10449267189885991,0.08638734939509006,0.019215160869609213,4.0,3.0,7.0,4.839,4.773,8.501999999999999,2.86213850973051,2.8497847105598137,4.923371283217921,3.278087226721169,3.189129590302905,5.934182613907712
13,1,0.2857142857142857,1.6582280766035322,1.8959995580320728,"(0, 1, 0, 0, 1, 0, 1, 1, 0, 0, 1, 1, 0, 1, 1, 0, 0, 0, 1, 0, 0, 0, 1, 1, 1)",7.0,11.0,11.0,14.0,11.128,16.600666666666665,18.436,19.239333333333335,0.0,1.8959995580320728,2.039150702933974,3.2336645102935324,3.0,7.0,6.0,17.0,0.09385965023639306,0.043717708672568696,0.07230700706888463,0.017658921713559855,4.0,4.0,7.0,5.472666666666665,7.308,8.111333333333334,1.8959995580320728,2.039150702933974,3.2336645102935324,5.930929820202257,8.73695383578767,8.088287390738305
13,2,0.5714285714285714,1.6582280766035322,2.532151122486409,"(0, 0, 1, 1, 1, 1, 0, 1, 1, 1, 0, 0, 0, 0, 1, 0, 1, 0, 1, 0, 1, 1, 1, 1, 0)",10.0,12.0,12.0,14.0,11.673,15.627,16.838333333333335,18.533333333333335,0.0,2.8444968054710897,2.532151122486409,3.5894004946160076,64.0,12.0,1.0,1.0,0.15087487250500373,0.05799015458686877,0.010759982426219318,0.013253319998873612,2.0,2.0,4.0,3.9540000000000006,5.165333333333335,6.860333333333335,2.8444968054710897,2.532151122486409,3.5894004946160076,1.8398093482491507,4.3664166728393345,5.423952669845566
13,3,0.8571428571428571,1.6582280766035322,2.8899230423918216,"(1, 1, 1, 1, 0, 0, 0, 0, 1, 0, 0, 1, 1, 1, 0, 1, 1, 1, 0, 0, 1, 1, 0, 0, 1)",8.0,11.0,13.0,13.0,12.593333333333334,14.872333333333334,16.953666666666667,16.273333333333333,0.0,3.171066400401747,2.8899230423918216,4.088094163898111,13.0,14.0,14.0,18.0,0.1990300653736395,0.050238424651334795,0.020626331256375387,0.04025712819756731,3.0,5.0,5.0,2.279,4.360333333333333,3.6799999999999997,3.171066400401747,2.8899230423918216,4.088094163898111,-1.4792495513408255,2.438275628565983,-0.6767132004738917
13,4,1.1428571428571428,1.6582280766035322,2.9143450570089127,"(0, 1, 1, 1, 0, 1, 1, 0, 1, 0, 1, 1, 1, 0, 1, 1, 0, 0, 0, 1, 1, 0, 0, 0, 1)",7.0,10.0,11.0,12.0,10.934666666666667,13.514,14.495333333333333,16.255666666666666,0.0,3.5432096303043954,2.9143450570089127,4.387975499173659,3.0,3.0,26.0,1.0,0.2279893807460925,0.0639608501925113,0.055685103701421886,0.07160501442415709,3.0,4.0,5.0,2.5793333333333326,3.560666666666666,5.321,3.5432096303043954,2.9143450570089127,4.387975499173659,-1.5983267380100605,1.0717486396500755,1.547167423429234
13,5,1.4285714285714284,1.6582280766035322,3.7420588138237685,"(0, 1, 0, 1, 0, 0, 0, 0, 1, 0, 0, 0, 1, 0, 0, 0, 0, 1, 0, 0, 0, 1, 0, 0, 0)",3.0,8.0,7.0,11.0,5.029,11.256,9.107666666666667,16.239,0.0,5.202064148625757,3.7420588138237685,6.835114795599523,1.0,6.0,2.0,10.0,0.22672438045127458,0.03542042494550234,0.027201587828910377,0.03829511339519972,5.0,4.0,8.0,6.227,4.078666666666667,11.21,5.202064148625757,3.7420588138237685,6.835114795599523,1.699577405466315,0.5581725923893243,7.254557477854255
13,6,1.7142857142857142,1.6582280766035322,3.037836986824858,"(0, 1, 0, 0, 1, 0, 1, 1, 0, 1, 1, 0, 0, 1, 0, 1, 1, 1, 0, 0, 0, 1, 0, 0, 1)",7.0,10.0,11.0,15.0,9.595666666666666,15.999666666666666,15.850333333333333,19.316666666666666,0.0,3.1820291304637385,3.037836986824858,3.947411936354709,2.0,4.0,5.0,14.0,0.1335244274596652,0.06758443907741642,0.02606429806850556,0.008372360047669454,3.0,4.0,8.0,6.404,6.254666666666667,9.721,3.1820291304637385,3.037836986824858,3.947411936354709,5.3427625578637254,5.3342372927652395,9.573925829879643
13,7,2.0,1.6582280766035322,2.933921360691036,"(0, 1, 1, 0, 0, 0, 0, 1, 0, 1, 1, 1, 0, 1, 1, 1, 1, 1, 0, 1, 1, 0, 0, 0, 1)",8.0,11.0,13.0,14.0,11.826333333333332,13.334333333333333,16.235,18.027,0.0,3.1006561937935224,2.933921360691036,4.222346151455573,6.0,24.0,49.0,11.0,0.13346158950136422,0.08176494427329511,0.04866982093208685,0.041574057035641425,3.0,5.0,6.0,1.508000000000001,4.408666666666667,6.2006666666666685,3.1006561937935224,2.933921360691036,4.222346151455573,-2.6409872169249335,2.445464072208058,3.280506622843803
14,0,0.0,1.6582280766035322,2.8497847105598137,"(1, 1, 0, 1, 1, 1, 1, 0, 0, 0, 0, 0, 0, 0, 0, 0, 0, 0, 0, 1, 0, 0, 0, 0, 1)",4.0,8.0,7.0,11.0,6.125333333333334,10.964333333333334,10.898333333333333,14.627333333333333,0.0,2.86213850973051,2.8497847105598137,4.923371283217921,2.0,4.0,2.0,12.0,0.2686743177732065,0.10449267189885991,0.08638734939509006,0.019215160869609213,4.0,3.0,7.0,4.839,4.773,8.501999999999999,2.86213850973051,2.8497847105598137,4.923371283217921,3.278087226721169,3.189129590302905,5.934182613907712
14,1,0.2857142857142857,1.6582280766035322,2.3222655098794163,"(1, 1, 0, 0, 1, 1, 1, 1, 0, 0, 1, 1, 0, 1, 1, 0, 0, 0, 1, 0, 0, 0, 1, 1, 1)",8.0,11.0,12.0,13.0,10.231333333333334,15.842666666666666,16.926333333333332,17.993,0.0,2.93228155737084,2.3222655098794163,3.980954205393116,7.0,3.0,10.0,1.0,0.16078792632362235,0.026887755895253846,0.030801680581842135,0.042297028801980455,3.0,4.0,5.0,5.611333333333333,6.6949999999999985,7.761666666666665,2.93228155737084,2.3222655098794163,3.980954205393116,4.442478873575562,7.25099110305058,6.269283552848643
14,2,0.5714285714285714,1.6582280766035322,1.8500942774447648,"(1, 0, 1, 1, 1, 1, 0, 1, 1, 1, 0, 0, 0, 0, 1, 0, 1, 0, 1, 0, 0, 1, 1, 1, 0)",7.0,11.0,11.0,13.0,11.520333333333333,16.753666666666668,15.317333333333334,19.014666666666667,0.0,2.3138085466887395,1.8500942774447648,3.071148946408182,1.0,2.0,2.0,2.0,0.14769198210997006,0.04532040432806373,0.10392223000485813,0.014508107439503658,4.0,4.0,6.0,5.233333333333334,3.7970000000000006,7.4943333333333335,2.3138085466887395,1.8500942774447648,3.071148946408182,4.841237971554004,3.2284137316411785,7.334648538393668
14,3,0.8571428571428571,1.6582280766035322,2.8899230423918216,"(1, 1, 1, 1, 0, 0, 0, 0, 1, 0, 0, 1, 1, 1, 0, 1, 1, 1, 0, 0, 1, 1, 0, 0, 1)",8.0,11.0,13.0,13.0,12.593333333333334,14.872333333333334,16.953666666666667,16.273333333333333,0.0,3.171066400401747,2.8899230423918216,4.088094163898111,13.0,14.0,14.0,18.0,0.1990300653736395,0.050238424651334795,0.020626331256375387,0.04025712819756731,3.0,5.0,5.0,2.279,4.360333333333333,3.6799999999999997,3.171066400401747,2.8899230423918216,4.088094163898111,-1.4792495513408255,2.438275628565983,-0.6767132004738917
14,4,1.1428571428571428,1.6582280766035322,1.6800337758108694,"(0, 1, 1, 1, 0, 1, 1, 0, 1, 0, 1, 1, 1, 0, 1, 1, 1, 0, 0, 1, 1, 1, 0, 0, 1)",8.0,13.0,12.0,14.0,11.455,17.999,15.744666666666667,18.630666666666666,0.0,1.6800337758108694,2.380404828720777,2.8892597511611817,4.0,7.0,18.0,4.0,0.1713162433473735,0.012612556839638543,0.042506754179347545,0.07613056745281507,5.0,4.0,6.0,6.543999999999999,4.289666666666667,7.175666666666666,1.6800337758108694,2.380404828720777,2.8892597511611817,8.065565356601684,3.1659915852695386,7.107840295038739
14,5,1.4285714285714284,1.6582280766035322,3.7420588138237685,"(0, 1, 0, 1, 0, 0, 0, 0, 1, 0, 0, 0, 1, 0, 0, 0, 0, 1, 0, 0, 0, 1, 0, 0, 0)",3.0,8.0,7.0,11.0,5.029,11.256,9.107666666666667,16.239,0.0,5.202064148625757,3.7420588138237685,6.835114795599523,1.0,6.0,2.0,10.0,0.22672438045127458,0.03542042494550234,0.027201587828910377,0.03829511339519972,5.0,4.0,8.0,6.227,4.078666666666667,11.21,5.202064148625757,3.7420588138237685,6.835114795599523,1.699577405466315,0.5581725923893243,7.254557477854255
14,6,1.7142857142857142,1.6582280766035322,3.037836986824858,"(0, 1, 0, 0, 1, 0, 1, 1, 0, 1, 1, 0, 0, 1, 0, 1, 1, 1, 0, 0, 0, 1, 0, 0, 1)",7.0,10.0,11.0,15.0,9.595666666666666,15.999666666666666,15.850333333333333,19.316666666666666,0.0,3.1820291304637385,3.037836986824858,3.947411936354709,2.0,4.0,5.0,14.0,0.1335244274596652,0.06758443907741642,0.02606429806850556,0.008372360047669454,3.0,4.0,8.0,6.404,6.254666666666667,9.721,3.1820291304637385,3.037836986824858,3.947411936354709,5.3427625578637254,5.3342372927652395,9.573925829879643
14,7,2.0,1.6582280766035322,2.933921360691036,"(0, 1, 1, 0, 0, 0, 0, 1, 0, 1, 1, 1, 0, 1, 1, 1, 1, 1, 0, 1, 1, 0, 0, 0, 1)",8.0,11.0,13.0,14.0,11.826333333333332,13.334333333333333,16.235,18.027,0.0,3.1006561937935224,2.933921360691036,4.222346151455573,6.0,24.0,49.0,11.0,0.13346158950136422,0.08176494427329511,0.04866982093208685,0.041574057035641425,3.0,5.0,6.0,1.508000000000001,4.408666666666667,6.2006666666666685,3.1006561937935224,2.933921360691036,4.222346151455573,-2.6409872169249335,2.445464072208058,3.280506622843803
15,0,0.0,1.6582280766035322,2.8497847105598137,"(1, 1, 0, 1, 1, 1, 1, 0, 0, 0, 0, 0, 0, 0, 0, 0, 0, 0, 0, 1, 0, 0, 0, 0, 1)",4.0,8.0,7.0,11.0,6.125333333333334,10.964333333333334,10.898333333333333,14.627333333333333,0.0,2.86213850973051,2.8497847105598137,4.923371283217921,2.0,4.0,2.0,12.0,0.2686743177732065,0.10449267189885991,0.08638734939509006,0.019215160869609213,4.0,3.0,7.0,4.839,4.773,8.501999999999999,2.86213850973051,2.8497847105598137,4.923371283217921,3.278087226721169,3.189129590302905,5.934182613907712
15,1,0.2857142857142857,1.6582280766035322,2.3222655098794163,"(1, 1, 0, 0, 1, 1, 1, 1, 0, 0, 1, 1, 0, 1, 1, 0, 0, 0, 1, 0, 0, 0, 1, 1, 1)",8.0,11.0,12.0,13.0,10.231333333333334,15.842666666666666,16.926333333333332,17.993,0.0,2.93228155737084,2.3222655098794163,3.980954205393116,7.0,3.0,10.0,1.0,0.16078792632362235,0.026887755895253846,0.030801680581842135,0.042297028801980455,3.0,4.0,5.0,5.611333333333333,6.6949999999999985,7.761666666666665,2.93228155737084,2.3222655098794163,3.980954205393116,4.442478873575562,7.25099110305058,6.269283552848643
15,2,0.5714285714285714,1.6582280766035322,1.8500942774447648,"(1, 0, 1, 1, 1, 1, 0, 1, 1, 1, 0, 0, 0, 0, 1, 0, 1, 0, 1, 0, 0, 1, 1, 1, 0)",7.0,11.0,11.0,13.0,11.520333333333333,16.753666666666668,15.317333333333334,19.014666666666667,0.0,2.3138085466887395,1.8500942774447648,3.071148946408182,1.0,2.0,2.0,2.0,0.14769198210997006,0.04532040432806373,0.10392223000485813,0.014508107439503658,4.0,4.0,6.0,5.233333333333334,3.7970000000000006,7.4943333333333335,2.3138085466887395,1.8500942774447648,3.071148946408182,4.841237971554004,3.2284137316411785,7.334648538393668
15,3,0.8571428571428571,1.6582280766035322,2.4585626453980245,"(1, 1, 1, 1, 0, 0, 0, 0, 1, 0, 0, 1, 1, 1, 0, 1, 0, 0, 0, 0, 1, 1, 0, 0, 1)",7.0,11.0,10.0,13.0,8.510333333333334,14.708,15.727333333333334,19.478666666666665,0.0,2.644956693586465,2.4585626453980245,3.738502835837275,6.0,7.0,1.0,4.0,0.17713819256724483,0.01901352528500404,0.04451468680817016,0.01914800728225777,4.0,3.0,6.0,6.197666666666667,7.2170000000000005,10.968333333333332,2.644956693586465,2.4585626453980245,3.738502835837275,5.8912034253909695,7.890574422160035,11.988707920032445
15,4,1.1428571428571428,1.6582280766035322,2.55122995774555,"(0, 1, 1, 1, 0, 1, 1, 0, 1, 0, 0, 1, 1, 0, 1, 0, 1, 0, 0, 1, 1, 1, 0, 0, 1)",7.0,11.0,11.0,14.0,11.581666666666667,18.998666666666665,16.803333333333335,18.360333333333333,0.0,3.304931468074669,2.55122995774555,3.563071517710822,1.0,1.0,2.0,8.0,0.12465913917865323,0.021620701511927253,0.030655351988776294,0.062086308935846934,4.0,4.0,7.0,7.416999999999998,5.221666666666668,6.778666666666666,3.304931468074669,2.55122995774555,3.563071517710822,6.818747492556449,4.428193127525731,5.332190158988698
15,5,1.4285714285714284,1.6582280766035322,3.7420588138237685,"(0, 1, 0, 1, 0, 0, 0, 0, 1, 0, 0, 0, 1, 0, 0, 0, 0, 1, 0, 0, 0, 1, 0, 0, 0)",3.0,8.0,7.0,11.0,5.029,11.256,9.107666666666667,16.239,0.0,5.202064148625757,3.7420588138237685,6.835114795599523,1.0,6.0,2.0,10.0,0.22672438045127458,0.03542042494550234,0.027201587828910377,0.03829511339519972,5.0,4.0,8.0,6.227,4.078666666666667,11.21,5.202064148625757,3.7420588138237685,6.835114795599523,1.699577405466315,0.5581725923893243,7.254557477854255
15,6,1.7142857142857142,1.6582280766035322,3.037836986824858,"(0, 1, 0, 0, 1, 0, 1, 1, 0, 1, 1, 0, 0, 1, 0, 1, 1, 1, 0, 0, 0, 1, 0, 0, 1)",7.0,10.0,11.0,15.0,9.595666666666666,15.999666666666666,15.850333333333333,19.316666666666666,0.0,3.1820291304637385,3.037836986824858,3.947411936354709,2.0,4.0,5.0,14.0,0.1335244274596652,0.06758443907741642,0.02606429806850556,0.008372360047669454,3.0,4.0,8.0,6.404,6.254666666666667,9.721,3.1820291304637385,3.037836986824858,3.947411936354709,5.3427625578637254,5.3342372927652395,9.573925829879643
15,7,2.0,1.6582280766035322,2.933921360691036,"(0, 1, 1, 0, 0, 0, 0, 1, 0, 1, 1, 1, 0, 1, 1, 1, 1, 1, 0, 1, 1, 0, 0, 0, 1)",8.0,11.0,13.0,14.0,11.826333333333332,13.334333333333333,16.235,18.027,0.0,3.1006561937935224,2.933921360691036,4.222346151455573,6.0,24.0,49.0,11.0,0.13346158950136422,0.08176494427329511,0.04866982093208685,0.041574057035641425,3.0,5.0,6.0,1.508000000000001,4.408666666666667,6.2006666666666685,3.1006561937935224,2.933921360691036,4.222346151455573,-2.6409872169249335,2.445464072208058,3.280506622843803
16,0,0.0,1.6582280766035322,2.8497847105598137,"(1, 1, 0, 1, 1, 1, 1, 0, 0, 0, 0, 0, 0, 0, 0, 0, 0, 0, 0, 1, 0, 0, 0, 0, 1)",4.0,8.0,7.0,11.0,6.125333333333334,10.964333333333334,10.898333333333333,14.627333333333333,0.0,2.86213850973051,2.8497847105598137,4.923371283217921,2.0,4.0,2.0,12.0,0.2686743177732065,0.10449267189885991,0.08638734939509006,0.019215160869609213,4.0,3.0,7.0,4.839,4.773,8.501999999999999,2.86213850973051,2.8497847105598137,4.923371283217921,3.278087226721169,3.189129590302905,5.934182613907712
16,1,0.2857142857142857,1.6582280766035322,2.2488428555986935,"(1, 1, 0, 0, 1, 1, 1, 1, 0, 0, 1, 1, 0, 0, 0, 0, 0, 0, 1, 0, 0, 0, 1, 1, 1)",7.0,10.0,11.0,12.0,8.273333333333333,14.839333333333334,15.990333333333334,17.930666666666667,0.0,3.201494885607422,2.2488428555986935,4.171171390535948,5.0,2.0,4.0,3.0,0.17386323061416226,0.04108538100500313,0.07279722991453318,0.05122160344857266,3.0,4.0,5.0,6.566000000000001,7.7170000000000005,9.657333333333334,3.201494885607422,2.2488428555986935,4.171171390535948,5.579116844561953,9.067451704126443,9.097307766340407
16,2,0.5714285714285714,1.6582280766035322,2.515329319887085,"(1, 0, 1, 1, 1, 1, 0, 1, 1, 1, 0, 0, 0, 0, 1, 0, 1, 0, 1, 0, 0, 0, 0, 1, 0)",8.0,12.0,10.0,13.0,12.116333333333333,16.888333333333332,14.699666666666667,16.745333333333335,0.0,3.4410535684074137,2.515329319887085,3.8227684592633437,10.0,15.0,2.0,6.0,0.08895531639840439,0.014941622808881146,0.036968010583763346,0.010856509033742561,4.0,2.0,5.0,4.7719999999999985,2.583333333333334,4.629000000000001,3.4410535684074137,2.515329319887085,3.8227684592633437,2.2070127413221066,0.11276616441829378,1.3369157770928501
16,3,0.8571428571428571,1.6582280766035322,2.4585626453980245,"(1, 1, 1, 1, 0, 0, 0, 0, 1, 0, 0, 1, 1, 1, 0, 1, 0, 0, 0, 0, 1, 1, 0, 0, 1)",7.0,11.0,10.0,13.0,8.510333333333334,14.708,15.727333333333334,19.478666666666665,0.0,2.644956693586465,2.4585626453980245,3.738502835837275,6.0,7.0,1.0,4.0,0.17713819256724483,0.01901352528500404,0.04451468680817016,0.01914800728225777,4.0,3.0,6.0,6.197666666666667,7.2170000000000005,10.968333333333332,2.644956693586465,2.4585626453980245,3.738502835837275,5.8912034253909695,7.890574422160035,11.988707920032445
16,4,1.1428571428571428,1.6582280766035322,2.55122995774555,"(0, 1, 1, 1, 0, 1, 1, 0, 1, 0, 0, 1, 1, 0, 1, 0, 1, 0, 0, 1, 1, 1, 0, 0, 1)",7.0,11.0,11.0,14.0,11.581666666666667,18.998666666666665,16.803333333333335,18.360333333333333,0.0,3.304931468074669,2.55122995774555,3.563071517710822,1.0,1.0,2.0,8.0,0.12465913917865323,0.021620701511927253,0.030655351988776294,0.062086308935846934,4.0,4.0,7.0,7.416999999999998,5.221666666666668,6.778666666666666,3.304931468074669,2.55122995774555,3.563071517710822,6.818747492556449,4.428193127525731,5.332190158988698
16,5,1.4285714285714284,1.6582280766035322,4.995485779793767,"(0, 1, 0, 0, 0, 0, 0, 0, 0, 0, 0, 0, 1, 0, 0, 0, 0, 1, 0, 0, 0, 1, 0, 0, 0)",2.0,7.0,6.0,10.0,3.0046666666666666,9.636,9.832666666666666,12.796333333333333,0.0,5.729012181857543,4.995485779793767,7.789406628928448,1.0,8.0,2.0,17.0,0.21052816130474347,0.06055127912992802,0.12856808836239475,0.020087531341914034,5.0,4.0,8.0,6.631333333333332,6.827999999999999,9.791666666666666,5.729012181857543,4.995485779793767,7.789406628928448,1.496254267490382,3.0387265307212026,3.3202038112387617
16,6,1.7142857142857142,1.6582280766035322,3.30965741809299,"(0, 1, 0, 0, 1, 0, 1, 1, 0, 1, 1, 0, 0, 1, 0, 1, 0, 0, 0, 0, 0, 1, 0, 0, 1)",6.0,11.0,9.0,13.0,8.977333333333334,15.438333333333333,13.512333333333334,17.242,0.0,4.327634421941696,3.30965741809299,5.579320248431262,2.0,6.0,2.0,5.0,0.23021562109134322,0.06516596808921579,0.017396512128967583,0.02440822163433414,5.0,3.0,7.0,6.4609999999999985,4.535,8.264666666666667,4.327634421941696,3.30965741809299,5.579320248431262,3.5376066991958024,2.0318974727760675,4.452916826124679
16,7,2.0,1.6582280766035322,2.884220580283947,"(0, 1, 1, 0, 0, 0, 0, 1, 1, 0, 1, 1, 0, 1, 1, 1, 1, 1, 0, 1, 1, 0, 0, 0, 1)",7.0,11.0,10.0,13.0,9.97,15.554666666666666,16.578666666666667,16.987666666666666,0.0,2.884220580283947,3.1874183717126994,4.250471542110412,2.0,5.0,3.0,7.0,0.1416561719220515,0.06128520252476755,0.02891800764575711,0.02342033907243491,4.0,3.0,6.0,5.584666666666665,6.608666666666666,7.017666666666665,2.884220580283947,3.1874183717126994,4.250471542110412,4.477955519793951,5.67320997972463,4.588640648979588
17,0,0.0,1.6582280766035322,2.41439850429115,"(1, 1, 1, 1, 1, 1, 1, 0, 0, 0, 0, 0, 0, 0, 0, 0, 0, 0, 0, 1, 0, 0, 1, 0, 1)",5.0,8.0,8.0,12.0,6.579666666666666,11.66,10.412,18.709666666666667,0.0,2.41439850429115,2.6882088092512073,4.621665897058112,2.0,1.0,3.0,1.0,0.3456360159028489,0.08253840583628637,0.031030755917650574,0.011634340544877915,3.0,3.0,7.0,5.080333333333334,3.8323333333333345,12.13,2.41439850429115,2.6882088092512073,4.621665897058112,4.420727983912987,1.8972194089636374,12.450530418018035
17,1,0.2857142857142857,1.6582280766035322,2.2488428555986935,"(1, 1, 0, 0, 1, 1, 1, 1, 0, 0, 1, 1, 0, 0, 0, 0, 0, 0, 1, 0, 0, 0, 1, 1, 1)",7.0,10.0,11.0,12.0,8.273333333333333,14.839333333333334,15.990333333333334,17.930666666666667,0.0,3.201494885607422,2.2488428555986935,4.171171390535948,5.0,2.0,4.0,3.0,0.17386323061416226,0.04108538100500313,0.07279722991453318,0.05122160344857266,3.0,4.0,5.0,6.566000000000001,7.7170000000000005,9.657333333333334,3.201494885607422,2.2488428555986935,4.171171390535948,5.579116844561953,9.067451704126443,9.097307766340407
17,2,0.5714285714285714,1.6582280766035322,2.515329319887085,"(1, 0, 1, 1, 1, 1, 0, 1, 1, 1, 0, 0, 0, 0, 1, 0, 1, 0, 1, 0, 0, 0, 0, 1, 0)",8.0,12.0,10.0,13.0,12.116333333333333,16.888333333333332,14.699666666666667,16.745333333333335,0.0,3.4410535684074137,2.515329319887085,3.8227684592633437,10.0,15.0,2.0,6.0,0.08895531639840439,0.014941622808881146,0.036968010583763346,0.010856509033742561,4.0,2.0,5.0,4.7719999999999985,2.583333333333334,4.629000000000001,3.4410535684074137,2.515329319887085,3.8227684592633437,2.2070127413221066,0.11276616441829378,1.3369157770928501
17,3,0.8571428571428571,1.6582280766035322,2.4585626453980245,"(1, 1, 1, 1, 0, 0, 0, 0, 1, 0, 0, 1, 1, 1, 0, 1, 0, 0, 0, 0, 1, 1, 0, 0, 1)",7.0,11.0,10.0,13.0,8.510333333333334,14.708,15.727333333333334,19.478666666666665,0.0,2.644956693586465,2.4585626453980245,3.738502835837275,6.0,7.0,1.0,4.0,0.17713819256724483,0.01901352528500404,0.04451468680817016,0.01914800728225777,4.0,3.0,6.0,6.197666666666667,7.2170000000000005,10.968333333333332,2.644956693586465,2.4585626453980245,3.738502835837275,5.8912034253909695,7.890574422160035,11.988707920032445
17,4,1.1428571428571428,1.6582280766035322,2.012821726028791,"(0, 1, 1, 0, 0, 1, 1, 0, 1, 0, 0, 1, 1, 0, 1, 0, 1, 0, 0, 1, 1, 1, 0, 1, 1)",10.0,12.0,11.0,13.0,12.723666666666666,18.076666666666668,16.889,19.136,0.0,2.0689988083128372,2.012821726028791,2.559198664891452,25.0,4.0,1.0,3.0,0.13246701079895443,0.023139405567511977,0.0476226279745649,0.014079049845542523,2.0,1.0,3.0,5.3530000000000015,4.165333333333333,6.412333333333333,2.0689988083128372,2.012821726028791,2.559198664891452,5.4456229796551145,3.569355182447388,6.3893760901447685
17,5,1.4285714285714284,1.6582280766035322,4.995485779793767,"(0, 1, 0, 0, 0, 0, 0, 0, 0, 0, 0, 0, 1, 0, 0, 0, 0, 1, 0, 0, 0, 1, 0, 0, 0)",2.0,7.0,6.0,10.0,3.0046666666666666,9.636,9.832666666666666,12.796333333333333,0.0,5.729012181857543,4.995485779793767,7.789406628928448,1.0,8.0,2.0,17.0,0.21052816130474347,0.06055127912992802,0.12856808836239475,0.020087531341914034,5.0,4.0,8.0,6.631333333333332,6.827999999999999,9.791666666666666,5.729012181857543,4.995485779793767,7.789406628928448,1.496254267490382,3.0387265307212026,3.3202038112387617
17,6,1.7142857142857142,1.6582280766035322,2.0210852292771992,"(0, 1, 0, 0, 1, 0, 1, 1, 0, 1, 1, 1, 0, 1, 0, 1, 1, 0, 0, 0, 0, 1, 0, 0, 1)",7.0,12.0,10.0,13.0,9.800333333333333,15.622,14.484333333333334,17.940333333333335,0.0,2.069321241549957,2.0210852292771992,3.5524680703987643,4.0,21.0,7.0,16.0,0.09252480442302209,0.04120866425745397,0.05792924116539754,0.017798138460827444,5.0,3.0,6.0,5.821666666666667,4.684000000000001,8.140000000000002,2.069321241549957,2.0210852292771992,3.5524680703987643,6.222244537043346,4.415720038414808,7.607174247979952
17,7,2.0,1.6582280766035322,2.884220580283947,"(0, 1, 1, 0, 0, 0, 0, 1, 1, 0, 1, 1, 0, 1, 1, 1, 1, 1, 0, 1, 1, 0, 0, 0, 1)",7.0,11.0,10.0,13.0,9.97,15.554666666666666,16.578666666666667,16.987666666666666,0.0,2.884220580283947,3.1874183717126994,4.250471542110412,2.0,5.0,3.0,7.0,0.1416561719220515,0.06128520252476755,0.02891800764575711,0.02342033907243491,4.0,3.0,6.0,5.584666666666665,6.608666666666666,7.017666666666665,2.884220580283947,3.1874183717126994,4.250471542110412,4.477955519793951,5.67320997972463,4.588640648979588
18,0,0.0,1.6582280766035322,2.803308262523899,"(1, 1, 1, 1, 1, 0, 1, 0, 0, 0, 1, 0, 0, 0, 0, 0, 0, 0, 0, 1, 0, 0, 1, 0, 1)",6.0,9.0,10.0,12.0,7.027333333333333,15.564,12.672666666666666,16.877666666666666,0.0,2.9831615221879577,2.803308262523899,3.9953347277685505,3.0,2.0,17.0,12.0,0.24358107095219686,0.0502212184532414,0.07620203436565828,0.021409457902563236,3.0,4.0,6.0,8.536666666666667,5.645333333333333,9.850333333333333,2.9831615221879577,2.803308262523899,3.9953347277685505,9.208978154136751,4.7127257668273455,9.708923076222053
18,1,0.2857142857142857,1.6582280766035322,2.2488428555986935,"(1, 1, 0, 0, 1, 1, 1, 1, 0, 0, 1, 1, 0, 0, 0, 0, 0, 0, 1, 0, 0, 0, 1, 1, 1)",7.0,10.0,11.0,12.0,8.273333333333333,14.839333333333334,15.990333333333334,17.930666666666667,0.0,3.201494885607422,2.2488428555986935,4.171171390535948,5.0,2.0,4.0,3.0,0.17386323061416226,0.04108538100500313,0.07279722991453318,0.05122160344857266,3.0,4.0,5.0,6.566000000000001,7.7170000000000005,9.657333333333334,3.201494885607422,2.2488428555986935,4.171171390535948,5.579116844561953,9.067451704126443,9.097307766340407
18,2,0.5714285714285714,1.6582280766035322,2.515329319887085,"(1, 0, 1, 1, 1, 1, 0, 1, 1, 1, 0, 0, 0, 0, 1, 0, 1, 0, 1, 0, 0, 0, 0, 1, 0)",8.0,12.0,10.0,13.0,12.116333333333333,16.888333333333332,14.699666666666667,16.745333333333335,0.0,3.4410535684074137,2.515329319887085,3.8227684592633437,10.0,15.0,2.0,6.0,0.08895531639840439,0.014941622808881146,0.036968010583763346,0.010856509033742561,4.0,2.0,5.0,4.7719999999999985,2.583333333333334,4.629000000000001,3.4410535684074137,2.515329319887085,3.8227684592633437,2.2070127413221066,0.11276616441829378,1.3369157770928501
18,3,0.8571428571428571,1.6582280766035322,2.4585626453980245,"(1, 1, 1, 1, 0, 0, 0, 0, 1, 0, 0, 1, 1, 1, 0, 1, 0, 0, 0, 0, 1, 1, 0, 0, 1)",7.0,11.0,10.0,13.0,8.510333333333334,14.708,15.727333333333334,19.478666666666665,0.0,2.644956693586465,2.4585626453980245,3.738502835837275,6.0,7.0,1.0,4.0,0.17713819256724483,0.01901352528500404,0.04451468680817016,0.01914800728225777,4.0,3.0,6.0,6.197666666666667,7.2170000000000005,10.968333333333332,2.644956693586465,2.4585626453980245,3.738502835837275,5.8912034253909695,7.890574422160035,11.988707920032445
18,4,1.1428571428571428,1.6582280766035322,2.012821726028791,"(0, 1, 1, 0, 0, 1, 1, 0, 1, 0, 0, 1, 1, 0, 1, 0, 1, 0, 0, 1, 1, 1, 0, 1, 1)",10.0,12.0,11.0,13.0,12.723666666666666,18.076666666666668,16.889,19.136,0.0,2.0689988083128372,2.012821726028791,2.559198664891452,25.0,4.0,1.0,3.0,0.13246701079895443,0.023139405567511977,0.0476226279745649,0.014079049845542523,2.0,1.0,3.0,5.3530000000000015,4.165333333333333,6.412333333333333,2.0689988083128372,2.012821726028791,2.559198664891452,5.4456229796551145,3.569355182447388,6.3893760901447685
18,5,1.4285714285714284,1.6582280766035322,4.995485779793767,"(0, 1, 0, 0, 0, 0, 0, 0, 0, 0, 0, 0, 1, 0, 0, 0, 0, 1, 0, 0, 0, 1, 0, 0, 0)",2.0,7.0,6.0,10.0,3.0046666666666666,9.636,9.832666666666666,12.796333333333333,0.0,5.729012181857543,4.995485779793767,7.789406628928448,1.0,8.0,2.0,17.0,0.21052816130474347,0.06055127912992802,0.12856808836239475,0.020087531341914034,5.0,4.0,8.0,6.631333333333332,6.827999999999999,9.791666666666666,5.729012181857543,4.995485779793767,7.789406628928448,1.496254267490382,3.0387265307212026,3.3202038112387617
18,6,1.7142857142857142,1.6582280766035322,2.7283655658396215,"(0, 1, 0, 0, 1, 1, 0, 1, 0, 1, 1, 1, 0, 1, 0, 1, 1, 0, 0, 0, 0, 1, 0, 0, 1)",7.0,10.0,10.0,13.0,9.332666666666666,13.867,15.091,17.128,0.0,2.7283655658396215,2.9259802906797456,3.980705471181626,4.0,8.0,4.0,2.0,0.19055303510389623,0.04176648136064112,0.055021931081207606,0.020635698996226665,3.0,3.0,6.0,4.534333333333334,5.758333333333333,7.795333333333334,2.7283655658396215,2.9259802906797456,3.980705471181626,2.9947064574990745,4.69668733818162,6.32552302281407
18,7,2.0,1.6582280766035322,2.884220580283947,"(0, 1, 1, 0, 0, 0, 0, 1, 1, 0, 1, 1, 0, 1, 1, 1, 1, 1, 0, 1, 1, 0, 0, 0, 1)",7.0,11.0,10.0,13.0,9.97,15.554666666666666,16.578666666666667,16.987666666666666,0.0,2.884220580283947,3.1874183717126994,4.250471542110412,2.0,5.0,3.0,7.0,0.1416561719220515,0.06128520252476755,0.02891800764575711,0.02342033907243491,4.0,3.0,6.0,5.584666666666665,6.608666666666666,7.017666666666665,2.884220580283947,3.1874183717126994,4.250471542110412,4.477955519793951,5.67320997972463,4.588640648979588
19,0,0.0,1.6582280766035322,2.803308262523899,"(1, 1, 1, 1, 1, 0, 1, 0, 0, 0, 1, 0, 0, 0, 0, 0, 0, 0, 0, 1, 0, 0, 1, 0, 1)",6.0,9.0,10.0,12.0,7.027333333333333,15.564,12.672666666666666,16.877666666666666,0.0,2.9831615221879577,2.803308262523899,3.9953347277685505,3.0,2.0,17.0,12.0,0.24358107095219686,0.0502212184532414,0.07620203436565828,0.021409457902563236,3.0,4.0,6.0,8.536666666666667,5.645333333333333,9.850333333333333,2.9831615221879577,2.803308262523899,3.9953347277685505,9.208978154136751,4.7127257668273455,9.708923076222053
19,1,0.2857142857142857,1.6582280766035322,2.2488428555986935,"(1, 1, 0, 0, 1, 1, 1, 1, 0, 0, 1, 1, 0, 0, 0, 0, 0, 0, 1, 0, 0, 0, 1, 1, 1)",7.0,10.0,11.0,12.0,8.273333333333333,14.839333333333334,15.990333333333334,17.930666666666667,0.0,3.201494885607422,2.2488428555986935,4.171171390535948,5.0,2.0,4.0,3.0,0.17386323061416226,0.04108538100500313,0.07279722991453318,0.05122160344857266,3.0,4.0,5.0,6.566000000000001,7.7170000000000005,9.657333333333334,3.201494885607422,2.2488428555986935,4.171171390535948,5.579116844561953,9.067451704126443,9.097307766340407
19,2,0.5714285714285714,1.6582280766035322,2.515329319887085,"(1, 0, 1, 1, 1, 1, 0, 1, 1, 1, 0, 0, 0, 0, 1, 0, 1, 0, 1, 0, 0, 0, 0, 1, 0)",8.0,12.0,10.0,13.0,12.116333333333333,16.888333333333332,14.699666666666667,16.745333333333335,0.0,3.4410535684074137,2.515329319887085,3.8227684592633437,10.0,15.0,2.0,6.0,0.08895531639840439,0.014941622808881146,0.036968010583763346,0.010856509033742561,4.0,2.0,5.0,4.7719999999999985,2.583333333333334,4.629000000000001,3.4410535684074137,2.515329319887085,3.8227684592633437,2.2070127413221066,0.11276616441829378,1.3369157770928501
19,3,0.8571428571428571,1.6582280766035322,2.4585626453980245,"(1, 1, 1, 1, 0, 0, 0, 0, 1, 0, 0, 1, 1, 1, 0, 1, 0, 0, 0, 0, 1, 1, 0, 0, 1)",7.0,11.0,10.0,13.0,8.510333333333334,14.708,15.727333333333334,19.478666666666665,0.0,2.644956693586465,2.4585626453980245,3.738502835837275,6.0,7.0,1.0,4.0,0.17713819256724483,0.01901352528500404,0.04451468680817016,0.01914800728225777,4.0,3.0,6.0,6.197666666666667,7.2170000000000005,10.968333333333332,2.644956693586465,2.4585626453980245,3.738502835837275,5.8912034253909695,7.890574422160035,11.988707920032445
19,4,1.1428571428571428,1.6582280766035322,2.012821726028791,"(0, 1, 1, 0, 0, 1, 1, 0, 1, 0, 0, 1, 1, 0, 1, 0, 1, 0, 0, 1, 1, 1, 0, 1, 1)",10.0,12.0,11.0,13.0,12.723666666666666,18.076666666666668,16.889,19.136,0.0,2.0689988083128372,2.012821726028791,2.559198664891452,25.0,4.0,1.0,3.0,0.13246701079895443,0.023139405567511977,0.0476226279745649,0.014079049845542523,2.0,1.0,3.0,5.3530000000000015,4.165333333333333,6.412333333333333,2.0689988083128372,2.012821726028791,2.559198664891452,5.4456229796551145,3.569355182447388,6.3893760901447685
19,5,1.4285714285714284,1.6582280766035322,4.995485779793767,"(0, 1, 0, 0, 0, 0, 0, 0, 0, 0, 0, 0, 1, 0, 0, 0, 0, 1, 0, 0, 0, 1, 0, 0, 0)",2.0,7.0,6.0,10.0,3.0046666666666666,9.636,9.832666666666666,12.796333333333333,0.0,5.729012181857543,4.995485779793767,7.789406628928448,1.0,8.0,2.0,17.0,0.21052816130474347,0.06055127912992802,0.12856808836239475,0.020087531341914034,5.0,4.0,8.0,6.631333333333332,6.827999999999999,9.791666666666666,5.729012181857543,4.995485779793767,7.789406628928448,1.496254267490382,3.0387265307212026,3.3202038112387617
19,6,1.7142857142857142,1.6582280766035322,2.7283655658396215,"(0, 1, 0, 0, 1, 1, 0, 1, 0, 1, 1, 1, 0, 1, 0, 1, 1, 0, 0, 0, 0, 1, 0, 0, 1)",7.0,10.0,10.0,13.0,9.332666666666666,13.867,15.091,17.128,0.0,2.7283655658396215,2.9259802906797456,3.980705471181626,4.0,8.0,4.0,2.0,0.19055303510389623,0.04176648136064112,0.055021931081207606,0.020635698996226665,3.0,3.0,6.0,4.534333333333334,5.758333333333333,7.795333333333334,2.7283655658396215,2.9259802906797456,3.980705471181626,2.9947064574990745,4.69668733818162,6.32552302281407
19,7,2.0,1.6582280766035322,1.7591312550648563,"(0, 1, 1, 0, 0, 0, 0, 1, 1, 0, 1, 1, 0, 1, 1, 1, 1, 1, 0, 1, 1, 0, 0, 1, 0)",8.0,12.0,11.0,14.0,10.922666666666666,17.288666666666668,16.713,19.948666666666668,0.0,1.7805223972530424,1.7591312550648563,2.8717285954401994,4.0,17.0,6.0,1.0,0.15452736243890747,0.03485643158996677,0.01781268658456997,0.024701544011191744,4.0,3.0,6.0,6.366000000000001,5.790333333333335,9.026000000000002,1.7805223972530424,1.7591312550648563,2.8717285954401994,7.6037677055116655,6.6846524686473,10.205185634079319
20,0,0.0,1.6582280766035322,2.2488428555986935,"(1, 1, 0, 0, 1, 1, 1, 1, 0, 0, 1, 1, 0, 0, 0, 0, 0, 0, 1, 0, 0, 0, 1, 1, 1)",7.0,10.0,11.0,12.0,8.273333333333333,14.839333333333334,15.990333333333334,17.930666666666667,0.0,3.201494885607422,2.2488428555986935,4.171171390535948,5.0,2.0,4.0,3.0,0.17386323061416226,0.04108538100500313,0.07279722991453318,0.05122160344857266,3.0,4.0,5.0,6.566000000000001,7.7170000000000005,9.657333333333334,3.201494885607422,2.2488428555986935,4.171171390535948,5.579116844561953,9.067451704126443,9.097307766340407
20,1,0.2857142857142857,1.6582280766035322,1.0520351660665015,"(1, 1, 1, 1, 1, 1, 1, 1, 1, 1, 0, 0, 0, 0, 1, 0, 1, 0, 1, 0, 0, 0, 0, 1, 0)",10.0,12.0,12.0,14.0,12.072333333333333,16.231,16.047666666666668,16.672333333333334,0.0,2.2778434221828494,1.0520351660665015,2.4941592747757815,60.0,6.0,10.0,38.0,0.0723551311916046,0.02373971837213731,0.03280809712135507,0.027973712927970493,2.0,2.0,4.0,4.158666666666669,3.975333333333335,4.600000000000001,2.2778434221828494,1.0520351660665015,2.4941592747757815,3.1188339111316186,4.847495097245512,3.4919642154219455
20,2,0.5714285714285714,1.6582280766035322,2.4585626453980245,"(1, 1, 1, 1, 0, 0, 0, 0, 1, 0, 0, 1, 1, 1, 0, 1, 0, 0, 0, 0, 1, 1, 0, 0, 1)",7.0,11.0,10.0,13.0,8.510333333333334,14.708,15.727333333333334,19.478666666666665,0.0,2.644956693586465,2.4585626453980245,3.738502835837275,6.0,7.0,1.0,4.0,0.17713819256724483,0.01901352528500404,0.04451468680817016,0.01914800728225777,4.0,3.0,6.0,6.197666666666667,7.2170000000000005,10.968333333333332,2.644956693586465,2.4585626453980245,3.738502835837275,5.8912034253909695,7.890574422160035,11.988707920032445
20,3,0.8571428571428571,1.6582280766035322,2.012821726028791,"(0, 1, 1, 0, 0, 1, 1, 0, 1, 0, 0, 1, 1, 0, 1, 0, 1, 0, 0, 1, 1, 1, 0, 1, 1)",10.0,12.0,11.0,13.0,12.723666666666666,18.076666666666668,16.889,19.136,0.0,2.0689988083128372,2.012821726028791,2.559198664891452,25.0,4.0,1.0,3.0,0.13246701079895443,0.023139405567511977,0.0476226279745649,0.014079049845542523,2.0,1.0,3.0,5.3530000000000015,4.165333333333333,6.412333333333333,2.0689988083128372,2.012821726028791,2.559198664891452,5.4456229796551145,3.569355182447388,6.3893760901447685
20,4,1.1428571428571428,1.6582280766035322,2.803308262523899,"(1, 1, 1, 1, 1, 0, 1, 0, 0, 0, 1, 0, 0, 0, 0, 0, 0, 0, 0, 1, 0, 0, 1, 0, 1)",6.0,9.0,10.0,12.0,7.027333333333333,15.564,12.672666666666666,16.877666666666666,0.0,2.9831615221879577,2.803308262523899,3.9953347277685505,3.0,2.0,17.0,12.0,0.24358107095219686,0.0502212184532414,0.07620203436565828,0.021409457902563236,3.0,4.0,6.0,8.536666666666667,5.645333333333333,9.850333333333333,2.9831615221879577,2.803308262523899,3.9953347277685505,9.208978154136751,4.7127257668273455,9.708923076222053
20,5,1.4285714285714284,1.6582280766035322,1.7998776038582882,"(0, 1, 0, 0, 1, 1, 0, 1, 1, 0, 1, 1, 0, 1, 0, 1, 1, 0, 0, 0, 0, 1, 0, 0, 1)",7.0,11.0,10.0,13.0,9.890666666666666,16.547333333333334,14.835666666666667,17.944333333333333,0.0,2.7916638164748613,1.7998776038582882,4.060880798685408,5.0,18.0,5.0,2.0,0.14118132078895665,0.04888829724092819,0.03892858812369526,0.0322650614860914,4.0,3.0,6.0,6.656666666666668,4.945,8.053666666666667,2.7916638164748613,1.7998776038582882,4.060880798685408,6.409056242340729,5.215330261636764,6.620949630152328
20,6,1.7142857142857142,1.6582280766035322,1.12637905816756,"(0, 0, 0, 0, 0, 0, 0, 1, 1, 0, 1, 1, 0, 1, 1, 1, 1, 1, 0, 1, 1, 0, 0, 1, 0)",7.0,11.0,10.0,12.0,12.369666666666667,15.289333333333333,13.743333333333334,16.99266666666667,0.0,1.5414611828760336,1.12637905816756,3.1149077428741094,3.0,15.0,6.0,4.0,0.14546061989086675,0.05671301653815056,0.10524072582872211,0.01934447705870675,4.0,3.0,5.0,2.919666666666666,1.3736666666666668,4.623000000000001,1.5414611828760336,1.12637905816756,3.1149077428741094,2.2853790285505813,0.41005925540936133,2.500760922874547
20,7,2.0,1.6582280766035322,4.995485779793767,"(0, 1, 0, 0, 0, 0, 0, 0, 0, 0, 0, 0, 1, 0, 0, 0, 0, 1, 0, 0, 0, 1, 0, 0, 0)",2.0,7.0,6.0,10.0,3.0046666666666666,9.636,9.832666666666666,12.796333333333333,0.0,5.729012181857543,4.995485779793767,7.789406628928448,1.0,8.0,2.0,17.0,0.21052816130474347,0.06055127912992802,0.12856808836239475,0.020087531341914034,5.0,4.0,8.0,6.631333333333332,6.827999999999999,9.791666666666666,5.729012181857543,4.995485779793767,7.789406628928448,1.496254267490382,3.0387265307212026,3.3202038112387617
21,0,0.0,1.6582280766035322,3.566019478735897,"(0, 1, 0, 0, 0, 1, 1, 1, 0, 0, 1, 1, 0, 0, 0, 0, 0, 0, 1, 0, 0, 0, 1, 1, 1)",7.0,11.0,10.0,12.0,8.389,15.426333333333334,14.505,15.354,0.0,3.57251420536926,3.566019478735897,5.190032782692175,18.0,8.0,8.0,5.0,0.29425549678143764,0.015793606140000076,0.013937091105183846,0.006923535111365675,4.0,3.0,5.0,7.0373333333333346,6.116000000000001,6.965,3.57251420536926,3.566019478735897,5.190032782692175,5.745460358342996,4.228449295152249,2.943300474790679
21,1,0.2857142857142857,1.6582280766035322,1.746676119733924,"(1, 1, 1, 0, 0, 1, 1, 1, 1, 1, 0, 0, 0, 0, 1, 0, 1, 0, 1, 0, 0, 0, 0, 1, 0)",7.0,11.0,11.0,15.0,11.054333333333334,16.81833333333333,14.080333333333334,18.882666666666665,0.0,2.4854720021300176,1.746676119733924,3.546111529438451,1.0,1.0,19.0,11.0,0.16615837163930405,0.02169304225443512,0.05941009506205964,0.04017880851187766,4.0,4.0,8.0,5.763999999999998,3.026,7.828333333333331,2.4854720021300176,1.746676119733924,3.546111529438451,5.436547175998766,2.1214107773265822,7.100900425462315
21,2,0.5714285714285714,1.6582280766035322,4.659206338236775,"(1, 1, 1, 1, 0, 0, 0, 0, 0, 0, 0, 1, 1, 0, 0, 1, 0, 0, 0, 0, 1, 1, 0, 0, 1)",6.0,10.0,9.0,12.0,7.7156666666666665,13.864666666666666,13.327666666666667,15.697,0.0,4.68378496328332,4.659206338236775,5.996926564767454,6.0,14.0,5.0,5.0,0.24823876060603775,0.05616937181775127,0.09582565855616872,0.024997656994684037,4.0,3.0,6.0,6.149,5.612000000000001,7.981333333333333,4.68378496328332,4.659206338236775,5.996926564767454,2.4296607121452745,1.579949201145671,3.2905990190380274
21,3,0.8571428571428571,1.6582280766035322,2.7162420761240096,"(0, 1, 1, 0, 0, 1, 1, 0, 1, 0, 1, 1, 1, 0, 1, 1, 1, 0, 0, 1, 1, 1, 0, 1, 1)",9.0,13.0,11.0,14.0,11.106333333333334,17.043333333333333,14.313,19.290666666666667,0.0,2.7162420761240096,2.7289183085318225,3.7291891214736848,18.0,39.0,7.0,3.0,0.11627345464633014,0.024225025112187694,0.05363221158727255,0.020483391737004347,4.0,2.0,5.0,5.936999999999999,3.206666666666667,8.184333333333333,2.7162420761240096,2.7289183085318225,3.7291891214736848,5.340751217314468,0.7922157410104387,7.387645217423385
21,4,1.1428571428571428,1.6582280766035322,2.803308262523899,"(1, 1, 1, 1, 1, 0, 1, 0, 0, 0, 1, 0, 0, 0, 0, 0, 0, 0, 0, 1, 0, 0, 1, 0, 1)",6.0,9.0,10.0,12.0,7.027333333333333,15.564,12.672666666666666,16.877666666666666,0.0,2.9831615221879577,2.803308262523899,3.9953347277685505,3.0,2.0,17.0,12.0,0.24358107095219686,0.0502212184532414,0.07620203436565828,0.021409457902563236,3.0,4.0,6.0,8.536666666666667,5.645333333333333,9.850333333333333,2.9831615221879577,2.803308262523899,3.9953347277685505,9.208978154136751,4.7127257668273455,9.708923076222053
21,5,1.4285714285714284,1.6582280766035322,1.7998776038582882,"(0, 1, 0, 0, 1, 1, 0, 1, 1, 0, 1, 1, 0, 1, 0, 1, 1, 0, 0, 0, 0, 1, 0, 0, 1)",7.0,11.0,10.0,13.0,9.890666666666666,16.547333333333334,14.835666666666667,17.944333333333333,0.0,2.7916638164748613,1.7998776038582882,4.060880798685408,5.0,18.0,5.0,2.0,0.14118132078895665,0.04888829724092819,0.03892858812369526,0.0322650614860914,4.0,3.0,6.0,6.656666666666668,4.945,8.053666666666667,2.7916638164748613,1.7998776038582882,4.060880798685408,6.409056242340729,5.215330261636764,6.620949630152328
21,6,1.7142857142857142,1.6582280766035322,1.12637905816756,"(0, 0, 0, 0, 0, 0, 0, 1, 1, 0, 1, 1, 0, 1, 1, 1, 1, 1, 0, 1, 1, 0, 0, 1, 0)",7.0,11.0,10.0,12.0,12.369666666666667,15.289333333333333,13.743333333333334,16.99266666666667,0.0,1.5414611828760336,1.12637905816756,3.1149077428741094,3.0,15.0,6.0,4.0,0.14546061989086675,0.05671301653815056,0.10524072582872211,0.01934447705870675,4.0,3.0,5.0,2.919666666666666,1.3736666666666668,4.623000000000001,1.5414611828760336,1.12637905816756,3.1149077428741094,2.2853790285505813,0.41005925540936133,2.500760922874547
21,7,2.0,1.6582280766035322,4.995485779793767,"(0, 1, 0, 0, 0, 0, 0, 0, 0, 0, 0, 0, 1, 0, 0, 0, 0, 1, 0, 0, 0, 1, 0, 0, 0)",2.0,7.0,6.0,10.0,3.0046666666666666,9.636,9.832666666666666,12.796333333333333,0.0,5.729012181857543,4.995485779793767,7.789406628928448,1.0,8.0,2.0,17.0,0.21052816130474347,0.06055127912992802,0.12856808836239475,0.020087531341914034,5.0,4.0,8.0,6.631333333333332,6.827999999999999,9.791666666666666,5.729012181857543,4.995485779793767,7.789406628928448,1.496254267490382,3.0387265307212026,3.3202038112387617
22,0,0.0,1.6582280766035322,3.566019478735897,"(0, 1, 0, 0, 0, 1, 1, 1, 0, 0, 1, 1, 0, 0, 0, 0, 0, 0, 1, 0, 0, 0, 1, 1, 1)",7.0,11.0,10.0,12.0,8.389,15.426333333333334,14.505,15.354,0.0,3.57251420536926,3.566019478735897,5.190032782692175,18.0,8.0,8.0,5.0,0.29425549678143764,0.015793606140000076,0.013937091105183846,0.006923535111365675,4.0,3.0,5.0,7.0373333333333346,6.116000000000001,6.965,3.57251420536926,3.566019478735897,5.190032782692175,5.745460358342996,4.228449295152249,2.943300474790679
22,1,0.2857142857142857,1.6582280766035322,1.746676119733924,"(1, 1, 1, 0, 0, 1, 1, 1, 1, 1, 0, 0, 0, 0, 1, 0, 1, 0, 1, 0, 0, 0, 0, 1, 0)",7.0,11.0,11.0,15.0,11.054333333333334,16.81833333333333,14.080333333333334,18.882666666666665,0.0,2.4854720021300176,1.746676119733924,3.546111529438451,1.0,1.0,19.0,11.0,0.16615837163930405,0.02169304225443512,0.05941009506205964,0.04017880851187766,4.0,4.0,8.0,5.763999999999998,3.026,7.828333333333331,2.4854720021300176,1.746676119733924,3.546111529438451,5.436547175998766,2.1214107773265822,7.100900425462315
22,2,0.5714285714285714,1.6582280766035322,4.659206338236775,"(1, 1, 1, 1, 0, 0, 0, 0, 0, 0, 0, 1, 1, 0, 0, 1, 0, 0, 0, 0, 1, 1, 0, 0, 1)",6.0,10.0,9.0,12.0,7.7156666666666665,13.864666666666666,13.327666666666667,15.697,0.0,4.68378496328332,4.659206338236775,5.996926564767454,6.0,14.0,5.0,5.0,0.24823876060603775,0.05616937181775127,0.09582565855616872,0.024997656994684037,4.0,3.0,6.0,6.149,5.612000000000001,7.981333333333333,4.68378496328332,4.659206338236775,5.996926564767454,2.4296607121452745,1.579949201145671,3.2905990190380274
22,3,0.8571428571428571,1.6582280766035322,2.7162420761240096,"(0, 1, 1, 0, 0, 1, 1, 0, 1, 0, 1, 1, 1, 0, 1, 1, 1, 0, 0, 1, 1, 1, 0, 1, 1)",9.0,13.0,11.0,14.0,11.106333333333334,17.043333333333333,14.313,19.290666666666667,0.0,2.7162420761240096,2.7289183085318225,3.7291891214736848,18.0,39.0,7.0,3.0,0.11627345464633014,0.024225025112187694,0.05363221158727255,0.020483391737004347,4.0,2.0,5.0,5.936999999999999,3.206666666666667,8.184333333333333,2.7162420761240096,2.7289183085318225,3.7291891214736848,5.340751217314468,0.7922157410104387,7.387645217423385
22,4,1.1428571428571428,1.6582280766035322,2.803308262523899,"(1, 1, 1, 1, 1, 0, 1, 0, 0, 0, 1, 0, 0, 0, 0, 0, 0, 0, 0, 1, 0, 0, 1, 0, 1)",6.0,9.0,10.0,12.0,7.027333333333333,15.564,12.672666666666666,16.877666666666666,0.0,2.9831615221879577,2.803308262523899,3.9953347277685505,3.0,2.0,17.0,12.0,0.24358107095219686,0.0502212184532414,0.07620203436565828,0.021409457902563236,3.0,4.0,6.0,8.536666666666667,5.645333333333333,9.850333333333333,2.9831615221879577,2.803308262523899,3.9953347277685505,9.208978154136751,4.7127257668273455,9.708923076222053
22,5,1.4285714285714284,1.6582280766035322,2.996261523993126,"(0, 1, 0, 0, 1, 1, 0, 1, 1, 0, 1, 1, 0, 0, 1, 1, 1, 0, 0, 0, 0, 1, 0, 0, 1)",7.0,10.0,11.0,14.0,8.224333333333334,16.672666666666668,14.832333333333333,19.618,0.0,3.0369065366263195,2.996261523993126,4.0046760792667495,6.0,6.0,5.0,11.0,0.2452005290781396,0.0456580226586743,0.03415610468642738,0.01695413437596303,3.0,4.0,7.0,8.448333333333334,6.607999999999999,11.393666666666665,3.0369065366263195,2.996261523993126,4.0046760792667495,8.973379848784287,5.989086146263849,12.252631649785766
22,6,1.7142857142857142,1.6582280766035322,2.748660435021608,"(0, 0, 0, 0, 0, 0, 0, 1, 1, 0, 1, 1, 0, 1, 1, 1, 1, 1, 0, 1, 1, 0, 0, 0, 1)",6.0,9.0,9.0,12.0,8.342666666666666,16.272666666666666,14.092333333333332,17.478,0.0,3.50203951211361,2.748660435021608,4.696857327953878,2.0,1.0,1.0,5.0,0.1859951022275879,0.03496841746082032,0.123417744507445,0.02120198909790057,3.0,3.0,6.0,7.93,5.749666666666666,9.135333333333335,3.50203951211361,2.748660435021608,4.696857327953878,7.342568403104286,4.976352791375999,7.360005529451307
22,7,2.0,1.6582280766035322,4.995485779793767,"(0, 1, 0, 0, 0, 0, 0, 0, 0, 0, 0, 0, 1, 0, 0, 0, 0, 1, 0, 0, 0, 1, 0, 0, 0)",2.0,7.0,6.0,10.0,3.0046666666666666,9.636,9.832666666666666,12.796333333333333,0.0,5.729012181857543,4.995485779793767,7.789406628928448,1.0,8.0,2.0,17.0,0.21052816130474347,0.06055127912992802,0.12856808836239475,0.020087531341914034,5.0,4.0,8.0,6.631333333333332,6.827999999999999,9.791666666666666,5.729012181857543,4.995485779793767,7.789406628928448,1.496254267490382,3.0387265307212026,3.3202038112387617
23,0,0.0,1.6582280766035322,3.566019478735897,"(0, 1, 0, 0, 0, 1, 1, 1, 0, 0, 1, 1, 0, 0, 0, 0, 0, 0, 1, 0, 0, 0, 1, 1, 1)",7.0,11.0,10.0,12.0,8.389,15.426333333333334,14.505,15.354,0.0,3.57251420536926,3.566019478735897,5.190032782692175,18.0,8.0,8.0,5.0,0.29425549678143764,0.015793606140000076,0.013937091105183846,0.006923535111365675,4.0,3.0,5.0,7.0373333333333346,6.116000000000001,6.965,3.57251420536926,3.566019478735897,5.190032782692175,5.745460358342996,4.228449295152249,2.943300474790679
23,1,0.2857142857142857,1.6582280766035322,3.05020921075196,"(1, 1, 1, 0, 0, 1, 1, 1, 1, 1, 0, 1, 0, 0, 1, 0, 0, 0, 1, 0, 0, 0, 0, 1, 0)",6.0,11.0,9.0,13.0,7.995666666666667,16.253666666666668,12.598333333333333,16.654333333333334,0.0,3.05020921075196,3.535802878228898,4.490407932416738,1.0,11.0,2.0,11.0,0.1604241241943246,0.01013269031741894,0.023661297024839142,0.02198589223376827,5.0,3.0,7.0,8.258000000000001,4.602666666666666,8.658666666666667,3.05020921075196,3.535802878228898,4.490407932416738,8.635704903808369,1.7691034878991179,6.911923663681134
23,2,0.5714285714285714,1.6582280766035322,4.659206338236775,"(1, 1, 1, 1, 0, 0, 0, 0, 0, 0, 0, 1, 1, 0, 0, 1, 0, 0, 0, 0, 1, 1, 0, 0, 1)",6.0,10.0,9.0,12.0,7.7156666666666665,13.864666666666666,13.327666666666667,15.697,0.0,4.68378496328332,4.659206338236775,5.996926564767454,6.0,14.0,5.0,5.0,0.24823876060603775,0.05616937181775127,0.09582565855616872,0.024997656994684037,4.0,3.0,6.0,6.149,5.612000000000001,7.981333333333333,4.68378496328332,4.659206338236775,5.996926564767454,2.4296607121452745,1.579949201145671,3.2905990190380274
23,3,0.8571428571428571,1.6582280766035322,1.7746909618503208,"(0, 1, 1, 0, 0, 1, 1, 0, 1, 0, 1, 1, 1, 0, 1, 1, 1, 1, 1, 1, 1, 1, 0, 1, 1)",10.0,14.0,13.0,15.0,14.182,18.573,18.355666666666668,19.888,0.0,1.7746909618503208,1.8774642530869248,2.669249734908706,7.0,21.0,4.0,9.0,0.13747354052017216,0.03148264616521008,0.03152536168384331,0.037455511451902915,4.0,3.0,5.0,4.391,4.1736666666666675,5.706000000000001,1.7746909618503208,1.8774642530869248,2.669249734908706,4.33843710413138,3.8076273117627255,5.035624551207605
23,4,1.1428571428571428,1.6582280766035322,2.803308262523899,"(1, 1, 1, 1, 1, 0, 1, 0, 0, 0, 1, 0, 0, 0, 0, 0, 0, 0, 0, 1, 0, 0, 1, 0, 1)",6.0,9.0,10.0,12.0,7.027333333333333,15.564,12.672666666666666,16.877666666666666,0.0,2.9831615221879577,2.803308262523899,3.9953347277685505,3.0,2.0,17.0,12.0,0.24358107095219686,0.0502212184532414,0.07620203436565828,0.021409457902563236,3.0,4.0,6.0,8.536666666666667,5.645333333333333,9.850333333333333,2.9831615221879577,2.803308262523899,3.9953347277685505,9.208978154136751,4.7127257668273455,9.708923076222053
23,5,1.4285714285714284,1.6582280766035322,2.996261523993126,"(0, 1, 0, 0, 1, 1, 0, 1, 1, 0, 1, 1, 0, 0, 1, 1, 1, 0, 0, 0, 0, 1, 0, 0, 1)",7.0,10.0,11.0,14.0,8.224333333333334,16.672666666666668,14.832333333333333,19.618,0.0,3.0369065366263195,2.996261523993126,4.0046760792667495,6.0,6.0,5.0,11.0,0.2452005290781396,0.0456580226586743,0.03415610468642738,0.01695413437596303,3.0,4.0,7.0,8.448333333333334,6.607999999999999,11.393666666666665,3.0369065366263195,2.996261523993126,4.0046760792667495,8.973379848784287,5.989086146263849,12.252631649785766
23,6,1.7142857142857142,1.6582280766035322,2.748660435021608,"(0, 0, 0, 0, 0, 0, 0, 1, 1, 0, 1, 1, 0, 1, 1, 1, 1, 1, 0, 1, 1, 0, 0, 0, 1)",6.0,9.0,9.0,12.0,8.342666666666666,16.272666666666666,14.092333333333332,17.478,0.0,3.50203951211361,2.748660435021608,4.696857327953878,2.0,1.0,1.0,5.0,0.1859951022275879,0.03496841746082032,0.123417744507445,0.02120198909790057,3.0,3.0,6.0,7.93,5.749666666666666,9.135333333333335,3.50203951211361,2.748660435021608,4.696857327953878,7.342568403104286,4.976352791375999,7.360005529451307
23,7,2.0,1.6582280766035322,4.995485779793767,"(0, 1, 0, 0, 0, 0, 0, 0, 0, 0, 0, 0, 1, 0, 0, 0, 0, 1, 0, 0, 0, 1, 0, 0, 0)",2.0,7.0,6.0,10.0,3.0046666666666666,9.636,9.832666666666666,12.796333333333333,0.0,5.729012181857543,4.995485779793767,7.789406628928448,1.0,8.0,2.0,17.0,0.21052816130474347,0.06055127912992802,0.12856808836239475,0.020087531341914034,5.0,4.0,8.0,6.631333333333332,6.827999999999999,9.791666666666666,5.729012181857543,4.995485779793767,7.789406628928448,1.496254267490382,3.0387265307212026,3.3202038112387617
24,0,0.0,1.6582280766035322,3.338611922786128,"(0, 1, 0, 0, 0, 1, 0, 0, 0, 0, 1, 1, 0, 0, 0, 0, 0, 0, 1, 0, 0, 0, 1, 1, 1)",6.0,9.0,9.0,13.0,7.068666666666667,13.707,12.799333333333333,17.212,0.0,3.338611922786128,3.5413210927727072,5.2395953774262125,9.0,4.0,3.0,11.0,0.1896217094095553,0.05537836448352343,0.0113906233446501,0.012776766915798873,3.0,3.0,7.0,6.638333333333334,5.730666666666666,10.143333333333333,3.338611922786128,3.5413210927727072,5.2395953774262125,5.471690687939187,3.630434300018636,8.131515958791601
24,1,0.2857142857142857,1.6582280766035322,3.05020921075196,"(1, 1, 1, 0, 0, 1, 1, 1, 1, 1, 0, 1, 0, 0, 1, 0, 0, 0, 1, 0, 0, 0, 0, 1, 0)",6.0,11.0,9.0,13.0,7.995666666666667,16.253666666666668,12.598333333333333,16.654333333333334,0.0,3.05020921075196,3.535802878228898,4.490407932416738,1.0,11.0,2.0,11.0,0.1604241241943246,0.01013269031741894,0.023661297024839142,0.02198589223376827,5.0,3.0,7.0,8.258000000000001,4.602666666666666,8.658666666666667,3.05020921075196,3.535802878228898,4.490407932416738,8.635704903808369,1.7691034878991179,6.911923663681134
24,2,0.5714285714285714,1.6582280766035322,4.659206338236775,"(1, 1, 1, 1, 0, 0, 0, 0, 0, 0, 0, 1, 1, 0, 0, 1, 0, 0, 0, 0, 1, 1, 0, 0, 1)",6.0,10.0,9.0,12.0,7.7156666666666665,13.864666666666666,13.327666666666667,15.697,0.0,4.68378496328332,4.659206338236775,5.996926564767454,6.0,14.0,5.0,5.0,0.24823876060603775,0.05616937181775127,0.09582565855616872,0.024997656994684037,4.0,3.0,6.0,6.149,5.612000000000001,7.981333333333333,4.68378496328332,4.659206338236775,5.996926564767454,2.4296607121452745,1.579949201145671,3.2905990190380274
24,3,0.8571428571428571,1.6582280766035322,1.7746909618503208,"(0, 1, 1, 0, 0, 1, 1, 0, 1, 0, 1, 1, 1, 0, 1, 1, 1, 1, 1, 1, 1, 1, 0, 1, 1)",10.0,14.0,13.0,15.0,14.182,18.573,18.355666666666668,19.888,0.0,1.7746909618503208,1.8774642530869248,2.669249734908706,7.0,21.0,4.0,9.0,0.13747354052017216,0.03148264616521008,0.03152536168384331,0.037455511451902915,4.0,3.0,5.0,4.391,4.1736666666666675,5.706000000000001,1.7746909618503208,1.8774642530869248,2.669249734908706,4.33843710413138,3.8076273117627255,5.035624551207605
24,4,1.1428571428571428,1.6582280766035322,2.803308262523899,"(1, 1, 1, 1, 1, 0, 1, 0, 0, 0, 1, 0, 0, 0, 0, 0, 0, 0, 0, 1, 0, 0, 1, 0, 1)",6.0,9.0,10.0,12.0,7.027333333333333,15.564,12.672666666666666,16.877666666666666,0.0,2.9831615221879577,2.803308262523899,3.9953347277685505,3.0,2.0,17.0,12.0,0.24358107095219686,0.0502212184532414,0.07620203436565828,0.021409457902563236,3.0,4.0,6.0,8.536666666666667,5.645333333333333,9.850333333333333,2.9831615221879577,2.803308262523899,3.9953347277685505,9.208978154136751,4.7127257668273455,9.708923076222053
24,5,1.4285714285714284,1.6582280766035322,2.996261523993126,"(0, 1, 0, 0, 1, 1, 0, 1, 1, 0, 1, 1, 0, 0, 1, 1, 1, 0, 0, 0, 0, 1, 0, 0, 1)",7.0,10.0,11.0,14.0,8.224333333333334,16.672666666666668,14.832333333333333,19.618,0.0,3.0369065366263195,2.996261523993126,4.0046760792667495,6.0,6.0,5.0,11.0,0.2452005290781396,0.0456580226586743,0.03415610468642738,0.01695413437596303,3.0,4.0,7.0,8.448333333333334,6.607999999999999,11.393666666666665,3.0369065366263195,2.996261523993126,4.0046760792667495,8.973379848784287,5.989086146263849,12.252631649785766
24,6,1.7142857142857142,1.6582280766035322,2.748660435021608,"(0, 0, 0, 0, 0, 0, 0, 1, 1, 0, 1, 1, 0, 1, 1, 1, 1, 1, 0, 1, 1, 0, 0, 0, 1)",6.0,9.0,9.0,12.0,8.342666666666666,16.272666666666666,14.092333333333332,17.478,0.0,3.50203951211361,2.748660435021608,4.696857327953878,2.0,1.0,1.0,5.0,0.1859951022275879,0.03496841746082032,0.123417744507445,0.02120198909790057,3.0,3.0,6.0,7.93,5.749666666666666,9.135333333333335,3.50203951211361,2.748660435021608,4.696857327953878,7.342568403104286,4.976352791375999,7.360005529451307
24,7,2.0,1.6582280766035322,4.995485779793767,"(0, 1, 0, 0, 0, 0, 0, 0, 0, 0, 0, 0, 1, 0, 0, 0, 0, 1, 0, 0, 0, 1, 0, 0, 0)",2.0,7.0,6.0,10.0,3.0046666666666666,9.636,9.832666666666666,12.796333333333333,0.0,5.729012181857543,4.995485779793767,7.789406628928448,1.0,8.0,2.0,17.0,0.21052816130474347,0.06055127912992802,0.12856808836239475,0.020087531341914034,5.0,4.0,8.0,6.631333333333332,6.827999999999999,9.791666666666666,5.729012181857543,4.995485779793767,7.789406628928448,1.496254267490382,3.0387265307212026,3.3202038112387617
25,0,0.0,1.6582280766035322,3.4010442098702507,"(0, 1, 0, 0, 0, 1, 0, 0, 0, 0, 0, 1, 0, 0, 0, 1, 0, 0, 1, 0, 0, 0, 1, 1, 1)",7.0,10.0,11.0,11.0,7.960666666666667,15.493,14.783666666666667,15.774666666666667,0.0,3.4010442098702507,3.646084257701236,4.425442241326694,12.0,2.0,7.0,5.0,0.14952028019170008,0.029331637620982946,0.020922261677619482,0.04476237037110092,3.0,4.0,4.0,7.532333333333334,6.823,7.814,3.4010442098702507,3.646084257701236,4.425442241326694,6.8506196170932805,5.268050880883563,5.619001614624812
25,1,0.2857142857142857,1.6582280766035322,2.9139028628551498,"(1, 1, 1, 0, 0, 0, 0, 1, 1, 1, 0, 1, 0, 0, 1, 0, 0, 0, 1, 0, 0, 0, 0, 1, 0)",6.0,11.0,11.0,13.0,10.549333333333333,17.818666666666665,16.757666666666665,17.490333333333332,0.0,3.371923882369453,2.9139028628551498,3.939424804452403,1.0,1.0,17.0,14.0,0.16307869647576242,0.04655338232666432,0.05312663803190343,0.058449607810924474,5.0,5.0,7.0,7.269333333333332,6.208333333333332,6.940999999999999,3.371923882369453,2.9139028628551498,3.939424804452403,6.462793777608262,5.462917102565106,4.977296263293761
25,2,0.5714285714285714,1.6582280766035322,3.248081882181779,"(1, 1, 1, 1, 0, 0, 0, 0, 0, 0, 0, 1, 1, 0, 0, 1, 0, 0, 0, 1, 1, 1, 0, 0, 0)",5.0,8.0,8.0,11.0,6.701,11.810666666666666,12.202333333333334,16.758666666666667,0.0,3.248081882181779,3.298639413761779,4.4960182707425815,2.0,1.0,2.0,3.0,0.3613465842994893,0.04871694184879113,0.05476380800172594,0.015185065212350067,3.0,3.0,6.0,5.109666666666667,5.501333333333334,10.057666666666666,3.248081882181779,3.298639413761779,4.4960182707425815,3.086932156610776,3.652568901597435,9.222481522318315
25,3,0.8571428571428571,1.6582280766035322,1.4954177166156755,"(0, 1, 1, 0, 0, 1, 1, 0, 1, 0, 0, 1, 1, 0, 0, 1, 1, 1, 1, 1, 1, 1, 0, 1, 1)",9.0,12.0,14.0,13.0,11.314,16.259333333333334,16.912,17.425,0.0,1.4954177166156755,1.7793892747340307,2.4636570905444772,14.0,4.0,33.0,3.0,0.12678772525291265,0.11954224524722959,0.08212210358830538,0.03879438485110398,3.0,5.0,4.0,4.945333333333334,5.597999999999999,6.111000000000001,1.4954177166156755,1.7793892747340307,2.4636570905444772,5.720746937554211,6.3321275182554055,6.048126417459963
25,4,1.1428571428571428,1.6582280766035322,2.803308262523899,"(1, 1, 1, 1, 1, 0, 1, 0, 0, 0, 1, 0, 0, 0, 0, 0, 0, 0, 0, 1, 0, 0, 1, 0, 1)",6.0,9.0,10.0,12.0,7.027333333333333,15.564,12.672666666666666,16.877666666666666,0.0,2.9831615221879577,2.803308262523899,3.9953347277685505,3.0,2.0,17.0,12.0,0.24358107095219686,0.0502212184532414,0.07620203436565828,0.021409457902563236,3.0,4.0,6.0,8.536666666666667,5.645333333333333,9.850333333333333,2.9831615221879577,2.803308262523899,3.9953347277685505,9.208978154136751,4.7127257668273455,9.708923076222053
25,5,1.4285714285714284,1.6582280766035322,2.996261523993126,"(0, 1, 0, 0, 1, 1, 0, 1, 1, 0, 1, 1, 0, 0, 1, 1, 1, 0, 0, 0, 0, 1, 0, 0, 1)",7.0,10.0,11.0,14.0,8.224333333333334,16.672666666666668,14.832333333333333,19.618,0.0,3.0369065366263195,2.996261523993126,4.0046760792667495,6.0,6.0,5.0,11.0,0.2452005290781396,0.0456580226586743,0.03415610468642738,0.01695413437596303,3.0,4.0,7.0,8.448333333333334,6.607999999999999,11.393666666666665,3.0369065366263195,2.996261523993126,4.0046760792667495,8.973379848784287,5.989086146263849,12.252631649785766
25,6,1.7142857142857142,1.6582280766035322,2.748660435021608,"(0, 0, 0, 0, 0, 0, 0, 1, 1, 0, 1, 1, 0, 1, 1, 1, 1, 1, 0, 1, 1, 0, 0, 0, 1)",6.0,9.0,9.0,12.0,8.342666666666666,16.272666666666666,14.092333333333332,17.478,0.0,3.50203951211361,2.748660435021608,4.696857327953878,2.0,1.0,1.0,5.0,0.1859951022275879,0.03496841746082032,0.123417744507445,0.02120198909790057,3.0,3.0,6.0,7.93,5.749666666666666,9.135333333333335,3.50203951211361,2.748660435021608,4.696857327953878,7.342568403104286,4.976352791375999,7.360005529451307
25,7,2.0,1.6582280766035322,4.995485779793767,"(0, 1, 0, 0, 0, 0, 0, 0, 0, 0, 0, 0, 1, 0, 0, 0, 0, 1, 0, 0, 0, 1, 0, 0, 0)",2.0,7.0,6.0,10.0,3.0046666666666666,9.636,9.832666666666666,12.796333333333333,0.0,5.729012181857543,4.995485779793767,7.789406628928448,1.0,8.0,2.0,17.0,0.21052816130474347,0.06055127912992802,0.12856808836239475,0.020087531341914034,5.0,4.0,8.0,6.631333333333332,6.827999999999999,9.791666666666666,5.729012181857543,4.995485779793767,7.789406628928448,1.496254267490382,3.0387265307212026,3.3202038112387617
26,0,0.0,1.6582280766035322,3.083300073258404,"(0, 1, 0, 0, 0, 1, 0, 0, 0, 0, 0, 1, 0, 0, 0, 1, 0, 0, 1, 1, 0, 0, 1, 1, 0)",6.0,10.0,10.0,11.0,7.192666666666667,13.313333333333333,11.975333333333333,16.094,0.0,3.2560321645712724,3.083300073258404,4.985720658898213,4.0,13.0,25.0,1.0,0.20296699384191857,0.006293973998460188,0.07227388491173561,0.022510657638164983,4.0,4.0,5.0,6.120666666666666,4.782666666666667,8.901333333333334,3.2560321645712724,3.083300073258404,4.985720658898213,4.750217360581761,2.8179373976316797,6.492978873852962
26,1,0.2857142857142857,1.6582280766035322,2.9139028628551498,"(1, 1, 1, 0, 0, 0, 0, 1, 1, 1, 0, 1, 0, 0, 1, 0, 0, 0, 1, 0, 0, 0, 0, 1, 0)",6.0,11.0,11.0,13.0,10.549333333333333,17.818666666666665,16.757666666666665,17.490333333333332,0.0,3.371923882369453,2.9139028628551498,3.939424804452403,1.0,1.0,17.0,14.0,0.16307869647576242,0.04655338232666432,0.05312663803190343,0.058449607810924474,5.0,5.0,7.0,7.269333333333332,6.208333333333332,6.940999999999999,3.371923882369453,2.9139028628551498,3.939424804452403,6.462793777608262,5.462917102565106,4.977296263293761
26,2,0.5714285714285714,1.6582280766035322,3.248081882181779,"(1, 1, 1, 1, 0, 0, 0, 0, 0, 0, 0, 1, 1, 0, 0, 1, 0, 0, 0, 1, 1, 1, 0, 0, 0)",5.0,8.0,8.0,11.0,6.701,11.810666666666666,12.202333333333334,16.758666666666667,0.0,3.248081882181779,3.298639413761779,4.4960182707425815,2.0,1.0,2.0,3.0,0.3613465842994893,0.04871694184879113,0.05476380800172594,0.015185065212350067,3.0,3.0,6.0,5.109666666666667,5.501333333333334,10.057666666666666,3.248081882181779,3.298639413761779,4.4960182707425815,3.086932156610776,3.652568901597435,9.222481522318315
26,3,0.8571428571428571,1.6582280766035322,1.4954177166156755,"(0, 1, 1, 0, 0, 1, 1, 0, 1, 0, 0, 1, 1, 0, 0, 1, 1, 1, 1, 1, 1, 1, 0, 1, 1)",9.0,12.0,14.0,13.0,11.314,16.259333333333334,16.912,17.425,0.0,1.4954177166156755,1.7793892747340307,2.4636570905444772,14.0,4.0,33.0,3.0,0.12678772525291265,0.11954224524722959,0.08212210358830538,0.03879438485110398,3.0,5.0,4.0,4.945333333333334,5.597999999999999,6.111000000000001,1.4954177166156755,1.7793892747340307,2.4636570905444772,5.720746937554211,6.3321275182554055,6.048126417459963
26,4,1.1428571428571428,1.6582280766035322,1.9983951417623405,"(0, 1, 1, 1, 1, 0, 1, 0, 0, 0, 1, 0, 0, 0, 0, 0, 0, 0, 0, 1, 1, 0, 1, 0, 1)",6.0,10.0,10.0,12.0,8.205666666666668,14.929,12.921666666666667,16.014333333333333,0.0,2.3012520751975694,1.9983951417623405,3.6863791999627034,3.0,4.0,11.0,16.0,0.2306895711450711,0.02498004913868295,0.03315317583384783,0.017166283559737042,4.0,4.0,6.0,6.723333333333333,4.715999999999999,7.8086666666666655,2.3012520751975694,1.9983951417623405,3.6863791999627034,7.3328192992629955,4.506408677043848,6.83569281711936
26,5,1.4285714285714284,1.6582280766035322,2.996261523993126,"(0, 1, 0, 0, 1, 1, 0, 1, 1, 0, 1, 1, 0, 0, 1, 1, 1, 0, 0, 0, 0, 1, 0, 0, 1)",7.0,10.0,11.0,14.0,8.224333333333334,16.672666666666668,14.832333333333333,19.618,0.0,3.0369065366263195,2.996261523993126,4.0046760792667495,6.0,6.0,5.0,11.0,0.2452005290781396,0.0456580226586743,0.03415610468642738,0.01695413437596303,3.0,4.0,7.0,8.448333333333334,6.607999999999999,11.393666666666665,3.0369065366263195,2.996261523993126,4.0046760792667495,8.973379848784287,5.989086146263849,12.252631649785766
26,6,1.7142857142857142,1.6582280766035322,3.2868199325268774,"(0, 0, 0, 0, 0, 0, 0, 1, 1, 0, 1, 1, 0, 1, 1, 0, 1, 1, 0, 0, 1, 0, 0, 0, 1)",5.0,9.0,10.0,12.0,7.450666666666667,11.429666666666666,14.969333333333333,16.225666666666665,0.0,4.319334069180474,3.2868199325268774,4.477049984021877,1.0,3.0,5.0,3.0,0.33952515333588584,0.024334375643748723,0.05382022294778674,0.031928796390330985,4.0,5.0,7.0,3.978999999999999,7.518666666666666,8.774999999999999,4.319334069180474,3.2868199325268774,4.477049984021877,-0.5643515089397926,7.017367070433561,7.126981388333521
26,7,2.0,1.6582280766035322,4.995485779793767,"(0, 1, 0, 0, 0, 0, 0, 0, 0, 0, 0, 0, 1, 0, 0, 0, 0, 1, 0, 0, 0, 1, 0, 0, 0)",2.0,7.0,6.0,10.0,3.0046666666666666,9.636,9.832666666666666,12.796333333333333,0.0,5.729012181857543,4.995485779793767,7.789406628928448,1.0,8.0,2.0,17.0,0.21052816130474347,0.06055127912992802,0.12856808836239475,0.020087531341914034,5.0,4.0,8.0,6.631333333333332,6.827999999999999,9.791666666666666,5.729012181857543,4.995485779793767,7.789406628928448,1.496254267490382,3.0387265307212026,3.3202038112387617
27,0,0.0,1.6582280766035322,3.083300073258404,"(0, 1, 0, 0, 0, 1, 0, 0, 0, 0, 0, 1, 0, 0, 0, 1, 0, 0, 1, 1, 0, 0, 1, 1, 0)",6.0,10.0,10.0,11.0,7.192666666666667,13.313333333333333,11.975333333333333,16.094,0.0,3.2560321645712724,3.083300073258404,4.985720658898213,4.0,13.0,25.0,1.0,0.20296699384191857,0.006293973998460188,0.07227388491173561,0.022510657638164983,4.0,4.0,5.0,6.120666666666666,4.782666666666667,8.901333333333334,3.2560321645712724,3.083300073258404,4.985720658898213,4.750217360581761,2.8179373976316797,6.492978873852962
27,1,0.2857142857142857,1.6582280766035322,2.9139028628551498,"(1, 1, 1, 0, 0, 0, 0, 1, 1, 1, 0, 1, 0, 0, 1, 0, 0, 0, 1, 0, 0, 0, 0, 1, 0)",6.0,11.0,11.0,13.0,10.549333333333333,17.818666666666665,16.757666666666665,17.490333333333332,0.0,3.371923882369453,2.9139028628551498,3.939424804452403,1.0,1.0,17.0,14.0,0.16307869647576242,0.04655338232666432,0.05312663803190343,0.058449607810924474,5.0,5.0,7.0,7.269333333333332,6.208333333333332,6.940999999999999,3.371923882369453,2.9139028628551498,3.939424804452403,6.462793777608262,5.462917102565106,4.977296263293761
27,2,0.5714285714285714,1.6582280766035322,3.248081882181779,"(1, 1, 1, 1, 0, 0, 0, 0, 0, 0, 0, 1, 1, 0, 0, 1, 0, 0, 0, 1, 1, 1, 0, 0, 0)",5.0,8.0,8.0,11.0,6.701,11.810666666666666,12.202333333333334,16.758666666666667,0.0,3.248081882181779,3.298639413761779,4.4960182707425815,2.0,1.0,2.0,3.0,0.3613465842994893,0.04871694184879113,0.05476380800172594,0.015185065212350067,3.0,3.0,6.0,5.109666666666667,5.501333333333334,10.057666666666666,3.248081882181779,3.298639413761779,4.4960182707425815,3.086932156610776,3.652568901597435,9.222481522318315
27,3,0.8571428571428571,1.6582280766035322,1.4954177166156755,"(0, 1, 1, 0, 0, 1, 1, 0, 1, 0, 0, 1, 1, 0, 0, 1, 1, 1, 1, 1, 1, 1, 0, 1, 1)",9.0,12.0,14.0,13.0,11.314,16.259333333333334,16.912,17.425,0.0,1.4954177166156755,1.7793892747340307,2.4636570905444772,14.0,4.0,33.0,3.0,0.12678772525291265,0.11954224524722959,0.08212210358830538,0.03879438485110398,3.0,5.0,4.0,4.945333333333334,5.597999999999999,6.111000000000001,1.4954177166156755,1.7793892747340307,2.4636570905444772,5.720746937554211,6.3321275182554055,6.048126417459963
27,4,1.1428571428571428,1.6582280766035322,1.9983951417623405,"(0, 1, 1, 1, 1, 0, 1, 0, 0, 0, 1, 0, 0, 0, 0, 0, 0, 0, 0, 1, 1, 0, 1, 0, 1)",6.0,10.0,10.0,12.0,8.205666666666668,14.929,12.921666666666667,16.014333333333333,0.0,2.3012520751975694,1.9983951417623405,3.6863791999627034,3.0,4.0,11.0,16.0,0.2306895711450711,0.02498004913868295,0.03315317583384783,0.017166283559737042,4.0,4.0,6.0,6.723333333333333,4.715999999999999,7.8086666666666655,2.3012520751975694,1.9983951417623405,3.6863791999627034,7.3328192992629955,4.506408677043848,6.83569281711936
27,5,1.4285714285714284,1.6582280766035322,2.996261523993126,"(0, 1, 0, 0, 1, 1, 0, 1, 1, 0, 1, 1, 0, 0, 1, 1, 1, 0, 0, 0, 0, 1, 0, 0, 1)",7.0,10.0,11.0,14.0,8.224333333333334,16.672666666666668,14.832333333333333,19.618,0.0,3.0369065366263195,2.996261523993126,4.0046760792667495,6.0,6.0,5.0,11.0,0.2452005290781396,0.0456580226586743,0.03415610468642738,0.01695413437596303,3.0,4.0,7.0,8.448333333333334,6.607999999999999,11.393666666666665,3.0369065366263195,2.996261523993126,4.0046760792667495,8.973379848784287,5.989086146263849,12.252631649785766
27,6,1.7142857142857142,1.6582280766035322,3.2868199325268774,"(0, 0, 0, 0, 0, 0, 0, 1, 1, 0, 1, 1, 0, 1, 1, 0, 1, 1, 0, 0, 1, 0, 0, 0, 1)",5.0,9.0,10.0,12.0,7.450666666666667,11.429666666666666,14.969333333333333,16.225666666666665,0.0,4.319334069180474,3.2868199325268774,4.477049984021877,1.0,3.0,5.0,3.0,0.33952515333588584,0.024334375643748723,0.05382022294778674,0.031928796390330985,4.0,5.0,7.0,3.978999999999999,7.518666666666666,8.774999999999999,4.319334069180474,3.2868199325268774,4.477049984021877,-0.5643515089397926,7.017367070433561,7.126981388333521
27,7,2.0,1.6582280766035322,4.995485779793767,"(0, 1, 0, 0, 0, 0, 0, 0, 0, 0, 0, 0, 1, 0, 0, 0, 0, 1, 0, 0, 0, 1, 0, 0, 0)",2.0,7.0,6.0,10.0,3.0046666666666666,9.636,9.832666666666666,12.796333333333333,0.0,5.729012181857543,4.995485779793767,7.789406628928448,1.0,8.0,2.0,17.0,0.21052816130474347,0.06055127912992802,0.12856808836239475,0.020087531341914034,5.0,4.0,8.0,6.631333333333332,6.827999999999999,9.791666666666666,5.729012181857543,4.995485779793767,7.789406628928448,1.496254267490382,3.0387265307212026,3.3202038112387617
28,0,0.0,1.6582280766035322,3.083300073258404,"(0, 1, 0, 0, 0, 1, 0, 0, 0, 0, 0, 1, 0, 0, 0, 1, 0, 0, 1, 1, 0, 0, 1, 1, 0)",6.0,10.0,10.0,11.0,7.192666666666667,13.313333333333333,11.975333333333333,16.094,0.0,3.2560321645712724,3.083300073258404,4.985720658898213,4.0,13.0,25.0,1.0,0.20296699384191857,0.006293973998460188,0.07227388491173561,0.022510657638164983,4.0,4.0,5.0,6.120666666666666,4.782666666666667,8.901333333333334,3.2560321645712724,3.083300073258404,4.985720658898213,4.750217360581761,2.8179373976316797,6.492978873852962
28,1,0.2857142857142857,1.6582280766035322,2.9139028628551498,"(1, 1, 1, 0, 0, 0, 0, 1, 1, 1, 0, 1, 0, 0, 1, 0, 0, 0, 1, 0, 0, 0, 0, 1, 0)",6.0,11.0,11.0,13.0,10.549333333333333,17.818666666666665,16.757666666666665,17.490333333333332,0.0,3.371923882369453,2.9139028628551498,3.939424804452403,1.0,1.0,17.0,14.0,0.16307869647576242,0.04655338232666432,0.05312663803190343,0.058449607810924474,5.0,5.0,7.0,7.269333333333332,6.208333333333332,6.940999999999999,3.371923882369453,2.9139028628551498,3.939424804452403,6.462793777608262,5.462917102565106,4.977296263293761
28,2,0.5714285714285714,1.6582280766035322,3.248081882181779,"(1, 1, 1, 1, 0, 0, 0, 0, 0, 0, 0, 1, 1, 0, 0, 1, 0, 0, 0, 1, 1, 1, 0, 0, 0)",5.0,8.0,8.0,11.0,6.701,11.810666666666666,12.202333333333334,16.758666666666667,0.0,3.248081882181779,3.298639413761779,4.4960182707425815,2.0,1.0,2.0,3.0,0.3613465842994893,0.04871694184879113,0.05476380800172594,0.015185065212350067,3.0,3.0,6.0,5.109666666666667,5.501333333333334,10.057666666666666,3.248081882181779,3.298639413761779,4.4960182707425815,3.086932156610776,3.652568901597435,9.222481522318315
28,3,0.8571428571428571,1.6582280766035322,2.837845468408268,"(1, 1, 1, 0, 0, 1, 1, 0, 1, 0, 0, 1, 1, 0, 0, 1, 1, 1, 1, 1, 0, 1, 0, 1, 1)",11.0,13.0,13.0,15.0,13.508666666666667,17.667,17.482,18.607333333333333,0.0,2.837845468408268,3.093231016961618,3.4147798657714508,68.0,4.0,8.0,2.0,0.08364306677187273,0.0291429741654416,0.03421987399441453,0.04798845483872709,2.0,2.0,4.0,4.158333333333335,3.9733333333333327,5.0986666666666665,2.837845468408268,3.093231016961618,3.4147798657714508,2.189670052432999,1.4594103712913815,2.7922683710665486
28,4,1.1428571428571428,1.6582280766035322,1.9983951417623405,"(0, 1, 1, 1, 1, 0, 1, 0, 0, 0, 1, 0, 0, 0, 0, 0, 0, 0, 0, 1, 1, 0, 1, 0, 1)",6.0,10.0,10.0,12.0,8.205666666666668,14.929,12.921666666666667,16.014333333333333,0.0,2.3012520751975694,1.9983951417623405,3.6863791999627034,3.0,4.0,11.0,16.0,0.2306895711450711,0.02498004913868295,0.03315317583384783,0.017166283559737042,4.0,4.0,6.0,6.723333333333333,4.715999999999999,7.8086666666666655,2.3012520751975694,1.9983951417623405,3.6863791999627034,7.3328192992629955,4.506408677043848,6.83569281711936
28,5,1.4285714285714284,1.6582280766035322,2.2385802662801586,"(0, 1, 0, 0, 1, 1, 0, 1, 1, 0, 1, 1, 0, 0, 1, 1, 1, 1, 1, 0, 0, 1, 0, 0, 1)",8.0,11.0,11.0,13.0,10.61,14.433,15.540333333333333,17.372333333333334,0.0,2.2385802662801586,2.3943339445642473,3.162719985749511,6.0,6.0,7.0,4.0,0.31873280754388306,0.03224463492261385,0.03134681894165741,0.018954336979482612,3.0,3.0,5.0,3.8230000000000004,4.9303333333333335,6.762333333333334,2.2385802662801586,2.3943339445642473,3.162719985749511,2.627329287578934,4.205265388706295,5.968979917880325
28,6,1.7142857142857142,1.6582280766035322,3.0634105487173646,"(0, 0, 0, 0, 0, 0, 1, 0, 1, 0, 1, 1, 0, 1, 1, 0, 1, 1, 0, 0, 1, 0, 0, 0, 1)",5.0,9.0,8.0,13.0,5.667,13.358666666666666,12.118666666666666,17.386,0.0,4.251521753225593,3.0634105487173646,5.2275916486272465,1.0,1.0,2.0,17.0,0.2815113212664673,0.041552299743302316,0.022327303712898424,0.02352569979088405,4.0,3.0,8.0,7.691666666666666,6.451666666666666,11.719,4.251521753225593,3.0634105487173646,5.2275916486272465,5.704544883052815,5.618501425507221,10.764235584944947
28,7,2.0,1.6582280766035322,5.784083778757187,"(0, 1, 0, 0, 0, 0, 0, 0, 0, 0, 0, 0, 0, 0, 0, 0, 0, 0, 0, 0, 0, 1, 0, 0, 0)",1.0,6.0,5.0,10.0,1.774,8.543,7.526,12.774666666666667,0.0,5.784083778757187,6.123025597614951,8.482011647012932,1.0,4.0,1.0,37.0,0.4408304084122221,0.03338297476129224,0.13756315514403708,0.043488279866052325,5.0,4.0,9.0,6.768999999999999,5.752,11.000666666666667,5.784083778757187,6.123025597614951,8.482011647012932,1.6332157311670883,-0.615245063103716,4.176504468868245
29,0,0.0,1.6582280766035322,3.083300073258404,"(0, 1, 0, 0, 0, 1, 0, 0, 0, 0, 0, 1, 0, 0, 0, 1, 0, 0, 1, 1, 0, 0, 1, 1, 0)",6.0,10.0,10.0,11.0,7.192666666666667,13.313333333333333,11.975333333333333,16.094,0.0,3.2560321645712724,3.083300073258404,4.985720658898213,4.0,13.0,25.0,1.0,0.20296699384191857,0.006293973998460188,0.07227388491173561,0.022510657638164983,4.0,4.0,5.0,6.120666666666666,4.782666666666667,8.901333333333334,3.2560321645712724,3.083300073258404,4.985720658898213,4.750217360581761,2.8179373976316797,6.492978873852962
29,1,0.2857142857142857,1.6582280766035322,2.9139028628551498,"(1, 1, 1, 0, 0, 0, 0, 1, 1, 1, 0, 1, 0, 0, 1, 0, 0, 0, 1, 0, 0, 0, 0, 1, 0)",6.0,11.0,11.0,13.0,10.549333333333333,17.818666666666665,16.757666666666665,17.490333333333332,0.0,3.371923882369453,2.9139028628551498,3.939424804452403,1.0,1.0,17.0,14.0,0.16307869647576242,0.04655338232666432,0.05312663803190343,0.058449607810924474,5.0,5.0,7.0,7.269333333333332,6.208333333333332,6.940999999999999,3.371923882369453,2.9139028628551498,3.939424804452403,6.462793777608262,5.462917102565106,4.977296263293761
29,2,0.5714285714285714,1.6582280766035322,3.248081882181779,"(1, 1, 1, 1, 0, 0, 0, 0, 0, 0, 0, 1, 1, 0, 0, 1, 0, 0, 0, 1, 1, 1, 0, 0, 0)",5.0,8.0,8.0,11.0,6.701,11.810666666666666,12.202333333333334,16.758666666666667,0.0,3.248081882181779,3.298639413761779,4.4960182707425815,2.0,1.0,2.0,3.0,0.3613465842994893,0.04871694184879113,0.05476380800172594,0.015185065212350067,3.0,3.0,6.0,5.109666666666667,5.501333333333334,10.057666666666666,3.248081882181779,3.298639413761779,4.4960182707425815,3.086932156610776,3.652568901597435,9.222481522318315
29,3,0.8571428571428571,1.6582280766035322,2.837845468408268,"(1, 1, 1, 0, 0, 1, 1, 0, 1, 0, 0, 1, 1, 0, 0, 1, 1, 1, 1, 1, 0, 1, 0, 1, 1)",11.0,13.0,13.0,15.0,13.508666666666667,17.667,17.482,18.607333333333333,0.0,2.837845468408268,3.093231016961618,3.4147798657714508,68.0,4.0,8.0,2.0,0.08364306677187273,0.0291429741654416,0.03421987399441453,0.04798845483872709,2.0,2.0,4.0,4.158333333333335,3.9733333333333327,5.0986666666666665,2.837845468408268,3.093231016961618,3.4147798657714508,2.189670052432999,1.4594103712913815,2.7922683710665486
29,4,1.1428571428571428,1.6582280766035322,3.3274833699164783,"(0, 1, 1, 1, 1, 0, 1, 0, 0, 0, 1, 0, 0, 0, 0, 0, 0, 0, 0, 1, 0, 1, 1, 0, 1)",6.0,9.0,10.0,13.0,8.343333333333334,14.492666666666667,15.292,16.968,0.0,3.3274833699164783,3.3900999045646683,4.922440833019382,4.0,3.0,4.0,3.0,0.20778070593289702,0.051932629941167645,0.042500609250266864,0.025646440101641202,3.0,4.0,7.0,6.149333333333333,6.948666666666666,8.624666666666666,3.3274833699164783,3.3900999045646683,4.922440833019382,4.6792708373004785,5.900915317385655,6.139134823280845
29,5,1.4285714285714284,1.6582280766035322,3.0264781245001227,"(0, 1, 0, 0, 1, 1, 0, 1, 1, 0, 0, 1, 0, 0, 1, 0, 1, 1, 1, 0, 0, 1, 0, 0, 1)",7.0,10.0,13.0,14.0,9.357,15.271333333333333,17.045666666666666,18.101333333333333,0.0,3.0264781245001227,3.5536104052959794,4.1036538706835755,2.0,2.0,7.0,6.0,0.19839304163310512,0.08114671487111971,0.013410132354949516,0.020576066435981203,3.0,6.0,7.0,5.914333333333333,7.688666666666666,8.744333333333334,3.0264781245001227,3.5536104052959794,4.1036538706835755,4.788722588452987,6.856866390940108,7.695304979483222
29,6,1.7142857142857142,1.6582280766035322,4.010783886015574,"(0, 0, 0, 0, 0, 0, 1, 0, 1, 0, 1, 1, 0, 1, 1, 0, 0, 0, 0, 0, 1, 0, 0, 0, 1)",4.0,7.0,7.0,10.0,5.158666666666667,10.747333333333334,12.496,16.462,0.0,4.548685436931148,4.010783886015574,6.647357315436987,1.0,1.0,2.0,1.0,0.27298714311263883,0.06939259339152203,0.12221118298947414,0.03016497949524382,3.0,3.0,6.0,5.588666666666667,7.3373333333333335,11.303333333333333,4.548685436931148,4.010783886015574,6.647357315436987,1.7245260742881052,5.516177691752272,7.72067015686843
29,7,2.0,1.6582280766035322,5.445667065457018,"(0, 1, 0, 0, 0, 0, 0, 1, 0, 0, 0, 0, 1, 0, 0, 0, 0, 0, 0, 0, 0, 1, 0, 0, 0)",2.0,7.0,6.0,10.0,2.5356666666666667,9.427333333333333,13.858,15.475333333333333,0.0,5.445667065457018,5.68342012212915,7.951433936769022,1.0,6.0,1.0,5.0,0.3053955733309028,0.03544250187909198,0.03340599347222728,0.0671283915815634,5.0,4.0,8.0,6.891666666666667,11.322333333333333,12.939666666666668,5.445667065457018,5.68342012212915,7.951433936769022,2.3977971374833507,9.35060420834936,8.27162756534896
30,0,0.0,1.6582280766035322,2.9139028628551498,"(1, 1, 1, 0, 0, 0, 0, 1, 1, 1, 0, 1, 0, 0, 1, 0, 0, 0, 1, 0, 0, 0, 0, 1, 0)",6.0,11.0,11.0,13.0,10.549333333333333,17.818666666666665,16.757666666666665,17.490333333333332,0.0,3.371923882369453,2.9139028628551498,3.939424804452403,1.0,1.0,17.0,14.0,0.16307869647576242,0.04655338232666432,0.05312663803190343,0.058449607810924474,5.0,5.0,7.0,7.269333333333332,6.208333333333332,6.940999999999999,3.371923882369453,2.9139028628551498,3.939424804452403,6.462793777608262,5.462917102565106,4.977296263293761
30,1,0.2857142857142857,1.6582280766035322,4.232277095158787,"(1, 1, 1, 1, 0, 0, 0, 0, 0, 0, 0, 0, 0, 0, 0, 1, 0, 0, 0, 1, 1, 1, 0, 0, 0)",4.0,8.0,7.0,10.0,4.6946666666666665,12.224333333333334,10.385333333333334,12.259,0.0,4.648768713732375,4.232277095158787,5.881228306911545,2.0,2.0,2.0,6.0,0.3458442717028108,0.038391600878660365,0.09739278895009984,0.025068599195375997,4.0,3.0,6.0,7.529666666666667,5.690666666666667,7.564333333333334,4.648768713732375,4.232277095158787,5.881228306911545,4.777185871385285,2.4183425341001605,2.79097201068514
30,2,0.5714285714285714,1.6582280766035322,2.837845468408268,"(1, 1, 1, 0, 0, 1, 1, 0, 1, 0, 0, 1, 1, 0, 0, 1, 1, 1, 1, 1, 0, 1, 0, 1, 1)",11.0,13.0,13.0,15.0,13.508666666666667,17.667,17.482,18.607333333333333,0.0,2.837845468408268,3.093231016961618,3.4147798657714508,68.0,4.0,8.0,2.0,0.08364306677187273,0.0291429741654416,0.03421987399441453,0.04798845483872709,2.0,2.0,4.0,4.158333333333335,3.9733333333333327,5.0986666666666665,2.837845468408268,3.093231016961618,3.4147798657714508,2.189670052432999,1.4594103712913815,2.7922683710665486
30,3,0.8571428571428571,1.6582280766035322,3.3274833699164783,"(0, 1, 1, 1, 1, 0, 1, 0, 0, 0, 1, 0, 0, 0, 0, 0, 0, 0, 0, 1, 0, 1, 1, 0, 1)",6.0,9.0,10.0,13.0,8.343333333333334,14.492666666666667,15.292,16.968,0.0,3.3274833699164783,3.3900999045646683,4.922440833019382,4.0,3.0,4.0,3.0,0.20778070593289702,0.051932629941167645,0.042500609250266864,0.025646440101641202,3.0,4.0,7.0,6.149333333333333,6.948666666666666,8.624666666666666,3.3274833699164783,3.3900999045646683,4.922440833019382,4.6792708373004785,5.900915317385655,6.139134823280845
30,4,1.1428571428571428,1.6582280766035322,3.044819969503,"(0, 1, 0, 0, 1, 1, 0, 1, 1, 0, 0, 1, 1, 0, 1, 0, 1, 0, 1, 0, 0, 1, 0, 0, 1)",8.0,11.0,11.0,14.0,11.056333333333333,16.925666666666668,15.066666666666666,18.97533333333333,0.0,3.2527157084180662,3.044819969503,4.289559662827239,10.0,2.0,13.0,2.0,0.14859267134746348,0.03989281049569582,0.01965008340156131,0.017379629347812096,3.0,3.0,6.0,5.869333333333335,4.0103333333333335,7.918999999999999,3.2527157084180662,3.044819969503,4.289559662827239,4.338948811370149,1.6010413682393803,6.018439869457261
30,5,1.4285714285714284,1.6582280766035322,4.010783886015574,"(0, 0, 0, 0, 0, 0, 1, 0, 1, 0, 1, 1, 0, 1, 1, 0, 0, 0, 0, 0, 1, 0, 0, 0, 1)",4.0,7.0,7.0,10.0,5.158666666666667,10.747333333333334,12.496,16.462,0.0,4.548685436931148,4.010783886015574,6.647357315436987,1.0,1.0,2.0,1.0,0.27298714311263883,0.06939259339152203,0.12221118298947414,0.03016497949524382,3.0,3.0,6.0,5.588666666666667,7.3373333333333335,11.303333333333333,4.548685436931148,4.010783886015574,6.647357315436987,1.7245260742881052,5.516177691752272,7.72067015686843
30,6,1.7142857142857142,1.6582280766035322,3.083300073258404,"(0, 1, 0, 0, 0, 1, 0, 0, 0, 0, 0, 1, 0, 0, 0, 1, 0, 0, 1, 1, 0, 0, 1, 1, 0)",6.0,10.0,10.0,11.0,7.192666666666667,13.313333333333333,11.975333333333333,16.094,0.0,3.2560321645712724,3.083300073258404,4.985720658898213,4.0,13.0,25.0,1.0,0.20296699384191857,0.006293973998460188,0.07227388491173561,0.022510657638164983,4.0,4.0,5.0,6.120666666666666,4.782666666666667,8.901333333333334,3.2560321645712724,3.083300073258404,4.985720658898213,4.750217360581761,2.8179373976316797,6.492978873852962
30,7,2.0,1.6582280766035322,5.445667065457018,"(0, 1, 0, 0, 0, 0, 0, 1, 0, 0, 0, 0, 1, 0, 0, 0, 0, 0, 0, 0, 0, 1, 0, 0, 0)",2.0,7.0,6.0,10.0,2.5356666666666667,9.427333333333333,13.858,15.475333333333333,0.0,5.445667065457018,5.68342012212915,7.951433936769022,1.0,6.0,1.0,5.0,0.3053955733309028,0.03544250187909198,0.03340599347222728,0.0671283915815634,5.0,4.0,8.0,6.891666666666667,11.322333333333333,12.939666666666668,5.445667065457018,5.68342012212915,7.951433936769022,2.3977971374833507,9.35060420834936,8.27162756534896
31,0,0.0,1.6582280766035322,2.9139028628551498,"(1, 1, 1, 0, 0, 0, 0, 1, 1, 1, 0, 1, 0, 0, 1, 0, 0, 0, 1, 0, 0, 0, 0, 1, 0)",6.0,11.0,11.0,13.0,10.549333333333333,17.818666666666665,16.757666666666665,17.490333333333332,0.0,3.371923882369453,2.9139028628551498,3.939424804452403,1.0,1.0,17.0,14.0,0.16307869647576242,0.04655338232666432,0.05312663803190343,0.058449607810924474,5.0,5.0,7.0,7.269333333333332,6.208333333333332,6.940999999999999,3.371923882369453,2.9139028628551498,3.939424804452403,6.462793777608262,5.462917102565106,4.977296263293761
31,1,0.2857142857142857,1.6582280766035322,4.232277095158787,"(1, 1, 1, 1, 0, 0, 0, 0, 0, 0, 0, 0, 0, 0, 0, 1, 0, 0, 0, 1, 1, 1, 0, 0, 0)",4.0,8.0,7.0,10.0,4.6946666666666665,12.224333333333334,10.385333333333334,12.259,0.0,4.648768713732375,4.232277095158787,5.881228306911545,2.0,2.0,2.0,6.0,0.3458442717028108,0.038391600878660365,0.09739278895009984,0.025068599195375997,4.0,3.0,6.0,7.529666666666667,5.690666666666667,7.564333333333334,4.648768713732375,4.232277095158787,5.881228306911545,4.777185871385285,2.4183425341001605,2.79097201068514
31,2,0.5714285714285714,1.6582280766035322,2.05381680903371,"(1, 1, 1, 0, 0, 1, 1, 0, 1, 0, 0, 1, 1, 0, 1, 1, 1, 1, 1, 0, 0, 1, 0, 1, 1)",10.0,12.0,13.0,14.0,13.194,17.597,19.144333333333332,19.323666666666668,0.0,2.3785439283236984,2.05381680903371,2.593634534615585,16.0,4.0,1.0,4.0,0.1759297438703852,0.047391845284808394,0.042227755406156205,0.024145702219292752,2.0,3.0,4.0,4.4030000000000005,5.950333333333331,6.129666666666667,2.3785439283236984,2.05381680903371,2.593634534615585,3.357009897904137,6.461313101543241,5.863547761139353
31,3,0.8571428571428571,1.6582280766035322,3.3274833699164783,"(0, 1, 1, 1, 1, 0, 1, 0, 0, 0, 1, 0, 0, 0, 0, 0, 0, 0, 0, 1, 0, 1, 1, 0, 1)",6.0,9.0,10.0,13.0,8.343333333333334,14.492666666666667,15.292,16.968,0.0,3.3274833699164783,3.3900999045646683,4.922440833019382,4.0,3.0,4.0,3.0,0.20778070593289702,0.051932629941167645,0.042500609250266864,0.025646440101641202,3.0,4.0,7.0,6.149333333333333,6.948666666666666,8.624666666666666,3.3274833699164783,3.3900999045646683,4.922440833019382,4.6792708373004785,5.900915317385655,6.139134823280845
31,4,1.1428571428571428,1.6582280766035322,3.044819969503,"(0, 1, 0, 0, 1, 1, 0, 1, 1, 0, 0, 1, 1, 0, 1, 0, 1, 0, 1, 0, 0, 1, 0, 0, 1)",8.0,11.0,11.0,14.0,11.056333333333333,16.925666666666668,15.066666666666666,18.97533333333333,0.0,3.2527157084180662,3.044819969503,4.289559662827239,10.0,2.0,13.0,2.0,0.14859267134746348,0.03989281049569582,0.01965008340156131,0.017379629347812096,3.0,3.0,6.0,5.869333333333335,4.0103333333333335,7.918999999999999,3.2527157084180662,3.044819969503,4.289559662827239,4.338948811370149,1.6010413682393803,6.018439869457261
31,5,1.4285714285714284,1.6582280766035322,4.010783886015574,"(0, 0, 0, 0, 0, 0, 1, 0, 1, 0, 1, 1, 0, 1, 1, 0, 0, 0, 0, 0, 1, 0, 0, 0, 1)",4.0,7.0,7.0,10.0,5.158666666666667,10.747333333333334,12.496,16.462,0.0,4.548685436931148,4.010783886015574,6.647357315436987,1.0,1.0,2.0,1.0,0.27298714311263883,0.06939259339152203,0.12221118298947414,0.03016497949524382,3.0,3.0,6.0,5.588666666666667,7.3373333333333335,11.303333333333333,4.548685436931148,4.010783886015574,6.647357315436987,1.7245260742881052,5.516177691752272,7.72067015686843
31,6,1.7142857142857142,1.6582280766035322,3.083300073258404,"(0, 1, 0, 0, 0, 1, 0, 0, 0, 0, 0, 1, 0, 0, 0, 1, 0, 0, 1, 1, 0, 0, 1, 1, 0)",6.0,10.0,10.0,11.0,7.192666666666667,13.313333333333333,11.975333333333333,16.094,0.0,3.2560321645712724,3.083300073258404,4.985720658898213,4.0,13.0,25.0,1.0,0.20296699384191857,0.006293973998460188,0.07227388491173561,0.022510657638164983,4.0,4.0,5.0,6.120666666666666,4.782666666666667,8.901333333333334,3.2560321645712724,3.083300073258404,4.985720658898213,4.750217360581761,2.8179373976316797,6.492978873852962
31,7,2.0,1.6582280766035322,5.008226498849004,"(0, 1, 0, 0, 0, 0, 0, 1, 0, 0, 0, 0, 1, 0, 0, 0, 0, 0, 1, 0, 0, 1, 0, 1, 0)",3.0,8.0,7.0,10.0,3.6926666666666668,10.833666666666666,9.441333333333333,14.429666666666666,0.0,5.008226498849004,5.390595468557374,6.681387840520173,1.0,6.0,3.0,2.0,0.22549213054658346,0.1597764300836772,0.08298930642099328,0.015871057997554266,5.0,4.0,7.0,7.140999999999999,5.748666666666666,10.736999999999998,5.008226498849004,5.390595468557374,6.681387840520173,3.536624900644595,0.5937637141278942,6.725129950664128
32,0,0.0,1.6582280766035322,2.9139028628551498,"(1, 1, 1, 0, 0, 0, 0, 1, 1, 1, 0, 1, 0, 0, 1, 0, 0, 0, 1, 0, 0, 0, 0, 1, 0)",6.0,11.0,11.0,13.0,10.549333333333333,17.818666666666665,16.757666666666665,17.490333333333332,0.0,3.371923882369453,2.9139028628551498,3.939424804452403,1.0,1.0,17.0,14.0,0.16307869647576242,0.04655338232666432,0.05312663803190343,0.058449607810924474,5.0,5.0,7.0,7.269333333333332,6.208333333333332,6.940999999999999,3.371923882369453,2.9139028628551498,3.939424804452403,6.462793777608262,5.462917102565106,4.977296263293761
32,1,0.2857142857142857,1.6582280766035322,1.3547815509632888,"(0, 1, 1, 1, 1, 0, 0, 0, 0, 0, 0, 0, 0, 0, 0, 1, 0, 0, 0, 1, 1, 1, 0, 0, 0)",4.0,8.0,9.0,11.0,6.249333333333333,11.409333333333333,12.017333333333333,16.444666666666667,0.0,1.3547815509632888,2.0443096347278495,4.2179610594307775,1.0,2.0,8.0,8.0,0.31700895690855957,0.0231382457727456,0.014732844984987479,0.008613116758978238,4.0,5.0,7.0,5.159999999999999,5.768,10.195333333333334,1.3547815509632888,2.0443096347278495,4.2179610594307775,6.309920069802421,6.174727912272342,9.911846528896717
32,2,0.5714285714285714,1.6582280766035322,2.05381680903371,"(1, 1, 1, 0, 0, 1, 1, 0, 1, 0, 0, 1, 1, 0, 1, 1, 1, 1, 1, 0, 0, 1, 0, 1, 1)",10.0,12.0,13.0,14.0,13.194,17.597,19.144333333333332,19.323666666666668,0.0,2.3785439283236984,2.05381680903371,2.593634534615585,16.0,4.0,1.0,4.0,0.1759297438703852,0.047391845284808394,0.042227755406156205,0.024145702219292752,2.0,3.0,4.0,4.4030000000000005,5.950333333333331,6.129666666666667,2.3785439283236984,2.05381680903371,2.593634534615585,3.357009897904137,6.461313101543241,5.863547761139353
32,3,0.8571428571428571,1.6582280766035322,3.6437535260157885,"(1, 0, 1, 1, 1, 0, 1, 0, 0, 0, 1, 0, 0, 0, 0, 0, 0, 0, 0, 1, 0, 1, 1, 0, 1)",6.0,10.0,10.0,12.0,7.073333333333333,16.791333333333334,15.075,17.714,0.0,3.6437535260157885,3.987237047327804,4.627239385871141,2.0,3.0,5.0,2.0,0.1771955757378357,0.025277036571616538,0.06522095733103529,0.039878135050017006,4.0,4.0,6.0,9.718,8.001666666666665,10.640666666666664,3.6437535260157885,3.987237047327804,4.627239385871141,10.072486047370626,6.656839906336529,9.97163395362877
32,4,1.1428571428571428,1.6582280766035322,3.044819969503,"(0, 1, 0, 0, 1, 1, 0, 1, 1, 0, 0, 1, 1, 0, 1, 0, 1, 0, 1, 0, 0, 1, 0, 0, 1)",8.0,11.0,11.0,14.0,11.056333333333333,16.925666666666668,15.066666666666666,18.97533333333333,0.0,3.2527157084180662,3.044819969503,4.289559662827239,10.0,2.0,13.0,2.0,0.14859267134746348,0.03989281049569582,0.01965008340156131,0.017379629347812096,3.0,3.0,6.0,5.869333333333335,4.0103333333333335,7.918999999999999,3.2527157084180662,3.044819969503,4.289559662827239,4.338948811370149,1.6010413682393803,6.018439869457261
32,5,1.4285714285714284,1.6582280766035322,4.010783886015574,"(0, 0, 0, 0, 0, 0, 1, 0, 1, 0, 1, 1, 0, 1, 1, 0, 0, 0, 0, 0, 1, 0, 0, 0, 1)",4.0,7.0,7.0,10.0,5.158666666666667,10.747333333333334,12.496,16.462,0.0,4.548685436931148,4.010783886015574,6.647357315436987,1.0,1.0,2.0,1.0,0.27298714311263883,0.06939259339152203,0.12221118298947414,0.03016497949524382,3.0,3.0,6.0,5.588666666666667,7.3373333333333335,11.303333333333333,4.548685436931148,4.010783886015574,6.647357315436987,1.7245260742881052,5.516177691752272,7.72067015686843
32,6,1.7142857142857142,1.6582280766035322,3.083300073258404,"(0, 1, 0, 0, 0, 1, 0, 0, 0, 0, 0, 1, 0, 0, 0, 1, 0, 0, 1, 1, 0, 0, 1, 1, 0)",6.0,10.0,10.0,11.0,7.192666666666667,13.313333333333333,11.975333333333333,16.094,0.0,3.2560321645712724,3.083300073258404,4.985720658898213,4.0,13.0,25.0,1.0,0.20296699384191857,0.006293973998460188,0.07227388491173561,0.022510657638164983,4.0,4.0,5.0,6.120666666666666,4.782666666666667,8.901333333333334,3.2560321645712724,3.083300073258404,4.985720658898213,4.750217360581761,2.8179373976316797,6.492978873852962
32,7,2.0,1.6582280766035322,5.008226498849004,"(0, 1, 0, 0, 0, 0, 0, 1, 0, 0, 0, 0, 1, 0, 0, 0, 0, 0, 1, 0, 0, 1, 0, 1, 0)",3.0,8.0,7.0,10.0,3.6926666666666668,10.833666666666666,9.441333333333333,14.429666666666666,0.0,5.008226498849004,5.390595468557374,6.681387840520173,1.0,6.0,3.0,2.0,0.22549213054658346,0.1597764300836772,0.08298930642099328,0.015871057997554266,5.0,4.0,7.0,7.140999999999999,5.748666666666666,10.736999999999998,5.008226498849004,5.390595468557374,6.681387840520173,3.536624900644595,0.5937637141278942,6.725129950664128
33,0,0.0,1.6582280766035322,2.9139028628551498,"(1, 1, 1, 0, 0, 0, 0, 1, 1, 1, 0, 1, 0, 0, 1, 0, 0, 0, 1, 0, 0, 0, 0, 1, 0)",6.0,11.0,11.0,13.0,10.549333333333333,17.818666666666665,16.757666666666665,17.490333333333332,0.0,3.371923882369453,2.9139028628551498,3.939424804452403,1.0,1.0,17.0,14.0,0.16307869647576242,0.04655338232666432,0.05312663803190343,0.058449607810924474,5.0,5.0,7.0,7.269333333333332,6.208333333333332,6.940999999999999,3.371923882369453,2.9139028628551498,3.939424804452403,6.462793777608262,5.462917102565106,4.977296263293761
33,1,0.2857142857142857,1.6582280766035322,1.3547815509632888,"(0, 1, 1, 1, 1, 0, 0, 0, 0, 0, 0, 0, 0, 0, 0, 1, 0, 0, 0, 1, 1, 1, 0, 0, 0)",4.0,8.0,9.0,11.0,6.249333333333333,11.409333333333333,12.017333333333333,16.444666666666667,0.0,1.3547815509632888,2.0443096347278495,4.2179610594307775,1.0,2.0,8.0,8.0,0.31700895690855957,0.0231382457727456,0.014732844984987479,0.008613116758978238,4.0,5.0,7.0,5.159999999999999,5.768,10.195333333333334,1.3547815509632888,2.0443096347278495,4.2179610594307775,6.309920069802421,6.174727912272342,9.911846528896717
33,2,0.5714285714285714,1.6582280766035322,2.05381680903371,"(1, 1, 1, 0, 0, 1, 1, 0, 1, 0, 0, 1, 1, 0, 1, 1, 1, 1, 1, 0, 0, 1, 0, 1, 1)",10.0,12.0,13.0,14.0,13.194,17.597,19.144333333333332,19.323666666666668,0.0,2.3785439283236984,2.05381680903371,2.593634534615585,16.0,4.0,1.0,4.0,0.1759297438703852,0.047391845284808394,0.042227755406156205,0.024145702219292752,2.0,3.0,4.0,4.4030000000000005,5.950333333333331,6.129666666666667,2.3785439283236984,2.05381680903371,2.593634534615585,3.357009897904137,6.461313101543241,5.863547761139353
33,3,0.8571428571428571,1.6582280766035322,4.449716857892528,"(1, 0, 1, 1, 1, 0, 1, 0, 0, 0, 1, 0, 0, 0, 0, 0, 0, 0, 0, 0, 0, 1, 1, 0, 0)",5.0,9.0,10.0,12.0,6.953,12.233,13.823666666666666,17.97,0.0,4.669533414202732,4.449716857892528,5.745483914085138,2.0,5.0,5.0,3.0,0.28389608109032094,0.13661546355214765,0.06022958894436346,0.020356846609337422,4.0,5.0,7.0,5.28,6.870666666666666,11.017,4.669533414202732,4.449716857892528,5.745483914085138,1.0122928323973293,4.014486944957228,8.741375979931181
33,4,1.1428571428571428,1.6582280766035322,3.044819969503,"(0, 1, 0, 0, 1, 1, 0, 1, 1, 0, 0, 1, 1, 0, 1, 0, 1, 0, 1, 0, 0, 1, 0, 0, 1)",8.0,11.0,11.0,14.0,11.056333333333333,16.925666666666668,15.066666666666666,18.97533333333333,0.0,3.2527157084180662,3.044819969503,4.289559662827239,10.0,2.0,13.0,2.0,0.14859267134746348,0.03989281049569582,0.01965008340156131,0.017379629347812096,3.0,3.0,6.0,5.869333333333335,4.0103333333333335,7.918999999999999,3.2527157084180662,3.044819969503,4.289559662827239,4.338948811370149,1.6010413682393803,6.018439869457261
33,5,1.4285714285714284,1.6582280766035322,3.0611074541665277,"(0, 0, 0, 0, 0, 0, 1, 0, 1, 0, 1, 1, 0, 1, 1, 0, 0, 0, 1, 0, 1, 0, 0, 1, 1)",5.0,8.0,8.0,12.0,7.208666666666667,12.633666666666667,12.74,15.165333333333333,0.0,3.6528000814114816,3.0611074541665277,4.72900852788358,1.0,1.0,2.0,16.0,0.10528742150213233,0.08249752228181703,0.06931116011633139,0.0800502138672711,3.0,3.0,7.0,5.425,5.531333333333333,7.956666666666666,3.6528000814114816,3.0611074541665277,4.72900852788358,2.9387116623579748,4.096197908387041,5.352193347408014
33,6,1.7142857142857142,1.6582280766035322,3.083300073258404,"(0, 1, 0, 0, 0, 1, 0, 0, 0, 0, 0, 1, 0, 0, 0, 1, 0, 0, 1, 1, 0, 0, 1, 1, 0)",6.0,10.0,10.0,11.0,7.192666666666667,13.313333333333333,11.975333333333333,16.094,0.0,3.2560321645712724,3.083300073258404,4.985720658898213,4.0,13.0,25.0,1.0,0.20296699384191857,0.006293973998460188,0.07227388491173561,0.022510657638164983,4.0,4.0,5.0,6.120666666666666,4.782666666666667,8.901333333333334,3.2560321645712724,3.083300073258404,4.985720658898213,4.750217360581761,2.8179373976316797,6.492978873852962
33,7,2.0,1.6582280766035322,5.008226498849004,"(0, 1, 0, 0, 0, 0, 0, 1, 0, 0, 0, 0, 1, 0, 0, 0, 0, 0, 1, 0, 0, 1, 0, 1, 0)",3.0,8.0,7.0,10.0,3.6926666666666668,10.833666666666666,9.441333333333333,14.429666666666666,0.0,5.008226498849004,5.390595468557374,6.681387840520173,1.0,6.0,3.0,2.0,0.22549213054658346,0.1597764300836772,0.08298930642099328,0.015871057997554266,5.0,4.0,7.0,7.140999999999999,5.748666666666666,10.736999999999998,5.008226498849004,5.390595468557374,6.681387840520173,3.536624900644595,0.5937637141278942,6.725129950664128
34,0,0.0,1.6582280766035322,2.0944065473976856,"(1, 1, 1, 0, 0, 0, 0, 1, 1, 1, 0, 1, 0, 1, 0, 0, 0, 0, 1, 0, 0, 0, 0, 1, 0)",6.0,10.0,10.0,14.0,10.171,13.369333333333334,13.596666666666666,18.198333333333334,0.0,2.5251773521864695,2.0944065473976856,3.872902221445992,1.0,5.0,3.0,13.0,0.09686927510418027,0.06265592464196304,0.04694763717095924,0.012978326850713756,4.0,4.0,8.0,3.198333333333334,3.4256666666666664,8.027333333333335,2.5251773521864695,2.0944065473976856,3.872902221445992,1.1162461478713288,2.2075329070343908,6.888994312046822
34,1,0.2857142857142857,1.6582280766035322,1.3547815509632888,"(0, 1, 1, 1, 1, 0, 0, 0, 0, 0, 0, 0, 0, 0, 0, 1, 0, 0, 0, 1, 1, 1, 0, 0, 0)",4.0,8.0,9.0,11.0,6.249333333333333,11.409333333333333,12.017333333333333,16.444666666666667,0.0,1.3547815509632888,2.0443096347278495,4.2179610594307775,1.0,2.0,8.0,8.0,0.31700895690855957,0.0231382457727456,0.014732844984987479,0.008613116758978238,4.0,5.0,7.0,5.159999999999999,5.768,10.195333333333334,1.3547815509632888,2.0443096347278495,4.2179610594307775,6.309920069802421,6.174727912272342,9.911846528896717
34,2,0.5714285714285714,1.6582280766035322,2.05381680903371,"(1, 1, 1, 0, 0, 1, 1, 0, 1, 0, 0, 1, 1, 0, 1, 1, 1, 1, 1, 0, 0, 1, 0, 1, 1)",10.0,12.0,13.0,14.0,13.194,17.597,19.144333333333332,19.323666666666668,0.0,2.3785439283236984,2.05381680903371,2.593634534615585,16.0,4.0,1.0,4.0,0.1759297438703852,0.047391845284808394,0.042227755406156205,0.024145702219292752,2.0,3.0,4.0,4.4030000000000005,5.950333333333331,6.129666666666667,2.3785439283236984,2.05381680903371,2.593634534615585,3.357009897904137,6.461313101543241,5.863547761139353
34,3,0.8571428571428571,1.6582280766035322,4.449716857892528,"(1, 0, 1, 1, 1, 0, 1, 0, 0, 0, 1, 0, 0, 0, 0, 0, 0, 0, 0, 0, 0, 1, 1, 0, 0)",5.0,9.0,10.0,12.0,6.953,12.233,13.823666666666666,17.97,0.0,4.669533414202732,4.449716857892528,5.745483914085138,2.0,5.0,5.0,3.0,0.28389608109032094,0.13661546355214765,0.06022958894436346,0.020356846609337422,4.0,5.0,7.0,5.28,6.870666666666666,11.017,4.669533414202732,4.449716857892528,5.745483914085138,1.0122928323973293,4.014486944957228,8.741375979931181
34,4,1.1428571428571428,1.6582280766035322,3.044819969503,"(0, 1, 0, 0, 1, 1, 0, 1, 1, 0, 0, 1, 1, 0, 1, 0, 1, 0, 1, 0, 0, 1, 0, 0, 1)",8.0,11.0,11.0,14.0,11.056333333333333,16.925666666666668,15.066666666666666,18.97533333333333,0.0,3.2527157084180662,3.044819969503,4.289559662827239,10.0,2.0,13.0,2.0,0.14859267134746348,0.03989281049569582,0.01965008340156131,0.017379629347812096,3.0,3.0,6.0,5.869333333333335,4.0103333333333335,7.918999999999999,3.2527157084180662,3.044819969503,4.289559662827239,4.338948811370149,1.6010413682393803,6.018439869457261
34,5,1.4285714285714284,1.6582280766035322,3.0611074541665277,"(0, 0, 0, 0, 0, 0, 1, 0, 1, 0, 1, 1, 0, 1, 1, 0, 0, 0, 1, 0, 1, 0, 0, 1, 1)",5.0,8.0,8.0,12.0,7.208666666666667,12.633666666666667,12.74,15.165333333333333,0.0,3.6528000814114816,3.0611074541665277,4.72900852788358,1.0,1.0,2.0,16.0,0.10528742150213233,0.08249752228181703,0.06931116011633139,0.0800502138672711,3.0,3.0,7.0,5.425,5.531333333333333,7.956666666666666,3.6528000814114816,3.0611074541665277,4.72900852788358,2.9387116623579748,4.096197908387041,5.352193347408014
34,6,1.7142857142857142,1.6582280766035322,3.083300073258404,"(0, 1, 0, 0, 0, 1, 0, 0, 0, 0, 0, 1, 0, 0, 0, 1, 0, 0, 1, 1, 0, 0, 1, 1, 0)",6.0,10.0,10.0,11.0,7.192666666666667,13.313333333333333,11.975333333333333,16.094,0.0,3.2560321645712724,3.083300073258404,4.985720658898213,4.0,13.0,25.0,1.0,0.20296699384191857,0.006293973998460188,0.07227388491173561,0.022510657638164983,4.0,4.0,5.0,6.120666666666666,4.782666666666667,8.901333333333334,3.2560321645712724,3.083300073258404,4.985720658898213,4.750217360581761,2.8179373976316797,6.492978873852962
34,7,2.0,1.6582280766035322,5.008226498849004,"(0, 1, 0, 0, 0, 0, 0, 1, 0, 0, 0, 0, 1, 0, 0, 0, 0, 0, 1, 0, 0, 1, 0, 1, 0)",3.0,8.0,7.0,10.0,3.6926666666666668,10.833666666666666,9.441333333333333,14.429666666666666,0.0,5.008226498849004,5.390595468557374,6.681387840520173,1.0,6.0,3.0,2.0,0.22549213054658346,0.1597764300836772,0.08298930642099328,0.015871057997554266,5.0,4.0,7.0,7.140999999999999,5.748666666666666,10.736999999999998,5.008226498849004,5.390595468557374,6.681387840520173,3.536624900644595,0.5937637141278942,6.725129950664128
35,0,0.0,1.6582280766035322,2.3542693117578635,"(1, 1, 1, 0, 0, 1, 0, 1, 1, 1, 1, 1, 0, 1, 0, 0, 0, 0, 1, 0, 0, 0, 0, 1, 0)",6.0,11.0,10.0,12.0,10.053,17.079666666666668,12.350666666666667,18.450666666666667,0.0,2.7041370111648013,2.3542693117578635,3.7608797024932175,1.0,2.0,15.0,1.0,0.19541318172097943,0.03656056057611004,0.023580457547063945,0.03238428242186537,5.0,4.0,6.0,7.026666666666667,2.2976666666666663,8.397666666666666,2.7041370111648013,2.3542693117578635,3.7608797024932175,7.167740036704587,-0.09386009530024825,7.688850329221669
35,1,0.2857142857142857,1.6582280766035322,3.9253851400704916,"(0, 1, 1, 1, 1, 1, 1, 0, 0, 0, 0, 0, 0, 0, 0, 1, 0, 0, 0, 1, 1, 1, 0, 0, 0)",5.0,9.0,10.0,13.0,7.072666666666667,13.525333333333334,13.152,17.873333333333335,0.0,3.9253851400704916,4.018863141699914,4.676046565592505,1.0,2.0,13.0,5.0,0.32144107859944354,0.04604854685911144,0.025729715120697258,0.022291776146003566,4.0,5.0,8.0,6.452666666666667,6.079333333333333,10.800666666666668,3.9253851400704916,4.018863141699914,4.676046565592505,4.190809184883215,3.416729522771196,10.15601701013154
35,2,0.5714285714285714,1.6582280766035322,1.2975911070768746,"(1, 1, 1, 0, 0, 1, 1, 0, 1, 0, 1, 1, 1, 0, 0, 1, 1, 1, 1, 0, 0, 1, 0, 1, 1)",9.0,11.0,14.0,15.0,12.063666666666666,16.557666666666666,16.999,19.438,0.0,1.404049349594822,1.2975911070768746,2.4121967459005496,7.0,4.0,15.0,3.0,0.11242415288193905,0.041450722592327634,0.047204364033765836,0.02431637059126369,2.0,5.0,6.0,4.494,4.9353333333333325,7.3743333333333325,1.404049349594822,1.2975911070768746,2.4121967459005496,5.123842923821211,6.0322062950246975,8.228354209222678
35,3,0.8571428571428571,1.6582280766035322,4.449716857892528,"(1, 0, 1, 1, 1, 0, 1, 0, 0, 0, 1, 0, 0, 0, 0, 0, 0, 0, 0, 0, 0, 1, 1, 0, 0)",5.0,9.0,10.0,12.0,6.953,12.233,13.823666666666666,17.97,0.0,4.669533414202732,4.449716857892528,5.745483914085138,2.0,5.0,5.0,3.0,0.28389608109032094,0.13661546355214765,0.06022958894436346,0.020356846609337422,4.0,5.0,7.0,5.28,6.870666666666666,11.017,4.669533414202732,4.449716857892528,5.745483914085138,1.0122928323973293,4.014486944957228,8.741375979931181
35,4,1.1428571428571428,1.6582280766035322,2.762138144333113,"(0, 1, 0, 0, 1, 1, 0, 1, 1, 0, 0, 0, 1, 0, 1, 0, 0, 0, 1, 0, 0, 1, 0, 0, 1)",7.0,10.0,10.0,13.0,9.364,15.444666666666667,13.52,18.388666666666666,0.0,2.831461290313346,2.762138144333113,4.761279488729925,8.0,4.0,8.0,5.0,0.05466618125511145,0.06514216331238488,0.05637377966580681,0.014384203575083555,3.0,3.0,6.0,6.080666666666666,4.155999999999999,9.024666666666665,2.831461290313346,2.762138144333113,4.761279488729925,5.387923581720222,2.31134086397353,7.069668319886201
35,5,1.4285714285714284,1.6582280766035322,1.804631191011217,"(1, 0, 0, 0, 1, 0, 1, 0, 1, 0, 1, 1, 0, 1, 1, 0, 0, 0, 1, 0, 1, 0, 0, 1, 1)",6.0,10.0,10.0,13.0,6.926666666666667,13.846333333333334,13.515,17.127666666666666,0.0,2.562883616172792,1.804631191011217,3.905265306074369,2.0,8.0,5.0,2.0,0.16145506851807492,0.06178013221687084,0.030822637477483233,0.009227133259645713,4.0,4.0,7.0,6.919666666666667,6.588333333333334,10.201,2.562883616172792,1.804631191011217,3.905265306074369,7.224539977999328,7.932469202507,10.439764032314427
35,6,1.7142857142857142,1.6582280766035322,4.110102535425923,"(0, 1, 0, 0, 0, 1, 0, 0, 0, 0, 0, 1, 0, 0, 0, 1, 1, 1, 1, 1, 0, 0, 1, 1, 0)",6.0,10.0,9.0,12.0,7.669,12.848,11.392333333333333,14.467333333333332,0.0,4.606760269125085,4.110102535425923,4.979281206534072,4.0,20.0,6.0,34.0,0.1836912310461269,0.04094066773513144,0.10776634123830682,0.02521524449233664,4.0,3.0,6.0,5.179000000000001,3.7233333333333336,6.798333333333333,4.606760269125085,4.110102535425923,4.979281206534072,0.9489039882848347,-0.6413515500754767,3.0164033094639033
35,7,2.0,1.6582280766035322,5.008226498849004,"(0, 1, 0, 0, 0, 0, 0, 1, 0, 0, 0, 0, 1, 0, 0, 0, 0, 0, 1, 0, 0, 1, 0, 1, 0)",3.0,8.0,7.0,10.0,3.6926666666666668,10.833666666666666,9.441333333333333,14.429666666666666,0.0,5.008226498849004,5.390595468557374,6.681387840520173,1.0,6.0,3.0,2.0,0.22549213054658346,0.1597764300836772,0.08298930642099328,0.015871057997554266,5.0,4.0,7.0,7.140999999999999,5.748666666666666,10.736999999999998,5.008226498849004,5.390595468557374,6.681387840520173,3.536624900644595,0.5937637141278942,6.725129950664128
36,0,0.0,1.6582280766035322,2.558553798417217,"(1, 0, 1, 0, 0, 1, 1, 1, 1, 1, 1, 1, 0, 1, 0, 0, 0, 0, 1, 0, 0, 0, 0, 1, 0)",7.0,12.0,9.0,13.0,10.160666666666666,16.455333333333332,12.317666666666666,17.773,0.0,2.8629215618777963,2.558553798417217,3.82385551989134,8.0,23.0,3.0,8.0,0.14168341051764727,0.05729305524609743,0.07575220340032926,0.08277325411059026,5.0,2.0,6.0,6.294666666666666,2.157,7.612333333333334,2.8629215618777963,2.558553798417217,3.82385551989134,5.690616084507635,-0.6658677828022244,6.282160277839073
36,1,0.2857142857142857,1.6582280766035322,3.9253851400704916,"(0, 1, 1, 1, 1, 1, 1, 0, 0, 0, 0, 0, 0, 0, 0, 1, 0, 0, 0, 1, 1, 1, 0, 0, 0)",5.0,9.0,10.0,13.0,7.072666666666667,13.525333333333334,13.152,17.873333333333335,0.0,3.9253851400704916,4.018863141699914,4.676046565592505,1.0,2.0,13.0,5.0,0.32144107859944354,0.04604854685911144,0.025729715120697258,0.022291776146003566,4.0,5.0,8.0,6.452666666666667,6.079333333333333,10.800666666666668,3.9253851400704916,4.018863141699914,4.676046565592505,4.190809184883215,3.416729522771196,10.15601701013154
36,2,0.5714285714285714,1.6582280766035322,2.4091935106062548,"(1, 1, 1, 0, 0, 1, 1, 0, 1, 0, 1, 1, 1, 0, 0, 1, 1, 0, 0, 0, 0, 1, 0, 1, 1)",8.0,10.0,10.0,14.0,11.344333333333333,16.168333333333333,13.924666666666667,18.132,0.0,2.4091935106062548,2.815652849316391,2.8578547538659516,7.0,2.0,2.0,4.0,0.1608878038954541,0.04779250421166692,0.02129300335770446,0.018609529445673446,2.0,2.0,6.0,4.824,2.580333333333334,6.787666666666668,2.4091935106062548,2.815652849316391,2.8578547538659516,4.004299920277118,-0.39021342837585915,6.51652444957718
36,3,0.8571428571428571,1.6582280766035322,4.449716857892528,"(1, 0, 1, 1, 1, 0, 1, 0, 0, 0, 1, 0, 0, 0, 0, 0, 0, 0, 0, 0, 0, 1, 1, 0, 0)",5.0,9.0,10.0,12.0,6.953,12.233,13.823666666666666,17.97,0.0,4.669533414202732,4.449716857892528,5.745483914085138,2.0,5.0,5.0,3.0,0.28389608109032094,0.13661546355214765,0.06022958894436346,0.020356846609337422,4.0,5.0,7.0,5.28,6.870666666666666,11.017,4.669533414202732,4.449716857892528,5.745483914085138,1.0122928323973293,4.014486944957228,8.741375979931181
36,4,1.1428571428571428,1.6582280766035322,2.762138144333113,"(0, 1, 0, 0, 1, 1, 0, 1, 1, 0, 0, 0, 1, 0, 1, 0, 0, 0, 1, 0, 0, 1, 0, 0, 1)",7.0,10.0,10.0,13.0,9.364,15.444666666666667,13.52,18.388666666666666,0.0,2.831461290313346,2.762138144333113,4.761279488729925,8.0,4.0,8.0,5.0,0.05466618125511145,0.06514216331238488,0.05637377966580681,0.014384203575083555,3.0,3.0,6.0,6.080666666666666,4.155999999999999,9.024666666666665,2.831461290313346,2.762138144333113,4.761279488729925,5.387923581720222,2.31134086397353,7.069668319886201
36,5,1.4285714285714284,1.6582280766035322,1.5908026805331932,"(1, 0, 0, 0, 1, 0, 1, 0, 1, 0, 1, 0, 0, 1, 1, 0, 1, 0, 1, 0, 1, 0, 0, 1, 1)",7.0,9.0,10.0,12.0,11.05,14.058666666666667,15.545666666666667,17.343333333333334,0.0,1.601489039249082,1.5908026805331932,2.9213372520652583,2.0,1.0,1.0,3.0,0.14882671030496103,0.10603004858316051,0.04545397251138606,0.03435632209647503,2.0,3.0,5.0,3.0086666666666666,4.495666666666667,6.293333333333333,1.601489039249082,1.5908026805331932,2.9213372520652583,2.3334214505521835,4.816927020520979,5.591538576155807
36,6,1.7142857142857142,1.6582280766035322,4.110102535425923,"(0, 1, 0, 0, 0, 1, 0, 0, 0, 0, 0, 1, 0, 0, 0, 1, 1, 1, 1, 1, 0, 0, 1, 1, 0)",6.0,10.0,9.0,12.0,7.669,12.848,11.392333333333333,14.467333333333332,0.0,4.606760269125085,4.110102535425923,4.979281206534072,4.0,20.0,6.0,34.0,0.1836912310461269,0.04094066773513144,0.10776634123830682,0.02521524449233664,4.0,3.0,6.0,5.179000000000001,3.7233333333333336,6.798333333333333,4.606760269125085,4.110102535425923,4.979281206534072,0.9489039882848347,-0.6413515500754767,3.0164033094639033
36,7,2.0,1.6582280766035322,5.008226498849004,"(0, 1, 0, 0, 0, 0, 0, 1, 0, 0, 0, 0, 1, 0, 0, 0, 0, 0, 1, 0, 0, 1, 0, 1, 0)",3.0,8.0,7.0,10.0,3.6926666666666668,10.833666666666666,9.441333333333333,14.429666666666666,0.0,5.008226498849004,5.390595468557374,6.681387840520173,1.0,6.0,3.0,2.0,0.22549213054658346,0.1597764300836772,0.08298930642099328,0.015871057997554266,5.0,4.0,7.0,7.140999999999999,5.748666666666666,10.736999999999998,5.008226498849004,5.390595468557374,6.681387840520173,3.536624900644595,0.5937637141278942,6.725129950664128
37,0,0.0,1.6582280766035322,2.0536141367132377,"(1, 0, 1, 0, 0, 1, 1, 1, 1, 0, 1, 1, 0, 1, 1, 0, 0, 0, 1, 0, 0, 0, 0, 1, 0)",6.0,11.0,9.0,12.0,9.219,13.864666666666666,13.119,18.78933333333333,0.0,3.1608222358396194,2.0536141367132377,3.191923224654139,1.0,19.0,4.0,1.0,0.26555481446829343,0.07582035167900517,0.0353558572450402,0.011794817780080416,5.0,3.0,6.0,4.645666666666667,3.9000000000000004,9.570333333333332,3.1608222358396194,2.0536141367132377,3.191923224654139,2.462210724585802,3.061728878745961,10.576858726303625
37,1,0.2857142857142857,1.6582280766035322,3.9253851400704916,"(0, 1, 1, 1, 1, 1, 1, 0, 0, 0, 0, 0, 0, 0, 0, 1, 0, 0, 0, 1, 1, 1, 0, 0, 0)",5.0,9.0,10.0,13.0,7.072666666666667,13.525333333333334,13.152,17.873333333333335,0.0,3.9253851400704916,4.018863141699914,4.676046565592505,1.0,2.0,13.0,5.0,0.32144107859944354,0.04604854685911144,0.025729715120697258,0.022291776146003566,4.0,5.0,8.0,6.452666666666667,6.079333333333333,10.800666666666668,3.9253851400704916,4.018863141699914,4.676046565592505,4.190809184883215,3.416729522771196,10.15601701013154
37,2,0.5714285714285714,1.6582280766035322,2.4091935106062548,"(1, 1, 1, 0, 0, 1, 1, 0, 1, 0, 1, 1, 1, 0, 0, 1, 1, 0, 0, 0, 0, 1, 0, 1, 1)",8.0,10.0,10.0,14.0,11.344333333333333,16.168333333333333,13.924666666666667,18.132,0.0,2.4091935106062548,2.815652849316391,2.8578547538659516,7.0,2.0,2.0,4.0,0.1608878038954541,0.04779250421166692,0.02129300335770446,0.018609529445673446,2.0,2.0,6.0,4.824,2.580333333333334,6.787666666666668,2.4091935106062548,2.815652849316391,2.8578547538659516,4.004299920277118,-0.39021342837585915,6.51652444957718
37,3,0.8571428571428571,1.6582280766035322,4.449716857892528,"(1, 0, 1, 1, 1, 0, 1, 0, 0, 0, 1, 0, 0, 0, 0, 0, 0, 0, 0, 0, 0, 1, 1, 0, 0)",5.0,9.0,10.0,12.0,6.953,12.233,13.823666666666666,17.97,0.0,4.669533414202732,4.449716857892528,5.745483914085138,2.0,5.0,5.0,3.0,0.28389608109032094,0.13661546355214765,0.06022958894436346,0.020356846609337422,4.0,5.0,7.0,5.28,6.870666666666666,11.017,4.669533414202732,4.449716857892528,5.745483914085138,1.0122928323973293,4.014486944957228,8.741375979931181
37,4,1.1428571428571428,1.6582280766035322,2.762138144333113,"(0, 1, 0, 0, 1, 1, 0, 1, 1, 0, 0, 0, 1, 0, 1, 0, 0, 0, 1, 0, 0, 1, 0, 0, 1)",7.0,10.0,10.0,13.0,9.364,15.444666666666667,13.52,18.388666666666666,0.0,2.831461290313346,2.762138144333113,4.761279488729925,8.0,4.0,8.0,5.0,0.05466618125511145,0.06514216331238488,0.05637377966580681,0.014384203575083555,3.0,3.0,6.0,6.080666666666666,4.155999999999999,9.024666666666665,2.831461290313346,2.762138144333113,4.761279488729925,5.387923581720222,2.31134086397353,7.069668319886201
37,5,1.4285714285714284,1.6582280766035322,2.1334670309799013,"(1, 0, 0, 0, 1, 0, 1, 0, 1, 0, 1, 0, 0, 1, 1, 1, 1, 0, 1, 1, 1, 0, 0, 1, 1)",8.0,9.0,11.0,14.0,11.259666666666666,15.746666666666666,17.043666666666667,18.489,0.0,2.1334670309799013,2.5105573079777486,3.123291007039161,9.0,1.0,15.0,13.0,0.12824928600397814,0.038702423820387445,0.05773062446088874,0.05246718639097355,1.0,3.0,6.0,4.487,5.784000000000001,7.229333333333335,2.1334670309799013,2.5105573079777486,3.123291007039161,3.902694448441199,5.428114579063948,6.8087546691834815
37,6,1.7142857142857142,1.6582280766035322,4.110102535425923,"(0, 1, 0, 0, 0, 1, 0, 0, 0, 0, 0, 1, 0, 0, 0, 1, 1, 1, 1, 1, 0, 0, 1, 1, 0)",6.0,10.0,9.0,12.0,7.669,12.848,11.392333333333333,14.467333333333332,0.0,4.606760269125085,4.110102535425923,4.979281206534072,4.0,20.0,6.0,34.0,0.1836912310461269,0.04094066773513144,0.10776634123830682,0.02521524449233664,4.0,3.0,6.0,5.179000000000001,3.7233333333333336,6.798333333333333,4.606760269125085,4.110102535425923,4.979281206534072,0.9489039882848347,-0.6413515500754767,3.0164033094639033
37,7,2.0,1.6582280766035322,5.008226498849004,"(0, 1, 0, 0, 0, 0, 0, 1, 0, 0, 0, 0, 1, 0, 0, 0, 0, 0, 1, 0, 0, 1, 0, 1, 0)",3.0,8.0,7.0,10.0,3.6926666666666668,10.833666666666666,9.441333333333333,14.429666666666666,0.0,5.008226498849004,5.390595468557374,6.681387840520173,1.0,6.0,3.0,2.0,0.22549213054658346,0.1597764300836772,0.08298930642099328,0.015871057997554266,5.0,4.0,7.0,7.140999999999999,5.748666666666666,10.736999999999998,5.008226498849004,5.390595468557374,6.681387840520173,3.536624900644595,0.5937637141278942,6.725129950664128
38,0,0.0,1.6582280766035322,2.0536141367132377,"(1, 0, 1, 0, 0, 1, 1, 1, 1, 0, 1, 1, 0, 1, 1, 0, 0, 0, 1, 0, 0, 0, 0, 1, 0)",6.0,11.0,9.0,12.0,9.219,13.864666666666666,13.119,18.78933333333333,0.0,3.1608222358396194,2.0536141367132377,3.191923224654139,1.0,19.0,4.0,1.0,0.26555481446829343,0.07582035167900517,0.0353558572450402,0.011794817780080416,5.0,3.0,6.0,4.645666666666667,3.9000000000000004,9.570333333333332,3.1608222358396194,2.0536141367132377,3.191923224654139,2.462210724585802,3.061728878745961,10.576858726303625
38,1,0.2857142857142857,1.6582280766035322,3.9253851400704916,"(0, 1, 1, 1, 1, 1, 1, 0, 0, 0, 0, 0, 0, 0, 0, 1, 0, 0, 0, 1, 1, 1, 0, 0, 0)",5.0,9.0,10.0,13.0,7.072666666666667,13.525333333333334,13.152,17.873333333333335,0.0,3.9253851400704916,4.018863141699914,4.676046565592505,1.0,2.0,13.0,5.0,0.32144107859944354,0.04604854685911144,0.025729715120697258,0.022291776146003566,4.0,5.0,8.0,6.452666666666667,6.079333333333333,10.800666666666668,3.9253851400704916,4.018863141699914,4.676046565592505,4.190809184883215,3.416729522771196,10.15601701013154
38,2,0.5714285714285714,1.6582280766035322,2.4091935106062548,"(1, 1, 1, 0, 0, 1, 1, 0, 1, 0, 1, 1, 1, 0, 0, 1, 1, 0, 0, 0, 0, 1, 0, 1, 1)",8.0,10.0,10.0,14.0,11.344333333333333,16.168333333333333,13.924666666666667,18.132,0.0,2.4091935106062548,2.815652849316391,2.8578547538659516,7.0,2.0,2.0,4.0,0.1608878038954541,0.04779250421166692,0.02129300335770446,0.018609529445673446,2.0,2.0,6.0,4.824,2.580333333333334,6.787666666666668,2.4091935106062548,2.815652849316391,2.8578547538659516,4.004299920277118,-0.39021342837585915,6.51652444957718
38,3,0.8571428571428571,1.6582280766035322,2.9151557462908064,"(1, 0, 1, 1, 1, 0, 1, 0, 0, 0, 1, 0, 0, 0, 0, 0, 0, 0, 0, 0, 1, 1, 1, 0, 1)",6.0,10.0,9.0,13.0,9.157,14.067666666666666,15.108666666666666,18.299,0.0,2.9151557462908064,3.694274208082975,4.7274516359672125,4.0,9.0,7.0,7.0,0.237011936275254,0.02575068695716935,0.07389556428004986,0.020065544212056998,4.0,3.0,7.0,4.910666666666666,5.951666666666666,9.142,2.9151557462908064,3.694274208082975,4.7274516359672125,3.3090122353362057,3.743271554736553,7.320328042763358
38,4,1.1428571428571428,1.6582280766035322,2.762138144333113,"(0, 1, 0, 0, 1, 1, 0, 1, 1, 0, 0, 0, 1, 0, 1, 0, 0, 0, 1, 0, 0, 1, 0, 0, 1)",7.0,10.0,10.0,13.0,9.364,15.444666666666667,13.52,18.388666666666666,0.0,2.831461290313346,2.762138144333113,4.761279488729925,8.0,4.0,8.0,5.0,0.05466618125511145,0.06514216331238488,0.05637377966580681,0.014384203575083555,3.0,3.0,6.0,6.080666666666666,4.155999999999999,9.024666666666665,2.831461290313346,2.762138144333113,4.761279488729925,5.387923581720222,2.31134086397353,7.069668319886201
38,5,1.4285714285714284,1.6582280766035322,2.1334670309799013,"(1, 0, 0, 0, 1, 0, 1, 0, 1, 0, 1, 0, 0, 1, 1, 1, 1, 0, 1, 1, 1, 0, 0, 1, 1)",8.0,9.0,11.0,14.0,11.259666666666666,15.746666666666666,17.043666666666667,18.489,0.0,2.1334670309799013,2.5105573079777486,3.123291007039161,9.0,1.0,15.0,13.0,0.12824928600397814,0.038702423820387445,0.05773062446088874,0.05246718639097355,1.0,3.0,6.0,4.487,5.784000000000001,7.229333333333335,2.1334670309799013,2.5105573079777486,3.123291007039161,3.902694448441199,5.428114579063948,6.8087546691834815
38,6,1.7142857142857142,1.6582280766035322,4.110102535425923,"(0, 1, 0, 0, 0, 1, 0, 0, 0, 0, 0, 1, 0, 0, 0, 1, 1, 1, 1, 1, 0, 0, 1, 1, 0)",6.0,10.0,9.0,12.0,7.669,12.848,11.392333333333333,14.467333333333332,0.0,4.606760269125085,4.110102535425923,4.979281206534072,4.0,20.0,6.0,34.0,0.1836912310461269,0.04094066773513144,0.10776634123830682,0.02521524449233664,4.0,3.0,6.0,5.179000000000001,3.7233333333333336,6.798333333333333,4.606760269125085,4.110102535425923,4.979281206534072,0.9489039882848347,-0.6413515500754767,3.0164033094639033
38,7,2.0,1.6582280766035322,5.008226498849004,"(0, 1, 0, 0, 0, 0, 0, 1, 0, 0, 0, 0, 1, 0, 0, 0, 0, 0, 1, 0, 0, 1, 0, 1, 0)",3.0,8.0,7.0,10.0,3.6926666666666668,10.833666666666666,9.441333333333333,14.429666666666666,0.0,5.008226498849004,5.390595468557374,6.681387840520173,1.0,6.0,3.0,2.0,0.22549213054658346,0.1597764300836772,0.08298930642099328,0.015871057997554266,5.0,4.0,7.0,7.140999999999999,5.748666666666666,10.736999999999998,5.008226498849004,5.390595468557374,6.681387840520173,3.536624900644595,0.5937637141278942,6.725129950664128
39,0,0.0,1.6582280766035322,1.6581728023343116,"(1, 0, 1, 0, 0, 1, 1, 1, 1, 0, 1, 1, 0, 1, 1, 0, 0, 1, 1, 0, 0, 0, 1, 1, 0)",7.0,10.0,10.0,12.0,9.868666666666666,13.399333333333333,16.761333333333333,16.472666666666665,0.0,2.350326413886829,1.6581728023343116,2.8180388552710594,2.0,2.0,1.0,3.0,0.25333650871750074,0.07353948994397883,0.06033593049166054,0.03516806311576575,3.0,3.0,5.0,3.530666666666667,6.892666666666667,6.603999999999999,2.350326413886829,1.6581728023343116,2.8180388552710594,1.9572733471048374,8.679984692644833,6.277987067119577
39,1,0.2857142857142857,1.6582280766035322,3.9253851400704916,"(0, 1, 1, 1, 1, 1, 1, 0, 0, 0, 0, 0, 0, 0, 0, 1, 0, 0, 0, 1, 1, 1, 0, 0, 0)",5.0,9.0,10.0,13.0,7.072666666666667,13.525333333333334,13.152,17.873333333333335,0.0,3.9253851400704916,4.018863141699914,4.676046565592505,1.0,2.0,13.0,5.0,0.32144107859944354,0.04604854685911144,0.025729715120697258,0.022291776146003566,4.0,5.0,8.0,6.452666666666667,6.079333333333333,10.800666666666668,3.9253851400704916,4.018863141699914,4.676046565592505,4.190809184883215,3.416729522771196,10.15601701013154
39,2,0.5714285714285714,1.6582280766035322,2.4091935106062548,"(1, 1, 1, 0, 0, 1, 1, 0, 1, 0, 1, 1, 1, 0, 0, 1, 1, 0, 0, 0, 0, 1, 0, 1, 1)",8.0,10.0,10.0,14.0,11.344333333333333,16.168333333333333,13.924666666666667,18.132,0.0,2.4091935106062548,2.815652849316391,2.8578547538659516,7.0,2.0,2.0,4.0,0.1608878038954541,0.04779250421166692,0.02129300335770446,0.018609529445673446,2.0,2.0,6.0,4.824,2.580333333333334,6.787666666666668,2.4091935106062548,2.815652849316391,2.8578547538659516,4.004299920277118,-0.39021342837585915,6.51652444957718
39,3,0.8571428571428571,1.6582280766035322,2.9151557462908064,"(1, 0, 1, 1, 1, 0, 1, 0, 0, 0, 1, 0, 0, 0, 0, 0, 0, 0, 0, 0, 1, 1, 1, 0, 1)",6.0,10.0,9.0,13.0,9.157,14.067666666666666,15.108666666666666,18.299,0.0,2.9151557462908064,3.694274208082975,4.7274516359672125,4.0,9.0,7.0,7.0,0.237011936275254,0.02575068695716935,0.07389556428004986,0.020065544212056998,4.0,3.0,7.0,4.910666666666666,5.951666666666666,9.142,2.9151557462908064,3.694274208082975,4.7274516359672125,3.3090122353362057,3.743271554736553,7.320328042763358
39,4,1.1428571428571428,1.6582280766035322,2.762138144333113,"(0, 1, 0, 0, 1, 1, 0, 1, 1, 0, 0, 0, 1, 0, 1, 0, 0, 0, 1, 0, 0, 1, 0, 0, 1)",7.0,10.0,10.0,13.0,9.364,15.444666666666667,13.52,18.388666666666666,0.0,2.831461290313346,2.762138144333113,4.761279488729925,8.0,4.0,8.0,5.0,0.05466618125511145,0.06514216331238488,0.05637377966580681,0.014384203575083555,3.0,3.0,6.0,6.080666666666666,4.155999999999999,9.024666666666665,2.831461290313346,2.762138144333113,4.761279488729925,5.387923581720222,2.31134086397353,7.069668319886201
39,5,1.4285714285714284,1.6582280766035322,2.1334670309799013,"(1, 0, 0, 0, 1, 0, 1, 0, 1, 0, 1, 0, 0, 1, 1, 1, 1, 0, 1, 1, 1, 0, 0, 1, 1)",8.0,9.0,11.0,14.0,11.259666666666666,15.746666666666666,17.043666666666667,18.489,0.0,2.1334670309799013,2.5105573079777486,3.123291007039161,9.0,1.0,15.0,13.0,0.12824928600397814,0.038702423820387445,0.05773062446088874,0.05246718639097355,1.0,3.0,6.0,4.487,5.784000000000001,7.229333333333335,2.1334670309799013,2.5105573079777486,3.123291007039161,3.902694448441199,5.428114579063948,6.8087546691834815
39,6,1.7142857142857142,1.6582280766035322,4.110102535425923,"(0, 1, 0, 0, 0, 1, 0, 0, 0, 0, 0, 1, 0, 0, 0, 1, 1, 1, 1, 1, 0, 0, 1, 1, 0)",6.0,10.0,9.0,12.0,7.669,12.848,11.392333333333333,14.467333333333332,0.0,4.606760269125085,4.110102535425923,4.979281206534072,4.0,20.0,6.0,34.0,0.1836912310461269,0.04094066773513144,0.10776634123830682,0.02521524449233664,4.0,3.0,6.0,5.179000000000001,3.7233333333333336,6.798333333333333,4.606760269125085,4.110102535425923,4.979281206534072,0.9489039882848347,-0.6413515500754767,3.0164033094639033
39,7,2.0,1.6582280766035322,5.008226498849004,"(0, 1, 0, 0, 0, 0, 0, 1, 0, 0, 0, 0, 1, 0, 0, 0, 0, 0, 1, 0, 0, 1, 0, 1, 0)",3.0,8.0,7.0,10.0,3.6926666666666668,10.833666666666666,9.441333333333333,14.429666666666666,0.0,5.008226498849004,5.390595468557374,6.681387840520173,1.0,6.0,3.0,2.0,0.22549213054658346,0.1597764300836772,0.08298930642099328,0.015871057997554266,5.0,4.0,7.0,7.140999999999999,5.748666666666666,10.736999999999998,5.008226498849004,5.390595468557374,6.681387840520173,3.536624900644595,0.5937637141278942,6.725129950664128
40,0,0.0,1.6582280766035322,1.6581728023343116,"(1, 0, 1, 0, 0, 1, 1, 1, 1, 0, 1, 1, 0, 1, 1, 0, 0, 1, 1, 0, 0, 0, 1, 1, 0)",7.0,10.0,10.0,12.0,9.868666666666666,13.399333333333333,16.761333333333333,16.472666666666665,0.0,2.350326413886829,1.6581728023343116,2.8180388552710594,2.0,2.0,1.0,3.0,0.25333650871750074,0.07353948994397883,0.06033593049166054,0.03516806311576575,3.0,3.0,5.0,3.530666666666667,6.892666666666667,6.603999999999999,2.350326413886829,1.6581728023343116,2.8180388552710594,1.9572733471048374,8.679984692644833,6.277987067119577
40,1,0.2857142857142857,1.6582280766035322,2.6403689292411934,"(1, 1, 1, 0, 0, 1, 1, 0, 1, 0, 0, 0, 1, 0, 0, 1, 1, 0, 0, 0, 0, 1, 0, 1, 1)",8.0,10.0,12.0,13.0,10.259,15.129,17.454333333333334,19.247,0.0,2.6403689292411934,2.797532101390395,3.0495459195213175,17.0,6.0,10.0,2.0,0.2215174619470684,0.02879046867606612,0.07201698450964457,0.018556501404179113,2.0,4.0,5.0,4.869999999999999,7.195333333333334,8.988,2.6403689292411934,2.797532101390395,3.0495459195213175,3.6972368419998487,7.2925574781293845,9.847311287870562
40,2,0.5714285714285714,1.6582280766035322,3.6204738462959165,"(0, 1, 1, 1, 1, 0, 1, 0, 0, 0, 1, 0, 0, 0, 0, 0, 0, 0, 0, 0, 1, 1, 1, 0, 1)",6.0,10.0,9.0,12.0,8.524333333333333,13.158,15.014333333333333,17.567,0.0,3.6204738462959165,4.241222314394245,4.636018782298937,4.0,8.0,6.0,1.0,0.20479589187776015,0.05474402249404803,0.035854119156129564,0.006979740060720406,4.0,3.0,6.0,4.633666666666667,6.49,9.042666666666667,3.6204738462959165,4.241222314394245,4.636018782298937,1.680104781751897,3.7289862963109734,7.3072272455641265
40,3,0.8571428571428571,1.6582280766035322,2.762138144333113,"(0, 1, 0, 0, 1, 1, 0, 1, 1, 0, 0, 0, 1, 0, 1, 0, 0, 0, 1, 0, 0, 1, 0, 0, 1)",7.0,10.0,10.0,13.0,9.364,15.444666666666667,13.52,18.388666666666666,0.0,2.831461290313346,2.762138144333113,4.761279488729925,8.0,4.0,8.0,5.0,0.05466618125511145,0.06514216331238488,0.05637377966580681,0.014384203575083555,3.0,3.0,6.0,6.080666666666666,4.155999999999999,9.024666666666665,2.831461290313346,2.762138144333113,4.761279488729925,5.387923581720222,2.31134086397353,7.069668319886201
40,4,1.1428571428571428,1.6582280766035322,2.1334670309799013,"(1, 0, 0, 0, 1, 0, 1, 0, 1, 0, 1, 0, 0, 1, 1, 1, 1, 0, 1, 1, 1, 0, 0, 1, 1)",8.0,9.0,11.0,14.0,11.259666666666666,15.746666666666666,17.043666666666667,18.489,0.0,2.1334670309799013,2.5105573079777486,3.123291007039161,9.0,1.0,15.0,13.0,0.12824928600397814,0.038702423820387445,0.05773062446088874,0.05246718639097355,1.0,3.0,6.0,4.487,5.784000000000001,7.229333333333335,2.1334670309799013,2.5105573079777486,3.123291007039161,3.902694448441199,5.428114579063948,6.8087546691834815
40,5,1.4285714285714284,1.6582280766035322,4.110102535425923,"(0, 1, 0, 0, 0, 1, 0, 0, 0, 0, 0, 1, 0, 0, 0, 1, 1, 1, 1, 1, 0, 0, 1, 1, 0)",6.0,10.0,9.0,12.0,7.669,12.848,11.392333333333333,14.467333333333332,0.0,4.606760269125085,4.110102535425923,4.979281206534072,4.0,20.0,6.0,34.0,0.1836912310461269,0.04094066773513144,0.10776634123830682,0.02521524449233664,4.0,3.0,6.0,5.179000000000001,3.7233333333333336,6.798333333333333,4.606760269125085,4.110102535425923,4.979281206534072,0.9489039882848347,-0.6413515500754767,3.0164033094639033
40,6,1.7142857142857142,1.6582280766035322,5.008226498849004,"(0, 1, 0, 0, 0, 0, 0, 1, 0, 0, 0, 0, 1, 0, 0, 0, 0, 0, 1, 0, 0, 1, 0, 1, 0)",3.0,8.0,7.0,10.0,3.6926666666666668,10.833666666666666,9.441333333333333,14.429666666666666,0.0,5.008226498849004,5.390595468557374,6.681387840520173,1.0,6.0,3.0,2.0,0.22549213054658346,0.1597764300836772,0.08298930642099328,0.015871057997554266,5.0,4.0,7.0,7.140999999999999,5.748666666666666,10.736999999999998,5.008226498849004,5.390595468557374,6.681387840520173,3.536624900644595,0.5937637141278942,6.725129950664128
40,7,2.0,1.6582280766035322,3.9253851400704916,"(0, 1, 1, 1, 1, 1, 1, 0, 0, 0, 0, 0, 0, 0, 0, 1, 0, 0, 0, 1, 1, 1, 0, 0, 0)",5.0,9.0,10.0,13.0,7.072666666666667,13.525333333333334,13.152,17.873333333333335,0.0,3.9253851400704916,4.018863141699914,4.676046565592505,1.0,2.0,13.0,5.0,0.32144107859944354,0.04604854685911144,0.025729715120697258,0.022291776146003566,4.0,5.0,8.0,6.452666666666667,6.079333333333333,10.800666666666668,3.9253851400704916,4.018863141699914,4.676046565592505,4.190809184883215,3.416729522771196,10.15601701013154
41,0,0.0,1.6582280766035322,1.617527789701119,"(1, 0, 1, 0, 1, 1, 1, 1, 1, 1, 1, 1, 0, 1, 1, 0, 0, 1, 1, 0, 0, 0, 1, 1, 0)",8.0,11.0,9.0,12.0,11.101666666666667,16.321666666666665,13.619,17.992333333333335,0.0,1.8933740302441167,1.617527789701119,2.827960586596071,11.0,20.0,2.0,2.0,0.13968177738545645,0.11005384867387888,0.07344395303380222,0.021798151755237246,3.0,1.0,4.0,5.219999999999999,2.517333333333333,6.890666666666668,1.8933740302441167,1.617527789701119,2.827960586596071,5.516304583407656,1.4920828159344421,6.736893288960943
41,1,0.2857142857142857,1.6582280766035322,2.6403689292411934,"(1, 1, 1, 0, 0, 1, 1, 0, 1, 0, 0, 0, 1, 0, 0, 1, 1, 0, 0, 0, 0, 1, 0, 1, 1)",8.0,10.0,12.0,13.0,10.259,15.129,17.454333333333334,19.247,0.0,2.6403689292411934,2.797532101390395,3.0495459195213175,17.0,6.0,10.0,2.0,0.2215174619470684,0.02879046867606612,0.07201698450964457,0.018556501404179113,2.0,4.0,5.0,4.869999999999999,7.195333333333334,8.988,2.6403689292411934,2.797532101390395,3.0495459195213175,3.6972368419998487,7.2925574781293845,9.847311287870562
41,2,0.5714285714285714,1.6582280766035322,3.6204738462959165,"(0, 1, 1, 1, 1, 0, 1, 0, 0, 0, 1, 0, 0, 0, 0, 0, 0, 0, 0, 0, 1, 1, 1, 0, 1)",6.0,10.0,9.0,12.0,8.524333333333333,13.158,15.014333333333333,17.567,0.0,3.6204738462959165,4.241222314394245,4.636018782298937,4.0,8.0,6.0,1.0,0.20479589187776015,0.05474402249404803,0.035854119156129564,0.006979740060720406,4.0,3.0,6.0,4.633666666666667,6.49,9.042666666666667,3.6204738462959165,4.241222314394245,4.636018782298937,1.680104781751897,3.7289862963109734,7.3072272455641265
41,3,0.8571428571428571,1.6582280766035322,2.762138144333113,"(0, 1, 0, 0, 1, 1, 0, 1, 1, 0, 0, 0, 1, 0, 1, 0, 0, 0, 1, 0, 0, 1, 0, 0, 1)",7.0,10.0,10.0,13.0,9.364,15.444666666666667,13.52,18.388666666666666,0.0,2.831461290313346,2.762138144333113,4.761279488729925,8.0,4.0,8.0,5.0,0.05466618125511145,0.06514216331238488,0.05637377966580681,0.014384203575083555,3.0,3.0,6.0,6.080666666666666,4.155999999999999,9.024666666666665,2.831461290313346,2.762138144333113,4.761279488729925,5.387923581720222,2.31134086397353,7.069668319886201
41,4,1.1428571428571428,1.6582280766035322,2.1334670309799013,"(1, 0, 0, 0, 1, 0, 1, 0, 1, 0, 1, 0, 0, 1, 1, 1, 1, 0, 1, 1, 1, 0, 0, 1, 1)",8.0,9.0,11.0,14.0,11.259666666666666,15.746666666666666,17.043666666666667,18.489,0.0,2.1334670309799013,2.5105573079777486,3.123291007039161,9.0,1.0,15.0,13.0,0.12824928600397814,0.038702423820387445,0.05773062446088874,0.05246718639097355,1.0,3.0,6.0,4.487,5.784000000000001,7.229333333333335,2.1334670309799013,2.5105573079777486,3.123291007039161,3.902694448441199,5.428114579063948,6.8087546691834815
41,5,1.4285714285714284,1.6582280766035322,4.110102535425923,"(0, 1, 0, 0, 0, 1, 0, 0, 0, 0, 0, 1, 0, 0, 0, 1, 1, 1, 1, 1, 0, 0, 1, 1, 0)",6.0,10.0,9.0,12.0,7.669,12.848,11.392333333333333,14.467333333333332,0.0,4.606760269125085,4.110102535425923,4.979281206534072,4.0,20.0,6.0,34.0,0.1836912310461269,0.04094066773513144,0.10776634123830682,0.02521524449233664,4.0,3.0,6.0,5.179000000000001,3.7233333333333336,6.798333333333333,4.606760269125085,4.110102535425923,4.979281206534072,0.9489039882848347,-0.6413515500754767,3.0164033094639033
41,6,1.7142857142857142,1.6582280766035322,5.008226498849004,"(0, 1, 0, 0, 0, 0, 0, 1, 0, 0, 0, 0, 1, 0, 0, 0, 0, 0, 1, 0, 0, 1, 0, 1, 0)",3.0,8.0,7.0,10.0,3.6926666666666668,10.833666666666666,9.441333333333333,14.429666666666666,0.0,5.008226498849004,5.390595468557374,6.681387840520173,1.0,6.0,3.0,2.0,0.22549213054658346,0.1597764300836772,0.08298930642099328,0.015871057997554266,5.0,4.0,7.0,7.140999999999999,5.748666666666666,10.736999999999998,5.008226498849004,5.390595468557374,6.681387840520173,3.536624900644595,0.5937637141278942,6.725129950664128
41,7,2.0,1.6582280766035322,3.9253851400704916,"(0, 1, 1, 1, 1, 1, 1, 0, 0, 0, 0, 0, 0, 0, 0, 1, 0, 0, 0, 1, 1, 1, 0, 0, 0)",5.0,9.0,10.0,13.0,7.072666666666667,13.525333333333334,13.152,17.873333333333335,0.0,3.9253851400704916,4.018863141699914,4.676046565592505,1.0,2.0,13.0,5.0,0.32144107859944354,0.04604854685911144,0.025729715120697258,0.022291776146003566,4.0,5.0,8.0,6.452666666666667,6.079333333333333,10.800666666666668,3.9253851400704916,4.018863141699914,4.676046565592505,4.190809184883215,3.416729522771196,10.15601701013154
42,0,0.0,1.6582280766035322,1.617527789701119,"(1, 0, 1, 0, 1, 1, 1, 1, 1, 1, 1, 1, 0, 1, 1, 0, 0, 1, 1, 0, 0, 0, 1, 1, 0)",8.0,11.0,9.0,12.0,11.101666666666667,16.321666666666665,13.619,17.992333333333335,0.0,1.8933740302441167,1.617527789701119,2.827960586596071,11.0,20.0,2.0,2.0,0.13968177738545645,0.11005384867387888,0.07344395303380222,0.021798151755237246,3.0,1.0,4.0,5.219999999999999,2.517333333333333,6.890666666666668,1.8933740302441167,1.617527789701119,2.827960586596071,5.516304583407656,1.4920828159344421,6.736893288960943
42,1,0.2857142857142857,1.6582280766035322,2.6403689292411934,"(1, 1, 1, 0, 0, 1, 1, 0, 1, 0, 0, 0, 1, 0, 0, 1, 1, 0, 0, 0, 0, 1, 0, 1, 1)",8.0,10.0,12.0,13.0,10.259,15.129,17.454333333333334,19.247,0.0,2.6403689292411934,2.797532101390395,3.0495459195213175,17.0,6.0,10.0,2.0,0.2215174619470684,0.02879046867606612,0.07201698450964457,0.018556501404179113,2.0,4.0,5.0,4.869999999999999,7.195333333333334,8.988,2.6403689292411934,2.797532101390395,3.0495459195213175,3.6972368419998487,7.2925574781293845,9.847311287870562
42,2,0.5714285714285714,1.6582280766035322,3.3733425886127693,"(0, 0, 1, 1, 1, 0, 1, 0, 0, 0, 1, 0, 0, 0, 0, 0, 0, 0, 0, 0, 1, 0, 1, 0, 1)",5.0,9.0,9.0,13.0,6.958,13.690666666666667,10.668,17.071666666666665,0.0,3.3733425886127693,3.9046112272219307,5.064053510761324,2.0,4.0,8.0,26.0,0.22210268724322513,0.024946379577536704,0.05291848103324302,0.03319296091905306,4.0,4.0,8.0,6.732666666666667,3.709999999999999,10.113666666666665,3.3733425886127693,3.9046112272219307,5.064053510761324,5.570525504639249,-0.32270980100167657,8.373410311108806
42,3,0.8571428571428571,1.6582280766035322,2.762138144333113,"(0, 1, 0, 0, 1, 1, 0, 1, 1, 0, 0, 0, 1, 0, 1, 0, 0, 0, 1, 0, 0, 1, 0, 0, 1)",7.0,10.0,10.0,13.0,9.364,15.444666666666667,13.52,18.388666666666666,0.0,2.831461290313346,2.762138144333113,4.761279488729925,8.0,4.0,8.0,5.0,0.05466618125511145,0.06514216331238488,0.05637377966580681,0.014384203575083555,3.0,3.0,6.0,6.080666666666666,4.155999999999999,9.024666666666665,2.831461290313346,2.762138144333113,4.761279488729925,5.387923581720222,2.31134086397353,7.069668319886201
42,4,1.1428571428571428,1.6582280766035322,2.8528708572579378,"(1, 0, 0, 0, 1, 0, 1, 0, 1, 0, 1, 0, 0, 1, 1, 1, 1, 0, 1, 1, 0, 0, 0, 1, 0)",7.0,9.0,9.0,12.0,12.617666666666667,13.963,13.780333333333333,17.447666666666667,0.0,3.679000085021817,2.8528708572579378,4.402696879542616,4.0,1.0,1.0,4.0,0.11492770836402509,0.07228831479803521,0.1167536418735584,0.0388238375274039,2.0,2.0,5.0,1.3453333333333326,1.1626666666666665,4.83,3.679000085021817,2.8528708572579378,4.402696879542616,-3.8697517290860084,-2.8027440440313938,0.708566031562735
42,5,1.4285714285714284,1.6582280766035322,4.110102535425923,"(0, 1, 0, 0, 0, 1, 0, 0, 0, 0, 0, 1, 0, 0, 0, 1, 1, 1, 1, 1, 0, 0, 1, 1, 0)",6.0,10.0,9.0,12.0,7.669,12.848,11.392333333333333,14.467333333333332,0.0,4.606760269125085,4.110102535425923,4.979281206534072,4.0,20.0,6.0,34.0,0.1836912310461269,0.04094066773513144,0.10776634123830682,0.02521524449233664,4.0,3.0,6.0,5.179000000000001,3.7233333333333336,6.798333333333333,4.606760269125085,4.110102535425923,4.979281206534072,0.9489039882848347,-0.6413515500754767,3.0164033094639033
42,6,1.7142857142857142,1.6582280766035322,4.2516415141422375,"(0, 1, 0, 0, 0, 0, 0, 1, 0, 0, 1, 0, 1, 0, 1, 0, 0, 0, 1, 0, 0, 1, 0, 1, 0)",4.0,9.0,8.0,11.0,6.121333333333333,13.028666666666666,11.858666666666666,16.16433333333333,0.0,4.2516415141422375,4.366354047530389,5.934365304388485,1.0,7.0,2.0,8.0,0.21105513580071406,0.03709246825879772,0.05163092324265023,0.0045639582373180046,5.0,4.0,7.0,6.907333333333333,5.737333333333333,10.043,4.2516415141422375,4.366354047530389,5.934365304388485,4.403742737388986,2.2733963441603002,6.813053408770421
42,7,2.0,1.6582280766035322,3.9253851400704916,"(0, 1, 1, 1, 1, 1, 1, 0, 0, 0, 0, 0, 0, 0, 0, 1, 0, 0, 0, 1, 1, 1, 0, 0, 0)",5.0,9.0,10.0,13.0,7.072666666666667,13.525333333333334,13.152,17.873333333333335,0.0,3.9253851400704916,4.018863141699914,4.676046565592505,1.0,2.0,13.0,5.0,0.32144107859944354,0.04604854685911144,0.025729715120697258,0.022291776146003566,4.0,5.0,8.0,6.452666666666667,6.079333333333333,10.800666666666668,3.9253851400704916,4.018863141699914,4.676046565592505,4.190809184883215,3.416729522771196,10.15601701013154
43,0,0.0,1.6582280766035322,1.617527789701119,"(1, 0, 1, 0, 1, 1, 1, 1, 1, 1, 1, 1, 0, 1, 1, 0, 0, 1, 1, 0, 0, 0, 1, 1, 0)",8.0,11.0,9.0,12.0,11.101666666666667,16.321666666666665,13.619,17.992333333333335,0.0,1.8933740302441167,1.617527789701119,2.827960586596071,11.0,20.0,2.0,2.0,0.13968177738545645,0.11005384867387888,0.07344395303380222,0.021798151755237246,3.0,1.0,4.0,5.219999999999999,2.517333333333333,6.890666666666668,1.8933740302441167,1.617527789701119,2.827960586596071,5.516304583407656,1.4920828159344421,6.736893288960943
43,1,0.2857142857142857,1.6582280766035322,3.467198297748528,"(1, 1, 1, 0, 0, 1, 1, 0, 1, 0, 0, 0, 1, 0, 0, 1, 1, 1, 0, 0, 0, 1, 1, 1, 1)",8.0,10.0,10.0,14.0,11.586666666666666,15.974,16.420333333333332,19.477333333333334,0.0,3.6806030388292,3.467198297748528,4.249135747270926,6.0,2.0,1.0,3.0,0.14448631447553428,0.01906585566233869,0.022882965598869622,0.03310753189973012,2.0,2.0,6.0,4.387333333333334,4.833666666666666,7.890666666666668,3.6806030388292,3.467198297748528,4.249135747270926,1.1719200169330384,2.26591621513069,6.038488812361893
43,2,0.5714285714285714,1.6582280766035322,2.2413531921193672,"(0, 0, 1, 1, 1, 0, 1, 0, 0, 0, 1, 0, 0, 1, 1, 0, 0, 0, 0, 0, 1, 0, 1, 0, 1)",6.0,9.0,10.0,13.0,9.405333333333333,13.899,12.589333333333334,17.364,0.0,2.2413531921193672,2.7056570535683577,4.3523696574176975,2.0,2.0,16.0,1.0,0.15260599723082816,0.05015841853003767,0.047225269422883354,0.030606439555248572,3.0,4.0,7.0,4.493666666666666,3.184000000000001,7.958666666666668,2.2413531921193672,2.7056570535683577,4.3523696574176975,3.734849440806786,0.7932017040182103,5.98006295330799
43,3,0.8571428571428571,1.6582280766035322,2.762138144333113,"(0, 1, 0, 0, 1, 1, 0, 1, 1, 0, 0, 0, 1, 0, 1, 0, 0, 0, 1, 0, 0, 1, 0, 0, 1)",7.0,10.0,10.0,13.0,9.364,15.444666666666667,13.52,18.388666666666666,0.0,2.831461290313346,2.762138144333113,4.761279488729925,8.0,4.0,8.0,5.0,0.05466618125511145,0.06514216331238488,0.05637377966580681,0.014384203575083555,3.0,3.0,6.0,6.080666666666666,4.155999999999999,9.024666666666665,2.831461290313346,2.762138144333113,4.761279488729925,5.387923581720222,2.31134086397353,7.069668319886201
43,4,1.1428571428571428,1.6582280766035322,2.2094507264011547,"(1, 0, 0, 0, 1, 0, 1, 0, 1, 0, 1, 0, 0, 1, 1, 1, 1, 0, 1, 1, 1, 0, 0, 1, 1)",8.0,9.0,11.0,13.0,11.038,13.554666666666666,15.335333333333333,18.277333333333335,0.0,2.2094507264011547,2.5088714427665337,3.492016444628361,10.0,1.0,2.0,3.0,0.0815090998626341,0.11028853218774944,0.08262906699839473,0.02495709084122335,1.0,3.0,5.0,2.5166666666666657,4.297333333333333,7.2393333333333345,2.2094507264011547,2.5088714427665337,3.492016444628361,0.509434097728424,2.9656777208732996,6.213906076781181
43,5,1.4285714285714284,1.6582280766035322,4.110102535425923,"(0, 1, 0, 0, 0, 1, 0, 0, 0, 0, 0, 1, 0, 0, 0, 1, 1, 1, 1, 1, 0, 0, 1, 1, 0)",6.0,10.0,9.0,12.0,7.669,12.848,11.392333333333333,14.467333333333332,0.0,4.606760269125085,4.110102535425923,4.979281206534072,4.0,20.0,6.0,34.0,0.1836912310461269,0.04094066773513144,0.10776634123830682,0.02521524449233664,4.0,3.0,6.0,5.179000000000001,3.7233333333333336,6.798333333333333,4.606760269125085,4.110102535425923,4.979281206534072,0.9489039882848347,-0.6413515500754767,3.0164033094639033
43,6,1.7142857142857142,1.6582280766035322,4.2516415141422375,"(0, 1, 0, 0, 0, 0, 0, 1, 0, 0, 1, 0, 1, 0, 1, 0, 0, 0, 1, 0, 0, 1, 0, 1, 0)",4.0,9.0,8.0,11.0,6.121333333333333,13.028666666666666,11.858666666666666,16.16433333333333,0.0,4.2516415141422375,4.366354047530389,5.934365304388485,1.0,7.0,2.0,8.0,0.21105513580071406,0.03709246825879772,0.05163092324265023,0.0045639582373180046,5.0,4.0,7.0,6.907333333333333,5.737333333333333,10.043,4.2516415141422375,4.366354047530389,5.934365304388485,4.403742737388986,2.2733963441603002,6.813053408770421
43,7,2.0,1.6582280766035322,3.0961881903648947,"(0, 1, 1, 1, 1, 1, 1, 0, 0, 0, 0, 0, 0, 0, 0, 0, 0, 0, 0, 1, 0, 1, 0, 0, 0)",5.0,9.0,8.0,12.0,7.024,12.696333333333333,13.447333333333333,16.322333333333333,0.0,3.0961881903648947,3.3413756362471343,4.0988910711524404,1.0,5.0,2.0,13.0,0.20389027945754037,0.016143917198232622,0.04303944360615178,0.007649057965125489,4.0,3.0,7.0,5.6723333333333334,6.423333333333333,9.298333333333332,3.0961881903648947,3.3413756362471343,4.0988910711524404,4.2718362054760854,5.110588784212698,8.621861141827338
44,0,0.0,1.6582280766035322,1.617527789701119,"(1, 0, 1, 0, 1, 1, 1, 1, 1, 1, 1, 1, 0, 1, 1, 0, 0, 1, 1, 0, 0, 0, 1, 1, 0)",8.0,11.0,9.0,12.0,11.101666666666667,16.321666666666665,13.619,17.992333333333335,0.0,1.8933740302441167,1.617527789701119,2.827960586596071,11.0,20.0,2.0,2.0,0.13968177738545645,0.11005384867387888,0.07344395303380222,0.021798151755237246,3.0,1.0,4.0,5.219999999999999,2.517333333333333,6.890666666666668,1.8933740302441167,1.617527789701119,2.827960586596071,5.516304583407656,1.4920828159344421,6.736893288960943
44,1,0.2857142857142857,1.6582280766035322,3.467198297748528,"(1, 1, 1, 0, 0, 1, 1, 0, 1, 0, 0, 0, 1, 0, 0, 1, 1, 1, 0, 0, 0, 1, 1, 1, 1)",8.0,10.0,10.0,14.0,11.586666666666666,15.974,16.420333333333332,19.477333333333334,0.0,3.6806030388292,3.467198297748528,4.249135747270926,6.0,2.0,1.0,3.0,0.14448631447553428,0.01906585566233869,0.022882965598869622,0.03310753189973012,2.0,2.0,6.0,4.387333333333334,4.833666666666666,7.890666666666668,3.6806030388292,3.467198297748528,4.249135747270926,1.1719200169330384,2.26591621513069,6.038488812361893
44,2,0.5714285714285714,1.6582280766035322,2.6860623251298255,"(0, 0, 1, 1, 1, 0, 1, 0, 0, 0, 1, 0, 0, 1, 1, 1, 1, 0, 0, 0, 1, 0, 1, 0, 1)",7.0,12.0,11.0,14.0,8.766,16.940333333333335,16.375333333333334,18.175666666666668,0.0,2.6860623251298255,2.8182507399697365,3.59798643110153,3.0,8.0,4.0,6.0,0.15145655536130032,0.05820422588078262,0.04573402030467548,0.05270522095232325,5.0,4.0,7.0,8.174333333333335,7.609333333333334,9.409666666666668,2.6860623251298255,2.8182507399697365,3.59798643110153,9.100805077812234,7.9447076736419815,9.637091338855942
44,3,0.8571428571428571,1.6582280766035322,2.762138144333113,"(0, 1, 0, 0, 1, 1, 0, 1, 1, 0, 0, 0, 1, 0, 1, 0, 0, 0, 1, 0, 0, 1, 0, 0, 1)",7.0,10.0,10.0,13.0,9.364,15.444666666666667,13.52,18.388666666666666,0.0,2.831461290313346,2.762138144333113,4.761279488729925,8.0,4.0,8.0,5.0,0.05466618125511145,0.06514216331238488,0.05637377966580681,0.014384203575083555,3.0,3.0,6.0,6.080666666666666,4.155999999999999,9.024666666666665,2.831461290313346,2.762138144333113,4.761279488729925,5.387923581720222,2.31134086397353,7.069668319886201
44,4,1.1428571428571428,1.6582280766035322,2.606559501234887,"(1, 0, 0, 0, 1, 0, 0, 0, 1, 0, 1, 1, 0, 1, 1, 1, 1, 0, 1, 1, 1, 0, 0, 1, 1)",7.0,8.0,9.0,12.0,9.56,11.852666666666666,15.744333333333334,18.822666666666667,0.0,2.606559501234887,2.7946946889037627,3.3759312668879096,8.0,1.0,1.0,8.0,0.18057892496420275,0.08871813287942924,0.0799947265069626,0.012597836748672995,1.0,2.0,5.0,2.2926666666666655,6.184333333333333,9.262666666666666,2.606559501234887,2.7946946889037627,3.3759312668879096,-0.520505911325693,5.620793969733451,9.761549919449052
44,5,1.4285714285714284,1.6582280766035322,4.110102535425923,"(0, 1, 0, 0, 0, 1, 0, 0, 0, 0, 0, 1, 0, 0, 0, 1, 1, 1, 1, 1, 0, 0, 1, 1, 0)",6.0,10.0,9.0,12.0,7.669,12.848,11.392333333333333,14.467333333333332,0.0,4.606760269125085,4.110102535425923,4.979281206534072,4.0,20.0,6.0,34.0,0.1836912310461269,0.04094066773513144,0.10776634123830682,0.02521524449233664,4.0,3.0,6.0,5.179000000000001,3.7233333333333336,6.798333333333333,4.606760269125085,4.110102535425923,4.979281206534072,0.9489039882848347,-0.6413515500754767,3.0164033094639033
44,6,1.7142857142857142,1.6582280766035322,4.2516415141422375,"(0, 1, 0, 0, 0, 0, 0, 1, 0, 0, 1, 0, 1, 0, 1, 0, 0, 0, 1, 0, 0, 1, 0, 1, 0)",4.0,9.0,8.0,11.0,6.121333333333333,13.028666666666666,11.858666666666666,16.16433333333333,0.0,4.2516415141422375,4.366354047530389,5.934365304388485,1.0,7.0,2.0,8.0,0.21105513580071406,0.03709246825879772,0.05163092324265023,0.0045639582373180046,5.0,4.0,7.0,6.907333333333333,5.737333333333333,10.043,4.2516415141422375,4.366354047530389,5.934365304388485,4.403742737388986,2.2733963441603002,6.813053408770421
44,7,2.0,1.6582280766035322,2.923013904898266,"(0, 1, 1, 1, 1, 1, 1, 0, 0, 0, 0, 0, 0, 1, 1, 0, 0, 0, 0, 1, 0, 1, 0, 0, 0)",6.0,10.0,11.0,11.0,8.928666666666667,12.737,15.662333333333333,16.237666666666666,0.0,3.0381409953055676,2.923013904898266,3.929079303730036,1.0,17.0,7.0,3.0,0.23548391173084823,0.008395699356655467,0.049343166671079144,0.01793194942360853,4.0,5.0,5.0,3.8083333333333336,6.733666666666666,7.308999999999999,3.0381409953055676,2.923013904898266,3.929079303730036,1.27715455930256,6.318931399751152,5.604679395248213
45,0,0.0,1.6582280766035322,1.617527789701119,"(1, 0, 1, 0, 1, 1, 1, 1, 1, 1, 1, 1, 0, 1, 1, 0, 0, 1, 1, 0, 0, 0, 1, 1, 0)",8.0,11.0,9.0,12.0,11.101666666666667,16.321666666666665,13.619,17.992333333333335,0.0,1.8933740302441167,1.617527789701119,2.827960586596071,11.0,20.0,2.0,2.0,0.13968177738545645,0.11005384867387888,0.07344395303380222,0.021798151755237246,3.0,1.0,4.0,5.219999999999999,2.517333333333333,6.890666666666668,1.8933740302441167,1.617527789701119,2.827960586596071,5.516304583407656,1.4920828159344421,6.736893288960943
45,1,0.2857142857142857,1.6582280766035322,3.467198297748528,"(1, 1, 1, 0, 0, 1, 1, 0, 1, 0, 0, 0, 1, 0, 0, 1, 1, 1, 0, 0, 0, 1, 1, 1, 1)",8.0,10.0,10.0,14.0,11.586666666666666,15.974,16.420333333333332,19.477333333333334,0.0,3.6806030388292,3.467198297748528,4.249135747270926,6.0,2.0,1.0,3.0,0.14448631447553428,0.01906585566233869,0.022882965598869622,0.03310753189973012,2.0,2.0,6.0,4.387333333333334,4.833666666666666,7.890666666666668,3.6806030388292,3.467198297748528,4.249135747270926,1.1719200169330384,2.26591621513069,6.038488812361893
45,2,0.5714285714285714,1.6582280766035322,2.6860623251298255,"(0, 0, 1, 1, 1, 0, 1, 0, 0, 0, 1, 0, 0, 1, 1, 1, 1, 0, 0, 0, 1, 0, 1, 0, 1)",7.0,12.0,11.0,14.0,8.766,16.940333333333335,16.375333333333334,18.175666666666668,0.0,2.6860623251298255,2.8182507399697365,3.59798643110153,3.0,8.0,4.0,6.0,0.15145655536130032,0.05820422588078262,0.04573402030467548,0.05270522095232325,5.0,4.0,7.0,8.174333333333335,7.609333333333334,9.409666666666668,2.6860623251298255,2.8182507399697365,3.59798643110153,9.100805077812234,7.9447076736419815,9.637091338855942
45,3,0.8571428571428571,1.6582280766035322,2.762138144333113,"(0, 1, 0, 0, 1, 1, 0, 1, 1, 0, 0, 0, 1, 0, 1, 0, 0, 0, 1, 0, 0, 1, 0, 0, 1)",7.0,10.0,10.0,13.0,9.364,15.444666666666667,13.52,18.388666666666666,0.0,2.831461290313346,2.762138144333113,4.761279488729925,8.0,4.0,8.0,5.0,0.05466618125511145,0.06514216331238488,0.05637377966580681,0.014384203575083555,3.0,3.0,6.0,6.080666666666666,4.155999999999999,9.024666666666665,2.831461290313346,2.762138144333113,4.761279488729925,5.387923581720222,2.31134086397353,7.069668319886201
45,4,1.1428571428571428,1.6582280766035322,2.377512141964925,"(1, 0, 0, 0, 1, 0, 0, 0, 1, 0, 1, 1, 0, 1, 1, 1, 1, 0, 0, 0, 1, 0, 0, 1, 1)",6.0,9.0,11.0,12.0,8.238666666666667,12.620333333333333,15.789333333333333,17.307333333333332,0.0,2.377512141964925,3.1269483211858917,4.286694613205994,1.0,3.0,1.0,1.0,0.264548748268129,0.018455861408839057,0.03650875425369107,0.054651687785995495,3.0,5.0,6.0,4.381666666666666,7.550666666666666,9.068666666666665,2.377512141964925,3.1269483211858917,4.286694613205994,3.323345302712434,7.335533963462344,7.929600320581932
45,5,1.4285714285714284,1.6582280766035322,3.803680411625997,"(1, 0, 0, 0, 0, 1, 0, 0, 0, 0, 0, 1, 0, 0, 0, 1, 1, 1, 1, 1, 0, 0, 1, 1, 0)",5.0,8.0,8.0,11.0,6.355,14.470666666666666,10.79,14.951666666666666,0.0,4.4817851464183995,3.803680411625997,4.453687392898174,2.0,1.0,3.0,1.0,0.16218579783209103,0.034742602310166,0.08462353791825725,0.02722702020813948,3.0,3.0,6.0,8.115666666666666,4.434999999999999,8.596666666666666,4.4817851464183995,3.803680411625997,4.453687392898174,6.025804363926403,1.0468718667515549,6.870004552549425
45,6,1.7142857142857142,1.6582280766035322,4.2516415141422375,"(0, 1, 0, 0, 0, 0, 0, 1, 0, 0, 1, 0, 1, 0, 1, 0, 0, 0, 1, 0, 0, 1, 0, 1, 0)",4.0,9.0,8.0,11.0,6.121333333333333,13.028666666666666,11.858666666666666,16.16433333333333,0.0,4.2516415141422375,4.366354047530389,5.934365304388485,1.0,7.0,2.0,8.0,0.21105513580071406,0.03709246825879772,0.05163092324265023,0.0045639582373180046,5.0,4.0,7.0,6.907333333333333,5.737333333333333,10.043,4.2516415141422375,4.366354047530389,5.934365304388485,4.403742737388986,2.2733963441603002,6.813053408770421
45,7,2.0,1.6582280766035322,2.923013904898266,"(0, 1, 1, 1, 1, 1, 1, 0, 0, 0, 0, 0, 0, 1, 1, 0, 0, 0, 0, 1, 0, 1, 0, 0, 0)",6.0,10.0,11.0,11.0,8.928666666666667,12.737,15.662333333333333,16.237666666666666,0.0,3.0381409953055676,2.923013904898266,3.929079303730036,1.0,17.0,7.0,3.0,0.23548391173084823,0.008395699356655467,0.049343166671079144,0.01793194942360853,4.0,5.0,5.0,3.8083333333333336,6.733666666666666,7.308999999999999,3.0381409953055676,2.923013904898266,3.929079303730036,1.27715455930256,6.318931399751152,5.604679395248213
46,0,0.0,1.6582280766035322,1.617527789701119,"(1, 0, 1, 0, 1, 1, 1, 1, 1, 1, 1, 1, 0, 1, 1, 0, 0, 1, 1, 0, 0, 0, 1, 1, 0)",8.0,11.0,9.0,12.0,11.101666666666667,16.321666666666665,13.619,17.992333333333335,0.0,1.8933740302441167,1.617527789701119,2.827960586596071,11.0,20.0,2.0,2.0,0.13968177738545645,0.11005384867387888,0.07344395303380222,0.021798151755237246,3.0,1.0,4.0,5.219999999999999,2.517333333333333,6.890666666666668,1.8933740302441167,1.617527789701119,2.827960586596071,5.516304583407656,1.4920828159344421,6.736893288960943
46,1,0.2857142857142857,1.6582280766035322,2.04798537363099,"(0, 1, 1, 0, 0, 1, 1, 0, 1, 0, 0, 0, 1, 0, 0, 1, 1, 1, 0, 0, 1, 1, 1, 1, 1)",8.0,11.0,11.0,15.0,11.147333333333334,15.231666666666667,16.375,19.486666666666668,0.0,2.04798537363099,2.5109718649968986,3.265410365582286,4.0,7.0,2.0,10.0,0.1825410222545113,0.0102363059945463,0.06455437172536325,0.013238538554410258,3.0,3.0,7.0,4.084333333333333,5.227666666666666,8.339333333333334,2.04798537363099,2.5109718649968986,3.265410365582286,3.376729360512744,4.504899595691673,8.413721523648308
46,2,0.5714285714285714,1.6582280766035322,2.550962798777654,"(0, 0, 1, 0, 0, 0, 1, 0, 0, 0, 1, 0, 0, 1, 1, 1, 1, 0, 0, 0, 1, 0, 1, 0, 1)",6.0,9.0,10.0,11.0,9.341333333333333,13.623333333333333,14.727,15.752,0.0,2.7656849099414034,2.550962798777654,3.418501666565605,3.0,2.0,5.0,1.0,0.18377566192958358,0.03930931482524005,0.07916071710353981,0.03398517728161367,3.0,4.0,5.0,4.282,5.385666666666667,6.410666666666668,2.7656849099414034,2.550962798777654,3.418501666565605,2.5143962553127785,4.700585542590192,4.961692012997993
46,3,0.8571428571428571,1.6582280766035322,2.762138144333113,"(0, 1, 0, 0, 1, 1, 0, 1, 1, 0, 0, 0, 1, 0, 1, 0, 0, 0, 1, 0, 0, 1, 0, 0, 1)",7.0,10.0,10.0,13.0,9.364,15.444666666666667,13.52,18.388666666666666,0.0,2.831461290313346,2.762138144333113,4.761279488729925,8.0,4.0,8.0,5.0,0.05466618125511145,0.06514216331238488,0.05637377966580681,0.014384203575083555,3.0,3.0,6.0,6.080666666666666,4.155999999999999,9.024666666666665,2.831461290313346,2.762138144333113,4.761279488729925,5.387923581720222,2.31134086397353,7.069668319886201
46,4,1.1428571428571428,1.6582280766035322,2.377512141964925,"(1, 0, 0, 0, 1, 0, 0, 0, 1, 0, 1, 1, 0, 1, 1, 1, 1, 0, 0, 0, 1, 0, 0, 1, 1)",6.0,9.0,11.0,12.0,8.238666666666667,12.620333333333333,15.789333333333333,17.307333333333332,0.0,2.377512141964925,3.1269483211858917,4.286694613205994,1.0,3.0,1.0,1.0,0.264548748268129,0.018455861408839057,0.03650875425369107,0.054651687785995495,3.0,5.0,6.0,4.381666666666666,7.550666666666666,9.068666666666665,2.377512141964925,3.1269483211858917,4.286694613205994,3.323345302712434,7.335533963462344,7.929600320581932
46,5,1.4285714285714284,1.6582280766035322,3.803680411625997,"(1, 0, 0, 0, 0, 1, 0, 0, 0, 0, 0, 1, 0, 0, 0, 1, 1, 1, 1, 1, 0, 0, 1, 1, 0)",5.0,8.0,8.0,11.0,6.355,14.470666666666666,10.79,14.951666666666666,0.0,4.4817851464183995,3.803680411625997,4.453687392898174,2.0,1.0,3.0,1.0,0.16218579783209103,0.034742602310166,0.08462353791825725,0.02722702020813948,3.0,3.0,6.0,8.115666666666666,4.434999999999999,8.596666666666666,4.4817851464183995,3.803680411625997,4.453687392898174,6.025804363926403,1.0468718667515549,6.870004552549425
46,6,1.7142857142857142,1.6582280766035322,5.187425679660626,"(0, 1, 0, 0, 0, 1, 0, 1, 0, 1, 1, 0, 1, 0, 1, 0, 0, 0, 1, 0, 0, 1, 0, 1, 0)",5.0,8.0,9.0,13.0,6.284666666666666,11.930333333333333,13.822666666666667,18.133,0.0,5.3467076987966005,5.187425679660626,6.335195880016372,2.0,1.0,4.0,19.0,0.18243481647245907,0.08838338020636814,0.07185526157053453,0.07734317459785357,3.0,4.0,8.0,5.645666666666667,7.538,11.848333333333333,5.3467076987966005,5.187425679660626,6.335195880016372,0.4957421542745577,3.897788334130016,9.142039315264679
46,7,2.0,1.6582280766035322,3.483043588258297,"(0, 1, 1, 0, 0, 1, 1, 0, 0, 0, 0, 0, 0, 1, 1, 0, 0, 0, 0, 1, 0, 1, 0, 0, 0)",6.0,11.0,9.0,13.0,8.705333333333334,14.207666666666666,13.110333333333333,18.702333333333332,0.0,3.865237522780799,3.483043588258297,5.3939395618451895,3.0,30.0,1.0,10.0,0.10231472610729353,0.01295885813792285,0.055769212288406964,0.00548271814326104,5.0,3.0,7.0,5.502333333333333,4.404999999999999,9.996999999999998,3.865237522780799,3.483043588258297,5.3939395618451895,2.7146782371482283,1.5288140073547372,7.632924056851261
47,0,0.0,1.6582280766035322,1.5194988732392403,"(1, 0, 0, 0, 1, 1, 1, 1, 1, 1, 1, 1, 0, 1, 1, 0, 0, 1, 1, 0, 0, 0, 0, 1, 0)",8.0,12.0,10.0,12.0,11.705333333333334,15.109666666666667,14.755,18.04,0.0,1.570139316223071,1.5194988732392403,3.016491906527688,6.0,4.0,2.0,1.0,0.2566139987619732,0.04982322003409563,0.05276084073159669,0.018332870780096707,4.0,2.0,4.0,3.4043333333333337,3.049666666666667,6.334666666666665,1.570139316223071,1.5194988732392403,3.016491906527688,3.041512017110457,2.5373671969758327,5.5022905503396435
47,1,0.2857142857142857,1.6582280766035322,2.590078556629092,"(0, 1, 1, 0, 0, 0, 1, 0, 1, 1, 0, 0, 1, 0, 0, 1, 1, 1, 0, 0, 1, 1, 1, 1, 1)",7.0,10.0,11.0,13.0,10.165666666666667,14.511666666666667,16.963666666666665,17.196,0.0,2.590078556629092,2.776795038054649,3.7398662678113714,2.0,2.0,3.0,4.0,0.11339641302365086,0.07895121202433854,0.00958801330712591,0.04223185132386642,3.0,4.0,6.0,4.346,6.797999999999998,7.030333333333335,2.590078556629092,2.776795038054649,3.7398662678113714,2.911718237707839,6.668074969675216,5.456344873187755
47,2,0.5714285714285714,1.6582280766035322,2.550962798777654,"(0, 0, 1, 0, 0, 0, 1, 0, 0, 0, 1, 0, 0, 1, 1, 1, 1, 0, 0, 0, 1, 0, 1, 0, 1)",6.0,9.0,10.0,11.0,9.341333333333333,13.623333333333333,14.727,15.752,0.0,2.7656849099414034,2.550962798777654,3.418501666565605,3.0,2.0,5.0,1.0,0.18377566192958358,0.03930931482524005,0.07916071710353981,0.03398517728161367,3.0,4.0,5.0,4.282,5.385666666666667,6.410666666666668,2.7656849099414034,2.550962798777654,3.418501666565605,2.5143962553127785,4.700585542590192,4.961692012997993
47,3,0.8571428571428571,1.6582280766035322,2.092904929750539,"(0, 1, 0, 0, 1, 1, 0, 1, 1, 0, 0, 0, 1, 0, 1, 0, 1, 1, 1, 0, 0, 1, 0, 0, 1)",8.0,12.0,12.0,14.0,11.437666666666667,17.033,16.518,19.119,0.0,2.525684032987653,2.092904929750539,3.522030372814885,8.0,5.0,5.0,1.0,0.10430012118194962,0.06175449056576881,0.05615617841353938,0.042526526147994,4.0,4.0,6.0,5.595333333333334,5.080333333333334,7.681333333333333,2.525684032987653,2.092904929750539,3.522030372814885,5.0901786551595976,4.953837655663858,6.897072948231882
47,4,1.1428571428571428,1.6582280766035322,2.377512141964925,"(1, 0, 0, 0, 1, 0, 0, 0, 1, 0, 1, 1, 0, 1, 1, 1, 1, 0, 0, 0, 1, 0, 0, 1, 1)",6.0,9.0,11.0,12.0,8.238666666666667,12.620333333333333,15.789333333333333,17.307333333333332,0.0,2.377512141964925,3.1269483211858917,4.286694613205994,1.0,3.0,1.0,1.0,0.264548748268129,0.018455861408839057,0.03650875425369107,0.054651687785995495,3.0,5.0,6.0,4.381666666666666,7.550666666666666,9.068666666666665,2.377512141964925,3.1269483211858917,4.286694613205994,3.323345302712434,7.335533963462344,7.929600320581932
47,5,1.4285714285714284,1.6582280766035322,3.803680411625997,"(1, 0, 0, 0, 0, 1, 0, 0, 0, 0, 0, 1, 0, 0, 0, 1, 1, 1, 1, 1, 0, 0, 1, 1, 0)",5.0,8.0,8.0,11.0,6.355,14.470666666666666,10.79,14.951666666666666,0.0,4.4817851464183995,3.803680411625997,4.453687392898174,2.0,1.0,3.0,1.0,0.16218579783209103,0.034742602310166,0.08462353791825725,0.02722702020813948,3.0,3.0,6.0,8.115666666666666,4.434999999999999,8.596666666666666,4.4817851464183995,3.803680411625997,4.453687392898174,6.025804363926403,1.0468718667515549,6.870004552549425
47,6,1.7142857142857142,1.6582280766035322,5.187425679660626,"(0, 1, 0, 0, 0, 1, 0, 1, 0, 1, 1, 0, 1, 0, 1, 0, 0, 0, 1, 0, 0, 1, 0, 1, 0)",5.0,8.0,9.0,13.0,6.284666666666666,11.930333333333333,13.822666666666667,18.133,0.0,5.3467076987966005,5.187425679660626,6.335195880016372,2.0,1.0,4.0,19.0,0.18243481647245907,0.08838338020636814,0.07185526157053453,0.07734317459785357,3.0,4.0,8.0,5.645666666666667,7.538,11.848333333333333,5.3467076987966005,5.187425679660626,6.335195880016372,0.4957421542745577,3.897788334130016,9.142039315264679
47,7,2.0,1.6582280766035322,2.516619052835555,"(0, 1, 1, 0, 0, 1, 1, 0, 0, 0, 0, 0, 0, 1, 1, 0, 0, 0, 0, 1, 1, 1, 0, 0, 1)",5.0,8.0,9.0,11.0,7.609666666666667,11.867666666666667,14.380666666666666,16.168666666666667,0.0,2.516619052835555,4.016163914886332,4.909589565425706,1.0,1.0,2.0,1.0,0.27216236880242783,0.09973673971557508,0.10172792338193741,0.02114429992334025,3.0,4.0,6.0,4.258,6.771,8.559000000000001,2.516619052835555,4.016163914886332,4.909589565425706,2.887606778650535,4.568146542776042,6.051554845660994
48,0,0.0,1.6582280766035322,1.5194988732392403,"(1, 0, 0, 0, 1, 1, 1, 1, 1, 1, 1, 1, 0, 1, 1, 0, 0, 1, 1, 0, 0, 0, 0, 1, 0)",8.0,12.0,10.0,12.0,11.705333333333334,15.109666666666667,14.755,18.04,0.0,1.570139316223071,1.5194988732392403,3.016491906527688,6.0,4.0,2.0,1.0,0.2566139987619732,0.04982322003409563,0.05276084073159669,0.018332870780096707,4.0,2.0,4.0,3.4043333333333337,3.049666666666667,6.334666666666665,1.570139316223071,1.5194988732392403,3.016491906527688,3.041512017110457,2.5373671969758327,5.5022905503396435
48,1,0.2857142857142857,1.6582280766035322,2.590078556629092,"(0, 1, 1, 0, 0, 0, 1, 0, 1, 1, 0, 0, 1, 0, 0, 1, 1, 1, 0, 0, 1, 1, 1, 1, 1)",7.0,10.0,11.0,13.0,10.165666666666667,14.511666666666667,16.963666666666665,17.196,0.0,2.590078556629092,2.776795038054649,3.7398662678113714,2.0,2.0,3.0,4.0,0.11339641302365086,0.07895121202433854,0.00958801330712591,0.04223185132386642,3.0,4.0,6.0,4.346,6.797999999999998,7.030333333333335,2.590078556629092,2.776795038054649,3.7398662678113714,2.911718237707839,6.668074969675216,5.456344873187755
48,2,0.5714285714285714,1.6582280766035322,2.550962798777654,"(0, 0, 1, 0, 0, 0, 1, 0, 0, 0, 1, 0, 0, 1, 1, 1, 1, 0, 0, 0, 1, 0, 1, 0, 1)",6.0,9.0,10.0,11.0,9.341333333333333,13.623333333333333,14.727,15.752,0.0,2.7656849099414034,2.550962798777654,3.418501666565605,3.0,2.0,5.0,1.0,0.18377566192958358,0.03930931482524005,0.07916071710353981,0.03398517728161367,3.0,4.0,5.0,4.282,5.385666666666667,6.410666666666668,2.7656849099414034,2.550962798777654,3.418501666565605,2.5143962553127785,4.700585542590192,4.961692012997993
48,3,0.8571428571428571,1.6582280766035322,2.250049677143332,"(0, 0, 0, 0, 1, 1, 1, 1, 1, 0, 0, 0, 1, 0, 1, 0, 1, 1, 1, 0, 0, 1, 0, 0, 1)",7.0,11.0,10.0,12.0,10.318666666666667,16.74266666666667,15.632666666666667,16.082,0.0,2.250049677143332,2.7647176102300515,3.8097790059966146,5.0,4.0,3.0,2.0,0.16545464554900952,0.04841861727082157,0.0649655100092278,0.04687462202366981,4.0,3.0,5.0,6.424000000000001,5.314,5.763333333333334,2.250049677143332,2.7647176102300515,3.8097790059966146,6.921361615709307,4.227291633907478,3.239438634760075
48,4,1.1428571428571428,1.6582280766035322,2.3708423801456973,"(1, 0, 0, 0, 1, 0, 0, 0, 0, 1, 1, 1, 0, 1, 1, 1, 1, 0, 0, 0, 1, 0, 0, 1, 1)",6.0,9.0,10.0,12.0,10.921666666666667,11.889,14.134333333333334,15.6,0.0,2.433145693934974,2.3708423801456973,3.2586853294938387,2.0,4.0,8.0,4.0,0.18413095543574365,0.17861174337629332,0.025107857463362138,0.024897416949500973,3.0,4.0,6.0,0.9673333333333325,3.2126666666666672,4.678333333333333,2.433145693934974,2.3708423801456973,3.2586853294938387,-2.4306512113821435,1.395936667475809,2.3541001788608082
48,5,1.4285714285714284,1.6582280766035322,3.803680411625997,"(1, 0, 0, 0, 0, 1, 0, 0, 0, 0, 0, 1, 0, 0, 0, 1, 1, 1, 1, 1, 0, 0, 1, 1, 0)",5.0,8.0,8.0,11.0,6.355,14.470666666666666,10.79,14.951666666666666,0.0,4.4817851464183995,3.803680411625997,4.453687392898174,2.0,1.0,3.0,1.0,0.16218579783209103,0.034742602310166,0.08462353791825725,0.02722702020813948,3.0,3.0,6.0,8.115666666666666,4.434999999999999,8.596666666666666,4.4817851464183995,3.803680411625997,4.453687392898174,6.025804363926403,1.0468718667515549,6.870004552549425
48,6,1.7142857142857142,1.6582280766035322,5.187425679660626,"(0, 1, 0, 0, 0, 1, 0, 1, 0, 1, 1, 0, 1, 0, 1, 0, 0, 0, 1, 0, 0, 1, 0, 1, 0)",5.0,8.0,9.0,13.0,6.284666666666666,11.930333333333333,13.822666666666667,18.133,0.0,5.3467076987966005,5.187425679660626,6.335195880016372,2.0,1.0,4.0,19.0,0.18243481647245907,0.08838338020636814,0.07185526157053453,0.07734317459785357,3.0,4.0,8.0,5.645666666666667,7.538,11.848333333333333,5.3467076987966005,5.187425679660626,6.335195880016372,0.4957421542745577,3.897788334130016,9.142039315264679
48,7,2.0,1.6582280766035322,2.998684379460608,"(0, 0, 1, 0, 0, 1, 0, 0, 0, 0, 0, 0, 0, 1, 1, 0, 0, 0, 0, 1, 1, 1, 0, 0, 1)",6.0,10.0,10.0,12.0,10.032,13.556666666666667,14.942666666666666,16.074333333333332,0.0,3.041531150484402,2.998684379460608,4.4219599623658254,5.0,14.0,2.0,10.0,0.1540175454494033,0.0700128219026308,0.04600820029834666,0.04519887835570341,4.0,4.0,6.0,3.5246666666666666,4.910666666666666,6.042333333333332,3.041531150484402,2.998684379460608,4.4219599623658254,0.8011488777377717,3.1705027106137234,2.68694861831903
49,0,0.0,1.6582280766035322,2.158119355052073,"(1, 0, 0, 0, 1, 1, 1, 1, 1, 1, 0, 1, 0, 1, 1, 1, 0, 1, 1, 0, 0, 0, 0, 1, 0)",8.0,11.0,12.0,14.0,12.703,16.293333333333333,15.531666666666666,19.943666666666665,0.0,2.6502998729444087,2.158119355052073,2.9646814915120316,2.0,1.0,9.0,2.0,0.05833175071055138,0.05231943065370921,0.06032686374035574,0.03451630349309442,3.0,4.0,6.0,3.5903333333333336,2.828666666666667,7.240666666666666,2.6502998729444087,2.158119355052073,2.9646814915120316,1.5587898769636896,1.1119203788103371,7.090558672581887
49,1,0.2857142857142857,1.6582280766035322,2.7044318072673112,"(0, 1, 1, 0, 0, 1, 0, 0, 1, 1, 0, 0, 1, 0, 0, 1, 1, 1, 0, 0, 1, 1, 1, 1, 1)",8.0,11.0,12.0,13.0,11.200333333333333,15.198,16.993666666666666,18.426333333333332,0.0,2.845067972919697,2.7044318072673112,3.4224814139494533,10.0,5.0,5.0,1.0,0.1675850771014008,0.09241413519420656,0.06936308664651396,0.036870933286572295,3.0,4.0,5.0,3.9976666666666674,5.793333333333333,7.225999999999999,2.845067972919697,2.7044318072673112,3.4224814139494533,1.9112715150277824,5.122103236386175,6.307101309272383
49,2,0.5714285714285714,1.6582280766035322,2.550962798777654,"(0, 0, 1, 0, 0, 0, 1, 0, 0, 0, 1, 0, 0, 1, 1, 1, 1, 0, 0, 0, 1, 0, 1, 0, 1)",6.0,9.0,10.0,11.0,9.341333333333333,13.623333333333333,14.727,15.752,0.0,2.7656849099414034,2.550962798777654,3.418501666565605,3.0,2.0,5.0,1.0,0.18377566192958358,0.03930931482524005,0.07916071710353981,0.03398517728161367,3.0,4.0,5.0,4.282,5.385666666666667,6.410666666666668,2.7656849099414034,2.550962798777654,3.418501666565605,2.5143962553127785,4.700585542590192,4.961692012997993
49,3,0.8571428571428571,1.6582280766035322,2.250049677143332,"(0, 0, 0, 0, 1, 1, 1, 1, 1, 0, 0, 0, 1, 0, 1, 0, 1, 1, 1, 0, 0, 1, 0, 0, 1)",7.0,11.0,10.0,12.0,10.318666666666667,16.74266666666667,15.632666666666667,16.082,0.0,2.250049677143332,2.7647176102300515,3.8097790059966146,5.0,4.0,3.0,2.0,0.16545464554900952,0.04841861727082157,0.0649655100092278,0.04687462202366981,4.0,3.0,5.0,6.424000000000001,5.314,5.763333333333334,2.250049677143332,2.7647176102300515,3.8097790059966146,6.921361615709307,4.227291633907478,3.239438634760075
49,4,1.1428571428571428,1.6582280766035322,2.217198336470176,"(1, 0, 0, 0, 1, 1, 1, 0, 0, 1, 1, 1, 0, 1, 1, 1, 1, 0, 0, 0, 1, 0, 0, 1, 1)",7.0,10.0,10.0,13.0,12.843333333333334,14.175666666666666,14.002333333333333,18.263,0.0,2.217198336470176,2.497678403249461,3.695729763839106,2.0,4.0,3.0,1.0,0.14638216657392494,0.05860797287579014,0.06557489104529904,0.032644206940228924,3.0,3.0,6.0,1.3323333333333327,1.158999999999999,5.419666666666668,2.217198336470176,2.497678403249461,3.695729763839106,-1.467307992205386,-2.2198341138110433,2.858680574561599
49,5,1.4285714285714284,1.6582280766035322,3.803680411625997,"(1, 0, 0, 0, 0, 1, 0, 0, 0, 0, 0, 1, 0, 0, 0, 1, 1, 1, 1, 1, 0, 0, 1, 1, 0)",5.0,8.0,8.0,11.0,6.355,14.470666666666666,10.79,14.951666666666666,0.0,4.4817851464183995,3.803680411625997,4.453687392898174,2.0,1.0,3.0,1.0,0.16218579783209103,0.034742602310166,0.08462353791825725,0.02722702020813948,3.0,3.0,6.0,8.115666666666666,4.434999999999999,8.596666666666666,4.4817851464183995,3.803680411625997,4.453687392898174,6.025804363926403,1.0468718667515549,6.870004552549425
49,6,1.7142857142857142,1.6582280766035322,5.187425679660626,"(0, 1, 0, 0, 0, 1, 0, 1, 0, 1, 1, 0, 1, 0, 1, 0, 0, 0, 1, 0, 0, 1, 0, 1, 0)",5.0,8.0,9.0,13.0,6.284666666666666,11.930333333333333,13.822666666666667,18.133,0.0,5.3467076987966005,5.187425679660626,6.335195880016372,2.0,1.0,4.0,19.0,0.18243481647245907,0.08838338020636814,0.07185526157053453,0.07734317459785357,3.0,4.0,8.0,5.645666666666667,7.538,11.848333333333333,5.3467076987966005,5.187425679660626,6.335195880016372,0.4957421542745577,3.897788334130016,9.142039315264679
49,7,2.0,1.6582280766035322,2.998684379460608,"(0, 0, 1, 0, 0, 1, 0, 0, 0, 0, 0, 0, 0, 1, 1, 0, 0, 0, 0, 1, 1, 1, 0, 0, 1)",6.0,10.0,10.0,12.0,10.032,13.556666666666667,14.942666666666666,16.074333333333332,0.0,3.041531150484402,2.998684379460608,4.4219599623658254,5.0,14.0,2.0,10.0,0.1540175454494033,0.0700128219026308,0.04600820029834666,0.04519887835570341,4.0,4.0,6.0,3.5246666666666666,4.910666666666666,6.042333333333332,3.041531150484402,2.998684379460608,4.4219599623658254,0.8011488777377717,3.1705027106137234,2.68694861831903
