step,replica,lambda,beta,phi,syndrome,E0_II,E0_IX,E0_XI,E0_XX,U_II,U_IX,U_XI,U_XX,F_II,F_IX,F_XI,F_XX,g_II,g_IX,g_XI,g_XX,Z_II,Z_IX,Z_XI,Z_XX,delta_E0_IX,delta_E0_XI,delta_E0_XX,delta_U_IX,delta_U_XI,delta_U_XX,delta_F_IX,delta_F_XI,delta_F_XX,delta_S_IX,delta_S_XI,delta_S_XX
0,0,0.0,1.6582280766035322,-4.444333333333333,"(0, 1, 0, 1, 0, 0, 0, 0, 0, 1, 1, 0, 0, 0, 0, 0, 1, 0, 0, 0, 0, 1, 0, 0, 0)",5.0,9.0,9.0,10.0,5.038,9.503666666666666,9.482333333333333,10.293333333333333,0.0,8.086680861172445,8.184009636890869,12.376415559185547,4.0,10.0,11.0,4.0,0.2869366182688033,0.022143453961060027,0.11763265433137789,0.023298358414773655,4.0,4.0,5.0,4.465666666666666,4.444333333333333,5.255333333333333,8.086680861172445,8.184009636890869,12.376415559185547,-6.004467403109407,-6.20123624396802,-11.808378482710518
0,1,0.2857142857142857,1.6582280766035322,-3.267999999999999,"(1, 1, 1, 0, 1, 0, 1, 0, 0, 1, 0, 0, 0, 1, 1, 0, 0, 1, 0, 1, 0, 0, 0, 0, 0)",7.0,10.0,10.0,12.0,7.077333333333334,10.943666666666667,10.345333333333333,13.080333333333334,0.0,6.639932138605085,7.067690495721372,10.080672486153583,12.0,7.0,12.0,25.0,0.27267507224628795,0.09148228056045822,0.06226998703528745,0.00030899341400961546,3.0,3.0,5.0,3.8663333333333334,3.267999999999999,6.003,6.639932138605085,7.067690495721372,10.080672486153583,-4.599259412135631,-6.300753462408775,-6.761711003733599
0,2,0.5714285714285714,1.6582280766035322,-3.384333333333333,"(1, 1, 1, 0, 1, 0, 0, 0, 1, 1, 1, 0, 0, 0, 0, 0, 1, 1, 0, 0, 1, 0, 1, 0, 1)",7.0,11.0,10.0,13.0,7.278,11.250333333333334,10.662333333333333,13.673333333333334,0.0,6.413611643283312,7.469165937823494,10.901532233585144,5.0,26.0,9.0,28.0,0.3546681772062045,0.0021227446900559375,0.030851217480512498,0.023160085778041344,4.0,3.0,6.0,3.972333333333334,3.384333333333333,6.395333333333334,6.413611643283312,7.469165937823494,10.901532233585144,-4.048196236362274,-6.7735841129911165,-7.47230553515751
0,3,0.8571428571428571,1.6582280766035322,-3.8546666666666667,"(0, 1, 0, 0, 0, 1, 1, 0, 0, 1, 0, 0, 1, 0, 0, 0, 1, 0, 0, 0, 1, 0, 0, 0, 1)",5.0,10.0,9.0,12.0,5.183333333333334,10.189,9.038,13.003,0.0,7.931139067587036,8.40117302827851,13.948922456606882,2.0,19.0,6.0,27.0,0.2633290630970113,0.08240551387093732,0.061659401716557635,0.0020749346465112535,5.0,4.0,7.0,5.0056666666666665,3.8546666666666667,7.8196666666666665,7.931139067587036,8.40117302827851,13.948922456606882,-4.8511004725349025,-7.53914449928133,-10.163704039563626
0,4,1.1428571428571428,1.6582280766035322,-3.237,"(1, 1, 0, 0, 0, 1, 0, 0, 0, 0, 1, 0, 0, 1, 0, 0, 1, 0, 1, 0, 0, 0, 0, 0, 1)",6.0,9.0,9.0,12.0,6.0,9.237,9.399333333333333,13.123333333333333,0.0,7.795882930805408,7.022798576736433,12.57666502419183,5.0,8.0,2.0,13.0,0.2675094012158595,0.00047506498615391664,0.09920983666580019,0.018448333916155208,3.0,3.0,6.0,3.237,3.399333333333333,7.123333333333333,7.795882930805408,7.022798576736433,12.57666502419183,-7.559667673810125,-6.008531801208072,-9.042867720813373
0,5,1.4285714285714284,1.6582280766035322,-3.3979999999999997,"(1, 1, 1, 0, 0, 1, 0, 1, 0, 0, 0, 0, 0, 0, 0, 0, 1, 0, 0, 0, 0, 0, 0, 0, 0)",4.0,9.0,7.0,11.0,4.247333333333334,9.618666666666666,7.645333333333333,12.192,0.0,9.843306349365989,7.885095601326676,14.65660813781025,1.0,19.0,1.0,12.0,0.23951850510677675,0.14776509434508592,0.002299991801851117,0.023699631425441847,5.0,3.0,7.0,5.371333333333332,3.3979999999999997,7.9446666666666665,9.843306349365989,7.885095601326676,14.65660813781025,-7.415551212998729,-7.440627908524105,-11.129929795969908
0,6,1.7142857142857142,1.6582280766035322,-3.6159999999999997,"(0, 1, 1, 1, 0, 1, 1, 0, 1, 0, 0, 1, 0, 0, 0, 1, 1, 0, 0, 1, 0, 1, 0, 0, 1)",7.0,10.0,11.0,12.0,7.327333333333334,10.943333333333333,11.587666666666667,13.681666666666667,0.0,6.157240370262202,6.644685725758014,10.46924138639281,5.0,8.0,29.0,7.0,0.31871437788035545,0.08148536823529987,0.05233225122397332,0.008403508636839715,3.0,4.0,5.0,3.6159999999999997,4.2603333333333335,6.354333333333333,6.157240370262202,6.644685725758014,10.46924138639281,-4.21395613136714,-3.953800081635408,-6.8234560662252015
0,7,2.0,1.6582280766035322,-2.963333333333333,"(1, 0, 0, 0, 1, 1, 1, 1, 1, 1, 1, 0, 1, 1, 1, 1, 0, 0, 1, 0, 0, 0, 0, 0, 1)",8.0,11.0,10.0,12.0,8.209333333333333,13.205666666666668,11.172666666666666,14.304666666666666,0.0,6.481322623077956,5.4509918200585545,9.47587064472526,10.0,4.0,1.0,2.0,0.13739950524504924,0.0018314749701897413,0.09102394259647215,0.07695567402484756,3.0,2.0,4.0,4.996333333333334,2.963333333333333,6.095333333333333,6.481322623077956,5.4509918200585545,9.47587064472526,-2.4624509337100697,-4.125105147688818,-5.605701883755913
1,0,0.0,1.6582280766035322,-4.444333333333333,"(0, 1, 0, 1, 0, 0, 0, 0, 0, 1, 1, 0, 0, 0, 0, 0, 1, 0, 0, 0, 0, 1, 0, 0, 0)",5.0,9.0,9.0,10.0,5.038,9.503666666666666,9.482333333333333,10.293333333333333,0.0,8.086680861172445,8.184009636890869,12.376415559185547,4.0,10.0,11.0,4.0,0.2869366182688033,0.022143453961060027,0.11763265433137789,0.023298358414773655,4.0,4.0,5.0,4.465666666666666,4.444333333333333,5.255333333333333,8.086680861172445,8.184009636890869,12.376415559185547,-6.004467403109407,-6.20123624396802,-11.808378482710518
1,1,0.2857142857142857,1.6582280766035322,-4.262,"(1, 1, 1, 0, 1, 1, 1, 0, 0, 0, 0, 0, 0, 1, 1, 0, 0, 1, 0, 1, 0, 0, 0, 0, 0)",6.0,9.0,11.0,11.0,6.278666666666667,10.540666666666667,11.309333333333333,11.909333333333333,0.0,8.962787240689515,9.336607123425173,12.964386385636345,3.0,1.0,32.0,4.0,0.2849531674404672,0.04420830221636642,0.016411794132985144,0.04730368115138973,3.0,5.0,5.0,4.262,5.030666666666666,5.630666666666666,8.962787240689515,9.336607123425173,12.964386385636345,-7.794977384651001,-7.140231361579994,-12.16097994393649
1,2,0.5714285714285714,1.6582280766035322,-3.384333333333333,"(1, 1, 1, 0, 1, 0, 0, 0, 1, 1, 1, 0, 0, 0, 0, 0, 1, 1, 0, 0, 1, 0, 1, 0, 1)",7.0,11.0,10.0,13.0,7.278,11.250333333333334,10.662333333333333,13.673333333333334,0.0,6.413611643283312,7.469165937823494,10.901532233585144,5.0,26.0,9.0,28.0,0.3546681772062045,0.0021227446900559375,0.030851217480512498,0.023160085778041344,4.0,3.0,6.0,3.972333333333334,3.384333333333333,6.395333333333334,6.413611643283312,7.469165937823494,10.901532233585144,-4.048196236362274,-6.7735841129911165,-7.47230553515751
1,3,0.8571428571428571,1.6582280766035322,-2.2700000000000005,"(0, 1, 0, 0, 0, 1, 1, 0, 0, 1, 1, 0, 1, 0, 1, 0, 1, 0, 0, 0, 1, 0, 0, 0, 1)",6.0,8.0,9.0,12.0,6.088,8.358,9.772,12.846,0.0,5.297099042171543,7.19349473246636,12.002604888828095,4.0,2.0,5.0,2.0,0.15883402622702308,0.010032947402048404,0.11887289169798167,8.413757738232612e-05,2.0,3.0,6.0,2.2700000000000005,3.684,6.758,5.297099042171543,7.19349473246636,12.002604888828095,-5.019620622388511,-5.819542700067919,-8.696751077346894
1,4,1.1428571428571428,1.6582280766035322,-3.237,"(1, 1, 0, 0, 0, 1, 0, 0, 0, 0, 1, 0, 0, 1, 0, 0, 1, 0, 1, 0, 0, 0, 0, 0, 1)",6.0,9.0,9.0,12.0,6.0,9.237,9.399333333333333,13.123333333333333,0.0,7.795882930805408,7.022798576736433,12.57666502419183,5.0,8.0,2.0,13.0,0.2675094012158595,0.00047506498615391664,0.09920983666580019,0.018448333916155208,3.0,3.0,6.0,3.237,3.399333333333333,7.123333333333333,7.795882930805408,7.022798576736433,12.57666502419183,-7.559667673810125,-6.008531801208072,-9.042867720813373
1,5,1.4285714285714284,1.6582280766035322,-3.3979999999999997,"(1, 1, 1, 0, 0, 1, 0, 1, 0, 0, 0, 0, 0, 0, 0, 0, 1, 0, 0, 0, 0, 0, 0, 0, 0)",4.0,9.0,7.0,11.0,4.247333333333334,9.618666666666666,7.645333333333333,12.192,0.0,9.843306349365989,7.885095601326676,14.65660813781025,1.0,19.0,1.0,12.0,0.23951850510677675,0.14776509434508592,0.002299991801851117,0.023699631425441847,5.0,3.0,7.0,5.371333333333332,3.3979999999999997,7.9446666666666665,9.843306349365989,7.885095601326676,14.65660813781025,-7.415551212998729,-7.440627908524105,-11.129929795969908
1,6,1.7142857142857142,1.6582280766035322,-4.652,"(0, 1, 1, 1, 0, 1, 0, 0, 1, 0, 0, 0, 0, 0, 0, 1, 1, 0, 0, 1, 0, 1, 0, 0, 1)",6.0,11.0,10.0,12.0,6.248,11.343666666666667,10.9,12.891,0.0,9.336017531220158,8.017449838974247,12.743160335461027,1.0,22.0,1.0,9.0,0.30513504782451534,0.038595800464697745,0.001162844554985337,0.011535788089508545,5.0,4.0,6.0,5.095666666666667,4.652,6.643,9.336017531220158,8.017449838974247,12.743160335461027,-7.031468858252659,-5.580683413387933,-10.115457140044697
1,7,2.0,1.6582280766035322,-2.963333333333333,"(1, 0, 0, 0, 1, 1, 1, 1, 1, 1, 1, 0, 1, 1, 1, 1, 0, 0, 1, 0, 0, 0, 0, 0, 1)",8.0,11.0,10.0,12.0,8.209333333333333,13.205666666666668,11.172666666666666,14.304666666666666,0.0,6.481322623077956,5.4509918200585545,9.47587064472526,10.0,4.0,1.0,2.0,0.13739950524504924,0.0018314749701897413,0.09102394259647215,0.07695567402484756,3.0,2.0,4.0,4.996333333333334,2.963333333333333,6.095333333333333,6.481322623077956,5.4509918200585545,9.47587064472526,-2.4624509337100697,-4.125105147688818,-5.605701883755913
2,0,0.0,1.6582280766035322,-4.444333333333333,"(0, 1, 0, 1, 0, 0, 0, 0, 0, 1, 1, 0, 0, 0, 0, 0, 1, 0, 0, 0, 0, 1, 0, 0, 0)",5.0,9.0,9.0,10.0,5.038,9.503666666666666,9.482333333333333,10.293333333333333,0.0,8.086680861172445,8.184009636890869,12.376415559185547,4.0,10.0,11.0,4.0,0.2869366182688033,0.022143453961060027,0.11763265433137789,0.023298358414773655,4.0,4.0,5.0,4.465666666666666,4.444333333333333,5.255333333333333,8.086680861172445,8.184009636890869,12.376415559185547,-6.004467403109407,-6.20123624396802,-11.808378482710518
2,1,0.2857142857142857,1.6582280766035322,-4.262,"(1, 1, 1, 0, 1, 1, 1, 0, 0, 0, 0, 0, 0, 1, 1, 0, 0, 1, 0, 1, 0, 0, 0, 0, 0)",6.0,9.0,11.0,11.0,6.278666666666667,10.540666666666667,11.309333333333333,11.909333333333333,0.0,8.962787240689515,9.336607123425173,12.964386385636345,3.0,1.0,32.0,4.0,0.2849531674404672,0.04420830221636642,0.016411794132985144,0.04730368115138973,3.0,5.0,5.0,4.262,5.030666666666666,5.630666666666666,8.962787240689515,9.336607123425173,12.964386385636345,-7.794977384651001,-7.140231361579994,-12.16097994393649
2,2,0.5714285714285714,1.6582280766035322,-3.384333333333333,"(1, 1, 1, 0, 1, 0, 0, 0, 1, 1, 1, 0, 0, 0, 0, 0, 1, 1, 0, 0, 1, 0, 1, 0, 1)",7.0,11.0,10.0,13.0,7.278,11.250333333333334,10.662333333333333,13.673333333333334,0.0,6.413611643283312,7.469165937823494,10.901532233585144,5.0,26.0,9.0,28.0,0.3546681772062045,0.0021227446900559375,0.030851217480512498,0.023160085778041344,4.0,3.0,6.0,3.972333333333334,3.384333333333333,6.395333333333334,6.413611643283312,7.469165937823494,10.901532233585144,-4.048196236362274,-6.7735841129911165,-7.47230553515751
2,3,0.8571428571428571,1.6582280766035322,-2.2700000000000005,"(0, 1, 0, 0, 0, 1, 1, 0, 0, 1, 1, 0, 1, 0, 1, 0, 1, 0, 0, 0, 1, 0, 0, 0, 1)",6.0,8.0,9.0,12.0,6.088,8.358,9.772,12.846,0.0,5.297099042171543,7.19349473246636,12.002604888828095,4.0,2.0,5.0,2.0,0.15883402622702308,0.010032947402048404,0.11887289169798167,8.413757738232612e-05,2.0,3.0,6.0,2.2700000000000005,3.684,6.758,5.297099042171543,7.19349473246636,12.002604888828095,-5.019620622388511,-5.819542700067919,-8.696751077346894
2,4,1.1428571428571428,1.6582280766035322,-3.8886666666666656,"(1, 1, 0, 0, 0, 1, 0, 0, 0, 0, 1, 0, 0, 1, 0, 0, 0, 0, 1, 0, 0, 1, 0, 0, 1)",5.0,8.0,8.0,11.0,5.006,9.115666666666666,8.894666666666666,12.777,0.0,7.5100873218027875,7.861189479888975,13.55901776152817,3.0,2.0,2.0,6.0,0.29029876163635,0.005347732365223235,0.18799419107783544,0.05006271937873827,3.0,3.0,6.0,4.109666666666666,3.8886666666666656,7.770999999999999,7.5100873218027875,7.861189479888975,13.55901776152817,-5.638673002609294,-6.5873488638332836,-9.59785356004594
2,5,1.4285714285714284,1.6582280766035322,-3.3979999999999997,"(1, 1, 1, 0, 0, 1, 0, 1, 0, 0, 0, 0, 0, 0, 0, 0, 1, 0, 0, 0, 0, 0, 0, 0, 0)",4.0,9.0,7.0,11.0,4.247333333333334,9.618666666666666,7.645333333333333,12.192,0.0,9.843306349365989,7.885095601326676,14.65660813781025,1.0,19.0,1.0,12.0,0.23951850510677675,0.14776509434508592,0.002299991801851117,0.023699631425441847,5.0,3.0,7.0,5.371333333333332,3.3979999999999997,7.9446666666666665,9.843306349365989,7.885095601326676,14.65660813781025,-7.415551212998729,-7.440627908524105,-11.129929795969908
2,6,1.7142857142857142,1.6582280766035322,-4.106000000000001,"(0, 1, 1, 1, 0, 0, 0, 0, 1, 0, 1, 0, 0, 0, 0, 1, 1, 0, 0, 1, 0, 1, 0, 0, 1)",5.0,10.0,9.0,12.0,5.018,10.773333333333333,9.124,12.952333333333334,0.0,9.28304635655088,8.48321846855757,13.211278121486206,1.0,12.0,2.0,22.0,0.44533590044416976,0.03460609917406852,0.009322050943686275,0.026422867906118606,5.0,4.0,7.0,5.755333333333334,4.106000000000001,7.934333333333334,9.28304635655088,8.48321846855757,13.211278121486206,-5.849752781299264,-7.258426561989678,-8.750378006401771
2,7,2.0,1.6582280766035322,-2.7413333333333334,"(1, 0, 0, 0, 1, 1, 1, 1, 1, 1, 1, 0, 1, 0, 1, 1, 0, 0, 0, 0, 0, 0, 0, 0, 1)",7.0,9.0,11.0,11.0,7.0,9.741333333333333,11.463666666666667,11.513333333333334,0.0,5.294593275300231,6.673087487758952,10.225067302112938,4.0,2.0,42.0,2.0,0.18205295538771193,0.05757747319455799,0.004755920049413809,0.05842743961791855,2.0,4.0,4.0,2.7413333333333334,4.463666666666667,4.513333333333334,5.294593275300231,6.673087487758952,10.225067302112938,-4.233887322636615,-3.6637236385676575,-9.471357633120464
3,0,0.0,1.6582280766035322,-3.9883333333333333,"(0, 1, 0, 1, 0, 1, 1, 0, 0, 1, 1, 0, 0, 0, 0, 0, 1, 0, 0, 0, 0, 1, 0, 0, 0)",5.0,10.0,8.0,11.0,5.0,10.448,8.988333333333333,12.298666666666668,0.0,9.281452615121697,5.809906074861186,12.164116303489278,2.0,30.0,3.0,2.0,0.3370613205942213,0.008247842284003902,0.019779030336574,0.007573843932981088,5.0,3.0,6.0,5.448,3.9883333333333333,7.2986666666666675,9.281452615121697,5.809906074861186,12.164116303489278,-6.356738756724032,-3.020583063577155,-8.068025193079713
3,1,0.2857142857142857,1.6582280766035322,-3.0346666666666655,"(1, 1, 1, 0, 1, 1, 1, 0, 0, 0, 1, 0, 0, 1, 0, 0, 0, 1, 0, 1, 0, 0, 0, 0, 0)",7.0,10.0,10.0,11.0,7.287333333333334,10.322,12.376,14.531,0.0,7.753763937659678,8.480574516013208,11.059542944529056,5.0,6.0,3.0,2.0,0.27983747310684165,0.0005528378423343832,0.066807604887454,0.011683769737937168,3.0,3.0,4.0,3.0346666666666655,5.088666666666666,7.243666666666667,7.753763937659678,8.480574516013208,11.059542944529056,-7.825339590983721,-5.62455682903834,-6.327593180796796
3,2,0.5714285714285714,1.6582280766035322,-3.384333333333333,"(1, 1, 1, 0, 1, 0, 0, 0, 1, 1, 1, 0, 0, 0, 0, 0, 1, 1, 0, 0, 1, 0, 1, 0, 1)",7.0,11.0,10.0,13.0,7.278,11.250333333333334,10.662333333333333,13.673333333333334,0.0,6.413611643283312,7.469165937823494,10.901532233585144,5.0,26.0,9.0,28.0,0.3546681772062045,0.0021227446900559375,0.030851217480512498,0.023160085778041344,4.0,3.0,6.0,3.972333333333334,3.384333333333333,6.395333333333334,6.413611643283312,7.469165937823494,10.901532233585144,-4.048196236362274,-6.7735841129911165,-7.47230553515751
3,3,0.8571428571428571,1.6582280766035322,-2.2700000000000005,"(0, 1, 0, 0, 0, 1, 1, 0, 0, 1, 1, 0, 1, 0, 1, 0, 1, 0, 0, 0, 1, 0, 0, 0, 1)",6.0,8.0,9.0,12.0,6.088,8.358,9.772,12.846,0.0,5.297099042171543,7.19349473246636,12.002604888828095,4.0,2.0,5.0,2.0,0.15883402622702308,0.010032947402048404,0.11887289169798167,8.413757738232612e-05,2.0,3.0,6.0,2.2700000000000005,3.684,6.758,5.297099042171543,7.19349473246636,12.002604888828095,-5.019620622388511,-5.819542700067919,-8.696751077346894
3,4,1.1428571428571428,1.6582280766035322,-3.8886666666666656,"(1, 1, 0, 0, 0, 1, 0, 0, 0, 0, 1, 0, 0, 1, 0, 0, 0, 0, 1, 0, 0, 1, 0, 0, 1)",5.0,8.0,8.0,11.0,5.006,9.115666666666666,8.894666666666666,12.777,0.0,7.5100873218027875,7.861189479888975,13.55901776152817,3.0,2.0,2.0,6.0,0.29029876163635,0.005347732365223235,0.18799419107783544,0.05006271937873827,3.0,3.0,6.0,4.109666666666666,3.8886666666666656,7.770999999999999,7.5100873218027875,7.861189479888975,13.55901776152817,-5.638673002609294,-6.5873488638332836,-9.59785356004594
3,5,1.4285714285714284,1.6582280766035322,-3.3979999999999997,"(1, 1, 1, 0, 0, 1, 0, 1, 0, 0, 0, 0, 0, 0, 0, 0, 1, 0, 0, 0, 0, 0, 0, 0, 0)",4.0,9.0,7.0,11.0,4.247333333333334,9.618666666666666,7.645333333333333,12.192,0.0,9.843306349365989,7.885095601326676,14.65660813781025,1.0,19.0,1.0,12.0,0.23951850510677675,0.14776509434508592,0.002299991801851117,0.023699631425441847,5.0,3.0,7.0,5.371333333333332,3.3979999999999997,7.9446666666666665,9.843306349365989,7.885095601326676,14.65660813781025,-7.415551212998729,-7.440627908524105,-11.129929795969908
3,6,1.7142857142857142,1.6582280766035322,-4.106000000000001,"(0, 1, 1, 1, 0, 0, 0, 0, 1, 0, 1, 0, 0, 0, 0, 1, 1, 0, 0, 1, 0, 1, 0, 0, 1)",5.0,10.0,9.0,12.0,5.018,10.773333333333333,9.124,12.952333333333334,0.0,9.28304635655088,8.48321846855757,13.211278121486206,1.0,12.0,2.0,22.0,0.44533590044416976,0.03460609917406852,0.009322050943686275,0.026422867906118606,5.0,4.0,7.0,5.755333333333334,4.106000000000001,7.934333333333334,9.28304635655088,8.48321846855757,13.211278121486206,-5.849752781299264,-7.258426561989678,-8.750378006401771
3,7,2.0,1.6582280766035322,-2.7413333333333334,"(1, 0, 0, 0, 1, 1, 1, 1, 1, 1, 1, 0, 1, 0, 1, 1, 0, 0, 0, 0, 0, 0, 0, 0, 1)",7.0,9.0,11.0,11.0,7.0,9.741333333333333,11.463666666666667,11.513333333333334,0.0,5.294593275300231,6.673087487758952,10.225067302112938,4.0,2.0,42.0,2.0,0.18205295538771193,0.05757747319455799,0.004755920049413809,0.05842743961791855,2.0,4.0,4.0,2.7413333333333334,4.463666666666667,4.513333333333334,5.294593275300231,6.673087487758952,10.225067302112938,-4.233887322636615,-3.6637236385676575,-9.471357633120464
4,0,0.0,1.6582280766035322,-4.571,"(0, 1, 0, 1, 0, 0, 0, 0, 0, 1, 1, 0, 0, 0, 0, 0, 1, 0, 0, 0, 0, 1, 0, 0, 0)",5.0,9.0,9.0,10.0,5.0,9.571,9.820666666666666,11.729333333333333,0.0,8.62932678686275,9.425506573087526,13.582536963081331,4.0,8.0,10.0,4.0,0.3560431293963628,0.010740509753571638,0.06324879871226896,0.00011759028722056635,4.0,4.0,5.0,4.571,4.820666666666666,6.729333333333333,8.62932678686275,9.425506573087526,13.582536963081331,-6.729631422008011,-7.635874821091452,-11.36417467352937
4,1,0.2857142857142857,1.6582280766035322,-3.0346666666666655,"(1, 1, 1, 0, 1, 1, 1, 0, 0, 0, 1, 0, 0, 1, 0, 0, 0, 1, 0, 1, 0, 0, 0, 0, 0)",7.0,10.0,10.0,11.0,7.287333333333334,10.322,12.376,14.531,0.0,7.753763937659678,8.480574516013208,11.059542944529056,5.0,6.0,3.0,2.0,0.27983747310684165,0.0005528378423343832,0.066807604887454,0.011683769737937168,3.0,3.0,4.0,3.0346666666666655,5.088666666666666,7.243666666666667,7.753763937659678,8.480574516013208,11.059542944529056,-7.825339590983721,-5.62455682903834,-6.327593180796796
4,2,0.5714285714285714,1.6582280766035322,-3.384333333333333,"(1, 1, 1, 0, 1, 0, 0, 0, 1, 1, 1, 0, 0, 0, 0, 0, 1, 1, 0, 0, 1, 0, 1, 0, 1)",7.0,11.0,10.0,13.0,7.278,11.250333333333334,10.662333333333333,13.673333333333334,0.0,6.413611643283312,7.469165937823494,10.901532233585144,5.0,26.0,9.0,28.0,0.3546681772062045,0.0021227446900559375,0.030851217480512498,0.023160085778041344,4.0,3.0,6.0,3.972333333333334,3.384333333333333,6.395333333333334,6.413611643283312,7.469165937823494,10.901532233585144,-4.048196236362274,-6.7735841129911165,-7.47230553515751
4,3,0.8571428571428571,1.6582280766035322,-2.2700000000000005,"(0, 1, 0, 0, 0, 1, 1, 0, 0, 1, 1, 0, 1, 0, 1, 0, 1, 0, 0, 0, 1, 0, 0, 0, 1)",6.0,8.0,9.0,12.0,6.088,8.358,9.772,12.846,0.0,5.297099042171543,7.19349473246636,12.002604888828095,4.0,2.0,5.0,2.0,0.15883402622702308,0.010032947402048404,0.11887289169798167,8.413757738232612e-05,2.0,3.0,6.0,2.2700000000000005,3.684,6.758,5.297099042171543,7.19349473246636,12.002604888828095,-5.019620622388511,-5.819542700067919,-8.696751077346894
4,4,1.1428571428571428,1.6582280766035322,-3.8886666666666656,"(1, 1, 0, 0, 0, 1, 0, 0, 0, 0, 1, 0, 0, 1, 0, 0, 0, 0, 1, 0, 0, 1, 0, 0, 1)",5.0,8.0,8.0,11.0,5.006,9.115666666666666,8.894666666666666,12.777,0.0,7.5100873218027875,7.861189479888975,13.55901776152817,3.0,2.0,2.0,6.0,0.29029876163635,0.005347732365223235,0.18799419107783544,0.05006271937873827,3.0,3.0,6.0,4.109666666666666,3.8886666666666656,7.770999999999999,7.5100873218027875,7.861189479888975,13.55901776152817,-5.638673002609294,-6.5873488638332836,-9.59785356004594
4,5,1.4285714285714284,1.6582280766035322,-3.3979999999999997,"(1, 1, 1, 0, 0, 1, 0, 1, 0, 0, 0, 0, 0, 0, 0, 0, 1, 0, 0, 0, 0, 0, 0, 0, 0)",4.0,9.0,7.0,11.0,4.247333333333334,9.618666666666666,7.645333333333333,12.192,0.0,9.843306349365989,7.885095601326676,14.65660813781025,1.0,19.0,1.0,12.0,0.23951850510677675,0.14776509434508592,0.002299991801851117,0.023699631425441847,5.0,3.0,7.0,5.371333333333332,3.3979999999999997,7.9446666666666665,9.843306349365989,7.885095601326676,14.65660813781025,-7.415551212998729,-7.440627908524105,-11.129929795969908
4,6,1.7142857142857142,1.6582280766035322,-4.106000000000001,"(0, 1, 1, 1, 0, 0, 0, 0, 1, 0, 1, 0, 0, 0, 0, 1, 1, 0, 0, 1, 0, 1, 0, 0, 1)",5.0,10.0,9.0,12.0,5.018,10.773333333333333,9.124,12.952333333333334,0.0,9.28304635655088,8.48321846855757,13.211278121486206,1.0,12.0,2.0,22.0,0.44533590044416976,0.03460609917406852,0.009322050943686275,0.026422867906118606,5.0,4.0,7.0,5.755333333333334,4.106000000000001,7.934333333333334,9.28304635655088,8.48321846855757,13.211278121486206,-5.849752781299264,-7.258426561989678,-8.750378006401771
4,7,2.0,1.6582280766035322,-1.0833333333333321,"(1, 0, 0, 0, 1, 1, 1, 1, 1, 1, 1, 0, 1, 0, 1, 1, 0, 0, 0, 0, 1, 1, 0, 0, 1)",8.0,10.0,11.0,13.0,9.295666666666667,10.379,12.276,14.462333333333333,0.0,6.089805761813657,7.352030548967861,10.123611380959412,6.0,3.0,3.0,10.0,0.20322979876373734,0.062010453621959324,0.010947821349578137,0.01786742361091049,2.0,3.0,5.0,1.0833333333333321,2.9803333333333324,5.166666666666666,6.089805761813657,7.352030548967861,10.123611380959412,-8.301873145647544,-7.249271065374661,-8.219744899411706
5,0,0.0,1.6582280766035322,-4.827999999999999,"(0, 1, 0, 1, 0, 1, 0, 0, 0, 0, 1, 0, 0, 0, 0, 0, 1, 0, 0, 0, 0, 1, 0, 0, 0)",4.0,8.0,8.0,11.0,4.0,10.341333333333333,8.828,12.182666666666666,0.0,9.441342651219092,9.267026030855247,14.816756120497342,1.0,2.0,1.0,17.0,0.24069002794753297,0.102221277147198,0.11203972071942864,0.0008881226292641831,4.0,4.0,7.0,6.341333333333333,4.827999999999999,8.182666666666666,9.441342651219092,9.267026030855247,14.816756120497342,-5.1405224886507295,-7.3609175971381084,-11.000833395041418
5,1,0.2857142857142857,1.6582280766035322,-3.8513333333333337,"(1, 1, 1, 0, 1, 1, 1, 0, 0, 0, 1, 0, 0, 1, 1, 0, 0, 1, 0, 0, 0, 0, 0, 0, 0)",6.0,11.0,10.0,13.0,6.6723333333333334,11.820666666666666,10.523666666666667,14.412333333333333,0.0,8.611860117789194,7.730060488542449,12.68546321077343,1.0,11.0,7.0,25.0,0.281062116322446,0.010972020200639743,0.05624500751325503,0.0009780592425922476,5.0,4.0,7.0,5.1483333333333325,3.8513333333333337,7.739999999999999,8.611860117789194,7.730060488542449,12.68546321077343,-5.743317358053059,-6.431814270252302,-8.200705947914354
5,2,0.5714285714285714,1.6582280766035322,-3.384333333333333,"(1, 1, 1, 0, 1, 0, 0, 0, 1, 1, 1, 0, 0, 0, 0, 0, 1, 1, 0, 0, 1, 0, 1, 0, 1)",7.0,11.0,10.0,13.0,7.278,11.250333333333334,10.662333333333333,13.673333333333334,0.0,6.413611643283312,7.469165937823494,10.901532233585144,5.0,26.0,9.0,28.0,0.3546681772062045,0.0021227446900559375,0.030851217480512498,0.023160085778041344,4.0,3.0,6.0,3.972333333333334,3.384333333333333,6.395333333333334,6.413611643283312,7.469165937823494,10.901532233585144,-4.048196236362274,-6.7735841129911165,-7.47230553515751
5,3,0.8571428571428571,1.6582280766035322,-2.2700000000000005,"(0, 1, 0, 0, 0, 1, 1, 0, 0, 1, 1, 0, 1, 0, 1, 0, 1, 0, 0, 0, 1, 0, 0, 0, 1)",6.0,8.0,9.0,12.0,6.088,8.358,9.772,12.846,0.0,5.297099042171543,7.19349473246636,12.002604888828095,4.0,2.0,5.0,2.0,0.15883402622702308,0.010032947402048404,0.11887289169798167,8.413757738232612e-05,2.0,3.0,6.0,2.2700000000000005,3.684,6.758,5.297099042171543,7.19349473246636,12.002604888828095,-5.019620622388511,-5.819542700067919,-8.696751077346894
5,4,1.1428571428571428,1.6582280766035322,-3.8886666666666656,"(1, 1, 0, 0, 0, 1, 0, 0, 0, 0, 1, 0, 0, 1, 0, 0, 0, 0, 1, 0, 0, 1, 0, 0, 1)",5.0,8.0,8.0,11.0,5.006,9.115666666666666,8.894666666666666,12.777,0.0,7.5100873218027875,7.861189479888975,13.55901776152817,3.0,2.0,2.0,6.0,0.29029876163635,0.005347732365223235,0.18799419107783544,0.05006271937873827,3.0,3.0,6.0,4.109666666666666,3.8886666666666656,7.770999999999999,7.5100873218027875,7.861189479888975,13.55901776152817,-5.638673002609294,-6.5873488638332836,-9.59785356004594
5,5,1.4285714285714284,1.6582280766035322,-3.3979999999999997,"(1, 1, 1, 0, 0, 1, 0, 1, 0, 0, 0, 0, 0, 0, 0, 0, 1, 0, 0, 0, 0, 0, 0, 0, 0)",4.0,9.0,7.0,11.0,4.247333333333334,9.618666666666666,7.645333333333333,12.192,0.0,9.843306349365989,7.885095601326676,14.65660813781025,1.0,19.0,1.0,12.0,0.23951850510677675,0.14776509434508592,0.002299991801851117,0.023699631425441847,5.0,3.0,7.0,5.371333333333332,3.3979999999999997,7.9446666666666665,9.843306349365989,7.885095601326676,14.65660813781025,-7.415551212998729,-7.440627908524105,-11.129929795969908
5,6,1.7142857142857142,1.6582280766035322,-4.106000000000001,"(0, 1, 1, 1, 0, 0, 0, 0, 1, 0, 1, 0, 0, 0, 0, 1, 1, 0, 0, 1, 0, 1, 0, 0, 1)",5.0,10.0,9.0,12.0,5.018,10.773333333333333,9.124,12.952333333333334,0.0,9.28304635655088,8.48321846855757,13.211278121486206,1.0,12.0,2.0,22.0,0.44533590044416976,0.03460609917406852,0.009322050943686275,0.026422867906118606,5.0,4.0,7.0,5.755333333333334,4.106000000000001,7.934333333333334,9.28304635655088,8.48321846855757,13.211278121486206,-5.849752781299264,-7.258426561989678,-8.750378006401771
5,7,2.0,1.6582280766035322,-1.0833333333333321,"(1, 0, 0, 0, 1, 1, 1, 1, 1, 1, 1, 0, 1, 0, 1, 1, 0, 0, 0, 0, 1, 1, 0, 0, 1)",8.0,10.0,11.0,13.0,9.295666666666667,10.379,12.276,14.462333333333333,0.0,6.089805761813657,7.352030548967861,10.123611380959412,6.0,3.0,3.0,10.0,0.20322979876373734,0.062010453621959324,0.010947821349578137,0.01786742361091049,2.0,3.0,5.0,1.0833333333333321,2.9803333333333324,5.166666666666666,6.089805761813657,7.352030548967861,10.123611380959412,-8.301873145647544,-7.249271065374661,-8.219744899411706
6,0,0.0,1.6582280766035322,-5.220666666666666,"(0, 1, 0, 1, 0, 1, 0, 0, 0, 0, 1, 0, 0, 0, 0, 0, 0, 0, 0, 0, 0, 0, 0, 0, 0)",3.0,8.0,8.0,11.0,3.0,8.220666666666666,8.712333333333333,11.841666666666667,0.0,6.967211086657402,8.19757946998441,13.308689808608458,1.0,2.0,6.0,8.0,0.5890447773234038,0.005979436440127011,0.07906696520615976,0.00034112163784192734,5.0,5.0,8.0,5.220666666666666,5.7123333333333335,8.841666666666667,6.967211086657402,8.19757946998441,13.308689808608458,-2.8961689942638693,-4.121104921065274,-7.4073431928056035
6,1,0.2857142857142857,1.6582280766035322,-3.8513333333333337,"(1, 1, 1, 0, 1, 1, 1, 0, 0, 0, 1, 0, 0, 1, 1, 0, 0, 1, 0, 0, 0, 0, 0, 0, 0)",6.0,11.0,10.0,13.0,6.6723333333333334,11.820666666666666,10.523666666666667,14.412333333333333,0.0,8.611860117789194,7.730060488542449,12.68546321077343,1.0,11.0,7.0,25.0,0.281062116322446,0.010972020200639743,0.05624500751325503,0.0009780592425922476,5.0,4.0,7.0,5.1483333333333325,3.8513333333333337,7.739999999999999,8.611860117789194,7.730060488542449,12.68546321077343,-5.743317358053059,-6.431814270252302,-8.200705947914354
6,2,0.5714285714285714,1.6582280766035322,-3.384333333333333,"(1, 1, 1, 0, 1, 0, 0, 0, 1, 1, 1, 0, 0, 0, 0, 0, 1, 1, 0, 0, 1, 0, 1, 0, 1)",7.0,11.0,10.0,13.0,7.278,11.250333333333334,10.662333333333333,13.673333333333334,0.0,6.413611643283312,7.469165937823494,10.901532233585144,5.0,26.0,9.0,28.0,0.3546681772062045,0.0021227446900559375,0.030851217480512498,0.023160085778041344,4.0,3.0,6.0,3.972333333333334,3.384333333333333,6.395333333333334,6.413611643283312,7.469165937823494,10.901532233585144,-4.048196236362274,-6.7735841129911165,-7.47230553515751
6,3,0.8571428571428571,1.6582280766035322,-1.9180000000000001,"(0, 1, 0, 0, 0, 1, 1, 0, 1, 1, 1, 0, 1, 1, 1, 0, 1, 0, 0, 0, 1, 0, 0, 0, 1)",7.0,9.0,9.0,12.0,7.0953333333333335,9.013333333333334,9.393666666666666,13.553333333333333,0.0,7.812271751629171,5.64119058044498,10.717938748370525,6.0,2.0,5.0,5.0,0.06628602416456998,0.16708500846489102,0.08386746409181971,0.027070637210952153,2.0,2.0,5.0,1.9180000000000001,2.298333333333333,6.457999999999999,7.812271751629171,5.64119058044498,10.717938748370525,-9.774046909682573,-5.543219743238125,-7.063950037159315
6,4,1.1428571428571428,1.6582280766035322,-3.980333333333334,"(1, 1, 0, 0, 0, 1, 0, 0, 0, 0, 1, 0, 0, 0, 0, 0, 0, 0, 0, 0, 0, 1, 0, 0, 1)",4.0,8.0,8.0,10.0,4.117666666666667,8.425333333333333,8.098,10.860333333333333,0.0,6.988187671826436,7.72127187973645,13.64645244305619,3.0,11.0,3.0,1.0,0.3768742344244267,0.0010397478146096902,0.20060233159878188,0.0022878957517385966,4.0,4.0,6.0,4.307666666666666,3.980333333333334,6.742666666666667,6.988187671826436,7.72127187973645,13.64645244305619,-4.444915190681453,-6.203329330494052,-11.448051409265224
6,5,1.4285714285714284,1.6582280766035322,-3.3979999999999997,"(1, 1, 1, 0, 0, 1, 0, 1, 0, 0, 0, 0, 0, 0, 0, 0, 1, 0, 0, 0, 0, 0, 0, 0, 0)",4.0,9.0,7.0,11.0,4.247333333333334,9.618666666666666,7.645333333333333,12.192,0.0,9.843306349365989,7.885095601326676,14.65660813781025,1.0,19.0,1.0,12.0,0.23951850510677675,0.14776509434508592,0.002299991801851117,0.023699631425441847,5.0,3.0,7.0,5.371333333333332,3.3979999999999997,7.9446666666666665,9.843306349365989,7.885095601326676,14.65660813781025,-7.415551212998729,-7.440627908524105,-11.129929795969908
6,6,1.7142857142857142,1.6582280766035322,-3.482,"(0, 1, 1, 1, 0, 0, 0, 0, 1, 0, 1, 0, 1, 1, 0, 1, 1, 0, 0, 1, 0, 1, 0, 0, 1)",6.0,10.0,10.0,12.0,6.785333333333333,11.167,10.267333333333333,12.649,0.0,8.49203471449818,7.899512973214925,12.368695586251137,1.0,2.0,2.0,12.0,0.3652613300256077,0.0027052006243832426,0.00012724806211433023,0.059788965340874696,4.0,4.0,6.0,4.381666666666667,3.482,5.863666666666666,8.49203471449818,7.899512973214925,12.368695586251137,-6.815927702088266,-7.325244040945336,-10.786821593572911
6,7,2.0,1.6582280766035322,-1.0833333333333321,"(1, 0, 0, 0, 1, 1, 1, 1, 1, 1, 1, 0, 1, 0, 1, 1, 0, 0, 0, 0, 1, 1, 0, 0, 1)",8.0,10.0,11.0,13.0,9.295666666666667,10.379,12.276,14.462333333333333,0.0,6.089805761813657,7.352030548967861,10.123611380959412,6.0,3.0,3.0,10.0,0.20322979876373734,0.062010453621959324,0.010947821349578137,0.01786742361091049,2.0,3.0,5.0,1.0833333333333321,2.9803333333333324,5.166666666666666,6.089805761813657,7.352030548967861,10.123611380959412,-8.301873145647544,-7.249271065374661,-8.219744899411706
7,0,0.0,1.6582280766035322,-5.220666666666666,"(0, 1, 0, 1, 0, 1, 0, 0, 0, 0, 1, 0, 0, 0, 0, 0, 0, 0, 0, 0, 0, 0, 0, 0, 0)",3.0,8.0,8.0,11.0,3.0,8.220666666666666,8.712333333333333,11.841666666666667,0.0,6.967211086657402,8.19757946998441,13.308689808608458,1.0,2.0,6.0,8.0,0.5890447773234038,0.005979436440127011,0.07906696520615976,0.00034112163784192734,5.0,5.0,8.0,5.220666666666666,5.7123333333333335,8.841666666666667,6.967211086657402,8.19757946998441,13.308689808608458,-2.8961689942638693,-4.121104921065274,-7.4073431928056035
7,1,0.2857142857142857,1.6582280766035322,-3.8513333333333337,"(1, 1, 1, 0, 1, 1, 1, 0, 0, 0, 1, 0, 0, 1, 1, 0, 0, 1, 0, 0, 0, 0, 0, 0, 0)",6.0,11.0,10.0,13.0,6.6723333333333334,11.820666666666666,10.523666666666667,14.412333333333333,0.0,8.611860117789194,7.730060488542449,12.68546321077343,1.0,11.0,7.0,25.0,0.281062116322446,0.010972020200639743,0.05624500751325503,0.0009780592425922476,5.0,4.0,7.0,5.1483333333333325,3.8513333333333337,7.739999999999999,8.611860117789194,7.730060488542449,12.68546321077343,-5.743317358053059,-6.431814270252302,-8.200705947914354
7,2,0.5714285714285714,1.6582280766035322,-3.384333333333333,"(1, 1, 1, 0, 1, 0, 0, 0, 1, 1, 1, 0, 0, 0, 0, 0, 1, 1, 0, 0, 1, 0, 1, 0, 1)",7.0,11.0,10.0,13.0,7.278,11.250333333333334,10.662333333333333,13.673333333333334,0.0,6.413611643283312,7.469165937823494,10.901532233585144,5.0,26.0,9.0,28.0,0.3546681772062045,0.0021227446900559375,0.030851217480512498,0.023160085778041344,4.0,3.0,6.0,3.972333333333334,3.384333333333333,6.395333333333334,6.413611643283312,7.469165937823494,10.901532233585144,-4.048196236362274,-6.7735841129911165,-7.47230553515751
7,3,0.8571428571428571,1.6582280766035322,-1.9180000000000001,"(0, 1, 0, 0, 0, 1, 1, 0, 1, 1, 1, 0, 1, 1, 1, 0, 1, 0, 0, 0, 1, 0, 0, 0, 1)",7.0,9.0,9.0,12.0,7.0953333333333335,9.013333333333334,9.393666666666666,13.553333333333333,0.0,7.812271751629171,5.64119058044498,10.717938748370525,6.0,2.0,5.0,5.0,0.06628602416456998,0.16708500846489102,0.08386746409181971,0.027070637210952153,2.0,2.0,5.0,1.9180000000000001,2.298333333333333,6.457999999999999,7.812271751629171,5.64119058044498,10.717938748370525,-9.774046909682573,-5.543219743238125,-7.063950037159315
7,4,1.1428571428571428,1.6582280766035322,-3.0909999999999993,"(1, 1, 0, 0, 0, 1, 0, 0, 0, 0, 1, 0, 1, 0, 0, 0, 0, 1, 0, 0, 0, 1, 0, 0, 1)",5.0,8.0,8.0,11.0,5.0,8.877666666666666,8.091,12.668,0.0,8.049426003718088,7.570713982759053,13.074068960525468,3.0,2.0,2.0,6.0,0.23251013122161215,0.0033718748751686537,0.133298448087279,0.005294787987050024,3.0,3.0,6.0,3.8776666666666664,3.0909999999999993,7.667999999999999,8.049426003718088,7.570713982759053,13.074068960525468,-6.917728461531605,-7.428387501364495,-8.964495334398205
7,5,1.4285714285714284,1.6582280766035322,-3.045000000000001,"(1, 1, 1, 0, 0, 1, 0, 1, 0, 0, 0, 0, 0, 0, 0, 0, 1, 0, 0, 0, 0, 1, 1, 0, 0)",5.0,8.0,8.0,11.0,5.156,8.201,8.43,12.318333333333333,0.0,7.398580696029404,7.093042960537001,13.32135682863807,5.0,2.0,4.0,2.0,0.3133349238571484,0.09601540227129832,0.009595566427467042,0.01579335800644497,3.0,3.0,6.0,3.045000000000001,3.274,7.162333333333334,7.398580696029404,7.093042960537001,13.32135682863807,-7.219229743915104,-6.33284426291753,-10.213065684375136
7,6,1.7142857142857142,1.6582280766035322,-3.482,"(0, 1, 1, 1, 0, 0, 0, 0, 1, 0, 1, 0, 1, 1, 0, 1, 1, 0, 0, 1, 0, 1, 0, 0, 1)",6.0,10.0,10.0,12.0,6.785333333333333,11.167,10.267333333333333,12.649,0.0,8.49203471449818,7.899512973214925,12.368695586251137,1.0,2.0,2.0,12.0,0.3652613300256077,0.0027052006243832426,0.00012724806211433023,0.059788965340874696,4.0,4.0,6.0,4.381666666666667,3.482,5.863666666666666,8.49203471449818,7.899512973214925,12.368695586251137,-6.815927702088266,-7.325244040945336,-10.786821593572911
7,7,2.0,1.6582280766035322,-1.0833333333333321,"(1, 0, 0, 0, 1, 1, 1, 1, 1, 1, 1, 0, 1, 0, 1, 1, 0, 0, 0, 0, 1, 1, 0, 0, 1)",8.0,10.0,11.0,13.0,9.295666666666667,10.379,12.276,14.462333333333333,0.0,6.089805761813657,7.352030548967861,10.123611380959412,6.0,3.0,3.0,10.0,0.20322979876373734,0.062010453621959324,0.010947821349578137,0.01786742361091049,2.0,3.0,5.0,1.0833333333333321,2.9803333333333324,5.166666666666666,6.089805761813657,7.352030548967861,10.123611380959412,-8.301873145647544,-7.249271065374661,-8.219744899411706
8,0,0.0,1.6582280766035322,-5.220666666666666,"(0, 1, 0, 1, 0, 1, 0, 0, 0, 0, 1, 0, 0, 0, 0, 0, 0, 0, 0, 0, 0, 0, 0, 0, 0)",3.0,8.0,8.0,11.0,3.0,8.220666666666666,8.712333333333333,11.841666666666667,0.0,6.967211086657402,8.19757946998441,13.308689808608458,1.0,2.0,6.0,8.0,0.5890447773234038,0.005979436440127011,0.07906696520615976,0.00034112163784192734,5.0,5.0,8.0,5.220666666666666,5.7123333333333335,8.841666666666667,6.967211086657402,8.19757946998441,13.308689808608458,-2.8961689942638693,-4.121104921065274,-7.4073431928056035
8,1,0.2857142857142857,1.6582280766035322,-3.8513333333333337,"(1, 1, 1, 0, 1, 1, 1, 0, 0, 0, 1, 0, 0, 1, 1, 0, 0, 1, 0, 0, 0, 0, 0, 0, 0)",6.0,11.0,10.0,13.0,6.6723333333333334,11.820666666666666,10.523666666666667,14.412333333333333,0.0,8.611860117789194,7.730060488542449,12.68546321077343,1.0,11.0,7.0,25.0,0.281062116322446,0.010972020200639743,0.05624500751325503,0.0009780592425922476,5.0,4.0,7.0,5.1483333333333325,3.8513333333333337,7.739999999999999,8.611860117789194,7.730060488542449,12.68546321077343,-5.743317358053059,-6.431814270252302,-8.200705947914354
8,2,0.5714285714285714,1.6582280766035322,-3.384333333333333,"(1, 1, 1, 0, 1, 0, 0, 0, 1, 1, 1, 0, 0, 0, 0, 0, 1, 1, 0, 0, 1, 0, 1, 0, 1)",7.0,11.0,10.0,13.0,7.278,11.250333333333334,10.662333333333333,13.673333333333334,0.0,6.413611643283312,7.469165937823494,10.901532233585144,5.0,26.0,9.0,28.0,0.3546681772062045,0.0021227446900559375,0.030851217480512498,0.023160085778041344,4.0,3.0,6.0,3.972333333333334,3.384333333333333,6.395333333333334,6.413611643283312,7.469165937823494,10.901532233585144,-4.048196236362274,-6.7735841129911165,-7.47230553515751
8,3,0.8571428571428571,1.6582280766035322,-1.9180000000000001,"(0, 1, 0, 0, 0, 1, 1, 0, 1, 1, 1, 0, 1, 1, 1, 0, 1, 0, 0, 0, 1, 0, 0, 0, 1)",7.0,9.0,9.0,12.0,7.0953333333333335,9.013333333333334,9.393666666666666,13.553333333333333,0.0,7.812271751629171,5.64119058044498,10.717938748370525,6.0,2.0,5.0,5.0,0.06628602416456998,0.16708500846489102,0.08386746409181971,0.027070637210952153,2.0,2.0,5.0,1.9180000000000001,2.298333333333333,6.457999999999999,7.812271751629171,5.64119058044498,10.717938748370525,-9.774046909682573,-5.543219743238125,-7.063950037159315
8,4,1.1428571428571428,1.6582280766035322,-3.0909999999999993,"(1, 1, 0, 0, 0, 1, 0, 0, 0, 0, 1, 0, 1, 0, 0, 0, 0, 1, 0, 0, 0, 1, 0, 0, 1)",5.0,8.0,8.0,11.0,5.0,8.877666666666666,8.091,12.668,0.0,8.049426003718088,7.570713982759053,13.074068960525468,3.0,2.0,2.0,6.0,0.23251013122161215,0.0033718748751686537,0.133298448087279,0.005294787987050024,3.0,3.0,6.0,3.8776666666666664,3.0909999999999993,7.667999999999999,8.049426003718088,7.570713982759053,13.074068960525468,-6.917728461531605,-7.428387501364495,-8.964495334398205
8,5,1.4285714285714284,1.6582280766035322,-3.045000000000001,"(1, 1, 1, 0, 0, 1, 0, 1, 0, 0, 0, 0, 0, 0, 0, 0, 1, 0, 0, 0, 0, 1, 1, 0, 0)",5.0,8.0,8.0,11.0,5.156,8.201,8.43,12.318333333333333,0.0,7.398580696029404,7.093042960537001,13.32135682863807,5.0,2.0,4.0,2.0,0.3133349238571484,0.09601540227129832,0.009595566427467042,0.01579335800644497,3.0,3.0,6.0,3.045000000000001,3.274,7.162333333333334,7.398580696029404,7.093042960537001,13.32135682863807,-7.219229743915104,-6.33284426291753,-10.213065684375136
8,6,1.7142857142857142,1.6582280766035322,-3.482,"(0, 1, 1, 1, 0, 0, 0, 0, 1, 0, 1, 0, 1, 1, 0, 1, 1, 0, 0, 1, 0, 1, 0, 0, 1)",6.0,10.0,10.0,12.0,6.785333333333333,11.167,10.267333333333333,12.649,0.0,8.49203471449818,7.899512973214925,12.368695586251137,1.0,2.0,2.0,12.0,0.3652613300256077,0.0027052006243832426,0.00012724806211433023,0.059788965340874696,4.0,4.0,6.0,4.381666666666667,3.482,5.863666666666666,8.49203471449818,7.899512973214925,12.368695586251137,-6.815927702088266,-7.325244040945336,-10.786821593572911
8,7,2.0,1.6582280766035322,-1.0833333333333321,"(1, 0, 0, 0, 1, 1, 1, 1, 1, 1, 1, 0, 1, 0, 1, 1, 0, 0, 0, 0, 1, 1, 0, 0, 1)",8.0,10.0,11.0,13.0,9.295666666666667,10.379,12.276,14.462333333333333,0.0,6.089805761813657,7.352030548967861,10.123611380959412,6.0,3.0,3.0,10.0,0.20322979876373734,0.062010453621959324,0.010947821349578137,0.01786742361091049,2.0,3.0,5.0,1.0833333333333321,2.9803333333333324,5.166666666666666,6.089805761813657,7.352030548967861,10.123611380959412,-8.301873145647544,-7.249271065374661,-8.219744899411706
9,0,0.0,1.6582280766035322,-5.220666666666666,"(0, 1, 0, 1, 0, 1, 0, 0, 0, 0, 1, 0, 0, 0, 0, 0, 0, 0, 0, 0, 0, 0, 0, 0, 0)",3.0,8.0,8.0,11.0,3.0,8.220666666666666,8.712333333333333,11.841666666666667,0.0,6.967211086657402,8.19757946998441,13.308689808608458,1.0,2.0,6.0,8.0,0.5890447773234038,0.005979436440127011,0.07906696520615976,0.00034112163784192734,5.0,5.0,8.0,5.220666666666666,5.7123333333333335,8.841666666666667,6.967211086657402,8.19757946998441,13.308689808608458,-2.8961689942638693,-4.121104921065274,-7.4073431928056035
9,1,0.2857142857142857,1.6582280766035322,-3.8513333333333337,"(1, 1, 1, 0, 1, 1, 1, 0, 0, 0, 1, 0, 0, 1, 1, 0, 0, 1, 0, 0, 0, 0, 0, 0, 0)",6.0,11.0,10.0,13.0,6.6723333333333334,11.820666666666666,10.523666666666667,14.412333333333333,0.0,8.611860117789194,7.730060488542449,12.68546321077343,1.0,11.0,7.0,25.0,0.281062116322446,0.010972020200639743,0.05624500751325503,0.0009780592425922476,5.0,4.0,7.0,5.1483333333333325,3.8513333333333337,7.739999999999999,8.611860117789194,7.730060488542449,12.68546321077343,-5.743317358053059,-6.431814270252302,-8.200705947914354
9,2,0.5714285714285714,1.6582280766035322,-3.384333333333333,"(1, 1, 1, 0, 1, 0, 0, 0, 1, 1, 1, 0, 0, 0, 0, 0, 1, 1, 0, 0, 1, 0, 1, 0, 1)",7.0,11.0,10.0,13.0,7.278,11.250333333333334,10.662333333333333,13.673333333333334,0.0,6.413611643283312,7.469165937823494,10.901532233585144,5.0,26.0,9.0,28.0,0.3546681772062045,0.0021227446900559375,0.030851217480512498,0.023160085778041344,4.0,3.0,6.0,3.972333333333334,3.384333333333333,6.395333333333334,6.413611643283312,7.469165937823494,10.901532233585144,-4.048196236362274,-6.7735841129911165,-7.47230553515751
9,3,0.8571428571428571,1.6582280766035322,-1.9180000000000001,"(0, 1, 0, 0, 0, 1, 1, 0, 1, 1, 1, 0, 1, 1, 1, 0, 1, 0, 0, 0, 1, 0, 0, 0, 1)",7.0,9.0,9.0,12.0,7.0953333333333335,9.013333333333334,9.393666666666666,13.553333333333333,0.0,7.812271751629171,5.64119058044498,10.717938748370525,6.0,2.0,5.0,5.0,0.06628602416456998,0.16708500846489102,0.08386746409181971,0.027070637210952153,2.0,2.0,5.0,1.9180000000000001,2.298333333333333,6.457999999999999,7.812271751629171,5.64119058044498,10.717938748370525,-9.774046909682573,-5.543219743238125,-7.063950037159315
9,4,1.1428571428571428,1.6582280766035322,-2.388,"(1, 1, 0, 0, 0, 0, 0, 0, 0, 1, 1, 0, 1, 0, 0, 0, 0, 1, 0, 0, 0, 1, 0, 0, 1)",6.0,9.0,9.0,11.0,7.027333333333333,9.415333333333333,9.641,12.478333333333333,0.0,6.402289630471392,6.978560736603932,11.525219450330344,7.0,6.0,1.0,5.0,0.288281731182651,0.11134112692257735,0.07886261528788704,0.012968894832861719,3.0,3.0,5.0,2.388,2.613666666666667,5.4510000000000005,6.402289630471392,6.978560736603932,11.525219450330344,-6.656607772866081,-7.237989898170235,-10.07244123598905
9,5,1.4285714285714284,1.6582280766035322,-3.045000000000001,"(1, 1, 1, 0, 0, 1, 0, 1, 0, 0, 0, 0, 0, 0, 0, 0, 1, 0, 0, 0, 0, 1, 1, 0, 0)",5.0,8.0,8.0,11.0,5.156,8.201,8.43,12.318333333333333,0.0,7.398580696029404,7.093042960537001,13.32135682863807,5.0,2.0,4.0,2.0,0.3133349238571484,0.09601540227129832,0.009595566427467042,0.01579335800644497,3.0,3.0,6.0,3.045000000000001,3.274,7.162333333333334,7.398580696029404,7.093042960537001,13.32135682863807,-7.219229743915104,-6.33284426291753,-10.213065684375136
9,6,1.7142857142857142,1.6582280766035322,-3.482,"(0, 1, 1, 1, 0, 0, 0, 0, 1, 0, 1, 0, 1, 1, 0, 1, 1, 0, 0, 1, 0, 1, 0, 0, 1)",6.0,10.0,10.0,12.0,6.785333333333333,11.167,10.267333333333333,12.649,0.0,8.49203471449818,7.899512973214925,12.368695586251137,1.0,2.0,2.0,12.0,0.3652613300256077,0.0027052006243832426,0.00012724806211433023,0.059788965340874696,4.0,4.0,6.0,4.381666666666667,3.482,5.863666666666666,8.49203471449818,7.899512973214925,12.368695586251137,-6.815927702088266,-7.325244040945336,-10.786821593572911
9,7,2.0,1.6582280766035322,-1.0833333333333321,"(1, 0, 0, 0, 1, 1, 1, 1, 1, 1, 1, 0, 1, 0, 1, 1, 0, 0, 0, 0, 1, 1, 0, 0, 1)",8.0,10.0,11.0,13.0,9.295666666666667,10.379,12.276,14.462333333333333,0.0,6.089805761813657,7.352030548967861,10.123611380959412,6.0,3.0,3.0,10.0,0.20322979876373734,0.062010453621959324,0.010947821349578137,0.01786742361091049,2.0,3.0,5.0,1.0833333333333321,2.9803333333333324,5.166666666666666,6.089805761813657,7.352030548967861,10.123611380959412,-8.301873145647544,-7.249271065374661,-8.219744899411706
10,0,0.0,1.6582280766035322,-3.1919999999999993,"(1, 1, 1, 0, 1, 1, 0, 0, 0, 0, 1, 1, 0, 1, 1, 0, 0, 1, 0, 0, 0, 0, 0, 0, 0)",6.0,9.0,11.0,12.0,6.3293333333333335,9.521333333333333,11.257333333333333,13.821666666666667,0.0,6.843470422629965,7.608540007662021,11.937316764500933,2.0,2.0,14.0,7.0,0.3949781332679704,0.035487754882423006,0.031814042511894514,0.021402017480250043,3.0,5.0,6.0,3.1919999999999993,4.928,7.492333333333334,6.843470422629965,7.608540007662021,11.937316764500933,-6.054970775692374,-4.44494670116421,-7.370796325599617
10,1,0.2857142857142857,1.6582280766035322,-3.754666666666666,"(1, 1, 1, 0, 1, 0, 0, 0, 1, 1, 1, 0, 0, 0, 0, 0, 1, 0, 0, 0, 1, 0, 0, 0, 1)",6.0,9.0,9.0,12.0,6.0473333333333334,10.294,9.802,13.272666666666666,0.0,7.204217940695063,7.653284528595705,12.002982596334432,4.0,4.0,4.0,9.0,0.3841535392665655,0.041110888530036825,0.07703201657876708,0.009769272854181275,3.0,3.0,6.0,4.246666666666667,3.754666666666666,7.2253333333333325,7.204217940695063,7.653284528595705,12.002982596334432,-4.904294560588434,-6.464797598598765,-7.9224321480725965
10,2,0.5714285714285714,1.6582280766035322,-1.9180000000000001,"(0, 1, 0, 0, 0, 1, 1, 0, 1, 1, 1, 0, 1, 1, 1, 0, 1, 0, 0, 0, 1, 0, 0, 0, 1)",7.0,9.0,9.0,12.0,7.0953333333333335,9.013333333333334,9.393666666666666,13.553333333333333,0.0,7.812271751629171,5.64119058044498,10.717938748370525,6.0,2.0,5.0,5.0,0.06628602416456998,0.16708500846489102,0.08386746409181971,0.027070637210952153,2.0,2.0,5.0,1.9180000000000001,2.298333333333333,6.457999999999999,7.812271751629171,5.64119058044498,10.717938748370525,-9.774046909682573,-5.543219743238125,-7.063950037159315
10,3,0.8571428571428571,1.6582280766035322,-3.5373333333333337,"(0, 1, 0, 0, 0, 0, 0, 0, 0, 1, 1, 0, 1, 0, 0, 0, 0, 1, 0, 0, 1, 1, 0, 0, 1)",5.0,8.0,9.0,11.0,5.204,8.741333333333333,9.057333333333334,11.502333333333333,0.0,7.51270363721254,8.129020951395058,12.769793320846922,2.0,2.0,5.0,6.0,0.16917129711073817,0.13745287895522817,0.15073535014970946,0.02362309874315747,3.0,4.0,6.0,3.5373333333333337,3.8533333333333344,6.298333333333333,7.51270363721254,8.129020951395058,12.769793320846922,-6.592070652788415,-7.09006525505603,-10.731156647911378
10,4,1.1428571428571428,1.6582280766035322,-3.336666666666666,"(1, 1, 1, 0, 0, 1, 0, 1, 0, 0, 0, 0, 0, 0, 0, 1, 1, 0, 0, 1, 0, 1, 1, 0, 0)",6.0,9.0,9.0,13.0,6.004333333333333,9.750666666666667,9.341,14.702333333333334,0.0,7.997532677298599,7.20635521243824,12.298736786174876,5.0,3.0,4.0,8.0,0.3113523892417551,0.001795364141946285,0.0009654463683956532,0.016891751212194495,3.0,3.0,7.0,3.746333333333334,3.336666666666666,8.698,7.997532677298599,7.20635521243824,12.298736786174876,-7.049458111401719,-6.416826194309516,-5.970842835294349
10,5,1.4285714285714284,1.6582280766035322,-3.482,"(0, 1, 1, 1, 0, 0, 0, 0, 1, 0, 1, 0, 1, 1, 0, 1, 1, 0, 0, 1, 0, 1, 0, 0, 1)",6.0,10.0,10.0,12.0,6.785333333333333,11.167,10.267333333333333,12.649,0.0,8.49203471449818,7.899512973214925,12.368695586251137,1.0,2.0,2.0,12.0,0.3652613300256077,0.0027052006243832426,0.00012724806211433023,0.059788965340874696,4.0,4.0,6.0,4.381666666666667,3.482,5.863666666666666,8.49203471449818,7.899512973214925,12.368695586251137,-6.815927702088266,-7.325244040945336,-10.786821593572911
10,6,1.7142857142857142,1.6582280766035322,-4.8276666666666666,"(0, 1, 1, 0, 0, 1, 0, 0, 0, 0, 1, 0, 0, 0, 0, 0, 0, 0, 0, 0, 0, 0, 0, 0, 0)",2.0,6.0,6.0,10.0,2.0233333333333334,6.851,7.317,10.672666666666666,0.0,10.176315396660796,9.602199987027838,16.35673411048263,1.0,1.0,1.0,38.0,0.6722354867633296,0.07734469703531319,0.1382709491141166,0.03309730175481747,4.0,4.0,8.0,4.8276666666666666,5.293666666666667,8.649333333333333,10.176315396660796,9.602199987027838,16.35673411048263,-8.86927949596609,-7.144530920804735,-12.78062836630485
10,7,2.0,1.6582280766035322,-1.0833333333333321,"(1, 0, 0, 0, 1, 1, 1, 1, 1, 1, 1, 0, 1, 0, 1, 1, 0, 0, 0, 0, 1, 1, 0, 0, 1)",8.0,10.0,11.0,13.0,9.295666666666667,10.379,12.276,14.462333333333333,0.0,6.089805761813657,7.352030548967861,10.123611380959412,6.0,3.0,3.0,10.0,0.20322979876373734,0.062010453621959324,0.010947821349578137,0.01786742361091049,2.0,3.0,5.0,1.0833333333333321,2.9803333333333324,5.166666666666666,6.089805761813657,7.352030548967861,10.123611380959412,-8.301873145647544,-7.249271065374661,-8.219744899411706
11,0,0.0,1.6582280766035322,-3.5756666666666668,"(1, 1, 1, 0, 1, 1, 0, 0, 0, 0, 1, 1, 0, 1, 1, 0, 0, 0, 1, 0, 0, 0, 0, 0, 0)",6.0,10.0,9.0,13.0,6.0,10.703,9.575666666666667,13.655,0.0,8.105934731617454,7.464338651644937,12.727821725752445,4.0,12.0,2.0,40.0,0.3592432187262958,0.0021981696854480506,0.00019115660996497572,0.011930115021677306,4.0,3.0,7.0,4.702999999999999,3.5756666666666668,7.654999999999999,8.105934731617454,7.464338651644937,12.727821725752445,-5.642841914817369,-6.448305066192557,-8.41189541324709
11,1,0.2857142857142857,1.6582280766035322,-3.754666666666666,"(1, 1, 1, 0, 1, 0, 0, 0, 1, 1, 1, 0, 0, 0, 0, 0, 1, 0, 0, 0, 1, 0, 0, 0, 1)",6.0,9.0,9.0,12.0,6.0473333333333334,10.294,9.802,13.272666666666666,0.0,7.204217940695063,7.653284528595705,12.002982596334432,4.0,4.0,4.0,9.0,0.3841535392665655,0.041110888530036825,0.07703201657876708,0.009769272854181275,3.0,3.0,6.0,4.246666666666667,3.754666666666666,7.2253333333333325,7.204217940695063,7.653284528595705,12.002982596334432,-4.904294560588434,-6.464797598598765,-7.9224321480725965
11,2,0.5714285714285714,1.6582280766035322,-1.9180000000000001,"(0, 1, 0, 0, 0, 1, 1, 0, 1, 1, 1, 0, 1, 1, 1, 0, 1, 0, 0, 0, 1, 0, 0, 0, 1)",7.0,9.0,9.0,12.0,7.0953333333333335,9.013333333333334,9.393666666666666,13.553333333333333,0.0,7.812271751629171,5.64119058044498,10.717938748370525,6.0,2.0,5.0,5.0,0.06628602416456998,0.16708500846489102,0.08386746409181971,0.027070637210952153,2.0,2.0,5.0,1.9180000000000001,2.298333333333333,6.457999999999999,7.812271751629171,5.64119058044498,10.717938748370525,-9.774046909682573,-5.543219743238125,-7.063950037159315
11,3,0.8571428571428571,1.6582280766035322,-3.5373333333333337,"(0, 1, 0, 0, 0, 0, 0, 0, 0, 1, 1, 0, 1, 0, 0, 0, 0, 1, 0, 0, 1, 1, 0, 0, 1)",5.0,8.0,9.0,11.0,5.204,8.741333333333333,9.057333333333334,11.502333333333333,0.0,7.51270363721254,8.129020951395058,12.769793320846922,2.0,2.0,5.0,6.0,0.16917129711073817,0.13745287895522817,0.15073535014970946,0.02362309874315747,3.0,4.0,6.0,3.5373333333333337,3.8533333333333344,6.298333333333333,7.51270363721254,8.129020951395058,12.769793320846922,-6.592070652788415,-7.09006525505603,-10.731156647911378
11,4,1.1428571428571428,1.6582280766035322,-1.9686666666666666,"(1, 1, 1, 1, 0, 1, 0, 1, 1, 0, 0, 0, 0, 0, 0, 1, 1, 0, 0, 1, 0, 1, 1, 0, 0)",7.0,10.0,9.0,12.0,7.2043333333333335,10.207666666666666,9.173,13.044333333333332,0.0,7.309091654162032,5.36250692741535,11.519388014927621,9.0,7.0,4.0,11.0,0.20699095375640572,0.08279511061205487,0.017249795235051407,0.016082498149248683,3.0,2.0,5.0,3.003333333333333,1.9686666666666666,5.839999999999999,7.309091654162032,5.36250692741535,11.519388014927621,-7.139929338667428,-5.627761207880919,-9.417720664278583
11,5,1.4285714285714284,1.6582280766035322,-3.482,"(0, 1, 1, 1, 0, 0, 0, 0, 1, 0, 1, 0, 1, 1, 0, 1, 1, 0, 0, 1, 0, 1, 0, 0, 1)",6.0,10.0,10.0,12.0,6.785333333333333,11.167,10.267333333333333,12.649,0.0,8.49203471449818,7.899512973214925,12.368695586251137,1.0,2.0,2.0,12.0,0.3652613300256077,0.0027052006243832426,0.00012724806211433023,0.059788965340874696,4.0,4.0,6.0,4.381666666666667,3.482,5.863666666666666,8.49203471449818,7.899512973214925,12.368695586251137,-6.815927702088266,-7.325244040945336,-10.786821593572911
11,6,1.7142857142857142,1.6582280766035322,-4.8276666666666666,"(0, 1, 1, 0, 0, 1, 0, 0, 0, 0, 1, 0, 0, 0, 0, 0, 0, 0, 0, 0, 0, 0, 0, 0, 0)",2.0,6.0,6.0,10.0,2.0233333333333334,6.851,7.317,10.672666666666666,0.0,10.176315396660796,9.602199987027838,16.35673411048263,1.0,1.0,1.0,38.0,0.6722354867633296,0.07734469703531319,0.1382709491141166,0.03309730175481747,4.0,4.0,8.0,4.8276666666666666,5.293666666666667,8.649333333333333,10.176315396660796,9.602199987027838,16.35673411048263,-8.86927949596609,-7.144530920804735,-12.78062836630485
11,7,2.0,1.6582280766035322,-1.0833333333333321,"(1, 0, 0, 0, 1, 1, 1, 1, 1, 1, 1, 0, 1, 0, 1, 1, 0, 0, 0, 0, 1, 1, 0, 0, 1)",8.0,10.0,11.0,13.0,9.295666666666667,10.379,12.276,14.462333333333333,0.0,6.089805761813657,7.352030548967861,10.123611380959412,6.0,3.0,3.0,10.0,0.20322979876373734,0.062010453621959324,0.010947821349578137,0.01786742361091049,2.0,3.0,5.0,1.0833333333333321,2.9803333333333324,5.166666666666666,6.089805761813657,7.352030548967861,10.123611380959412,-8.301873145647544,-7.249271065374661,-8.219744899411706
12,0,0.0,1.6582280766035322,-4.269666666666668,"(0, 1, 1, 0, 0, 1, 0, 0, 0, 0, 1, 1, 0, 1, 1, 0, 0, 0, 1, 0, 0, 0, 0, 0, 0)",5.0,9.0,8.0,11.0,5.039,9.308666666666667,9.82,12.659666666666666,0.0,9.115933815942055,8.924371623581534,13.563909534354153,3.0,8.0,1.0,12.0,0.30623736078687,0.0004258894185998145,0.06332031455979022,0.03752218170792476,4.0,3.0,6.0,4.269666666666668,4.781000000000001,7.620666666666667,9.115933815942055,8.924371623581534,13.563909534354153,-8.03621625364981,-6.870655158025261,-9.85525218927308
12,1,0.2857142857142857,1.6582280766035322,-3.754666666666666,"(1, 1, 1, 0, 1, 0, 0, 0, 1, 1, 1, 0, 0, 0, 0, 0, 1, 0, 0, 0, 1, 0, 0, 0, 1)",6.0,9.0,9.0,12.0,6.0473333333333334,10.294,9.802,13.272666666666666,0.0,7.204217940695063,7.653284528595705,12.002982596334432,4.0,4.0,4.0,9.0,0.3841535392665655,0.041110888530036825,0.07703201657876708,0.009769272854181275,3.0,3.0,6.0,4.246666666666667,3.754666666666666,7.2253333333333325,7.204217940695063,7.653284528595705,12.002982596334432,-4.904294560588434,-6.464797598598765,-7.9224321480725965
12,2,0.5714285714285714,1.6582280766035322,-1.9180000000000001,"(0, 1, 0, 0, 0, 1, 1, 0, 1, 1, 1, 0, 1, 1, 1, 0, 1, 0, 0, 0, 1, 0, 0, 0, 1)",7.0,9.0,9.0,12.0,7.0953333333333335,9.013333333333334,9.393666666666666,13.553333333333333,0.0,7.812271751629171,5.64119058044498,10.717938748370525,6.0,2.0,5.0,5.0,0.06628602416456998,0.16708500846489102,0.08386746409181971,0.027070637210952153,2.0,2.0,5.0,1.9180000000000001,2.298333333333333,6.457999999999999,7.812271751629171,5.64119058044498,10.717938748370525,-9.774046909682573,-5.543219743238125,-7.063950037159315
12,3,0.8571428571428571,1.6582280766035322,-3.5373333333333337,"(0, 1, 0, 0, 0, 0, 0, 0, 0, 1, 1, 0, 1, 0, 0, 0, 0, 1, 0, 0, 1, 1, 0, 0, 1)",5.0,8.0,9.0,11.0,5.204,8.741333333333333,9.057333333333334,11.502333333333333,0.0,7.51270363721254,8.129020951395058,12.769793320846922,2.0,2.0,5.0,6.0,0.16917129711073817,0.13745287895522817,0.15073535014970946,0.02362309874315747,3.0,4.0,6.0,3.5373333333333337,3.8533333333333344,6.298333333333333,7.51270363721254,8.129020951395058,12.769793320846922,-6.592070652788415,-7.09006525505603,-10.731156647911378
12,4,1.1428571428571428,1.6582280766035322,-1.9686666666666666,"(1, 1, 1, 1, 0, 1, 0, 1, 1, 0, 0, 0, 0, 0, 0, 1, 1, 0, 0, 1, 0, 1, 1, 0, 0)",7.0,10.0,9.0,12.0,7.2043333333333335,10.207666666666666,9.173,13.044333333333332,0.0,7.309091654162032,5.36250692741535,11.519388014927621,9.0,7.0,4.0,11.0,0.20699095375640572,0.08279511061205487,0.017249795235051407,0.016082498149248683,3.0,2.0,5.0,3.003333333333333,1.9686666666666666,5.839999999999999,7.309091654162032,5.36250692741535,11.519388014927621,-7.139929338667428,-5.627761207880919,-9.417720664278583
12,5,1.4285714285714284,1.6582280766035322,-3.482,"(0, 1, 1, 1, 0, 0, 0, 0, 1, 0, 1, 0, 1, 1, 0, 1, 1, 0, 0, 1, 0, 1, 0, 0, 1)",6.0,10.0,10.0,12.0,6.785333333333333,11.167,10.267333333333333,12.649,0.0,8.49203471449818,7.899512973214925,12.368695586251137,1.0,2.0,2.0,12.0,0.3652613300256077,0.0027052006243832426,0.00012724806211433023,0.059788965340874696,4.0,4.0,6.0,4.381666666666667,3.482,5.863666666666666,8.49203471449818,7.899512973214925,12.368695586251137,-6.815927702088266,-7.325244040945336,-10.786821593572911
12,6,1.7142857142857142,1.6582280766035322,-4.8276666666666666,"(0, 1, 1, 0, 0, 1, 0, 0, 0, 0, 1, 0, 0, 0, 0, 0, 0, 0, 0, 0, 0, 0, 0, 0, 0)",2.0,6.0,6.0,10.0,2.0233333333333334,6.851,7.317,10.672666666666666,0.0,10.176315396660796,9.602199987027838,16.35673411048263,1.0,1.0,1.0,38.0,0.6722354867633296,0.07734469703531319,0.1382709491141166,0.03309730175481747,4.0,4.0,8.0,4.8276666666666666,5.293666666666667,8.649333333333333,10.176315396660796,9.602199987027838,16.35673411048263,-8.86927949596609,-7.144530920804735,-12.78062836630485
12,7,2.0,1.6582280766035322,-1.0833333333333321,"(1, 0, 0, 0, 1, 1, 1, 1, 1, 1, 1, 0, 1, 0, 1, 1, 0, 0, 0, 0, 1, 1, 0, 0, 1)",8.0,10.0,11.0,13.0,9.295666666666667,10.379,12.276,14.462333333333333,0.0,6.089805761813657,7.352030548967861,10.123611380959412,6.0,3.0,3.0,10.0,0.20322979876373734,0.062010453621959324,0.010947821349578137,0.01786742361091049,2.0,3.0,5.0,1.0833333333333321,2.9803333333333324,5.166666666666666,6.089805761813657,7.352030548967861,10.123611380959412,-8.301873145647544,-7.249271065374661,-8.219744899411706
13,0,0.0,1.6582280766035322,-4.122,"(0, 0, 1, 0, 0, 1, 0, 0, 0, 0, 1, 1, 0, 1, 1, 0, 0, 0, 1, 0, 0, 1, 0, 0, 0)",6.0,10.0,10.0,12.0,6.145333333333333,10.341,10.267333333333333,12.500666666666667,0.0,8.147178548833866,8.546166648821082,12.429469645258658,6.0,12.0,6.0,20.0,0.16878960246768773,0.07594114166916961,0.06611483895789771,0.0025283407926386258,4.0,4.0,6.0,4.195666666666666,4.122,6.355333333333334,8.147178548833866,8.546166648821082,12.429469645258658,-6.552507948042119,-7.336277352648077,-10.072303373551604
13,1,0.2857142857142857,1.6582280766035322,-3.754666666666666,"(1, 1, 1, 0, 1, 0, 0, 0, 1, 1, 1, 0, 0, 0, 0, 0, 1, 0, 0, 0, 1, 0, 0, 0, 1)",6.0,9.0,9.0,12.0,6.0473333333333334,10.294,9.802,13.272666666666666,0.0,7.204217940695063,7.653284528595705,12.002982596334432,4.0,4.0,4.0,9.0,0.3841535392665655,0.041110888530036825,0.07703201657876708,0.009769272854181275,3.0,3.0,6.0,4.246666666666667,3.754666666666666,7.2253333333333325,7.204217940695063,7.653284528595705,12.002982596334432,-4.904294560588434,-6.464797598598765,-7.9224321480725965
13,2,0.5714285714285714,1.6582280766035322,-1.9180000000000001,"(0, 1, 0, 0, 0, 1, 1, 0, 1, 1, 1, 0, 1, 1, 1, 0, 1, 0, 0, 0, 1, 0, 0, 0, 1)",7.0,9.0,9.0,12.0,7.0953333333333335,9.013333333333334,9.393666666666666,13.553333333333333,0.0,7.812271751629171,5.64119058044498,10.717938748370525,6.0,2.0,5.0,5.0,0.06628602416456998,0.16708500846489102,0.08386746409181971,0.027070637210952153,2.0,2.0,5.0,1.9180000000000001,2.298333333333333,6.457999999999999,7.812271751629171,5.64119058044498,10.717938748370525,-9.774046909682573,-5.543219743238125,-7.063950037159315
13,3,0.8571428571428571,1.6582280766035322,-3.5373333333333337,"(0, 1, 0, 0, 0, 0, 0, 0, 0, 1, 1, 0, 1, 0, 0, 0, 0, 1, 0, 0, 1, 1, 0, 0, 1)",5.0,8.0,9.0,11.0,5.204,8.741333333333333,9.057333333333334,11.502333333333333,0.0,7.51270363721254,8.129020951395058,12.769793320846922,2.0,2.0,5.0,6.0,0.16917129711073817,0.13745287895522817,0.15073535014970946,0.02362309874315747,3.0,4.0,6.0,3.5373333333333337,3.8533333333333344,6.298333333333333,7.51270363721254,8.129020951395058,12.769793320846922,-6.592070652788415,-7.09006525505603,-10.731156647911378
13,4,1.1428571428571428,1.6582280766035322,-1.9686666666666666,"(1, 1, 1, 1, 0, 1, 0, 1, 1, 0, 0, 0, 0, 0, 0, 1, 1, 0, 0, 1, 0, 1, 1, 0, 0)",7.0,10.0,9.0,12.0,7.2043333333333335,10.207666666666666,9.173,13.044333333333332,0.0,7.309091654162032,5.36250692741535,11.519388014927621,9.0,7.0,4.0,11.0,0.20699095375640572,0.08279511061205487,0.017249795235051407,0.016082498149248683,3.0,2.0,5.0,3.003333333333333,1.9686666666666666,5.839999999999999,7.309091654162032,5.36250692741535,11.519388014927621,-7.139929338667428,-5.627761207880919,-9.417720664278583
13,5,1.4285714285714284,1.6582280766035322,-2.1673333333333344,"(0, 1, 1, 1, 0, 0, 1, 1, 1, 0, 1, 0, 1, 1, 0, 1, 1, 0, 0, 1, 0, 1, 0, 0, 1)",7.0,12.0,9.0,12.0,7.084666666666666,12.579666666666666,9.252,12.675666666666666,0.0,7.99844470274073,5.604027846772654,10.758473212465276,4.0,50.0,1.0,10.0,0.2781912744154286,0.008778309712877526,0.0009748863764121404,0.06223886685693094,5.0,2.0,5.0,5.495,2.1673333333333344,5.591,7.99844470274073,5.604027846772654,10.758473212465276,-4.151282294309062,-5.698823332894395,-8.56884916600657
13,6,1.7142857142857142,1.6582280766035322,-4.8276666666666666,"(0, 1, 1, 0, 0, 1, 0, 0, 0, 0, 1, 0, 0, 0, 0, 0, 0, 0, 0, 0, 0, 0, 0, 0, 0)",2.0,6.0,6.0,10.0,2.0233333333333334,6.851,7.317,10.672666666666666,0.0,10.176315396660796,9.602199987027838,16.35673411048263,1.0,1.0,1.0,38.0,0.6722354867633296,0.07734469703531319,0.1382709491141166,0.03309730175481747,4.0,4.0,8.0,4.8276666666666666,5.293666666666667,8.649333333333333,10.176315396660796,9.602199987027838,16.35673411048263,-8.86927949596609,-7.144530920804735,-12.78062836630485
13,7,2.0,1.6582280766035322,-1.0833333333333321,"(1, 0, 0, 0, 1, 1, 1, 1, 1, 1, 1, 0, 1, 0, 1, 1, 0, 0, 0, 0, 1, 1, 0, 0, 1)",8.0,10.0,11.0,13.0,9.295666666666667,10.379,12.276,14.462333333333333,0.0,6.089805761813657,7.352030548967861,10.123611380959412,6.0,3.0,3.0,10.0,0.20322979876373734,0.062010453621959324,0.010947821349578137,0.01786742361091049,2.0,3.0,5.0,1.0833333333333321,2.9803333333333324,5.166666666666666,6.089805761813657,7.352030548967861,10.123611380959412,-8.301873145647544,-7.249271065374661,-8.219744899411706
14,0,0.0,1.6582280766035322,-4.159999999999999,"(0, 0, 1, 1, 1, 1, 0, 0, 0, 0, 1, 1, 0, 1, 1, 0, 0, 0, 1, 0, 0, 1, 0, 0, 0)",7.0,11.0,11.0,12.0,7.070666666666667,11.572666666666667,11.230666666666666,13.363,0.0,7.10917383477107,6.648932632109761,9.971929573841205,3.0,7.0,7.0,1.0,0.2828967705206479,0.03080979476729709,0.012305644864106556,0.023476392882115917,4.0,4.0,5.0,4.502,4.159999999999999,6.292333333333333,7.10917383477107,6.648932632109761,9.971929573841205,-4.323288853403487,-4.127217971339138,-6.101609796574957
14,1,0.2857142857142857,1.6582280766035322,-3.628,"(1, 1, 1, 0, 1, 1, 0, 0, 1, 1, 0, 0, 0, 0, 0, 0, 1, 0, 0, 0, 1, 0, 0, 0, 1)",6.0,10.0,10.0,12.0,6.6353333333333335,10.263333333333334,10.701,12.712666666666667,0.0,8.172761323104577,8.099596615413548,12.324761754599349,2.0,8.0,12.0,7.0,0.22857812962988525,0.00047721737075302685,0.05527648044261176,0.0010730569351476377,4.0,4.0,6.0,3.628,4.065666666666667,6.077333333333334,8.172761323104577,8.099596615413548,12.324761754599349,-7.536250827433827,-6.689175900063925,-10.359661214714187
14,2,0.5714285714285714,1.6582280766035322,-1.9180000000000001,"(0, 1, 0, 0, 0, 1, 1, 0, 1, 1, 1, 0, 1, 1, 1, 0, 1, 0, 0, 0, 1, 0, 0, 0, 1)",7.0,9.0,9.0,12.0,7.0953333333333335,9.013333333333334,9.393666666666666,13.553333333333333,0.0,7.812271751629171,5.64119058044498,10.717938748370525,6.0,2.0,5.0,5.0,0.06628602416456998,0.16708500846489102,0.08386746409181971,0.027070637210952153,2.0,2.0,5.0,1.9180000000000001,2.298333333333333,6.457999999999999,7.812271751629171,5.64119058044498,10.717938748370525,-9.774046909682573,-5.543219743238125,-7.063950037159315
14,3,0.8571428571428571,1.6582280766035322,-3.1900000000000004,"(0, 1, 0, 0, 0, 0, 0, 0, 0, 1, 1, 0, 1, 0, 0, 0, 1, 1, 0, 0, 1, 0, 0, 0, 1)",6.0,9.0,10.0,12.0,6.160666666666667,9.350666666666667,10.684333333333333,13.472,0.0,7.948836046115676,8.62707896658113,12.36405254763665,2.0,2.0,7.0,6.0,0.06487013625102755,0.05233773377016001,0.051452107798476206,0.009240915448847229,3.0,4.0,6.0,3.1900000000000004,4.523666666666666,7.311333333333333,7.948836046115676,8.62707896658113,12.36405254763665,-7.891235543621955,-6.804393485598439,-8.3785608643519
14,4,1.1428571428571428,1.6582280766035322,-3.2523333333333335,"(1, 1, 1, 0, 0, 1, 0, 1, 0, 0, 0, 0, 0, 0, 0, 1, 1, 0, 0, 1, 0, 1, 1, 0, 0)",6.0,10.0,9.0,12.0,6.084666666666666,10.493333333333334,9.337,12.715,0.0,7.262688905151744,7.469202787336308,12.168059201360315,5.0,11.0,4.0,9.0,0.14041613495878771,0.08370110322120179,0.051556354745294616,0.011367186916900373,4.0,3.0,6.0,4.408666666666668,3.2523333333333335,6.630333333333334,7.262688905151744,7.469202787336308,12.168059201360315,-4.732619807106815,-6.99253132399954,-9.182812514896007
14,5,1.4285714285714284,1.6582280766035322,-1.1590000000000007,"(0, 1, 1, 1, 1, 0, 1, 1, 1, 1, 1, 0, 1, 1, 0, 1, 1, 0, 0, 1, 0, 1, 0, 0, 1)",8.0,11.0,9.0,13.0,8.103333333333333,11.694666666666667,9.262333333333334,15.242,0.0,7.523813765325785,3.4938404955126257,9.667257801899916,6.0,4.0,1.0,4.0,0.3472508403474496,0.0605365130494699,0.005567287664889608,0.00471747081480081,3.0,1.0,5.0,3.591333333333333,1.1590000000000007,7.138666666666667,7.523813765325785,3.4938404955126257,9.667257801899916,-6.520949463023871,-3.871698064049938,-4.192980814694573
14,6,1.7142857142857142,1.6582280766035322,-4.8276666666666666,"(0, 1, 1, 0, 0, 1, 0, 0, 0, 0, 1, 0, 0, 0, 0, 0, 0, 0, 0, 0, 0, 0, 0, 0, 0)",2.0,6.0,6.0,10.0,2.0233333333333334,6.851,7.317,10.672666666666666,0.0,10.176315396660796,9.602199987027838,16.35673411048263,1.0,1.0,1.0,38.0,0.6722354867633296,0.07734469703531319,0.1382709491141166,0.03309730175481747,4.0,4.0,8.0,4.8276666666666666,5.293666666666667,8.649333333333333,10.176315396660796,9.602199987027838,16.35673411048263,-8.86927949596609,-7.144530920804735,-12.78062836630485
14,7,2.0,1.6582280766035322,-1.0833333333333321,"(1, 0, 0, 0, 1, 1, 1, 1, 1, 1, 1, 0, 1, 0, 1, 1, 0, 0, 0, 0, 1, 1, 0, 0, 1)",8.0,10.0,11.0,13.0,9.295666666666667,10.379,12.276,14.462333333333333,0.0,6.089805761813657,7.352030548967861,10.123611380959412,6.0,3.0,3.0,10.0,0.20322979876373734,0.062010453621959324,0.010947821349578137,0.01786742361091049,2.0,3.0,5.0,1.0833333333333321,2.9803333333333324,5.166666666666666,6.089805761813657,7.352030548967861,10.123611380959412,-8.301873145647544,-7.249271065374661,-8.219744899411706
15,0,0.0,1.6582280766035322,-4.159999999999999,"(0, 0, 1, 1, 1, 1, 0, 0, 0, 0, 1, 1, 0, 1, 1, 0, 0, 0, 1, 0, 0, 1, 0, 0, 0)",7.0,11.0,11.0,12.0,7.070666666666667,11.572666666666667,11.230666666666666,13.363,0.0,7.10917383477107,6.648932632109761,9.971929573841205,3.0,7.0,7.0,1.0,0.2828967705206479,0.03080979476729709,0.012305644864106556,0.023476392882115917,4.0,4.0,5.0,4.502,4.159999999999999,6.292333333333333,7.10917383477107,6.648932632109761,9.971929573841205,-4.323288853403487,-4.127217971339138,-6.101609796574957
15,1,0.2857142857142857,1.6582280766035322,-3.104000000000001,"(1, 1, 1, 0, 1, 1, 0, 0, 1, 1, 0, 1, 0, 0, 0, 0, 0, 0, 0, 0, 1, 0, 0, 0, 1)",6.0,9.0,9.0,12.0,6.004,9.431333333333333,9.108,13.729666666666667,0.0,7.182163507276236,8.366469999586478,12.137243796270097,4.0,6.0,4.0,2.0,0.3815427216300964,0.0625264485540087,0.07272906786630158,0.05268040660060562,3.0,3.0,6.0,3.4273333333333333,3.104000000000001,7.725666666666667,7.182163507276236,8.366469999586478,12.137243796270097,-6.226364817310246,-8.726375505598075,-7.315401058410426
15,2,0.5714285714285714,1.6582280766035322,-1.9180000000000001,"(0, 1, 0, 0, 0, 1, 1, 0, 1, 1, 1, 0, 1, 1, 1, 0, 1, 0, 0, 0, 1, 0, 0, 0, 1)",7.0,9.0,9.0,12.0,7.0953333333333335,9.013333333333334,9.393666666666666,13.553333333333333,0.0,7.812271751629171,5.64119058044498,10.717938748370525,6.0,2.0,5.0,5.0,0.06628602416456998,0.16708500846489102,0.08386746409181971,0.027070637210952153,2.0,2.0,5.0,1.9180000000000001,2.298333333333333,6.457999999999999,7.812271751629171,5.64119058044498,10.717938748370525,-9.774046909682573,-5.543219743238125,-7.063950037159315
15,3,0.8571428571428571,1.6582280766035322,-3.1900000000000004,"(0, 1, 0, 0, 0, 0, 0, 0, 0, 1, 1, 0, 1, 0, 0, 0, 1, 1, 0, 0, 1, 0, 0, 0, 1)",6.0,9.0,10.0,12.0,6.160666666666667,9.350666666666667,10.684333333333333,13.472,0.0,7.948836046115676,8.62707896658113,12.36405254763665,2.0,2.0,7.0,6.0,0.06487013625102755,0.05233773377016001,0.051452107798476206,0.009240915448847229,3.0,4.0,6.0,3.1900000000000004,4.523666666666666,7.311333333333333,7.948836046115676,8.62707896658113,12.36405254763665,-7.891235543621955,-6.804393485598439,-8.3785608643519
15,4,1.1428571428571428,1.6582280766035322,-3.025333333333333,"(1, 1, 0, 0, 0, 1, 0, 1, 0, 0, 0, 0, 0, 0, 0, 1, 1, 0, 0, 1, 0, 1, 0, 0, 0)",5.0,8.0,8.0,11.0,5.195333333333333,8.220666666666666,8.276666666666667,12.432,0.0,6.93948182826531,7.344679071161586,13.238712583775792,3.0,3.0,2.0,4.0,0.30412695736542944,0.06277998774242699,0.013849647721254443,0.0029852023590284118,3.0,3.0,6.0,3.025333333333333,3.081333333333334,7.236666666666667,6.93948182826531,7.344679071161586,13.238712583775792,-6.490550930291663,-7.069599602734809,-9.952761056813948
15,5,1.4285714285714284,1.6582280766035322,-1.0246666666666666,"(0, 1, 1, 1, 1, 0, 1, 1, 1, 1, 1, 0, 1, 1, 0, 1, 1, 0, 0, 1, 0, 1, 1, 1, 1)",9.0,14.0,10.0,14.0,9.320666666666666,14.508333333333333,10.345333333333333,15.710666666666667,0.0,4.78033068685446,3.2498322340404155,8.50077726141316,8.0,131.0,1.0,9.0,0.2320909113587872,0.03617901064580547,0.023986053400038797,0.04600868245673944,5.0,1.0,5.0,5.187666666666667,1.0246666666666666,6.390000000000001,4.78033068685446,3.2498322340404155,8.50077726141316,0.6754559583354115,-3.6898320189105793,-3.5001501183316157
15,6,1.7142857142857142,1.6582280766035322,-3.994666666666667,"(0, 1, 1, 0, 0, 1, 0, 0, 0, 0, 1, 0, 0, 0, 0, 0, 0, 0, 0, 0, 0, 0, 0, 1, 1)",3.0,7.0,7.0,10.0,3.028,8.293666666666667,7.022666666666667,11.710333333333333,0.0,9.531587108099137,10.655598585068434,16.12438871981587,1.0,1.0,1.0,3.0,0.37734228551636867,0.06200534996456755,0.11592236325734072,0.02437430685856222,4.0,4.0,7.0,5.265666666666666,3.994666666666667,8.682333333333332,9.531587108099137,10.655598585068434,16.12438871981587,-7.073869048540256,-11.045344323438437,-12.340625189503893
15,7,2.0,1.6582280766035322,-1.0833333333333321,"(1, 0, 0, 0, 1, 1, 1, 1, 1, 1, 1, 0, 1, 0, 1, 1, 0, 0, 0, 0, 1, 1, 0, 0, 1)",8.0,10.0,11.0,13.0,9.295666666666667,10.379,12.276,14.462333333333333,0.0,6.089805761813657,7.352030548967861,10.123611380959412,6.0,3.0,3.0,10.0,0.20322979876373734,0.062010453621959324,0.010947821349578137,0.01786742361091049,2.0,3.0,5.0,1.0833333333333321,2.9803333333333324,5.166666666666666,6.089805761813657,7.352030548967861,10.123611380959412,-8.301873145647544,-7.249271065374661,-8.219744899411706
16,0,0.0,1.6582280766035322,-4.794333333333333,"(0, 0, 1, 1, 1, 1, 1, 0, 0, 0, 1, 0, 0, 1, 1, 0, 0, 0, 1, 0, 0, 1, 0, 0, 0)",6.0,10.0,11.0,12.0,6.239333333333334,11.033666666666667,11.875333333333334,13.44,0.0,8.619405055537737,8.695333476689772,13.236575312032613,2.0,2.0,22.0,10.0,0.24985957304273973,0.02203393508079666,0.00046431186847912436,0.0003320943266646714,4.0,5.0,6.0,4.794333333333333,5.636,7.200666666666666,8.619405055537737,8.695333476689772,13.236575312032613,-6.342841324781568,-5.073072666740077,-10.008913183559807
16,1,0.2857142857142857,1.6582280766035322,-3.104000000000001,"(1, 1, 1, 0, 1, 1, 0, 0, 1, 1, 0, 1, 0, 0, 0, 0, 0, 0, 0, 0, 1, 0, 0, 0, 1)",6.0,9.0,9.0,12.0,6.004,9.431333333333333,9.108,13.729666666666667,0.0,7.182163507276236,8.366469999586478,12.137243796270097,4.0,6.0,4.0,2.0,0.3815427216300964,0.0625264485540087,0.07272906786630158,0.05268040660060562,3.0,3.0,6.0,3.4273333333333333,3.104000000000001,7.725666666666667,7.182163507276236,8.366469999586478,12.137243796270097,-6.226364817310246,-8.726375505598075,-7.315401058410426
16,2,0.5714285714285714,1.6582280766035322,-1.9180000000000001,"(0, 1, 0, 0, 0, 1, 1, 0, 1, 1, 1, 0, 1, 1, 1, 0, 1, 0, 0, 0, 1, 0, 0, 0, 1)",7.0,9.0,9.0,12.0,7.0953333333333335,9.013333333333334,9.393666666666666,13.553333333333333,0.0,7.812271751629171,5.64119058044498,10.717938748370525,6.0,2.0,5.0,5.0,0.06628602416456998,0.16708500846489102,0.08386746409181971,0.027070637210952153,2.0,2.0,5.0,1.9180000000000001,2.298333333333333,6.457999999999999,7.812271751629171,5.64119058044498,10.717938748370525,-9.774046909682573,-5.543219743238125,-7.063950037159315
16,3,0.8571428571428571,1.6582280766035322,-3.1900000000000004,"(0, 1, 0, 0, 0, 0, 0, 0, 0, 1, 1, 0, 1, 0, 0, 0, 1, 1, 0, 0, 1, 0, 0, 0, 1)",6.0,9.0,10.0,12.0,6.160666666666667,9.350666666666667,10.684333333333333,13.472,0.0,7.948836046115676,8.62707896658113,12.36405254763665,2.0,2.0,7.0,6.0,0.06487013625102755,0.05233773377016001,0.051452107798476206,0.009240915448847229,3.0,4.0,6.0,3.1900000000000004,4.523666666666666,7.311333333333333,7.948836046115676,8.62707896658113,12.36405254763665,-7.891235543621955,-6.804393485598439,-8.3785608643519
16,4,1.1428571428571428,1.6582280766035322,-3.025333333333333,"(1, 1, 0, 0, 0, 1, 0, 1, 0, 0, 0, 0, 0, 0, 0, 1, 1, 0, 0, 1, 0, 1, 0, 0, 0)",5.0,8.0,8.0,11.0,5.195333333333333,8.220666666666666,8.276666666666667,12.432,0.0,6.93948182826531,7.344679071161586,13.238712583775792,3.0,3.0,2.0,4.0,0.30412695736542944,0.06277998774242699,0.013849647721254443,0.0029852023590284118,3.0,3.0,6.0,3.025333333333333,3.081333333333334,7.236666666666667,6.93948182826531,7.344679071161586,13.238712583775792,-6.490550930291663,-7.069599602734809,-9.952761056813948
16,5,1.4285714285714284,1.6582280766035322,-2.6229999999999993,"(0, 1, 1, 1, 1, 0, 1, 1, 0, 0, 1, 0, 1, 1, 0, 1, 1, 0, 0, 1, 0, 1, 1, 1, 1)",8.0,11.0,11.0,13.0,8.742,13.123666666666667,11.365,14.707666666666666,0.0,5.495782402883258,5.763632299145745,9.313723575968044,2.0,10.0,2.0,2.0,0.28111179808138553,0.011880080040622328,0.1067308767763984,0.03000952613007583,3.0,3.0,5.0,4.381666666666666,2.6229999999999993,5.965666666666666,5.495782402883258,5.763632299145745,9.313723575968044,-1.847457994380167,-5.207884656731379,-5.551841969069992
16,6,1.7142857142857142,1.6582280766035322,-3.994666666666667,"(0, 1, 1, 0, 0, 1, 0, 0, 0, 0, 1, 0, 0, 0, 0, 0, 0, 0, 0, 0, 0, 0, 0, 1, 1)",3.0,7.0,7.0,10.0,3.028,8.293666666666667,7.022666666666667,11.710333333333333,0.0,9.531587108099137,10.655598585068434,16.12438871981587,1.0,1.0,1.0,3.0,0.37734228551636867,0.06200534996456755,0.11592236325734072,0.02437430685856222,4.0,4.0,7.0,5.265666666666666,3.994666666666667,8.682333333333332,9.531587108099137,10.655598585068434,16.12438871981587,-7.073869048540256,-11.045344323438437,-12.340625189503893
16,7,2.0,1.6582280766035322,-1.0833333333333321,"(1, 0, 0, 0, 1, 1, 1, 1, 1, 1, 1, 0, 1, 0, 1, 1, 0, 0, 0, 0, 1, 1, 0, 0, 1)",8.0,10.0,11.0,13.0,9.295666666666667,10.379,12.276,14.462333333333333,0.0,6.089805761813657,7.352030548967861,10.123611380959412,6.0,3.0,3.0,10.0,0.20322979876373734,0.062010453621959324,0.010947821349578137,0.01786742361091049,2.0,3.0,5.0,1.0833333333333321,2.9803333333333324,5.166666666666666,6.089805761813657,7.352030548967861,10.123611380959412,-8.301873145647544,-7.249271065374661,-8.219744899411706
17,0,0.0,1.6582280766035322,-4.794333333333333,"(0, 0, 1, 1, 1, 1, 1, 0, 0, 0, 1, 0, 0, 1, 1, 0, 0, 0, 1, 0, 0, 1, 0, 0, 0)",6.0,10.0,11.0,12.0,6.239333333333334,11.033666666666667,11.875333333333334,13.44,0.0,8.619405055537737,8.695333476689772,13.236575312032613,2.0,2.0,22.0,10.0,0.24985957304273973,0.02203393508079666,0.00046431186847912436,0.0003320943266646714,4.0,5.0,6.0,4.794333333333333,5.636,7.200666666666666,8.619405055537737,8.695333476689772,13.236575312032613,-6.342841324781568,-5.073072666740077,-10.008913183559807
17,1,0.2857142857142857,1.6582280766035322,-3.104000000000001,"(1, 1, 1, 0, 1, 1, 0, 0, 1, 1, 0, 1, 0, 0, 0, 0, 0, 0, 0, 0, 1, 0, 0, 0, 1)",6.0,9.0,9.0,12.0,6.004,9.431333333333333,9.108,13.729666666666667,0.0,7.182163507276236,8.366469999586478,12.137243796270097,4.0,6.0,4.0,2.0,0.3815427216300964,0.0625264485540087,0.07272906786630158,0.05268040660060562,3.0,3.0,6.0,3.4273333333333333,3.104000000000001,7.725666666666667,7.182163507276236,8.366469999586478,12.137243796270097,-6.226364817310246,-8.726375505598075,-7.315401058410426
17,2,0.5714285714285714,1.6582280766035322,-1.9180000000000001,"(0, 1, 0, 0, 0, 1, 1, 0, 1, 1, 1, 0, 1, 1, 1, 0, 1, 0, 0, 0, 1, 0, 0, 0, 1)",7.0,9.0,9.0,12.0,7.0953333333333335,9.013333333333334,9.393666666666666,13.553333333333333,0.0,7.812271751629171,5.64119058044498,10.717938748370525,6.0,2.0,5.0,5.0,0.06628602416456998,0.16708500846489102,0.08386746409181971,0.027070637210952153,2.0,2.0,5.0,1.9180000000000001,2.298333333333333,6.457999999999999,7.812271751629171,5.64119058044498,10.717938748370525,-9.774046909682573,-5.543219743238125,-7.063950037159315
17,3,0.8571428571428571,1.6582280766035322,-4.868333333333333,"(0, 1, 0, 1, 0, 0, 0, 0, 0, 1, 1, 0, 1, 0, 0, 0, 1, 1, 0, 0, 1, 0, 0, 1, 1)",7.0,11.0,11.0,13.0,7.169333333333333,13.005,12.037666666666667,13.923333333333334,0.0,7.807361554046783,8.049343092314256,11.343376316974359,2.0,2.0,8.0,10.0,0.1511771456607518,0.024818740288764164,0.10199893537431431,0.02455695030621683,4.0,4.0,6.0,5.8356666666666674,4.868333333333333,6.7540000000000004,7.807361554046783,8.049343092314256,11.343376316974359,-3.269519820749347,-5.274839694292002,-7.610232662906193
17,4,1.1428571428571428,1.6582280766035322,-0.9986666666666668,"(1, 1, 0, 0, 0, 1, 0, 1, 0, 0, 0, 0, 0, 0, 0, 1, 1, 0, 0, 0, 0, 1, 0, 0, 1)",6.0,7.0,9.0,12.0,6.052,7.050666666666666,9.260333333333334,13.481666666666667,0.0,3.907955320509748,6.171455069829976,11.42635220745196,11.0,1.0,6.0,11.0,0.49851812218387787,0.06491767163848203,0.007157067038998767,0.027844917028033444,1.0,3.0,6.0,0.9986666666666668,3.208333333333334,7.429666666666668,3.907955320509748,6.171455069829976,11.42635220745196,-4.824264128746692,-4.913531657852946,-6.627416177085542
17,5,1.4285714285714284,1.6582280766035322,-2.6229999999999993,"(0, 1, 1, 1, 1, 0, 1, 1, 0, 0, 1, 0, 1, 1, 0, 1, 1, 0, 0, 1, 0, 1, 1, 1, 1)",8.0,11.0,11.0,13.0,8.742,13.123666666666667,11.365,14.707666666666666,0.0,5.495782402883258,5.763632299145745,9.313723575968044,2.0,10.0,2.0,2.0,0.28111179808138553,0.011880080040622328,0.1067308767763984,0.03000952613007583,3.0,3.0,5.0,4.381666666666666,2.6229999999999993,5.965666666666666,5.495782402883258,5.763632299145745,9.313723575968044,-1.847457994380167,-5.207884656731379,-5.551841969069992
17,6,1.7142857142857142,1.6582280766035322,-3.994666666666667,"(0, 1, 1, 0, 0, 1, 0, 0, 0, 0, 1, 0, 0, 0, 0, 0, 0, 0, 0, 0, 0, 0, 0, 1, 1)",3.0,7.0,7.0,10.0,3.028,8.293666666666667,7.022666666666667,11.710333333333333,0.0,9.531587108099137,10.655598585068434,16.12438871981587,1.0,1.0,1.0,3.0,0.37734228551636867,0.06200534996456755,0.11592236325734072,0.02437430685856222,4.0,4.0,7.0,5.265666666666666,3.994666666666667,8.682333333333332,9.531587108099137,10.655598585068434,16.12438871981587,-7.073869048540256,-11.045344323438437,-12.340625189503893
17,7,2.0,1.6582280766035322,-1.0833333333333321,"(1, 0, 0, 0, 1, 1, 1, 1, 1, 1, 1, 0, 1, 0, 1, 1, 0, 0, 0, 0, 1, 1, 0, 0, 1)",8.0,10.0,11.0,13.0,9.295666666666667,10.379,12.276,14.462333333333333,0.0,6.089805761813657,7.352030548967861,10.123611380959412,6.0,3.0,3.0,10.0,0.20322979876373734,0.062010453621959324,0.010947821349578137,0.01786742361091049,2.0,3.0,5.0,1.0833333333333321,2.9803333333333324,5.166666666666666,6.089805761813657,7.352030548967861,10.123611380959412,-8.301873145647544,-7.249271065374661,-8.219744899411706
18,0,0.0,1.6582280766035322,-4.794333333333333,"(0, 0, 1, 1, 1, 1, 1, 0, 0, 0, 1, 0, 0, 1, 1, 0, 0, 0, 1, 0, 0, 1, 0, 0, 0)",6.0,10.0,11.0,12.0,6.239333333333334,11.033666666666667,11.875333333333334,13.44,0.0,8.619405055537737,8.695333476689772,13.236575312032613,2.0,2.0,22.0,10.0,0.24985957304273973,0.02203393508079666,0.00046431186847912436,0.0003320943266646714,4.0,5.0,6.0,4.794333333333333,5.636,7.200666666666666,8.619405055537737,8.695333476689772,13.236575312032613,-6.342841324781568,-5.073072666740077,-10.008913183559807
18,1,0.2857142857142857,1.6582280766035322,-3.302666666666666,"(1, 1, 1, 0, 1, 1, 0, 0, 1, 1, 0, 1, 1, 0, 0, 0, 0, 1, 0, 0, 1, 0, 0, 0, 1)",7.0,10.0,10.0,12.0,7.566333333333334,10.885,10.869,12.550666666666666,0.0,8.6912892426585,8.390366908645976,12.6301613044187,4.0,6.0,4.0,8.0,0.19679721291825164,0.0006121172389036396,0.08279023727122119,0.058151260763288366,3.0,3.0,5.0,3.318666666666666,3.302666666666666,4.984333333333333,8.6912892426585,8.390366908645976,12.6301613044187,-8.909033600503655,-8.436567386592676,-12.678526610534375
18,2,0.5714285714285714,1.6582280766035322,-1.9180000000000001,"(0, 1, 0, 0, 0, 1, 1, 0, 1, 1, 1, 0, 1, 1, 1, 0, 1, 0, 0, 0, 1, 0, 0, 0, 1)",7.0,9.0,9.0,12.0,7.0953333333333335,9.013333333333334,9.393666666666666,13.553333333333333,0.0,7.812271751629171,5.64119058044498,10.717938748370525,6.0,2.0,5.0,5.0,0.06628602416456998,0.16708500846489102,0.08386746409181971,0.027070637210952153,2.0,2.0,5.0,1.9180000000000001,2.298333333333333,6.457999999999999,7.812271751629171,5.64119058044498,10.717938748370525,-9.774046909682573,-5.543219743238125,-7.063950037159315
18,3,0.8571428571428571,1.6582280766035322,-2.7913333333333323,"(0, 1, 0, 1, 0, 0, 0, 0, 0, 1, 1, 0, 1, 0, 0, 0, 1, 1, 1, 0, 1, 0, 0, 0, 1)",8.0,12.0,12.0,14.0,9.582,12.373333333333333,13.545,14.986,0.0,6.323975203364688,6.515205750109888,9.800146357483282,2.0,47.0,2.0,38.0,0.1972063898520175,0.0021186699433908343,0.01837705956416179,0.0019520446378928672,4.0,4.0,6.0,2.7913333333333323,3.962999999999999,5.404,6.323975203364688,6.515205750109888,9.800146357483282,-5.8579259334712,-4.232139232101196,-7.289813318837127
18,4,1.1428571428571428,1.6582280766035322,-0.9986666666666668,"(1, 1, 0, 0, 0, 1, 0, 1, 0, 0, 0, 0, 0, 0, 0, 1, 1, 0, 0, 0, 0, 1, 0, 0, 1)",6.0,7.0,9.0,12.0,6.052,7.050666666666666,9.260333333333334,13.481666666666667,0.0,3.907955320509748,6.171455069829976,11.42635220745196,11.0,1.0,6.0,11.0,0.49851812218387787,0.06491767163848203,0.007157067038998767,0.027844917028033444,1.0,3.0,6.0,0.9986666666666668,3.208333333333334,7.429666666666668,3.907955320509748,6.171455069829976,11.42635220745196,-4.824264128746692,-4.913531657852946,-6.627416177085542
18,5,1.4285714285714284,1.6582280766035322,-3.8420000000000005,"(0, 1, 1, 1, 1, 0, 1, 1, 0, 0, 1, 0, 1, 1, 0, 1, 1, 0, 1, 1, 0, 1, 1, 0, 1)",8.0,13.0,12.0,14.0,8.463,14.076666666666666,12.305,15.986666666666666,0.0,6.512524948052713,6.727376032511309,9.859704382567958,1.0,46.0,6.0,3.0,0.19313358844927844,0.050439787797983845,0.06628999185256981,0.03134105024731458,5.0,4.0,6.0,5.613666666666667,3.8420000000000005,7.523666666666667,6.512524948052713,6.727376032511309,9.859704382567958,-1.490512039081939,-4.784611548669157,-3.873683328512307
18,6,1.7142857142857142,1.6582280766035322,-3.133333333333333,"(0, 1, 1, 0, 0, 1, 0, 0, 0, 1, 1, 0, 0, 0, 1, 0, 0, 0, 0, 0, 0, 0, 0, 1, 1)",4.0,8.0,7.0,10.0,4.1033333333333335,8.370666666666667,7.236666666666666,10.891333333333334,0.0,7.456148847422158,8.186220607659674,13.446433287504995,2.0,3.0,1.0,2.0,0.2871388118630688,0.08900665782235313,0.09729255403411333,0.030159525484228067,4.0,3.0,6.0,4.267333333333333,3.133333333333333,6.788,7.456148847422158,8.186220607659674,13.446433287504995,-5.287783416571016,-8.378839546200634,-11.041201023532341
18,7,2.0,1.6582280766035322,-1.0833333333333321,"(1, 0, 0, 0, 1, 1, 1, 1, 1, 1, 1, 0, 1, 0, 1, 1, 0, 0, 0, 0, 1, 1, 0, 0, 1)",8.0,10.0,11.0,13.0,9.295666666666667,10.379,12.276,14.462333333333333,0.0,6.089805761813657,7.352030548967861,10.123611380959412,6.0,3.0,3.0,10.0,0.20322979876373734,0.062010453621959324,0.010947821349578137,0.01786742361091049,2.0,3.0,5.0,1.0833333333333321,2.9803333333333324,5.166666666666666,6.089805761813657,7.352030548967861,10.123611380959412,-8.301873145647544,-7.249271065374661,-8.219744899411706
19,0,0.0,1.6582280766035322,-4.368666666666666,"(0, 0, 0, 1, 1, 1, 1, 0, 0, 0, 1, 0, 0, 1, 1, 0, 0, 0, 1, 0, 0, 1, 1, 0, 0)",5.0,9.0,9.0,12.0,5.234,9.602666666666666,10.083,13.203333333333333,0.0,7.944386467443458,9.108370453437102,13.898106978437186,1.0,5.0,2.0,12.0,0.3246670662984871,0.0014610956335122374,0.11269951914540054,0.0021283313035542926,4.0,4.0,7.0,4.368666666666666,4.849,7.969333333333333,7.944386467443458,9.108370453437102,13.898106978437186,-5.929358967715265,-7.06300767454492,-9.831258918138275
19,1,0.2857142857142857,1.6582280766035322,-3.302666666666666,"(1, 1, 1, 0, 1, 1, 0, 0, 1, 1, 0, 1, 1, 0, 0, 0, 0, 1, 0, 0, 1, 0, 0, 0, 1)",7.0,10.0,10.0,12.0,7.566333333333334,10.885,10.869,12.550666666666666,0.0,8.6912892426585,8.390366908645976,12.6301613044187,4.0,6.0,4.0,8.0,0.19679721291825164,0.0006121172389036396,0.08279023727122119,0.058151260763288366,3.0,3.0,5.0,3.318666666666666,3.302666666666666,4.984333333333333,8.6912892426585,8.390366908645976,12.6301613044187,-8.909033600503655,-8.436567386592676,-12.678526610534375
19,2,0.5714285714285714,1.6582280766035322,-1.9493333333333336,"(0, 0, 1, 0, 0, 1, 1, 0, 1, 1, 1, 0, 1, 1, 1, 0, 1, 0, 0, 0, 1, 0, 0, 0, 1)",8.0,11.0,13.0,13.0,9.450666666666667,11.4,13.937666666666667,14.418333333333333,0.0,5.854051791211654,6.601359911067645,9.706631506341047,3.0,4.0,57.0,6.0,0.062407310125703615,0.08452085729916656,0.04896010214419667,0.012576504882979194,3.0,5.0,5.0,1.9493333333333336,4.487,4.967666666666666,5.854051791211654,6.601359911067645,9.706631506341047,-6.474913778085877,-3.506090968577316,-7.858284551185015
19,3,0.8571428571428571,1.6582280766035322,-1.4640000000000004,"(1, 0, 0, 1, 0, 0, 0, 0, 0, 1, 1, 0, 1, 0, 0, 0, 1, 1, 1, 0, 1, 0, 0, 0, 1)",8.0,11.0,10.0,11.0,8.863666666666667,12.503,10.327666666666667,13.168666666666667,0.0,7.232739463612644,7.271993407137131,10.368679065925008,21.0,11.0,3.0,2.0,0.23997519487561325,0.020136672512314983,0.055351869136324304,0.09300389168915117,3.0,2.0,3.0,3.639333333333333,1.4640000000000004,4.305,7.232739463612644,7.271993407137131,10.368679065925008,-5.958686935868403,-9.630977736443,-10.054962874629929
19,4,1.1428571428571428,1.6582280766035322,-0.9986666666666668,"(1, 1, 0, 0, 0, 1, 0, 1, 0, 0, 0, 0, 0, 0, 0, 1, 1, 0, 0, 0, 0, 1, 0, 0, 1)",6.0,7.0,9.0,12.0,6.052,7.050666666666666,9.260333333333334,13.481666666666667,0.0,3.907955320509748,6.171455069829976,11.42635220745196,11.0,1.0,6.0,11.0,0.49851812218387787,0.06491767163848203,0.007157067038998767,0.027844917028033444,1.0,3.0,6.0,0.9986666666666668,3.208333333333334,7.429666666666668,3.907955320509748,6.171455069829976,11.42635220745196,-4.824264128746692,-4.913531657852946,-6.627416177085542
19,5,1.4285714285714284,1.6582280766035322,-1.0876666666666654,"(0, 1, 1, 1, 1, 0, 1, 1, 0, 0, 1, 0, 1, 1, 0, 1, 1, 0, 1, 1, 0, 1, 1, 1, 0)",10.0,11.0,12.0,14.0,10.173666666666668,11.261333333333333,13.534333333333333,16.283333333333335,0.0,4.710804868553756,6.21861323385294,9.535244422245869,75.0,18.0,2.0,9.0,0.23358081630467767,0.09555768975641118,0.05467513222937918,0.00028587609294808365,1.0,2.0,4.0,1.0876666666666654,3.360666666666665,6.1096666666666675,4.710804868553756,6.21861323385294,9.535244422245869,-6.007989491784009,-4.739127239140965,-5.680389212889944
19,6,1.7142857142857142,1.6582280766035322,-3.133333333333333,"(0, 1, 1, 0, 0, 1, 0, 0, 0, 1, 1, 0, 0, 0, 1, 0, 0, 0, 0, 0, 0, 0, 0, 1, 1)",4.0,8.0,7.0,10.0,4.1033333333333335,8.370666666666667,7.236666666666666,10.891333333333334,0.0,7.456148847422158,8.186220607659674,13.446433287504995,2.0,3.0,1.0,2.0,0.2871388118630688,0.08900665782235313,0.09729255403411333,0.030159525484228067,4.0,3.0,6.0,4.267333333333333,3.133333333333333,6.788,7.456148847422158,8.186220607659674,13.446433287504995,-5.287783416571016,-8.378839546200634,-11.041201023532341
19,7,2.0,1.6582280766035322,-1.0833333333333321,"(1, 0, 0, 0, 1, 1, 1, 1, 1, 1, 1, 0, 1, 0, 1, 1, 0, 0, 0, 0, 1, 1, 0, 0, 1)",8.0,10.0,11.0,13.0,9.295666666666667,10.379,12.276,14.462333333333333,0.0,6.089805761813657,7.352030548967861,10.123611380959412,6.0,3.0,3.0,10.0,0.20322979876373734,0.062010453621959324,0.010947821349578137,0.01786742361091049,2.0,3.0,5.0,1.0833333333333321,2.9803333333333324,5.166666666666666,6.089805761813657,7.352030548967861,10.123611380959412,-8.301873145647544,-7.249271065374661,-8.219744899411706
20,0,0.0,1.6582280766035322,-3.302666666666666,"(1, 1, 1, 0, 1, 1, 0, 0, 1, 1, 0, 1, 1, 0, 0, 0, 0, 1, 0, 0, 1, 0, 0, 0, 1)",7.0,10.0,10.0,12.0,7.566333333333334,10.885,10.869,12.550666666666666,0.0,8.6912892426585,8.390366908645976,12.6301613044187,4.0,6.0,4.0,8.0,0.19679721291825164,0.0006121172389036396,0.08279023727122119,0.058151260763288366,3.0,3.0,5.0,3.318666666666666,3.302666666666666,4.984333333333333,8.6912892426585,8.390366908645976,12.6301613044187,-8.909033600503655,-8.436567386592676,-12.678526610534375
20,1,0.2857142857142857,1.6582280766035322,-4.480000000000001,"(0, 0, 0, 1, 1, 1, 1, 0, 0, 0, 1, 0, 0, 1, 1, 0, 0, 0, 0, 1, 0, 1, 1, 0, 0)",6.0,10.0,10.0,12.0,6.225666666666666,10.705666666666668,11.126666666666667,14.011666666666667,0.0,6.861968878062298,9.209430242327885,12.352638411042696,3.0,10.0,6.0,11.0,0.29730956231780753,0.015108110394477525,0.004449454120188432,0.04040636981967853,4.0,4.0,6.0,4.480000000000001,4.901000000000001,7.7860000000000005,6.861968878062298,9.209430242327885,12.352638411042696,-3.949847671198715,-7.144359993915858,-7.572528028887139
20,2,0.5714285714285714,1.6582280766035322,-1.4640000000000004,"(1, 0, 0, 1, 0, 0, 0, 0, 0, 1, 1, 0, 1, 0, 0, 0, 1, 1, 1, 0, 1, 0, 0, 0, 1)",8.0,11.0,10.0,11.0,8.863666666666667,12.503,10.327666666666667,13.168666666666667,0.0,7.232739463612644,7.271993407137131,10.368679065925008,21.0,11.0,3.0,2.0,0.23997519487561325,0.020136672512314983,0.055351869136324304,0.09300389168915117,3.0,2.0,3.0,3.639333333333333,1.4640000000000004,4.305,7.232739463612644,7.271993407137131,10.368679065925008,-5.958686935868403,-9.630977736443,-10.054962874629929
20,3,0.8571428571428571,1.6582280766035322,-0.9986666666666668,"(1, 1, 0, 0, 0, 1, 0, 1, 0, 0, 0, 0, 0, 0, 0, 1, 1, 0, 0, 0, 0, 1, 0, 0, 1)",6.0,7.0,9.0,12.0,6.052,7.050666666666666,9.260333333333334,13.481666666666667,0.0,3.907955320509748,6.171455069829976,11.42635220745196,11.0,1.0,6.0,11.0,0.49851812218387787,0.06491767163848203,0.007157067038998767,0.027844917028033444,1.0,3.0,6.0,0.9986666666666668,3.208333333333334,7.429666666666668,3.907955320509748,6.171455069829976,11.42635220745196,-4.824264128746692,-4.913531657852946,-6.627416177085542
20,4,1.1428571428571428,1.6582280766035322,-1.9493333333333336,"(0, 0, 1, 0, 0, 1, 1, 0, 1, 1, 1, 0, 1, 1, 1, 0, 1, 0, 0, 0, 1, 0, 0, 0, 1)",8.0,11.0,13.0,13.0,9.450666666666667,11.4,13.937666666666667,14.418333333333333,0.0,5.854051791211654,6.601359911067645,9.706631506341047,3.0,4.0,57.0,6.0,0.062407310125703615,0.08452085729916656,0.04896010214419667,0.012576504882979194,3.0,5.0,5.0,1.9493333333333336,4.487,4.967666666666666,5.854051791211654,6.601359911067645,9.706631506341047,-6.474913778085877,-3.506090968577316,-7.858284551185015
20,5,1.4285714285714284,1.6582280766035322,-3.298666666666667,"(0, 0, 0, 0, 0, 1, 0, 0, 0, 1, 1, 0, 0, 0, 1, 0, 0, 0, 0, 0, 0, 0, 0, 1, 1)",3.0,6.0,6.0,10.0,3.046,6.344666666666667,7.028333333333333,11.155666666666667,0.0,6.688287911794484,6.775805504726338,14.586511152060938,2.0,1.0,1.0,28.0,0.3120338824755353,0.23851892214983364,0.040663854192876145,0.0011474649643022875,3.0,3.0,7.0,3.298666666666667,3.9823333333333335,8.109666666666667,6.688287911794484,6.775805504726338,14.586511152060938,-5.620765117722771,-4.632213985814515,-10.740085373475535
20,6,1.7142857142857142,1.6582280766035322,-1.0833333333333321,"(1, 0, 0, 0, 1, 1, 1, 1, 1, 1, 1, 0, 1, 0, 1, 1, 0, 0, 0, 0, 1, 1, 0, 0, 1)",8.0,10.0,11.0,13.0,9.295666666666667,10.379,12.276,14.462333333333333,0.0,6.089805761813657,7.352030548967861,10.123611380959412,6.0,3.0,3.0,10.0,0.20322979876373734,0.062010453621959324,0.010947821349578137,0.01786742361091049,2.0,3.0,5.0,1.0833333333333321,2.9803333333333324,5.166666666666666,6.089805761813657,7.352030548967861,10.123611380959412,-8.301873145647544,-7.249271065374661,-8.219744899411706
20,7,2.0,1.6582280766035322,-1.0876666666666654,"(0, 1, 1, 1, 1, 0, 1, 1, 0, 0, 1, 0, 1, 1, 0, 1, 1, 0, 1, 1, 0, 1, 1, 1, 0)",10.0,11.0,12.0,14.0,10.173666666666668,11.261333333333333,13.534333333333333,16.283333333333335,0.0,4.710804868553756,6.21861323385294,9.535244422245869,75.0,18.0,2.0,9.0,0.23358081630467767,0.09555768975641118,0.05467513222937918,0.00028587609294808365,1.0,2.0,4.0,1.0876666666666654,3.360666666666665,6.1096666666666675,4.710804868553756,6.21861323385294,9.535244422245869,-6.007989491784009,-4.739127239140965,-5.680389212889944
21,0,0.0,1.6582280766035322,-3.302666666666666,"(1, 1, 1, 0, 1, 1, 0, 0, 1, 1, 0, 1, 1, 0, 0, 0, 0, 1, 0, 0, 1, 0, 0, 0, 1)",7.0,10.0,10.0,12.0,7.566333333333334,10.885,10.869,12.550666666666666,0.0,8.6912892426585,8.390366908645976,12.6301613044187,4.0,6.0,4.0,8.0,0.19679721291825164,0.0006121172389036396,0.08279023727122119,0.058151260763288366,3.0,3.0,5.0,3.318666666666666,3.302666666666666,4.984333333333333,8.6912892426585,8.390366908645976,12.6301613044187,-8.909033600503655,-8.436567386592676,-12.678526610534375
21,1,0.2857142857142857,1.6582280766035322,-4.861666666666666,"(0, 0, 0, 1, 1, 1, 1, 0, 0, 0, 1, 0, 0, 1, 1, 0, 0, 0, 1, 0, 0, 1, 1, 0, 0)",5.0,9.0,9.0,12.0,5.093333333333334,9.955,10.766333333333334,12.713,0.0,9.314985671781903,9.627976221240818,14.372737915852134,1.0,2.0,2.0,6.0,0.3190207800719741,0.024131946638201982,0.0042070614007219545,0.0588712194778258,4.0,4.0,7.0,4.861666666666666,5.673,7.6196666666666655,9.314985671781903,9.627976221240818,14.372737915852134,-7.384618608354194,-6.558252612360867,-11.198132348703433
21,2,0.5714285714285714,1.6582280766035322,-1.4640000000000004,"(1, 0, 0, 1, 0, 0, 0, 0, 0, 1, 1, 0, 1, 0, 0, 0, 1, 1, 1, 0, 1, 0, 0, 0, 1)",8.0,11.0,10.0,11.0,8.863666666666667,12.503,10.327666666666667,13.168666666666667,0.0,7.232739463612644,7.271993407137131,10.368679065925008,21.0,11.0,3.0,2.0,0.23997519487561325,0.020136672512314983,0.055351869136324304,0.09300389168915117,3.0,2.0,3.0,3.639333333333333,1.4640000000000004,4.305,7.232739463612644,7.271993407137131,10.368679065925008,-5.958686935868403,-9.630977736443,-10.054962874629929
21,3,0.8571428571428571,1.6582280766035322,-1.0363333333333333,"(1, 1, 0, 0, 0, 1, 0, 1, 0, 0, 0, 0, 0, 0, 0, 1, 1, 0, 1, 0, 0, 1, 0, 1, 1)",7.0,8.0,10.0,12.0,7.042333333333334,8.078666666666667,10.642666666666667,13.248333333333333,0.0,5.2949433456719595,6.505357717810504,11.839647130788984,14.0,1.0,8.0,2.0,0.25772970817143454,0.08358278522351008,0.00026473021208408073,0.03240336120466138,1.0,3.0,5.0,1.0363333333333333,3.6003333333333334,6.2059999999999995,5.2949433456719595,6.505357717810504,11.839647130788984,-7.061746689764824,-4.81719299755794,-9.341871845951227
21,4,1.1428571428571428,1.6582280766035322,-1.9493333333333336,"(0, 0, 1, 0, 0, 1, 1, 0, 1, 1, 1, 0, 1, 1, 1, 0, 1, 0, 0, 0, 1, 0, 0, 0, 1)",8.0,11.0,13.0,13.0,9.450666666666667,11.4,13.937666666666667,14.418333333333333,0.0,5.854051791211654,6.601359911067645,9.706631506341047,3.0,4.0,57.0,6.0,0.062407310125703615,0.08452085729916656,0.04896010214419667,0.012576504882979194,3.0,5.0,5.0,1.9493333333333336,4.487,4.967666666666666,5.854051791211654,6.601359911067645,9.706631506341047,-6.474913778085877,-3.506090968577316,-7.858284551185015
21,5,1.4285714285714284,1.6582280766035322,-3.298666666666667,"(0, 0, 0, 0, 0, 1, 0, 0, 0, 1, 1, 0, 0, 0, 1, 0, 0, 0, 0, 0, 0, 0, 0, 1, 1)",3.0,6.0,6.0,10.0,3.046,6.344666666666667,7.028333333333333,11.155666666666667,0.0,6.688287911794484,6.775805504726338,14.586511152060938,2.0,1.0,1.0,28.0,0.3120338824755353,0.23851892214983364,0.040663854192876145,0.0011474649643022875,3.0,3.0,7.0,3.298666666666667,3.9823333333333335,8.109666666666667,6.688287911794484,6.775805504726338,14.586511152060938,-5.620765117722771,-4.632213985814515,-10.740085373475535
21,6,1.7142857142857142,1.6582280766035322,-1.0833333333333321,"(1, 0, 0, 0, 1, 1, 1, 1, 1, 1, 1, 0, 1, 0, 1, 1, 0, 0, 0, 0, 1, 1, 0, 0, 1)",8.0,10.0,11.0,13.0,9.295666666666667,10.379,12.276,14.462333333333333,0.0,6.089805761813657,7.352030548967861,10.123611380959412,6.0,3.0,3.0,10.0,0.20322979876373734,0.062010453621959324,0.010947821349578137,0.01786742361091049,2.0,3.0,5.0,1.0833333333333321,2.9803333333333324,5.166666666666666,6.089805761813657,7.352030548967861,10.123611380959412,-8.301873145647544,-7.249271065374661,-8.219744899411706
21,7,2.0,1.6582280766035322,-1.0876666666666654,"(0, 1, 1, 1, 1, 0, 1, 1, 0, 0, 1, 0, 1, 1, 0, 1, 1, 0, 1, 1, 0, 1, 1, 1, 0)",10.0,11.0,12.0,14.0,10.173666666666668,11.261333333333333,13.534333333333333,16.283333333333335,0.0,4.710804868553756,6.21861323385294,9.535244422245869,75.0,18.0,2.0,9.0,0.23358081630467767,0.09555768975641118,0.05467513222937918,0.00028587609294808365,1.0,2.0,4.0,1.0876666666666654,3.360666666666665,6.1096666666666675,4.710804868553756,6.21861323385294,9.535244422245869,-6.007989491784009,-4.739127239140965,-5.680389212889944
22,0,0.0,1.6582280766035322,-2.9669999999999996,"(1, 1, 1, 0, 1, 1, 0, 0, 1, 1, 1, 0, 1, 0, 0, 0, 0, 1, 0, 0, 1, 0, 0, 0, 1)",6.0,11.0,9.0,12.0,6.303333333333334,11.235666666666667,9.270333333333333,13.066,0.0,7.205949867797295,7.144024261514353,11.97773146767904,2.0,8.0,2.0,3.0,0.3856518855240917,0.023689460425083558,0.0672124298663273,0.06951179351035708,5.0,3.0,6.0,4.932333333333333,2.9669999999999996,6.762666666666667,7.205949867797295,7.144024261514353,11.97773146767904,-3.7701747728781636,-6.926458907097236,-8.64776687434553
22,1,0.2857142857142857,1.6582280766035322,-4.861666666666666,"(0, 0, 0, 1, 1, 1, 1, 0, 0, 0, 1, 0, 0, 1, 1, 0, 0, 0, 1, 0, 0, 1, 1, 0, 0)",5.0,9.0,9.0,12.0,5.093333333333334,9.955,10.766333333333334,12.713,0.0,9.314985671781903,9.627976221240818,14.372737915852134,1.0,2.0,2.0,6.0,0.3190207800719741,0.024131946638201982,0.0042070614007219545,0.0588712194778258,4.0,4.0,7.0,4.861666666666666,5.673,7.6196666666666655,9.314985671781903,9.627976221240818,14.372737915852134,-7.384618608354194,-6.558252612360867,-11.198132348703433
22,2,0.5714285714285714,1.6582280766035322,-1.4640000000000004,"(1, 0, 0, 1, 0, 0, 0, 0, 0, 1, 1, 0, 1, 0, 0, 0, 1, 1, 1, 0, 1, 0, 0, 0, 1)",8.0,11.0,10.0,11.0,8.863666666666667,12.503,10.327666666666667,13.168666666666667,0.0,7.232739463612644,7.271993407137131,10.368679065925008,21.0,11.0,3.0,2.0,0.23997519487561325,0.020136672512314983,0.055351869136324304,0.09300389168915117,3.0,2.0,3.0,3.639333333333333,1.4640000000000004,4.305,7.232739463612644,7.271993407137131,10.368679065925008,-5.958686935868403,-9.630977736443,-10.054962874629929
22,3,0.8571428571428571,1.6582280766035322,-1.0363333333333333,"(1, 1, 0, 0, 0, 1, 0, 1, 0, 0, 0, 0, 0, 0, 0, 1, 1, 0, 1, 0, 0, 1, 0, 1, 1)",7.0,8.0,10.0,12.0,7.042333333333334,8.078666666666667,10.642666666666667,13.248333333333333,0.0,5.2949433456719595,6.505357717810504,11.839647130788984,14.0,1.0,8.0,2.0,0.25772970817143454,0.08358278522351008,0.00026473021208408073,0.03240336120466138,1.0,3.0,5.0,1.0363333333333333,3.6003333333333334,6.2059999999999995,5.2949433456719595,6.505357717810504,11.839647130788984,-7.061746689764824,-4.81719299755794,-9.341871845951227
22,4,1.1428571428571428,1.6582280766035322,-1.9493333333333336,"(0, 0, 1, 0, 0, 1, 1, 0, 1, 1, 1, 0, 1, 1, 1, 0, 1, 0, 0, 0, 1, 0, 0, 0, 1)",8.0,11.0,13.0,13.0,9.450666666666667,11.4,13.937666666666667,14.418333333333333,0.0,5.854051791211654,6.601359911067645,9.706631506341047,3.0,4.0,57.0,6.0,0.062407310125703615,0.08452085729916656,0.04896010214419667,0.012576504882979194,3.0,5.0,5.0,1.9493333333333336,4.487,4.967666666666666,5.854051791211654,6.601359911067645,9.706631506341047,-6.474913778085877,-3.506090968577316,-7.858284551185015
22,5,1.4285714285714284,1.6582280766035322,-3.298666666666667,"(0, 0, 0, 0, 0, 1, 0, 0, 0, 1, 1, 0, 0, 0, 1, 0, 0, 0, 0, 0, 0, 0, 0, 1, 1)",3.0,6.0,6.0,10.0,3.046,6.344666666666667,7.028333333333333,11.155666666666667,0.0,6.688287911794484,6.775805504726338,14.586511152060938,2.0,1.0,1.0,28.0,0.3120338824755353,0.23851892214983364,0.040663854192876145,0.0011474649643022875,3.0,3.0,7.0,3.298666666666667,3.9823333333333335,8.109666666666667,6.688287911794484,6.775805504726338,14.586511152060938,-5.620765117722771,-4.632213985814515,-10.740085373475535
22,6,1.7142857142857142,1.6582280766035322,-1.0833333333333321,"(1, 0, 0, 0, 1, 1, 1, 1, 1, 1, 1, 0, 1, 0, 1, 1, 0, 0, 0, 0, 1, 1, 0, 0, 1)",8.0,10.0,11.0,13.0,9.295666666666667,10.379,12.276,14.462333333333333,0.0,6.089805761813657,7.352030548967861,10.123611380959412,6.0,3.0,3.0,10.0,0.20322979876373734,0.062010453621959324,0.010947821349578137,0.01786742361091049,2.0,3.0,5.0,1.0833333333333321,2.9803333333333324,5.166666666666666,6.089805761813657,7.352030548967861,10.123611380959412,-8.301873145647544,-7.249271065374661,-8.219744899411706
22,7,2.0,1.6582280766035322,-1.0876666666666654,"(0, 1, 1, 1, 1, 0, 1, 1, 0, 0, 1, 0, 1, 1, 0, 1, 1, 0, 1, 1, 0, 1, 1, 1, 0)",10.0,11.0,12.0,14.0,10.173666666666668,11.261333333333333,13.534333333333333,16.283333333333335,0.0,4.710804868553756,6.21861323385294,9.535244422245869,75.0,18.0,2.0,9.0,0.23358081630467767,0.09555768975641118,0.05467513222937918,0.00028587609294808365,1.0,2.0,4.0,1.0876666666666654,3.360666666666665,6.1096666666666675,4.710804868553756,6.21861323385294,9.535244422245869,-6.007989491784009,-4.739127239140965,-5.680389212889944
23,0,0.0,1.6582280766035322,-2.9669999999999996,"(1, 1, 1, 0, 1, 1, 0, 0, 1, 1, 1, 0, 1, 0, 0, 0, 0, 1, 0, 0, 1, 0, 0, 0, 1)",6.0,11.0,9.0,12.0,6.303333333333334,11.235666666666667,9.270333333333333,13.066,0.0,7.205949867797295,7.144024261514353,11.97773146767904,2.0,8.0,2.0,3.0,0.3856518855240917,0.023689460425083558,0.0672124298663273,0.06951179351035708,5.0,3.0,6.0,4.932333333333333,2.9669999999999996,6.762666666666667,7.205949867797295,7.144024261514353,11.97773146767904,-3.7701747728781636,-6.926458907097236,-8.64776687434553
23,1,0.2857142857142857,1.6582280766035322,-4.861666666666666,"(0, 0, 0, 1, 1, 1, 1, 0, 0, 0, 1, 0, 0, 1, 1, 0, 0, 0, 1, 0, 0, 1, 1, 0, 0)",5.0,9.0,9.0,12.0,5.093333333333334,9.955,10.766333333333334,12.713,0.0,9.314985671781903,9.627976221240818,14.372737915852134,1.0,2.0,2.0,6.0,0.3190207800719741,0.024131946638201982,0.0042070614007219545,0.0588712194778258,4.0,4.0,7.0,4.861666666666666,5.673,7.6196666666666655,9.314985671781903,9.627976221240818,14.372737915852134,-7.384618608354194,-6.558252612360867,-11.198132348703433
23,2,0.5714285714285714,1.6582280766035322,-1.4640000000000004,"(1, 0, 0, 1, 0, 0, 0, 0, 0, 1, 1, 0, 1, 0, 0, 0, 1, 1, 1, 0, 1, 0, 0, 0, 1)",8.0,11.0,10.0,11.0,8.863666666666667,12.503,10.327666666666667,13.168666666666667,0.0,7.232739463612644,7.271993407137131,10.368679065925008,21.0,11.0,3.0,2.0,0.23997519487561325,0.020136672512314983,0.055351869136324304,0.09300389168915117,3.0,2.0,3.0,3.639333333333333,1.4640000000000004,4.305,7.232739463612644,7.271993407137131,10.368679065925008,-5.958686935868403,-9.630977736443,-10.054962874629929
23,3,0.8571428571428571,1.6582280766035322,-2.5293333333333345,"(1, 1, 1, 0, 0, 1, 0, 1, 0, 0, 0, 0, 0, 0, 0, 1, 1, 0, 1, 0, 0, 1, 1, 1, 1)",7.0,11.0,10.0,12.0,7.616666666666666,11.788666666666666,10.146,13.489333333333333,0.0,6.683783058853046,5.544082901803437,10.647648302678942,3.0,23.0,3.0,1.0,0.2509240138095191,0.05107568560647149,0.08552512635792636,0.00325184023156863,4.0,3.0,5.0,4.172,2.5293333333333345,5.8726666666666665,6.683783058853046,5.544082901803437,10.647648302678942,-4.1651091905272235,-4.999142378365506,-7.918008614101823
23,4,1.1428571428571428,1.6582280766035322,-2.9513333333333334,"(0, 0, 1, 0, 0, 1, 1, 0, 1, 1, 0, 0, 1, 1, 0, 0, 1, 0, 0, 0, 1, 0, 0, 0, 1)",7.0,10.0,12.0,13.0,7.048666666666667,10.0,13.510333333333334,14.043,0.0,6.590691977108163,7.013844145122774,11.263928767348645,3.0,1.0,25.0,8.0,0.21495446808137406,0.037027230639145196,0.052388488909535603,0.0027511740871599597,3.0,5.0,6.0,2.9513333333333334,6.461666666666667,6.994333333333333,6.590691977108163,7.013844145122774,11.263928767348645,-6.0348866839371755,-0.9156361980440588,-7.079963024422435
23,5,1.4285714285714284,1.6582280766035322,-3.298666666666667,"(0, 0, 0, 0, 0, 1, 0, 0, 0, 1, 1, 0, 0, 0, 1, 0, 0, 0, 0, 0, 0, 0, 0, 1, 1)",3.0,6.0,6.0,10.0,3.046,6.344666666666667,7.028333333333333,11.155666666666667,0.0,6.688287911794484,6.775805504726338,14.586511152060938,2.0,1.0,1.0,28.0,0.3120338824755353,0.23851892214983364,0.040663854192876145,0.0011474649643022875,3.0,3.0,7.0,3.298666666666667,3.9823333333333335,8.109666666666667,6.688287911794484,6.775805504726338,14.586511152060938,-5.620765117722771,-4.632213985814515,-10.740085373475535
23,6,1.7142857142857142,1.6582280766035322,-1.0833333333333321,"(1, 0, 0, 0, 1, 1, 1, 1, 1, 1, 1, 0, 1, 0, 1, 1, 0, 0, 0, 0, 1, 1, 0, 0, 1)",8.0,10.0,11.0,13.0,9.295666666666667,10.379,12.276,14.462333333333333,0.0,6.089805761813657,7.352030548967861,10.123611380959412,6.0,3.0,3.0,10.0,0.20322979876373734,0.062010453621959324,0.010947821349578137,0.01786742361091049,2.0,3.0,5.0,1.0833333333333321,2.9803333333333324,5.166666666666666,6.089805761813657,7.352030548967861,10.123611380959412,-8.301873145647544,-7.249271065374661,-8.219744899411706
23,7,2.0,1.6582280766035322,-1.0876666666666654,"(0, 1, 1, 1, 1, 0, 1, 1, 0, 0, 1, 0, 1, 1, 0, 1, 1, 0, 1, 1, 0, 1, 1, 1, 0)",10.0,11.0,12.0,14.0,10.173666666666668,11.261333333333333,13.534333333333333,16.283333333333335,0.0,4.710804868553756,6.21861323385294,9.535244422245869,75.0,18.0,2.0,9.0,0.23358081630467767,0.09555768975641118,0.05467513222937918,0.00028587609294808365,1.0,2.0,4.0,1.0876666666666654,3.360666666666665,6.1096666666666675,4.710804868553756,6.21861323385294,9.535244422245869,-6.007989491784009,-4.739127239140965,-5.680389212889944
24,0,0.0,1.6582280766035322,-3.603999999999999,"(1, 1, 1, 0, 1, 0, 0, 0, 1, 1, 0, 0, 1, 0, 0, 0, 0, 1, 0, 0, 1, 0, 0, 0, 1)",5.0,9.0,8.0,12.0,5.061333333333334,9.737,8.665333333333333,12.55,0.0,8.733924128983618,8.849088068903734,13.30088692427022,2.0,4.0,2.0,2.0,0.18112463354694772,0.1760946945878947,0.0551804778954885,0.005734196076150174,4.0,3.0,7.0,4.675666666666666,3.603999999999999,7.488666666666667,8.733924128983618,8.849088068903734,13.30088692427022,-6.729516466099771,-8.697552300114376,-9.637986818562025
24,1,0.2857142857142857,1.6582280766035322,-4.456999999999999,"(0, 0, 0, 1, 1, 1, 1, 0, 0, 0, 0, 0, 0, 1, 0, 0, 0, 0, 1, 0, 0, 1, 1, 0, 0)",4.0,8.0,9.0,11.0,4.061333333333334,8.518333333333333,9.476,11.869,0.0,9.054892597966639,10.120451535235661,14.952104381061,1.0,2.0,7.0,5.0,0.35449082301876994,0.015303213781209146,0.03007712622129933,0.02677882130932401,4.0,5.0,7.0,4.456999999999999,5.414666666666667,7.807666666666666,9.054892597966639,10.120451535235661,14.952104381061,-7.624354599155839,-7.803264591517169,-11.847107209553853
24,2,0.5714285714285714,1.6582280766035322,-1.4640000000000004,"(1, 0, 0, 1, 0, 0, 0, 0, 0, 1, 1, 0, 1, 0, 0, 0, 1, 1, 1, 0, 1, 0, 0, 0, 1)",8.0,11.0,10.0,11.0,8.863666666666667,12.503,10.327666666666667,13.168666666666667,0.0,7.232739463612644,7.271993407137131,10.368679065925008,21.0,11.0,3.0,2.0,0.23997519487561325,0.020136672512314983,0.055351869136324304,0.09300389168915117,3.0,2.0,3.0,3.639333333333333,1.4640000000000004,4.305,7.232739463612644,7.271993407137131,10.368679065925008,-5.958686935868403,-9.630977736443,-10.054962874629929
24,3,0.8571428571428571,1.6582280766035322,-2.5293333333333345,"(1, 1, 1, 0, 0, 1, 0, 1, 0, 0, 0, 0, 0, 0, 0, 1, 1, 0, 1, 0, 0, 1, 1, 1, 1)",7.0,11.0,10.0,12.0,7.616666666666666,11.788666666666666,10.146,13.489333333333333,0.0,6.683783058853046,5.544082901803437,10.647648302678942,3.0,23.0,3.0,1.0,0.2509240138095191,0.05107568560647149,0.08552512635792636,0.00325184023156863,4.0,3.0,5.0,4.172,2.5293333333333345,5.8726666666666665,6.683783058853046,5.544082901803437,10.647648302678942,-4.1651091905272235,-4.999142378365506,-7.918008614101823
24,4,1.1428571428571428,1.6582280766035322,-2.9513333333333334,"(0, 0, 1, 0, 0, 1, 1, 0, 1, 1, 0, 0, 1, 1, 0, 0, 1, 0, 0, 0, 1, 0, 0, 0, 1)",7.0,10.0,12.0,13.0,7.048666666666667,10.0,13.510333333333334,14.043,0.0,6.590691977108163,7.013844145122774,11.263928767348645,3.0,1.0,25.0,8.0,0.21495446808137406,0.037027230639145196,0.052388488909535603,0.0027511740871599597,3.0,5.0,6.0,2.9513333333333334,6.461666666666667,6.994333333333333,6.590691977108163,7.013844145122774,11.263928767348645,-6.0348866839371755,-0.9156361980440588,-7.079963024422435
24,5,1.4285714285714284,1.6582280766035322,-1.9933333333333332,"(0, 0, 0, 0, 0, 1, 1, 0, 0, 1, 1, 1, 0, 0, 1, 0, 0, 0, 0, 0, 0, 0, 0, 1, 1)",4.0,7.0,6.0,10.0,4.0473333333333334,7.0456666666666665,6.040666666666667,10.727,0.0,8.056657720607717,6.621802178300886,13.238666521884774,3.0,1.0,1.0,12.0,0.36779130519022013,0.00036433542755422464,0.06274274289524757,0.062196335929878284,3.0,2.0,6.0,2.998333333333333,1.9933333333333332,6.679666666666667,8.056657720607717,6.621802178300886,13.238666521884774,-8.387855519546742,-7.675056990409917,-10.876317714361168
24,6,1.7142857142857142,1.6582280766035322,-1.0833333333333321,"(1, 0, 0, 0, 1, 1, 1, 1, 1, 1, 1, 0, 1, 0, 1, 1, 0, 0, 0, 0, 1, 1, 0, 0, 1)",8.0,10.0,11.0,13.0,9.295666666666667,10.379,12.276,14.462333333333333,0.0,6.089805761813657,7.352030548967861,10.123611380959412,6.0,3.0,3.0,10.0,0.20322979876373734,0.062010453621959324,0.010947821349578137,0.01786742361091049,2.0,3.0,5.0,1.0833333333333321,2.9803333333333324,5.166666666666666,6.089805761813657,7.352030548967861,10.123611380959412,-8.301873145647544,-7.249271065374661,-8.219744899411706
24,7,2.0,1.6582280766035322,-1.0876666666666654,"(0, 1, 1, 1, 1, 0, 1, 1, 0, 0, 1, 0, 1, 1, 0, 1, 1, 0, 1, 1, 0, 1, 1, 1, 0)",10.0,11.0,12.0,14.0,10.173666666666668,11.261333333333333,13.534333333333333,16.283333333333335,0.0,4.710804868553756,6.21861323385294,9.535244422245869,75.0,18.0,2.0,9.0,0.23358081630467767,0.09555768975641118,0.05467513222937918,0.00028587609294808365,1.0,2.0,4.0,1.0876666666666654,3.360666666666665,6.1096666666666675,4.710804868553756,6.21861323385294,9.535244422245869,-6.007989491784009,-4.739127239140965,-5.680389212889944
25,0,0.0,1.6582280766035322,-4.350333333333333,"(0, 0, 1, 0, 1, 0, 0, 0, 1, 1, 0, 0, 1, 0, 0, 0, 0, 1, 0, 0, 1, 0, 0, 0, 1)",5.0,8.0,8.0,11.0,5.0,9.568666666666667,9.350333333333333,11.746666666666666,0.0,8.403632733258805,6.562520524562308,12.875247414140702,3.0,1.0,2.0,6.0,0.2562322789376432,0.12031285649818059,0.06168219017736553,0.00044747150085229525,3.0,3.0,6.0,4.568666666666667,4.350333333333333,6.746666666666666,8.403632733258805,6.562520524562308,12.875247414140702,-6.359248404444894,-3.6683109111985934,-10.16258466519331
25,1,0.2857142857142857,1.6582280766035322,-4.456999999999999,"(0, 0, 0, 1, 1, 1, 1, 0, 0, 0, 0, 0, 0, 1, 0, 0, 0, 0, 1, 0, 0, 1, 1, 0, 0)",4.0,8.0,9.0,11.0,4.061333333333334,8.518333333333333,9.476,11.869,0.0,9.054892597966639,10.120451535235661,14.952104381061,1.0,2.0,7.0,5.0,0.35449082301876994,0.015303213781209146,0.03007712622129933,0.02677882130932401,4.0,5.0,7.0,4.456999999999999,5.414666666666667,7.807666666666666,9.054892597966639,10.120451535235661,14.952104381061,-7.624354599155839,-7.803264591517169,-11.847107209553853
25,2,0.5714285714285714,1.6582280766035322,-1.4640000000000004,"(1, 0, 0, 1, 0, 0, 0, 0, 0, 1, 1, 0, 1, 0, 0, 0, 1, 1, 1, 0, 1, 0, 0, 0, 1)",8.0,11.0,10.0,11.0,8.863666666666667,12.503,10.327666666666667,13.168666666666667,0.0,7.232739463612644,7.271993407137131,10.368679065925008,21.0,11.0,3.0,2.0,0.23997519487561325,0.020136672512314983,0.055351869136324304,0.09300389168915117,3.0,2.0,3.0,3.639333333333333,1.4640000000000004,4.305,7.232739463612644,7.271993407137131,10.368679065925008,-5.958686935868403,-9.630977736443,-10.054962874629929
25,3,0.8571428571428571,1.6582280766035322,-2.769,"(0, 1, 1, 0, 1, 1, 0, 1, 0, 0, 0, 0, 0, 0, 0, 1, 1, 0, 1, 0, 0, 1, 1, 1, 1)",7.0,9.0,9.0,12.0,7.01,9.779,10.974,14.424,0.0,6.308857690732985,7.179390581437026,10.819661828491949,4.0,1.0,1.0,4.0,0.24453894780868324,0.0021667650714694703,0.12638421379957307,0.0009791094651978732,2.0,2.0,5.0,2.769,3.9640000000000004,7.414,6.308857690732985,7.179390581437026,10.819661828491949,-5.869891409954379,-5.331850939385433,-5.647364063422273
25,4,1.1428571428571428,1.6582280766035322,-2.9513333333333334,"(0, 0, 1, 0, 0, 1, 1, 0, 1, 1, 0, 0, 1, 1, 0, 0, 1, 0, 0, 0, 1, 0, 0, 0, 1)",7.0,10.0,12.0,13.0,7.048666666666667,10.0,13.510333333333334,14.043,0.0,6.590691977108163,7.013844145122774,11.263928767348645,3.0,1.0,25.0,8.0,0.21495446808137406,0.037027230639145196,0.052388488909535603,0.0027511740871599597,3.0,5.0,6.0,2.9513333333333334,6.461666666666667,6.994333333333333,6.590691977108163,7.013844145122774,11.263928767348645,-6.0348866839371755,-0.9156361980440588,-7.079963024422435
25,5,1.4285714285714284,1.6582280766035322,-1.9933333333333332,"(0, 0, 0, 0, 0, 1, 1, 0, 0, 1, 1, 1, 0, 0, 1, 0, 0, 0, 0, 0, 0, 0, 0, 1, 1)",4.0,7.0,6.0,10.0,4.0473333333333334,7.0456666666666665,6.040666666666667,10.727,0.0,8.056657720607717,6.621802178300886,13.238666521884774,3.0,1.0,1.0,12.0,0.36779130519022013,0.00036433542755422464,0.06274274289524757,0.062196335929878284,3.0,2.0,6.0,2.998333333333333,1.9933333333333332,6.679666666666667,8.056657720607717,6.621802178300886,13.238666521884774,-8.387855519546742,-7.675056990409917,-10.876317714361168
25,6,1.7142857142857142,1.6582280766035322,-2.158333333333334,"(1, 0, 0, 0, 1, 0, 0, 1, 1, 1, 1, 0, 1, 0, 1, 1, 0, 0, 0, 0, 1, 1, 0, 0, 1)",7.0,9.0,11.0,12.0,7.024,9.182333333333334,11.487666666666666,13.113333333333333,0.0,6.122417580653528,6.850306007256852,10.865161764438309,7.0,3.0,33.0,9.0,0.17120894776777534,0.06254060525979274,0.05904278543100691,0.057791956912678126,2.0,4.0,5.0,2.158333333333334,4.463666666666666,6.089333333333333,6.122417580653528,6.850306007256852,10.865161764438309,-6.573355796928126,-3.9575923632931866,-7.919412793499668
25,7,2.0,1.6582280766035322,-1.0876666666666654,"(0, 1, 1, 1, 1, 0, 1, 1, 0, 0, 1, 0, 1, 1, 0, 1, 1, 0, 1, 1, 0, 1, 1, 1, 0)",10.0,11.0,12.0,14.0,10.173666666666668,11.261333333333333,13.534333333333333,16.283333333333335,0.0,4.710804868553756,6.21861323385294,9.535244422245869,75.0,18.0,2.0,9.0,0.23358081630467767,0.09555768975641118,0.05467513222937918,0.00028587609294808365,1.0,2.0,4.0,1.0876666666666654,3.360666666666665,6.1096666666666675,4.710804868553756,6.21861323385294,9.535244422245869,-6.007989491784009,-4.739127239140965,-5.680389212889944
26,0,0.0,1.6582280766035322,-4.350333333333333,"(0, 0, 1, 0, 1, 0, 0, 0, 1, 1, 0, 0, 1, 0, 0, 0, 0, 1, 0, 0, 1, 0, 0, 0, 1)",5.0,8.0,8.0,11.0,5.0,9.568666666666667,9.350333333333333,11.746666666666666,0.0,8.403632733258805,6.562520524562308,12.875247414140702,3.0,1.0,2.0,6.0,0.2562322789376432,0.12031285649818059,0.06168219017736553,0.00044747150085229525,3.0,3.0,6.0,4.568666666666667,4.350333333333333,6.746666666666666,8.403632733258805,6.562520524562308,12.875247414140702,-6.359248404444894,-3.6683109111985934,-10.16258466519331
26,1,0.2857142857142857,1.6582280766035322,-4.456999999999999,"(0, 0, 0, 1, 1, 1, 1, 0, 0, 0, 0, 0, 0, 1, 0, 0, 0, 0, 1, 0, 0, 1, 1, 0, 0)",4.0,8.0,9.0,11.0,4.061333333333334,8.518333333333333,9.476,11.869,0.0,9.054892597966639,10.120451535235661,14.952104381061,1.0,2.0,7.0,5.0,0.35449082301876994,0.015303213781209146,0.03007712622129933,0.02677882130932401,4.0,5.0,7.0,4.456999999999999,5.414666666666667,7.807666666666666,9.054892597966639,10.120451535235661,14.952104381061,-7.624354599155839,-7.803264591517169,-11.847107209553853
26,2,0.5714285714285714,1.6582280766035322,-1.4640000000000004,"(1, 0, 0, 1, 0, 0, 0, 0, 0, 1, 1, 0, 1, 0, 0, 0, 1, 1, 1, 0, 1, 0, 0, 0, 1)",8.0,11.0,10.0,11.0,8.863666666666667,12.503,10.327666666666667,13.168666666666667,0.0,7.232739463612644,7.271993407137131,10.368679065925008,21.0,11.0,3.0,2.0,0.23997519487561325,0.020136672512314983,0.055351869136324304,0.09300389168915117,3.0,2.0,3.0,3.639333333333333,1.4640000000000004,4.305,7.232739463612644,7.271993407137131,10.368679065925008,-5.958686935868403,-9.630977736443,-10.054962874629929
26,3,0.8571428571428571,1.6582280766035322,-2.769,"(0, 1, 1, 0, 1, 1, 0, 1, 0, 0, 0, 0, 0, 0, 0, 1, 1, 0, 1, 0, 0, 1, 1, 1, 1)",7.0,9.0,9.0,12.0,7.01,9.779,10.974,14.424,0.0,6.308857690732985,7.179390581437026,10.819661828491949,4.0,1.0,1.0,4.0,0.24453894780868324,0.0021667650714694703,0.12638421379957307,0.0009791094651978732,2.0,2.0,5.0,2.769,3.9640000000000004,7.414,6.308857690732985,7.179390581437026,10.819661828491949,-5.869891409954379,-5.331850939385433,-5.647364063422273
26,4,1.1428571428571428,1.6582280766035322,-3.05,"(0, 0, 1, 0, 0, 1, 1, 0, 0, 1, 0, 0, 1, 0, 0, 0, 1, 0, 0, 0, 1, 0, 0, 0, 1)",6.0,9.0,9.0,11.0,6.101333333333334,9.151333333333334,9.468333333333334,11.957333333333333,0.0,6.366084984132215,7.85674911359496,11.226351476657168,5.0,5.0,2.0,8.0,0.11733933511242632,0.07364722695706344,0.006633560151911461,0.055184916188146665,3.0,3.0,5.0,3.05,3.367,5.855999999999999,6.366084984132215,7.85674911359496,11.226351476657168,-5.498825225091418,-7.445028037068984,-8.905267599822157
26,5,1.4285714285714284,1.6582280766035322,-2.018,"(0, 0, 0, 0, 0, 1, 1, 0, 0, 1, 1, 1, 0, 0, 1, 1, 0, 0, 0, 1, 0, 0, 0, 1, 1)",5.0,7.0,7.0,11.0,5.012666666666667,7.467,7.030666666666667,11.429,0.0,5.880869024161614,6.273776954534617,13.108283733172719,4.0,1.0,1.0,23.0,0.2480169542324813,0.12287533139040153,0.1253271369471678,0.005188309386334334,2.0,2.0,6.0,2.4543333333333326,2.018,6.416333333333333,5.880869024161614,6.273776954534617,13.108283733172719,-5.681977688015536,-7.057048833771577,-11.096780040251904
26,6,1.7142857142857142,1.6582280766035322,-2.184,"(1, 0, 0, 0, 1, 0, 0, 0, 1, 1, 1, 0, 0, 0, 1, 1, 0, 0, 0, 0, 1, 1, 0, 0, 1)",6.0,8.0,9.0,11.0,6.041333333333333,8.225333333333333,9.582666666666666,12.083666666666666,0.0,5.763954732382862,7.659373910588123,11.538116779815038,7.0,3.0,4.0,2.0,0.18223338661990576,0.1253639928558146,0.1187306285914853,0.03532357339044155,2.0,3.0,5.0,2.184,3.541333333333333,6.042333333333333,5.763954732382862,7.659373910588123,11.538116779815038,-5.936381450206945,-6.828650505796509,-9.11326241388889
26,7,2.0,1.6582280766035322,-1.0876666666666654,"(0, 1, 1, 1, 1, 0, 1, 1, 0, 0, 1, 0, 1, 1, 0, 1, 1, 0, 1, 1, 0, 1, 1, 1, 0)",10.0,11.0,12.0,14.0,10.173666666666668,11.261333333333333,13.534333333333333,16.283333333333335,0.0,4.710804868553756,6.21861323385294,9.535244422245869,75.0,18.0,2.0,9.0,0.23358081630467767,0.09555768975641118,0.05467513222937918,0.00028587609294808365,1.0,2.0,4.0,1.0876666666666654,3.360666666666665,6.1096666666666675,4.710804868553756,6.21861323385294,9.535244422245869,-6.007989491784009,-4.739127239140965,-5.680389212889944
27,0,0.0,1.6582280766035322,-4.350333333333333,"(0, 0, 1, 0, 1, 0, 0, 0, 1, 1, 0, 0, 1, 0, 0, 0, 0, 1, 0, 0, 1, 0, 0, 0, 1)",5.0,8.0,8.0,11.0,5.0,9.568666666666667,9.350333333333333,11.746666666666666,0.0,8.403632733258805,6.562520524562308,12.875247414140702,3.0,1.0,2.0,6.0,0.2562322789376432,0.12031285649818059,0.06168219017736553,0.00044747150085229525,3.0,3.0,6.0,4.568666666666667,4.350333333333333,6.746666666666666,8.403632733258805,6.562520524562308,12.875247414140702,-6.359248404444894,-3.6683109111985934,-10.16258466519331
27,1,0.2857142857142857,1.6582280766035322,-4.455666666666666,"(1, 0, 0, 1, 1, 0, 1, 0, 0, 0, 0, 0, 0, 1, 0, 0, 0, 0, 1, 0, 0, 1, 1, 0, 0)",5.0,9.0,9.0,11.0,5.109333333333334,9.565,9.646,11.798333333333334,0.0,8.230587421087023,8.755435032088448,13.0365285193468,2.0,3.0,5.0,3.0,0.26953557753771457,0.03959736774372311,0.026070359832771842,0.003586759609818663,4.0,4.0,6.0,4.455666666666666,4.536666666666667,6.689,8.230587421087023,8.755435032088448,13.0365285193468,-6.259679581933224,-6.995680152229187,-10.525650007822511
27,2,0.5714285714285714,1.6582280766035322,-1.4640000000000004,"(1, 0, 0, 1, 0, 0, 0, 0, 0, 1, 1, 0, 1, 0, 0, 0, 1, 1, 1, 0, 1, 0, 0, 0, 1)",8.0,11.0,10.0,11.0,8.863666666666667,12.503,10.327666666666667,13.168666666666667,0.0,7.232739463612644,7.271993407137131,10.368679065925008,21.0,11.0,3.0,2.0,0.23997519487561325,0.020136672512314983,0.055351869136324304,0.09300389168915117,3.0,2.0,3.0,3.639333333333333,1.4640000000000004,4.305,7.232739463612644,7.271993407137131,10.368679065925008,-5.958686935868403,-9.630977736443,-10.054962874629929
27,3,0.8571428571428571,1.6582280766035322,-2.769,"(0, 1, 1, 0, 1, 1, 0, 1, 0, 0, 0, 0, 0, 0, 0, 1, 1, 0, 1, 0, 0, 1, 1, 1, 1)",7.0,9.0,9.0,12.0,7.01,9.779,10.974,14.424,0.0,6.308857690732985,7.179390581437026,10.819661828491949,4.0,1.0,1.0,4.0,0.24453894780868324,0.0021667650714694703,0.12638421379957307,0.0009791094651978732,2.0,2.0,5.0,2.769,3.9640000000000004,7.414,6.308857690732985,7.179390581437026,10.819661828491949,-5.869891409954379,-5.331850939385433,-5.647364063422273
27,4,1.1428571428571428,1.6582280766035322,-3.05,"(0, 0, 1, 0, 0, 1, 1, 0, 0, 1, 0, 0, 1, 0, 0, 0, 1, 0, 0, 0, 1, 0, 0, 0, 1)",6.0,9.0,9.0,11.0,6.101333333333334,9.151333333333334,9.468333333333334,11.957333333333333,0.0,6.366084984132215,7.85674911359496,11.226351476657168,5.0,5.0,2.0,8.0,0.11733933511242632,0.07364722695706344,0.006633560151911461,0.055184916188146665,3.0,3.0,5.0,3.05,3.367,5.855999999999999,6.366084984132215,7.85674911359496,11.226351476657168,-5.498825225091418,-7.445028037068984,-8.905267599822157
27,5,1.4285714285714284,1.6582280766035322,-2.018,"(0, 0, 0, 0, 0, 1, 1, 0, 0, 1, 1, 1, 0, 0, 1, 1, 0, 0, 0, 1, 0, 0, 0, 1, 1)",5.0,7.0,7.0,11.0,5.012666666666667,7.467,7.030666666666667,11.429,0.0,5.880869024161614,6.273776954534617,13.108283733172719,4.0,1.0,1.0,23.0,0.2480169542324813,0.12287533139040153,0.1253271369471678,0.005188309386334334,2.0,2.0,6.0,2.4543333333333326,2.018,6.416333333333333,5.880869024161614,6.273776954534617,13.108283733172719,-5.681977688015536,-7.057048833771577,-11.096780040251904
27,6,1.7142857142857142,1.6582280766035322,-2.184,"(1, 0, 0, 0, 1, 0, 0, 0, 1, 1, 1, 0, 0, 0, 1, 1, 0, 0, 0, 0, 1, 1, 0, 0, 1)",6.0,8.0,9.0,11.0,6.041333333333333,8.225333333333333,9.582666666666666,12.083666666666666,0.0,5.763954732382862,7.659373910588123,11.538116779815038,7.0,3.0,4.0,2.0,0.18223338661990576,0.1253639928558146,0.1187306285914853,0.03532357339044155,2.0,3.0,5.0,2.184,3.541333333333333,6.042333333333333,5.763954732382862,7.659373910588123,11.538116779815038,-5.936381450206945,-6.828650505796509,-9.11326241388889
27,7,2.0,1.6582280766035322,-1.0876666666666654,"(0, 1, 1, 1, 1, 0, 1, 1, 0, 0, 1, 0, 1, 1, 0, 1, 1, 0, 1, 1, 0, 1, 1, 1, 0)",10.0,11.0,12.0,14.0,10.173666666666668,11.261333333333333,13.534333333333333,16.283333333333335,0.0,4.710804868553756,6.21861323385294,9.535244422245869,75.0,18.0,2.0,9.0,0.23358081630467767,0.09555768975641118,0.05467513222937918,0.00028587609294808365,1.0,2.0,4.0,1.0876666666666654,3.360666666666665,6.1096666666666675,4.710804868553756,6.21861323385294,9.535244422245869,-6.007989491784009,-4.739127239140965,-5.680389212889944
28,0,0.0,1.6582280766035322,-4.153666666666667,"(0, 0, 1, 1, 1, 0, 0, 0, 0, 1, 0, 0, 1, 0, 0, 0, 0, 1, 0, 0, 1, 0, 0, 0, 1)",4.0,8.0,8.0,11.0,4.008,8.231666666666667,8.161666666666667,12.088666666666667,0.0,9.472812135161746,10.553258275607387,14.716893940772996,1.0,2.0,2.0,18.0,0.35916262378112235,0.18122364889411333,0.06587591270266153,0.014309241945212506,4.0,4.0,7.0,4.223666666666667,4.153666666666667,8.080666666666666,9.472812135161746,10.553258275607387,14.716893940772996,-8.704280394034742,-10.611982484741874,-11.004378388645241
28,1,0.2857142857142857,1.6582280766035322,-4.455666666666666,"(1, 0, 0, 1, 1, 0, 1, 0, 0, 0, 0, 0, 0, 1, 0, 0, 0, 0, 1, 0, 0, 1, 1, 0, 0)",5.0,9.0,9.0,11.0,5.109333333333334,9.565,9.646,11.798333333333334,0.0,8.230587421087023,8.755435032088448,13.0365285193468,2.0,3.0,5.0,3.0,0.26953557753771457,0.03959736774372311,0.026070359832771842,0.003586759609818663,4.0,4.0,6.0,4.455666666666666,4.536666666666667,6.689,8.230587421087023,8.755435032088448,13.0365285193468,-6.259679581933224,-6.995680152229187,-10.525650007822511
28,2,0.5714285714285714,1.6582280766035322,-1.4640000000000004,"(1, 0, 0, 1, 0, 0, 0, 0, 0, 1, 1, 0, 1, 0, 0, 0, 1, 1, 1, 0, 1, 0, 0, 0, 1)",8.0,11.0,10.0,11.0,8.863666666666667,12.503,10.327666666666667,13.168666666666667,0.0,7.232739463612644,7.271993407137131,10.368679065925008,21.0,11.0,3.0,2.0,0.23997519487561325,0.020136672512314983,0.055351869136324304,0.09300389168915117,3.0,2.0,3.0,3.639333333333333,1.4640000000000004,4.305,7.232739463612644,7.271993407137131,10.368679065925008,-5.958686935868403,-9.630977736443,-10.054962874629929
28,3,0.8571428571428571,1.6582280766035322,-2.769,"(0, 1, 1, 0, 1, 1, 0, 1, 0, 0, 0, 0, 0, 0, 0, 1, 1, 0, 1, 0, 0, 1, 1, 1, 1)",7.0,9.0,9.0,12.0,7.01,9.779,10.974,14.424,0.0,6.308857690732985,7.179390581437026,10.819661828491949,4.0,1.0,1.0,4.0,0.24453894780868324,0.0021667650714694703,0.12638421379957307,0.0009791094651978732,2.0,2.0,5.0,2.769,3.9640000000000004,7.414,6.308857690732985,7.179390581437026,10.819661828491949,-5.869891409954379,-5.331850939385433,-5.647364063422273
28,4,1.1428571428571428,1.6582280766035322,-3.05,"(0, 0, 1, 0, 0, 1, 1, 0, 0, 1, 0, 0, 1, 0, 0, 0, 1, 0, 0, 0, 1, 0, 0, 0, 1)",6.0,9.0,9.0,11.0,6.101333333333334,9.151333333333334,9.468333333333334,11.957333333333333,0.0,6.366084984132215,7.85674911359496,11.226351476657168,5.0,5.0,2.0,8.0,0.11733933511242632,0.07364722695706344,0.006633560151911461,0.055184916188146665,3.0,3.0,5.0,3.05,3.367,5.855999999999999,6.366084984132215,7.85674911359496,11.226351476657168,-5.498825225091418,-7.445028037068984,-8.905267599822157
28,5,1.4285714285714284,1.6582280766035322,-2.018,"(0, 0, 0, 0, 0, 1, 1, 0, 0, 1, 1, 1, 0, 0, 1, 1, 0, 0, 0, 1, 0, 0, 0, 1, 1)",5.0,7.0,7.0,11.0,5.012666666666667,7.467,7.030666666666667,11.429,0.0,5.880869024161614,6.273776954534617,13.108283733172719,4.0,1.0,1.0,23.0,0.2480169542324813,0.12287533139040153,0.1253271369471678,0.005188309386334334,2.0,2.0,6.0,2.4543333333333326,2.018,6.416333333333333,5.880869024161614,6.273776954534617,13.108283733172719,-5.681977688015536,-7.057048833771577,-11.096780040251904
28,6,1.7142857142857142,1.6582280766035322,-2.184,"(1, 0, 0, 0, 1, 0, 0, 0, 1, 1, 1, 0, 0, 0, 1, 1, 0, 0, 0, 0, 1, 1, 0, 0, 1)",6.0,8.0,9.0,11.0,6.041333333333333,8.225333333333333,9.582666666666666,12.083666666666666,0.0,5.763954732382862,7.659373910588123,11.538116779815038,7.0,3.0,4.0,2.0,0.18223338661990576,0.1253639928558146,0.1187306285914853,0.03532357339044155,2.0,3.0,5.0,2.184,3.541333333333333,6.042333333333333,5.763954732382862,7.659373910588123,11.538116779815038,-5.936381450206945,-6.828650505796509,-9.11326241388889
28,7,2.0,1.6582280766035322,-1.0876666666666654,"(0, 1, 1, 1, 1, 0, 1, 1, 0, 0, 1, 0, 1, 1, 0, 1, 1, 0, 1, 1, 0, 1, 1, 1, 0)",10.0,11.0,12.0,14.0,10.173666666666668,11.261333333333333,13.534333333333333,16.283333333333335,0.0,4.710804868553756,6.21861323385294,9.535244422245869,75.0,18.0,2.0,9.0,0.23358081630467767,0.09555768975641118,0.05467513222937918,0.00028587609294808365,1.0,2.0,4.0,1.0876666666666654,3.360666666666665,6.1096666666666675,4.710804868553756,6.21861323385294,9.535244422245869,-6.007989491784009,-4.739127239140965,-5.680389212889944
29,0,0.0,1.6582280766035322,-4.153666666666667,"(0, 0, 1, 1, 1, 0, 0, 0, 0, 1, 0, 0, 1, 0, 0, 0, 0, 1, 0, 0, 1, 0, 0, 0, 1)",4.0,8.0,8.0,11.0,4.008,8.231666666666667,8.161666666666667,12.088666666666667,0.0,9.472812135161746,10.553258275607387,14.716893940772996,1.0,2.0,2.0,18.0,0.35916262378112235,0.18122364889411333,0.06587591270266153,0.014309241945212506,4.0,4.0,7.0,4.223666666666667,4.153666666666667,8.080666666666666,9.472812135161746,10.553258275607387,14.716893940772996,-8.704280394034742,-10.611982484741874,-11.004378388645241
29,1,0.2857142857142857,1.6582280766035322,-4.154999999999999,"(1, 0, 0, 1, 1, 1, 1, 0, 0, 1, 0, 0, 0, 1, 0, 0, 0, 0, 1, 0, 0, 1, 1, 0, 0)",6.0,10.0,10.0,12.0,6.139333333333333,10.294333333333332,10.427,13.243666666666666,0.0,8.472108340444327,8.131535930644572,12.892152128143856,4.0,4.0,11.0,6.0,0.4147700430163594,0.0030512926726204135,0.0008001511709539451,0.002336259785174151,4.0,4.0,6.0,4.154999999999999,4.2876666666666665,7.104333333333333,8.472108340444327,8.131535930644572,12.892152128143856,-7.158750259864065,-6.374011936321518,-9.597523627848426
29,2,0.5714285714285714,1.6582280766035322,-1.4640000000000004,"(1, 0, 0, 1, 0, 0, 0, 0, 0, 1, 1, 0, 1, 0, 0, 0, 1, 1, 1, 0, 1, 0, 0, 0, 1)",8.0,11.0,10.0,11.0,8.863666666666667,12.503,10.327666666666667,13.168666666666667,0.0,7.232739463612644,7.271993407137131,10.368679065925008,21.0,11.0,3.0,2.0,0.23997519487561325,0.020136672512314983,0.055351869136324304,0.09300389168915117,3.0,2.0,3.0,3.639333333333333,1.4640000000000004,4.305,7.232739463612644,7.271993407137131,10.368679065925008,-5.958686935868403,-9.630977736443,-10.054962874629929
29,3,0.8571428571428571,1.6582280766035322,-4.192666666666667,"(0, 1, 1, 0, 1, 1, 0, 1, 0, 0, 0, 0, 0, 0, 0, 0, 1, 0, 1, 1, 0, 1, 1, 1, 1)",7.0,10.0,10.0,13.0,7.378333333333333,11.571,11.746666666666666,14.983666666666666,0.0,7.053733742743293,6.822042430928966,11.034531337706953,3.0,3.0,2.0,7.0,0.1863877359669314,0.0006451182317179958,0.0542151546220189,0.05506391212601789,3.0,3.0,6.0,4.192666666666667,4.368333333333333,7.605333333333333,7.053733742743293,6.822042430928966,11.034531337706953,-4.744301754596235,-4.068809317450595,-5.686392411085139
29,4,1.1428571428571428,1.6582280766035322,-3.05,"(0, 0, 1, 0, 0, 1, 1, 0, 0, 1, 0, 0, 1, 0, 0, 0, 1, 0, 0, 0, 1, 0, 0, 0, 1)",6.0,9.0,9.0,11.0,6.101333333333334,9.151333333333334,9.468333333333334,11.957333333333333,0.0,6.366084984132215,7.85674911359496,11.226351476657168,5.0,5.0,2.0,8.0,0.11733933511242632,0.07364722695706344,0.006633560151911461,0.055184916188146665,3.0,3.0,5.0,3.05,3.367,5.855999999999999,6.366084984132215,7.85674911359496,11.226351476657168,-5.498825225091418,-7.445028037068984,-8.905267599822157
29,5,1.4285714285714284,1.6582280766035322,-2.018,"(0, 0, 0, 0, 0, 1, 1, 0, 0, 1, 1, 1, 0, 0, 1, 1, 0, 0, 0, 1, 0, 0, 0, 1, 1)",5.0,7.0,7.0,11.0,5.012666666666667,7.467,7.030666666666667,11.429,0.0,5.880869024161614,6.273776954534617,13.108283733172719,4.0,1.0,1.0,23.0,0.2480169542324813,0.12287533139040153,0.1253271369471678,0.005188309386334334,2.0,2.0,6.0,2.4543333333333326,2.018,6.416333333333333,5.880869024161614,6.273776954534617,13.108283733172719,-5.681977688015536,-7.057048833771577,-11.096780040251904
29,6,1.7142857142857142,1.6582280766035322,-2.184,"(1, 0, 0, 0, 1, 0, 0, 0, 1, 1, 1, 0, 0, 0, 1, 1, 0, 0, 0, 0, 1, 1, 0, 0, 1)",6.0,8.0,9.0,11.0,6.041333333333333,8.225333333333333,9.582666666666666,12.083666666666666,0.0,5.763954732382862,7.659373910588123,11.538116779815038,7.0,3.0,4.0,2.0,0.18223338661990576,0.1253639928558146,0.1187306285914853,0.03532357339044155,2.0,3.0,5.0,2.184,3.541333333333333,6.042333333333333,5.763954732382862,7.659373910588123,11.538116779815038,-5.936381450206945,-6.828650505796509,-9.11326241388889
29,7,2.0,1.6582280766035322,-1.0876666666666654,"(0, 1, 1, 1, 1, 0, 1, 1, 0, 0, 1, 0, 1, 1, 0, 1, 1, 0, 1, 1, 0, 1, 1, 1, 0)",10.0,11.0,12.0,14.0,10.173666666666668,11.261333333333333,13.534333333333333,16.283333333333335,0.0,4.710804868553756,6.21861323385294,9.535244422245869,75.0,18.0,2.0,9.0,0.23358081630467767,0.09555768975641118,0.05467513222937918,0.00028587609294808365,1.0,2.0,4.0,1.0876666666666654,3.360666666666665,6.1096666666666675,4.710804868553756,6.21861323385294,9.535244422245869,-6.007989491784009,-4.739127239140965,-5.680389212889944
30,0,0.0,1.6582280766035322,-4.154999999999999,"(1, 0, 0, 1, 1, 1, 1, 0, 0, 1, 0, 0, 0, 1, 0, 0, 0, 0, 1, 0, 0, 1, 1, 0, 0)",6.0,10.0,10.0,12.0,6.139333333333333,10.294333333333332,10.427,13.243666666666666,0.0,8.472108340444327,8.131535930644572,12.892152128143856,4.0,4.0,11.0,6.0,0.4147700430163594,0.0030512926726204135,0.0008001511709539451,0.002336259785174151,4.0,4.0,6.0,4.154999999999999,4.2876666666666665,7.104333333333333,8.472108340444327,8.131535930644572,12.892152128143856,-7.158750259864065,-6.374011936321518,-9.597523627848426
30,1,0.2857142857142857,1.6582280766035322,-4.153666666666667,"(0, 0, 1, 1, 1, 0, 0, 0, 0, 1, 0, 0, 1, 0, 0, 0, 0, 1, 0, 0, 1, 0, 0, 0, 1)",4.0,8.0,8.0,11.0,4.008,8.231666666666667,8.161666666666667,12.088666666666667,0.0,9.472812135161746,10.553258275607387,14.716893940772996,1.0,2.0,2.0,18.0,0.35916262378112235,0.18122364889411333,0.06587591270266153,0.014309241945212506,4.0,4.0,7.0,4.223666666666667,4.153666666666667,8.080666666666666,9.472812135161746,10.553258275607387,14.716893940772996,-8.704280394034742,-10.611982484741874,-11.004378388645241
30,2,0.5714285714285714,1.6582280766035322,-3.2590000000000003,"(0, 1, 1, 0, 1, 1, 0, 1, 0, 0, 0, 0, 1, 1, 0, 0, 1, 0, 1, 1, 0, 1, 1, 1, 1)",8.0,11.0,11.0,13.0,8.099,11.358,11.624666666666666,14.247,0.0,6.345836176841244,6.489447940653314,9.719372225396285,3.0,13.0,2.0,2.0,0.15995344728223518,0.0686709628636984,0.04857858500054854,0.005571134987606691,3.0,3.0,5.0,3.2590000000000003,3.525666666666666,6.148,6.345836176841244,6.489447940653314,9.719372225396285,-5.1186784163136565,-4.914625321436445,-5.922149696154158
30,3,0.8571428571428571,1.6582280766035322,-3.05,"(0, 0, 1, 0, 0, 1, 1, 0, 0, 1, 0, 0, 1, 0, 0, 0, 1, 0, 0, 0, 1, 0, 0, 0, 1)",6.0,9.0,9.0,11.0,6.101333333333334,9.151333333333334,9.468333333333334,11.957333333333333,0.0,6.366084984132215,7.85674911359496,11.226351476657168,5.0,5.0,2.0,8.0,0.11733933511242632,0.07364722695706344,0.006633560151911461,0.055184916188146665,3.0,3.0,5.0,3.05,3.367,5.855999999999999,6.366084984132215,7.85674911359496,11.226351476657168,-5.498825225091418,-7.445028037068984,-8.905267599822157
30,4,1.1428571428571428,1.6582280766035322,-2.0823333333333327,"(0, 0, 0, 0, 0, 1, 1, 0, 0, 1, 1, 1, 0, 1, 0, 1, 0, 0, 0, 1, 0, 0, 0, 1, 1)",6.0,9.0,8.0,11.0,6.0,9.151,8.082333333333333,11.504666666666667,0.0,7.779991578404623,5.487021431211868,12.037584288866226,8.0,2.0,2.0,4.0,0.1861398445163842,0.07493687149062273,0.07228072212693411,0.08149209717393426,3.0,2.0,5.0,3.151,2.0823333333333327,5.504666666666667,7.779991578404623,5.487021431211868,12.037584288866226,-7.675923801671846,-5.645749395980062,-10.833067423269295
30,5,1.4285714285714284,1.6582280766035322,-2.184,"(1, 0, 0, 0, 1, 0, 0, 0, 1, 1, 1, 0, 0, 0, 1, 1, 0, 0, 0, 0, 1, 1, 0, 0, 1)",6.0,8.0,9.0,11.0,6.041333333333333,8.225333333333333,9.582666666666666,12.083666666666666,0.0,5.763954732382862,7.659373910588123,11.538116779815038,7.0,3.0,4.0,2.0,0.18223338661990576,0.1253639928558146,0.1187306285914853,0.03532357339044155,2.0,3.0,5.0,2.184,3.541333333333333,6.042333333333333,5.763954732382862,7.659373910588123,11.538116779815038,-5.936381450206945,-6.828650505796509,-9.11326241388889
30,6,1.7142857142857142,1.6582280766035322,-1.0876666666666654,"(0, 1, 1, 1, 1, 0, 1, 1, 0, 0, 1, 0, 1, 1, 0, 1, 1, 0, 1, 1, 0, 1, 1, 1, 0)",10.0,11.0,12.0,14.0,10.173666666666668,11.261333333333333,13.534333333333333,16.283333333333335,0.0,4.710804868553756,6.21861323385294,9.535244422245869,75.0,18.0,2.0,9.0,0.23358081630467767,0.09555768975641118,0.05467513222937918,0.00028587609294808365,1.0,2.0,4.0,1.0876666666666654,3.360666666666665,6.1096666666666675,4.710804868553756,6.21861323385294,9.535244422245869,-6.007989491784009,-4.739127239140965,-5.680389212889944
30,7,2.0,1.6582280766035322,-1.4640000000000004,"(1, 0, 0, 1, 0, 0, 0, 0, 0, 1, 1, 0, 1, 0, 0, 0, 1, 1, 1, 0, 1, 0, 0, 0, 1)",8.0,11.0,10.0,11.0,8.863666666666667,12.503,10.327666666666667,13.168666666666667,0.0,7.232739463612644,7.271993407137131,10.368679065925008,21.0,11.0,3.0,2.0,0.23997519487561325,0.020136672512314983,0.055351869136324304,0.09300389168915117,3.0,2.0,3.0,3.639333333333333,1.4640000000000004,4.305,7.232739463612644,7.271993407137131,10.368679065925008,-5.958686935868403,-9.630977736443,-10.054962874629929
31,0,0.0,1.6582280766035322,-3.793333333333333,"(1, 0, 0, 1, 1, 1, 1, 0, 0, 1, 0, 0, 0, 1, 0, 0, 0, 0, 1, 0, 1, 1, 1, 0, 1)",7.0,11.0,10.0,13.0,7.071,11.794,10.864333333333333,14.738333333333333,0.0,8.389869440222997,7.83309172636875,11.383367250755114,7.0,18.0,6.0,1.0,0.2573456395906976,0.030978044668505015,0.006427388589582939,0.00037592944668442865,4.0,3.0,6.0,4.723000000000001,3.793333333333333,7.667333333333334,8.389869440222997,7.83309172636875,11.383367250755114,-6.08050585901725,-6.698840790026095,-6.162031775479808
31,1,0.2857142857142857,1.6582280766035322,-3.9846666666666666,"(0, 1, 0, 1, 1, 0, 0, 0, 0, 1, 0, 0, 1, 0, 0, 0, 0, 1, 0, 0, 1, 0, 0, 0, 1)",5.0,9.0,9.0,12.0,5.415333333333334,9.4,9.432,13.292666666666667,0.0,8.05885947899832,8.14136553818755,13.055432319420085,1.0,2.0,6.0,9.0,0.2987811106769617,0.06243853500886061,0.00011196335374868819,4.0846699004193484e-05,4.0,4.0,7.0,3.9846666666666666,4.016666666666667,7.8773333333333335,8.05885947899832,8.14136553818755,13.055432319420085,-6.755940910904654,-6.8396914762908345,-8.586469122161335
31,2,0.5714285714285714,1.6582280766035322,-3.2590000000000003,"(0, 1, 1, 0, 1, 1, 0, 1, 0, 0, 0, 0, 1, 1, 0, 0, 1, 0, 1, 1, 0, 1, 1, 1, 1)",8.0,11.0,11.0,13.0,8.099,11.358,11.624666666666666,14.247,0.0,6.345836176841244,6.489447940653314,9.719372225396285,3.0,13.0,2.0,2.0,0.15995344728223518,0.0686709628636984,0.04857858500054854,0.005571134987606691,3.0,3.0,5.0,3.2590000000000003,3.525666666666666,6.148,6.345836176841244,6.489447940653314,9.719372225396285,-5.1186784163136565,-4.914625321436445,-5.922149696154158
31,3,0.8571428571428571,1.6582280766035322,-3.05,"(0, 0, 1, 0, 0, 1, 1, 0, 0, 1, 0, 0, 1, 0, 0, 0, 1, 0, 0, 0, 1, 0, 0, 0, 1)",6.0,9.0,9.0,11.0,6.101333333333334,9.151333333333334,9.468333333333334,11.957333333333333,0.0,6.366084984132215,7.85674911359496,11.226351476657168,5.0,5.0,2.0,8.0,0.11733933511242632,0.07364722695706344,0.006633560151911461,0.055184916188146665,3.0,3.0,5.0,3.05,3.367,5.855999999999999,6.366084984132215,7.85674911359496,11.226351476657168,-5.498825225091418,-7.445028037068984,-8.905267599822157
31,4,1.1428571428571428,1.6582280766035322,-3.1279999999999992,"(0, 0, 0, 0, 0, 1, 1, 1, 0, 1, 1, 1, 1, 1, 0, 1, 0, 0, 0, 1, 0, 0, 0, 1, 1)",6.0,9.0,11.0,12.0,6.903333333333333,10.031333333333333,11.281333333333333,12.742333333333333,0.0,8.160094303074965,9.202189313060048,13.224479459451613,1.0,1.0,30.0,3.0,0.2866229984419669,0.009436195503246859,0.08997285881901937,0.07628455720338627,3.0,5.0,6.0,3.1279999999999992,4.377999999999999,5.8389999999999995,8.160094303074965,9.202189313060048,13.224479459451613,-8.344360057475592,-7.999606165766879,-12.246809398841345
31,5,1.4285714285714284,1.6582280766035322,-2.219333333333333,"(1, 0, 0, 0, 1, 0, 0, 0, 1, 1, 1, 0, 0, 0, 1, 1, 1, 1, 0, 0, 1, 1, 0, 0, 1)",7.0,9.0,10.0,12.0,7.067,9.286333333333333,11.493666666666666,14.091,0.0,5.726709087306705,9.010406023622647,11.29817117713051,9.0,4.0,6.0,2.0,0.3068408995679533,0.03336377773603922,0.00045230507561461994,0.04883031327729614,2.0,3.0,5.0,2.219333333333333,4.426666666666666,7.023999999999999,5.726709087306705,9.010406023622647,11.29817117713051,-5.816028950437127,-7.600885297537028,-7.0875506501273815
31,6,1.7142857142857142,1.6582280766035322,-1.0876666666666654,"(0, 1, 1, 1, 1, 0, 1, 1, 0, 0, 1, 0, 1, 1, 0, 1, 1, 0, 1, 1, 0, 1, 1, 1, 0)",10.0,11.0,12.0,14.0,10.173666666666668,11.261333333333333,13.534333333333333,16.283333333333335,0.0,4.710804868553756,6.21861323385294,9.535244422245869,75.0,18.0,2.0,9.0,0.23358081630467767,0.09555768975641118,0.05467513222937918,0.00028587609294808365,1.0,2.0,4.0,1.0876666666666654,3.360666666666665,6.1096666666666675,4.710804868553756,6.21861323385294,9.535244422245869,-6.007989491784009,-4.739127239140965,-5.680389212889944
31,7,2.0,1.6582280766035322,-1.4640000000000004,"(1, 0, 0, 1, 0, 0, 0, 0, 0, 1, 1, 0, 1, 0, 0, 0, 1, 1, 1, 0, 1, 0, 0, 0, 1)",8.0,11.0,10.0,11.0,8.863666666666667,12.503,10.327666666666667,13.168666666666667,0.0,7.232739463612644,7.271993407137131,10.368679065925008,21.0,11.0,3.0,2.0,0.23997519487561325,0.020136672512314983,0.055351869136324304,0.09300389168915117,3.0,2.0,3.0,3.639333333333333,1.4640000000000004,4.305,7.232739463612644,7.271993407137131,10.368679065925008,-5.958686935868403,-9.630977736443,-10.054962874629929
32,0,0.0,1.6582280766035322,-3.113666666666666,"(0, 0, 0, 1, 1, 0, 1, 0, 0, 1, 0, 0, 0, 1, 0, 0, 0, 0, 1, 0, 1, 1, 1, 0, 1)",6.0,9.0,10.0,12.0,6.078,9.191666666666666,10.413333333333334,13.924,0.0,6.65525232355726,8.600952661996422,12.282080806383213,1.0,1.0,2.0,2.0,0.14393574293637473,0.0627807120059654,0.04522115369781241,0.0001465473839886669,3.0,4.0,6.0,3.113666666666666,4.335333333333334,7.845999999999999,6.65525232355726,8.600952661996422,12.282080806383213,-5.872756771952346,-7.073369734891843,-7.356033743226683
32,1,0.2857142857142857,1.6582280766035322,-3.9846666666666666,"(0, 1, 0, 1, 1, 0, 0, 0, 0, 1, 0, 0, 1, 0, 0, 0, 0, 1, 0, 0, 1, 0, 0, 0, 1)",5.0,9.0,9.0,12.0,5.415333333333334,9.4,9.432,13.292666666666667,0.0,8.05885947899832,8.14136553818755,13.055432319420085,1.0,2.0,6.0,9.0,0.2987811106769617,0.06243853500886061,0.00011196335374868819,4.0846699004193484e-05,4.0,4.0,7.0,3.9846666666666666,4.016666666666667,7.8773333333333335,8.05885947899832,8.14136553818755,13.055432319420085,-6.755940910904654,-6.8396914762908345,-8.586469122161335
32,2,0.5714285714285714,1.6582280766035322,-2.9793333333333347,"(0, 1, 1, 0, 1, 1, 0, 1, 0, 0, 0, 0, 1, 1, 0, 0, 0, 0, 1, 1, 0, 0, 1, 1, 1)",7.0,11.0,10.0,12.0,8.328,11.307333333333334,11.798666666666668,13.428,0.0,6.431059887600464,7.67197644397031,10.15399380427407,3.0,3.0,2.0,4.0,0.1902154663123306,0.062024024689909155,0.04363006776675514,0.0027966631622762693,4.0,3.0,5.0,2.9793333333333347,3.470666666666668,5.100000000000001,6.431059887600464,7.67197644397031,10.15399380427407,-5.723749885043719,-6.966729831233833,-8.380674425227557
32,3,0.8571428571428571,1.6582280766035322,-3.05,"(0, 0, 1, 0, 0, 1, 1, 0, 0, 1, 0, 0, 1, 0, 0, 0, 1, 0, 0, 0, 1, 0, 0, 0, 1)",6.0,9.0,9.0,11.0,6.101333333333334,9.151333333333334,9.468333333333334,11.957333333333333,0.0,6.366084984132215,7.85674911359496,11.226351476657168,5.0,5.0,2.0,8.0,0.11733933511242632,0.07364722695706344,0.006633560151911461,0.055184916188146665,3.0,3.0,5.0,3.05,3.367,5.855999999999999,6.366084984132215,7.85674911359496,11.226351476657168,-5.498825225091418,-7.445028037068984,-8.905267599822157
32,4,1.1428571428571428,1.6582280766035322,-3.072333333333333,"(0, 0, 0, 0, 0, 1, 1, 1, 0, 1, 1, 1, 1, 1, 0, 1, 0, 0, 0, 1, 0, 0, 0, 0, 0)",5.0,8.0,10.0,12.0,5.0,8.072333333333333,11.381666666666666,13.088333333333333,0.0,7.322366691153064,8.26275704577313,12.531690193803062,1.0,1.0,11.0,13.0,0.3037869243330816,0.06971464735453368,0.03897862100984343,0.013700435536356165,3.0,5.0,7.0,3.072333333333333,6.381666666666666,8.088333333333333,7.322366691153064,8.26275704577313,12.531690193803062,-7.047524640438264,-3.119276881263121,-7.368099100399828
32,5,1.4285714285714284,1.6582280766035322,-2.219333333333333,"(1, 0, 0, 0, 1, 0, 0, 0, 1, 1, 1, 0, 0, 0, 1, 1, 1, 1, 0, 0, 1, 1, 0, 0, 1)",7.0,9.0,10.0,12.0,7.067,9.286333333333333,11.493666666666666,14.091,0.0,5.726709087306705,9.010406023622647,11.29817117713051,9.0,4.0,6.0,2.0,0.3068408995679533,0.03336377773603922,0.00045230507561461994,0.04883031327729614,2.0,3.0,5.0,2.219333333333333,4.426666666666666,7.023999999999999,5.726709087306705,9.010406023622647,11.29817117713051,-5.816028950437127,-7.600885297537028,-7.0875506501273815
32,6,1.7142857142857142,1.6582280766035322,-1.0876666666666654,"(0, 1, 1, 1, 1, 0, 1, 1, 0, 0, 1, 0, 1, 1, 0, 1, 1, 0, 1, 1, 0, 1, 1, 1, 0)",10.0,11.0,12.0,14.0,10.173666666666668,11.261333333333333,13.534333333333333,16.283333333333335,0.0,4.710804868553756,6.21861323385294,9.535244422245869,75.0,18.0,2.0,9.0,0.23358081630467767,0.09555768975641118,0.05467513222937918,0.00028587609294808365,1.0,2.0,4.0,1.0876666666666654,3.360666666666665,6.1096666666666675,4.710804868553756,6.21861323385294,9.535244422245869,-6.007989491784009,-4.739127239140965,-5.680389212889944
32,7,2.0,1.6582280766035322,-1.4640000000000004,"(1, 0, 0, 1, 0, 0, 0, 0, 0, 1, 1, 0, 1, 0, 0, 0, 1, 1, 1, 0, 1, 0, 0, 0, 1)",8.0,11.0,10.0,11.0,8.863666666666667,12.503,10.327666666666667,13.168666666666667,0.0,7.232739463612644,7.271993407137131,10.368679065925008,21.0,11.0,3.0,2.0,0.23997519487561325,0.020136672512314983,0.055351869136324304,0.09300389168915117,3.0,2.0,3.0,3.639333333333333,1.4640000000000004,4.305,7.232739463612644,7.271993407137131,10.368679065925008,-5.958686935868403,-9.630977736443,-10.054962874629929
33,0,0.0,1.6582280766035322,-3.113666666666666,"(0, 0, 0, 1, 1, 0, 1, 0, 0, 1, 0, 0, 0, 1, 0, 0, 0, 0, 1, 0, 1, 1, 1, 0, 1)",6.0,9.0,10.0,12.0,6.078,9.191666666666666,10.413333333333334,13.924,0.0,6.65525232355726,8.600952661996422,12.282080806383213,1.0,1.0,2.0,2.0,0.14393574293637473,0.0627807120059654,0.04522115369781241,0.0001465473839886669,3.0,4.0,6.0,3.113666666666666,4.335333333333334,7.845999999999999,6.65525232355726,8.600952661996422,12.282080806383213,-5.872756771952346,-7.073369734891843,-7.356033743226683
33,1,0.2857142857142857,1.6582280766035322,-4.071000000000001,"(0, 1, 0, 1, 1, 1, 0, 0, 0, 0, 0, 0, 1, 0, 0, 0, 0, 1, 0, 0, 1, 0, 0, 0, 1)",5.0,9.0,9.0,12.0,5.082333333333334,9.153333333333334,10.118333333333334,12.562,0.0,8.361845385728394,7.894427740446673,12.18115920316548,2.0,5.0,4.0,23.0,0.40596999647891047,0.05360813572368466,0.05543509657741781,0.014755637485056304,4.0,4.0,7.0,4.071000000000001,5.0360000000000005,7.479666666666666,8.361845385728394,7.894427740446673,12.18115920316548,-7.115200290979534,-4.739925134151067,-7.79614692596429
33,2,0.5714285714285714,1.6582280766035322,-2.9793333333333347,"(0, 1, 1, 0, 1, 1, 0, 1, 0, 0, 0, 0, 1, 1, 0, 0, 0, 0, 1, 1, 0, 0, 1, 1, 1)",7.0,11.0,10.0,12.0,8.328,11.307333333333334,11.798666666666668,13.428,0.0,6.431059887600464,7.67197644397031,10.15399380427407,3.0,3.0,2.0,4.0,0.1902154663123306,0.062024024689909155,0.04363006776675514,0.0027966631622762693,4.0,3.0,5.0,2.9793333333333347,3.470666666666668,5.100000000000001,6.431059887600464,7.67197644397031,10.15399380427407,-5.723749885043719,-6.966729831233833,-8.380674425227557
33,3,0.8571428571428571,1.6582280766035322,-3.05,"(0, 0, 1, 0, 0, 1, 1, 0, 0, 1, 0, 0, 1, 0, 0, 0, 1, 0, 0, 0, 1, 0, 0, 0, 1)",6.0,9.0,9.0,11.0,6.101333333333334,9.151333333333334,9.468333333333334,11.957333333333333,0.0,6.366084984132215,7.85674911359496,11.226351476657168,5.0,5.0,2.0,8.0,0.11733933511242632,0.07364722695706344,0.006633560151911461,0.055184916188146665,3.0,3.0,5.0,3.05,3.367,5.855999999999999,6.366084984132215,7.85674911359496,11.226351476657168,-5.498825225091418,-7.445028037068984,-8.905267599822157
33,4,1.1428571428571428,1.6582280766035322,-3.072333333333333,"(0, 0, 0, 0, 0, 1, 1, 1, 0, 1, 1, 1, 1, 1, 0, 1, 0, 0, 0, 1, 0, 0, 0, 0, 0)",5.0,8.0,10.0,12.0,5.0,8.072333333333333,11.381666666666666,13.088333333333333,0.0,7.322366691153064,8.26275704577313,12.531690193803062,1.0,1.0,11.0,13.0,0.3037869243330816,0.06971464735453368,0.03897862100984343,0.013700435536356165,3.0,5.0,7.0,3.072333333333333,6.381666666666666,8.088333333333333,7.322366691153064,8.26275704577313,12.531690193803062,-7.047524640438264,-3.119276881263121,-7.368099100399828
33,5,1.4285714285714284,1.6582280766035322,-2.219333333333333,"(1, 0, 0, 0, 1, 0, 0, 0, 1, 1, 1, 0, 0, 0, 1, 1, 1, 1, 0, 0, 1, 1, 0, 0, 1)",7.0,9.0,10.0,12.0,7.067,9.286333333333333,11.493666666666666,14.091,0.0,5.726709087306705,9.010406023622647,11.29817117713051,9.0,4.0,6.0,2.0,0.3068408995679533,0.03336377773603922,0.00045230507561461994,0.04883031327729614,2.0,3.0,5.0,2.219333333333333,4.426666666666666,7.023999999999999,5.726709087306705,9.010406023622647,11.29817117713051,-5.816028950437127,-7.600885297537028,-7.0875506501273815
33,6,1.7142857142857142,1.6582280766035322,-1.0876666666666654,"(0, 1, 1, 1, 1, 0, 1, 1, 0, 0, 1, 0, 1, 1, 0, 1, 1, 0, 1, 1, 0, 1, 1, 1, 0)",10.0,11.0,12.0,14.0,10.173666666666668,11.261333333333333,13.534333333333333,16.283333333333335,0.0,4.710804868553756,6.21861323385294,9.535244422245869,75.0,18.0,2.0,9.0,0.23358081630467767,0.09555768975641118,0.05467513222937918,0.00028587609294808365,1.0,2.0,4.0,1.0876666666666654,3.360666666666665,6.1096666666666675,4.710804868553756,6.21861323385294,9.535244422245869,-6.007989491784009,-4.739127239140965,-5.680389212889944
33,7,2.0,1.6582280766035322,-1.4640000000000004,"(1, 0, 0, 1, 0, 0, 0, 0, 0, 1, 1, 0, 1, 0, 0, 0, 1, 1, 1, 0, 1, 0, 0, 0, 1)",8.0,11.0,10.0,11.0,8.863666666666667,12.503,10.327666666666667,13.168666666666667,0.0,7.232739463612644,7.271993407137131,10.368679065925008,21.0,11.0,3.0,2.0,0.23997519487561325,0.020136672512314983,0.055351869136324304,0.09300389168915117,3.0,2.0,3.0,3.639333333333333,1.4640000000000004,4.305,7.232739463612644,7.271993407137131,10.368679065925008,-5.958686935868403,-9.630977736443,-10.054962874629929
34,0,0.0,1.6582280766035322,-3.113666666666666,"(0, 0, 0, 1, 1, 0, 1, 0, 0, 1, 0, 0, 0, 1, 0, 0, 0, 0, 1, 0, 1, 1, 1, 0, 1)",6.0,9.0,10.0,12.0,6.078,9.191666666666666,10.413333333333334,13.924,0.0,6.65525232355726,8.600952661996422,12.282080806383213,1.0,1.0,2.0,2.0,0.14393574293637473,0.0627807120059654,0.04522115369781241,0.0001465473839886669,3.0,4.0,6.0,3.113666666666666,4.335333333333334,7.845999999999999,6.65525232355726,8.600952661996422,12.282080806383213,-5.872756771952346,-7.073369734891843,-7.356033743226683
34,1,0.2857142857142857,1.6582280766035322,-3.097666666666666,"(0, 1, 0, 1, 1, 1, 0, 0, 0, 0, 0, 1, 1, 0, 0, 0, 1, 1, 0, 0, 1, 0, 0, 0, 1)",6.0,9.0,10.0,12.0,6.179333333333333,9.277,10.361666666666666,13.130666666666666,0.0,7.7798441803533676,8.833500724983661,12.076027543108818,4.0,4.0,8.0,21.0,0.2943370372532669,0.08817155352861128,0.0063869203013871825,0.03659525042946424,3.0,4.0,6.0,3.097666666666666,4.182333333333333,6.951333333333333,7.7798441803533676,8.833500724983661,12.076027543108818,-7.764118212837007,-7.712696357817392,-8.49791182265726
34,2,0.5714285714285714,1.6582280766035322,-4.326666666666666,"(1, 1, 1, 0, 1, 0, 0, 1, 0, 0, 0, 0, 1, 1, 0, 0, 0, 0, 1, 1, 0, 0, 1, 1, 1)",6.0,10.0,11.0,12.0,6.331333333333333,10.658,11.170666666666667,13.178333333333333,0.0,8.58874626087698,8.555756734530771,12.35064853735077,1.0,8.0,17.0,7.0,0.22133131872842884,0.06260519142430432,0.08779191476394985,0.004089801817008052,4.0,5.0,6.0,4.326666666666666,4.839333333333334,6.8469999999999995,8.58874626087698,8.555756734530771,12.35064853735077,-7.06750004783853,-6.162677628411983,-9.12630452839301
34,3,0.8571428571428571,1.6582280766035322,-3.05,"(0, 0, 1, 0, 0, 1, 1, 0, 0, 1, 0, 0, 1, 0, 0, 0, 1, 0, 0, 0, 1, 0, 0, 0, 1)",6.0,9.0,9.0,11.0,6.101333333333334,9.151333333333334,9.468333333333334,11.957333333333333,0.0,6.366084984132215,7.85674911359496,11.226351476657168,5.0,5.0,2.0,8.0,0.11733933511242632,0.07364722695706344,0.006633560151911461,0.055184916188146665,3.0,3.0,5.0,3.05,3.367,5.855999999999999,6.366084984132215,7.85674911359496,11.226351476657168,-5.498825225091418,-7.445028037068984,-8.905267599822157
34,4,1.1428571428571428,1.6582280766035322,-3.072333333333333,"(0, 0, 0, 0, 0, 1, 1, 1, 0, 1, 1, 1, 1, 1, 0, 1, 0, 0, 0, 1, 0, 0, 0, 0, 0)",5.0,8.0,10.0,12.0,5.0,8.072333333333333,11.381666666666666,13.088333333333333,0.0,7.322366691153064,8.26275704577313,12.531690193803062,1.0,1.0,11.0,13.0,0.3037869243330816,0.06971464735453368,0.03897862100984343,0.013700435536356165,3.0,5.0,7.0,3.072333333333333,6.381666666666666,8.088333333333333,7.322366691153064,8.26275704577313,12.531690193803062,-7.047524640438264,-3.119276881263121,-7.368099100399828
34,5,1.4285714285714284,1.6582280766035322,-2.219333333333333,"(1, 0, 0, 0, 1, 0, 0, 0, 1, 1, 1, 0, 0, 0, 1, 1, 1, 1, 0, 0, 1, 1, 0, 0, 1)",7.0,9.0,10.0,12.0,7.067,9.286333333333333,11.493666666666666,14.091,0.0,5.726709087306705,9.010406023622647,11.29817117713051,9.0,4.0,6.0,2.0,0.3068408995679533,0.03336377773603922,0.00045230507561461994,0.04883031327729614,2.0,3.0,5.0,2.219333333333333,4.426666666666666,7.023999999999999,5.726709087306705,9.010406023622647,11.29817117713051,-5.816028950437127,-7.600885297537028,-7.0875506501273815
34,6,1.7142857142857142,1.6582280766035322,-1.0876666666666654,"(0, 1, 1, 1, 1, 0, 1, 1, 0, 0, 1, 0, 1, 1, 0, 1, 1, 0, 1, 1, 0, 1, 1, 1, 0)",10.0,11.0,12.0,14.0,10.173666666666668,11.261333333333333,13.534333333333333,16.283333333333335,0.0,4.710804868553756,6.21861323385294,9.535244422245869,75.0,18.0,2.0,9.0,0.23358081630467767,0.09555768975641118,0.05467513222937918,0.00028587609294808365,1.0,2.0,4.0,1.0876666666666654,3.360666666666665,6.1096666666666675,4.710804868553756,6.21861323385294,9.535244422245869,-6.007989491784009,-4.739127239140965,-5.680389212889944
34,7,2.0,1.6582280766035322,-1.4640000000000004,"(1, 0, 0, 1, 0, 0, 0, 0, 0, 1, 1, 0, 1, 0, 0, 0, 1, 1, 1, 0, 1, 0, 0, 0, 1)",8.0,11.0,10.0,11.0,8.863666666666667,12.503,10.327666666666667,13.168666666666667,0.0,7.232739463612644,7.271993407137131,10.368679065925008,21.0,11.0,3.0,2.0,0.23997519487561325,0.020136672512314983,0.055351869136324304,0.09300389168915117,3.0,2.0,3.0,3.639333333333333,1.4640000000000004,4.305,7.232739463612644,7.271993407137131,10.368679065925008,-5.958686935868403,-9.630977736443,-10.054962874629929
35,0,0.0,1.6582280766035322,-3.113666666666666,"(0, 0, 0, 1, 1, 0, 1, 0, 0, 1, 0, 0, 0, 1, 0, 0, 0, 0, 1, 0, 1, 1, 1, 0, 1)",6.0,9.0,10.0,12.0,6.078,9.191666666666666,10.413333333333334,13.924,0.0,6.65525232355726,8.600952661996422,12.282080806383213,1.0,1.0,2.0,2.0,0.14393574293637473,0.0627807120059654,0.04522115369781241,0.0001465473839886669,3.0,4.0,6.0,3.113666666666666,4.335333333333334,7.845999999999999,6.65525232355726,8.600952661996422,12.282080806383213,-5.872756771952346,-7.073369734891843,-7.356033743226683
35,1,0.2857142857142857,1.6582280766035322,-4.3933333333333335,"(0, 1, 0, 1, 1, 1, 0, 0, 1, 0, 0, 1, 1, 1, 0, 0, 1, 1, 0, 0, 1, 0, 0, 0, 1)",7.0,10.0,11.0,13.0,7.019333333333333,12.003,11.412666666666667,14.021,0.0,7.068031353714895,7.630612865837255,10.587648083440504,4.0,3.0,12.0,11.0,0.22265675042834576,0.06364355173534876,0.0021550042125187035,0.05284070783742787,3.0,4.0,6.0,4.983666666666667,4.3933333333333335,7.001666666666668,7.068031353714895,7.630612865837255,10.587648083440504,-3.4563520459443065,-5.36814781261196,-5.9463750674728875
35,2,0.5714285714285714,1.6582280766035322,-4.326666666666666,"(1, 1, 1, 0, 1, 0, 0, 1, 0, 0, 0, 0, 1, 1, 0, 0, 0, 0, 1, 1, 0, 0, 1, 1, 1)",6.0,10.0,11.0,12.0,6.331333333333333,10.658,11.170666666666667,13.178333333333333,0.0,8.58874626087698,8.555756734530771,12.35064853735077,1.0,8.0,17.0,7.0,0.22133131872842884,0.06260519142430432,0.08779191476394985,0.004089801817008052,4.0,5.0,6.0,4.326666666666666,4.839333333333334,6.8469999999999995,8.58874626087698,8.555756734530771,12.35064853735077,-7.06750004783853,-6.162677628411983,-9.12630452839301
35,3,0.8571428571428571,1.6582280766035322,-2.177666666666666,"(0, 0, 1, 0, 0, 1, 1, 0, 0, 1, 0, 0, 1, 0, 0, 1, 0, 0, 0, 0, 1, 0, 0, 0, 1)",6.0,10.0,9.0,12.0,7.1273333333333335,11.328,9.305,13.632666666666667,0.0,7.786956136326358,6.99177128694754,12.072149131885205,1.0,2.0,2.0,4.0,0.3308955802883787,0.00879930944029342,0.0005889183423963771,5.5842209622567194e-05,4.0,3.0,6.0,4.200666666666666,2.177666666666666,6.505333333333334,7.786956136326358,6.99177128694754,12.072149131885205,-5.946885889417294,-7.982883445056531,-9.231050254438825
35,4,1.1428571428571428,1.6582280766035322,-3.072333333333333,"(0, 0, 0, 0, 0, 1, 1, 1, 0, 1, 1, 1, 1, 1, 0, 1, 0, 0, 0, 1, 0, 0, 0, 0, 0)",5.0,8.0,10.0,12.0,5.0,8.072333333333333,11.381666666666666,13.088333333333333,0.0,7.322366691153064,8.26275704577313,12.531690193803062,1.0,1.0,11.0,13.0,0.3037869243330816,0.06971464735453368,0.03897862100984343,0.013700435536356165,3.0,5.0,7.0,3.072333333333333,6.381666666666666,8.088333333333333,7.322366691153064,8.26275704577313,12.531690193803062,-7.047524640438264,-3.119276881263121,-7.368099100399828
35,5,1.4285714285714284,1.6582280766035322,-2.219333333333333,"(1, 0, 0, 0, 1, 0, 0, 0, 1, 1, 1, 0, 0, 0, 1, 1, 1, 1, 0, 0, 1, 1, 0, 0, 1)",7.0,9.0,10.0,12.0,7.067,9.286333333333333,11.493666666666666,14.091,0.0,5.726709087306705,9.010406023622647,11.29817117713051,9.0,4.0,6.0,2.0,0.3068408995679533,0.03336377773603922,0.00045230507561461994,0.04883031327729614,2.0,3.0,5.0,2.219333333333333,4.426666666666666,7.023999999999999,5.726709087306705,9.010406023622647,11.29817117713051,-5.816028950437127,-7.600885297537028,-7.0875506501273815
35,6,1.7142857142857142,1.6582280766035322,-1.0876666666666654,"(0, 1, 1, 1, 1, 0, 1, 1, 0, 0, 1, 0, 1, 1, 0, 1, 1, 0, 1, 1, 0, 1, 1, 1, 0)",10.0,11.0,12.0,14.0,10.173666666666668,11.261333333333333,13.534333333333333,16.283333333333335,0.0,4.710804868553756,6.21861323385294,9.535244422245869,75.0,18.0,2.0,9.0,0.23358081630467767,0.09555768975641118,0.05467513222937918,0.00028587609294808365,1.0,2.0,4.0,1.0876666666666654,3.360666666666665,6.1096666666666675,4.710804868553756,6.21861323385294,9.535244422245869,-6.007989491784009,-4.739127239140965,-5.680389212889944
35,7,2.0,1.6582280766035322,-1.4640000000000004,"(1, 0, 0, 1, 0, 0, 0, 0, 0, 1, 1, 0, 1, 0, 0, 0, 1, 1, 1, 0, 1, 0, 0, 0, 1)",8.0,11.0,10.0,11.0,8.863666666666667,12.503,10.327666666666667,13.168666666666667,0.0,7.232739463612644,7.271993407137131,10.368679065925008,21.0,11.0,3.0,2.0,0.23997519487561325,0.020136672512314983,0.055351869136324304,0.09300389168915117,3.0,2.0,3.0,3.639333333333333,1.4640000000000004,4.305,7.232739463612644,7.271993407137131,10.368679065925008,-5.958686935868403,-9.630977736443,-10.054962874629929
36,0,0.0,1.6582280766035322,-3.113666666666666,"(0, 0, 0, 1, 1, 0, 1, 0, 0, 1, 0, 0, 0, 1, 0, 0, 0, 0, 1, 0, 1, 1, 1, 0, 1)",6.0,9.0,10.0,12.0,6.078,9.191666666666666,10.413333333333334,13.924,0.0,6.65525232355726,8.600952661996422,12.282080806383213,1.0,1.0,2.0,2.0,0.14393574293637473,0.0627807120059654,0.04522115369781241,0.0001465473839886669,3.0,4.0,6.0,3.113666666666666,4.335333333333334,7.845999999999999,6.65525232355726,8.600952661996422,12.282080806383213,-5.872756771952346,-7.073369734891843,-7.356033743226683
36,1,0.2857142857142857,1.6582280766035322,-4.3933333333333335,"(0, 1, 0, 1, 1, 1, 0, 0, 1, 0, 0, 1, 1, 1, 0, 0, 1, 1, 0, 0, 1, 0, 0, 0, 1)",7.0,10.0,11.0,13.0,7.019333333333333,12.003,11.412666666666667,14.021,0.0,7.068031353714895,7.630612865837255,10.587648083440504,4.0,3.0,12.0,11.0,0.22265675042834576,0.06364355173534876,0.0021550042125187035,0.05284070783742787,3.0,4.0,6.0,4.983666666666667,4.3933333333333335,7.001666666666668,7.068031353714895,7.630612865837255,10.587648083440504,-3.4563520459443065,-5.36814781261196,-5.9463750674728875
36,2,0.5714285714285714,1.6582280766035322,-4.326666666666666,"(1, 1, 1, 0, 1, 0, 0, 1, 0, 0, 0, 0, 1, 1, 0, 0, 0, 0, 1, 1, 0, 0, 1, 1, 1)",6.0,10.0,11.0,12.0,6.331333333333333,10.658,11.170666666666667,13.178333333333333,0.0,8.58874626087698,8.555756734530771,12.35064853735077,1.0,8.0,17.0,7.0,0.22133131872842884,0.06260519142430432,0.08779191476394985,0.004089801817008052,4.0,5.0,6.0,4.326666666666666,4.839333333333334,6.8469999999999995,8.58874626087698,8.555756734530771,12.35064853735077,-7.06750004783853,-6.162677628411983,-9.12630452839301
36,3,0.8571428571428571,1.6582280766035322,-2.177666666666666,"(0, 0, 1, 0, 0, 1, 1, 0, 0, 1, 0, 0, 1, 0, 0, 1, 0, 0, 0, 0, 1, 0, 0, 0, 1)",6.0,10.0,9.0,12.0,7.1273333333333335,11.328,9.305,13.632666666666667,0.0,7.786956136326358,6.99177128694754,12.072149131885205,1.0,2.0,2.0,4.0,0.3308955802883787,0.00879930944029342,0.0005889183423963771,5.5842209622567194e-05,4.0,3.0,6.0,4.200666666666666,2.177666666666666,6.505333333333334,7.786956136326358,6.99177128694754,12.072149131885205,-5.946885889417294,-7.982883445056531,-9.231050254438825
36,4,1.1428571428571428,1.6582280766035322,-3.072333333333333,"(0, 0, 0, 0, 0, 1, 1, 1, 0, 1, 1, 1, 1, 1, 0, 1, 0, 0, 0, 1, 0, 0, 0, 0, 0)",5.0,8.0,10.0,12.0,5.0,8.072333333333333,11.381666666666666,13.088333333333333,0.0,7.322366691153064,8.26275704577313,12.531690193803062,1.0,1.0,11.0,13.0,0.3037869243330816,0.06971464735453368,0.03897862100984343,0.013700435536356165,3.0,5.0,7.0,3.072333333333333,6.381666666666666,8.088333333333333,7.322366691153064,8.26275704577313,12.531690193803062,-7.047524640438264,-3.119276881263121,-7.368099100399828
36,5,1.4285714285714284,1.6582280766035322,-2.219333333333333,"(1, 0, 0, 0, 1, 0, 0, 0, 1, 1, 1, 0, 0, 0, 1, 1, 1, 1, 0, 0, 1, 1, 0, 0, 1)",7.0,9.0,10.0,12.0,7.067,9.286333333333333,11.493666666666666,14.091,0.0,5.726709087306705,9.010406023622647,11.29817117713051,9.0,4.0,6.0,2.0,0.3068408995679533,0.03336377773603922,0.00045230507561461994,0.04883031327729614,2.0,3.0,5.0,2.219333333333333,4.426666666666666,7.023999999999999,5.726709087306705,9.010406023622647,11.29817117713051,-5.816028950437127,-7.600885297537028,-7.0875506501273815
36,6,1.7142857142857142,1.6582280766035322,-1.0876666666666654,"(0, 1, 1, 1, 1, 0, 1, 1, 0, 0, 1, 0, 1, 1, 0, 1, 1, 0, 1, 1, 0, 1, 1, 1, 0)",10.0,11.0,12.0,14.0,10.173666666666668,11.261333333333333,13.534333333333333,16.283333333333335,0.0,4.710804868553756,6.21861323385294,9.535244422245869,75.0,18.0,2.0,9.0,0.23358081630467767,0.09555768975641118,0.05467513222937918,0.00028587609294808365,1.0,2.0,4.0,1.0876666666666654,3.360666666666665,6.1096666666666675,4.710804868553756,6.21861323385294,9.535244422245869,-6.007989491784009,-4.739127239140965,-5.680389212889944
36,7,2.0,1.6582280766035322,-1.4640000000000004,"(1, 0, 0, 1, 0, 0, 0, 0, 0, 1, 1, 0, 1, 0, 0, 0, 1, 1, 1, 0, 1, 0, 0, 0, 1)",8.0,11.0,10.0,11.0,8.863666666666667,12.503,10.327666666666667,13.168666666666667,0.0,7.232739463612644,7.271993407137131,10.368679065925008,21.0,11.0,3.0,2.0,0.23997519487561325,0.020136672512314983,0.055351869136324304,0.09300389168915117,3.0,2.0,3.0,3.639333333333333,1.4640000000000004,4.305,7.232739463612644,7.271993407137131,10.368679065925008,-5.958686935868403,-9.630977736443,-10.054962874629929
37,0,0.0,1.6582280766035322,-3.113666666666666,"(0, 0, 0, 1, 1, 0, 1, 0, 0, 1, 0, 0, 0, 1, 0, 0, 0, 0, 1, 0, 1, 1, 1, 0, 1)",6.0,9.0,10.0,12.0,6.078,9.191666666666666,10.413333333333334,13.924,0.0,6.65525232355726,8.600952661996422,12.282080806383213,1.0,1.0,2.0,2.0,0.14393574293637473,0.0627807120059654,0.04522115369781241,0.0001465473839886669,3.0,4.0,6.0,3.113666666666666,4.335333333333334,7.845999999999999,6.65525232355726,8.600952661996422,12.282080806383213,-5.872756771952346,-7.073369734891843,-7.356033743226683
37,1,0.2857142857142857,1.6582280766035322,-4.213,"(0, 1, 0, 0, 1, 1, 0, 0, 0, 0, 0, 1, 1, 1, 0, 0, 1, 1, 0, 0, 1, 0, 0, 0, 1)",7.0,10.0,10.0,11.0,7.097,11.430666666666667,11.31,12.490333333333334,0.0,6.641470605765045,7.368806289676166,10.404201996277134,9.0,14.0,5.0,5.0,0.21184452092846795,0.03755025438926941,0.050937966563150576,0.04824348863424531,3.0,3.0,4.0,4.333666666666667,4.213,5.3933333333333335,6.641470605765045,7.368806289676166,10.404201996277134,-3.8268652871091593,-5.233046593863038,-8.309163105066212
37,2,0.5714285714285714,1.6582280766035322,-4.016,"(1, 1, 1, 0, 1, 0, 0, 1, 0, 1, 0, 0, 1, 1, 1, 0, 0, 0, 1, 1, 0, 0, 1, 1, 1)",7.0,11.0,10.0,13.0,7.125333333333334,11.674666666666667,11.141333333333334,14.566666666666666,0.0,7.893534139760948,8.370403685079308,11.851079692139344,1.0,11.0,1.0,8.0,0.18392922657005725,0.05515001685951781,0.04942656560335532,0.005631817144636961,4.0,3.0,6.0,4.549333333333333,4.016,7.441333333333333,7.893534139760948,8.370403685079308,11.851079692139344,-5.5454476710184455,-7.220594447464395,-7.312365222872321
37,3,0.8571428571428571,1.6582280766035322,-2.177666666666666,"(0, 0, 1, 0, 0, 1, 1, 0, 0, 1, 0, 0, 1, 0, 0, 1, 0, 0, 0, 0, 1, 0, 0, 0, 1)",6.0,10.0,9.0,12.0,7.1273333333333335,11.328,9.305,13.632666666666667,0.0,7.786956136326358,6.99177128694754,12.072149131885205,1.0,2.0,2.0,4.0,0.3308955802883787,0.00879930944029342,0.0005889183423963771,5.5842209622567194e-05,4.0,3.0,6.0,4.200666666666666,2.177666666666666,6.505333333333334,7.786956136326358,6.99177128694754,12.072149131885205,-5.946885889417294,-7.982883445056531,-9.231050254438825
37,4,1.1428571428571428,1.6582280766035322,-3.072333333333333,"(0, 0, 0, 0, 0, 1, 1, 1, 0, 1, 1, 1, 1, 1, 0, 1, 0, 0, 0, 1, 0, 0, 0, 0, 0)",5.0,8.0,10.0,12.0,5.0,8.072333333333333,11.381666666666666,13.088333333333333,0.0,7.322366691153064,8.26275704577313,12.531690193803062,1.0,1.0,11.0,13.0,0.3037869243330816,0.06971464735453368,0.03897862100984343,0.013700435536356165,3.0,5.0,7.0,3.072333333333333,6.381666666666666,8.088333333333333,7.322366691153064,8.26275704577313,12.531690193803062,-7.047524640438264,-3.119276881263121,-7.368099100399828
37,5,1.4285714285714284,1.6582280766035322,-2.902,"(1, 0, 0, 0, 1, 0, 0, 0, 1, 1, 1, 0, 0, 1, 1, 1, 1, 1, 1, 0, 1, 1, 0, 0, 1)",7.0,12.0,10.0,11.0,7.445666666666667,12.727666666666666,10.347666666666667,12.377,0.0,8.266497271323693,6.917344483442651,10.888303258485129,4.0,35.0,2.0,2.0,0.2050855560444924,0.09425856968616086,0.05131188788431997,0.060162000777575934,5.0,3.0,4.0,5.281999999999999,2.902,4.931333333333334,8.266497271323693,6.917344483442651,10.888303258485129,-4.94897716985558,-6.658356959679711,-9.878014781369549
37,6,1.7142857142857142,1.6582280766035322,-1.0876666666666654,"(0, 1, 1, 1, 1, 0, 1, 1, 0, 0, 1, 0, 1, 1, 0, 1, 1, 0, 1, 1, 0, 1, 1, 1, 0)",10.0,11.0,12.0,14.0,10.173666666666668,11.261333333333333,13.534333333333333,16.283333333333335,0.0,4.710804868553756,6.21861323385294,9.535244422245869,75.0,18.0,2.0,9.0,0.23358081630467767,0.09555768975641118,0.05467513222937918,0.00028587609294808365,1.0,2.0,4.0,1.0876666666666654,3.360666666666665,6.1096666666666675,4.710804868553756,6.21861323385294,9.535244422245869,-6.007989491784009,-4.739127239140965,-5.680389212889944
37,7,2.0,1.6582280766035322,-1.4640000000000004,"(1, 0, 0, 1, 0, 0, 0, 0, 0, 1, 1, 0, 1, 0, 0, 0, 1, 1, 1, 0, 1, 0, 0, 0, 1)",8.0,11.0,10.0,11.0,8.863666666666667,12.503,10.327666666666667,13.168666666666667,0.0,7.232739463612644,7.271993407137131,10.368679065925008,21.0,11.0,3.0,2.0,0.23997519487561325,0.020136672512314983,0.055351869136324304,0.09300389168915117,3.0,2.0,3.0,3.639333333333333,1.4640000000000004,4.305,7.232739463612644,7.271993407137131,10.368679065925008,-5.958686935868403,-9.630977736443,-10.054962874629929
38,0,0.0,1.6582280766035322,-3.113666666666666,"(0, 0, 0, 1, 1, 0, 1, 0, 0, 1, 0, 0, 0, 1, 0, 0, 0, 0, 1, 0, 1, 1, 1, 0, 1)",6.0,9.0,10.0,12.0,6.078,9.191666666666666,10.413333333333334,13.924,0.0,6.65525232355726,8.600952661996422,12.282080806383213,1.0,1.0,2.0,2.0,0.14393574293637473,0.0627807120059654,0.04522115369781241,0.0001465473839886669,3.0,4.0,6.0,3.113666666666666,4.335333333333334,7.845999999999999,6.65525232355726,8.600952661996422,12.282080806383213,-5.872756771952346,-7.073369734891843,-7.356033743226683
38,1,0.2857142857142857,1.6582280766035322,-3.132666666666667,"(0, 0, 0, 0, 1, 1, 1, 0, 0, 0, 0, 1, 1, 1, 0, 0, 1, 1, 0, 0, 1, 0, 0, 0, 1)",6.0,9.0,10.0,12.0,6.002666666666666,9.135333333333334,10.7,13.669,0.0,8.226027293876363,8.31394101907096,12.664440563713379,3.0,2.0,16.0,1.0,0.26428276508783927,0.07489335709596949,0.00043590491347724055,0.003436829055466576,3.0,4.0,6.0,3.132666666666667,4.697333333333333,7.666333333333334,8.226027293876363,8.31394101907096,12.664440563713379,-8.445953596306095,-5.997160406550257,-8.288001739291309
38,2,0.5714285714285714,1.6582280766035322,-4.016,"(1, 1, 1, 0, 1, 0, 0, 1, 0, 1, 0, 0, 1, 1, 1, 0, 0, 0, 1, 1, 0, 0, 1, 1, 1)",7.0,11.0,10.0,13.0,7.125333333333334,11.674666666666667,11.141333333333334,14.566666666666666,0.0,7.893534139760948,8.370403685079308,11.851079692139344,1.0,11.0,1.0,8.0,0.18392922657005725,0.05515001685951781,0.04942656560335532,0.005631817144636961,4.0,3.0,6.0,4.549333333333333,4.016,7.441333333333333,7.893534139760948,8.370403685079308,11.851079692139344,-5.5454476710184455,-7.220594447464395,-7.312365222872321
38,3,0.8571428571428571,1.6582280766035322,-2.177666666666666,"(0, 0, 1, 0, 0, 1, 1, 0, 0, 1, 0, 0, 1, 0, 0, 1, 0, 0, 0, 0, 1, 0, 0, 0, 1)",6.0,10.0,9.0,12.0,7.1273333333333335,11.328,9.305,13.632666666666667,0.0,7.786956136326358,6.99177128694754,12.072149131885205,1.0,2.0,2.0,4.0,0.3308955802883787,0.00879930944029342,0.0005889183423963771,5.5842209622567194e-05,4.0,3.0,6.0,4.200666666666666,2.177666666666666,6.505333333333334,7.786956136326358,6.99177128694754,12.072149131885205,-5.946885889417294,-7.982883445056531,-9.231050254438825
38,4,1.1428571428571428,1.6582280766035322,-4.121666666666666,"(0, 0, 0, 0, 0, 1, 1, 1, 0, 1, 1, 1, 1, 1, 0, 1, 0, 0, 0, 1, 1, 1, 0, 0, 0)",6.0,9.0,11.0,12.0,6.126666666666667,10.248333333333333,12.008666666666667,12.724333333333334,0.0,6.964235488497719,8.65205372389042,12.350547201190533,1.0,2.0,40.0,2.0,0.2206275366002658,0.0014821782159472462,0.08194455991433292,0.04215055632370389,3.0,5.0,6.0,4.121666666666666,5.882,6.597666666666667,6.964235488497719,8.65205372389042,12.350547201190533,-4.713627430038076,-4.593380858655264,-9.539588023693412
38,5,1.4285714285714284,1.6582280766035322,-2.902,"(1, 0, 0, 0, 1, 0, 0, 0, 1, 1, 1, 0, 0, 1, 1, 1, 1, 1, 1, 0, 1, 1, 0, 0, 1)",7.0,12.0,10.0,11.0,7.445666666666667,12.727666666666666,10.347666666666667,12.377,0.0,8.266497271323693,6.917344483442651,10.888303258485129,4.0,35.0,2.0,2.0,0.2050855560444924,0.09425856968616086,0.05131188788431997,0.060162000777575934,5.0,3.0,4.0,5.281999999999999,2.902,4.931333333333334,8.266497271323693,6.917344483442651,10.888303258485129,-4.94897716985558,-6.658356959679711,-9.878014781369549
38,6,1.7142857142857142,1.6582280766035322,-1.0876666666666654,"(0, 1, 1, 1, 1, 0, 1, 1, 0, 0, 1, 0, 1, 1, 0, 1, 1, 0, 1, 1, 0, 1, 1, 1, 0)",10.0,11.0,12.0,14.0,10.173666666666668,11.261333333333333,13.534333333333333,16.283333333333335,0.0,4.710804868553756,6.21861323385294,9.535244422245869,75.0,18.0,2.0,9.0,0.23358081630467767,0.09555768975641118,0.05467513222937918,0.00028587609294808365,1.0,2.0,4.0,1.0876666666666654,3.360666666666665,6.1096666666666675,4.710804868553756,6.21861323385294,9.535244422245869,-6.007989491784009,-4.739127239140965,-5.680389212889944
38,7,2.0,1.6582280766035322,-1.4640000000000004,"(1, 0, 0, 1, 0, 0, 0, 0, 0, 1, 1, 0, 1, 0, 0, 0, 1, 1, 1, 0, 1, 0, 0, 0, 1)",8.0,11.0,10.0,11.0,8.863666666666667,12.503,10.327666666666667,13.168666666666667,0.0,7.232739463612644,7.271993407137131,10.368679065925008,21.0,11.0,3.0,2.0,0.23997519487561325,0.020136672512314983,0.055351869136324304,0.09300389168915117,3.0,2.0,3.0,3.639333333333333,1.4640000000000004,4.305,7.232739463612644,7.271993407137131,10.368679065925008,-5.958686935868403,-9.630977736443,-10.054962874629929
39,0,0.0,1.6582280766035322,-3.113666666666666,"(0, 0, 0, 1, 1, 0, 1, 0, 0, 1, 0, 0, 0, 1, 0, 0, 0, 0, 1, 0, 1, 1, 1, 0, 1)",6.0,9.0,10.0,12.0,6.078,9.191666666666666,10.413333333333334,13.924,0.0,6.65525232355726,8.600952661996422,12.282080806383213,1.0,1.0,2.0,2.0,0.14393574293637473,0.0627807120059654,0.04522115369781241,0.0001465473839886669,3.0,4.0,6.0,3.113666666666666,4.335333333333334,7.845999999999999,6.65525232355726,8.600952661996422,12.282080806383213,-5.872756771952346,-7.073369734891843,-7.356033743226683
39,1,0.2857142857142857,1.6582280766035322,-3.132666666666667,"(0, 0, 0, 0, 1, 1, 1, 0, 0, 0, 0, 1, 1, 1, 0, 0, 1, 1, 0, 0, 1, 0, 0, 0, 1)",6.0,9.0,10.0,12.0,6.002666666666666,9.135333333333334,10.7,13.669,0.0,8.226027293876363,8.31394101907096,12.664440563713379,3.0,2.0,16.0,1.0,0.26428276508783927,0.07489335709596949,0.00043590491347724055,0.003436829055466576,3.0,4.0,6.0,3.132666666666667,4.697333333333333,7.666333333333334,8.226027293876363,8.31394101907096,12.664440563713379,-8.445953596306095,-5.997160406550257,-8.288001739291309
39,2,0.5714285714285714,1.6582280766035322,-4.016,"(1, 1, 1, 0, 1, 0, 0, 1, 0, 1, 0, 0, 1, 1, 1, 0, 0, 0, 1, 1, 0, 0, 1, 1, 1)",7.0,11.0,10.0,13.0,7.125333333333334,11.674666666666667,11.141333333333334,14.566666666666666,0.0,7.893534139760948,8.370403685079308,11.851079692139344,1.0,11.0,1.0,8.0,0.18392922657005725,0.05515001685951781,0.04942656560335532,0.005631817144636961,4.0,3.0,6.0,4.549333333333333,4.016,7.441333333333333,7.893534139760948,8.370403685079308,11.851079692139344,-5.5454476710184455,-7.220594447464395,-7.312365222872321
39,3,0.8571428571428571,1.6582280766035322,-2.177666666666666,"(0, 0, 1, 0, 0, 1, 1, 0, 0, 1, 0, 0, 1, 0, 0, 1, 0, 0, 0, 0, 1, 0, 0, 0, 1)",6.0,10.0,9.0,12.0,7.1273333333333335,11.328,9.305,13.632666666666667,0.0,7.786956136326358,6.99177128694754,12.072149131885205,1.0,2.0,2.0,4.0,0.3308955802883787,0.00879930944029342,0.0005889183423963771,5.5842209622567194e-05,4.0,3.0,6.0,4.200666666666666,2.177666666666666,6.505333333333334,7.786956136326358,6.99177128694754,12.072149131885205,-5.946885889417294,-7.982883445056531,-9.231050254438825
39,4,1.1428571428571428,1.6582280766035322,-3.2126666666666672,"(0, 0, 0, 0, 0, 1, 1, 1, 0, 1, 0, 1, 1, 1, 1, 1, 0, 0, 0, 1, 1, 1, 0, 0, 0)",6.0,9.0,9.0,11.0,6.013333333333334,9.617333333333333,9.226,13.123,0.0,6.889854746883847,6.488637251371418,11.65115266037018,2.0,1.0,7.0,1.0,0.18033924679866922,0.022267406398780824,0.07840756890364597,0.04199018283760417,3.0,3.0,5.0,3.603999999999999,3.2126666666666672,7.109666666666666,6.889854746883847,6.488637251371418,11.65115266037018,-5.448696596923789,-5.432306401684707,-7.530819584260859
39,5,1.4285714285714284,1.6582280766035322,-2.2409999999999997,"(1, 0, 0, 1, 0, 0, 0, 0, 1, 1, 1, 0, 0, 1, 1, 1, 1, 1, 1, 0, 1, 1, 0, 0, 1)",8.0,10.0,11.0,11.0,9.332,11.573,12.155333333333333,12.166666666666666,0.0,5.7413567686500375,5.830154882152157,8.84473061401355,9.0,3.0,5.0,1.0,0.2700771568134253,0.004834719024956799,0.04901018827771334,0.05583918535078595,2.0,3.0,3.0,2.2409999999999997,2.8233333333333324,2.8346666666666653,5.7413567686500375,5.830154882152157,8.84473061401355,-5.804389871904707,-4.985995913587893,-9.966056779673256
39,6,1.7142857142857142,1.6582280766035322,-1.0876666666666654,"(0, 1, 1, 1, 1, 0, 1, 1, 0, 0, 1, 0, 1, 1, 0, 1, 1, 0, 1, 1, 0, 1, 1, 1, 0)",10.0,11.0,12.0,14.0,10.173666666666668,11.261333333333333,13.534333333333333,16.283333333333335,0.0,4.710804868553756,6.21861323385294,9.535244422245869,75.0,18.0,2.0,9.0,0.23358081630467767,0.09555768975641118,0.05467513222937918,0.00028587609294808365,1.0,2.0,4.0,1.0876666666666654,3.360666666666665,6.1096666666666675,4.710804868553756,6.21861323385294,9.535244422245869,-6.007989491784009,-4.739127239140965,-5.680389212889944
39,7,2.0,1.6582280766035322,-1.4640000000000004,"(1, 0, 0, 1, 0, 0, 0, 0, 0, 1, 1, 0, 1, 0, 0, 0, 1, 1, 1, 0, 1, 0, 0, 0, 1)",8.0,11.0,10.0,11.0,8.863666666666667,12.503,10.327666666666667,13.168666666666667,0.0,7.232739463612644,7.271993407137131,10.368679065925008,21.0,11.0,3.0,2.0,0.23997519487561325,0.020136672512314983,0.055351869136324304,0.09300389168915117,3.0,2.0,3.0,3.639333333333333,1.4640000000000004,4.305,7.232739463612644,7.271993407137131,10.368679065925008,-5.958686935868403,-9.630977736443,-10.054962874629929
40,0,0.0,1.6582280766035322,-3.132666666666667,"(0, 0, 0, 0, 1, 1, 1, 0, 0, 0, 0, 1, 1, 1, 0, 0, 1, 1, 0, 0, 1, 0, 0, 0, 1)",6.0,9.0,10.0,12.0,6.002666666666666,9.135333333333334,10.7,13.669,0.0,8.226027293876363,8.31394101907096,12.664440563713379,3.0,2.0,16.0,1.0,0.26428276508783927,0.07489335709596949,0.00043590491347724055,0.003436829055466576,3.0,4.0,6.0,3.132666666666667,4.697333333333333,7.666333333333334,8.226027293876363,8.31394101907096,12.664440563713379,-8.445953596306095,-5.997160406550257,-8.288001739291309
40,1,0.2857142857142857,1.6582280766035322,-4.016,"(1, 1, 1, 0, 1, 0, 0, 1, 0, 1, 0, 0, 1, 1, 1, 0, 0, 0, 1, 1, 0, 0, 1, 1, 1)",7.0,11.0,10.0,13.0,7.125333333333334,11.674666666666667,11.141333333333334,14.566666666666666,0.0,7.893534139760948,8.370403685079308,11.851079692139344,1.0,11.0,1.0,8.0,0.18392922657005725,0.05515001685951781,0.04942656560335532,0.005631817144636961,4.0,3.0,6.0,4.549333333333333,4.016,7.441333333333333,7.893534139760948,8.370403685079308,11.851079692139344,-5.5454476710184455,-7.220594447464395,-7.312365222872321
40,2,0.5714285714285714,1.6582280766035322,-3.113666666666666,"(0, 0, 0, 1, 1, 0, 1, 0, 0, 1, 0, 0, 0, 1, 0, 0, 0, 0, 1, 0, 1, 1, 1, 0, 1)",6.0,9.0,10.0,12.0,6.078,9.191666666666666,10.413333333333334,13.924,0.0,6.65525232355726,8.600952661996422,12.282080806383213,1.0,1.0,2.0,2.0,0.14393574293637473,0.0627807120059654,0.04522115369781241,0.0001465473839886669,3.0,4.0,6.0,3.113666666666666,4.335333333333334,7.845999999999999,6.65525232355726,8.600952661996422,12.282080806383213,-5.872756771952346,-7.073369734891843,-7.356033743226683
40,3,0.8571428571428571,1.6582280766035322,-3.2126666666666672,"(0, 0, 0, 0, 0, 1, 1, 1, 0, 1, 0, 1, 1, 1, 1, 1, 0, 0, 0, 1, 1, 1, 0, 0, 0)",6.0,9.0,9.0,11.0,6.013333333333334,9.617333333333333,9.226,13.123,0.0,6.889854746883847,6.488637251371418,11.65115266037018,2.0,1.0,7.0,1.0,0.18033924679866922,0.022267406398780824,0.07840756890364597,0.04199018283760417,3.0,3.0,5.0,3.603999999999999,3.2126666666666672,7.109666666666666,6.889854746883847,6.488637251371418,11.65115266037018,-5.448696596923789,-5.432306401684707,-7.530819584260859
40,4,1.1428571428571428,1.6582280766035322,-2.2409999999999997,"(1, 0, 0, 1, 0, 0, 0, 0, 1, 1, 1, 0, 0, 1, 1, 1, 1, 1, 1, 0, 1, 1, 0, 0, 1)",8.0,10.0,11.0,11.0,9.332,11.573,12.155333333333333,12.166666666666666,0.0,5.7413567686500375,5.830154882152157,8.84473061401355,9.0,3.0,5.0,1.0,0.2700771568134253,0.004834719024956799,0.04901018827771334,0.05583918535078595,2.0,3.0,3.0,2.2409999999999997,2.8233333333333324,2.8346666666666653,5.7413567686500375,5.830154882152157,8.84473061401355,-5.804389871904707,-4.985995913587893,-9.966056779673256
40,5,1.4285714285714284,1.6582280766035322,-2.177666666666666,"(0, 0, 1, 0, 0, 1, 1, 0, 0, 1, 0, 0, 1, 0, 0, 1, 0, 0, 0, 0, 1, 0, 0, 0, 1)",6.0,10.0,9.0,12.0,7.1273333333333335,11.328,9.305,13.632666666666667,0.0,7.786956136326358,6.99177128694754,12.072149131885205,1.0,2.0,2.0,4.0,0.3308955802883787,0.00879930944029342,0.0005889183423963771,5.5842209622567194e-05,4.0,3.0,6.0,4.200666666666666,2.177666666666666,6.505333333333334,7.786956136326358,6.99177128694754,12.072149131885205,-5.946885889417294,-7.982883445056531,-9.231050254438825
40,6,1.7142857142857142,1.6582280766035322,-1.4640000000000004,"(1, 0, 0, 1, 0, 0, 0, 0, 0, 1, 1, 0, 1, 0, 0, 0, 1, 1, 1, 0, 1, 0, 0, 0, 1)",8.0,11.0,10.0,11.0,8.863666666666667,12.503,10.327666666666667,13.168666666666667,0.0,7.232739463612644,7.271993407137131,10.368679065925008,21.0,11.0,3.0,2.0,0.23997519487561325,0.020136672512314983,0.055351869136324304,0.09300389168915117,3.0,2.0,3.0,3.639333333333333,1.4640000000000004,4.305,7.232739463612644,7.271993407137131,10.368679065925008,-5.958686935868403,-9.630977736443,-10.054962874629929
40,7,2.0,1.6582280766035322,-1.0876666666666654,"(0, 1, 1, 1, 1, 0, 1, 1, 0, 0, 1, 0, 1, 1, 0, 1, 1, 0, 1, 1, 0, 1, 1, 1, 0)",10.0,11.0,12.0,14.0,10.173666666666668,11.261333333333333,13.534333333333333,16.283333333333335,0.0,4.710804868553756,6.21861323385294,9.535244422245869,75.0,18.0,2.0,9.0,0.23358081630467767,0.09555768975641118,0.05467513222937918,0.00028587609294808365,1.0,2.0,4.0,1.0876666666666654,3.360666666666665,6.1096666666666675,4.710804868553756,6.21861323385294,9.535244422245869,-6.007989491784009,-4.739127239140965,-5.680389212889944
41,0,0.0,1.6582280766035322,-3.132666666666667,"(0, 0, 0, 0, 1, 1, 1, 0, 0, 0, 0, 1, 1, 1, 0, 0, 1, 1, 0, 0, 1, 0, 0, 0, 1)",6.0,9.0,10.0,12.0,6.002666666666666,9.135333333333334,10.7,13.669,0.0,8.226027293876363,8.31394101907096,12.664440563713379,3.0,2.0,16.0,1.0,0.26428276508783927,0.07489335709596949,0.00043590491347724055,0.003436829055466576,3.0,4.0,6.0,3.132666666666667,4.697333333333333,7.666333333333334,8.226027293876363,8.31394101907096,12.664440563713379,-8.445953596306095,-5.997160406550257,-8.288001739291309
41,1,0.2857142857142857,1.6582280766035322,-4.016,"(1, 1, 1, 0, 1, 0, 0, 1, 0, 1, 0, 0, 1, 1, 1, 0, 0, 0, 1, 1, 0, 0, 1, 1, 1)",7.0,11.0,10.0,13.0,7.125333333333334,11.674666666666667,11.141333333333334,14.566666666666666,0.0,7.893534139760948,8.370403685079308,11.851079692139344,1.0,11.0,1.0,8.0,0.18392922657005725,0.05515001685951781,0.04942656560335532,0.005631817144636961,4.0,3.0,6.0,4.549333333333333,4.016,7.441333333333333,7.893534139760948,8.370403685079308,11.851079692139344,-5.5454476710184455,-7.220594447464395,-7.312365222872321
41,2,0.5714285714285714,1.6582280766035322,-3.113666666666666,"(0, 0, 0, 1, 1, 0, 1, 0, 0, 1, 0, 0, 0, 1, 0, 0, 0, 0, 1, 0, 1, 1, 1, 0, 1)",6.0,9.0,10.0,12.0,6.078,9.191666666666666,10.413333333333334,13.924,0.0,6.65525232355726,8.600952661996422,12.282080806383213,1.0,1.0,2.0,2.0,0.14393574293637473,0.0627807120059654,0.04522115369781241,0.0001465473839886669,3.0,4.0,6.0,3.113666666666666,4.335333333333334,7.845999999999999,6.65525232355726,8.600952661996422,12.282080806383213,-5.872756771952346,-7.073369734891843,-7.356033743226683
41,3,0.8571428571428571,1.6582280766035322,-1.0340000000000007,"(0, 0, 0, 0, 0, 1, 1, 1, 0, 1, 0, 1, 1, 0, 1, 1, 0, 0, 1, 1, 1, 1, 0, 0, 0)",7.0,9.0,8.0,12.0,7.026,10.375666666666667,8.06,13.592333333333332,0.0,6.445108764360575,4.833697993786484,11.385762469087988,11.0,2.0,1.0,4.0,0.2227614815610205,0.0009563332485106591,0.1280700379432125,0.002016609703696291,2.0,1.0,5.0,3.3496666666666677,1.0340000000000007,6.566333333333333,6.445108764360575,4.833697993786484,11.385762469087988,-5.132948995896571,-6.30076589591086,-7.991712706109465
41,4,1.1428571428571428,1.6582280766035322,-2.2409999999999997,"(1, 0, 0, 1, 0, 0, 0, 0, 1, 1, 1, 0, 0, 1, 1, 1, 1, 1, 1, 0, 1, 1, 0, 0, 1)",8.0,10.0,11.0,11.0,9.332,11.573,12.155333333333333,12.166666666666666,0.0,5.7413567686500375,5.830154882152157,8.84473061401355,9.0,3.0,5.0,1.0,0.2700771568134253,0.004834719024956799,0.04901018827771334,0.05583918535078595,2.0,3.0,3.0,2.2409999999999997,2.8233333333333324,2.8346666666666653,5.7413567686500375,5.830154882152157,8.84473061401355,-5.804389871904707,-4.985995913587893,-9.966056779673256
41,5,1.4285714285714284,1.6582280766035322,-2.9253333333333327,"(0, 0, 1, 0, 0, 1, 1, 0, 0, 1, 0, 0, 1, 0, 0, 1, 0, 1, 1, 0, 1, 0, 0, 0, 1)",7.0,11.0,10.0,13.0,7.267333333333333,11.771,10.192666666666666,14.295666666666667,0.0,7.074516867970058,6.5701483737146855,10.045757572762877,1.0,18.0,2.0,8.0,0.18770628356918911,0.09399287181828005,0.045460531492515166,0.0020267119021278187,4.0,3.0,6.0,4.503666666666668,2.9253333333333327,7.028333333333334,7.074516867970058,6.5701483737146855,10.045757572762877,-4.263055984543124,-6.043934633987196,-5.003577592846127
41,6,1.7142857142857142,1.6582280766035322,-1.4640000000000004,"(1, 0, 0, 1, 0, 0, 0, 0, 0, 1, 1, 0, 1, 0, 0, 0, 1, 1, 1, 0, 1, 0, 0, 0, 1)",8.0,11.0,10.0,11.0,8.863666666666667,12.503,10.327666666666667,13.168666666666667,0.0,7.232739463612644,7.271993407137131,10.368679065925008,21.0,11.0,3.0,2.0,0.23997519487561325,0.020136672512314983,0.055351869136324304,0.09300389168915117,3.0,2.0,3.0,3.639333333333333,1.4640000000000004,4.305,7.232739463612644,7.271993407137131,10.368679065925008,-5.958686935868403,-9.630977736443,-10.054962874629929
41,7,2.0,1.6582280766035322,-1.0876666666666654,"(0, 1, 1, 1, 1, 0, 1, 1, 0, 0, 1, 0, 1, 1, 0, 1, 1, 0, 1, 1, 0, 1, 1, 1, 0)",10.0,11.0,12.0,14.0,10.173666666666668,11.261333333333333,13.534333333333333,16.283333333333335,0.0,4.710804868553756,6.21861323385294,9.535244422245869,75.0,18.0,2.0,9.0,0.23358081630467767,0.09555768975641118,0.05467513222937918,0.00028587609294808365,1.0,2.0,4.0,1.0876666666666654,3.360666666666665,6.1096666666666675,4.710804868553756,6.21861323385294,9.535244422245869,-6.007989491784009,-4.739127239140965,-5.680389212889944
42,0,0.0,1.6582280766035322,-3.132666666666667,"(0, 0, 0, 0, 1, 1, 1, 0, 0, 0, 0, 1, 1, 1, 0, 0, 1, 1, 0, 0, 1, 0, 0, 0, 1)",6.0,9.0,10.0,12.0,6.002666666666666,9.135333333333334,10.7,13.669,0.0,8.226027293876363,8.31394101907096,12.664440563713379,3.0,2.0,16.0,1.0,0.26428276508783927,0.07489335709596949,0.00043590491347724055,0.003436829055466576,3.0,4.0,6.0,3.132666666666667,4.697333333333333,7.666333333333334,8.226027293876363,8.31394101907096,12.664440563713379,-8.445953596306095,-5.997160406550257,-8.288001739291309
42,1,0.2857142857142857,1.6582280766035322,-4.016,"(1, 1, 1, 0, 1, 0, 0, 1, 0, 1, 0, 0, 1, 1, 1, 0, 0, 0, 1, 1, 0, 0, 1, 1, 1)",7.0,11.0,10.0,13.0,7.125333333333334,11.674666666666667,11.141333333333334,14.566666666666666,0.0,7.893534139760948,8.370403685079308,11.851079692139344,1.0,11.0,1.0,8.0,0.18392922657005725,0.05515001685951781,0.04942656560335532,0.005631817144636961,4.0,3.0,6.0,4.549333333333333,4.016,7.441333333333333,7.893534139760948,8.370403685079308,11.851079692139344,-5.5454476710184455,-7.220594447464395,-7.312365222872321
42,2,0.5714285714285714,1.6582280766035322,-3.113666666666666,"(0, 0, 0, 1, 1, 0, 1, 0, 0, 1, 0, 0, 0, 1, 0, 0, 0, 0, 1, 0, 1, 1, 1, 0, 1)",6.0,9.0,10.0,12.0,6.078,9.191666666666666,10.413333333333334,13.924,0.0,6.65525232355726,8.600952661996422,12.282080806383213,1.0,1.0,2.0,2.0,0.14393574293637473,0.0627807120059654,0.04522115369781241,0.0001465473839886669,3.0,4.0,6.0,3.113666666666666,4.335333333333334,7.845999999999999,6.65525232355726,8.600952661996422,12.282080806383213,-5.872756771952346,-7.073369734891843,-7.356033743226683
42,3,0.8571428571428571,1.6582280766035322,-3.503333333333334,"(0, 0, 0, 0, 0, 1, 1, 1, 0, 1, 0, 1, 1, 0, 1, 0, 0, 0, 1, 0, 1, 1, 0, 0, 0)",6.0,10.0,9.0,12.0,6.036,10.1,9.539333333333333,12.998666666666667,0.0,7.743086791321993,6.445569383270744,11.724934597400832,4.0,23.0,9.0,19.0,0.16271130248398882,0.029349628563356565,0.0631897500891672,0.03511367846830739,4.0,3.0,6.0,4.064,3.503333333333334,6.962666666666667,7.743086791321993,6.445569383270744,11.724934597400832,-6.100765013631329,-4.878898426001285,-7.896926391051998
42,4,1.1428571428571428,1.6582280766035322,-2.2409999999999997,"(1, 0, 0, 1, 0, 0, 0, 0, 1, 1, 1, 0, 0, 1, 1, 1, 1, 1, 1, 0, 1, 1, 0, 0, 1)",8.0,10.0,11.0,11.0,9.332,11.573,12.155333333333333,12.166666666666666,0.0,5.7413567686500375,5.830154882152157,8.84473061401355,9.0,3.0,5.0,1.0,0.2700771568134253,0.004834719024956799,0.04901018827771334,0.05583918535078595,2.0,3.0,3.0,2.2409999999999997,2.8233333333333324,2.8346666666666653,5.7413567686500375,5.830154882152157,8.84473061401355,-5.804389871904707,-4.985995913587893,-9.966056779673256
42,5,1.4285714285714284,1.6582280766035322,-2.9253333333333327,"(0, 0, 1, 0, 0, 1, 1, 0, 0, 1, 0, 0, 1, 0, 0, 1, 0, 1, 1, 0, 1, 0, 0, 0, 1)",7.0,11.0,10.0,13.0,7.267333333333333,11.771,10.192666666666666,14.295666666666667,0.0,7.074516867970058,6.5701483737146855,10.045757572762877,1.0,18.0,2.0,8.0,0.18770628356918911,0.09399287181828005,0.045460531492515166,0.0020267119021278187,4.0,3.0,6.0,4.503666666666668,2.9253333333333327,7.028333333333334,7.074516867970058,6.5701483737146855,10.045757572762877,-4.263055984543124,-6.043934633987196,-5.003577592846127
42,6,1.7142857142857142,1.6582280766035322,-1.4640000000000004,"(1, 0, 0, 1, 0, 0, 0, 0, 0, 1, 1, 0, 1, 0, 0, 0, 1, 1, 1, 0, 1, 0, 0, 0, 1)",8.0,11.0,10.0,11.0,8.863666666666667,12.503,10.327666666666667,13.168666666666667,0.0,7.232739463612644,7.271993407137131,10.368679065925008,21.0,11.0,3.0,2.0,0.23997519487561325,0.020136672512314983,0.055351869136324304,0.09300389168915117,3.0,2.0,3.0,3.639333333333333,1.4640000000000004,4.305,7.232739463612644,7.271993407137131,10.368679065925008,-5.958686935868403,-9.630977736443,-10.054962874629929
42,7,2.0,1.6582280766035322,-1.0876666666666654,"(0, 1, 1, 1, 1, 0, 1, 1, 0, 0, 1, 0, 1, 1, 0, 1, 1, 0, 1, 1, 0, 1, 1, 1, 0)",10.0,11.0,12.0,14.0,10.173666666666668,11.261333333333333,13.534333333333333,16.283333333333335,0.0,4.710804868553756,6.21861323385294,9.535244422245869,75.0,18.0,2.0,9.0,0.23358081630467767,0.09555768975641118,0.05467513222937918,0.00028587609294808365,1.0,2.0,4.0,1.0876666666666654,3.360666666666665,6.1096666666666675,4.710804868553756,6.21861323385294,9.535244422245869,-6.007989491784009,-4.739127239140965,-5.680389212889944
43,0,0.0,1.6582280766035322,-4.128,"(1, 1, 0, 0, 1, 1, 1, 0, 0, 0, 0, 1, 1, 1, 0, 0, 1, 1, 0, 0, 1, 0, 0, 0, 1)",7.0,10.0,10.0,12.0,7.016,12.048,11.144,12.361,0.0,8.389629918389709,9.545589922968235,11.797408376726612,8.0,2.0,4.0,18.0,0.2851840184534717,0.0032459257037145283,0.04688694569398699,0.058909473888306356,3.0,3.0,5.0,5.032,4.128,5.345000000000001,8.389629918389709,9.545589922968235,11.797408376726612,-5.567716201517841,-8.983599717790295,-10.699564731999887
43,1,0.2857142857142857,1.6582280766035322,-4.016,"(1, 1, 1, 0, 1, 0, 0, 1, 0, 1, 0, 0, 1, 1, 1, 0, 0, 0, 1, 1, 0, 0, 1, 1, 1)",7.0,11.0,10.0,13.0,7.125333333333334,11.674666666666667,11.141333333333334,14.566666666666666,0.0,7.893534139760948,8.370403685079308,11.851079692139344,1.0,11.0,1.0,8.0,0.18392922657005725,0.05515001685951781,0.04942656560335532,0.005631817144636961,4.0,3.0,6.0,4.549333333333333,4.016,7.441333333333333,7.893534139760948,8.370403685079308,11.851079692139344,-5.5454476710184455,-7.220594447464395,-7.312365222872321
43,2,0.5714285714285714,1.6582280766035322,-4.277,"(0, 0, 0, 1, 1, 1, 1, 0, 0, 0, 0, 0, 0, 1, 0, 0, 0, 0, 1, 0, 1, 1, 1, 0, 1)",5.0,9.0,10.0,12.0,5.05,9.327,10.601,12.657333333333334,0.0,8.709105982103786,10.19339514584981,13.839525465442064,1.0,2.0,14.0,12.0,0.249615396042913,0.0008291921927266092,0.11040368720272288,0.013245529657061694,4.0,5.0,7.0,4.277,5.551000000000001,7.607333333333334,8.709105982103786,10.19339514584981,13.839525465442064,-7.34944257800697,-7.698149973536102,-10.334395972250325
43,3,0.8571428571428571,1.6582280766035322,-3.2046666666666663,"(1, 0, 0, 0, 1, 1, 1, 1, 0, 1, 0, 1, 1, 0, 1, 0, 0, 0, 1, 0, 1, 1, 0, 0, 0)",7.0,10.0,10.0,12.0,7.0,10.418,10.204666666666666,12.996666666666666,0.0,7.088611806621187,6.518761728096382,10.699670602393274,8.0,4.0,13.0,16.0,0.307661967651028,0.06785940689736605,0.00022987189848368777,0.04347592610919001,3.0,3.0,5.0,3.4179999999999993,3.2046666666666663,5.996666666666666,7.088611806621187,6.518761728096382,10.699670602393274,-6.086711556051669,-5.495525479395862,-7.798653170598775
43,4,1.1428571428571428,1.6582280766035322,-3.2623333333333333,"(1, 0, 0, 1, 0, 0, 0, 0, 1, 1, 1, 0, 0, 0, 0, 1, 1, 1, 1, 0, 1, 1, 0, 0, 1)",7.0,10.0,10.0,11.0,7.208333333333333,10.539333333333333,10.470666666666666,12.029,0.0,7.373053196027913,7.071320172733493,10.094058071683055,6.0,6.0,6.0,2.0,0.3250268321032843,0.062048438818917966,0.0005820361615487838,0.05871792249281459,3.0,3.0,4.0,3.3310000000000004,3.2623333333333333,4.820666666666667,7.373053196027913,7.071320172733493,10.094058071683055,-6.702646096778525,-6.316168920506694,-8.744485686717923
43,5,1.4285714285714284,1.6582280766035322,-2.9253333333333327,"(0, 0, 1, 0, 0, 1, 1, 0, 0, 1, 0, 0, 1, 0, 0, 1, 0, 1, 1, 0, 1, 0, 0, 0, 1)",7.0,11.0,10.0,13.0,7.267333333333333,11.771,10.192666666666666,14.295666666666667,0.0,7.074516867970058,6.5701483737146855,10.045757572762877,1.0,18.0,2.0,8.0,0.18770628356918911,0.09399287181828005,0.045460531492515166,0.0020267119021278187,4.0,3.0,6.0,4.503666666666668,2.9253333333333327,7.028333333333334,7.074516867970058,6.5701483737146855,10.045757572762877,-4.263055984543124,-6.043934633987196,-5.003577592846127
43,6,1.7142857142857142,1.6582280766035322,-1.4640000000000004,"(1, 0, 0, 1, 0, 0, 0, 0, 0, 1, 1, 0, 1, 0, 0, 0, 1, 1, 1, 0, 1, 0, 0, 0, 1)",8.0,11.0,10.0,11.0,8.863666666666667,12.503,10.327666666666667,13.168666666666667,0.0,7.232739463612644,7.271993407137131,10.368679065925008,21.0,11.0,3.0,2.0,0.23997519487561325,0.020136672512314983,0.055351869136324304,0.09300389168915117,3.0,2.0,3.0,3.639333333333333,1.4640000000000004,4.305,7.232739463612644,7.271993407137131,10.368679065925008,-5.958686935868403,-9.630977736443,-10.054962874629929
43,7,2.0,1.6582280766035322,-1.0876666666666654,"(0, 1, 1, 1, 1, 0, 1, 1, 0, 0, 1, 0, 1, 1, 0, 1, 1, 0, 1, 1, 0, 1, 1, 1, 0)",10.0,11.0,12.0,14.0,10.173666666666668,11.261333333333333,13.534333333333333,16.283333333333335,0.0,4.710804868553756,6.21861323385294,9.535244422245869,75.0,18.0,2.0,9.0,0.23358081630467767,0.09555768975641118,0.05467513222937918,0.00028587609294808365,1.0,2.0,4.0,1.0876666666666654,3.360666666666665,6.1096666666666675,4.710804868553756,6.21861323385294,9.535244422245869,-6.007989491784009,-4.739127239140965,-5.680389212889944
44,0,0.0,1.6582280766035322,-4.128,"(1, 1, 0, 0, 1, 1, 1, 0, 0, 0, 0, 1, 1, 1, 0, 0, 1, 1, 0, 0, 1, 0, 0, 0, 1)",7.0,10.0,10.0,12.0,7.016,12.048,11.144,12.361,0.0,8.389629918389709,9.545589922968235,11.797408376726612,8.0,2.0,4.0,18.0,0.2851840184534717,0.0032459257037145283,0.04688694569398699,0.058909473888306356,3.0,3.0,5.0,5.032,4.128,5.345000000000001,8.389629918389709,9.545589922968235,11.797408376726612,-5.567716201517841,-8.983599717790295,-10.699564731999887
44,1,0.2857142857142857,1.6582280766035322,-4.016,"(1, 1, 1, 0, 1, 0, 0, 1, 0, 1, 0, 0, 1, 1, 1, 0, 0, 0, 1, 1, 0, 0, 1, 1, 1)",7.0,11.0,10.0,13.0,7.125333333333334,11.674666666666667,11.141333333333334,14.566666666666666,0.0,7.893534139760948,8.370403685079308,11.851079692139344,1.0,11.0,1.0,8.0,0.18392922657005725,0.05515001685951781,0.04942656560335532,0.005631817144636961,4.0,3.0,6.0,4.549333333333333,4.016,7.441333333333333,7.893534139760948,8.370403685079308,11.851079692139344,-5.5454476710184455,-7.220594447464395,-7.312365222872321
44,2,0.5714285714285714,1.6582280766035322,-4.277,"(0, 0, 0, 1, 1, 1, 1, 0, 0, 0, 0, 0, 0, 1, 0, 0, 0, 0, 1, 0, 1, 1, 1, 0, 1)",5.0,9.0,10.0,12.0,5.05,9.327,10.601,12.657333333333334,0.0,8.709105982103786,10.19339514584981,13.839525465442064,1.0,2.0,14.0,12.0,0.249615396042913,0.0008291921927266092,0.11040368720272288,0.013245529657061694,4.0,5.0,7.0,4.277,5.551000000000001,7.607333333333334,8.709105982103786,10.19339514584981,13.839525465442064,-7.34944257800697,-7.698149973536102,-10.334395972250325
44,3,0.8571428571428571,1.6582280766035322,-3.2046666666666663,"(1, 0, 0, 0, 1, 1, 1, 1, 0, 1, 0, 1, 1, 0, 1, 0, 0, 0, 1, 0, 1, 1, 0, 0, 0)",7.0,10.0,10.0,12.0,7.0,10.418,10.204666666666666,12.996666666666666,0.0,7.088611806621187,6.518761728096382,10.699670602393274,8.0,4.0,13.0,16.0,0.307661967651028,0.06785940689736605,0.00022987189848368777,0.04347592610919001,3.0,3.0,5.0,3.4179999999999993,3.2046666666666663,5.996666666666666,7.088611806621187,6.518761728096382,10.699670602393274,-6.086711556051669,-5.495525479395862,-7.798653170598775
44,4,1.1428571428571428,1.6582280766035322,-3.2623333333333333,"(1, 0, 0, 1, 0, 0, 0, 0, 1, 1, 1, 0, 0, 0, 0, 1, 1, 1, 1, 0, 1, 1, 0, 0, 1)",7.0,10.0,10.0,11.0,7.208333333333333,10.539333333333333,10.470666666666666,12.029,0.0,7.373053196027913,7.071320172733493,10.094058071683055,6.0,6.0,6.0,2.0,0.3250268321032843,0.062048438818917966,0.0005820361615487838,0.05871792249281459,3.0,3.0,4.0,3.3310000000000004,3.2623333333333333,4.820666666666667,7.373053196027913,7.071320172733493,10.094058071683055,-6.702646096778525,-6.316168920506694,-8.744485686717923
44,5,1.4285714285714284,1.6582280766035322,-2.9253333333333327,"(0, 0, 1, 0, 0, 1, 1, 0, 0, 1, 0, 0, 1, 0, 0, 1, 0, 1, 1, 0, 1, 0, 0, 0, 1)",7.0,11.0,10.0,13.0,7.267333333333333,11.771,10.192666666666666,14.295666666666667,0.0,7.074516867970058,6.5701483737146855,10.045757572762877,1.0,18.0,2.0,8.0,0.18770628356918911,0.09399287181828005,0.045460531492515166,0.0020267119021278187,4.0,3.0,6.0,4.503666666666668,2.9253333333333327,7.028333333333334,7.074516867970058,6.5701483737146855,10.045757572762877,-4.263055984543124,-6.043934633987196,-5.003577592846127
44,6,1.7142857142857142,1.6582280766035322,-1.4640000000000004,"(1, 0, 0, 1, 0, 0, 0, 0, 0, 1, 1, 0, 1, 0, 0, 0, 1, 1, 1, 0, 1, 0, 0, 0, 1)",8.0,11.0,10.0,11.0,8.863666666666667,12.503,10.327666666666667,13.168666666666667,0.0,7.232739463612644,7.271993407137131,10.368679065925008,21.0,11.0,3.0,2.0,0.23997519487561325,0.020136672512314983,0.055351869136324304,0.09300389168915117,3.0,2.0,3.0,3.639333333333333,1.4640000000000004,4.305,7.232739463612644,7.271993407137131,10.368679065925008,-5.958686935868403,-9.630977736443,-10.054962874629929
44,7,2.0,1.6582280766035322,-1.0876666666666654,"(0, 1, 1, 1, 1, 0, 1, 1, 0, 0, 1, 0, 1, 1, 0, 1, 1, 0, 1, 1, 0, 1, 1, 1, 0)",10.0,11.0,12.0,14.0,10.173666666666668,11.261333333333333,13.534333333333333,16.283333333333335,0.0,4.710804868553756,6.21861323385294,9.535244422245869,75.0,18.0,2.0,9.0,0.23358081630467767,0.09555768975641118,0.05467513222937918,0.00028587609294808365,1.0,2.0,4.0,1.0876666666666654,3.360666666666665,6.1096666666666675,4.710804868553756,6.21861323385294,9.535244422245869,-6.007989491784009,-4.739127239140965,-5.680389212889944
45,0,0.0,1.6582280766035322,-3.5696666666666657,"(0, 1, 0, 0, 1, 1, 1, 0, 0, 0, 0, 1, 1, 1, 0, 0, 1, 1, 0, 0, 0, 0, 0, 0, 1)",6.0,9.0,10.0,12.0,6.299,9.868666666666666,10.367666666666667,13.468666666666667,0.0,8.371684205649576,8.644775945109771,13.62663661754078,3.0,1.0,5.0,15.0,0.2394992898792086,0.07153296782049791,0.06562691000296378,0.011701778239639542,3.0,4.0,6.0,3.5696666666666657,4.068666666666666,7.169666666666667,8.371684205649576,8.644775945109771,13.62663661754078,-7.962840307484059,-7.588232887120287,-10.707128862324785
45,1,0.2857142857142857,1.6582280766035322,-3.878333333333332,"(1, 1, 1, 1, 1, 0, 0, 1, 1, 1, 0, 0, 1, 1, 1, 0, 0, 0, 1, 1, 0, 0, 1, 1, 1)",8.0,12.0,12.0,14.0,8.492,12.370333333333333,13.804666666666666,14.836666666666666,0.0,5.740997485900106,5.139005419823804,9.8249184424721,1.0,4.0,3.0,48.0,0.12473300739679684,0.015445227785799645,0.03932805663373063,0.02574183484235784,4.0,4.0,6.0,3.878333333333332,5.312666666666665,6.344666666666665,5.740997485900106,5.139005419823804,9.8249184424721,-3.08872199506915,0.28796995533280845,-5.771051208289874
45,2,0.5714285714285714,1.6582280766035322,-3.315666666666666,"(0, 0, 1, 0, 1, 1, 1, 0, 0, 0, 0, 0, 0, 1, 0, 0, 0, 0, 1, 0, 1, 1, 1, 0, 1)",5.0,8.0,8.0,12.0,5.083666666666667,8.399333333333333,9.825,13.309666666666667,0.0,6.757491296858071,6.074623762534535,13.263714978219692,1.0,1.0,3.0,17.0,0.31393636332854286,0.012795036282175171,0.12943028063501946,0.0034447784251402653,3.0,3.0,7.0,3.315666666666666,4.7413333333333325,8.225999999999999,6.757491296858071,6.074623762534535,13.263714978219692,-5.707330236528957,-2.2108996239682077,-8.353680418810047
45,3,0.8571428571428571,1.6582280766035322,-2.072,"(1, 0, 0, 0, 1, 1, 1, 1, 0, 1, 0, 1, 1, 0, 1, 0, 0, 0, 0, 0, 1, 1, 0, 1, 0)",7.0,11.0,9.0,12.0,7.233333333333333,11.877333333333333,9.305333333333333,14.050666666666666,0.0,7.346871617173983,5.30209215115776,9.804264290540182,4.0,26.0,2.0,2.0,0.14196928122278954,0.003466334684501416,0.12485636939072506,0.001967878659787078,4.0,2.0,5.0,4.643999999999999,2.072,6.817333333333333,7.346871617173983,5.30209215115776,9.804264290540182,-4.481977603052694,-5.356229495066498,-4.953012776116661
45,4,1.1428571428571428,1.6582280766035322,-3.2623333333333333,"(1, 0, 0, 1, 0, 0, 0, 0, 1, 1, 1, 0, 0, 0, 0, 1, 1, 1, 1, 0, 1, 1, 0, 0, 1)",7.0,10.0,10.0,11.0,7.208333333333333,10.539333333333333,10.470666666666666,12.029,0.0,7.373053196027913,7.071320172733493,10.094058071683055,6.0,6.0,6.0,2.0,0.3250268321032843,0.062048438818917966,0.0005820361615487838,0.05871792249281459,3.0,3.0,4.0,3.3310000000000004,3.2623333333333333,4.820666666666667,7.373053196027913,7.071320172733493,10.094058071683055,-6.702646096778525,-6.316168920506694,-8.744485686717923
45,5,1.4285714285714284,1.6582280766035322,-2.9253333333333327,"(0, 0, 1, 0, 0, 1, 1, 0, 0, 1, 0, 0, 1, 0, 0, 1, 0, 1, 1, 0, 1, 0, 0, 0, 1)",7.0,11.0,10.0,13.0,7.267333333333333,11.771,10.192666666666666,14.295666666666667,0.0,7.074516867970058,6.5701483737146855,10.045757572762877,1.0,18.0,2.0,8.0,0.18770628356918911,0.09399287181828005,0.045460531492515166,0.0020267119021278187,4.0,3.0,6.0,4.503666666666668,2.9253333333333327,7.028333333333334,7.074516867970058,6.5701483737146855,10.045757572762877,-4.263055984543124,-6.043934633987196,-5.003577592846127
45,6,1.7142857142857142,1.6582280766035322,-1.4640000000000004,"(1, 0, 0, 1, 0, 0, 0, 0, 0, 1, 1, 0, 1, 0, 0, 0, 1, 1, 1, 0, 1, 0, 0, 0, 1)",8.0,11.0,10.0,11.0,8.863666666666667,12.503,10.327666666666667,13.168666666666667,0.0,7.232739463612644,7.271993407137131,10.368679065925008,21.0,11.0,3.0,2.0,0.23997519487561325,0.020136672512314983,0.055351869136324304,0.09300389168915117,3.0,2.0,3.0,3.639333333333333,1.4640000000000004,4.305,7.232739463612644,7.271993407137131,10.368679065925008,-5.958686935868403,-9.630977736443,-10.054962874629929
45,7,2.0,1.6582280766035322,-1.0876666666666654,"(0, 1, 1, 1, 1, 0, 1, 1, 0, 0, 1, 0, 1, 1, 0, 1, 1, 0, 1, 1, 0, 1, 1, 1, 0)",10.0,11.0,12.0,14.0,10.173666666666668,11.261333333333333,13.534333333333333,16.283333333333335,0.0,4.710804868553756,6.21861323385294,9.535244422245869,75.0,18.0,2.0,9.0,0.23358081630467767,0.09555768975641118,0.05467513222937918,0.00028587609294808365,1.0,2.0,4.0,1.0876666666666654,3.360666666666665,6.1096666666666675,4.710804868553756,6.21861323385294,9.535244422245869,-6.007989491784009,-4.739127239140965,-5.680389212889944
46,0,0.0,1.6582280766035322,-3.5696666666666657,"(0, 1, 0, 0, 1, 1, 1, 0, 0, 0, 0, 1, 1, 1, 0, 0, 1, 1, 0, 0, 0, 0, 0, 0, 1)",6.0,9.0,10.0,12.0,6.299,9.868666666666666,10.367666666666667,13.468666666666667,0.0,8.371684205649576,8.644775945109771,13.62663661754078,3.0,1.0,5.0,15.0,0.2394992898792086,0.07153296782049791,0.06562691000296378,0.011701778239639542,3.0,4.0,6.0,3.5696666666666657,4.068666666666666,7.169666666666667,8.371684205649576,8.644775945109771,13.62663661754078,-7.962840307484059,-7.588232887120287,-10.707128862324785
46,1,0.2857142857142857,1.6582280766035322,-4.285,"(1, 1, 1, 0, 1, 0, 0, 1, 1, 1, 0, 0, 1, 1, 1, 0, 0, 0, 1, 1, 0, 0, 1, 0, 1)",7.0,11.0,10.0,12.0,7.0,11.285,11.293333333333333,12.922666666666666,0.0,5.580204636738784,5.324588778730351,9.926383576003829,4.0,4.0,8.0,12.0,0.1305303386764607,0.05292083411838822,0.04103718589268593,0.06986572424718505,4.0,3.0,5.0,4.285,4.293333333333333,5.922666666666666,5.580204636738784,5.324588778730351,9.926383576003829,-2.1477446935873297,-1.7100567337076156,-6.639075789835202
46,2,0.5714285714285714,1.6582280766035322,-2.251666666666667,"(0, 0, 1, 0, 1, 1, 1, 0, 0, 0, 1, 1, 0, 1, 0, 0, 0, 0, 1, 0, 1, 1, 1, 0, 1)",6.0,8.0,9.0,11.0,6.254,8.505666666666666,9.607666666666667,12.487666666666666,0.0,6.1737673767590175,7.558728678716492,12.569626767244468,2.0,1.0,5.0,4.0,0.3895562535063919,0.006789724460490685,0.11684004381305647,0.020772448279414983,2.0,3.0,5.0,2.251666666666667,3.3536666666666672,6.233666666666666,6.1737673767590175,7.558728678716492,12.569626767244468,-6.503737516741786,-6.97295189223996,-10.506466931017851
46,3,0.8571428571428571,1.6582280766035322,-2.072,"(1, 0, 0, 0, 1, 1, 1, 1, 0, 1, 0, 1, 1, 0, 1, 0, 0, 0, 0, 0, 1, 1, 0, 1, 0)",7.0,11.0,9.0,12.0,7.233333333333333,11.877333333333333,9.305333333333333,14.050666666666666,0.0,7.346871617173983,5.30209215115776,9.804264290540182,4.0,26.0,2.0,2.0,0.14196928122278954,0.003466334684501416,0.12485636939072506,0.001967878659787078,4.0,2.0,5.0,4.643999999999999,2.072,6.817333333333333,7.346871617173983,5.30209215115776,9.804264290540182,-4.481977603052694,-5.356229495066498,-4.953012776116661
46,4,1.1428571428571428,1.6582280766035322,-2.5760000000000005,"(1, 0, 0, 1, 0, 0, 0, 0, 1, 1, 1, 0, 0, 0, 0, 1, 1, 1, 1, 1, 1, 1, 0, 0, 0)",7.0,9.0,10.0,12.0,8.120666666666667,10.861666666666666,10.696666666666667,13.039333333333333,0.0,6.416688577603232,7.256608735537532,10.806349941988103,3.0,1.0,2.0,3.0,0.3068584029796164,0.005985030813102448,0.0017037269883291527,0.00032425687951270006,2.0,3.0,5.0,2.7409999999999997,2.5760000000000005,4.918666666666667,6.416688577603232,7.256608735537532,10.806349941988103,-6.09513000023258,-7.761516820864092,-9.763121713287049
46,5,1.4285714285714284,1.6582280766035322,-2.9253333333333327,"(0, 0, 1, 0, 0, 1, 1, 0, 0, 1, 0, 0, 1, 0, 0, 1, 0, 1, 1, 0, 1, 0, 0, 0, 1)",7.0,11.0,10.0,13.0,7.267333333333333,11.771,10.192666666666666,14.295666666666667,0.0,7.074516867970058,6.5701483737146855,10.045757572762877,1.0,18.0,2.0,8.0,0.18770628356918911,0.09399287181828005,0.045460531492515166,0.0020267119021278187,4.0,3.0,6.0,4.503666666666668,2.9253333333333327,7.028333333333334,7.074516867970058,6.5701483737146855,10.045757572762877,-4.263055984543124,-6.043934633987196,-5.003577592846127
46,6,1.7142857142857142,1.6582280766035322,-1.4640000000000004,"(1, 0, 0, 1, 0, 0, 0, 0, 0, 1, 1, 0, 1, 0, 0, 0, 1, 1, 1, 0, 1, 0, 0, 0, 1)",8.0,11.0,10.0,11.0,8.863666666666667,12.503,10.327666666666667,13.168666666666667,0.0,7.232739463612644,7.271993407137131,10.368679065925008,21.0,11.0,3.0,2.0,0.23997519487561325,0.020136672512314983,0.055351869136324304,0.09300389168915117,3.0,2.0,3.0,3.639333333333333,1.4640000000000004,4.305,7.232739463612644,7.271993407137131,10.368679065925008,-5.958686935868403,-9.630977736443,-10.054962874629929
46,7,2.0,1.6582280766035322,-1.0876666666666654,"(0, 1, 1, 1, 1, 0, 1, 1, 0, 0, 1, 0, 1, 1, 0, 1, 1, 0, 1, 1, 0, 1, 1, 1, 0)",10.0,11.0,12.0,14.0,10.173666666666668,11.261333333333333,13.534333333333333,16.283333333333335,0.0,4.710804868553756,6.21861323385294,9.535244422245869,75.0,18.0,2.0,9.0,0.23358081630467767,0.09555768975641118,0.05467513222937918,0.00028587609294808365,1.0,2.0,4.0,1.0876666666666654,3.360666666666665,6.1096666666666675,4.710804868553756,6.21861323385294,9.535244422245869,-6.007989491784009,-4.739127239140965,-5.680389212889944
47,0,0.0,1.6582280766035322,-3.5696666666666657,"(0, 1, 0, 0, 1, 1, 1, 0, 0, 0, 0, 1, 1, 1, 0, 0, 1, 1, 0, 0, 0, 0, 0, 0, 1)",6.0,9.0,10.0,12.0,6.299,9.868666666666666,10.367666666666667,13.468666666666667,0.0,8.371684205649576,8.644775945109771,13.62663661754078,3.0,1.0,5.0,15.0,0.2394992898792086,0.07153296782049791,0.06562691000296378,0.011701778239639542,3.0,4.0,6.0,3.5696666666666657,4.068666666666666,7.169666666666667,8.371684205649576,8.644775945109771,13.62663661754078,-7.962840307484059,-7.588232887120287,-10.707128862324785
47,1,0.2857142857142857,1.6582280766035322,-4.285,"(1, 1, 1, 0, 1, 0, 0, 1, 1, 1, 0, 0, 1, 1, 1, 0, 0, 0, 1, 1, 0, 0, 1, 0, 1)",7.0,11.0,10.0,12.0,7.0,11.285,11.293333333333333,12.922666666666666,0.0,5.580204636738784,5.324588778730351,9.926383576003829,4.0,4.0,8.0,12.0,0.1305303386764607,0.05292083411838822,0.04103718589268593,0.06986572424718505,4.0,3.0,5.0,4.285,4.293333333333333,5.922666666666666,5.580204636738784,5.324588778730351,9.926383576003829,-2.1477446935873297,-1.7100567337076156,-6.639075789835202
47,2,0.5714285714285714,1.6582280766035322,-2.251666666666667,"(0, 0, 1, 0, 1, 1, 1, 0, 0, 0, 1, 1, 0, 1, 0, 0, 0, 0, 1, 0, 1, 1, 1, 0, 1)",6.0,8.0,9.0,11.0,6.254,8.505666666666666,9.607666666666667,12.487666666666666,0.0,6.1737673767590175,7.558728678716492,12.569626767244468,2.0,1.0,5.0,4.0,0.3895562535063919,0.006789724460490685,0.11684004381305647,0.020772448279414983,2.0,3.0,5.0,2.251666666666667,3.3536666666666672,6.233666666666666,6.1737673767590175,7.558728678716492,12.569626767244468,-6.503737516741786,-6.97295189223996,-10.506466931017851
47,3,0.8571428571428571,1.6582280766035322,-2.072,"(1, 0, 0, 0, 1, 1, 1, 1, 0, 1, 0, 1, 1, 0, 1, 0, 0, 0, 0, 0, 1, 1, 0, 1, 0)",7.0,11.0,9.0,12.0,7.233333333333333,11.877333333333333,9.305333333333333,14.050666666666666,0.0,7.346871617173983,5.30209215115776,9.804264290540182,4.0,26.0,2.0,2.0,0.14196928122278954,0.003466334684501416,0.12485636939072506,0.001967878659787078,4.0,2.0,5.0,4.643999999999999,2.072,6.817333333333333,7.346871617173983,5.30209215115776,9.804264290540182,-4.481977603052694,-5.356229495066498,-4.953012776116661
47,4,1.1428571428571428,1.6582280766035322,-2.5760000000000005,"(1, 0, 0, 1, 0, 0, 0, 0, 1, 1, 1, 0, 0, 0, 0, 1, 1, 1, 1, 1, 1, 1, 0, 0, 0)",7.0,9.0,10.0,12.0,8.120666666666667,10.861666666666666,10.696666666666667,13.039333333333333,0.0,6.416688577603232,7.256608735537532,10.806349941988103,3.0,1.0,2.0,3.0,0.3068584029796164,0.005985030813102448,0.0017037269883291527,0.00032425687951270006,2.0,3.0,5.0,2.7409999999999997,2.5760000000000005,4.918666666666667,6.416688577603232,7.256608735537532,10.806349941988103,-6.09513000023258,-7.761516820864092,-9.763121713287049
47,5,1.4285714285714284,1.6582280766035322,-2.9253333333333327,"(0, 0, 1, 0, 0, 1, 1, 0, 0, 1, 0, 0, 1, 0, 0, 1, 0, 1, 1, 0, 1, 0, 0, 0, 1)",7.0,11.0,10.0,13.0,7.267333333333333,11.771,10.192666666666666,14.295666666666667,0.0,7.074516867970058,6.5701483737146855,10.045757572762877,1.0,18.0,2.0,8.0,0.18770628356918911,0.09399287181828005,0.045460531492515166,0.0020267119021278187,4.0,3.0,6.0,4.503666666666668,2.9253333333333327,7.028333333333334,7.074516867970058,6.5701483737146855,10.045757572762877,-4.263055984543124,-6.043934633987196,-5.003577592846127
47,6,1.7142857142857142,1.6582280766035322,-1.4640000000000004,"(1, 0, 0, 1, 0, 0, 0, 0, 0, 1, 1, 0, 1, 0, 0, 0, 1, 1, 1, 0, 1, 0, 0, 0, 1)",8.0,11.0,10.0,11.0,8.863666666666667,12.503,10.327666666666667,13.168666666666667,0.0,7.232739463612644,7.271993407137131,10.368679065925008,21.0,11.0,3.0,2.0,0.23997519487561325,0.020136672512314983,0.055351869136324304,0.09300389168915117,3.0,2.0,3.0,3.639333333333333,1.4640000000000004,4.305,7.232739463612644,7.271993407137131,10.368679065925008,-5.958686935868403,-9.630977736443,-10.054962874629929
47,7,2.0,1.6582280766035322,-1.0876666666666654,"(0, 1, 1, 1, 1, 0, 1, 1, 0, 0, 1, 0, 1, 1, 0, 1, 1, 0, 1, 1, 0, 1, 1, 1, 0)",10.0,11.0,12.0,14.0,10.173666666666668,11.261333333333333,13.534333333333333,16.283333333333335,0.0,4.710804868553756,6.21861323385294,9.535244422245869,75.0,18.0,2.0,9.0,0.23358081630467767,0.09555768975641118,0.05467513222937918,0.00028587609294808365,1.0,2.0,4.0,1.0876666666666654,3.360666666666665,6.1096666666666675,4.710804868553756,6.21861323385294,9.535244422245869,-6.007989491784009,-4.739127239140965,-5.680389212889944
48,0,0.0,1.6582280766035322,-3.5696666666666657,"(0, 1, 0, 0, 1, 1, 1, 0, 0, 0, 0, 1, 1, 1, 0, 0, 1, 1, 0, 0, 0, 0, 0, 0, 1)",6.0,9.0,10.0,12.0,6.299,9.868666666666666,10.367666666666667,13.468666666666667,0.0,8.371684205649576,8.644775945109771,13.62663661754078,3.0,1.0,5.0,15.0,0.2394992898792086,0.07153296782049791,0.06562691000296378,0.011701778239639542,3.0,4.0,6.0,3.5696666666666657,4.068666666666666,7.169666666666667,8.371684205649576,8.644775945109771,13.62663661754078,-7.962840307484059,-7.588232887120287,-10.707128862324785
48,1,0.2857142857142857,1.6582280766035322,-4.285,"(1, 1, 1, 0, 1, 0, 0, 1, 1, 1, 0, 0, 1, 1, 1, 0, 0, 0, 1, 1, 0, 0, 1, 0, 1)",7.0,11.0,10.0,12.0,7.0,11.285,11.293333333333333,12.922666666666666,0.0,5.580204636738784,5.324588778730351,9.926383576003829,4.0,4.0,8.0,12.0,0.1305303386764607,0.05292083411838822,0.04103718589268593,0.06986572424718505,4.0,3.0,5.0,4.285,4.293333333333333,5.922666666666666,5.580204636738784,5.324588778730351,9.926383576003829,-2.1477446935873297,-1.7100567337076156,-6.639075789835202
48,2,0.5714285714285714,1.6582280766035322,-2.251666666666667,"(0, 0, 1, 0, 1, 1, 1, 0, 0, 0, 1, 1, 0, 1, 0, 0, 0, 0, 1, 0, 1, 1, 1, 0, 1)",6.0,8.0,9.0,11.0,6.254,8.505666666666666,9.607666666666667,12.487666666666666,0.0,6.1737673767590175,7.558728678716492,12.569626767244468,2.0,1.0,5.0,4.0,0.3895562535063919,0.006789724460490685,0.11684004381305647,0.020772448279414983,2.0,3.0,5.0,2.251666666666667,3.3536666666666672,6.233666666666666,6.1737673767590175,7.558728678716492,12.569626767244468,-6.503737516741786,-6.97295189223996,-10.506466931017851
48,3,0.8571428571428571,1.6582280766035322,-4.052666666666666,"(1, 0, 0, 0, 1, 1, 1, 0, 0, 1, 0, 1, 0, 0, 1, 0, 0, 0, 0, 0, 1, 1, 0, 1, 0)",6.0,10.0,10.0,12.0,6.349333333333333,10.643333333333333,10.402,13.502,0.0,6.556385080678877,7.427489138831524,12.093217840836273,2.0,16.0,9.0,8.0,0.27120021769526365,0.0011426555226753104,0.05524069903719538,0.0005946353190185797,4.0,4.0,6.0,4.294,4.052666666666666,7.152666666666668,6.556385080678877,7.427489138831524,12.093217840836273,-3.751550460870661,-5.596225376896309,-8.192560670904587
48,4,1.1428571428571428,1.6582280766035322,-4.214666666666668,"(1, 0, 0, 1, 0, 0, 0, 0, 0, 0, 1, 0, 0, 0, 0, 1, 1, 1, 1, 1, 1, 1, 0, 0, 0)",6.0,9.0,10.0,13.0,6.116,10.330666666666668,11.276333333333334,13.745666666666667,0.0,8.406046376348083,8.296861269881944,12.578829933069619,1.0,1.0,2.0,36.0,0.3317299817463138,0.0016484480710229892,0.12494799367411973,0.002600544759293643,3.0,4.0,7.0,4.214666666666668,5.160333333333334,7.629666666666667,8.406046376348083,8.296861269881944,12.578829933069619,-6.950263514300085,-5.201078687436247,-8.206841484044222
48,5,1.4285714285714284,1.6582280766035322,-3.1133333333333333,"(0, 0, 1, 0, 0, 1, 1, 0, 0, 1, 0, 1, 1, 0, 0, 1, 1, 1, 1, 0, 1, 0, 0, 0, 1)",7.0,10.0,11.0,13.0,7.209333333333333,10.322666666666667,11.253666666666666,13.942333333333334,0.0,6.927938718376509,8.14493994093045,11.552506514568675,3.0,2.0,9.0,16.0,0.14756239378959532,0.06380482188912825,0.05865221707832073,0.05429979264232946,3.0,4.0,6.0,3.1133333333333333,4.0443333333333324,6.7330000000000005,6.927938718376509,8.14493994093045,11.552506514568675,-6.325485750641621,-6.7997410078235045,-7.9918410178314065
48,6,1.7142857142857142,1.6582280766035322,-1.4640000000000004,"(1, 0, 0, 1, 0, 0, 0, 0, 0, 1, 1, 0, 1, 0, 0, 0, 1, 1, 1, 0, 1, 0, 0, 0, 1)",8.0,11.0,10.0,11.0,8.863666666666667,12.503,10.327666666666667,13.168666666666667,0.0,7.232739463612644,7.271993407137131,10.368679065925008,21.0,11.0,3.0,2.0,0.23997519487561325,0.020136672512314983,0.055351869136324304,0.09300389168915117,3.0,2.0,3.0,3.639333333333333,1.4640000000000004,4.305,7.232739463612644,7.271993407137131,10.368679065925008,-5.958686935868403,-9.630977736443,-10.054962874629929
48,7,2.0,1.6582280766035322,-1.0876666666666654,"(0, 1, 1, 1, 1, 0, 1, 1, 0, 0, 1, 0, 1, 1, 0, 1, 1, 0, 1, 1, 0, 1, 1, 1, 0)",10.0,11.0,12.0,14.0,10.173666666666668,11.261333333333333,13.534333333333333,16.283333333333335,0.0,4.710804868553756,6.21861323385294,9.535244422245869,75.0,18.0,2.0,9.0,0.23358081630467767,0.09555768975641118,0.05467513222937918,0.00028587609294808365,1.0,2.0,4.0,1.0876666666666654,3.360666666666665,6.1096666666666675,4.710804868553756,6.21861323385294,9.535244422245869,-6.007989491784009,-4.739127239140965,-5.680389212889944
49,0,0.0,1.6582280766035322,-4.348333333333333,"(0, 1, 0, 0, 1, 0, 1, 0, 0, 0, 1, 1, 1, 1, 0, 0, 1, 1, 0, 0, 0, 0, 0, 0, 1)",5.0,9.0,9.0,12.0,5.026,9.374333333333333,10.638333333333334,13.817,0.0,7.413366563045785,8.267943614701618,12.669931141122577,1.0,3.0,1.0,18.0,0.27815423129679884,0.02348262318974902,0.0625657649228649,0.023672406574166648,4.0,4.0,7.0,4.348333333333333,5.612333333333334,8.791,7.413366563045785,8.267943614701618,12.669931141122577,-5.082524157231992,-4.403607529081896,-6.432152525421234
49,1,0.2857142857142857,1.6582280766035322,-4.285,"(1, 1, 1, 0, 1, 0, 0, 1, 1, 1, 0, 0, 1, 1, 1, 0, 0, 0, 1, 1, 0, 0, 1, 0, 1)",7.0,11.0,10.0,12.0,7.0,11.285,11.293333333333333,12.922666666666666,0.0,5.580204636738784,5.324588778730351,9.926383576003829,4.0,4.0,8.0,12.0,0.1305303386764607,0.05292083411838822,0.04103718589268593,0.06986572424718505,4.0,3.0,5.0,4.285,4.293333333333333,5.922666666666666,5.580204636738784,5.324588778730351,9.926383576003829,-2.1477446935873297,-1.7100567337076156,-6.639075789835202
49,2,0.5714285714285714,1.6582280766035322,-2.251666666666667,"(0, 0, 1, 0, 1, 1, 1, 0, 0, 0, 1, 1, 0, 1, 0, 0, 0, 0, 1, 0, 1, 1, 1, 0, 1)",6.0,8.0,9.0,11.0,6.254,8.505666666666666,9.607666666666667,12.487666666666666,0.0,6.1737673767590175,7.558728678716492,12.569626767244468,2.0,1.0,5.0,4.0,0.3895562535063919,0.006789724460490685,0.11684004381305647,0.020772448279414983,2.0,3.0,5.0,2.251666666666667,3.3536666666666672,6.233666666666666,6.1737673767590175,7.558728678716492,12.569626767244468,-6.503737516741786,-6.97295189223996,-10.506466931017851
49,3,0.8571428571428571,1.6582280766035322,-3.2186666666666675,"(1, 0, 0, 0, 1, 1, 1, 0, 0, 1, 0, 1, 1, 1, 1, 0, 0, 0, 0, 0, 1, 1, 0, 1, 0)",7.0,11.0,10.0,12.0,7.088666666666667,12.974333333333334,10.307333333333334,13.741666666666667,0.0,8.15735822674857,6.614386213847186,11.309078632923276,2.0,2.0,5.0,2.0,0.19045173698932108,0.114818511068222,0.0040786992647786745,0.008366122330731265,4.0,3.0,5.0,5.885666666666667,3.2186666666666675,6.6530000000000005,8.15735822674857,6.614386213847186,11.309078632923276,-3.7669827263110918,-5.630877493406168,-7.720840315987167
49,4,1.1428571428571428,1.6582280766035322,-1.9896666666666656,"(1, 0, 0, 1, 0, 0, 0, 0, 0, 0, 1, 0, 1, 0, 0, 1, 1, 0, 1, 1, 1, 1, 0, 0, 0)",7.0,9.0,10.0,12.0,7.472,9.461666666666666,11.153666666666666,13.375666666666667,0.0,6.314357480520388,7.3069912319316686,10.993020361522644,4.0,1.0,1.0,3.0,0.3707078657741894,0.026703026314818492,0.026824402265239834,0.031020835914031493,2.0,3.0,5.0,1.9896666666666656,3.6816666666666658,5.903666666666667,6.314357480520388,7.3069912319316686,10.993020361522644,-7.171323730161623,-6.011614980922922,-8.439309188576107
49,5,1.4285714285714284,1.6582280766035322,-3.1133333333333333,"(0, 0, 1, 0, 0, 1, 1, 0, 0, 1, 0, 1, 1, 0, 0, 1, 1, 1, 1, 0, 1, 0, 0, 0, 1)",7.0,10.0,11.0,13.0,7.209333333333333,10.322666666666667,11.253666666666666,13.942333333333334,0.0,6.927938718376509,8.14493994093045,11.552506514568675,3.0,2.0,9.0,16.0,0.14756239378959532,0.06380482188912825,0.05865221707832073,0.05429979264232946,3.0,4.0,6.0,3.1133333333333333,4.0443333333333324,6.7330000000000005,6.927938718376509,8.14493994093045,11.552506514568675,-6.325485750641621,-6.7997410078235045,-7.9918410178314065
49,6,1.7142857142857142,1.6582280766035322,-1.4640000000000004,"(1, 0, 0, 1, 0, 0, 0, 0, 0, 1, 1, 0, 1, 0, 0, 0, 1, 1, 1, 0, 1, 0, 0, 0, 1)",8.0,11.0,10.0,11.0,8.863666666666667,12.503,10.327666666666667,13.168666666666667,0.0,7.232739463612644,7.271993407137131,10.368679065925008,21.0,11.0,3.0,2.0,0.23997519487561325,0.020136672512314983,0.055351869136324304,0.09300389168915117,3.0,2.0,3.0,3.639333333333333,1.4640000000000004,4.305,7.232739463612644,7.271993407137131,10.368679065925008,-5.958686935868403,-9.630977736443,-10.054962874629929
49,7,2.0,1.6582280766035322,-1.0876666666666654,"(0, 1, 1, 1, 1, 0, 1, 1, 0, 0, 1, 0, 1, 1, 0, 1, 1, 0, 1, 1, 0, 1, 1, 1, 0)",10.0,11.0,12.0,14.0,10.173666666666668,11.261333333333333,13.534333333333333,16.283333333333335,0.0,4.710804868553756,6.21861323385294,9.535244422245869,75.0,18.0,2.0,9.0,0.23358081630467767,0.09555768975641118,0.05467513222937918,0.00028587609294808365,1.0,2.0,4.0,1.0876666666666654,3.360666666666665,6.1096666666666675,4.710804868553756,6.21861323385294,9.535244422245869,-6.007989491784009,-4.739127239140965,-5.680389212889944
