step,replica,lambda,beta,phi,syndrome,E0_II,E0_IX,E0_XI,E0_XX,U_II,U_IX,U_XI,U_XX,F_II,F_IX,F_XI,F_XX,g_II,g_IX,g_XI,g_XX,Z_II,Z_IX,Z_XI,Z_XX,delta_E0_IX,delta_E0_XI,delta_E0_XX,delta_U_IX,delta_U_XI,delta_U_XX,delta_F_IX,delta_F_XI,delta_F_XX,delta_S_IX,delta_S_XI,delta_S_XX
0,0,0.0,1.6582280766035322,-0.2793076274560242,"(0, 1, 0, 0, 0, 0, 1, 0, 0, 0, 0, 0, 0, 0, 0, 0, 1, 1, 1, 0, 0, 0, 0, 1, 0)",3.0,7.0,7.0,10.0,4.929,10.891,10.822,14.616,0.0,3.3859082724821423,4.562697464178449,6.223762953268615,1.0,2.0,2.0,6.0,0.1738959013498316,0.06373849091647374,0.13484872378324794,0.01621327863595623,4.0,4.0,7.0,5.962,5.892999999999999,9.687,3.3859082724821423,4.562697464178449,6.223762953268615,4.271747630476208,2.205945015276171,5.742836906823481
0,1,0.2857142857142857,1.6582280766035322,-0.3240660674917143,"(0, 0, 1, 1, 0, 0, 0, 1, 1, 0, 1, 1, 1, 1, 1, 0, 0, 1, 0, 0, 1, 0, 1, 0, 0)",7.0,10.0,11.0,13.0,10.526333333333334,13.645333333333333,15.453333333333333,16.892333333333333,0.0,2.45808360173145,2.6596596491990145,3.8354078421583444,2.0,4.0,4.0,6.0,0.12634020352061293,0.08152816478707806,0.04514647595146125,0.03339101955624404,3.0,4.0,6.0,3.1189999999999998,4.927,6.366,2.45808360173145,2.6596596491990145,3.8354078421583444,1.0959501278965917,3.7597674289142953,4.196298966565751
0,2,0.5714285714285714,1.6582280766035322,0.5733676576081881,"(0, 0, 0, 0, 0, 1, 0, 0, 0, 1, 1, 0, 1, 0, 0, 0, 0, 0, 0, 0, 0, 0, 0, 0, 0)",3.0,7.0,8.0,12.0,4.937666666666667,10.5,10.266,14.612,0.0,5.062680866409026,5.555239091807697,7.4610314078699345,1.0,2.0,11.0,76.0,0.28760900521347466,0.018995987425704308,0.05162089165366715,0.012239583845757308,4.0,5.0,9.0,5.562333333333333,5.328333333333333,9.674333333333333,5.062680866409026,5.555239091807697,7.4610314078699345,0.8285377491981043,-0.3762614994452097,3.6701593948040663
0,3,0.8571428571428571,1.6582280766035322,-0.18827277531579933,"(1, 0, 1, 1, 1, 1, 0, 0, 1, 0, 0, 1, 0, 1, 0, 0, 1, 1, 1, 0, 0, 0, 1, 0, 0)",6.0,10.0,10.0,13.0,8.355333333333334,15.072666666666667,14.514666666666667,18.659333333333333,0.0,3.3895471618724677,3.609649301906978,5.712835245732458,1.0,1.0,1.0,7.0,0.16947170715646204,0.026619922422744975,0.06725912661551114,0.013882047880988716,4.0,4.0,7.0,6.7173333333333325,6.159333333333333,10.303999999999998,3.3895471618724677,3.609649301906978,5.712835245732458,5.5182284624493825,4.227957647378863,7.613198299838993
0,4,1.1428571428571428,1.6582280766035322,-1.218715545602887,"(1, 0, 0, 0, 0, 0, 0, 0, 0, 1, 0, 0, 1, 0, 0, 1, 1, 0, 0, 0, 1, 0, 0, 0, 0)",5.0,9.0,9.0,10.0,6.056,12.820666666666666,12.462333333333333,15.231333333333334,0.0,4.241775057086445,4.086509634847135,5.847492577930867,4.0,7.0,8.0,1.0,0.34335942414945886,0.011163183693528502,0.005074510169786496,0.003134435979334515,4.0,4.0,5.0,6.764666666666666,6.406333333333333,9.175333333333334,4.241775057086445,4.086509634847135,5.847492577930867,4.1835297012333985,3.8467967896000608,5.51831897507388
0,5,1.4285714285714284,1.6582280766035322,-1.26567084141805,"(0, 0, 1, 1, 0, 0, 0, 1, 1, 1, 1, 0, 0, 1, 1, 0, 0, 0, 0, 0, 0, 0, 0, 0, 0)",5.0,8.0,8.0,11.0,6.973,11.925,9.746333333333334,15.614,0.0,2.963880014608341,3.585374685341141,5.3644691639726645,8.0,2.0,7.0,6.0,0.2566949284050743,0.009500175761085467,0.024997416828393414,0.013607740918985275,3.0,3.0,6.0,4.952000000000001,2.7733333333333343,8.641000000000002,2.963880014608341,3.585374685341141,5.3644691639726645,3.296756379433055,-1.346549769262437,5.433235426157775
0,6,1.7142857142857142,1.6582280766035322,0.3589488432754815,"(1, 1, 1, 0, 0, 0, 0, 1, 0, 0, 0, 0, 0, 0, 0, 0, 0, 0, 0, 0, 0, 0, 0, 0, 0)",2.0,6.0,6.0,11.0,3.6013333333333333,8.481666666666667,8.093666666666667,13.423666666666668,0.0,4.6731723035930575,4.3012317460108855,7.023553991749107,1.0,1.0,2.0,32.0,0.4726170831813556,0.05022018932124313,0.054965995081226966,0.0037362795847114077,4.0,4.0,9.0,4.8803333333333345,4.492333333333335,9.822333333333335,4.6731723035930575,4.3012317460108855,7.023553991749107,0.3435202358934268,0.3168900175815867,4.6410144844329135
0,7,2.0,1.6582280766035322,-0.07577756082649545,"(1, 1, 1, 0, 0, 0, 1, 0, 0, 0, 0, 0, 1, 0, 0, 0, 0, 1, 0, 1, 0, 0, 1, 0, 0)",6.0,10.0,9.0,12.0,7.307666666666667,14.372,13.349,15.919333333333332,0.0,1.6606877815838275,2.5695718027484267,3.578548313092457,3.0,5.0,5.0,8.0,0.1427703710295358,0.0402618413211955,0.02697397033650656,0.019129335424513665,4.0,3.0,6.0,7.064333333333333,6.041333333333333,8.611666666666665,1.6606877815838275,2.5695718027484267,3.578548313092457,8.960476769924815,5.7569724452879445,8.346058166765296
1,0,0.0,1.6582280766035322,-0.4437021443576953,"(0, 1, 0, 0, 0, 0, 1, 0, 0, 0, 0, 0, 0, 0, 0, 0, 1, 1, 1, 0, 1, 1, 0, 1, 0)",4.0,8.0,8.0,11.0,6.056333333333333,10.057,11.629666666666667,14.918,0.0,4.377740546989732,3.523412229545388,6.23924896102845,1.0,5.0,4.0,2.0,0.28044714100488516,0.06084753994705487,0.13685060020228154,0.008011807802110449,4.0,4.0,7.0,4.0006666666666675,5.573333333333334,8.861666666666666,4.377740546989732,3.523412229545388,6.23924896102845,-0.6252744953055457,3.3992367291232757,4.348566668071508
1,1,0.2857142857142857,1.6582280766035322,-0.3240660674917143,"(0, 0, 1, 1, 0, 0, 0, 1, 1, 0, 1, 1, 1, 1, 1, 0, 0, 1, 0, 0, 1, 0, 1, 0, 0)",7.0,10.0,11.0,13.0,10.526333333333334,13.645333333333333,15.453333333333333,16.892333333333333,0.0,2.45808360173145,2.6596596491990145,3.8354078421583444,2.0,4.0,4.0,6.0,0.12634020352061293,0.08152816478707806,0.04514647595146125,0.03339101955624404,3.0,4.0,6.0,3.1189999999999998,4.927,6.366,2.45808360173145,2.6596596491990145,3.8354078421583444,1.0959501278965917,3.7597674289142953,4.196298966565751
1,2,0.5714285714285714,1.6582280766035322,0.5733676576081881,"(0, 0, 0, 0, 0, 1, 0, 0, 0, 1, 1, 0, 1, 0, 0, 0, 0, 0, 0, 0, 0, 0, 0, 0, 0)",3.0,7.0,8.0,12.0,4.937666666666667,10.5,10.266,14.612,0.0,5.062680866409026,5.555239091807697,7.4610314078699345,1.0,2.0,11.0,76.0,0.28760900521347466,0.018995987425704308,0.05162089165366715,0.012239583845757308,4.0,5.0,9.0,5.562333333333333,5.328333333333333,9.674333333333333,5.062680866409026,5.555239091807697,7.4610314078699345,0.8285377491981043,-0.3762614994452097,3.6701593948040663
1,3,0.8571428571428571,1.6582280766035322,-0.18827277531579933,"(1, 0, 1, 1, 1, 1, 0, 0, 1, 0, 0, 1, 0, 1, 0, 0, 1, 1, 1, 0, 0, 0, 1, 0, 0)",6.0,10.0,10.0,13.0,8.355333333333334,15.072666666666667,14.514666666666667,18.659333333333333,0.0,3.3895471618724677,3.609649301906978,5.712835245732458,1.0,1.0,1.0,7.0,0.16947170715646204,0.026619922422744975,0.06725912661551114,0.013882047880988716,4.0,4.0,7.0,6.7173333333333325,6.159333333333333,10.303999999999998,3.3895471618724677,3.609649301906978,5.712835245732458,5.5182284624493825,4.227957647378863,7.613198299838993
1,4,1.1428571428571428,1.6582280766035322,-0.8286995061021794,"(1, 1, 1, 0, 0, 0, 0, 0, 0, 1, 0, 0, 1, 0, 0, 1, 1, 0, 0, 0, 1, 0, 0, 0, 0)",6.0,9.0,10.0,12.0,9.232,12.164,14.837333333333333,15.6,0.0,3.446184863066681,3.6702206885940205,5.035071368933575,4.0,4.0,10.0,2.0,0.15167486690790546,0.03876625167582867,0.05951605515610239,0.014413936082980354,3.0,4.0,6.0,2.9320000000000004,5.605333333333334,6.368,3.446184863066681,3.6702206885940205,5.035071368933575,-0.8526357765017123,3.2088581188972465,2.2102996801430583
1,5,1.4285714285714284,1.6582280766035322,-1.26567084141805,"(0, 0, 1, 1, 0, 0, 0, 1, 1, 1, 1, 0, 0, 1, 1, 0, 0, 0, 0, 0, 0, 0, 0, 0, 0)",5.0,8.0,8.0,11.0,6.973,11.925,9.746333333333334,15.614,0.0,2.963880014608341,3.585374685341141,5.3644691639726645,8.0,2.0,7.0,6.0,0.2566949284050743,0.009500175761085467,0.024997416828393414,0.013607740918985275,3.0,3.0,6.0,4.952000000000001,2.7733333333333343,8.641000000000002,2.963880014608341,3.585374685341141,5.3644691639726645,3.296756379433055,-1.346549769262437,5.433235426157775
1,6,1.7142857142857142,1.6582280766035322,0.3589488432754815,"(1, 1, 1, 0, 0, 0, 0, 1, 0, 0, 0, 0, 0, 0, 0, 0, 0, 0, 0, 0, 0, 0, 0, 0, 0)",2.0,6.0,6.0,11.0,3.6013333333333333,8.481666666666667,8.093666666666667,13.423666666666668,0.0,4.6731723035930575,4.3012317460108855,7.023553991749107,1.0,1.0,2.0,32.0,0.4726170831813556,0.05022018932124313,0.054965995081226966,0.0037362795847114077,4.0,4.0,9.0,4.8803333333333345,4.492333333333335,9.822333333333335,4.6731723035930575,4.3012317460108855,7.023553991749107,0.3435202358934268,0.3168900175815867,4.6410144844329135
1,7,2.0,1.6582280766035322,-0.07577756082649545,"(1, 1, 1, 0, 0, 0, 1, 0, 0, 0, 0, 0, 1, 0, 0, 0, 0, 1, 0, 1, 0, 0, 1, 0, 0)",6.0,10.0,9.0,12.0,7.307666666666667,14.372,13.349,15.919333333333332,0.0,1.6606877815838275,2.5695718027484267,3.578548313092457,3.0,5.0,5.0,8.0,0.1427703710295358,0.0402618413211955,0.02697397033650656,0.019129335424513665,4.0,3.0,6.0,7.064333333333333,6.041333333333333,8.611666666666665,1.6606877815838275,2.5695718027484267,3.578548313092457,8.960476769924815,5.7569724452879445,8.346058166765296
2,0,0.0,1.6582280766035322,-0.4437021443576953,"(0, 1, 0, 0, 0, 0, 1, 0, 0, 0, 0, 0, 0, 0, 0, 0, 1, 1, 1, 0, 1, 1, 0, 1, 0)",4.0,8.0,8.0,11.0,6.056333333333333,10.057,11.629666666666667,14.918,0.0,4.377740546989732,3.523412229545388,6.23924896102845,1.0,5.0,4.0,2.0,0.28044714100488516,0.06084753994705487,0.13685060020228154,0.008011807802110449,4.0,4.0,7.0,4.0006666666666675,5.573333333333334,8.861666666666666,4.377740546989732,3.523412229545388,6.23924896102845,-0.6252744953055457,3.3992367291232757,4.348566668071508
2,1,0.2857142857142857,1.6582280766035322,-0.3240660674917143,"(0, 0, 1, 1, 0, 0, 0, 1, 1, 0, 1, 1, 1, 1, 1, 0, 0, 1, 0, 0, 1, 0, 1, 0, 0)",7.0,10.0,11.0,13.0,10.526333333333334,13.645333333333333,15.453333333333333,16.892333333333333,0.0,2.45808360173145,2.6596596491990145,3.8354078421583444,2.0,4.0,4.0,6.0,0.12634020352061293,0.08152816478707806,0.04514647595146125,0.03339101955624404,3.0,4.0,6.0,3.1189999999999998,4.927,6.366,2.45808360173145,2.6596596491990145,3.8354078421583444,1.0959501278965917,3.7597674289142953,4.196298966565751
2,2,0.5714285714285714,1.6582280766035322,0.5733676576081881,"(0, 0, 0, 0, 0, 1, 0, 0, 0, 1, 1, 0, 1, 0, 0, 0, 0, 0, 0, 0, 0, 0, 0, 0, 0)",3.0,7.0,8.0,12.0,4.937666666666667,10.5,10.266,14.612,0.0,5.062680866409026,5.555239091807697,7.4610314078699345,1.0,2.0,11.0,76.0,0.28760900521347466,0.018995987425704308,0.05162089165366715,0.012239583845757308,4.0,5.0,9.0,5.562333333333333,5.328333333333333,9.674333333333333,5.062680866409026,5.555239091807697,7.4610314078699345,0.8285377491981043,-0.3762614994452097,3.6701593948040663
2,3,0.8571428571428571,1.6582280766035322,0.18204827296789194,"(1, 0, 1, 1, 1, 1, 1, 0, 1, 0, 0, 0, 0, 1, 0, 0, 1, 1, 1, 0, 0, 0, 1, 0, 0)",6.0,11.0,10.0,12.0,8.238333333333333,15.199666666666667,14.123,16.695333333333334,0.0,2.232518521422352,2.7344273106974275,4.265294258639604,1.0,4.0,6.0,3.0,0.21585059392796532,0.05197900495550926,0.026970186785663066,0.03400111423030403,5.0,4.0,6.0,6.961333333333334,5.884666666666666,8.457,2.232518521422352,2.7344273106974275,4.265294258639604,7.8414534901694415,5.22381534808962,6.950804149184034
2,4,1.1428571428571428,1.6582280766035322,0.24095301508368805,"(1, 1, 1, 0, 0, 0, 0, 0, 0, 1, 0, 0, 1, 0, 0, 1, 1, 0, 1, 1, 1, 0, 0, 0, 0)",7.0,10.0,12.0,14.0,9.121333333333334,15.866666666666667,14.813,18.88,0.0,2.8875462488153567,2.4199719931041774,3.436392105036515,4.0,4.0,30.0,8.0,0.21322561779625004,0.03360327380220436,0.023433084011003618,0.03525266527301308,3.0,5.0,7.0,6.745333333333333,5.691666666666666,9.758666666666665,2.8875462488153567,2.4199719931041774,3.436392105036515,6.397090857106192,5.425215965775547,10.483773186091403
2,5,1.4285714285714284,1.6582280766035322,-0.08039706896635201,"(0, 0, 1, 1, 0, 0, 0, 0, 0, 1, 1, 0, 0, 1, 1, 0, 0, 0, 0, 0, 0, 0, 0, 0, 0)",4.0,8.0,8.0,12.0,4.735666666666667,11.021333333333333,10.169,14.543333333333333,0.0,4.643738755233343,5.133892549920942,6.83222210884367,3.0,7.0,5.0,58.0,0.22150804421479936,0.12508393386520325,0.015396590421582246,0.051016021364664106,4.0,4.0,8.0,6.285666666666666,5.433333333333334,9.807666666666666,4.643738755233343,5.133892549920942,6.83222210884367,2.722690962497733,0.4965411143345849,4.933965706159275
2,6,1.7142857142857142,1.6582280766035322,0.3589488432754815,"(1, 1, 1, 0, 0, 0, 0, 1, 0, 0, 0, 0, 0, 0, 0, 0, 0, 0, 0, 0, 0, 0, 0, 0, 0)",2.0,6.0,6.0,11.0,3.6013333333333333,8.481666666666667,8.093666666666667,13.423666666666668,0.0,4.6731723035930575,4.3012317460108855,7.023553991749107,1.0,1.0,2.0,32.0,0.4726170831813556,0.05022018932124313,0.054965995081226966,0.0037362795847114077,4.0,4.0,9.0,4.8803333333333345,4.492333333333335,9.822333333333335,4.6731723035930575,4.3012317460108855,7.023553991749107,0.3435202358934268,0.3168900175815867,4.6410144844329135
2,7,2.0,1.6582280766035322,-0.07577756082649545,"(1, 1, 1, 0, 0, 0, 1, 0, 0, 0, 0, 0, 1, 0, 0, 0, 0, 1, 0, 1, 0, 0, 1, 0, 0)",6.0,10.0,9.0,12.0,7.307666666666667,14.372,13.349,15.919333333333332,0.0,1.6606877815838275,2.5695718027484267,3.578548313092457,3.0,5.0,5.0,8.0,0.1427703710295358,0.0402618413211955,0.02697397033650656,0.019129335424513665,4.0,3.0,6.0,7.064333333333333,6.041333333333333,8.611666666666665,1.6606877815838275,2.5695718027484267,3.578548313092457,8.960476769924815,5.7569724452879445,8.346058166765296
3,0,0.0,1.6582280766035322,-0.4437021443576953,"(0, 1, 0, 0, 0, 0, 1, 0, 0, 0, 0, 0, 0, 0, 0, 0, 1, 1, 1, 0, 1, 1, 0, 1, 0)",4.0,8.0,8.0,11.0,6.056333333333333,10.057,11.629666666666667,14.918,0.0,4.377740546989732,3.523412229545388,6.23924896102845,1.0,5.0,4.0,2.0,0.28044714100488516,0.06084753994705487,0.13685060020228154,0.008011807802110449,4.0,4.0,7.0,4.0006666666666675,5.573333333333334,8.861666666666666,4.377740546989732,3.523412229545388,6.23924896102845,-0.6252744953055457,3.3992367291232757,4.348566668071508
3,1,0.2857142857142857,1.6582280766035322,-0.009876463347447073,"(0, 0, 0, 0, 0, 0, 0, 1, 1, 0, 1, 1, 1, 1, 1, 0, 0, 1, 0, 0, 1, 0, 1, 0, 0)",6.0,10.0,9.0,13.0,8.870666666666667,13.001666666666667,13.094666666666667,16.976,0.0,3.320528024372946,4.0123960522011615,5.110631294957475,2.0,5.0,1.0,18.0,0.06007421269971057,0.07434832673629742,0.10832884270524847,0.03772783625437541,4.0,3.0,7.0,4.131,4.224,8.105333333333332,3.320528024372946,4.0123960522011615,5.110631294957475,1.3439473852851154,0.3508876073601826,4.965899001096675
3,2,0.5714285714285714,1.6582280766035322,-0.4460789379341602,"(0, 0, 0, 0, 0, 0, 0, 0, 0, 1, 0, 0, 1, 0, 0, 0, 0, 0, 0, 0, 0, 0, 0, 0, 0)",3.0,7.0,7.0,10.0,3.761,9.940333333333333,8.448333333333334,12.663333333333334,0.0,3.5293542134865503,4.379011855181795,6.760236585562669,3.0,3.0,6.0,15.0,0.20416203230253435,0.08453415192431339,0.03181479208303493,0.0050222146610935225,4.0,4.0,7.0,6.179333333333333,4.687333333333334,8.902333333333335,3.5293542134865503,4.379011855181795,6.760236585562669,4.394269778943052,0.5112673316907846,3.552084969954432
3,3,0.8571428571428571,1.6582280766035322,-0.1221131600105998,"(0, 0, 1, 1, 0, 1, 1, 0, 1, 0, 0, 0, 0, 1, 0, 0, 1, 1, 1, 0, 0, 0, 1, 0, 0)",5.0,9.0,9.0,12.0,6.867333333333334,12.603,13.790666666666667,16.583666666666666,0.0,3.33581135981231,3.2241481236094693,3.963312501133698,1.0,1.0,2.0,7.0,0.18747026218523152,0.038079244078762176,0.08141590971181344,0.030651216221129186,4.0,4.0,7.0,5.735666666666666,6.923333333333333,9.716333333333331,3.33581135981231,3.2241481236094693,3.963312501133698,3.9795074496118787,6.134092775320636,9.53982066923845
3,4,1.1428571428571428,1.6582280766035322,0.7217171053404693,"(1, 1, 1, 1, 1, 0, 0, 0, 0, 1, 0, 0, 1, 0, 0, 1, 1, 0, 1, 1, 1, 0, 0, 0, 0)",7.0,11.0,12.0,14.0,9.476,15.936,16.506666666666668,16.945666666666668,0.0,2.3028918785177646,1.9843002031112091,3.124175395346681,2.0,2.0,8.0,25.0,0.13995505344090645,0.07283638418867201,0.04754176081262625,0.03376895693844327,4.0,5.0,7.0,6.459999999999999,7.030666666666667,7.469666666666667,2.3028918785177646,1.9843002031112091,3.124175395346681,6.89343340451841,8.368026554698137,7.205815632738378
3,5,1.4285714285714284,1.6582280766035322,-0.08039706896635201,"(0, 0, 1, 1, 0, 0, 0, 0, 0, 1, 1, 0, 0, 1, 1, 0, 0, 0, 0, 0, 0, 0, 0, 0, 0)",4.0,8.0,8.0,12.0,4.735666666666667,11.021333333333333,10.169,14.543333333333333,0.0,4.643738755233343,5.133892549920942,6.83222210884367,3.0,7.0,5.0,58.0,0.22150804421479936,0.12508393386520325,0.015396590421582246,0.051016021364664106,4.0,4.0,8.0,6.285666666666666,5.433333333333334,9.807666666666666,4.643738755233343,5.133892549920942,6.83222210884367,2.722690962497733,0.4965411143345849,4.933965706159275
3,6,1.7142857142857142,1.6582280766035322,0.3589488432754815,"(1, 1, 1, 0, 0, 0, 0, 1, 0, 0, 0, 0, 0, 0, 0, 0, 0, 0, 0, 0, 0, 0, 0, 0, 0)",2.0,6.0,6.0,11.0,3.6013333333333333,8.481666666666667,8.093666666666667,13.423666666666668,0.0,4.6731723035930575,4.3012317460108855,7.023553991749107,1.0,1.0,2.0,32.0,0.4726170831813556,0.05022018932124313,0.054965995081226966,0.0037362795847114077,4.0,4.0,9.0,4.8803333333333345,4.492333333333335,9.822333333333335,4.6731723035930575,4.3012317460108855,7.023553991749107,0.3435202358934268,0.3168900175815867,4.6410144844329135
3,7,2.0,1.6582280766035322,-0.07577756082649545,"(1, 1, 1, 0, 0, 0, 1, 0, 0, 0, 0, 0, 1, 0, 0, 0, 0, 1, 0, 1, 0, 0, 1, 0, 0)",6.0,10.0,9.0,12.0,7.307666666666667,14.372,13.349,15.919333333333332,0.0,1.6606877815838275,2.5695718027484267,3.578548313092457,3.0,5.0,5.0,8.0,0.1427703710295358,0.0402618413211955,0.02697397033650656,0.019129335424513665,4.0,3.0,6.0,7.064333333333333,6.041333333333333,8.611666666666665,1.6606877815838275,2.5695718027484267,3.578548313092457,8.960476769924815,5.7569724452879445,8.346058166765296
4,0,0.0,1.6582280766035322,-0.5775008580879899,"(0, 1, 0, 0, 0, 0, 1, 0, 0, 0, 0, 0, 0, 0, 0, 0, 1, 0, 1, 0, 1, 1, 1, 1, 0)",5.0,9.0,8.0,10.0,6.713666666666667,12.943,10.231666666666667,14.293,0.0,3.047362585887126,2.4834729160598923,4.318928724539528,4.0,8.0,4.0,1.0,0.16993218703095744,0.050804771081529525,0.10515390608634356,0.03178167027924433,4.0,3.0,5.0,6.229333333333333,3.5180000000000007,7.579333333333333,3.047362585887126,2.4834729160598923,4.318928724539528,5.276433232346427,1.7154818565962668,5.406494463389444
4,1,0.2857142857142857,1.6582280766035322,-0.3498435461542112,"(0, 0, 0, 0, 0, 0, 0, 1, 1, 0, 1, 1, 1, 1, 1, 1, 0, 1, 0, 1, 1, 0, 1, 0, 0)",6.0,9.0,9.0,13.0,7.816666666666666,14.056333333333333,12.872,18.168666666666667,0.0,2.9540504070653633,2.986395066937335,4.178799239688325,2.0,2.0,3.0,8.0,0.19708489265374982,0.01430688101046392,0.09937100726002587,0.023071044341063406,3.0,3.0,7.0,6.2396666666666665,5.0553333333333335,10.352,2.9540504070653633,2.986395066937335,4.178799239688325,5.4483011306159606,3.4307715220972828,10.236574823259092
4,2,0.5714285714285714,1.6582280766035322,-0.8084934478881078,"(0, 0, 0, 0, 0, 0, 0, 0, 0, 1, 0, 0, 1, 0, 0, 1, 1, 0, 0, 0, 0, 0, 0, 0, 0)",4.0,8.0,8.0,10.0,5.117,11.299,10.209333333333333,13.499333333333333,0.0,3.669152052722434,3.677977511041246,4.969829306497433,3.0,9.0,6.0,2.0,0.19899300687070845,0.05984901292123796,0.060702268880952995,0.006231265655129069,4.0,4.0,6.0,6.1819999999999995,5.092333333333333,8.382333333333332,3.669152052722434,3.677977511041246,4.969829306497433,4.166875018411211,2.345324534832415,5.658709988821902
4,3,0.8571428571428571,1.6582280766035322,-0.1221131600105998,"(0, 0, 1, 1, 0, 1, 1, 0, 1, 0, 0, 0, 0, 1, 0, 0, 1, 1, 1, 0, 0, 0, 1, 0, 0)",5.0,9.0,9.0,12.0,6.867333333333334,12.603,13.790666666666667,16.583666666666666,0.0,3.33581135981231,3.2241481236094693,3.963312501133698,1.0,1.0,2.0,7.0,0.18747026218523152,0.038079244078762176,0.08141590971181344,0.030651216221129186,4.0,4.0,7.0,5.735666666666666,6.923333333333333,9.716333333333331,3.33581135981231,3.2241481236094693,3.963312501133698,3.9795074496118787,6.134092775320636,9.53982066923845
4,4,1.1428571428571428,1.6582280766035322,0.7217171053404693,"(1, 1, 1, 1, 1, 0, 0, 0, 0, 1, 0, 0, 1, 0, 0, 1, 1, 0, 1, 1, 1, 0, 0, 0, 0)",7.0,11.0,12.0,14.0,9.476,15.936,16.506666666666668,16.945666666666668,0.0,2.3028918785177646,1.9843002031112091,3.124175395346681,2.0,2.0,8.0,25.0,0.13995505344090645,0.07283638418867201,0.04754176081262625,0.03376895693844327,4.0,5.0,7.0,6.459999999999999,7.030666666666667,7.469666666666667,2.3028918785177646,1.9843002031112091,3.124175395346681,6.89343340451841,8.368026554698137,7.205815632738378
4,5,1.4285714285714284,1.6582280766035322,-0.08039706896635201,"(0, 0, 1, 1, 0, 0, 0, 0, 0, 1, 1, 0, 0, 1, 1, 0, 0, 0, 0, 0, 0, 0, 0, 0, 0)",4.0,8.0,8.0,12.0,4.735666666666667,11.021333333333333,10.169,14.543333333333333,0.0,4.643738755233343,5.133892549920942,6.83222210884367,3.0,7.0,5.0,58.0,0.22150804421479936,0.12508393386520325,0.015396590421582246,0.051016021364664106,4.0,4.0,8.0,6.285666666666666,5.433333333333334,9.807666666666666,4.643738755233343,5.133892549920942,6.83222210884367,2.722690962497733,0.4965411143345849,4.933965706159275
4,6,1.7142857142857142,1.6582280766035322,0.6785567929298306,"(0, 1, 1, 0, 1, 0, 0, 1, 0, 0, 0, 0, 0, 0, 0, 0, 0, 0, 0, 0, 0, 0, 0, 0, 0)",3.0,7.0,7.0,11.0,4.218,10.608333333333333,8.954333333333333,13.800333333333333,0.0,4.186814008725241,3.247363316681917,6.1888480398779055,1.0,2.0,6.0,27.0,0.396238794064019,0.05595016715351019,0.04911886280893526,0.003720640735212908,4.0,4.0,8.0,6.3903333333333325,4.736333333333333,9.582333333333333,4.186814008725241,3.247363316681917,6.1888480398779055,3.65393761140359,2.469051886832206,5.627172591148966
4,7,2.0,1.6582280766035322,-0.07577756082649545,"(1, 1, 1, 0, 0, 0, 1, 0, 0, 0, 0, 0, 1, 0, 0, 0, 0, 1, 0, 1, 0, 0, 1, 0, 0)",6.0,10.0,9.0,12.0,7.307666666666667,14.372,13.349,15.919333333333332,0.0,1.6606877815838275,2.5695718027484267,3.578548313092457,3.0,5.0,5.0,8.0,0.1427703710295358,0.0402618413211955,0.02697397033650656,0.019129335424513665,4.0,3.0,6.0,7.064333333333333,6.041333333333333,8.611666666666665,1.6606877815838275,2.5695718027484267,3.578548313092457,8.960476769924815,5.7569724452879445,8.346058166765296
5,0,0.0,1.6582280766035322,-0.5775008580879899,"(0, 1, 0, 0, 0, 0, 1, 0, 0, 0, 0, 0, 0, 0, 0, 0, 1, 0, 1, 0, 1, 1, 1, 1, 0)",5.0,9.0,8.0,10.0,6.713666666666667,12.943,10.231666666666667,14.293,0.0,3.047362585887126,2.4834729160598923,4.318928724539528,4.0,8.0,4.0,1.0,0.16993218703095744,0.050804771081529525,0.10515390608634356,0.03178167027924433,4.0,3.0,5.0,6.229333333333333,3.5180000000000007,7.579333333333333,3.047362585887126,2.4834729160598923,4.318928724539528,5.276433232346427,1.7154818565962668,5.406494463389444
5,1,0.2857142857142857,1.6582280766035322,-0.3498435461542112,"(0, 0, 0, 0, 0, 0, 0, 1, 1, 0, 1, 1, 1, 1, 1, 1, 0, 1, 0, 1, 1, 0, 1, 0, 0)",6.0,9.0,9.0,13.0,7.816666666666666,14.056333333333333,12.872,18.168666666666667,0.0,2.9540504070653633,2.986395066937335,4.178799239688325,2.0,2.0,3.0,8.0,0.19708489265374982,0.01430688101046392,0.09937100726002587,0.023071044341063406,3.0,3.0,7.0,6.2396666666666665,5.0553333333333335,10.352,2.9540504070653633,2.986395066937335,4.178799239688325,5.4483011306159606,3.4307715220972828,10.236574823259092
5,2,0.5714285714285714,1.6582280766035322,-0.8084934478881078,"(0, 0, 0, 0, 0, 0, 0, 0, 0, 1, 0, 0, 1, 0, 0, 1, 1, 0, 0, 0, 0, 0, 0, 0, 0)",4.0,8.0,8.0,10.0,5.117,11.299,10.209333333333333,13.499333333333333,0.0,3.669152052722434,3.677977511041246,4.969829306497433,3.0,9.0,6.0,2.0,0.19899300687070845,0.05984901292123796,0.060702268880952995,0.006231265655129069,4.0,4.0,6.0,6.1819999999999995,5.092333333333333,8.382333333333332,3.669152052722434,3.677977511041246,4.969829306497433,4.166875018411211,2.345324534832415,5.658709988821902
5,3,0.8571428571428571,1.6582280766035322,-0.06345570658738031,"(0, 0, 1, 1, 0, 1, 1, 0, 1, 0, 0, 0, 0, 1, 0, 0, 1, 1, 1, 0, 0, 0, 1, 1, 1)",6.0,10.0,10.0,13.0,8.633,12.380666666666666,13.783,17.821,0.0,2.5727961351196007,3.6227677284685513,3.991281281359076,1.0,5.0,3.0,2.0,0.20349030808890323,0.11599353213068894,0.06056803541612223,0.019324448551692915,4.0,4.0,7.0,3.7476666666666674,5.15,9.188000000000002,2.5727961351196007,3.6227677284685513,3.991281281359076,1.9482033017854619,2.532499432148438,8.617344885461517
5,4,1.1428571428571428,1.6582280766035322,0.7217171053404693,"(1, 1, 1, 1, 1, 0, 0, 0, 0, 1, 0, 0, 1, 0, 0, 1, 1, 0, 1, 1, 1, 0, 0, 0, 0)",7.0,11.0,12.0,14.0,9.476,15.936,16.506666666666668,16.945666666666668,0.0,2.3028918785177646,1.9843002031112091,3.124175395346681,2.0,2.0,8.0,25.0,0.13995505344090645,0.07283638418867201,0.04754176081262625,0.03376895693844327,4.0,5.0,7.0,6.459999999999999,7.030666666666667,7.469666666666667,2.3028918785177646,1.9843002031112091,3.124175395346681,6.89343340451841,8.368026554698137,7.205815632738378
5,5,1.4285714285714284,1.6582280766035322,-0.08039706896635201,"(0, 0, 1, 1, 0, 0, 0, 0, 0, 1, 1, 0, 0, 1, 1, 0, 0, 0, 0, 0, 0, 0, 0, 0, 0)",4.0,8.0,8.0,12.0,4.735666666666667,11.021333333333333,10.169,14.543333333333333,0.0,4.643738755233343,5.133892549920942,6.83222210884367,3.0,7.0,5.0,58.0,0.22150804421479936,0.12508393386520325,0.015396590421582246,0.051016021364664106,4.0,4.0,8.0,6.285666666666666,5.433333333333334,9.807666666666666,4.643738755233343,5.133892549920942,6.83222210884367,2.722690962497733,0.4965411143345849,4.933965706159275
5,6,1.7142857142857142,1.6582280766035322,0.6785567929298306,"(0, 1, 1, 0, 1, 0, 0, 1, 0, 0, 0, 0, 0, 0, 0, 0, 0, 0, 0, 0, 0, 0, 0, 0, 0)",3.0,7.0,7.0,11.0,4.218,10.608333333333333,8.954333333333333,13.800333333333333,0.0,4.186814008725241,3.247363316681917,6.1888480398779055,1.0,2.0,6.0,27.0,0.396238794064019,0.05595016715351019,0.04911886280893526,0.003720640735212908,4.0,4.0,8.0,6.3903333333333325,4.736333333333333,9.582333333333333,4.186814008725241,3.247363316681917,6.1888480398779055,3.65393761140359,2.469051886832206,5.627172591148966
5,7,2.0,1.6582280766035322,-0.07577756082649545,"(1, 1, 1, 0, 0, 0, 1, 0, 0, 0, 0, 0, 1, 0, 0, 0, 0, 1, 0, 1, 0, 0, 1, 0, 0)",6.0,10.0,9.0,12.0,7.307666666666667,14.372,13.349,15.919333333333332,0.0,1.6606877815838275,2.5695718027484267,3.578548313092457,3.0,5.0,5.0,8.0,0.1427703710295358,0.0402618413211955,0.02697397033650656,0.019129335424513665,4.0,3.0,6.0,7.064333333333333,6.041333333333333,8.611666666666665,1.6606877815838275,2.5695718027484267,3.578548313092457,8.960476769924815,5.7569724452879445,8.346058166765296
6,0,0.0,1.6582280766035322,-0.5775008580879899,"(0, 1, 0, 0, 0, 0, 1, 0, 0, 0, 0, 0, 0, 0, 0, 0, 1, 0, 1, 0, 1, 1, 1, 1, 0)",5.0,9.0,8.0,10.0,6.713666666666667,12.943,10.231666666666667,14.293,0.0,3.047362585887126,2.4834729160598923,4.318928724539528,4.0,8.0,4.0,1.0,0.16993218703095744,0.050804771081529525,0.10515390608634356,0.03178167027924433,4.0,3.0,5.0,6.229333333333333,3.5180000000000007,7.579333333333333,3.047362585887126,2.4834729160598923,4.318928724539528,5.276433232346427,1.7154818565962668,5.406494463389444
6,1,0.2857142857142857,1.6582280766035322,0.002427763260682392,"(0, 0, 0, 0, 0, 0, 0, 1, 1, 0, 1, 1, 1, 1, 1, 0, 0, 1, 0, 0, 1, 0, 1, 0, 0)",6.0,10.0,11.0,13.0,8.554666666666666,14.722666666666667,14.092,16.969333333333335,0.0,3.1130929043680475,3.219237926027082,3.930415098569523,2.0,5.0,15.0,16.0,0.2588217132821241,0.02464745060913649,0.061268562239132546,0.030777904315390927,4.0,5.0,7.0,6.168000000000001,5.5373333333333346,8.414666666666669,3.1130929043680475,3.219237926027082,3.930415098569523,5.065732717392257,3.843930888640929,7.4359118527721035
6,2,0.5714285714285714,1.6582280766035322,-0.8084934478881078,"(0, 0, 0, 0, 0, 0, 0, 0, 0, 1, 0, 0, 1, 0, 0, 1, 1, 0, 0, 0, 0, 0, 0, 0, 0)",4.0,8.0,8.0,10.0,5.117,11.299,10.209333333333333,13.499333333333333,0.0,3.669152052722434,3.677977511041246,4.969829306497433,3.0,9.0,6.0,2.0,0.19899300687070845,0.05984901292123796,0.060702268880952995,0.006231265655129069,4.0,4.0,6.0,6.1819999999999995,5.092333333333333,8.382333333333332,3.669152052722434,3.677977511041246,4.969829306497433,4.166875018411211,2.345324534832415,5.658709988821902
6,3,0.8571428571428571,1.6582280766035322,-0.06345570658738031,"(0, 0, 1, 1, 0, 1, 1, 0, 1, 0, 0, 0, 0, 1, 0, 0, 1, 1, 1, 0, 0, 0, 1, 1, 1)",6.0,10.0,10.0,13.0,8.633,12.380666666666666,13.783,17.821,0.0,2.5727961351196007,3.6227677284685513,3.991281281359076,1.0,5.0,3.0,2.0,0.20349030808890323,0.11599353213068894,0.06056803541612223,0.019324448551692915,4.0,4.0,7.0,3.7476666666666674,5.15,9.188000000000002,2.5727961351196007,3.6227677284685513,3.991281281359076,1.9482033017854619,2.532499432148438,8.617344885461517
6,4,1.1428571428571428,1.6582280766035322,0.7217171053404693,"(1, 1, 1, 1, 1, 0, 0, 0, 0, 1, 0, 0, 1, 0, 0, 1, 1, 0, 1, 1, 1, 0, 0, 0, 0)",7.0,11.0,12.0,14.0,9.476,15.936,16.506666666666668,16.945666666666668,0.0,2.3028918785177646,1.9843002031112091,3.124175395346681,2.0,2.0,8.0,25.0,0.13995505344090645,0.07283638418867201,0.04754176081262625,0.03376895693844327,4.0,5.0,7.0,6.459999999999999,7.030666666666667,7.469666666666667,2.3028918785177646,1.9843002031112091,3.124175395346681,6.89343340451841,8.368026554698137,7.205815632738378
6,5,1.4285714285714284,1.6582280766035322,0.1900448450093657,"(0, 0, 0, 0, 0, 0, 0, 0, 0, 1, 1, 0, 0, 1, 1, 0, 0, 0, 0, 0, 0, 0, 0, 0, 0)",3.0,7.0,7.0,11.0,3.5533333333333332,8.986,9.388666666666667,12.881666666666666,0.0,4.9896819815256555,4.138550359317875,7.204549586310383,3.0,6.0,4.0,65.0,0.2612370499631924,0.043000145297223104,0.09291976058556972,0.03527733787774534,4.0,4.0,8.0,5.432666666666668,5.835333333333335,9.328333333333333,4.9896819815256555,4.138550359317875,7.204549586310383,0.7345696424062024,2.8136531674152763,3.52171783794771
6,6,1.7142857142857142,1.6582280766035322,0.6275421562250767,"(0, 1, 1, 0, 1, 0, 0, 1, 0, 0, 0, 0, 0, 0, 0, 0, 0, 0, 0, 1, 0, 0, 0, 0, 1)",4.0,8.0,8.0,12.0,5.708,10.476333333333333,11.974333333333334,14.724,0.0,3.9751319823685978,3.3182894164695313,5.25032779803312,1.0,3.0,6.0,26.0,0.3002365923716724,0.016530780679510755,0.0161320659228564,0.003993437818681063,4.0,4.0,8.0,4.768333333333333,6.266333333333334,9.016,3.9751319823685978,3.3182894164695313,5.25032779803312,1.3153087505695755,4.888529194003807,6.244343372586927
6,7,2.0,1.6582280766035322,-0.07577756082649545,"(1, 1, 1, 0, 0, 0, 1, 0, 0, 0, 0, 0, 1, 0, 0, 0, 0, 1, 0, 1, 0, 0, 1, 0, 0)",6.0,10.0,9.0,12.0,7.307666666666667,14.372,13.349,15.919333333333332,0.0,1.6606877815838275,2.5695718027484267,3.578548313092457,3.0,5.0,5.0,8.0,0.1427703710295358,0.0402618413211955,0.02697397033650656,0.019129335424513665,4.0,3.0,6.0,7.064333333333333,6.041333333333333,8.611666666666665,1.6606877815838275,2.5695718027484267,3.578548313092457,8.960476769924815,5.7569724452879445,8.346058166765296
7,0,0.0,1.6582280766035322,-0.5775008580879899,"(0, 1, 0, 0, 0, 0, 1, 0, 0, 0, 0, 0, 0, 0, 0, 0, 1, 0, 1, 0, 1, 1, 1, 1, 0)",5.0,9.0,8.0,10.0,6.713666666666667,12.943,10.231666666666667,14.293,0.0,3.047362585887126,2.4834729160598923,4.318928724539528,4.0,8.0,4.0,1.0,0.16993218703095744,0.050804771081529525,0.10515390608634356,0.03178167027924433,4.0,3.0,5.0,6.229333333333333,3.5180000000000007,7.579333333333333,3.047362585887126,2.4834729160598923,4.318928724539528,5.276433232346427,1.7154818565962668,5.406494463389444
7,1,0.2857142857142857,1.6582280766035322,0.002427763260682392,"(0, 0, 0, 0, 0, 0, 0, 1, 1, 0, 1, 1, 1, 1, 1, 0, 0, 1, 0, 0, 1, 0, 1, 0, 0)",6.0,10.0,11.0,13.0,8.554666666666666,14.722666666666667,14.092,16.969333333333335,0.0,3.1130929043680475,3.219237926027082,3.930415098569523,2.0,5.0,15.0,16.0,0.2588217132821241,0.02464745060913649,0.061268562239132546,0.030777904315390927,4.0,5.0,7.0,6.168000000000001,5.5373333333333346,8.414666666666669,3.1130929043680475,3.219237926027082,3.930415098569523,5.065732717392257,3.843930888640929,7.4359118527721035
7,2,0.5714285714285714,1.6582280766035322,-0.8084934478881078,"(0, 0, 0, 0, 0, 0, 0, 0, 0, 1, 0, 0, 1, 0, 0, 1, 1, 0, 0, 0, 0, 0, 0, 0, 0)",4.0,8.0,8.0,10.0,5.117,11.299,10.209333333333333,13.499333333333333,0.0,3.669152052722434,3.677977511041246,4.969829306497433,3.0,9.0,6.0,2.0,0.19899300687070845,0.05984901292123796,0.060702268880952995,0.006231265655129069,4.0,4.0,6.0,6.1819999999999995,5.092333333333333,8.382333333333332,3.669152052722434,3.677977511041246,4.969829306497433,4.166875018411211,2.345324534832415,5.658709988821902
7,3,0.8571428571428571,1.6582280766035322,-0.6183389069170585,"(0, 0, 1, 1, 0, 1, 1, 0, 1, 0, 0, 0, 0, 1, 0, 0, 1, 0, 0, 0, 0, 0, 1, 1, 1)",6.0,11.0,10.0,12.0,8.059333333333333,15.862666666666666,14.004333333333333,18.124333333333333,0.0,3.62064888148178,3.1937657002948106,4.923214672788465,2.0,5.0,6.0,2.0,0.1963368992320006,0.02012306005568923,0.06646527380417748,0.01675941472739914,5.0,4.0,6.0,7.803333333333333,5.945,10.065,3.62064888148178,3.1937657002948106,4.923214672788465,6.9358447936333,4.5621739610858025,8.526252793450247
7,4,1.1428571428571428,1.6582280766035322,0.7217171053404693,"(1, 1, 1, 1, 1, 0, 0, 0, 0, 1, 0, 0, 1, 0, 0, 1, 1, 0, 1, 1, 1, 0, 0, 0, 0)",7.0,11.0,12.0,14.0,9.476,15.936,16.506666666666668,16.945666666666668,0.0,2.3028918785177646,1.9843002031112091,3.124175395346681,2.0,2.0,8.0,25.0,0.13995505344090645,0.07283638418867201,0.04754176081262625,0.03376895693844327,4.0,5.0,7.0,6.459999999999999,7.030666666666667,7.469666666666667,2.3028918785177646,1.9843002031112091,3.124175395346681,6.89343340451841,8.368026554698137,7.205815632738378
7,5,1.4285714285714284,1.6582280766035322,0.1900448450093657,"(0, 0, 0, 0, 0, 0, 0, 0, 0, 1, 1, 0, 0, 1, 1, 0, 0, 0, 0, 0, 0, 0, 0, 0, 0)",3.0,7.0,7.0,11.0,3.5533333333333332,8.986,9.388666666666667,12.881666666666666,0.0,4.9896819815256555,4.138550359317875,7.204549586310383,3.0,6.0,4.0,65.0,0.2612370499631924,0.043000145297223104,0.09291976058556972,0.03527733787774534,4.0,4.0,8.0,5.432666666666668,5.835333333333335,9.328333333333333,4.9896819815256555,4.138550359317875,7.204549586310383,0.7345696424062024,2.8136531674152763,3.52171783794771
7,6,1.7142857142857142,1.6582280766035322,-0.06342107168736977,"(0, 1, 1, 0, 1, 0, 0, 1, 0, 0, 0, 0, 0, 0, 0, 1, 1, 0, 0, 1, 0, 0, 0, 0, 1)",5.0,9.0,8.0,13.0,6.355,13.133333333333333,10.880333333333333,16.734666666666666,0.0,3.9027871763376667,2.8461918830605066,5.454381975237389,2.0,2.0,1.0,12.0,0.3351687657761181,0.023148884649464546,0.026917338373945308,0.01727437814431055,4.0,3.0,8.0,6.778333333333332,4.525333333333332,10.379666666666665,3.9027871763376667,2.8461918830605066,5.454381975237389,4.768311373099602,2.784399497431173,8.16724536059359
7,7,2.0,1.6582280766035322,-0.07577756082649545,"(1, 1, 1, 0, 0, 0, 1, 0, 0, 0, 0, 0, 1, 0, 0, 0, 0, 1, 0, 1, 0, 0, 1, 0, 0)",6.0,10.0,9.0,12.0,7.307666666666667,14.372,13.349,15.919333333333332,0.0,1.6606877815838275,2.5695718027484267,3.578548313092457,3.0,5.0,5.0,8.0,0.1427703710295358,0.0402618413211955,0.02697397033650656,0.019129335424513665,4.0,3.0,6.0,7.064333333333333,6.041333333333333,8.611666666666665,1.6606877815838275,2.5695718027484267,3.578548313092457,8.960476769924815,5.7569724452879445,8.346058166765296
8,0,0.0,1.6582280766035322,-0.5775008580879899,"(0, 1, 0, 0, 0, 0, 1, 0, 0, 0, 0, 0, 0, 0, 0, 0, 1, 0, 1, 0, 1, 1, 1, 1, 0)",5.0,9.0,8.0,10.0,6.713666666666667,12.943,10.231666666666667,14.293,0.0,3.047362585887126,2.4834729160598923,4.318928724539528,4.0,8.0,4.0,1.0,0.16993218703095744,0.050804771081529525,0.10515390608634356,0.03178167027924433,4.0,3.0,5.0,6.229333333333333,3.5180000000000007,7.579333333333333,3.047362585887126,2.4834729160598923,4.318928724539528,5.276433232346427,1.7154818565962668,5.406494463389444
8,1,0.2857142857142857,1.6582280766035322,-0.6819987065242616,"(0, 0, 0, 0, 0, 1, 0, 1, 1, 0, 0, 1, 1, 1, 1, 0, 0, 1, 0, 0, 1, 0, 1, 0, 0)",6.0,10.0,10.0,12.0,8.293,16.717333333333332,15.422333333333333,18.19333333333333,0.0,2.744717537150572,2.8400564391770717,3.1771557823941627,1.0,1.0,2.0,1.0,0.10624257019292443,0.042676893972635646,0.016435700207677532,0.00896708435721918,4.0,4.0,6.0,8.424333333333333,7.129333333333333,9.900333333333332,2.744717537150572,2.8400564391770717,3.1771557823941627,9.418098377551178,7.1125993742167095,11.148561778957905
8,2,0.5714285714285714,1.6582280766035322,0.17967623762635643,"(0, 0, 1, 0, 0, 0, 0, 0, 0, 1, 0, 0, 1, 0, 0, 1, 1, 0, 0, 0, 0, 0, 1, 0, 0)",5.0,9.0,9.0,12.0,6.692,12.67,13.220666666666666,16.361,0.0,1.750315009124249,2.32980123524976,4.16254860453761,3.0,3.0,4.0,13.0,0.24889322708776404,0.07455005598318273,0.05805097421071021,0.038452397551143595,4.0,4.0,7.0,5.978,6.528666666666666,9.669,1.750315009124249,2.32980123524976,4.16254860453761,7.010465950905519,6.962676548255517,9.130952306408435
8,3,0.8571428571428571,1.6582280766035322,-0.9511256642946974,"(0, 0, 1, 1, 0, 1, 1, 0, 0, 1, 0, 0, 0, 1, 0, 0, 1, 0, 0, 0, 0, 0, 1, 1, 1)",7.0,10.0,11.0,13.0,9.223666666666666,14.628666666666666,14.71,17.697,0.0,2.7189044534247793,2.712529487708058,4.125441145134507,4.0,4.0,5.0,1.0,0.0756069508242345,0.06617255847637464,0.030694837153281838,0.020835050645733405,3.0,4.0,6.0,5.404999999999999,5.486333333333334,8.473333333333333,2.7189044534247793,2.712529487708058,4.125441145134507,4.454159051770741,4.599599415806683,7.209796900516461
8,4,1.1428571428571428,1.6582280766035322,0.7217171053404693,"(1, 1, 1, 1, 1, 0, 0, 0, 0, 1, 0, 0, 1, 0, 0, 1, 1, 0, 1, 1, 1, 0, 0, 0, 0)",7.0,11.0,12.0,14.0,9.476,15.936,16.506666666666668,16.945666666666668,0.0,2.3028918785177646,1.9843002031112091,3.124175395346681,2.0,2.0,8.0,25.0,0.13995505344090645,0.07283638418867201,0.04754176081262625,0.03376895693844327,4.0,5.0,7.0,6.459999999999999,7.030666666666667,7.469666666666667,2.3028918785177646,1.9843002031112091,3.124175395346681,6.89343340451841,8.368026554698137,7.205815632738378
8,5,1.4285714285714284,1.6582280766035322,0.1900448450093657,"(0, 0, 0, 0, 0, 0, 0, 0, 0, 1, 1, 0, 0, 1, 1, 0, 0, 0, 0, 0, 0, 0, 0, 0, 0)",3.0,7.0,7.0,11.0,3.5533333333333332,8.986,9.388666666666667,12.881666666666666,0.0,4.9896819815256555,4.138550359317875,7.204549586310383,3.0,6.0,4.0,65.0,0.2612370499631924,0.043000145297223104,0.09291976058556972,0.03527733787774534,4.0,4.0,8.0,5.432666666666668,5.835333333333335,9.328333333333333,4.9896819815256555,4.138550359317875,7.204549586310383,0.7345696424062024,2.8136531674152763,3.52171783794771
8,6,1.7142857142857142,1.6582280766035322,-0.06342107168736977,"(0, 1, 1, 0, 1, 0, 0, 1, 0, 0, 0, 0, 0, 0, 0, 1, 1, 0, 0, 1, 0, 0, 0, 0, 1)",5.0,9.0,8.0,13.0,6.355,13.133333333333333,10.880333333333333,16.734666666666666,0.0,3.9027871763376667,2.8461918830605066,5.454381975237389,2.0,2.0,1.0,12.0,0.3351687657761181,0.023148884649464546,0.026917338373945308,0.01727437814431055,4.0,3.0,8.0,6.778333333333332,4.525333333333332,10.379666666666665,3.9027871763376667,2.8461918830605066,5.454381975237389,4.768311373099602,2.784399497431173,8.16724536059359
8,7,2.0,1.6582280766035322,0.32572798570167083,"(1, 1, 1, 0, 0, 0, 0, 1, 0, 0, 0, 0, 1, 0, 0, 0, 0, 1, 0, 1, 0, 0, 1, 0, 0)",5.0,9.0,9.0,12.0,7.524,13.199333333333334,13.562333333333333,16.513,0.0,3.3445631191054943,3.3742454016766987,5.05296180740449,1.0,5.0,2.0,16.0,0.1898709487624628,0.03927097528763428,0.028690983609039704,0.024173221934150436,4.0,4.0,7.0,5.675333333333334,6.038333333333333,8.989,3.3445631191054943,3.3742454016766987,5.05296180740449,3.8649486093438328,4.417665406813663,6.526849041545698
9,0,0.0,1.6582280766035322,-0.663989553728791,"(0, 1, 0, 0, 0, 0, 1, 0, 1, 1, 0, 0, 0, 0, 0, 0, 1, 0, 1, 0, 1, 1, 1, 1, 0)",6.0,10.0,9.0,11.0,6.839666666666667,14.770666666666667,13.602,16.312333333333335,0.0,3.193996009749893,3.0344099821332104,4.457132822346229,4.0,10.0,4.0,1.0,0.33337421271432727,0.02414867143320226,0.011186999572405525,0.0062029692333087005,4.0,3.0,5.0,7.931,6.762333333333333,9.472666666666669,3.193996009749893,3.0344099821332104,4.457132822346229,7.8550330156156924,6.181747168385974,8.316899039807403
9,1,0.2857142857142857,1.6582280766035322,0.8772257833614969,"(0, 0, 1, 0, 0, 1, 0, 1, 1, 0, 0, 1, 1, 1, 1, 0, 0, 1, 0, 0, 1, 0, 0, 0, 0)",7.0,11.0,12.0,14.0,9.574666666666667,15.253,16.053333333333335,17.119,0.0,2.0567555576805816,2.3650754313903977,3.2038993163184966,1.0,6.0,14.0,17.0,0.13573467530807407,0.024316655305270867,0.01211400988799434,0.009741803901944167,4.0,5.0,7.0,5.678333333333333,6.478666666666667,7.5443333333333324,2.0567555576805816,2.3650754313903977,3.2038993163184966,6.00540194919076,6.821272482005316,7.197429551659054
9,2,0.5714285714285714,1.6582280766035322,0.17967623762635643,"(0, 0, 1, 0, 0, 0, 0, 0, 0, 1, 0, 0, 1, 0, 0, 1, 1, 0, 0, 0, 0, 0, 1, 0, 0)",5.0,9.0,9.0,12.0,6.692,12.67,13.220666666666666,16.361,0.0,1.750315009124249,2.32980123524976,4.16254860453761,3.0,3.0,4.0,13.0,0.24889322708776404,0.07455005598318273,0.05805097421071021,0.038452397551143595,4.0,4.0,7.0,5.978,6.528666666666666,9.669,1.750315009124249,2.32980123524976,4.16254860453761,7.010465950905519,6.962676548255517,9.130952306408435
9,3,0.8571428571428571,1.6582280766035322,0.6264955727259955,"(0, 0, 1, 1, 0, 1, 1, 0, 0, 1, 0, 0, 0, 1, 0, 0, 1, 0, 0, 0, 1, 1, 1, 1, 1)",7.0,11.0,13.0,13.0,9.625333333333334,16.745666666666665,15.419,17.672,0.0,2.3696171338446517,2.252057975591664,3.702795657921079,4.0,3.0,51.0,1.0,0.1644746781266614,0.04881619585910138,0.02631806490385624,0.026771603253277466,4.0,6.0,6.0,7.120333333333331,5.793666666666667,8.046666666666667,2.3696171338446517,2.252057975591664,3.702795657921079,7.877770985967356,5.872794967883655,7.203128867846041
9,4,1.1428571428571428,1.6582280766035322,0.7217171053404693,"(1, 1, 1, 1, 1, 0, 0, 0, 0, 1, 0, 0, 1, 0, 0, 1, 1, 0, 1, 1, 1, 0, 0, 0, 0)",7.0,11.0,12.0,14.0,9.476,15.936,16.506666666666668,16.945666666666668,0.0,2.3028918785177646,1.9843002031112091,3.124175395346681,2.0,2.0,8.0,25.0,0.13995505344090645,0.07283638418867201,0.04754176081262625,0.03376895693844327,4.0,5.0,7.0,6.459999999999999,7.030666666666667,7.469666666666667,2.3028918785177646,1.9843002031112091,3.124175395346681,6.89343340451841,8.368026554698137,7.205815632738378
9,5,1.4285714285714284,1.6582280766035322,0.1900448450093657,"(0, 0, 0, 0, 0, 0, 0, 0, 0, 1, 1, 0, 0, 1, 1, 0, 0, 0, 0, 0, 0, 0, 0, 0, 0)",3.0,7.0,7.0,11.0,3.5533333333333332,8.986,9.388666666666667,12.881666666666666,0.0,4.9896819815256555,4.138550359317875,7.204549586310383,3.0,6.0,4.0,65.0,0.2612370499631924,0.043000145297223104,0.09291976058556972,0.03527733787774534,4.0,4.0,8.0,5.432666666666668,5.835333333333335,9.328333333333333,4.9896819815256555,4.138550359317875,7.204549586310383,0.7345696424062024,2.8136531674152763,3.52171783794771
9,6,1.7142857142857142,1.6582280766035322,-0.06342107168736977,"(0, 1, 1, 0, 1, 0, 0, 1, 0, 0, 0, 0, 0, 0, 0, 1, 1, 0, 0, 1, 0, 0, 0, 0, 1)",5.0,9.0,8.0,13.0,6.355,13.133333333333333,10.880333333333333,16.734666666666666,0.0,3.9027871763376667,2.8461918830605066,5.454381975237389,2.0,2.0,1.0,12.0,0.3351687657761181,0.023148884649464546,0.026917338373945308,0.01727437814431055,4.0,3.0,8.0,6.778333333333332,4.525333333333332,10.379666666666665,3.9027871763376667,2.8461918830605066,5.454381975237389,4.768311373099602,2.784399497431173,8.16724536059359
9,7,2.0,1.6582280766035322,-0.2860009693214184,"(1, 1, 1, 0, 0, 0, 0, 1, 0, 0, 0, 0, 1, 0, 1, 0, 0, 1, 0, 0, 0, 0, 1, 0, 0)",5.0,9.0,9.0,12.0,7.244,12.470333333333333,13.594333333333333,18.465666666666667,0.0,3.129159291954696,3.4062860530679604,4.3429914564066845,1.0,5.0,1.0,3.0,0.14671103115638884,0.06156160988591797,0.08306077832340837,0.051220613698735803,4.0,4.0,7.0,5.226333333333333,6.350333333333333,11.221666666666668,3.129159291954696,3.4062860530679604,4.3429914564066845,3.4775928769381537,4.8819018589843095,11.406412363489808
10,0,0.0,1.6582280766035322,-0.7845693254403943,"(0, 0, 0, 0, 0, 0, 0, 0, 1, 1, 0, 0, 0, 0, 0, 0, 1, 0, 1, 0, 1, 1, 1, 1, 0)",5.0,9.0,8.0,11.0,5.999333333333333,14.029333333333334,11.114,16.147333333333332,0.0,3.672136863260319,3.0011440844409027,5.193883556781176,4.0,8.0,4.0,2.0,0.27632573667229626,0.030575178616661678,0.13688193734346144,0.03854895300990265,4.0,3.0,6.0,8.030000000000001,5.114666666666667,10.148,3.672136863260319,3.0011440844409027,5.193883556781176,7.22633100733728,3.5047024863823606,8.21505498090868
10,1,0.2857142857142857,1.6582280766035322,0.17967623762635643,"(0, 0, 1, 0, 0, 0, 0, 0, 0, 1, 0, 0, 1, 0, 0, 1, 1, 0, 0, 0, 0, 0, 1, 0, 0)",5.0,9.0,9.0,12.0,6.692,12.67,13.220666666666666,16.361,0.0,1.750315009124249,2.32980123524976,4.16254860453761,3.0,3.0,4.0,13.0,0.24889322708776404,0.07455005598318273,0.05805097421071021,0.038452397551143595,4.0,4.0,7.0,5.978,6.528666666666666,9.669,1.750315009124249,2.32980123524976,4.16254860453761,7.010465950905519,6.962676548255517,9.130952306408435
10,2,0.5714285714285714,1.6582280766035322,-0.47342219509387135,"(0, 0, 1, 1, 0, 1, 1, 0, 0, 1, 0, 0, 0, 1, 0, 0, 1, 0, 1, 1, 1, 1, 1, 1, 1)",8.0,11.0,12.0,15.0,9.807666666666666,14.867,17.781666666666666,19.612333333333332,0.0,2.1775574730611478,1.9118172114072298,2.854869943328064,8.0,6.0,13.0,7.0,0.1657277306528203,0.027352001940840566,0.02166154795513897,0.009399674464396083,3.0,4.0,7.0,5.059333333333335,7.974,9.804666666666666,2.1775574730611478,1.9118172114072298,2.854869943328064,4.778641641981638,10.052481705547228,11.524348053327301
10,3,0.8571428571428571,1.6582280766035322,0.7217171053404693,"(1, 1, 1, 1, 1, 0, 0, 0, 0, 1, 0, 0, 1, 0, 0, 1, 1, 0, 1, 1, 1, 0, 0, 0, 0)",7.0,11.0,12.0,14.0,9.476,15.936,16.506666666666668,16.945666666666668,0.0,2.3028918785177646,1.9843002031112091,3.124175395346681,2.0,2.0,8.0,25.0,0.13995505344090645,0.07283638418867201,0.04754176081262625,0.03376895693844327,4.0,5.0,7.0,6.459999999999999,7.030666666666667,7.469666666666667,2.3028918785177646,1.9843002031112091,3.124175395346681,6.89343340451841,8.368026554698137,7.205815632738378
10,4,1.1428571428571428,1.6582280766035322,0.1900448450093657,"(0, 0, 0, 0, 0, 0, 0, 0, 0, 1, 1, 0, 0, 1, 1, 0, 0, 0, 0, 0, 0, 0, 0, 0, 0)",3.0,7.0,7.0,11.0,3.5533333333333332,8.986,9.388666666666667,12.881666666666666,0.0,4.9896819815256555,4.138550359317875,7.204549586310383,3.0,6.0,4.0,65.0,0.2612370499631924,0.043000145297223104,0.09291976058556972,0.03527733787774534,4.0,4.0,8.0,5.432666666666668,5.835333333333335,9.328333333333333,4.9896819815256555,4.138550359317875,7.204549586310383,0.7345696424062024,2.8136531674152763,3.52171783794771
10,5,1.4285714285714284,1.6582280766035322,-0.9755548477449499,"(0, 1, 1, 0, 1, 0, 0, 1, 0, 0, 0, 0, 0, 0, 0, 1, 1, 0, 0, 0, 0, 0, 0, 0, 0)",4.0,7.0,8.0,11.0,5.552333333333333,12.406,13.775333333333334,15.386666666666667,0.0,4.853043988013525,5.012943236489122,6.8671370222343775,1.0,1.0,5.0,4.0,0.30892445082751685,0.02957842088054768,0.05201399508303461,0.02638396185981916,3.0,4.0,7.0,6.853666666666667,8.223,9.834333333333333,4.853043988013525,5.012943236489122,6.8671370222343775,3.317488696432407,5.323006252744803,4.920288231858717
10,6,1.7142857142857142,1.6582280766035322,-0.8520680483991995,"(1, 1, 1, 0, 0, 0, 1, 0, 0, 0, 0, 0, 1, 0, 1, 0, 0, 1, 0, 0, 0, 0, 1, 0, 0)",6.0,9.0,9.0,11.0,11.793333333333333,12.273333333333333,13.723666666666666,16.599,0.0,3.0499144146494537,2.896408556646984,3.967034301927851,3.0,5.0,5.0,3.0,0.2641791800192799,0.0715931770890381,0.08681167494490365,0.024419920097212854,3.0,3.0,5.0,0.4800000000000004,1.9303333333333335,4.805666666666667,3.0499144146494537,2.896408556646984,3.967034301927851,-4.261504236839855,-1.6019730594097228,1.3906437331583188
10,7,2.0,1.6582280766035322,0.8772257833614969,"(0, 0, 1, 0, 0, 1, 0, 1, 1, 0, 0, 1, 1, 1, 1, 0, 0, 1, 0, 0, 1, 0, 0, 0, 0)",7.0,11.0,12.0,14.0,9.574666666666667,15.253,16.053333333333335,17.119,0.0,2.0567555576805816,2.3650754313903977,3.2038993163184966,1.0,6.0,14.0,17.0,0.13573467530807407,0.024316655305270867,0.01211400988799434,0.009741803901944167,4.0,5.0,7.0,5.678333333333333,6.478666666666667,7.5443333333333324,2.0567555576805816,2.3650754313903977,3.2038993163184966,6.00540194919076,6.821272482005316,7.197429551659054
11,0,0.0,1.6582280766035322,-0.7845693254403943,"(0, 0, 0, 0, 0, 0, 0, 0, 1, 1, 0, 0, 0, 0, 0, 0, 1, 0, 1, 0, 1, 1, 1, 1, 0)",5.0,9.0,8.0,11.0,5.999333333333333,14.029333333333334,11.114,16.147333333333332,0.0,3.672136863260319,3.0011440844409027,5.193883556781176,4.0,8.0,4.0,2.0,0.27632573667229626,0.030575178616661678,0.13688193734346144,0.03854895300990265,4.0,3.0,6.0,8.030000000000001,5.114666666666667,10.148,3.672136863260319,3.0011440844409027,5.193883556781176,7.22633100733728,3.5047024863823606,8.21505498090868
11,1,0.2857142857142857,1.6582280766035322,0.17967623762635643,"(0, 0, 1, 0, 0, 0, 0, 0, 0, 1, 0, 0, 1, 0, 0, 1, 1, 0, 0, 0, 0, 0, 1, 0, 0)",5.0,9.0,9.0,12.0,6.692,12.67,13.220666666666666,16.361,0.0,1.750315009124249,2.32980123524976,4.16254860453761,3.0,3.0,4.0,13.0,0.24889322708776404,0.07455005598318273,0.05805097421071021,0.038452397551143595,4.0,4.0,7.0,5.978,6.528666666666666,9.669,1.750315009124249,2.32980123524976,4.16254860453761,7.010465950905519,6.962676548255517,9.130952306408435
11,2,0.5714285714285714,1.6582280766035322,-0.47342219509387135,"(0, 0, 1, 1, 0, 1, 1, 0, 0, 1, 0, 0, 0, 1, 0, 0, 1, 0, 1, 1, 1, 1, 1, 1, 1)",8.0,11.0,12.0,15.0,9.807666666666666,14.867,17.781666666666666,19.612333333333332,0.0,2.1775574730611478,1.9118172114072298,2.854869943328064,8.0,6.0,13.0,7.0,0.1657277306528203,0.027352001940840566,0.02166154795513897,0.009399674464396083,3.0,4.0,7.0,5.059333333333335,7.974,9.804666666666666,2.1775574730611478,1.9118172114072298,2.854869943328064,4.778641641981638,10.052481705547228,11.524348053327301
11,3,0.8571428571428571,1.6582280766035322,0.15667125794281023,"(0, 1, 1, 1, 0, 0, 0, 0, 0, 1, 0, 0, 1, 0, 0, 1, 1, 0, 1, 1, 1, 0, 0, 0, 0)",7.0,10.0,11.0,13.0,10.042666666666667,16.005333333333333,15.011666666666667,16.966,0.0,2.0523151913865645,1.8644379503073851,3.657544456186209,4.0,8.0,7.0,18.0,0.11526113311188686,0.08014814169498223,0.04579944970974606,0.05628045219603136,3.0,4.0,6.0,5.9626666666666654,4.968999999999999,6.923333333333334,2.0523151913865645,1.8644379503073851,3.657544456186209,6.484254605697506,5.148071956358103,5.415422808344886
11,4,1.1428571428571428,1.6582280766035322,0.1900448450093657,"(0, 0, 0, 0, 0, 0, 0, 0, 0, 1, 1, 0, 0, 1, 1, 0, 0, 0, 0, 0, 0, 0, 0, 0, 0)",3.0,7.0,7.0,11.0,3.5533333333333332,8.986,9.388666666666667,12.881666666666666,0.0,4.9896819815256555,4.138550359317875,7.204549586310383,3.0,6.0,4.0,65.0,0.2612370499631924,0.043000145297223104,0.09291976058556972,0.03527733787774534,4.0,4.0,8.0,5.432666666666668,5.835333333333335,9.328333333333333,4.9896819815256555,4.138550359317875,7.204549586310383,0.7345696424062024,2.8136531674152763,3.52171783794771
11,5,1.4285714285714284,1.6582280766035322,0.33737078713249913,"(0, 1, 1, 0, 1, 0, 0, 1, 0, 0, 0, 0, 0, 1, 0, 1, 1, 0, 1, 0, 0, 0, 0, 0, 0)",5.0,8.0,9.0,13.0,7.690333333333333,10.556666666666667,14.096,17.623666666666665,0.0,3.521228895911194,3.218648333822067,5.287748478295142,1.0,1.0,3.0,15.0,0.213125237152509,0.013429599806889321,0.07262932817866007,0.01662839272536172,3.0,4.0,8.0,2.8663333333333334,6.405666666666667,9.933333333333332,3.521228895911194,3.218648333822067,5.287748478295142,-1.0859662091096738,5.284803280173097,7.7034392388684765
11,6,1.7142857142857142,1.6582280766035322,0.047921945891156836,"(1, 1, 1, 0, 0, 0, 1, 0, 0, 0, 0, 0, 1, 0, 1, 0, 1, 0, 0, 0, 0, 0, 1, 0, 0)",6.0,10.0,13.0,13.0,9.072333333333333,12.681666666666667,17.733,17.749,0.0,2.294352003923258,2.3461163570478965,3.593840860910024,1.0,5.0,2.0,5.0,0.050341874083865916,0.025851732191901886,0.00806155250572239,0.00969610592310447,4.0,7.0,7.0,3.6093333333333337,8.660666666666668,8.676666666666666,2.294352003923258,2.3461163570478965,3.593840860910024,2.1805389606372256,10.470964614535374,8.428484459590635
11,7,2.0,1.6582280766035322,0.8772257833614969,"(0, 0, 1, 0, 0, 1, 0, 1, 1, 0, 0, 1, 1, 1, 1, 0, 0, 1, 0, 0, 1, 0, 0, 0, 0)",7.0,11.0,12.0,14.0,9.574666666666667,15.253,16.053333333333335,17.119,0.0,2.0567555576805816,2.3650754313903977,3.2038993163184966,1.0,6.0,14.0,17.0,0.13573467530807407,0.024316655305270867,0.01211400988799434,0.009741803901944167,4.0,5.0,7.0,5.678333333333333,6.478666666666667,7.5443333333333324,2.0567555576805816,2.3650754313903977,3.2038993163184966,6.00540194919076,6.821272482005316,7.197429551659054
12,0,0.0,1.6582280766035322,-0.7845693254403943,"(0, 0, 0, 0, 0, 0, 0, 0, 1, 1, 0, 0, 0, 0, 0, 0, 1, 0, 1, 0, 1, 1, 1, 1, 0)",5.0,9.0,8.0,11.0,5.999333333333333,14.029333333333334,11.114,16.147333333333332,0.0,3.672136863260319,3.0011440844409027,5.193883556781176,4.0,8.0,4.0,2.0,0.27632573667229626,0.030575178616661678,0.13688193734346144,0.03854895300990265,4.0,3.0,6.0,8.030000000000001,5.114666666666667,10.148,3.672136863260319,3.0011440844409027,5.193883556781176,7.22633100733728,3.5047024863823606,8.21505498090868
12,1,0.2857142857142857,1.6582280766035322,0.17967623762635643,"(0, 0, 1, 0, 0, 0, 0, 0, 0, 1, 0, 0, 1, 0, 0, 1, 1, 0, 0, 0, 0, 0, 1, 0, 0)",5.0,9.0,9.0,12.0,6.692,12.67,13.220666666666666,16.361,0.0,1.750315009124249,2.32980123524976,4.16254860453761,3.0,3.0,4.0,13.0,0.24889322708776404,0.07455005598318273,0.05805097421071021,0.038452397551143595,4.0,4.0,7.0,5.978,6.528666666666666,9.669,1.750315009124249,2.32980123524976,4.16254860453761,7.010465950905519,6.962676548255517,9.130952306408435
12,2,0.5714285714285714,1.6582280766035322,-0.2693752650235629,"(0, 0, 1, 1, 0, 1, 1, 0, 0, 1, 0, 0, 0, 1, 0, 0, 1, 0, 1, 1, 0, 0, 1, 1, 1)",7.0,10.0,11.0,12.0,15.168333333333333,15.419333333333332,16.405666666666665,17.642,0.0,2.7528797042387425,3.7916858952052297,4.33135622273585,2.0,4.0,8.0,1.0,0.09093810740183102,0.06670541436231511,0.04245235743178544,0.02998677810783858,3.0,4.0,5.0,0.25099999999999945,1.237333333333332,2.4736666666666665,2.7528797042387425,3.7916858952052297,4.33135622273585,-4.148687169853225,-4.235699135640142,-3.0804729794870713
12,3,0.8571428571428571,1.6582280766035322,0.15667125794281023,"(0, 1, 1, 1, 0, 0, 0, 0, 0, 1, 0, 0, 1, 0, 0, 1, 1, 0, 1, 1, 1, 0, 0, 0, 0)",7.0,10.0,11.0,13.0,10.042666666666667,16.005333333333333,15.011666666666667,16.966,0.0,2.0523151913865645,1.8644379503073851,3.657544456186209,4.0,8.0,7.0,18.0,0.11526113311188686,0.08014814169498223,0.04579944970974606,0.05628045219603136,3.0,4.0,6.0,5.9626666666666654,4.968999999999999,6.923333333333334,2.0523151913865645,1.8644379503073851,3.657544456186209,6.484254605697506,5.148071956358103,5.415422808344886
12,4,1.1428571428571428,1.6582280766035322,0.1900448450093657,"(0, 0, 0, 0, 0, 0, 0, 0, 0, 1, 1, 0, 0, 1, 1, 0, 0, 0, 0, 0, 0, 0, 0, 0, 0)",3.0,7.0,7.0,11.0,3.5533333333333332,8.986,9.388666666666667,12.881666666666666,0.0,4.9896819815256555,4.138550359317875,7.204549586310383,3.0,6.0,4.0,65.0,0.2612370499631924,0.043000145297223104,0.09291976058556972,0.03527733787774534,4.0,4.0,8.0,5.432666666666668,5.835333333333335,9.328333333333333,4.9896819815256555,4.138550359317875,7.204549586310383,0.7345696424062024,2.8136531674152763,3.52171783794771
12,5,1.4285714285714284,1.6582280766035322,0.33737078713249913,"(0, 1, 1, 0, 1, 0, 0, 1, 0, 0, 0, 0, 0, 1, 0, 1, 1, 0, 1, 0, 0, 0, 0, 0, 0)",5.0,8.0,9.0,13.0,7.690333333333333,10.556666666666667,14.096,17.623666666666665,0.0,3.521228895911194,3.218648333822067,5.287748478295142,1.0,1.0,3.0,15.0,0.213125237152509,0.013429599806889321,0.07262932817866007,0.01662839272536172,3.0,4.0,8.0,2.8663333333333334,6.405666666666667,9.933333333333332,3.521228895911194,3.218648333822067,5.287748478295142,-1.0859662091096738,5.284803280173097,7.7034392388684765
12,6,1.7142857142857142,1.6582280766035322,0.16257699039728546,"(1, 1, 0, 0, 0, 0, 1, 0, 0, 0, 0, 0, 1, 0, 1, 0, 1, 0, 0, 0, 0, 0, 0, 0, 0)",5.0,9.0,9.0,12.0,8.579,13.045333333333334,13.223333333333333,16.793,0.0,2.566844938800233,2.2811967278488683,4.33820101974094,1.0,6.0,5.0,4.0,0.11069747185595699,0.014007411855760736,0.01820951603954981,0.010033251049385798,4.0,4.0,7.0,4.466333333333333,4.644333333333332,8.213999999999999,2.566844938800233,2.2811967278488683,4.33820101974094,3.149784986997354,3.9186194680639024,6.42695868833691
12,7,2.0,1.6582280766035322,0.8772257833614969,"(0, 0, 1, 0, 0, 1, 0, 1, 1, 0, 0, 1, 1, 1, 1, 0, 0, 1, 0, 0, 1, 0, 0, 0, 0)",7.0,11.0,12.0,14.0,9.574666666666667,15.253,16.053333333333335,17.119,0.0,2.0567555576805816,2.3650754313903977,3.2038993163184966,1.0,6.0,14.0,17.0,0.13573467530807407,0.024316655305270867,0.01211400988799434,0.009741803901944167,4.0,5.0,7.0,5.678333333333333,6.478666666666667,7.5443333333333324,2.0567555576805816,2.3650754313903977,3.2038993163184966,6.00540194919076,6.821272482005316,7.197429551659054
13,0,0.0,1.6582280766035322,-0.7845693254403943,"(0, 0, 0, 0, 0, 0, 0, 0, 1, 1, 0, 0, 0, 0, 0, 0, 1, 0, 1, 0, 1, 1, 1, 1, 0)",5.0,9.0,8.0,11.0,5.999333333333333,14.029333333333334,11.114,16.147333333333332,0.0,3.672136863260319,3.0011440844409027,5.193883556781176,4.0,8.0,4.0,2.0,0.27632573667229626,0.030575178616661678,0.13688193734346144,0.03854895300990265,4.0,3.0,6.0,8.030000000000001,5.114666666666667,10.148,3.672136863260319,3.0011440844409027,5.193883556781176,7.22633100733728,3.5047024863823606,8.21505498090868
13,1,0.2857142857142857,1.6582280766035322,0.6576890881033266,"(0, 0, 1, 0, 0, 0, 0, 1, 0, 1, 0, 0, 0, 0, 0, 1, 1, 0, 0, 0, 0, 0, 1, 0, 0)",4.0,8.0,9.0,12.0,6.910666666666667,12.843666666666667,11.257333333333333,15.921,0.0,3.122858025263602,3.3278979269356292,5.159208165223759,1.0,3.0,10.0,24.0,0.22487298070013997,0.009577168326752034,0.017819645009243403,0.05513790704855292,4.0,5.0,8.0,5.933000000000001,4.346666666666667,9.010333333333332,3.122858025263602,3.3278979269356292,5.159208165223759,4.659856321749991,1.6893509277880028,6.386043880273792
13,2,0.5714285714285714,1.6582280766035322,-0.2693752650235629,"(0, 0, 1, 1, 0, 1, 1, 0, 0, 1, 0, 0, 0, 1, 0, 0, 1, 0, 1, 1, 0, 0, 1, 1, 1)",7.0,10.0,11.0,12.0,15.168333333333333,15.419333333333332,16.405666666666665,17.642,0.0,2.7528797042387425,3.7916858952052297,4.33135622273585,2.0,4.0,8.0,1.0,0.09093810740183102,0.06670541436231511,0.04245235743178544,0.02998677810783858,3.0,4.0,5.0,0.25099999999999945,1.237333333333332,2.4736666666666665,2.7528797042387425,3.7916858952052297,4.33135622273585,-4.148687169853225,-4.235699135640142,-3.0804729794870713
13,3,0.8571428571428571,1.6582280766035322,0.12560184379470973,"(0, 1, 1, 1, 0, 1, 0, 0, 0, 0, 0, 0, 1, 0, 0, 1, 1, 0, 1, 1, 1, 0, 0, 0, 0)",7.0,11.0,11.0,13.0,12.349,15.175333333333333,15.584333333333333,18.541666666666668,0.0,3.1614026156664314,2.4936986558656127,3.7668769607036006,4.0,26.0,6.0,2.0,0.1435582953394634,0.020134959964329315,0.021826632319450423,0.026220948231705076,4.0,4.0,6.0,2.8263333333333325,3.235333333333333,6.192666666666668,3.1614026156664314,2.4936986558656127,3.7668769607036006,-0.5556212915721406,1.229799444759779,4.022512598363785
13,4,1.1428571428571428,1.6582280766035322,0.1900448450093657,"(0, 0, 0, 0, 0, 0, 0, 0, 0, 1, 1, 0, 0, 1, 1, 0, 0, 0, 0, 0, 0, 0, 0, 0, 0)",3.0,7.0,7.0,11.0,3.5533333333333332,8.986,9.388666666666667,12.881666666666666,0.0,4.9896819815256555,4.138550359317875,7.204549586310383,3.0,6.0,4.0,65.0,0.2612370499631924,0.043000145297223104,0.09291976058556972,0.03527733787774534,4.0,4.0,8.0,5.432666666666668,5.835333333333335,9.328333333333333,4.9896819815256555,4.138550359317875,7.204549586310383,0.7345696424062024,2.8136531674152763,3.52171783794771
13,5,1.4285714285714284,1.6582280766035322,-0.5567328696230762,"(0, 0, 1, 0, 1, 0, 1, 1, 0, 0, 0, 0, 0, 1, 0, 1, 1, 0, 1, 0, 0, 0, 0, 0, 0)",5.0,9.0,11.0,12.0,7.044333333333333,11.802333333333333,15.699,16.569,0.0,4.079471377899773,4.49283078788422,5.662342200799879,1.0,6.0,2.0,1.0,0.15463236528141852,0.02957978770510866,0.0752966740681326,0.03193344820593046,4.0,6.0,7.0,4.758,8.654666666666667,9.524666666666665,4.079471377899773,4.49283078788422,5.662342200799879,1.125155211945705,6.901273104412989,6.404614870253046
13,6,1.7142857142857142,1.6582280766035322,0.16257699039728546,"(1, 1, 0, 0, 0, 0, 1, 0, 0, 0, 0, 0, 1, 0, 1, 0, 1, 0, 0, 0, 0, 0, 0, 0, 0)",5.0,9.0,9.0,12.0,8.579,13.045333333333334,13.223333333333333,16.793,0.0,2.566844938800233,2.2811967278488683,4.33820101974094,1.0,6.0,5.0,4.0,0.11069747185595699,0.014007411855760736,0.01820951603954981,0.010033251049385798,4.0,4.0,7.0,4.466333333333333,4.644333333333332,8.213999999999999,2.566844938800233,2.2811967278488683,4.33820101974094,3.149784986997354,3.9186194680639024,6.42695868833691
13,7,2.0,1.6582280766035322,0.8772257833614969,"(0, 0, 1, 0, 0, 1, 0, 1, 1, 0, 0, 1, 1, 1, 1, 0, 0, 1, 0, 0, 1, 0, 0, 0, 0)",7.0,11.0,12.0,14.0,9.574666666666667,15.253,16.053333333333335,17.119,0.0,2.0567555576805816,2.3650754313903977,3.2038993163184966,1.0,6.0,14.0,17.0,0.13573467530807407,0.024316655305270867,0.01211400988799434,0.009741803901944167,4.0,5.0,7.0,5.678333333333333,6.478666666666667,7.5443333333333324,2.0567555576805816,2.3650754313903977,3.2038993163184966,6.00540194919076,6.821272482005316,7.197429551659054
14,0,0.0,1.6582280766035322,-0.7845693254403943,"(0, 0, 0, 0, 0, 0, 0, 0, 1, 1, 0, 0, 0, 0, 0, 0, 1, 0, 1, 0, 1, 1, 1, 1, 0)",5.0,9.0,8.0,11.0,5.999333333333333,14.029333333333334,11.114,16.147333333333332,0.0,3.672136863260319,3.0011440844409027,5.193883556781176,4.0,8.0,4.0,2.0,0.27632573667229626,0.030575178616661678,0.13688193734346144,0.03854895300990265,4.0,3.0,6.0,8.030000000000001,5.114666666666667,10.148,3.672136863260319,3.0011440844409027,5.193883556781176,7.22633100733728,3.5047024863823606,8.21505498090868
14,1,0.2857142857142857,1.6582280766035322,0.6576890881033266,"(0, 0, 1, 0, 0, 0, 0, 1, 0, 1, 0, 0, 0, 0, 0, 1, 1, 0, 0, 0, 0, 0, 1, 0, 0)",4.0,8.0,9.0,12.0,6.910666666666667,12.843666666666667,11.257333333333333,15.921,0.0,3.122858025263602,3.3278979269356292,5.159208165223759,1.0,3.0,10.0,24.0,0.22487298070013997,0.009577168326752034,0.017819645009243403,0.05513790704855292,4.0,5.0,8.0,5.933000000000001,4.346666666666667,9.010333333333332,3.122858025263602,3.3278979269356292,5.159208165223759,4.659856321749991,1.6893509277880028,6.386043880273792
14,2,0.5714285714285714,1.6582280766035322,-0.2693752650235629,"(0, 0, 1, 1, 0, 1, 1, 0, 0, 1, 0, 0, 0, 1, 0, 0, 1, 0, 1, 1, 0, 0, 1, 1, 1)",7.0,10.0,11.0,12.0,15.168333333333333,15.419333333333332,16.405666666666665,17.642,0.0,2.7528797042387425,3.7916858952052297,4.33135622273585,2.0,4.0,8.0,1.0,0.09093810740183102,0.06670541436231511,0.04245235743178544,0.02998677810783858,3.0,4.0,5.0,0.25099999999999945,1.237333333333332,2.4736666666666665,2.7528797042387425,3.7916858952052297,4.33135622273585,-4.148687169853225,-4.235699135640142,-3.0804729794870713
14,3,0.8571428571428571,1.6582280766035322,0.12560184379470973,"(0, 1, 1, 1, 0, 1, 0, 0, 0, 0, 0, 0, 1, 0, 0, 1, 1, 0, 1, 1, 1, 0, 0, 0, 0)",7.0,11.0,11.0,13.0,12.349,15.175333333333333,15.584333333333333,18.541666666666668,0.0,3.1614026156664314,2.4936986558656127,3.7668769607036006,4.0,26.0,6.0,2.0,0.1435582953394634,0.020134959964329315,0.021826632319450423,0.026220948231705076,4.0,4.0,6.0,2.8263333333333325,3.235333333333333,6.192666666666668,3.1614026156664314,2.4936986558656127,3.7668769607036006,-0.5556212915721406,1.229799444759779,4.022512598363785
14,4,1.1428571428571428,1.6582280766035322,1.1846608718070655,"(0, 0, 0, 0, 0, 0, 0, 0, 0, 0, 1, 0, 0, 1, 0, 0, 0, 0, 0, 0, 0, 0, 0, 0, 0)",2.0,6.0,7.0,11.0,8.094666666666667,9.453333333333333,9.35,13.970666666666666,0.0,2.9360862695688246,4.611790227624118,7.259261900460097,1.0,1.0,13.0,51.0,0.2978209951324667,0.07286069784517021,0.048059860561204176,0.009311573790562808,4.0,5.0,9.0,1.3586666666666662,1.2553333333333327,5.8759999999999994,2.9360862695688246,4.611790227624118,7.259261900460097,-2.6157214741171537,-5.565771060022474,-2.2937637206388946
14,5,1.4285714285714284,1.6582280766035322,-0.5567328696230762,"(0, 0, 1, 0, 1, 0, 1, 1, 0, 0, 0, 0, 0, 1, 0, 1, 1, 0, 1, 0, 0, 0, 0, 0, 0)",5.0,9.0,11.0,12.0,7.044333333333333,11.802333333333333,15.699,16.569,0.0,4.079471377899773,4.49283078788422,5.662342200799879,1.0,6.0,2.0,1.0,0.15463236528141852,0.02957978770510866,0.0752966740681326,0.03193344820593046,4.0,6.0,7.0,4.758,8.654666666666667,9.524666666666665,4.079471377899773,4.49283078788422,5.662342200799879,1.125155211945705,6.901273104412989,6.404614870253046
14,6,1.7142857142857142,1.6582280766035322,0.16257699039728546,"(1, 1, 0, 0, 0, 0, 1, 0, 0, 0, 0, 0, 1, 0, 1, 0, 1, 0, 0, 0, 0, 0, 0, 0, 0)",5.0,9.0,9.0,12.0,8.579,13.045333333333334,13.223333333333333,16.793,0.0,2.566844938800233,2.2811967278488683,4.33820101974094,1.0,6.0,5.0,4.0,0.11069747185595699,0.014007411855760736,0.01820951603954981,0.010033251049385798,4.0,4.0,7.0,4.466333333333333,4.644333333333332,8.213999999999999,2.566844938800233,2.2811967278488683,4.33820101974094,3.149784986997354,3.9186194680639024,6.42695868833691
14,7,2.0,1.6582280766035322,0.8772257833614969,"(0, 0, 1, 0, 0, 1, 0, 1, 1, 0, 0, 1, 1, 1, 1, 0, 0, 1, 0, 0, 1, 0, 0, 0, 0)",7.0,11.0,12.0,14.0,9.574666666666667,15.253,16.053333333333335,17.119,0.0,2.0567555576805816,2.3650754313903977,3.2038993163184966,1.0,6.0,14.0,17.0,0.13573467530807407,0.024316655305270867,0.01211400988799434,0.009741803901944167,4.0,5.0,7.0,5.678333333333333,6.478666666666667,7.5443333333333324,2.0567555576805816,2.3650754313903977,3.2038993163184966,6.00540194919076,6.821272482005316,7.197429551659054
15,0,0.0,1.6582280766035322,-0.7845693254403943,"(0, 0, 0, 0, 0, 0, 0, 0, 1, 1, 0, 0, 0, 0, 0, 0, 1, 0, 1, 0, 1, 1, 1, 1, 0)",5.0,9.0,8.0,11.0,5.999333333333333,14.029333333333334,11.114,16.147333333333332,0.0,3.672136863260319,3.0011440844409027,5.193883556781176,4.0,8.0,4.0,2.0,0.27632573667229626,0.030575178616661678,0.13688193734346144,0.03854895300990265,4.0,3.0,6.0,8.030000000000001,5.114666666666667,10.148,3.672136863260319,3.0011440844409027,5.193883556781176,7.22633100733728,3.5047024863823606,8.21505498090868
15,1,0.2857142857142857,1.6582280766035322,0.6576890881033266,"(0, 0, 1, 0, 0, 0, 0, 1, 0, 1, 0, 0, 0, 0, 0, 1, 1, 0, 0, 0, 0, 0, 1, 0, 0)",4.0,8.0,9.0,12.0,6.910666666666667,12.843666666666667,11.257333333333333,15.921,0.0,3.122858025263602,3.3278979269356292,5.159208165223759,1.0,3.0,10.0,24.0,0.22487298070013997,0.009577168326752034,0.017819645009243403,0.05513790704855292,4.0,5.0,8.0,5.933000000000001,4.346666666666667,9.010333333333332,3.122858025263602,3.3278979269356292,5.159208165223759,4.659856321749991,1.6893509277880028,6.386043880273792
15,2,0.5714285714285714,1.6582280766035322,-0.2693752650235629,"(0, 0, 1, 1, 0, 1, 1, 0, 0, 1, 0, 0, 0, 1, 0, 0, 1, 0, 1, 1, 0, 0, 1, 1, 1)",7.0,10.0,11.0,12.0,15.168333333333333,15.419333333333332,16.405666666666665,17.642,0.0,2.7528797042387425,3.7916858952052297,4.33135622273585,2.0,4.0,8.0,1.0,0.09093810740183102,0.06670541436231511,0.04245235743178544,0.02998677810783858,3.0,4.0,5.0,0.25099999999999945,1.237333333333332,2.4736666666666665,2.7528797042387425,3.7916858952052297,4.33135622273585,-4.148687169853225,-4.235699135640142,-3.0804729794870713
15,3,0.8571428571428571,1.6582280766035322,0.12560184379470973,"(0, 1, 1, 1, 0, 1, 0, 0, 0, 0, 0, 0, 1, 0, 0, 1, 1, 0, 1, 1, 1, 0, 0, 0, 0)",7.0,11.0,11.0,13.0,12.349,15.175333333333333,15.584333333333333,18.541666666666668,0.0,3.1614026156664314,2.4936986558656127,3.7668769607036006,4.0,26.0,6.0,2.0,0.1435582953394634,0.020134959964329315,0.021826632319450423,0.026220948231705076,4.0,4.0,6.0,2.8263333333333325,3.235333333333333,6.192666666666668,3.1614026156664314,2.4936986558656127,3.7668769607036006,-0.5556212915721406,1.229799444759779,4.022512598363785
15,4,1.1428571428571428,1.6582280766035322,0.23406544157005116,"(0, 0, 0, 0, 0, 0, 0, 1, 1, 0, 1, 0, 0, 1, 0, 0, 0, 0, 0, 0, 0, 0, 0, 0, 0)",3.0,7.0,8.0,11.0,5.422,10.089333333333334,10.700666666666667,14.583333333333334,0.0,3.9756478755479847,3.664656412159196,6.047769680071759,1.0,3.0,9.0,17.0,0.288372951042102,0.1424220950256298,0.05656124113254011,0.01135647175998054,4.0,5.0,8.0,4.6673333333333344,5.278666666666667,9.161333333333335,3.9756478755479847,3.664656412159196,6.047769680071759,1.146972246278034,2.6763971199503014,5.162998668130611
15,5,1.4285714285714284,1.6582280766035322,-0.18850198469756696,"(0, 0, 0, 0, 1, 0, 1, 0, 0, 0, 0, 0, 0, 1, 0, 1, 1, 0, 1, 0, 0, 0, 0, 0, 0)",5.0,8.0,9.0,11.0,6.552,12.938666666666666,13.067333333333334,14.567,0.0,3.0487997168868475,2.6707605649340573,4.508685290772192,3.0,3.0,1.0,13.0,0.2603000047367787,0.036029673715790134,0.025610913389010486,0.008625531615954411,3.0,4.0,6.0,6.386666666666667,6.515333333333334,8.015,3.0487997168868475,2.6707605649340573,4.508685290772192,5.534944692091888,6.37517850710505,5.814269496249502
15,6,1.7142857142857142,1.6582280766035322,0.16257699039728546,"(1, 1, 0, 0, 0, 0, 1, 0, 0, 0, 0, 0, 1, 0, 1, 0, 1, 0, 0, 0, 0, 0, 0, 0, 0)",5.0,9.0,9.0,12.0,8.579,13.045333333333334,13.223333333333333,16.793,0.0,2.566844938800233,2.2811967278488683,4.33820101974094,1.0,6.0,5.0,4.0,0.11069747185595699,0.014007411855760736,0.01820951603954981,0.010033251049385798,4.0,4.0,7.0,4.466333333333333,4.644333333333332,8.213999999999999,2.566844938800233,2.2811967278488683,4.33820101974094,3.149784986997354,3.9186194680639024,6.42695868833691
15,7,2.0,1.6582280766035322,0.8772257833614969,"(0, 0, 1, 0, 0, 1, 0, 1, 1, 0, 0, 1, 1, 1, 1, 0, 0, 1, 0, 0, 1, 0, 0, 0, 0)",7.0,11.0,12.0,14.0,9.574666666666667,15.253,16.053333333333335,17.119,0.0,2.0567555576805816,2.3650754313903977,3.2038993163184966,1.0,6.0,14.0,17.0,0.13573467530807407,0.024316655305270867,0.01211400988799434,0.009741803901944167,4.0,5.0,7.0,5.678333333333333,6.478666666666667,7.5443333333333324,2.0567555576805816,2.3650754313903977,3.2038993163184966,6.00540194919076,6.821272482005316,7.197429551659054
16,0,0.0,1.6582280766035322,-1.8581647444972962,"(0, 0, 0, 0, 0, 0, 0, 0, 1, 1, 0, 0, 0, 0, 0, 0, 1, 0, 1, 0, 0, 0, 1, 1, 0)",4.0,7.0,7.0,10.0,4.480333333333333,10.229666666666667,10.286333333333333,17.001,0.0,4.037214199080994,4.313106501515008,6.525053782409272,3.0,1.0,2.0,1.0,0.12863843227795504,0.034751382986251245,0.12187395956648946,0.010213233443516167,3.0,3.0,6.0,5.749333333333333,5.806,12.520666666666667,4.037214199080994,4.313106501515008,6.525053782409272,2.8390840189073616,2.475557914566687,9.942093621121495
16,1,0.2857142857142857,1.6582280766035322,0.03984826924297069,"(0, 0, 1, 0, 1, 0, 0, 1, 0, 1, 0, 0, 0, 0, 0, 1, 1, 0, 0, 0, 0, 0, 1, 0, 1)",5.0,9.0,8.0,12.0,6.9303333333333335,12.263,13.742666666666667,16.746666666666666,0.0,3.342831192003263,3.196216192896902,5.250033001930614,1.0,7.0,1.0,9.0,0.23482814551055303,0.11438256223414643,0.04317260444976475,0.034745924484089356,4.0,3.0,7.0,5.332666666666666,6.812333333333333,9.816333333333333,3.342831192003263,3.196216192896902,5.250033001930614,3.299601051908572,5.996346970558968,7.571967415736002
16,2,0.5714285714285714,1.6582280766035322,-0.2693752650235629,"(0, 0, 1, 1, 0, 1, 1, 0, 0, 1, 0, 0, 0, 1, 0, 0, 1, 0, 1, 1, 0, 0, 1, 1, 1)",7.0,10.0,11.0,12.0,15.168333333333333,15.419333333333332,16.405666666666665,17.642,0.0,2.7528797042387425,3.7916858952052297,4.33135622273585,2.0,4.0,8.0,1.0,0.09093810740183102,0.06670541436231511,0.04245235743178544,0.02998677810783858,3.0,4.0,5.0,0.25099999999999945,1.237333333333332,2.4736666666666665,2.7528797042387425,3.7916858952052297,4.33135622273585,-4.148687169853225,-4.235699135640142,-3.0804729794870713
16,3,0.8571428571428571,1.6582280766035322,0.12560184379470973,"(0, 1, 1, 1, 0, 1, 0, 0, 0, 0, 0, 0, 1, 0, 0, 1, 1, 0, 1, 1, 1, 0, 0, 0, 0)",7.0,11.0,11.0,13.0,12.349,15.175333333333333,15.584333333333333,18.541666666666668,0.0,3.1614026156664314,2.4936986558656127,3.7668769607036006,4.0,26.0,6.0,2.0,0.1435582953394634,0.020134959964329315,0.021826632319450423,0.026220948231705076,4.0,4.0,6.0,2.8263333333333325,3.235333333333333,6.192666666666668,3.1614026156664314,2.4936986558656127,3.7668769607036006,-0.5556212915721406,1.229799444759779,4.022512598363785
16,4,1.1428571428571428,1.6582280766035322,-0.7439574773687327,"(0, 0, 0, 0, 0, 1, 1, 1, 1, 0, 1, 0, 0, 1, 0, 0, 0, 0, 0, 0, 0, 0, 0, 0, 0)",3.0,7.0,6.0,10.0,4.161666666666667,12.099333333333334,9.485333333333333,14.161,0.0,2.8996144642617496,3.1118768704452053,5.275514440041087,1.0,1.0,2.0,2.0,0.1936063539384396,0.0503608329416209,0.08229737206373543,0.01872353250398038,4.0,3.0,7.0,7.937666666666667,5.323666666666666,9.999333333333333,2.8996144642617496,3.1118768704452053,5.275514440041087,8.354239613422095,3.667651939639631,7.833169117647426
16,5,1.4285714285714284,1.6582280766035322,-0.18850198469756696,"(0, 0, 0, 0, 1, 0, 1, 0, 0, 0, 0, 0, 0, 1, 0, 1, 1, 0, 1, 0, 0, 0, 0, 0, 0)",5.0,8.0,9.0,11.0,6.552,12.938666666666666,13.067333333333334,14.567,0.0,3.0487997168868475,2.6707605649340573,4.508685290772192,3.0,3.0,1.0,13.0,0.2603000047367787,0.036029673715790134,0.025610913389010486,0.008625531615954411,3.0,4.0,6.0,6.386666666666667,6.515333333333334,8.015,3.0487997168868475,2.6707605649340573,4.508685290772192,5.534944692091888,6.37517850710505,5.814269496249502
16,6,1.7142857142857142,1.6582280766035322,-0.5247157982779814,"(1, 1, 0, 0, 0, 0, 0, 0, 0, 0, 0, 1, 1, 0, 1, 0, 1, 0, 0, 0, 0, 0, 0, 0, 0)",4.0,8.0,8.0,11.0,6.707333333333334,11.841333333333333,12.151666666666667,14.423333333333334,0.0,4.416874729597574,3.7259463643461035,5.391083724602149,1.0,1.0,5.0,1.0,0.2365143524938603,0.057149041505954234,0.028770733115349723,0.03073257269718876,4.0,4.0,7.0,5.1339999999999995,5.444333333333334,7.716,4.416874729597574,3.7259463643461035,5.391083724602149,1.1891572578232015,2.849477518444268,3.855241443617227
16,7,2.0,1.6582280766035322,0.8772257833614969,"(0, 0, 1, 0, 0, 1, 0, 1, 1, 0, 0, 1, 1, 1, 1, 0, 0, 1, 0, 0, 1, 0, 0, 0, 0)",7.0,11.0,12.0,14.0,9.574666666666667,15.253,16.053333333333335,17.119,0.0,2.0567555576805816,2.3650754313903977,3.2038993163184966,1.0,6.0,14.0,17.0,0.13573467530807407,0.024316655305270867,0.01211400988799434,0.009741803901944167,4.0,5.0,7.0,5.678333333333333,6.478666666666667,7.5443333333333324,2.0567555576805816,2.3650754313903977,3.2038993163184966,6.00540194919076,6.821272482005316,7.197429551659054
17,0,0.0,1.6582280766035322,-1.8581647444972962,"(0, 0, 0, 0, 0, 0, 0, 0, 1, 1, 0, 0, 0, 0, 0, 0, 1, 0, 1, 0, 0, 0, 1, 1, 0)",4.0,7.0,7.0,10.0,4.480333333333333,10.229666666666667,10.286333333333333,17.001,0.0,4.037214199080994,4.313106501515008,6.525053782409272,3.0,1.0,2.0,1.0,0.12863843227795504,0.034751382986251245,0.12187395956648946,0.010213233443516167,3.0,3.0,6.0,5.749333333333333,5.806,12.520666666666667,4.037214199080994,4.313106501515008,6.525053782409272,2.8390840189073616,2.475557914566687,9.942093621121495
17,1,0.2857142857142857,1.6582280766035322,0.03984826924297069,"(0, 0, 1, 0, 1, 0, 0, 1, 0, 1, 0, 0, 0, 0, 0, 1, 1, 0, 0, 0, 0, 0, 1, 0, 1)",5.0,9.0,8.0,12.0,6.9303333333333335,12.263,13.742666666666667,16.746666666666666,0.0,3.342831192003263,3.196216192896902,5.250033001930614,1.0,7.0,1.0,9.0,0.23482814551055303,0.11438256223414643,0.04317260444976475,0.034745924484089356,4.0,3.0,7.0,5.332666666666666,6.812333333333333,9.816333333333333,3.342831192003263,3.196216192896902,5.250033001930614,3.299601051908572,5.996346970558968,7.571967415736002
17,2,0.5714285714285714,1.6582280766035322,-0.2693752650235629,"(0, 0, 1, 1, 0, 1, 1, 0, 0, 1, 0, 0, 0, 1, 0, 0, 1, 0, 1, 1, 0, 0, 1, 1, 1)",7.0,10.0,11.0,12.0,15.168333333333333,15.419333333333332,16.405666666666665,17.642,0.0,2.7528797042387425,3.7916858952052297,4.33135622273585,2.0,4.0,8.0,1.0,0.09093810740183102,0.06670541436231511,0.04245235743178544,0.02998677810783858,3.0,4.0,5.0,0.25099999999999945,1.237333333333332,2.4736666666666665,2.7528797042387425,3.7916858952052297,4.33135622273585,-4.148687169853225,-4.235699135640142,-3.0804729794870713
17,3,0.8571428571428571,1.6582280766035322,0.12560184379470973,"(0, 1, 1, 1, 0, 1, 0, 0, 0, 0, 0, 0, 1, 0, 0, 1, 1, 0, 1, 1, 1, 0, 0, 0, 0)",7.0,11.0,11.0,13.0,12.349,15.175333333333333,15.584333333333333,18.541666666666668,0.0,3.1614026156664314,2.4936986558656127,3.7668769607036006,4.0,26.0,6.0,2.0,0.1435582953394634,0.020134959964329315,0.021826632319450423,0.026220948231705076,4.0,4.0,6.0,2.8263333333333325,3.235333333333333,6.192666666666668,3.1614026156664314,2.4936986558656127,3.7668769607036006,-0.5556212915721406,1.229799444759779,4.022512598363785
17,4,1.1428571428571428,1.6582280766035322,-0.7439574773687327,"(0, 0, 0, 0, 0, 1, 1, 1, 1, 0, 1, 0, 0, 1, 0, 0, 0, 0, 0, 0, 0, 0, 0, 0, 0)",3.0,7.0,6.0,10.0,4.161666666666667,12.099333333333334,9.485333333333333,14.161,0.0,2.8996144642617496,3.1118768704452053,5.275514440041087,1.0,1.0,2.0,2.0,0.1936063539384396,0.0503608329416209,0.08229737206373543,0.01872353250398038,4.0,3.0,7.0,7.937666666666667,5.323666666666666,9.999333333333333,2.8996144642617496,3.1118768704452053,5.275514440041087,8.354239613422095,3.667651939639631,7.833169117647426
17,5,1.4285714285714284,1.6582280766035322,0.28585720979428597,"(0, 0, 0, 0, 1, 0, 1, 1, 0, 0, 0, 0, 1, 1, 0, 1, 1, 0, 1, 0, 0, 0, 0, 0, 0)",6.0,10.0,10.0,13.0,7.5,12.664666666666667,15.241,16.704333333333334,0.0,1.7963216258717918,2.4759003411767346,3.0720333347157043,3.0,16.0,8.0,2.0,0.14496618310720233,0.11202665314344484,0.014834353115197782,0.026155391056567907,4.0,4.0,7.0,5.164666666666667,7.741,9.204333333333334,1.7963216258717918,2.4759003411767346,3.0720333347157043,5.585484318334333,8.730736080376417,10.168752031863557
17,6,1.7142857142857142,1.6582280766035322,-0.5247157982779814,"(1, 1, 0, 0, 0, 0, 0, 0, 0, 0, 0, 1, 1, 0, 1, 0, 1, 0, 0, 0, 0, 0, 0, 0, 0)",4.0,8.0,8.0,11.0,6.707333333333334,11.841333333333333,12.151666666666667,14.423333333333334,0.0,4.416874729597574,3.7259463643461035,5.391083724602149,1.0,1.0,5.0,1.0,0.2365143524938603,0.057149041505954234,0.028770733115349723,0.03073257269718876,4.0,4.0,7.0,5.1339999999999995,5.444333333333334,7.716,4.416874729597574,3.7259463643461035,5.391083724602149,1.1891572578232015,2.849477518444268,3.855241443617227
17,7,2.0,1.6582280766035322,0.8772257833614969,"(0, 0, 1, 0, 0, 1, 0, 1, 1, 0, 0, 1, 1, 1, 1, 0, 0, 1, 0, 0, 1, 0, 0, 0, 0)",7.0,11.0,12.0,14.0,9.574666666666667,15.253,16.053333333333335,17.119,0.0,2.0567555576805816,2.3650754313903977,3.2038993163184966,1.0,6.0,14.0,17.0,0.13573467530807407,0.024316655305270867,0.01211400988799434,0.009741803901944167,4.0,5.0,7.0,5.678333333333333,6.478666666666667,7.5443333333333324,2.0567555576805816,2.3650754313903977,3.2038993163184966,6.00540194919076,6.821272482005316,7.197429551659054
18,0,0.0,1.6582280766035322,-1.8581647444972962,"(0, 0, 0, 0, 0, 0, 0, 0, 1, 1, 0, 0, 0, 0, 0, 0, 1, 0, 1, 0, 0, 0, 1, 1, 0)",4.0,7.0,7.0,10.0,4.480333333333333,10.229666666666667,10.286333333333333,17.001,0.0,4.037214199080994,4.313106501515008,6.525053782409272,3.0,1.0,2.0,1.0,0.12863843227795504,0.034751382986251245,0.12187395956648946,0.010213233443516167,3.0,3.0,6.0,5.749333333333333,5.806,12.520666666666667,4.037214199080994,4.313106501515008,6.525053782409272,2.8390840189073616,2.475557914566687,9.942093621121495
18,1,0.2857142857142857,1.6582280766035322,0.03984826924297069,"(0, 0, 1, 0, 1, 0, 0, 1, 0, 1, 0, 0, 0, 0, 0, 1, 1, 0, 0, 0, 0, 0, 1, 0, 1)",5.0,9.0,8.0,12.0,6.9303333333333335,12.263,13.742666666666667,16.746666666666666,0.0,3.342831192003263,3.196216192896902,5.250033001930614,1.0,7.0,1.0,9.0,0.23482814551055303,0.11438256223414643,0.04317260444976475,0.034745924484089356,4.0,3.0,7.0,5.332666666666666,6.812333333333333,9.816333333333333,3.342831192003263,3.196216192896902,5.250033001930614,3.299601051908572,5.996346970558968,7.571967415736002
18,2,0.5714285714285714,1.6582280766035322,-0.2693752650235629,"(0, 0, 1, 1, 0, 1, 1, 0, 0, 1, 0, 0, 0, 1, 0, 0, 1, 0, 1, 1, 0, 0, 1, 1, 1)",7.0,10.0,11.0,12.0,15.168333333333333,15.419333333333332,16.405666666666665,17.642,0.0,2.7528797042387425,3.7916858952052297,4.33135622273585,2.0,4.0,8.0,1.0,0.09093810740183102,0.06670541436231511,0.04245235743178544,0.02998677810783858,3.0,4.0,5.0,0.25099999999999945,1.237333333333332,2.4736666666666665,2.7528797042387425,3.7916858952052297,4.33135622273585,-4.148687169853225,-4.235699135640142,-3.0804729794870713
18,3,0.8571428571428571,1.6582280766035322,0.12560184379470973,"(0, 1, 1, 1, 0, 1, 0, 0, 0, 0, 0, 0, 1, 0, 0, 1, 1, 0, 1, 1, 1, 0, 0, 0, 0)",7.0,11.0,11.0,13.0,12.349,15.175333333333333,15.584333333333333,18.541666666666668,0.0,3.1614026156664314,2.4936986558656127,3.7668769607036006,4.0,26.0,6.0,2.0,0.1435582953394634,0.020134959964329315,0.021826632319450423,0.026220948231705076,4.0,4.0,6.0,2.8263333333333325,3.235333333333333,6.192666666666668,3.1614026156664314,2.4936986558656127,3.7668769607036006,-0.5556212915721406,1.229799444759779,4.022512598363785
18,4,1.1428571428571428,1.6582280766035322,-0.42142145857222846,"(0, 0, 0, 0, 0, 1, 1, 1, 1, 0, 1, 0, 0, 1, 0, 0, 0, 0, 0, 0, 0, 0, 0, 1, 1)",4.0,8.0,7.0,11.0,6.900333333333333,13.678,11.997666666666667,16.327333333333332,0.0,3.741192850272653,4.504014615023093,5.563603931216341,1.0,4.0,2.0,6.0,0.240177833694459,0.0687246476721663,0.07042621731140918,0.044220778153654175,4.0,3.0,7.0,6.777666666666668,5.097333333333334,9.427,3.741192850272653,4.504014615023093,5.563603931216341,5.035166136216034,0.9838577570764647,6.406391832296774
18,5,1.4285714285714284,1.6582280766035322,0.28585720979428597,"(0, 0, 0, 0, 1, 0, 1, 1, 0, 0, 0, 0, 1, 1, 0, 1, 1, 0, 1, 0, 0, 0, 0, 0, 0)",6.0,10.0,10.0,13.0,7.5,12.664666666666667,15.241,16.704333333333334,0.0,1.7963216258717918,2.4759003411767346,3.0720333347157043,3.0,16.0,8.0,2.0,0.14496618310720233,0.11202665314344484,0.014834353115197782,0.026155391056567907,4.0,4.0,7.0,5.164666666666667,7.741,9.204333333333334,1.7963216258717918,2.4759003411767346,3.0720333347157043,5.585484318334333,8.730736080376417,10.168752031863557
18,6,1.7142857142857142,1.6582280766035322,0.019715114170968384,"(1, 1, 0, 1, 0, 0, 0, 0, 0, 0, 0, 1, 1, 0, 1, 0, 1, 0, 0, 0, 0, 0, 0, 1, 0)",5.0,10.0,9.0,12.0,6.221,14.507666666666667,12.934,16.579333333333334,0.0,3.2222043118085617,2.638351418414661,4.842053620816924,1.0,6.0,6.0,4.0,0.1425760091284781,0.03515056444888502,0.05372357863948939,0.010867103614340855,5.0,4.0,7.0,8.286666666666667,6.712999999999999,10.358333333333334,3.2222043118085617,2.638351418414661,4.842053620816924,8.39803366972735,6.756696680277566,9.147249897693172
18,7,2.0,1.6582280766035322,0.8772257833614969,"(0, 0, 1, 0, 0, 1, 0, 1, 1, 0, 0, 1, 1, 1, 1, 0, 0, 1, 0, 0, 1, 0, 0, 0, 0)",7.0,11.0,12.0,14.0,9.574666666666667,15.253,16.053333333333335,17.119,0.0,2.0567555576805816,2.3650754313903977,3.2038993163184966,1.0,6.0,14.0,17.0,0.13573467530807407,0.024316655305270867,0.01211400988799434,0.009741803901944167,4.0,5.0,7.0,5.678333333333333,6.478666666666667,7.5443333333333324,2.0567555576805816,2.3650754313903977,3.2038993163184966,6.00540194919076,6.821272482005316,7.197429551659054
19,0,0.0,1.6582280766035322,-1.8581647444972962,"(0, 0, 0, 0, 0, 0, 0, 0, 1, 1, 0, 0, 0, 0, 0, 0, 1, 0, 1, 0, 0, 0, 1, 1, 0)",4.0,7.0,7.0,10.0,4.480333333333333,10.229666666666667,10.286333333333333,17.001,0.0,4.037214199080994,4.313106501515008,6.525053782409272,3.0,1.0,2.0,1.0,0.12863843227795504,0.034751382986251245,0.12187395956648946,0.010213233443516167,3.0,3.0,6.0,5.749333333333333,5.806,12.520666666666667,4.037214199080994,4.313106501515008,6.525053782409272,2.8390840189073616,2.475557914566687,9.942093621121495
19,1,0.2857142857142857,1.6582280766035322,0.03984826924297069,"(0, 0, 1, 0, 1, 0, 0, 1, 0, 1, 0, 0, 0, 0, 0, 1, 1, 0, 0, 0, 0, 0, 1, 0, 1)",5.0,9.0,8.0,12.0,6.9303333333333335,12.263,13.742666666666667,16.746666666666666,0.0,3.342831192003263,3.196216192896902,5.250033001930614,1.0,7.0,1.0,9.0,0.23482814551055303,0.11438256223414643,0.04317260444976475,0.034745924484089356,4.0,3.0,7.0,5.332666666666666,6.812333333333333,9.816333333333333,3.342831192003263,3.196216192896902,5.250033001930614,3.299601051908572,5.996346970558968,7.571967415736002
19,2,0.5714285714285714,1.6582280766035322,-0.2693752650235629,"(0, 0, 1, 1, 0, 1, 1, 0, 0, 1, 0, 0, 0, 1, 0, 0, 1, 0, 1, 1, 0, 0, 1, 1, 1)",7.0,10.0,11.0,12.0,15.168333333333333,15.419333333333332,16.405666666666665,17.642,0.0,2.7528797042387425,3.7916858952052297,4.33135622273585,2.0,4.0,8.0,1.0,0.09093810740183102,0.06670541436231511,0.04245235743178544,0.02998677810783858,3.0,4.0,5.0,0.25099999999999945,1.237333333333332,2.4736666666666665,2.7528797042387425,3.7916858952052297,4.33135622273585,-4.148687169853225,-4.235699135640142,-3.0804729794870713
19,3,0.8571428571428571,1.6582280766035322,0.12560184379470973,"(0, 1, 1, 1, 0, 1, 0, 0, 0, 0, 0, 0, 1, 0, 0, 1, 1, 0, 1, 1, 1, 0, 0, 0, 0)",7.0,11.0,11.0,13.0,12.349,15.175333333333333,15.584333333333333,18.541666666666668,0.0,3.1614026156664314,2.4936986558656127,3.7668769607036006,4.0,26.0,6.0,2.0,0.1435582953394634,0.020134959964329315,0.021826632319450423,0.026220948231705076,4.0,4.0,6.0,2.8263333333333325,3.235333333333333,6.192666666666668,3.1614026156664314,2.4936986558656127,3.7668769607036006,-0.5556212915721406,1.229799444759779,4.022512598363785
19,4,1.1428571428571428,1.6582280766035322,-0.02800993432319654,"(0, 0, 0, 1, 1, 1, 1, 1, 1, 0, 1, 0, 0, 1, 0, 0, 0, 0, 0, 0, 0, 0, 0, 1, 1)",5.0,8.0,8.0,12.0,6.759666666666667,13.630333333333333,10.641,16.032333333333334,0.0,3.7761998874453946,3.1891871483277447,4.520228400660993,2.0,2.0,4.0,16.0,0.20313759631036377,0.013206828234891894,0.09647003998287629,0.025677424889599756,3.0,3.0,7.0,6.870666666666666,3.881333333333333,9.272666666666666,3.7761998874453946,3.1891871483277447,4.520228400660993,5.131331695421616,1.1477362370902893,7.880626565015613
19,5,1.4285714285714284,1.6582280766035322,0.28585720979428597,"(0, 0, 0, 0, 1, 0, 1, 1, 0, 0, 0, 0, 1, 1, 0, 1, 1, 0, 1, 0, 0, 0, 0, 0, 0)",6.0,10.0,10.0,13.0,7.5,12.664666666666667,15.241,16.704333333333334,0.0,1.7963216258717918,2.4759003411767346,3.0720333347157043,3.0,16.0,8.0,2.0,0.14496618310720233,0.11202665314344484,0.014834353115197782,0.026155391056567907,4.0,4.0,7.0,5.164666666666667,7.741,9.204333333333334,1.7963216258717918,2.4759003411767346,3.0720333347157043,5.585484318334333,8.730736080376417,10.168752031863557
19,6,1.7142857142857142,1.6582280766035322,0.019715114170968384,"(1, 1, 0, 1, 0, 0, 0, 0, 0, 0, 0, 1, 1, 0, 1, 0, 1, 0, 0, 0, 0, 0, 0, 1, 0)",5.0,10.0,9.0,12.0,6.221,14.507666666666667,12.934,16.579333333333334,0.0,3.2222043118085617,2.638351418414661,4.842053620816924,1.0,6.0,6.0,4.0,0.1425760091284781,0.03515056444888502,0.05372357863948939,0.010867103614340855,5.0,4.0,7.0,8.286666666666667,6.712999999999999,10.358333333333334,3.2222043118085617,2.638351418414661,4.842053620816924,8.39803366972735,6.756696680277566,9.147249897693172
19,7,2.0,1.6582280766035322,0.8772257833614969,"(0, 0, 1, 0, 0, 1, 0, 1, 1, 0, 0, 1, 1, 1, 1, 0, 0, 1, 0, 0, 1, 0, 0, 0, 0)",7.0,11.0,12.0,14.0,9.574666666666667,15.253,16.053333333333335,17.119,0.0,2.0567555576805816,2.3650754313903977,3.2038993163184966,1.0,6.0,14.0,17.0,0.13573467530807407,0.024316655305270867,0.01211400988799434,0.009741803901944167,4.0,5.0,7.0,5.678333333333333,6.478666666666667,7.5443333333333324,2.0567555576805816,2.3650754313903977,3.2038993163184966,6.00540194919076,6.821272482005316,7.197429551659054
20,0,0.0,1.6582280766035322,-1.8581647444972962,"(0, 0, 0, 0, 0, 0, 0, 0, 1, 1, 0, 0, 0, 0, 0, 0, 1, 0, 1, 0, 0, 0, 1, 1, 0)",4.0,7.0,7.0,10.0,4.480333333333333,10.229666666666667,10.286333333333333,17.001,0.0,4.037214199080994,4.313106501515008,6.525053782409272,3.0,1.0,2.0,1.0,0.12863843227795504,0.034751382986251245,0.12187395956648946,0.010213233443516167,3.0,3.0,6.0,5.749333333333333,5.806,12.520666666666667,4.037214199080994,4.313106501515008,6.525053782409272,2.8390840189073616,2.475557914566687,9.942093621121495
20,1,0.2857142857142857,1.6582280766035322,-0.2693752650235629,"(0, 0, 1, 1, 0, 1, 1, 0, 0, 1, 0, 0, 0, 1, 0, 0, 1, 0, 1, 1, 0, 0, 1, 1, 1)",7.0,10.0,11.0,12.0,15.168333333333333,15.419333333333332,16.405666666666665,17.642,0.0,2.7528797042387425,3.7916858952052297,4.33135622273585,2.0,4.0,8.0,1.0,0.09093810740183102,0.06670541436231511,0.04245235743178544,0.02998677810783858,3.0,4.0,5.0,0.25099999999999945,1.237333333333332,2.4736666666666665,2.7528797042387425,3.7916858952052297,4.33135622273585,-4.148687169853225,-4.235699135640142,-3.0804729794870713
20,2,0.5714285714285714,1.6582280766035322,0.12560184379470973,"(0, 1, 1, 1, 0, 1, 0, 0, 0, 0, 0, 0, 1, 0, 0, 1, 1, 0, 1, 1, 1, 0, 0, 0, 0)",7.0,11.0,11.0,13.0,12.349,15.175333333333333,15.584333333333333,18.541666666666668,0.0,3.1614026156664314,2.4936986558656127,3.7668769607036006,4.0,26.0,6.0,2.0,0.1435582953394634,0.020134959964329315,0.021826632319450423,0.026220948231705076,4.0,4.0,6.0,2.8263333333333325,3.235333333333333,6.192666666666668,3.1614026156664314,2.4936986558656127,3.7668769607036006,-0.5556212915721406,1.229799444759779,4.022512598363785
20,3,0.8571428571428571,1.6582280766035322,-1.390380022816686,"(0, 0, 0, 1, 1, 1, 1, 1, 1, 0, 1, 0, 1, 0, 0, 0, 0, 0, 0, 0, 0, 0, 0, 1, 1)",6.0,9.0,9.0,12.0,7.913666666666667,11.583,12.056,17.549333333333333,0.0,4.547994508565899,3.475950057041715,5.379540614713351,8.0,8.0,5.0,7.0,0.14160024081924794,0.08919210953976077,0.014246148209878106,0.011954389678530004,3.0,3.0,6.0,3.6693333333333333,4.142333333333332,9.635666666666665,4.547994508565899,3.475950057041715,5.379540614713351,-1.4570206305920963,1.1050154585258087,7.05762771691273
20,4,1.1428571428571428,1.6582280766035322,0.03984826924297069,"(0, 0, 1, 0, 1, 0, 0, 1, 0, 1, 0, 0, 0, 0, 0, 1, 1, 0, 0, 0, 0, 0, 1, 0, 1)",5.0,9.0,8.0,12.0,6.9303333333333335,12.263,13.742666666666667,16.746666666666666,0.0,3.342831192003263,3.196216192896902,5.250033001930614,1.0,7.0,1.0,9.0,0.23482814551055303,0.11438256223414643,0.04317260444976475,0.034745924484089356,4.0,3.0,7.0,5.332666666666666,6.812333333333333,9.816333333333333,3.342831192003263,3.196216192896902,5.250033001930614,3.299601051908572,5.996346970558968,7.571967415736002
20,5,1.4285714285714284,1.6582280766035322,0.019715114170968384,"(1, 1, 0, 1, 0, 0, 0, 0, 0, 0, 0, 1, 1, 0, 1, 0, 1, 0, 0, 0, 0, 0, 0, 1, 0)",5.0,10.0,9.0,12.0,6.221,14.507666666666667,12.934,16.579333333333334,0.0,3.2222043118085617,2.638351418414661,4.842053620816924,1.0,6.0,6.0,4.0,0.1425760091284781,0.03515056444888502,0.05372357863948939,0.010867103614340855,5.0,4.0,7.0,8.286666666666667,6.712999999999999,10.358333333333334,3.2222043118085617,2.638351418414661,4.842053620816924,8.39803366972735,6.756696680277566,9.147249897693172
20,6,1.7142857142857142,1.6582280766035322,0.8772257833614969,"(0, 0, 1, 0, 0, 1, 0, 1, 1, 0, 0, 1, 1, 1, 1, 0, 0, 1, 0, 0, 1, 0, 0, 0, 0)",7.0,11.0,12.0,14.0,9.574666666666667,15.253,16.053333333333335,17.119,0.0,2.0567555576805816,2.3650754313903977,3.2038993163184966,1.0,6.0,14.0,17.0,0.13573467530807407,0.024316655305270867,0.01211400988799434,0.009741803901944167,4.0,5.0,7.0,5.678333333333333,6.478666666666667,7.5443333333333324,2.0567555576805816,2.3650754313903977,3.2038993163184966,6.00540194919076,6.821272482005316,7.197429551659054
20,7,2.0,1.6582280766035322,0.28585720979428597,"(0, 0, 0, 0, 1, 0, 1, 1, 0, 0, 0, 0, 1, 1, 0, 1, 1, 0, 1, 0, 0, 0, 0, 0, 0)",6.0,10.0,10.0,13.0,7.5,12.664666666666667,15.241,16.704333333333334,0.0,1.7963216258717918,2.4759003411767346,3.0720333347157043,3.0,16.0,8.0,2.0,0.14496618310720233,0.11202665314344484,0.014834353115197782,0.026155391056567907,4.0,4.0,7.0,5.164666666666667,7.741,9.204333333333334,1.7963216258717918,2.4759003411767346,3.0720333347157043,5.585484318334333,8.730736080376417,10.168752031863557
21,0,0.0,1.6582280766035322,-1.8581647444972962,"(0, 0, 0, 0, 0, 0, 0, 0, 1, 1, 0, 0, 0, 0, 0, 0, 1, 0, 1, 0, 0, 0, 1, 1, 0)",4.0,7.0,7.0,10.0,4.480333333333333,10.229666666666667,10.286333333333333,17.001,0.0,4.037214199080994,4.313106501515008,6.525053782409272,3.0,1.0,2.0,1.0,0.12863843227795504,0.034751382986251245,0.12187395956648946,0.010213233443516167,3.0,3.0,6.0,5.749333333333333,5.806,12.520666666666667,4.037214199080994,4.313106501515008,6.525053782409272,2.8390840189073616,2.475557914566687,9.942093621121495
21,1,0.2857142857142857,1.6582280766035322,-0.2693752650235629,"(0, 0, 1, 1, 0, 1, 1, 0, 0, 1, 0, 0, 0, 1, 0, 0, 1, 0, 1, 1, 0, 0, 1, 1, 1)",7.0,10.0,11.0,12.0,15.168333333333333,15.419333333333332,16.405666666666665,17.642,0.0,2.7528797042387425,3.7916858952052297,4.33135622273585,2.0,4.0,8.0,1.0,0.09093810740183102,0.06670541436231511,0.04245235743178544,0.02998677810783858,3.0,4.0,5.0,0.25099999999999945,1.237333333333332,2.4736666666666665,2.7528797042387425,3.7916858952052297,4.33135622273585,-4.148687169853225,-4.235699135640142,-3.0804729794870713
21,2,0.5714285714285714,1.6582280766035322,0.12560184379470973,"(0, 1, 1, 1, 0, 1, 0, 0, 0, 0, 0, 0, 1, 0, 0, 1, 1, 0, 1, 1, 1, 0, 0, 0, 0)",7.0,11.0,11.0,13.0,12.349,15.175333333333333,15.584333333333333,18.541666666666668,0.0,3.1614026156664314,2.4936986558656127,3.7668769607036006,4.0,26.0,6.0,2.0,0.1435582953394634,0.020134959964329315,0.021826632319450423,0.026220948231705076,4.0,4.0,6.0,2.8263333333333325,3.235333333333333,6.192666666666668,3.1614026156664314,2.4936986558656127,3.7668769607036006,-0.5556212915721406,1.229799444759779,4.022512598363785
21,3,0.8571428571428571,1.6582280766035322,0.05912424939566674,"(0, 0, 0, 1, 1, 1, 1, 1, 1, 0, 1, 0, 1, 0, 0, 0, 0, 1, 0, 0, 0, 0, 1, 1, 1)",6.0,12.0,10.0,12.0,8.239333333333333,17.177666666666667,13.634,17.250333333333334,0.0,3.34565017973349,3.148026242515162,4.031465675082101,1.0,4.0,9.0,4.0,0.18700191666182006,0.014464264272660348,0.12226141719698738,0.019253290035168485,6.0,4.0,6.0,8.938333333333334,5.394666666666668,9.011000000000001,3.34565017973349,3.148026242515162,4.031465675082101,9.273944228846847,3.725442229360495,8.257203625989877
21,4,1.1428571428571428,1.6582280766035322,0.03984826924297069,"(0, 0, 1, 0, 1, 0, 0, 1, 0, 1, 0, 0, 0, 0, 0, 1, 1, 0, 0, 0, 0, 0, 1, 0, 1)",5.0,9.0,8.0,12.0,6.9303333333333335,12.263,13.742666666666667,16.746666666666666,0.0,3.342831192003263,3.196216192896902,5.250033001930614,1.0,7.0,1.0,9.0,0.23482814551055303,0.11438256223414643,0.04317260444976475,0.034745924484089356,4.0,3.0,7.0,5.332666666666666,6.812333333333333,9.816333333333333,3.342831192003263,3.196216192896902,5.250033001930614,3.299601051908572,5.996346970558968,7.571967415736002
21,5,1.4285714285714284,1.6582280766035322,0.5582514716897868,"(1, 1, 0, 1, 0, 0, 0, 0, 0, 0, 0, 1, 1, 0, 1, 0, 0, 1, 0, 0, 0, 0, 0, 1, 0)",5.0,8.0,9.0,13.0,8.983333333333333,16.107333333333333,13.770333333333333,17.020333333333333,0.0,3.4267375326794025,2.56295731519842,4.190609508545023,1.0,1.0,5.0,14.0,0.31158904149707606,0.06457965479117166,0.06156304158323026,0.013175582812494027,3.0,4.0,8.0,7.1240000000000006,4.787000000000001,8.037,3.4267375326794025,2.56295731519842,4.190609508545023,6.130904429883465,3.687970023502681,6.378192706511503
21,6,1.7142857142857142,1.6582280766035322,0.8772257833614969,"(0, 0, 1, 0, 0, 1, 0, 1, 1, 0, 0, 1, 1, 1, 1, 0, 0, 1, 0, 0, 1, 0, 0, 0, 0)",7.0,11.0,12.0,14.0,9.574666666666667,15.253,16.053333333333335,17.119,0.0,2.0567555576805816,2.3650754313903977,3.2038993163184966,1.0,6.0,14.0,17.0,0.13573467530807407,0.024316655305270867,0.01211400988799434,0.009741803901944167,4.0,5.0,7.0,5.678333333333333,6.478666666666667,7.5443333333333324,2.0567555576805816,2.3650754313903977,3.2038993163184966,6.00540194919076,6.821272482005316,7.197429551659054
21,7,2.0,1.6582280766035322,0.28585720979428597,"(0, 0, 0, 0, 1, 0, 1, 1, 0, 0, 0, 0, 1, 1, 0, 1, 1, 0, 1, 0, 0, 0, 0, 0, 0)",6.0,10.0,10.0,13.0,7.5,12.664666666666667,15.241,16.704333333333334,0.0,1.7963216258717918,2.4759003411767346,3.0720333347157043,3.0,16.0,8.0,2.0,0.14496618310720233,0.11202665314344484,0.014834353115197782,0.026155391056567907,4.0,4.0,7.0,5.164666666666667,7.741,9.204333333333334,1.7963216258717918,2.4759003411767346,3.0720333347157043,5.585484318334333,8.730736080376417,10.168752031863557
22,0,0.0,1.6582280766035322,-1.8581647444972962,"(0, 0, 0, 0, 0, 0, 0, 0, 1, 1, 0, 0, 0, 0, 0, 0, 1, 0, 1, 0, 0, 0, 1, 1, 0)",4.0,7.0,7.0,10.0,4.480333333333333,10.229666666666667,10.286333333333333,17.001,0.0,4.037214199080994,4.313106501515008,6.525053782409272,3.0,1.0,2.0,1.0,0.12863843227795504,0.034751382986251245,0.12187395956648946,0.010213233443516167,3.0,3.0,6.0,5.749333333333333,5.806,12.520666666666667,4.037214199080994,4.313106501515008,6.525053782409272,2.8390840189073616,2.475557914566687,9.942093621121495
22,1,0.2857142857142857,1.6582280766035322,-0.2693752650235629,"(0, 0, 1, 1, 0, 1, 1, 0, 0, 1, 0, 0, 0, 1, 0, 0, 1, 0, 1, 1, 0, 0, 1, 1, 1)",7.0,10.0,11.0,12.0,15.168333333333333,15.419333333333332,16.405666666666665,17.642,0.0,2.7528797042387425,3.7916858952052297,4.33135622273585,2.0,4.0,8.0,1.0,0.09093810740183102,0.06670541436231511,0.04245235743178544,0.02998677810783858,3.0,4.0,5.0,0.25099999999999945,1.237333333333332,2.4736666666666665,2.7528797042387425,3.7916858952052297,4.33135622273585,-4.148687169853225,-4.235699135640142,-3.0804729794870713
22,2,0.5714285714285714,1.6582280766035322,-1.0134643820778728,"(0, 1, 1, 1, 0, 0, 0, 0, 0, 0, 1, 0, 1, 0, 0, 1, 1, 0, 1, 1, 1, 0, 0, 0, 0)",7.0,10.0,11.0,12.0,9.334,13.507,17.078666666666667,16.461,0.0,2.0289526002628624,2.070371452665137,3.7262319480704083,7.0,4.0,5.0,1.0,0.11309453921180103,0.059972620378301145,0.02294040487044454,0.02242663165499408,3.0,4.0,5.0,4.173,7.744666666666667,7.126999999999999,2.0289526002628624,2.070371452665137,3.7262319480704083,3.5553195958129185,9.409275638794385,5.639249065725946
22,3,0.8571428571428571,1.6582280766035322,-0.6916018638431678,"(0, 0, 0, 0, 0, 1, 1, 1, 1, 0, 1, 0, 1, 0, 0, 0, 0, 1, 0, 0, 0, 0, 1, 1, 1)",6.0,10.0,9.0,13.0,9.656,14.927666666666667,14.264333333333333,18.47533333333333,0.0,3.159900998019285,2.945399983932413,4.02682263646761,4.0,9.0,4.0,9.0,0.09287533757392417,0.018586353812318025,0.1317663078570843,0.019052145185185134,4.0,3.0,7.0,5.2716666666666665,4.6083333333333325,8.819333333333331,3.159900998019285,2.945399983932413,4.02682263646761,3.50178912295852,2.757522769496956,7.947075794965498
22,4,1.1428571428571428,1.6582280766035322,0.03984826924297069,"(0, 0, 1, 0, 1, 0, 0, 1, 0, 1, 0, 0, 0, 0, 0, 1, 1, 0, 0, 0, 0, 0, 1, 0, 1)",5.0,9.0,8.0,12.0,6.9303333333333335,12.263,13.742666666666667,16.746666666666666,0.0,3.342831192003263,3.196216192896902,5.250033001930614,1.0,7.0,1.0,9.0,0.23482814551055303,0.11438256223414643,0.04317260444976475,0.034745924484089356,4.0,3.0,7.0,5.332666666666666,6.812333333333333,9.816333333333333,3.342831192003263,3.196216192896902,5.250033001930614,3.299601051908572,5.996346970558968,7.571967415736002
22,5,1.4285714285714284,1.6582280766035322,0.5582514716897868,"(1, 1, 0, 1, 0, 0, 0, 0, 0, 0, 0, 1, 1, 0, 1, 0, 0, 1, 0, 0, 0, 0, 0, 1, 0)",5.0,8.0,9.0,13.0,8.983333333333333,16.107333333333333,13.770333333333333,17.020333333333333,0.0,3.4267375326794025,2.56295731519842,4.190609508545023,1.0,1.0,5.0,14.0,0.31158904149707606,0.06457965479117166,0.06156304158323026,0.013175582812494027,3.0,4.0,8.0,7.1240000000000006,4.787000000000001,8.037,3.4267375326794025,2.56295731519842,4.190609508545023,6.130904429883465,3.687970023502681,6.378192706511503
22,6,1.7142857142857142,1.6582280766035322,0.8772257833614969,"(0, 0, 1, 0, 0, 1, 0, 1, 1, 0, 0, 1, 1, 1, 1, 0, 0, 1, 0, 0, 1, 0, 0, 0, 0)",7.0,11.0,12.0,14.0,9.574666666666667,15.253,16.053333333333335,17.119,0.0,2.0567555576805816,2.3650754313903977,3.2038993163184966,1.0,6.0,14.0,17.0,0.13573467530807407,0.024316655305270867,0.01211400988799434,0.009741803901944167,4.0,5.0,7.0,5.678333333333333,6.478666666666667,7.5443333333333324,2.0567555576805816,2.3650754313903977,3.2038993163184966,6.00540194919076,6.821272482005316,7.197429551659054
22,7,2.0,1.6582280766035322,0.28585720979428597,"(0, 0, 0, 0, 1, 0, 1, 1, 0, 0, 0, 0, 1, 1, 0, 1, 1, 0, 1, 0, 0, 0, 0, 0, 0)",6.0,10.0,10.0,13.0,7.5,12.664666666666667,15.241,16.704333333333334,0.0,1.7963216258717918,2.4759003411767346,3.0720333347157043,3.0,16.0,8.0,2.0,0.14496618310720233,0.11202665314344484,0.014834353115197782,0.026155391056567907,4.0,4.0,7.0,5.164666666666667,7.741,9.204333333333334,1.7963216258717918,2.4759003411767346,3.0720333347157043,5.585484318334333,8.730736080376417,10.168752031863557
23,0,0.0,1.6582280766035322,-0.598800273450868,"(0, 0, 0, 0, 0, 0, 0, 0, 1, 1, 0, 0, 0, 0, 0, 1, 0, 0, 1, 0, 0, 0, 1, 1, 0)",4.0,7.0,9.0,11.0,5.457333333333334,11.352,12.572,15.343,0.0,4.184639887469252,4.366722542658522,5.624718848217386,1.0,1.0,6.0,2.0,0.12110375227278519,0.10237921911787677,0.09202944677028027,0.025866480209499297,3.0,5.0,7.0,5.894666666666667,7.114666666666666,9.885666666666665,4.184639887469252,4.366722542658522,5.624718848217386,2.8356144170090625,4.556718099368003,7.065623305495166
23,1,0.2857142857142857,1.6582280766035322,-0.2693752650235629,"(0, 0, 1, 1, 0, 1, 1, 0, 0, 1, 0, 0, 0, 1, 0, 0, 1, 0, 1, 1, 0, 0, 1, 1, 1)",7.0,10.0,11.0,12.0,15.168333333333333,15.419333333333332,16.405666666666665,17.642,0.0,2.7528797042387425,3.7916858952052297,4.33135622273585,2.0,4.0,8.0,1.0,0.09093810740183102,0.06670541436231511,0.04245235743178544,0.02998677810783858,3.0,4.0,5.0,0.25099999999999945,1.237333333333332,2.4736666666666665,2.7528797042387425,3.7916858952052297,4.33135622273585,-4.148687169853225,-4.235699135640142,-3.0804729794870713
23,2,0.5714285714285714,1.6582280766035322,-1.0134643820778728,"(0, 1, 1, 1, 0, 0, 0, 0, 0, 0, 1, 0, 1, 0, 0, 1, 1, 0, 1, 1, 1, 0, 0, 0, 0)",7.0,10.0,11.0,12.0,9.334,13.507,17.078666666666667,16.461,0.0,2.0289526002628624,2.070371452665137,3.7262319480704083,7.0,4.0,5.0,1.0,0.11309453921180103,0.059972620378301145,0.02294040487044454,0.02242663165499408,3.0,4.0,5.0,4.173,7.744666666666667,7.126999999999999,2.0289526002628624,2.070371452665137,3.7262319480704083,3.5553195958129185,9.409275638794385,5.639249065725946
23,3,0.8571428571428571,1.6582280766035322,-0.6916018638431678,"(0, 0, 0, 0, 0, 1, 1, 1, 1, 0, 1, 0, 1, 0, 0, 0, 0, 1, 0, 0, 0, 0, 1, 1, 1)",6.0,10.0,9.0,13.0,9.656,14.927666666666667,14.264333333333333,18.47533333333333,0.0,3.159900998019285,2.945399983932413,4.02682263646761,4.0,9.0,4.0,9.0,0.09287533757392417,0.018586353812318025,0.1317663078570843,0.019052145185185134,4.0,3.0,7.0,5.2716666666666665,4.6083333333333325,8.819333333333331,3.159900998019285,2.945399983932413,4.02682263646761,3.50178912295852,2.757522769496956,7.947075794965498
23,4,1.1428571428571428,1.6582280766035322,0.03984826924297069,"(0, 0, 1, 0, 1, 0, 0, 1, 0, 1, 0, 0, 0, 0, 0, 1, 1, 0, 0, 0, 0, 0, 1, 0, 1)",5.0,9.0,8.0,12.0,6.9303333333333335,12.263,13.742666666666667,16.746666666666666,0.0,3.342831192003263,3.196216192896902,5.250033001930614,1.0,7.0,1.0,9.0,0.23482814551055303,0.11438256223414643,0.04317260444976475,0.034745924484089356,4.0,3.0,7.0,5.332666666666666,6.812333333333333,9.816333333333333,3.342831192003263,3.196216192896902,5.250033001930614,3.299601051908572,5.996346970558968,7.571967415736002
23,5,1.4285714285714284,1.6582280766035322,0.5582514716897868,"(1, 1, 0, 1, 0, 0, 0, 0, 0, 0, 0, 1, 1, 0, 1, 0, 0, 1, 0, 0, 0, 0, 0, 1, 0)",5.0,8.0,9.0,13.0,8.983333333333333,16.107333333333333,13.770333333333333,17.020333333333333,0.0,3.4267375326794025,2.56295731519842,4.190609508545023,1.0,1.0,5.0,14.0,0.31158904149707606,0.06457965479117166,0.06156304158323026,0.013175582812494027,3.0,4.0,8.0,7.1240000000000006,4.787000000000001,8.037,3.4267375326794025,2.56295731519842,4.190609508545023,6.130904429883465,3.687970023502681,6.378192706511503
23,6,1.7142857142857142,1.6582280766035322,0.665138412363905,"(0, 0, 1, 0, 0, 1, 0, 1, 1, 0, 1, 1, 1, 1, 0, 0, 0, 1, 0, 0, 1, 0, 0, 0, 0)",6.0,11.0,10.0,13.0,9.603,14.928,13.008333333333333,17.463666666666665,0.0,2.8702269777930547,2.5869739851745615,5.128144025922051,1.0,17.0,8.0,11.0,0.14755728165065382,0.026440803309286796,0.06448683017518678,0.01780460174625497,5.0,4.0,7.0,5.325000000000001,3.405333333333333,7.860666666666665,2.8702269777930547,2.5869739851745615,5.128144025922051,4.070573547112464,1.3570264478678402,4.531145762837546
23,7,2.0,1.6582280766035322,0.28585720979428597,"(0, 0, 0, 0, 1, 0, 1, 1, 0, 0, 0, 0, 1, 1, 0, 1, 1, 0, 1, 0, 0, 0, 0, 0, 0)",6.0,10.0,10.0,13.0,7.5,12.664666666666667,15.241,16.704333333333334,0.0,1.7963216258717918,2.4759003411767346,3.0720333347157043,3.0,16.0,8.0,2.0,0.14496618310720233,0.11202665314344484,0.014834353115197782,0.026155391056567907,4.0,4.0,7.0,5.164666666666667,7.741,9.204333333333334,1.7963216258717918,2.4759003411767346,3.0720333347157043,5.585484318334333,8.730736080376417,10.168752031863557
24,0,0.0,1.6582280766035322,-0.598800273450868,"(0, 0, 0, 0, 0, 0, 0, 0, 1, 1, 0, 0, 0, 0, 0, 1, 0, 0, 1, 0, 0, 0, 1, 1, 0)",4.0,7.0,9.0,11.0,5.457333333333334,11.352,12.572,15.343,0.0,4.184639887469252,4.366722542658522,5.624718848217386,1.0,1.0,6.0,2.0,0.12110375227278519,0.10237921911787677,0.09202944677028027,0.025866480209499297,3.0,5.0,7.0,5.894666666666667,7.114666666666666,9.885666666666665,4.184639887469252,4.366722542658522,5.624718848217386,2.8356144170090625,4.556718099368003,7.065623305495166
24,1,0.2857142857142857,1.6582280766035322,-0.2693752650235629,"(0, 0, 1, 1, 0, 1, 1, 0, 0, 1, 0, 0, 0, 1, 0, 0, 1, 0, 1, 1, 0, 0, 1, 1, 1)",7.0,10.0,11.0,12.0,15.168333333333333,15.419333333333332,16.405666666666665,17.642,0.0,2.7528797042387425,3.7916858952052297,4.33135622273585,2.0,4.0,8.0,1.0,0.09093810740183102,0.06670541436231511,0.04245235743178544,0.02998677810783858,3.0,4.0,5.0,0.25099999999999945,1.237333333333332,2.4736666666666665,2.7528797042387425,3.7916858952052297,4.33135622273585,-4.148687169853225,-4.235699135640142,-3.0804729794870713
24,2,0.5714285714285714,1.6582280766035322,-1.0134643820778728,"(0, 1, 1, 1, 0, 0, 0, 0, 0, 0, 1, 0, 1, 0, 0, 1, 1, 0, 1, 1, 1, 0, 0, 0, 0)",7.0,10.0,11.0,12.0,9.334,13.507,17.078666666666667,16.461,0.0,2.0289526002628624,2.070371452665137,3.7262319480704083,7.0,4.0,5.0,1.0,0.11309453921180103,0.059972620378301145,0.02294040487044454,0.02242663165499408,3.0,4.0,5.0,4.173,7.744666666666667,7.126999999999999,2.0289526002628624,2.070371452665137,3.7262319480704083,3.5553195958129185,9.409275638794385,5.639249065725946
24,3,0.8571428571428571,1.6582280766035322,-0.6916018638431678,"(0, 0, 0, 0, 0, 1, 1, 1, 1, 0, 1, 0, 1, 0, 0, 0, 0, 1, 0, 0, 0, 0, 1, 1, 1)",6.0,10.0,9.0,13.0,9.656,14.927666666666667,14.264333333333333,18.47533333333333,0.0,3.159900998019285,2.945399983932413,4.02682263646761,4.0,9.0,4.0,9.0,0.09287533757392417,0.018586353812318025,0.1317663078570843,0.019052145185185134,4.0,3.0,7.0,5.2716666666666665,4.6083333333333325,8.819333333333331,3.159900998019285,2.945399983932413,4.02682263646761,3.50178912295852,2.757522769496956,7.947075794965498
24,4,1.1428571428571428,1.6582280766035322,0.03984826924297069,"(0, 0, 1, 0, 1, 0, 0, 1, 0, 1, 0, 0, 0, 0, 0, 1, 1, 0, 0, 0, 0, 0, 1, 0, 1)",5.0,9.0,8.0,12.0,6.9303333333333335,12.263,13.742666666666667,16.746666666666666,0.0,3.342831192003263,3.196216192896902,5.250033001930614,1.0,7.0,1.0,9.0,0.23482814551055303,0.11438256223414643,0.04317260444976475,0.034745924484089356,4.0,3.0,7.0,5.332666666666666,6.812333333333333,9.816333333333333,3.342831192003263,3.196216192896902,5.250033001930614,3.299601051908572,5.996346970558968,7.571967415736002
24,5,1.4285714285714284,1.6582280766035322,0.5582514716897868,"(1, 1, 0, 1, 0, 0, 0, 0, 0, 0, 0, 1, 1, 0, 1, 0, 0, 1, 0, 0, 0, 0, 0, 1, 0)",5.0,8.0,9.0,13.0,8.983333333333333,16.107333333333333,13.770333333333333,17.020333333333333,0.0,3.4267375326794025,2.56295731519842,4.190609508545023,1.0,1.0,5.0,14.0,0.31158904149707606,0.06457965479117166,0.06156304158323026,0.013175582812494027,3.0,4.0,8.0,7.1240000000000006,4.787000000000001,8.037,3.4267375326794025,2.56295731519842,4.190609508545023,6.130904429883465,3.687970023502681,6.378192706511503
24,6,1.7142857142857142,1.6582280766035322,0.665138412363905,"(0, 0, 1, 0, 0, 1, 0, 1, 1, 0, 1, 1, 1, 1, 0, 0, 0, 1, 0, 0, 1, 0, 0, 0, 0)",6.0,11.0,10.0,13.0,9.603,14.928,13.008333333333333,17.463666666666665,0.0,2.8702269777930547,2.5869739851745615,5.128144025922051,1.0,17.0,8.0,11.0,0.14755728165065382,0.026440803309286796,0.06448683017518678,0.01780460174625497,5.0,4.0,7.0,5.325000000000001,3.405333333333333,7.860666666666665,2.8702269777930547,2.5869739851745615,5.128144025922051,4.070573547112464,1.3570264478678402,4.531145762837546
24,7,2.0,1.6582280766035322,0.28585720979428597,"(0, 0, 0, 0, 1, 0, 1, 1, 0, 0, 0, 0, 1, 1, 0, 1, 1, 0, 1, 0, 0, 0, 0, 0, 0)",6.0,10.0,10.0,13.0,7.5,12.664666666666667,15.241,16.704333333333334,0.0,1.7963216258717918,2.4759003411767346,3.0720333347157043,3.0,16.0,8.0,2.0,0.14496618310720233,0.11202665314344484,0.014834353115197782,0.026155391056567907,4.0,4.0,7.0,5.164666666666667,7.741,9.204333333333334,1.7963216258717918,2.4759003411767346,3.0720333347157043,5.585484318334333,8.730736080376417,10.168752031863557
25,0,0.0,1.6582280766035322,-0.598800273450868,"(0, 0, 0, 0, 0, 0, 0, 0, 1, 1, 0, 0, 0, 0, 0, 1, 0, 0, 1, 0, 0, 0, 1, 1, 0)",4.0,7.0,9.0,11.0,5.457333333333334,11.352,12.572,15.343,0.0,4.184639887469252,4.366722542658522,5.624718848217386,1.0,1.0,6.0,2.0,0.12110375227278519,0.10237921911787677,0.09202944677028027,0.025866480209499297,3.0,5.0,7.0,5.894666666666667,7.114666666666666,9.885666666666665,4.184639887469252,4.366722542658522,5.624718848217386,2.8356144170090625,4.556718099368003,7.065623305495166
25,1,0.2857142857142857,1.6582280766035322,-0.2693752650235629,"(0, 0, 1, 1, 0, 1, 1, 0, 0, 1, 0, 0, 0, 1, 0, 0, 1, 0, 1, 1, 0, 0, 1, 1, 1)",7.0,10.0,11.0,12.0,15.168333333333333,15.419333333333332,16.405666666666665,17.642,0.0,2.7528797042387425,3.7916858952052297,4.33135622273585,2.0,4.0,8.0,1.0,0.09093810740183102,0.06670541436231511,0.04245235743178544,0.02998677810783858,3.0,4.0,5.0,0.25099999999999945,1.237333333333332,2.4736666666666665,2.7528797042387425,3.7916858952052297,4.33135622273585,-4.148687169853225,-4.235699135640142,-3.0804729794870713
25,2,0.5714285714285714,1.6582280766035322,-0.4476069482664019,"(0, 1, 1, 1, 0, 0, 0, 0, 0, 0, 0, 0, 1, 0, 0, 0, 1, 0, 1, 1, 1, 0, 0, 0, 0)",6.0,9.0,10.0,12.0,8.350666666666667,13.461,12.74,17.145,0.0,4.053483258988116,3.1016511306394836,4.942790976470591,4.0,1.0,15.0,2.0,0.13657282349542943,0.011123329753098042,0.07540564967391215,0.02024786042476408,3.0,4.0,6.0,5.110333333333333,4.389333333333333,8.794333333333332,4.053483258988116,3.1016511306394836,4.942790976470591,1.752498466039769,2.1352707822496217,6.3867356743775385
25,3,0.8571428571428571,1.6582280766035322,-0.6916018638431678,"(0, 0, 0, 0, 0, 1, 1, 1, 1, 0, 1, 0, 1, 0, 0, 0, 0, 1, 0, 0, 0, 0, 1, 1, 1)",6.0,10.0,9.0,13.0,9.656,14.927666666666667,14.264333333333333,18.47533333333333,0.0,3.159900998019285,2.945399983932413,4.02682263646761,4.0,9.0,4.0,9.0,0.09287533757392417,0.018586353812318025,0.1317663078570843,0.019052145185185134,4.0,3.0,7.0,5.2716666666666665,4.6083333333333325,8.819333333333331,3.159900998019285,2.945399983932413,4.02682263646761,3.50178912295852,2.757522769496956,7.947075794965498
25,4,1.1428571428571428,1.6582280766035322,0.03984826924297069,"(0, 0, 1, 0, 1, 0, 0, 1, 0, 1, 0, 0, 0, 0, 0, 1, 1, 0, 0, 0, 0, 0, 1, 0, 1)",5.0,9.0,8.0,12.0,6.9303333333333335,12.263,13.742666666666667,16.746666666666666,0.0,3.342831192003263,3.196216192896902,5.250033001930614,1.0,7.0,1.0,9.0,0.23482814551055303,0.11438256223414643,0.04317260444976475,0.034745924484089356,4.0,3.0,7.0,5.332666666666666,6.812333333333333,9.816333333333333,3.342831192003263,3.196216192896902,5.250033001930614,3.299601051908572,5.996346970558968,7.571967415736002
25,5,1.4285714285714284,1.6582280766035322,0.5582514716897868,"(1, 1, 0, 1, 0, 0, 0, 0, 0, 0, 0, 1, 1, 0, 1, 0, 0, 1, 0, 0, 0, 0, 0, 1, 0)",5.0,8.0,9.0,13.0,8.983333333333333,16.107333333333333,13.770333333333333,17.020333333333333,0.0,3.4267375326794025,2.56295731519842,4.190609508545023,1.0,1.0,5.0,14.0,0.31158904149707606,0.06457965479117166,0.06156304158323026,0.013175582812494027,3.0,4.0,8.0,7.1240000000000006,4.787000000000001,8.037,3.4267375326794025,2.56295731519842,4.190609508545023,6.130904429883465,3.687970023502681,6.378192706511503
25,6,1.7142857142857142,1.6582280766035322,0.665138412363905,"(0, 0, 1, 0, 0, 1, 0, 1, 1, 0, 1, 1, 1, 1, 0, 0, 0, 1, 0, 0, 1, 0, 0, 0, 0)",6.0,11.0,10.0,13.0,9.603,14.928,13.008333333333333,17.463666666666665,0.0,2.8702269777930547,2.5869739851745615,5.128144025922051,1.0,17.0,8.0,11.0,0.14755728165065382,0.026440803309286796,0.06448683017518678,0.01780460174625497,5.0,4.0,7.0,5.325000000000001,3.405333333333333,7.860666666666665,2.8702269777930547,2.5869739851745615,5.128144025922051,4.070573547112464,1.3570264478678402,4.531145762837546
25,7,2.0,1.6582280766035322,0.28585720979428597,"(0, 0, 0, 0, 1, 0, 1, 1, 0, 0, 0, 0, 1, 1, 0, 1, 1, 0, 1, 0, 0, 0, 0, 0, 0)",6.0,10.0,10.0,13.0,7.5,12.664666666666667,15.241,16.704333333333334,0.0,1.7963216258717918,2.4759003411767346,3.0720333347157043,3.0,16.0,8.0,2.0,0.14496618310720233,0.11202665314344484,0.014834353115197782,0.026155391056567907,4.0,4.0,7.0,5.164666666666667,7.741,9.204333333333334,1.7963216258717918,2.4759003411767346,3.0720333347157043,5.585484318334333,8.730736080376417,10.168752031863557
26,0,0.0,1.6582280766035322,-0.8939857879537014,"(0, 0, 0, 1, 1, 0, 0, 0, 1, 1, 0, 0, 0, 0, 0, 1, 0, 0, 1, 0, 0, 0, 1, 1, 0)",5.0,7.0,9.0,13.0,7.110666666666667,13.386333333333333,11.846333333333334,16.993,0.0,3.6094005676954857,4.473088661394436,5.76474699690835,2.0,1.0,2.0,5.0,0.11964252576402733,0.018163562958912978,0.10626420292250895,0.04104221816793059,2.0,4.0,8.0,6.275666666666666,4.735666666666667,9.882333333333332,3.6094005676954857,4.473088661394436,5.76474699690835,4.421277305010183,0.43541422064096386,6.827897270898982
26,1,0.2857142857142857,1.6582280766035322,-0.2693752650235629,"(0, 0, 1, 1, 0, 1, 1, 0, 0, 1, 0, 0, 0, 1, 0, 0, 1, 0, 1, 1, 0, 0, 1, 1, 1)",7.0,10.0,11.0,12.0,15.168333333333333,15.419333333333332,16.405666666666665,17.642,0.0,2.7528797042387425,3.7916858952052297,4.33135622273585,2.0,4.0,8.0,1.0,0.09093810740183102,0.06670541436231511,0.04245235743178544,0.02998677810783858,3.0,4.0,5.0,0.25099999999999945,1.237333333333332,2.4736666666666665,2.7528797042387425,3.7916858952052297,4.33135622273585,-4.148687169853225,-4.235699135640142,-3.0804729794870713
26,2,0.5714285714285714,1.6582280766035322,-0.4476069482664019,"(0, 1, 1, 1, 0, 0, 0, 0, 0, 0, 0, 0, 1, 0, 0, 0, 1, 0, 1, 1, 1, 0, 0, 0, 0)",6.0,9.0,10.0,12.0,8.350666666666667,13.461,12.74,17.145,0.0,4.053483258988116,3.1016511306394836,4.942790976470591,4.0,1.0,15.0,2.0,0.13657282349542943,0.011123329753098042,0.07540564967391215,0.02024786042476408,3.0,4.0,6.0,5.110333333333333,4.389333333333333,8.794333333333332,4.053483258988116,3.1016511306394836,4.942790976470591,1.752498466039769,2.1352707822496217,6.3867356743775385
26,3,0.8571428571428571,1.6582280766035322,-0.98460792752052,"(0, 0, 0, 0, 0, 1, 1, 1, 1, 0, 1, 0, 1, 0, 0, 1, 0, 1, 0, 1, 0, 0, 1, 1, 1)",6.0,10.0,9.0,13.0,9.949333333333334,14.590333333333334,14.895333333333333,17.913666666666668,0.0,2.978472421682451,2.4615198188012997,4.147338968123875,1.0,1.0,1.0,1.0,0.034027491526829635,0.04669430884481347,0.10871597122816011,0.03549930903000337,4.0,3.0,7.0,4.641,4.946,7.964333333333334,2.978472421682451,2.4615198188012997,4.147338968123875,2.7568499084938374,4.1198347922287155,6.329447224627802
26,4,1.1428571428571428,1.6582280766035322,0.03984826924297069,"(0, 0, 1, 0, 1, 0, 0, 1, 0, 1, 0, 0, 0, 0, 0, 1, 1, 0, 0, 0, 0, 0, 1, 0, 1)",5.0,9.0,8.0,12.0,6.9303333333333335,12.263,13.742666666666667,16.746666666666666,0.0,3.342831192003263,3.196216192896902,5.250033001930614,1.0,7.0,1.0,9.0,0.23482814551055303,0.11438256223414643,0.04317260444976475,0.034745924484089356,4.0,3.0,7.0,5.332666666666666,6.812333333333333,9.816333333333333,3.342831192003263,3.196216192896902,5.250033001930614,3.299601051908572,5.996346970558968,7.571967415736002
26,5,1.4285714285714284,1.6582280766035322,0.5582514716897868,"(1, 1, 0, 1, 0, 0, 0, 0, 0, 0, 0, 1, 1, 0, 1, 0, 0, 1, 0, 0, 0, 0, 0, 1, 0)",5.0,8.0,9.0,13.0,8.983333333333333,16.107333333333333,13.770333333333333,17.020333333333333,0.0,3.4267375326794025,2.56295731519842,4.190609508545023,1.0,1.0,5.0,14.0,0.31158904149707606,0.06457965479117166,0.06156304158323026,0.013175582812494027,3.0,4.0,8.0,7.1240000000000006,4.787000000000001,8.037,3.4267375326794025,2.56295731519842,4.190609508545023,6.130904429883465,3.687970023502681,6.378192706511503
26,6,1.7142857142857142,1.6582280766035322,0.665138412363905,"(0, 0, 1, 0, 0, 1, 0, 1, 1, 0, 1, 1, 1, 1, 0, 0, 0, 1, 0, 0, 1, 0, 0, 0, 0)",6.0,11.0,10.0,13.0,9.603,14.928,13.008333333333333,17.463666666666665,0.0,2.8702269777930547,2.5869739851745615,5.128144025922051,1.0,17.0,8.0,11.0,0.14755728165065382,0.026440803309286796,0.06448683017518678,0.01780460174625497,5.0,4.0,7.0,5.325000000000001,3.405333333333333,7.860666666666665,2.8702269777930547,2.5869739851745615,5.128144025922051,4.070573547112464,1.3570264478678402,4.531145762837546
26,7,2.0,1.6582280766035322,0.28585720979428597,"(0, 0, 0, 0, 1, 0, 1, 1, 0, 0, 0, 0, 1, 1, 0, 1, 1, 0, 1, 0, 0, 0, 0, 0, 0)",6.0,10.0,10.0,13.0,7.5,12.664666666666667,15.241,16.704333333333334,0.0,1.7963216258717918,2.4759003411767346,3.0720333347157043,3.0,16.0,8.0,2.0,0.14496618310720233,0.11202665314344484,0.014834353115197782,0.026155391056567907,4.0,4.0,7.0,5.164666666666667,7.741,9.204333333333334,1.7963216258717918,2.4759003411767346,3.0720333347157043,5.585484318334333,8.730736080376417,10.168752031863557
27,0,0.0,1.6582280766035322,-0.8939857879537014,"(0, 0, 0, 1, 1, 0, 0, 0, 1, 1, 0, 0, 0, 0, 0, 1, 0, 0, 1, 0, 0, 0, 1, 1, 0)",5.0,7.0,9.0,13.0,7.110666666666667,13.386333333333333,11.846333333333334,16.993,0.0,3.6094005676954857,4.473088661394436,5.76474699690835,2.0,1.0,2.0,5.0,0.11964252576402733,0.018163562958912978,0.10626420292250895,0.04104221816793059,2.0,4.0,8.0,6.275666666666666,4.735666666666667,9.882333333333332,3.6094005676954857,4.473088661394436,5.76474699690835,4.421277305010183,0.43541422064096386,6.827897270898982
27,1,0.2857142857142857,1.6582280766035322,-0.2693752650235629,"(0, 0, 1, 1, 0, 1, 1, 0, 0, 1, 0, 0, 0, 1, 0, 0, 1, 0, 1, 1, 0, 0, 1, 1, 1)",7.0,10.0,11.0,12.0,15.168333333333333,15.419333333333332,16.405666666666665,17.642,0.0,2.7528797042387425,3.7916858952052297,4.33135622273585,2.0,4.0,8.0,1.0,0.09093810740183102,0.06670541436231511,0.04245235743178544,0.02998677810783858,3.0,4.0,5.0,0.25099999999999945,1.237333333333332,2.4736666666666665,2.7528797042387425,3.7916858952052297,4.33135622273585,-4.148687169853225,-4.235699135640142,-3.0804729794870713
27,2,0.5714285714285714,1.6582280766035322,-0.13079263900740462,"(0, 1, 1, 1, 0, 0, 0, 1, 1, 0, 0, 0, 1, 0, 0, 0, 1, 0, 1, 1, 1, 0, 0, 0, 0)",6.0,10.0,10.0,13.0,8.632333333333333,14.155666666666667,15.471666666666666,18.423666666666666,0.0,1.3667023683584294,2.1776680215995903,3.2665987623705193,2.0,4.0,3.0,1.0,0.20073864357700688,0.04714773458922833,0.04320506034643662,0.02191553616615861,4.0,4.0,7.0,5.523333333333333,6.839333333333332,9.791333333333332,1.3667023683584294,2.1776680215995903,3.2665987623705193,6.89264217020102,7.730104303645649,10.81949805795624
27,3,0.8571428571428571,1.6582280766035322,0.7248717526466207,"(0, 0, 0, 1, 1, 1, 1, 1, 1, 0, 1, 0, 1, 0, 0, 1, 0, 1, 0, 1, 0, 0, 1, 1, 1)",7.0,11.0,12.0,14.0,11.007666666666667,16.390333333333334,15.117333333333333,18.171333333333333,0.0,2.7538009420590797,2.035244654575753,3.3765853457403505,1.0,1.0,13.0,4.0,0.2022501378890535,0.05959571919775459,0.017198539123673105,0.05177270185259029,4.0,5.0,7.0,5.382666666666667,4.109666666666666,7.163666666666666,2.7538009420590797,2.035244654575753,3.3765853457403505,4.359258954164991,3.439864823173543,6.2798445747408085
27,4,1.1428571428571428,1.6582280766035322,0.03984826924297069,"(0, 0, 1, 0, 1, 0, 0, 1, 0, 1, 0, 0, 0, 0, 0, 1, 1, 0, 0, 0, 0, 0, 1, 0, 1)",5.0,9.0,8.0,12.0,6.9303333333333335,12.263,13.742666666666667,16.746666666666666,0.0,3.342831192003263,3.196216192896902,5.250033001930614,1.0,7.0,1.0,9.0,0.23482814551055303,0.11438256223414643,0.04317260444976475,0.034745924484089356,4.0,3.0,7.0,5.332666666666666,6.812333333333333,9.816333333333333,3.342831192003263,3.196216192896902,5.250033001930614,3.299601051908572,5.996346970558968,7.571967415736002
27,5,1.4285714285714284,1.6582280766035322,0.5582514716897868,"(1, 1, 0, 1, 0, 0, 0, 0, 0, 0, 0, 1, 1, 0, 1, 0, 0, 1, 0, 0, 0, 0, 0, 1, 0)",5.0,8.0,9.0,13.0,8.983333333333333,16.107333333333333,13.770333333333333,17.020333333333333,0.0,3.4267375326794025,2.56295731519842,4.190609508545023,1.0,1.0,5.0,14.0,0.31158904149707606,0.06457965479117166,0.06156304158323026,0.013175582812494027,3.0,4.0,8.0,7.1240000000000006,4.787000000000001,8.037,3.4267375326794025,2.56295731519842,4.190609508545023,6.130904429883465,3.687970023502681,6.378192706511503
27,6,1.7142857142857142,1.6582280766035322,0.665138412363905,"(0, 0, 1, 0, 0, 1, 0, 1, 1, 0, 1, 1, 1, 1, 0, 0, 0, 1, 0, 0, 1, 0, 0, 0, 0)",6.0,11.0,10.0,13.0,9.603,14.928,13.008333333333333,17.463666666666665,0.0,2.8702269777930547,2.5869739851745615,5.128144025922051,1.0,17.0,8.0,11.0,0.14755728165065382,0.026440803309286796,0.06448683017518678,0.01780460174625497,5.0,4.0,7.0,5.325000000000001,3.405333333333333,7.860666666666665,2.8702269777930547,2.5869739851745615,5.128144025922051,4.070573547112464,1.3570264478678402,4.531145762837546
27,7,2.0,1.6582280766035322,-0.7108015301887406,"(0, 0, 0, 0, 1, 0, 1, 1, 0, 1, 0, 0, 1, 1, 1, 1, 1, 0, 1, 0, 0, 0, 0, 0, 0)",6.0,10.0,10.0,13.0,6.694333333333334,12.609,14.962333333333333,17.797666666666668,0.0,3.2482477049894403,3.3208043957190476,4.55030681549494,3.0,8.0,7.0,2.0,0.20681390553670326,0.009819270787937113,0.02040735977928816,0.004981076046691656,4.0,4.0,7.0,5.914666666666666,8.268,11.103333333333335,3.2482477049894403,3.3208043957190476,4.55030681549494,4.421530786241214,8.203578651468254,10.866412558607104
28,0,0.0,1.6582280766035322,-0.8939857879537014,"(0, 0, 0, 1, 1, 0, 0, 0, 1, 1, 0, 0, 0, 0, 0, 1, 0, 0, 1, 0, 0, 0, 1, 1, 0)",5.0,7.0,9.0,13.0,7.110666666666667,13.386333333333333,11.846333333333334,16.993,0.0,3.6094005676954857,4.473088661394436,5.76474699690835,2.0,1.0,2.0,5.0,0.11964252576402733,0.018163562958912978,0.10626420292250895,0.04104221816793059,2.0,4.0,8.0,6.275666666666666,4.735666666666667,9.882333333333332,3.6094005676954857,4.473088661394436,5.76474699690835,4.421277305010183,0.43541422064096386,6.827897270898982
28,1,0.2857142857142857,1.6582280766035322,-0.2693752650235629,"(0, 0, 1, 1, 0, 1, 1, 0, 0, 1, 0, 0, 0, 1, 0, 0, 1, 0, 1, 1, 0, 0, 1, 1, 1)",7.0,10.0,11.0,12.0,15.168333333333333,15.419333333333332,16.405666666666665,17.642,0.0,2.7528797042387425,3.7916858952052297,4.33135622273585,2.0,4.0,8.0,1.0,0.09093810740183102,0.06670541436231511,0.04245235743178544,0.02998677810783858,3.0,4.0,5.0,0.25099999999999945,1.237333333333332,2.4736666666666665,2.7528797042387425,3.7916858952052297,4.33135622273585,-4.148687169853225,-4.235699135640142,-3.0804729794870713
28,2,0.5714285714285714,1.6582280766035322,-0.13079263900740462,"(0, 1, 1, 1, 0, 0, 0, 1, 1, 0, 0, 0, 1, 0, 0, 0, 1, 0, 1, 1, 1, 0, 0, 0, 0)",6.0,10.0,10.0,13.0,8.632333333333333,14.155666666666667,15.471666666666666,18.423666666666666,0.0,1.3667023683584294,2.1776680215995903,3.2665987623705193,2.0,4.0,3.0,1.0,0.20073864357700688,0.04714773458922833,0.04320506034643662,0.02191553616615861,4.0,4.0,7.0,5.523333333333333,6.839333333333332,9.791333333333332,1.3667023683584294,2.1776680215995903,3.2665987623705193,6.89264217020102,7.730104303645649,10.81949805795624
28,3,0.8571428571428571,1.6582280766035322,0.7248717526466207,"(0, 0, 0, 1, 1, 1, 1, 1, 1, 0, 1, 0, 1, 0, 0, 1, 0, 1, 0, 1, 0, 0, 1, 1, 1)",7.0,11.0,12.0,14.0,11.007666666666667,16.390333333333334,15.117333333333333,18.171333333333333,0.0,2.7538009420590797,2.035244654575753,3.3765853457403505,1.0,1.0,13.0,4.0,0.2022501378890535,0.05959571919775459,0.017198539123673105,0.05177270185259029,4.0,5.0,7.0,5.382666666666667,4.109666666666666,7.163666666666666,2.7538009420590797,2.035244654575753,3.3765853457403505,4.359258954164991,3.439864823173543,6.2798445747408085
28,4,1.1428571428571428,1.6582280766035322,0.03984826924297069,"(0, 0, 1, 0, 1, 0, 0, 1, 0, 1, 0, 0, 0, 0, 0, 1, 1, 0, 0, 0, 0, 0, 1, 0, 1)",5.0,9.0,8.0,12.0,6.9303333333333335,12.263,13.742666666666667,16.746666666666666,0.0,3.342831192003263,3.196216192896902,5.250033001930614,1.0,7.0,1.0,9.0,0.23482814551055303,0.11438256223414643,0.04317260444976475,0.034745924484089356,4.0,3.0,7.0,5.332666666666666,6.812333333333333,9.816333333333333,3.342831192003263,3.196216192896902,5.250033001930614,3.299601051908572,5.996346970558968,7.571967415736002
28,5,1.4285714285714284,1.6582280766035322,0.5582514716897868,"(1, 1, 0, 1, 0, 0, 0, 0, 0, 0, 0, 1, 1, 0, 1, 0, 0, 1, 0, 0, 0, 0, 0, 1, 0)",5.0,8.0,9.0,13.0,8.983333333333333,16.107333333333333,13.770333333333333,17.020333333333333,0.0,3.4267375326794025,2.56295731519842,4.190609508545023,1.0,1.0,5.0,14.0,0.31158904149707606,0.06457965479117166,0.06156304158323026,0.013175582812494027,3.0,4.0,8.0,7.1240000000000006,4.787000000000001,8.037,3.4267375326794025,2.56295731519842,4.190609508545023,6.130904429883465,3.687970023502681,6.378192706511503
28,6,1.7142857142857142,1.6582280766035322,-1.0789365548698069,"(0, 0, 1, 0, 0, 1, 0, 1, 1, 0, 1, 1, 1, 1, 0, 0, 0, 1, 0, 0, 0, 1, 0, 0, 0)",6.0,9.0,9.0,12.0,9.156,12.556,13.524,16.212,0.0,4.488556244397865,3.128864495852188,4.5836924741038905,3.0,4.0,1.0,4.0,0.19512919593568906,0.05130455276436182,0.0759505921656224,0.03130659193758398,3.0,3.0,6.0,3.3999999999999986,4.3679999999999986,7.055999999999999,4.488556244397865,3.128864495852188,4.5836924741038905,-1.8050745274226379,2.0547692836941724,4.099649753439142
28,7,2.0,1.6582280766035322,-0.7108015301887406,"(0, 0, 0, 0, 1, 0, 1, 1, 0, 1, 0, 0, 1, 1, 1, 1, 1, 0, 1, 0, 0, 0, 0, 0, 0)",6.0,10.0,10.0,13.0,6.694333333333334,12.609,14.962333333333333,17.797666666666668,0.0,3.2482477049894403,3.3208043957190476,4.55030681549494,3.0,8.0,7.0,2.0,0.20681390553670326,0.009819270787937113,0.02040735977928816,0.004981076046691656,4.0,4.0,7.0,5.914666666666666,8.268,11.103333333333335,3.2482477049894403,3.3208043957190476,4.55030681549494,4.421530786241214,8.203578651468254,10.866412558607104
29,0,0.0,1.6582280766035322,-0.8939857879537014,"(0, 0, 0, 1, 1, 0, 0, 0, 1, 1, 0, 0, 0, 0, 0, 1, 0, 0, 1, 0, 0, 0, 1, 1, 0)",5.0,7.0,9.0,13.0,7.110666666666667,13.386333333333333,11.846333333333334,16.993,0.0,3.6094005676954857,4.473088661394436,5.76474699690835,2.0,1.0,2.0,5.0,0.11964252576402733,0.018163562958912978,0.10626420292250895,0.04104221816793059,2.0,4.0,8.0,6.275666666666666,4.735666666666667,9.882333333333332,3.6094005676954857,4.473088661394436,5.76474699690835,4.421277305010183,0.43541422064096386,6.827897270898982
29,1,0.2857142857142857,1.6582280766035322,0.6286076752679768,"(1, 1, 1, 1, 0, 1, 1, 0, 0, 1, 0, 0, 0, 1, 0, 0, 1, 0, 1, 1, 0, 0, 1, 1, 1)",8.0,11.0,11.0,15.0,12.603,16.924333333333333,15.249666666666666,19.911666666666665,0.0,1.9975291782112254,1.7243176778343865,2.6003042964348126,2.0,2.0,6.0,18.0,0.16772295788990993,0.07094907385406483,0.06364803948899929,0.022940176266292127,3.0,3.0,7.0,4.3213333333333335,2.6466666666666665,7.3086666666666655,1.9975291782112254,1.7243176778343865,2.6003042964348126,3.853397294551429,1.5294649897085646,7.8075386771420145
29,2,0.5714285714285714,1.6582280766035322,-0.12478537253526123,"(0, 1, 1, 0, 1, 0, 0, 1, 1, 0, 0, 0, 1, 0, 0, 0, 1, 0, 1, 1, 1, 0, 0, 0, 0)",7.0,10.0,11.0,13.0,10.711,15.297666666666666,14.320333333333334,17.361333333333334,0.0,1.6863995291493858,1.976764477740868,3.360261011564008,4.0,3.0,10.0,7.0,0.2321714847667606,0.02107094963418829,0.006734044009792619,0.007696208332413453,3.0,4.0,6.0,4.586666666666666,3.6093333333333337,6.650333333333334,1.6863995291493858,1.976764477740868,3.360261011564008,4.8093043970817115,2.7071715133319243,5.455690298014067
29,3,0.8571428571428571,1.6582280766035322,0.7248717526466207,"(0, 0, 0, 1, 1, 1, 1, 1, 1, 0, 1, 0, 1, 0, 0, 1, 0, 1, 0, 1, 0, 0, 1, 1, 1)",7.0,11.0,12.0,14.0,11.007666666666667,16.390333333333334,15.117333333333333,18.171333333333333,0.0,2.7538009420590797,2.035244654575753,3.3765853457403505,1.0,1.0,13.0,4.0,0.2022501378890535,0.05959571919775459,0.017198539123673105,0.05177270185259029,4.0,5.0,7.0,5.382666666666667,4.109666666666666,7.163666666666666,2.7538009420590797,2.035244654575753,3.3765853457403505,4.359258954164991,3.439864823173543,6.2798445747408085
29,4,1.1428571428571428,1.6582280766035322,0.03984826924297069,"(0, 0, 1, 0, 1, 0, 0, 1, 0, 1, 0, 0, 0, 0, 0, 1, 1, 0, 0, 0, 0, 0, 1, 0, 1)",5.0,9.0,8.0,12.0,6.9303333333333335,12.263,13.742666666666667,16.746666666666666,0.0,3.342831192003263,3.196216192896902,5.250033001930614,1.0,7.0,1.0,9.0,0.23482814551055303,0.11438256223414643,0.04317260444976475,0.034745924484089356,4.0,3.0,7.0,5.332666666666666,6.812333333333333,9.816333333333333,3.342831192003263,3.196216192896902,5.250033001930614,3.299601051908572,5.996346970558968,7.571967415736002
29,5,1.4285714285714284,1.6582280766035322,0.5582514716897868,"(1, 1, 0, 1, 0, 0, 0, 0, 0, 0, 0, 1, 1, 0, 1, 0, 0, 1, 0, 0, 0, 0, 0, 1, 0)",5.0,8.0,9.0,13.0,8.983333333333333,16.107333333333333,13.770333333333333,17.020333333333333,0.0,3.4267375326794025,2.56295731519842,4.190609508545023,1.0,1.0,5.0,14.0,0.31158904149707606,0.06457965479117166,0.06156304158323026,0.013175582812494027,3.0,4.0,8.0,7.1240000000000006,4.787000000000001,8.037,3.4267375326794025,2.56295731519842,4.190609508545023,6.130904429883465,3.687970023502681,6.378192706511503
29,6,1.7142857142857142,1.6582280766035322,-1.5065030450528016,"(0, 1, 0, 0, 0, 1, 0, 1, 1, 0, 1, 1, 1, 1, 0, 0, 0, 1, 0, 0, 0, 1, 0, 0, 0)",6.0,9.0,8.0,12.0,8.481,13.958333333333334,12.751,17.763,0.0,2.495310822051199,3.0768606208942613,4.6590405154291155,7.0,2.0,3.0,2.0,0.17791315396144256,0.07409510626738279,0.12047229338119217,0.023561966320398406,3.0,2.0,6.0,5.477333333333334,4.27,9.282000000000002,2.495310822051199,3.0768606208942613,4.6590405154291155,4.94487345327181,1.978497217734441,7.665921214316038
29,7,2.0,1.6582280766035322,0.8261744683097965,"(0, 0, 0, 1, 0, 0, 1, 1, 0, 1, 0, 0, 1, 1, 1, 1, 1, 0, 1, 0, 0, 0, 0, 0, 0)",6.0,10.0,10.0,14.0,8.030666666666667,13.556333333333333,16.185666666666666,17.94333333333333,0.0,2.1843838453098328,2.596048177704862,3.9215067288468792,1.0,6.0,1.0,17.0,0.12887713176885598,0.0560984905253047,0.07579952001996194,0.013318222432024272,4.0,4.0,8.0,5.525666666666666,8.155,9.912666666666665,2.1843838453098328,2.596048177704862,3.9215067288468792,5.540608986246966,9.218009988216165,9.934709620315042
30,0,0.0,1.6582280766035322,0.6286076752679768,"(1, 1, 1, 1, 0, 1, 1, 0, 0, 1, 0, 0, 0, 1, 0, 0, 1, 0, 1, 1, 0, 0, 1, 1, 1)",8.0,11.0,11.0,15.0,12.603,16.924333333333333,15.249666666666666,19.911666666666665,0.0,1.9975291782112254,1.7243176778343865,2.6003042964348126,2.0,2.0,6.0,18.0,0.16772295788990993,0.07094907385406483,0.06364803948899929,0.022940176266292127,3.0,3.0,7.0,4.3213333333333335,2.6466666666666665,7.3086666666666655,1.9975291782112254,1.7243176778343865,2.6003042964348126,3.853397294551429,1.5294649897085646,7.8075386771420145
30,1,0.2857142857142857,1.6582280766035322,-0.12478537253526123,"(0, 1, 1, 0, 1, 0, 0, 1, 1, 0, 0, 0, 1, 0, 0, 0, 1, 0, 1, 1, 1, 0, 0, 0, 0)",7.0,10.0,11.0,13.0,10.711,15.297666666666666,14.320333333333334,17.361333333333334,0.0,1.6863995291493858,1.976764477740868,3.360261011564008,4.0,3.0,10.0,7.0,0.2321714847667606,0.02107094963418829,0.006734044009792619,0.007696208332413453,3.0,4.0,6.0,4.586666666666666,3.6093333333333337,6.650333333333334,1.6863995291493858,1.976764477740868,3.360261011564008,4.8093043970817115,2.7071715133319243,5.455690298014067
30,2,0.5714285714285714,1.6582280766035322,0.8384701289631119,"(1, 1, 0, 1, 1, 1, 1, 1, 1, 0, 1, 0, 1, 0, 0, 1, 0, 1, 0, 1, 0, 0, 1, 1, 1)",8.0,11.0,11.0,14.0,14.889666666666667,17.251,14.840666666666667,17.853,0.0,1.7843823837202473,1.1139239228366262,2.1531907327132807,2.0,1.0,8.0,17.0,0.19561259141231516,0.0484719254764865,0.021416608340127808,0.03591472830479267,3.0,3.0,6.0,2.3613333333333344,-0.04899999999999949,2.9633333333333347,1.7843823837202473,1.1139239228366262,2.1531907327132807,0.9567162634714909,-1.9283930998016123,1.3434012064007759
30,3,0.8571428571428571,1.6582280766035322,0.03984826924297069,"(0, 0, 1, 0, 1, 0, 0, 1, 0, 1, 0, 0, 0, 0, 0, 1, 1, 0, 0, 0, 0, 0, 1, 0, 1)",5.0,9.0,8.0,12.0,6.9303333333333335,12.263,13.742666666666667,16.746666666666666,0.0,3.342831192003263,3.196216192896902,5.250033001930614,1.0,7.0,1.0,9.0,0.23482814551055303,0.11438256223414643,0.04317260444976475,0.034745924484089356,4.0,3.0,7.0,5.332666666666666,6.812333333333333,9.816333333333333,3.342831192003263,3.196216192896902,5.250033001930614,3.299601051908572,5.996346970558968,7.571967415736002
30,4,1.1428571428571428,1.6582280766035322,-0.4258886412977334,"(0, 0, 0, 0, 0, 0, 0, 0, 1, 1, 0, 0, 0, 0, 0, 1, 0, 0, 1, 0, 0, 0, 1, 1, 0)",4.0,7.0,9.0,11.0,5.902,12.660333333333334,12.132666666666667,15.982666666666667,0.0,3.145916607906595,2.712640036246498,4.942394844207844,1.0,1.0,3.0,3.0,0.2926291050893399,0.09804142913546442,0.00655714778811651,0.014165065859987351,3.0,5.0,7.0,6.758333333333334,6.230666666666667,10.080666666666666,3.145916607906595,2.712640036246498,4.942394844207844,5.990210838494811,5.833690532801642,8.520426601222018
30,5,1.4285714285714284,1.6582280766035322,-0.8786245931818039,"(0, 1, 0, 0, 0, 1, 0, 1, 1, 0, 1, 1, 1, 1, 0, 1, 0, 1, 0, 0, 1, 1, 0, 0, 0)",7.0,10.0,12.0,13.0,9.670666666666667,14.077333333333334,16.646333333333335,16.872666666666667,0.0,2.573533125375869,3.7020033933955894,4.315556994117101,7.0,3.0,9.0,3.0,0.2625984115232295,0.01964986696810438,0.051474570097238735,0.01747186315402516,3.0,5.0,6.0,4.406666666666666,6.975666666666667,7.202,2.573533125375869,3.7020033933955894,4.315556994117101,3.0397535063320604,5.4284803530839225,4.786380833870918
30,6,1.7142857142857142,1.6582280766035322,0.8261744683097965,"(0, 0, 0, 1, 0, 0, 1, 1, 0, 1, 0, 0, 1, 1, 1, 1, 1, 0, 1, 0, 0, 0, 0, 0, 0)",6.0,10.0,10.0,14.0,8.030666666666667,13.556333333333333,16.185666666666666,17.94333333333333,0.0,2.1843838453098328,2.596048177704862,3.9215067288468792,1.0,6.0,1.0,17.0,0.12887713176885598,0.0560984905253047,0.07579952001996194,0.013318222432024272,4.0,4.0,8.0,5.525666666666666,8.155,9.912666666666665,2.1843838453098328,2.596048177704862,3.9215067288468792,5.540608986246966,9.218009988216165,9.934709620315042
30,7,2.0,1.6582280766035322,0.5582514716897868,"(1, 1, 0, 1, 0, 0, 0, 0, 0, 0, 0, 1, 1, 0, 1, 0, 0, 1, 0, 0, 0, 0, 0, 1, 0)",5.0,8.0,9.0,13.0,8.983333333333333,16.107333333333333,13.770333333333333,17.020333333333333,0.0,3.4267375326794025,2.56295731519842,4.190609508545023,1.0,1.0,5.0,14.0,0.31158904149707606,0.06457965479117166,0.06156304158323026,0.013175582812494027,3.0,4.0,8.0,7.1240000000000006,4.787000000000001,8.037,3.4267375326794025,2.56295731519842,4.190609508545023,6.130904429883465,3.687970023502681,6.378192706511503
31,0,0.0,1.6582280766035322,-0.1094704891210444,"(1, 1, 1, 1, 0, 1, 1, 0, 0, 1, 0, 0, 0, 1, 0, 0, 1, 0, 1, 1, 0, 1, 0, 1, 1)",8.0,12.0,13.0,14.0,12.380333333333333,17.723,16.831333333333333,18.786666666666665,0.0,2.5814097087397356,2.3531177644824464,3.3593029242308594,2.0,8.0,2.0,6.0,0.1899925626750177,0.038764045985646145,0.05901777699543677,0.030569883372096162,4.0,5.0,6.0,5.342666666666666,4.4510000000000005,6.4063333333333325,2.5814097087397356,2.3531177644824464,3.3593029242308594,4.578793814351295,3.478767224342992,5.052671374638468
31,1,0.2857142857142857,1.6582280766035322,-0.12478537253526123,"(0, 1, 1, 0, 1, 0, 0, 1, 1, 0, 0, 0, 1, 0, 0, 0, 1, 0, 1, 1, 1, 0, 0, 0, 0)",7.0,10.0,11.0,13.0,10.711,15.297666666666666,14.320333333333334,17.361333333333334,0.0,1.6863995291493858,1.976764477740868,3.360261011564008,4.0,3.0,10.0,7.0,0.2321714847667606,0.02107094963418829,0.006734044009792619,0.007696208332413453,3.0,4.0,6.0,4.586666666666666,3.6093333333333337,6.650333333333334,1.6863995291493858,1.976764477740868,3.360261011564008,4.8093043970817115,2.7071715133319243,5.455690298014067
31,2,0.5714285714285714,1.6582280766035322,0.9680185047109889,"(1, 1, 0, 1, 1, 1, 1, 1, 0, 1, 1, 0, 1, 0, 0, 1, 0, 1, 0, 1, 0, 0, 1, 1, 1)",8.0,13.0,12.0,14.0,13.099333333333334,16.695333333333334,15.837,17.752333333333333,0.0,2.077999301817515,1.9155113750667743,2.442763416779272,2.0,36.0,23.0,14.0,0.17794711253211073,0.029580447043019025,0.06732018903612291,0.02478073742034594,5.0,4.0,6.0,3.596,2.737666666666666,4.652999999999999,2.077999301817515,1.9155113750667743,2.442763416779272,2.517191378029961,1.3633209878591044,3.6650763582328687
31,3,0.8571428571428571,1.6582280766035322,0.03984826924297069,"(0, 0, 1, 0, 1, 0, 0, 1, 0, 1, 0, 0, 0, 0, 0, 1, 1, 0, 0, 0, 0, 0, 1, 0, 1)",5.0,9.0,8.0,12.0,6.9303333333333335,12.263,13.742666666666667,16.746666666666666,0.0,3.342831192003263,3.196216192896902,5.250033001930614,1.0,7.0,1.0,9.0,0.23482814551055303,0.11438256223414643,0.04317260444976475,0.034745924484089356,4.0,3.0,7.0,5.332666666666666,6.812333333333333,9.816333333333333,3.342831192003263,3.196216192896902,5.250033001930614,3.299601051908572,5.996346970558968,7.571967415736002
31,4,1.1428571428571428,1.6582280766035322,0.14627063241139182,"(0, 0, 0, 0, 0, 0, 0, 0, 1, 1, 0, 0, 1, 0, 0, 1, 0, 1, 1, 0, 0, 0, 1, 1, 0)",5.0,8.0,9.0,11.0,7.480333333333333,10.999333333333333,13.972,15.007333333333333,0.0,3.0882010584625887,3.38757571293695,5.273063947438998,1.0,1.0,10.0,4.0,0.10816771190399908,0.13944496091470002,0.12364734615122358,0.026629021044963837,3.0,4.0,6.0,3.5189999999999992,6.491666666666666,7.527,3.0882010584625887,3.38757571293695,5.273063947438998,0.7143629002284178,5.147290771805651,3.7375400452255887
31,5,1.4285714285714284,1.6582280766035322,-0.8786245931818039,"(0, 1, 0, 0, 0, 1, 0, 1, 1, 0, 1, 1, 1, 1, 0, 1, 0, 1, 0, 0, 1, 1, 0, 0, 0)",7.0,10.0,12.0,13.0,9.670666666666667,14.077333333333334,16.646333333333335,16.872666666666667,0.0,2.573533125375869,3.7020033933955894,4.315556994117101,7.0,3.0,9.0,3.0,0.2625984115232295,0.01964986696810438,0.051474570097238735,0.01747186315402516,3.0,5.0,6.0,4.406666666666666,6.975666666666667,7.202,2.573533125375869,3.7020033933955894,4.315556994117101,3.0397535063320604,5.4284803530839225,4.786380833870918
31,6,1.7142857142857142,1.6582280766035322,0.8261744683097965,"(0, 0, 0, 1, 0, 0, 1, 1, 0, 1, 0, 0, 1, 1, 1, 1, 1, 0, 1, 0, 0, 0, 0, 0, 0)",6.0,10.0,10.0,14.0,8.030666666666667,13.556333333333333,16.185666666666666,17.94333333333333,0.0,2.1843838453098328,2.596048177704862,3.9215067288468792,1.0,6.0,1.0,17.0,0.12887713176885598,0.0560984905253047,0.07579952001996194,0.013318222432024272,4.0,4.0,8.0,5.525666666666666,8.155,9.912666666666665,2.1843838453098328,2.596048177704862,3.9215067288468792,5.540608986246966,9.218009988216165,9.934709620315042
31,7,2.0,1.6582280766035322,-0.9943241222768968,"(1, 1, 0, 1, 0, 0, 0, 0, 0, 0, 1, 1, 1, 0, 0, 0, 0, 1, 0, 0, 0, 0, 0, 1, 0)",4.0,7.0,8.0,10.0,5.027333333333333,10.035333333333334,11.997666666666667,13.631,0.0,3.5255310765321597,3.711750089534737,5.824120774428961,1.0,1.0,2.0,1.0,0.38546593216140956,0.047386848233331016,0.04203907792077409,0.030355206494779418,3.0,4.0,6.0,5.008000000000001,6.970333333333334,8.603666666666667,3.5255310765321597,3.711750089534737,5.824120774428961,2.458271591586587,5.403474224816647,4.609121038716581
32,0,0.0,1.6582280766035322,-0.16939023745741777,"(1, 1, 1, 1, 0, 1, 1, 0, 0, 1, 0, 0, 0, 1, 0, 0, 1, 1, 0, 1, 0, 1, 0, 1, 1)",9.0,12.0,12.0,14.0,13.989666666666666,18.024,15.213,18.713,0.0,2.370455460261157,2.071394026645709,2.6945100759423006,4.0,3.0,12.0,10.0,0.055936669135523504,0.03975333721199154,0.03570184840431127,0.04041325982685088,3.0,3.0,5.0,4.034333333333334,1.2233333333333327,4.7233333333333345,2.370455460261157,2.071394026645709,2.6945100759423006,2.759089005167653,-1.4062780523144396,3.364251687872047
32,1,0.2857142857142857,1.6582280766035322,-0.12478537253526123,"(0, 1, 1, 0, 1, 0, 0, 1, 1, 0, 0, 0, 1, 0, 0, 0, 1, 0, 1, 1, 1, 0, 0, 0, 0)",7.0,10.0,11.0,13.0,10.711,15.297666666666666,14.320333333333334,17.361333333333334,0.0,1.6863995291493858,1.976764477740868,3.360261011564008,4.0,3.0,10.0,7.0,0.2321714847667606,0.02107094963418829,0.006734044009792619,0.007696208332413453,3.0,4.0,6.0,4.586666666666666,3.6093333333333337,6.650333333333334,1.6863995291493858,1.976764477740868,3.360261011564008,4.8093043970817115,2.7071715133319243,5.455690298014067
32,2,0.5714285714285714,1.6582280766035322,0.9680185047109889,"(1, 1, 0, 1, 1, 1, 1, 1, 0, 1, 1, 0, 1, 0, 0, 1, 0, 1, 0, 1, 0, 0, 1, 1, 1)",8.0,13.0,12.0,14.0,13.099333333333334,16.695333333333334,15.837,17.752333333333333,0.0,2.077999301817515,1.9155113750667743,2.442763416779272,2.0,36.0,23.0,14.0,0.17794711253211073,0.029580447043019025,0.06732018903612291,0.02478073742034594,5.0,4.0,6.0,3.596,2.737666666666666,4.652999999999999,2.077999301817515,1.9155113750667743,2.442763416779272,2.517191378029961,1.3633209878591044,3.6650763582328687
32,3,0.8571428571428571,1.6582280766035322,0.03984826924297069,"(0, 0, 1, 0, 1, 0, 0, 1, 0, 1, 0, 0, 0, 0, 0, 1, 1, 0, 0, 0, 0, 0, 1, 0, 1)",5.0,9.0,8.0,12.0,6.9303333333333335,12.263,13.742666666666667,16.746666666666666,0.0,3.342831192003263,3.196216192896902,5.250033001930614,1.0,7.0,1.0,9.0,0.23482814551055303,0.11438256223414643,0.04317260444976475,0.034745924484089356,4.0,3.0,7.0,5.332666666666666,6.812333333333333,9.816333333333333,3.342831192003263,3.196216192896902,5.250033001930614,3.299601051908572,5.996346970558968,7.571967415736002
32,4,1.1428571428571428,1.6582280766035322,0.14627063241139182,"(0, 0, 0, 0, 0, 0, 0, 0, 1, 1, 0, 0, 1, 0, 0, 1, 0, 1, 1, 0, 0, 0, 1, 1, 0)",5.0,8.0,9.0,11.0,7.480333333333333,10.999333333333333,13.972,15.007333333333333,0.0,3.0882010584625887,3.38757571293695,5.273063947438998,1.0,1.0,10.0,4.0,0.10816771190399908,0.13944496091470002,0.12364734615122358,0.026629021044963837,3.0,4.0,6.0,3.5189999999999992,6.491666666666666,7.527,3.0882010584625887,3.38757571293695,5.273063947438998,0.7143629002284178,5.147290771805651,3.7375400452255887
32,5,1.4285714285714284,1.6582280766035322,-0.8786245931818039,"(0, 1, 0, 0, 0, 1, 0, 1, 1, 0, 1, 1, 1, 1, 0, 1, 0, 1, 0, 0, 1, 1, 0, 0, 0)",7.0,10.0,12.0,13.0,9.670666666666667,14.077333333333334,16.646333333333335,16.872666666666667,0.0,2.573533125375869,3.7020033933955894,4.315556994117101,7.0,3.0,9.0,3.0,0.2625984115232295,0.01964986696810438,0.051474570097238735,0.01747186315402516,3.0,5.0,6.0,4.406666666666666,6.975666666666667,7.202,2.573533125375869,3.7020033933955894,4.315556994117101,3.0397535063320604,5.4284803530839225,4.786380833870918
32,6,1.7142857142857142,1.6582280766035322,0.8261744683097965,"(0, 0, 0, 1, 0, 0, 1, 1, 0, 1, 0, 0, 1, 1, 1, 1, 1, 0, 1, 0, 0, 0, 0, 0, 0)",6.0,10.0,10.0,14.0,8.030666666666667,13.556333333333333,16.185666666666666,17.94333333333333,0.0,2.1843838453098328,2.596048177704862,3.9215067288468792,1.0,6.0,1.0,17.0,0.12887713176885598,0.0560984905253047,0.07579952001996194,0.013318222432024272,4.0,4.0,8.0,5.525666666666666,8.155,9.912666666666665,2.1843838453098328,2.596048177704862,3.9215067288468792,5.540608986246966,9.218009988216165,9.934709620315042
32,7,2.0,1.6582280766035322,-0.9943241222768968,"(1, 1, 0, 1, 0, 0, 0, 0, 0, 0, 1, 1, 1, 0, 0, 0, 0, 1, 0, 0, 0, 0, 0, 1, 0)",4.0,7.0,8.0,10.0,5.027333333333333,10.035333333333334,11.997666666666667,13.631,0.0,3.5255310765321597,3.711750089534737,5.824120774428961,1.0,1.0,2.0,1.0,0.38546593216140956,0.047386848233331016,0.04203907792077409,0.030355206494779418,3.0,4.0,6.0,5.008000000000001,6.970333333333334,8.603666666666667,3.5255310765321597,3.711750089534737,5.824120774428961,2.458271591586587,5.403474224816647,4.609121038716581
33,0,0.0,1.6582280766035322,-0.16939023745741777,"(1, 1, 1, 1, 0, 1, 1, 0, 0, 1, 0, 0, 0, 1, 0, 0, 1, 1, 0, 1, 0, 1, 0, 1, 1)",9.0,12.0,12.0,14.0,13.989666666666666,18.024,15.213,18.713,0.0,2.370455460261157,2.071394026645709,2.6945100759423006,4.0,3.0,12.0,10.0,0.055936669135523504,0.03975333721199154,0.03570184840431127,0.04041325982685088,3.0,3.0,5.0,4.034333333333334,1.2233333333333327,4.7233333333333345,2.370455460261157,2.071394026645709,2.6945100759423006,2.759089005167653,-1.4062780523144396,3.364251687872047
33,1,0.2857142857142857,1.6582280766035322,-0.12478537253526123,"(0, 1, 1, 0, 1, 0, 0, 1, 1, 0, 0, 0, 1, 0, 0, 0, 1, 0, 1, 1, 1, 0, 0, 0, 0)",7.0,10.0,11.0,13.0,10.711,15.297666666666666,14.320333333333334,17.361333333333334,0.0,1.6863995291493858,1.976764477740868,3.360261011564008,4.0,3.0,10.0,7.0,0.2321714847667606,0.02107094963418829,0.006734044009792619,0.007696208332413453,3.0,4.0,6.0,4.586666666666666,3.6093333333333337,6.650333333333334,1.6863995291493858,1.976764477740868,3.360261011564008,4.8093043970817115,2.7071715133319243,5.455690298014067
33,2,0.5714285714285714,1.6582280766035322,0.3825820772489634,"(1, 1, 0, 0, 0, 1, 1, 1, 0, 1, 1, 0, 1, 0, 0, 1, 0, 1, 0, 1, 0, 0, 1, 1, 1)",7.0,11.0,12.0,14.0,12.745333333333333,16.052333333333333,17.752666666666666,18.894666666666666,0.0,2.162707119397345,2.6715067675685282,3.2840838562004833,1.0,3.0,8.0,6.0,0.13014977631437666,0.05395233670228792,0.03388467990608629,0.021541457312049987,4.0,5.0,7.0,3.3070000000000004,5.007333333333333,6.149333333333333,2.162707119397345,2.6715067675685282,3.2840838562004833,1.8974985824728565,3.873333193427607,4.751237129455282
33,3,0.8571428571428571,1.6582280766035322,0.03984826924297069,"(0, 0, 1, 0, 1, 0, 0, 1, 0, 1, 0, 0, 0, 0, 0, 1, 1, 0, 0, 0, 0, 0, 1, 0, 1)",5.0,9.0,8.0,12.0,6.9303333333333335,12.263,13.742666666666667,16.746666666666666,0.0,3.342831192003263,3.196216192896902,5.250033001930614,1.0,7.0,1.0,9.0,0.23482814551055303,0.11438256223414643,0.04317260444976475,0.034745924484089356,4.0,3.0,7.0,5.332666666666666,6.812333333333333,9.816333333333333,3.342831192003263,3.196216192896902,5.250033001930614,3.299601051908572,5.996346970558968,7.571967415736002
33,4,1.1428571428571428,1.6582280766035322,0.14627063241139182,"(0, 0, 0, 0, 0, 0, 0, 0, 1, 1, 0, 0, 1, 0, 0, 1, 0, 1, 1, 0, 0, 0, 1, 1, 0)",5.0,8.0,9.0,11.0,7.480333333333333,10.999333333333333,13.972,15.007333333333333,0.0,3.0882010584625887,3.38757571293695,5.273063947438998,1.0,1.0,10.0,4.0,0.10816771190399908,0.13944496091470002,0.12364734615122358,0.026629021044963837,3.0,4.0,6.0,3.5189999999999992,6.491666666666666,7.527,3.0882010584625887,3.38757571293695,5.273063947438998,0.7143629002284178,5.147290771805651,3.7375400452255887
33,5,1.4285714285714284,1.6582280766035322,0.02884273849485086,"(0, 1, 1, 0, 0, 1, 0, 1, 1, 0, 1, 1, 1, 1, 0, 1, 0, 1, 0, 0, 1, 1, 1, 0, 0)",7.0,10.0,11.0,12.0,10.556666666666667,16.171,15.455,15.736,0.0,2.6870112000847692,2.615532357604955,4.223939892884754,1.0,2.0,6.0,3.0,0.24699270751475727,0.039088666119438724,0.04281503206272536,0.03233944802806005,3.0,4.0,5.0,5.614333333333333,4.898333333333333,5.179333333333334,2.6870112000847692,2.615532357604955,4.223939892884754,4.854167750615714,3.7854046712507357,1.5842602271546797
33,6,1.7142857142857142,1.6582280766035322,0.8261744683097965,"(0, 0, 0, 1, 0, 0, 1, 1, 0, 1, 0, 0, 1, 1, 1, 1, 1, 0, 1, 0, 0, 0, 0, 0, 0)",6.0,10.0,10.0,14.0,8.030666666666667,13.556333333333333,16.185666666666666,17.94333333333333,0.0,2.1843838453098328,2.596048177704862,3.9215067288468792,1.0,6.0,1.0,17.0,0.12887713176885598,0.0560984905253047,0.07579952001996194,0.013318222432024272,4.0,4.0,8.0,5.525666666666666,8.155,9.912666666666665,2.1843838453098328,2.596048177704862,3.9215067288468792,5.540608986246966,9.218009988216165,9.934709620315042
33,7,2.0,1.6582280766035322,-0.09097260492516934,"(0, 1, 0, 1, 0, 0, 0, 0, 0, 0, 1, 1, 1, 0, 0, 0, 0, 1, 0, 0, 1, 0, 0, 1, 0)",5.0,8.0,8.0,13.0,9.765333333333333,12.103666666666667,13.055333333333333,17.532333333333334,0.0,4.781122951379948,4.1314660404794985,5.8211359638910745,2.0,2.0,2.0,27.0,0.2538433107649484,0.004806270987929513,0.11808692744890426,0.00956122828178964,3.0,3.0,8.0,2.3383333333333347,3.290000000000001,7.767000000000001,4.781122951379948,4.1314660404794985,5.8211359638910745,-4.0507023298805125,-1.3953426138315073,3.2266863779288917
34,0,0.0,1.6582280766035322,-1.151296472843025,"(0, 0, 1, 1, 0, 1, 1, 0, 0, 1, 0, 0, 0, 1, 0, 0, 1, 1, 0, 1, 0, 1, 0, 1, 1)",8.0,12.0,13.0,14.0,11.312333333333333,17.994333333333334,17.597,18.153666666666666,0.0,3.6648314473450587,3.5832466259761655,3.9367071528824127,5.0,8.0,3.0,4.0,0.10295720680126239,0.021801198833255278,0.052410402633532645,0.01216475562062106,4.0,5.0,6.0,6.682,6.284666666666668,6.841333333333333,3.6648314473450587,3.5832466259761655,3.9367071528824127,5.003153605857667,4.479570558172448,4.816532684461394
34,1,0.2857142857142857,1.6582280766035322,-0.12478537253526123,"(0, 1, 1, 0, 1, 0, 0, 1, 1, 0, 0, 0, 1, 0, 0, 0, 1, 0, 1, 1, 1, 0, 0, 0, 0)",7.0,10.0,11.0,13.0,10.711,15.297666666666666,14.320333333333334,17.361333333333334,0.0,1.6863995291493858,1.976764477740868,3.360261011564008,4.0,3.0,10.0,7.0,0.2321714847667606,0.02107094963418829,0.006734044009792619,0.007696208332413453,3.0,4.0,6.0,4.586666666666666,3.6093333333333337,6.650333333333334,1.6863995291493858,1.976764477740868,3.360261011564008,4.8093043970817115,2.7071715133319243,5.455690298014067
34,2,0.5714285714285714,1.6582280766035322,0.3825820772489634,"(1, 1, 0, 0, 0, 1, 1, 1, 0, 1, 1, 0, 1, 0, 0, 1, 0, 1, 0, 1, 0, 0, 1, 1, 1)",7.0,11.0,12.0,14.0,12.745333333333333,16.052333333333333,17.752666666666666,18.894666666666666,0.0,2.162707119397345,2.6715067675685282,3.2840838562004833,1.0,3.0,8.0,6.0,0.13014977631437666,0.05395233670228792,0.03388467990608629,0.021541457312049987,4.0,5.0,7.0,3.3070000000000004,5.007333333333333,6.149333333333333,2.162707119397345,2.6715067675685282,3.2840838562004833,1.8974985824728565,3.873333193427607,4.751237129455282
34,3,0.8571428571428571,1.6582280766035322,0.03984826924297069,"(0, 0, 1, 0, 1, 0, 0, 1, 0, 1, 0, 0, 0, 0, 0, 1, 1, 0, 0, 0, 0, 0, 1, 0, 1)",5.0,9.0,8.0,12.0,6.9303333333333335,12.263,13.742666666666667,16.746666666666666,0.0,3.342831192003263,3.196216192896902,5.250033001930614,1.0,7.0,1.0,9.0,0.23482814551055303,0.11438256223414643,0.04317260444976475,0.034745924484089356,4.0,3.0,7.0,5.332666666666666,6.812333333333333,9.816333333333333,3.342831192003263,3.196216192896902,5.250033001930614,3.299601051908572,5.996346970558968,7.571967415736002
34,4,1.1428571428571428,1.6582280766035322,0.14627063241139182,"(0, 0, 0, 0, 0, 0, 0, 0, 1, 1, 0, 0, 1, 0, 0, 1, 0, 1, 1, 0, 0, 0, 1, 1, 0)",5.0,8.0,9.0,11.0,7.480333333333333,10.999333333333333,13.972,15.007333333333333,0.0,3.0882010584625887,3.38757571293695,5.273063947438998,1.0,1.0,10.0,4.0,0.10816771190399908,0.13944496091470002,0.12364734615122358,0.026629021044963837,3.0,4.0,6.0,3.5189999999999992,6.491666666666666,7.527,3.0882010584625887,3.38757571293695,5.273063947438998,0.7143629002284178,5.147290771805651,3.7375400452255887
34,5,1.4285714285714284,1.6582280766035322,0.02884273849485086,"(0, 1, 1, 0, 0, 1, 0, 1, 1, 0, 1, 1, 1, 1, 0, 1, 0, 1, 0, 0, 1, 1, 1, 0, 0)",7.0,10.0,11.0,12.0,10.556666666666667,16.171,15.455,15.736,0.0,2.6870112000847692,2.615532357604955,4.223939892884754,1.0,2.0,6.0,3.0,0.24699270751475727,0.039088666119438724,0.04281503206272536,0.03233944802806005,3.0,4.0,5.0,5.614333333333333,4.898333333333333,5.179333333333334,2.6870112000847692,2.615532357604955,4.223939892884754,4.854167750615714,3.7854046712507357,1.5842602271546797
34,6,1.7142857142857142,1.6582280766035322,0.8261744683097965,"(0, 0, 0, 1, 0, 0, 1, 1, 0, 1, 0, 0, 1, 1, 1, 1, 1, 0, 1, 0, 0, 0, 0, 0, 0)",6.0,10.0,10.0,14.0,8.030666666666667,13.556333333333333,16.185666666666666,17.94333333333333,0.0,2.1843838453098328,2.596048177704862,3.9215067288468792,1.0,6.0,1.0,17.0,0.12887713176885598,0.0560984905253047,0.07579952001996194,0.013318222432024272,4.0,4.0,8.0,5.525666666666666,8.155,9.912666666666665,2.1843838453098328,2.596048177704862,3.9215067288468792,5.540608986246966,9.218009988216165,9.934709620315042
34,7,2.0,1.6582280766035322,-0.09097260492516934,"(0, 1, 0, 1, 0, 0, 0, 0, 0, 0, 1, 1, 1, 0, 0, 0, 0, 1, 0, 0, 1, 0, 0, 1, 0)",5.0,8.0,8.0,13.0,9.765333333333333,12.103666666666667,13.055333333333333,17.532333333333334,0.0,4.781122951379948,4.1314660404794985,5.8211359638910745,2.0,2.0,2.0,27.0,0.2538433107649484,0.004806270987929513,0.11808692744890426,0.00956122828178964,3.0,3.0,8.0,2.3383333333333347,3.290000000000001,7.767000000000001,4.781122951379948,4.1314660404794985,5.8211359638910745,-4.0507023298805125,-1.3953426138315073,3.2266863779288917
35,0,0.0,1.6582280766035322,0.20936740214925798,"(0, 0, 1, 1, 0, 1, 1, 0, 0, 1, 0, 0, 0, 1, 0, 0, 1, 1, 1, 0, 0, 1, 0, 1, 1)",7.0,11.0,12.0,15.0,11.114333333333333,15.334,15.632,20.461333333333332,0.0,3.0734244038244105,3.2697401833378614,4.456027336961824,1.0,11.0,2.0,1.0,0.1586090659535959,0.062499690836086724,0.039287878936689925,0.01957282219756449,4.0,5.0,8.0,4.219666666666667,4.517666666666667,9.347,3.0734244038244105,3.2697401833378614,4.456027336961824,1.9007311028345952,2.069346732192935,8.11034819175025
35,1,0.2857142857142857,1.6582280766035322,-0.12478537253526123,"(0, 1, 1, 0, 1, 0, 0, 1, 1, 0, 0, 0, 1, 0, 0, 0, 1, 0, 1, 1, 1, 0, 0, 0, 0)",7.0,10.0,11.0,13.0,10.711,15.297666666666666,14.320333333333334,17.361333333333334,0.0,1.6863995291493858,1.976764477740868,3.360261011564008,4.0,3.0,10.0,7.0,0.2321714847667606,0.02107094963418829,0.006734044009792619,0.007696208332413453,3.0,4.0,6.0,4.586666666666666,3.6093333333333337,6.650333333333334,1.6863995291493858,1.976764477740868,3.360261011564008,4.8093043970817115,2.7071715133319243,5.455690298014067
35,2,0.5714285714285714,1.6582280766035322,0.3825820772489634,"(1, 1, 0, 0, 0, 1, 1, 1, 0, 1, 1, 0, 1, 0, 0, 1, 0, 1, 0, 1, 0, 0, 1, 1, 1)",7.0,11.0,12.0,14.0,12.745333333333333,16.052333333333333,17.752666666666666,18.894666666666666,0.0,2.162707119397345,2.6715067675685282,3.2840838562004833,1.0,3.0,8.0,6.0,0.13014977631437666,0.05395233670228792,0.03388467990608629,0.021541457312049987,4.0,5.0,7.0,3.3070000000000004,5.007333333333333,6.149333333333333,2.162707119397345,2.6715067675685282,3.2840838562004833,1.8974985824728565,3.873333193427607,4.751237129455282
35,3,0.8571428571428571,1.6582280766035322,0.03984826924297069,"(0, 0, 1, 0, 1, 0, 0, 1, 0, 1, 0, 0, 0, 0, 0, 1, 1, 0, 0, 0, 0, 0, 1, 0, 1)",5.0,9.0,8.0,12.0,6.9303333333333335,12.263,13.742666666666667,16.746666666666666,0.0,3.342831192003263,3.196216192896902,5.250033001930614,1.0,7.0,1.0,9.0,0.23482814551055303,0.11438256223414643,0.04317260444976475,0.034745924484089356,4.0,3.0,7.0,5.332666666666666,6.812333333333333,9.816333333333333,3.342831192003263,3.196216192896902,5.250033001930614,3.299601051908572,5.996346970558968,7.571967415736002
35,4,1.1428571428571428,1.6582280766035322,0.14627063241139182,"(0, 0, 0, 0, 0, 0, 0, 0, 1, 1, 0, 0, 1, 0, 0, 1, 0, 1, 1, 0, 0, 0, 1, 1, 0)",5.0,8.0,9.0,11.0,7.480333333333333,10.999333333333333,13.972,15.007333333333333,0.0,3.0882010584625887,3.38757571293695,5.273063947438998,1.0,1.0,10.0,4.0,0.10816771190399908,0.13944496091470002,0.12364734615122358,0.026629021044963837,3.0,4.0,6.0,3.5189999999999992,6.491666666666666,7.527,3.0882010584625887,3.38757571293695,5.273063947438998,0.7143629002284178,5.147290771805651,3.7375400452255887
35,5,1.4285714285714284,1.6582280766035322,0.02884273849485086,"(0, 1, 1, 0, 0, 1, 0, 1, 1, 0, 1, 1, 1, 1, 0, 1, 0, 1, 0, 0, 1, 1, 1, 0, 0)",7.0,10.0,11.0,12.0,10.556666666666667,16.171,15.455,15.736,0.0,2.6870112000847692,2.615532357604955,4.223939892884754,1.0,2.0,6.0,3.0,0.24699270751475727,0.039088666119438724,0.04281503206272536,0.03233944802806005,3.0,4.0,5.0,5.614333333333333,4.898333333333333,5.179333333333334,2.6870112000847692,2.615532357604955,4.223939892884754,4.854167750615714,3.7854046712507357,1.5842602271546797
35,6,1.7142857142857142,1.6582280766035322,0.8261744683097965,"(0, 0, 0, 1, 0, 0, 1, 1, 0, 1, 0, 0, 1, 1, 1, 1, 1, 0, 1, 0, 0, 0, 0, 0, 0)",6.0,10.0,10.0,14.0,8.030666666666667,13.556333333333333,16.185666666666666,17.94333333333333,0.0,2.1843838453098328,2.596048177704862,3.9215067288468792,1.0,6.0,1.0,17.0,0.12887713176885598,0.0560984905253047,0.07579952001996194,0.013318222432024272,4.0,4.0,8.0,5.525666666666666,8.155,9.912666666666665,2.1843838453098328,2.596048177704862,3.9215067288468792,5.540608986246966,9.218009988216165,9.934709620315042
35,7,2.0,1.6582280766035322,-0.09097260492516934,"(0, 1, 0, 1, 0, 0, 0, 0, 0, 0, 1, 1, 1, 0, 0, 0, 0, 1, 0, 0, 1, 0, 0, 1, 0)",5.0,8.0,8.0,13.0,9.765333333333333,12.103666666666667,13.055333333333333,17.532333333333334,0.0,4.781122951379948,4.1314660404794985,5.8211359638910745,2.0,2.0,2.0,27.0,0.2538433107649484,0.004806270987929513,0.11808692744890426,0.00956122828178964,3.0,3.0,8.0,2.3383333333333347,3.290000000000001,7.767000000000001,4.781122951379948,4.1314660404794985,5.8211359638910745,-4.0507023298805125,-1.3953426138315073,3.2266863779288917
36,0,0.0,1.6582280766035322,0.20936740214925798,"(0, 0, 1, 1, 0, 1, 1, 0, 0, 1, 0, 0, 0, 1, 0, 0, 1, 1, 1, 0, 0, 1, 0, 1, 1)",7.0,11.0,12.0,15.0,11.114333333333333,15.334,15.632,20.461333333333332,0.0,3.0734244038244105,3.2697401833378614,4.456027336961824,1.0,11.0,2.0,1.0,0.1586090659535959,0.062499690836086724,0.039287878936689925,0.01957282219756449,4.0,5.0,8.0,4.219666666666667,4.517666666666667,9.347,3.0734244038244105,3.2697401833378614,4.456027336961824,1.9007311028345952,2.069346732192935,8.11034819175025
36,1,0.2857142857142857,1.6582280766035322,-0.007263088614651636,"(0, 0, 0, 0, 1, 0, 0, 1, 1, 0, 0, 0, 1, 0, 0, 0, 1, 0, 1, 1, 1, 0, 0, 0, 0)",6.0,9.0,10.0,13.0,9.692333333333334,14.092666666666666,12.537666666666667,16.809333333333335,0.0,2.767029917159094,2.9881085692831584,4.966816858824933,4.0,2.0,12.0,25.0,0.14347987673368323,0.08444467074805347,0.04674711969124576,0.006637906089786141,3.0,4.0,7.0,4.400333333333332,2.8453333333333326,7.117000000000001,2.767029917159094,2.9881085692831584,4.966816858824933,2.7083895823125856,-0.2367539048956951,3.5654940545360745
36,2,0.5714285714285714,1.6582280766035322,0.3825820772489634,"(1, 1, 0, 0, 0, 1, 1, 1, 0, 1, 1, 0, 1, 0, 0, 1, 0, 1, 0, 1, 0, 0, 1, 1, 1)",7.0,11.0,12.0,14.0,12.745333333333333,16.052333333333333,17.752666666666666,18.894666666666666,0.0,2.162707119397345,2.6715067675685282,3.2840838562004833,1.0,3.0,8.0,6.0,0.13014977631437666,0.05395233670228792,0.03388467990608629,0.021541457312049987,4.0,5.0,7.0,3.3070000000000004,5.007333333333333,6.149333333333333,2.162707119397345,2.6715067675685282,3.2840838562004833,1.8974985824728565,3.873333193427607,4.751237129455282
36,3,0.8571428571428571,1.6582280766035322,0.03984826924297069,"(0, 0, 1, 0, 1, 0, 0, 1, 0, 1, 0, 0, 0, 0, 0, 1, 1, 0, 0, 0, 0, 0, 1, 0, 1)",5.0,9.0,8.0,12.0,6.9303333333333335,12.263,13.742666666666667,16.746666666666666,0.0,3.342831192003263,3.196216192896902,5.250033001930614,1.0,7.0,1.0,9.0,0.23482814551055303,0.11438256223414643,0.04317260444976475,0.034745924484089356,4.0,3.0,7.0,5.332666666666666,6.812333333333333,9.816333333333333,3.342831192003263,3.196216192896902,5.250033001930614,3.299601051908572,5.996346970558968,7.571967415736002
36,4,1.1428571428571428,1.6582280766035322,0.14627063241139182,"(0, 0, 0, 0, 0, 0, 0, 0, 1, 1, 0, 0, 1, 0, 0, 1, 0, 1, 1, 0, 0, 0, 1, 1, 0)",5.0,8.0,9.0,11.0,7.480333333333333,10.999333333333333,13.972,15.007333333333333,0.0,3.0882010584625887,3.38757571293695,5.273063947438998,1.0,1.0,10.0,4.0,0.10816771190399908,0.13944496091470002,0.12364734615122358,0.026629021044963837,3.0,4.0,6.0,3.5189999999999992,6.491666666666666,7.527,3.0882010584625887,3.38757571293695,5.273063947438998,0.7143629002284178,5.147290771805651,3.7375400452255887
36,5,1.4285714285714284,1.6582280766035322,0.02884273849485086,"(0, 1, 1, 0, 0, 1, 0, 1, 1, 0, 1, 1, 1, 1, 0, 1, 0, 1, 0, 0, 1, 1, 1, 0, 0)",7.0,10.0,11.0,12.0,10.556666666666667,16.171,15.455,15.736,0.0,2.6870112000847692,2.615532357604955,4.223939892884754,1.0,2.0,6.0,3.0,0.24699270751475727,0.039088666119438724,0.04281503206272536,0.03233944802806005,3.0,4.0,5.0,5.614333333333333,4.898333333333333,5.179333333333334,2.6870112000847692,2.615532357604955,4.223939892884754,4.854167750615714,3.7854046712507357,1.5842602271546797
36,6,1.7142857142857142,1.6582280766035322,0.8261744683097965,"(0, 0, 0, 1, 0, 0, 1, 1, 0, 1, 0, 0, 1, 1, 1, 1, 1, 0, 1, 0, 0, 0, 0, 0, 0)",6.0,10.0,10.0,14.0,8.030666666666667,13.556333333333333,16.185666666666666,17.94333333333333,0.0,2.1843838453098328,2.596048177704862,3.9215067288468792,1.0,6.0,1.0,17.0,0.12887713176885598,0.0560984905253047,0.07579952001996194,0.013318222432024272,4.0,4.0,8.0,5.525666666666666,8.155,9.912666666666665,2.1843838453098328,2.596048177704862,3.9215067288468792,5.540608986246966,9.218009988216165,9.934709620315042
36,7,2.0,1.6582280766035322,-0.09097260492516934,"(0, 1, 0, 1, 0, 0, 0, 0, 0, 0, 1, 1, 1, 0, 0, 0, 0, 1, 0, 0, 1, 0, 0, 1, 0)",5.0,8.0,8.0,13.0,9.765333333333333,12.103666666666667,13.055333333333333,17.532333333333334,0.0,4.781122951379948,4.1314660404794985,5.8211359638910745,2.0,2.0,2.0,27.0,0.2538433107649484,0.004806270987929513,0.11808692744890426,0.00956122828178964,3.0,3.0,8.0,2.3383333333333347,3.290000000000001,7.767000000000001,4.781122951379948,4.1314660404794985,5.8211359638910745,-4.0507023298805125,-1.3953426138315073,3.2266863779288917
37,0,0.0,1.6582280766035322,0.3832304543947487,"(0, 0, 0, 1, 0, 1, 1, 1, 0, 1, 0, 0, 0, 1, 0, 0, 1, 1, 1, 0, 0, 1, 0, 1, 1)",7.0,10.0,11.0,14.0,10.410333333333334,13.928333333333333,15.393,18.687666666666665,0.0,2.4733024505233887,2.3377607300174574,3.1658890438514646,1.0,1.0,7.0,9.0,0.07403665156166887,0.0770847706658988,0.056671937307082455,0.038395905727752075,3.0,4.0,7.0,3.517999999999999,4.982666666666667,8.277333333333331,2.4733024505233887,2.3377607300174574,3.1658890438514646,1.7323468081010227,4.385857284127082,8.475940432813625
37,1,0.2857142857142857,1.6582280766035322,-0.007263088614651636,"(0, 0, 0, 0, 1, 0, 0, 1, 1, 0, 0, 0, 1, 0, 0, 0, 1, 0, 1, 1, 1, 0, 0, 0, 0)",6.0,9.0,10.0,13.0,9.692333333333334,14.092666666666666,12.537666666666667,16.809333333333335,0.0,2.767029917159094,2.9881085692831584,4.966816858824933,4.0,2.0,12.0,25.0,0.14347987673368323,0.08444467074805347,0.04674711969124576,0.006637906089786141,3.0,4.0,7.0,4.400333333333332,2.8453333333333326,7.117000000000001,2.767029917159094,2.9881085692831584,4.966816858824933,2.7083895823125856,-0.2367539048956951,3.5654940545360745
37,2,0.5714285714285714,1.6582280766035322,0.3825820772489634,"(1, 1, 0, 0, 0, 1, 1, 1, 0, 1, 1, 0, 1, 0, 0, 1, 0, 1, 0, 1, 0, 0, 1, 1, 1)",7.0,11.0,12.0,14.0,12.745333333333333,16.052333333333333,17.752666666666666,18.894666666666666,0.0,2.162707119397345,2.6715067675685282,3.2840838562004833,1.0,3.0,8.0,6.0,0.13014977631437666,0.05395233670228792,0.03388467990608629,0.021541457312049987,4.0,5.0,7.0,3.3070000000000004,5.007333333333333,6.149333333333333,2.162707119397345,2.6715067675685282,3.2840838562004833,1.8974985824728565,3.873333193427607,4.751237129455282
37,3,0.8571428571428571,1.6582280766035322,0.03984826924297069,"(0, 0, 1, 0, 1, 0, 0, 1, 0, 1, 0, 0, 0, 0, 0, 1, 1, 0, 0, 0, 0, 0, 1, 0, 1)",5.0,9.0,8.0,12.0,6.9303333333333335,12.263,13.742666666666667,16.746666666666666,0.0,3.342831192003263,3.196216192896902,5.250033001930614,1.0,7.0,1.0,9.0,0.23482814551055303,0.11438256223414643,0.04317260444976475,0.034745924484089356,4.0,3.0,7.0,5.332666666666666,6.812333333333333,9.816333333333333,3.342831192003263,3.196216192896902,5.250033001930614,3.299601051908572,5.996346970558968,7.571967415736002
37,4,1.1428571428571428,1.6582280766035322,0.14627063241139182,"(0, 0, 0, 0, 0, 0, 0, 0, 1, 1, 0, 0, 1, 0, 0, 1, 0, 1, 1, 0, 0, 0, 1, 1, 0)",5.0,8.0,9.0,11.0,7.480333333333333,10.999333333333333,13.972,15.007333333333333,0.0,3.0882010584625887,3.38757571293695,5.273063947438998,1.0,1.0,10.0,4.0,0.10816771190399908,0.13944496091470002,0.12364734615122358,0.026629021044963837,3.0,4.0,6.0,3.5189999999999992,6.491666666666666,7.527,3.0882010584625887,3.38757571293695,5.273063947438998,0.7143629002284178,5.147290771805651,3.7375400452255887
37,5,1.4285714285714284,1.6582280766035322,0.02884273849485086,"(0, 1, 1, 0, 0, 1, 0, 1, 1, 0, 1, 1, 1, 1, 0, 1, 0, 1, 0, 0, 1, 1, 1, 0, 0)",7.0,10.0,11.0,12.0,10.556666666666667,16.171,15.455,15.736,0.0,2.6870112000847692,2.615532357604955,4.223939892884754,1.0,2.0,6.0,3.0,0.24699270751475727,0.039088666119438724,0.04281503206272536,0.03233944802806005,3.0,4.0,5.0,5.614333333333333,4.898333333333333,5.179333333333334,2.6870112000847692,2.615532357604955,4.223939892884754,4.854167750615714,3.7854046712507357,1.5842602271546797
37,6,1.7142857142857142,1.6582280766035322,0.8261744683097965,"(0, 0, 0, 1, 0, 0, 1, 1, 0, 1, 0, 0, 1, 1, 1, 1, 1, 0, 1, 0, 0, 0, 0, 0, 0)",6.0,10.0,10.0,14.0,8.030666666666667,13.556333333333333,16.185666666666666,17.94333333333333,0.0,2.1843838453098328,2.596048177704862,3.9215067288468792,1.0,6.0,1.0,17.0,0.12887713176885598,0.0560984905253047,0.07579952001996194,0.013318222432024272,4.0,4.0,8.0,5.525666666666666,8.155,9.912666666666665,2.1843838453098328,2.596048177704862,3.9215067288468792,5.540608986246966,9.218009988216165,9.934709620315042
37,7,2.0,1.6582280766035322,-0.09097260492516934,"(0, 1, 0, 1, 0, 0, 0, 0, 0, 0, 1, 1, 1, 0, 0, 0, 0, 1, 0, 0, 1, 0, 0, 1, 0)",5.0,8.0,8.0,13.0,9.765333333333333,12.103666666666667,13.055333333333333,17.532333333333334,0.0,4.781122951379948,4.1314660404794985,5.8211359638910745,2.0,2.0,2.0,27.0,0.2538433107649484,0.004806270987929513,0.11808692744890426,0.00956122828178964,3.0,3.0,8.0,2.3383333333333347,3.290000000000001,7.767000000000001,4.781122951379948,4.1314660404794985,5.8211359638910745,-4.0507023298805125,-1.3953426138315073,3.2266863779288917
38,0,0.0,1.6582280766035322,0.5643912253402952,"(0, 0, 0, 1, 0, 1, 1, 1, 1, 1, 0, 0, 0, 0, 0, 0, 1, 1, 1, 0, 0, 1, 0, 1, 1)",6.0,10.0,10.0,14.0,7.929666666666667,14.662,14.675333333333333,17.563333333333333,0.0,2.8384534853696897,2.747905020008934,4.416202225988732,1.0,1.0,8.0,16.0,0.19799491097915536,0.046327854482782684,0.017451285809556658,0.02640431720641049,4.0,4.0,8.0,6.732333333333334,6.745666666666666,9.633666666666667,2.8384534853696897,2.747905020008934,4.416202225988732,6.456940890814009,6.629200606056621,8.651746024212695
38,1,0.2857142857142857,1.6582280766035322,-0.5829427352469734,"(0, 0, 0, 0, 1, 0, 0, 1, 1, 0, 0, 1, 0, 0, 0, 0, 1, 0, 1, 1, 1, 0, 0, 0, 0)",5.0,9.0,9.0,11.0,6.959,13.591,14.336,14.782333333333334,0.0,2.8317929359286658,3.129398813787982,4.422199484199115,2.0,2.0,4.0,5.0,0.1964076192389868,0.031562266149360176,0.06994144658582811,0.0578238435446838,4.0,4.0,6.0,6.632,7.377000000000001,7.823333333333334,2.8317929359286658,3.129398813787982,4.422199484199115,6.301610050550164,7.043491545191237,5.639855640921005
38,2,0.5714285714285714,1.6582280766035322,0.4842425131986048,"(1, 1, 0, 0, 0, 1, 1, 1, 0, 1, 1, 0, 0, 0, 0, 1, 0, 0, 0, 1, 0, 0, 1, 1, 1)",6.0,10.0,10.0,13.0,8.200333333333333,15.047666666666666,12.444333333333333,18.042333333333332,0.0,2.2822100894512376,1.9085560295232418,3.0717938128824165,1.0,6.0,3.0,8.0,0.14437420963208852,0.017254031047295882,0.07824115669642291,0.013255467464425946,4.0,4.0,7.0,6.847333333333333,4.244,9.841999999999999,2.2822100894512376,1.9085560295232418,3.0717938128824165,7.570015536160685,3.8726987631789913,11.22654598387332
38,3,0.8571428571428571,1.6582280766035322,0.03984826924297069,"(0, 0, 1, 0, 1, 0, 0, 1, 0, 1, 0, 0, 0, 0, 0, 1, 1, 0, 0, 0, 0, 0, 1, 0, 1)",5.0,9.0,8.0,12.0,6.9303333333333335,12.263,13.742666666666667,16.746666666666666,0.0,3.342831192003263,3.196216192896902,5.250033001930614,1.0,7.0,1.0,9.0,0.23482814551055303,0.11438256223414643,0.04317260444976475,0.034745924484089356,4.0,3.0,7.0,5.332666666666666,6.812333333333333,9.816333333333333,3.342831192003263,3.196216192896902,5.250033001930614,3.299601051908572,5.996346970558968,7.571967415736002
38,4,1.1428571428571428,1.6582280766035322,0.14627063241139182,"(0, 0, 0, 0, 0, 0, 0, 0, 1, 1, 0, 0, 1, 0, 0, 1, 0, 1, 1, 0, 0, 0, 1, 1, 0)",5.0,8.0,9.0,11.0,7.480333333333333,10.999333333333333,13.972,15.007333333333333,0.0,3.0882010584625887,3.38757571293695,5.273063947438998,1.0,1.0,10.0,4.0,0.10816771190399908,0.13944496091470002,0.12364734615122358,0.026629021044963837,3.0,4.0,6.0,3.5189999999999992,6.491666666666666,7.527,3.0882010584625887,3.38757571293695,5.273063947438998,0.7143629002284178,5.147290771805651,3.7375400452255887
38,5,1.4285714285714284,1.6582280766035322,0.02884273849485086,"(0, 1, 1, 0, 0, 1, 0, 1, 1, 0, 1, 1, 1, 1, 0, 1, 0, 1, 0, 0, 1, 1, 1, 0, 0)",7.0,10.0,11.0,12.0,10.556666666666667,16.171,15.455,15.736,0.0,2.6870112000847692,2.615532357604955,4.223939892884754,1.0,2.0,6.0,3.0,0.24699270751475727,0.039088666119438724,0.04281503206272536,0.03233944802806005,3.0,4.0,5.0,5.614333333333333,4.898333333333333,5.179333333333334,2.6870112000847692,2.615532357604955,4.223939892884754,4.854167750615714,3.7854046712507357,1.5842602271546797
38,6,1.7142857142857142,1.6582280766035322,0.8261744683097965,"(0, 0, 0, 1, 0, 0, 1, 1, 0, 1, 0, 0, 1, 1, 1, 1, 1, 0, 1, 0, 0, 0, 0, 0, 0)",6.0,10.0,10.0,14.0,8.030666666666667,13.556333333333333,16.185666666666666,17.94333333333333,0.0,2.1843838453098328,2.596048177704862,3.9215067288468792,1.0,6.0,1.0,17.0,0.12887713176885598,0.0560984905253047,0.07579952001996194,0.013318222432024272,4.0,4.0,8.0,5.525666666666666,8.155,9.912666666666665,2.1843838453098328,2.596048177704862,3.9215067288468792,5.540608986246966,9.218009988216165,9.934709620315042
38,7,2.0,1.6582280766035322,-0.09097260492516934,"(0, 1, 0, 1, 0, 0, 0, 0, 0, 0, 1, 1, 1, 0, 0, 0, 0, 1, 0, 0, 1, 0, 0, 1, 0)",5.0,8.0,8.0,13.0,9.765333333333333,12.103666666666667,13.055333333333333,17.532333333333334,0.0,4.781122951379948,4.1314660404794985,5.8211359638910745,2.0,2.0,2.0,27.0,0.2538433107649484,0.004806270987929513,0.11808692744890426,0.00956122828178964,3.0,3.0,8.0,2.3383333333333347,3.290000000000001,7.767000000000001,4.781122951379948,4.1314660404794985,5.8211359638910745,-4.0507023298805125,-1.3953426138315073,3.2266863779288917
39,0,0.0,1.6582280766035322,0.5643912253402952,"(0, 0, 0, 1, 0, 1, 1, 1, 1, 1, 0, 0, 0, 0, 0, 0, 1, 1, 1, 0, 0, 1, 0, 1, 1)",6.0,10.0,10.0,14.0,7.929666666666667,14.662,14.675333333333333,17.563333333333333,0.0,2.8384534853696897,2.747905020008934,4.416202225988732,1.0,1.0,8.0,16.0,0.19799491097915536,0.046327854482782684,0.017451285809556658,0.02640431720641049,4.0,4.0,8.0,6.732333333333334,6.745666666666666,9.633666666666667,2.8384534853696897,2.747905020008934,4.416202225988732,6.456940890814009,6.629200606056621,8.651746024212695
39,1,0.2857142857142857,1.6582280766035322,-0.5829427352469734,"(0, 0, 0, 0, 1, 0, 0, 1, 1, 0, 0, 1, 0, 0, 0, 0, 1, 0, 1, 1, 1, 0, 0, 0, 0)",5.0,9.0,9.0,11.0,6.959,13.591,14.336,14.782333333333334,0.0,2.8317929359286658,3.129398813787982,4.422199484199115,2.0,2.0,4.0,5.0,0.1964076192389868,0.031562266149360176,0.06994144658582811,0.0578238435446838,4.0,4.0,6.0,6.632,7.377000000000001,7.823333333333334,2.8317929359286658,3.129398813787982,4.422199484199115,6.301610050550164,7.043491545191237,5.639855640921005
39,2,0.5714285714285714,1.6582280766035322,0.4842425131986048,"(1, 1, 0, 0, 0, 1, 1, 1, 0, 1, 1, 0, 0, 0, 0, 1, 0, 0, 0, 1, 0, 0, 1, 1, 1)",6.0,10.0,10.0,13.0,8.200333333333333,15.047666666666666,12.444333333333333,18.042333333333332,0.0,2.2822100894512376,1.9085560295232418,3.0717938128824165,1.0,6.0,3.0,8.0,0.14437420963208852,0.017254031047295882,0.07824115669642291,0.013255467464425946,4.0,4.0,7.0,6.847333333333333,4.244,9.841999999999999,2.2822100894512376,1.9085560295232418,3.0717938128824165,7.570015536160685,3.8726987631789913,11.22654598387332
39,3,0.8571428571428571,1.6582280766035322,0.03984826924297069,"(0, 0, 1, 0, 1, 0, 0, 1, 0, 1, 0, 0, 0, 0, 0, 1, 1, 0, 0, 0, 0, 0, 1, 0, 1)",5.0,9.0,8.0,12.0,6.9303333333333335,12.263,13.742666666666667,16.746666666666666,0.0,3.342831192003263,3.196216192896902,5.250033001930614,1.0,7.0,1.0,9.0,0.23482814551055303,0.11438256223414643,0.04317260444976475,0.034745924484089356,4.0,3.0,7.0,5.332666666666666,6.812333333333333,9.816333333333333,3.342831192003263,3.196216192896902,5.250033001930614,3.299601051908572,5.996346970558968,7.571967415736002
39,4,1.1428571428571428,1.6582280766035322,0.8870905748334617,"(0, 0, 0, 0, 0, 1, 1, 0, 1, 1, 0, 0, 1, 0, 0, 1, 0, 1, 1, 0, 0, 0, 1, 1, 0)",6.0,10.0,11.0,13.0,10.547333333333333,16.659666666666666,15.206666666666667,17.734,0.0,2.275871973247332,2.8184534122902103,3.9717786767025776,1.0,7.0,20.0,2.0,0.22314770937601913,0.018219798161004847,0.05332457906963607,0.014569481148371168,4.0,5.0,7.0,6.112333333333334,4.659333333333334,7.186666666666669,2.275871973247332,2.8184534122902103,3.9717786767025776,6.361727942099182,3.0525987707294022,5.331017528093952
39,5,1.4285714285714284,1.6582280766035322,0.02884273849485086,"(0, 1, 1, 0, 0, 1, 0, 1, 1, 0, 1, 1, 1, 1, 0, 1, 0, 1, 0, 0, 1, 1, 1, 0, 0)",7.0,10.0,11.0,12.0,10.556666666666667,16.171,15.455,15.736,0.0,2.6870112000847692,2.615532357604955,4.223939892884754,1.0,2.0,6.0,3.0,0.24699270751475727,0.039088666119438724,0.04281503206272536,0.03233944802806005,3.0,4.0,5.0,5.614333333333333,4.898333333333333,5.179333333333334,2.6870112000847692,2.615532357604955,4.223939892884754,4.854167750615714,3.7854046712507357,1.5842602271546797
39,6,1.7142857142857142,1.6582280766035322,0.8261744683097965,"(0, 0, 0, 1, 0, 0, 1, 1, 0, 1, 0, 0, 1, 1, 1, 1, 1, 0, 1, 0, 0, 0, 0, 0, 0)",6.0,10.0,10.0,14.0,8.030666666666667,13.556333333333333,16.185666666666666,17.94333333333333,0.0,2.1843838453098328,2.596048177704862,3.9215067288468792,1.0,6.0,1.0,17.0,0.12887713176885598,0.0560984905253047,0.07579952001996194,0.013318222432024272,4.0,4.0,8.0,5.525666666666666,8.155,9.912666666666665,2.1843838453098328,2.596048177704862,3.9215067288468792,5.540608986246966,9.218009988216165,9.934709620315042
39,7,2.0,1.6582280766035322,-0.09097260492516934,"(0, 1, 0, 1, 0, 0, 0, 0, 0, 0, 1, 1, 1, 0, 0, 0, 0, 1, 0, 0, 1, 0, 0, 1, 0)",5.0,8.0,8.0,13.0,9.765333333333333,12.103666666666667,13.055333333333333,17.532333333333334,0.0,4.781122951379948,4.1314660404794985,5.8211359638910745,2.0,2.0,2.0,27.0,0.2538433107649484,0.004806270987929513,0.11808692744890426,0.00956122828178964,3.0,3.0,8.0,2.3383333333333347,3.290000000000001,7.767000000000001,4.781122951379948,4.1314660404794985,5.8211359638910745,-4.0507023298805125,-1.3953426138315073,3.2266863779288917
40,0,0.0,1.6582280766035322,-0.05838816210630471,"(0, 0, 0, 0, 1, 0, 0, 0, 1, 0, 0, 1, 1, 0, 0, 0, 1, 0, 1, 1, 1, 0, 0, 0, 0)",6.0,10.0,10.0,11.0,7.327333333333334,12.018,15.174666666666667,15.396333333333333,0.0,2.540727846593729,2.483187332335586,3.79322436236519,4.0,19.0,3.0,5.0,0.23346420608110127,0.009363921843565512,0.03319853479579023,0.052541060371966396,4.0,4.0,5.0,4.690666666666667,7.847333333333333,8.068999999999999,2.540727846593729,2.483187332335586,3.79322436236519,3.5650889144248157,8.894977505855024,7.090211211583411
40,1,0.2857142857142857,1.6582280766035322,-1.7826557881576115,"(1, 1, 0, 0, 0, 1, 1, 1, 0, 1, 1, 0, 0, 0, 0, 1, 0, 0, 0, 1, 0, 0, 1, 0, 0)",7.0,10.0,9.0,11.0,8.752666666666666,13.509333333333334,14.265666666666666,15.861,0.0,3.3642868208388728,3.2166216106173264,4.806899185592929,16.0,7.0,3.0,2.0,0.22694587119396153,0.08387839503053784,0.09830364731728196,0.08112219365464189,3.0,2.0,4.0,4.756666666666668,5.513,7.108333333333334,3.3642868208388728,3.2166216106173264,4.806899185592929,2.308883353648547,3.807919119779948,3.8163027202372617
40,2,0.5714285714285714,1.6582280766035322,0.7730739233889437,"(0, 0, 0, 0, 1, 0, 0, 0, 0, 1, 0, 0, 0, 0, 0, 1, 1, 0, 0, 0, 0, 0, 1, 0, 1)",4.0,8.0,8.0,12.0,5.759,12.528333333333334,10.766333333333334,13.711666666666666,0.0,4.243046365278508,3.965053640614129,6.203587845003271,1.0,1.0,1.0,51.0,0.19992651516480553,0.030233784299920106,0.01800070601093432,0.02048377961625596,4.0,4.0,8.0,6.769333333333334,5.007333333333333,7.952666666666666,4.243046365278508,3.965053640614129,6.203587845003271,4.1891599799861226,1.728337450140687,2.9003716102748642
40,3,0.8571428571428571,1.6582280766035322,0.8870905748334617,"(0, 0, 0, 0, 0, 1, 1, 0, 1, 1, 0, 0, 1, 0, 0, 1, 0, 1, 1, 0, 0, 0, 1, 1, 0)",6.0,10.0,11.0,13.0,10.547333333333333,16.659666666666666,15.206666666666667,17.734,0.0,2.275871973247332,2.8184534122902103,3.9717786767025776,1.0,7.0,20.0,2.0,0.22314770937601913,0.018219798161004847,0.05332457906963607,0.014569481148371168,4.0,5.0,7.0,6.112333333333334,4.659333333333334,7.186666666666669,2.275871973247332,2.8184534122902103,3.9717786767025776,6.361727942099182,3.0525987707294022,5.331017528093952
40,4,1.1428571428571428,1.6582280766035322,0.6455695060159903,"(0, 1, 1, 0, 0, 1, 0, 1, 1, 0, 1, 1, 1, 1, 0, 0, 1, 1, 0, 0, 1, 1, 1, 0, 0)",7.0,11.0,9.0,13.0,10.874333333333333,14.664,14.316,18.246666666666666,0.0,2.3082350578757107,1.6819131009643529,3.2663039662680107,2.0,18.0,1.0,2.0,0.14788478474290465,0.03445506519090589,0.08362472915347786,0.031248148998230335,4.0,2.0,6.0,3.789666666666667,3.441666666666668,7.372333333333334,2.3082350578757107,1.6819131009643529,3.2663039662680107,2.456551487265104,2.918072770550758,6.80873317982635
40,5,1.4285714285714284,1.6582280766035322,1.3733090674415505,"(0, 0, 0, 1, 0, 0, 1, 1, 0, 1, 0, 0, 1, 1, 1, 0, 1, 0, 1, 1, 0, 0, 0, 0, 0)",7.0,11.0,12.0,14.0,9.726,16.788333333333334,17.614333333333335,18.603,0.0,1.9929414138659551,1.7653311855957132,2.6180104873416563,1.0,6.0,2.0,32.0,0.07865539655862507,0.08059320149779915,0.02453481863567561,0.039561509474673524,4.0,5.0,7.0,7.062333333333333,7.888333333333334,8.877,1.9929414138659551,1.7653311855957132,2.6180104873416563,8.406208012167879,10.153334074482252,10.378832141057124
40,6,1.7142857142857142,1.6582280766035322,-0.560723274904043,"(0, 1, 1, 1, 0, 0, 0, 1, 0, 0, 1, 1, 1, 0, 0, 0, 0, 1, 0, 0, 1, 0, 0, 1, 0)",6.0,9.0,10.0,12.0,8.842,13.196666666666667,15.676666666666666,17.986333333333334,0.0,2.871848356356845,2.441528958100025,4.399380423389409,2.0,2.0,4.0,2.0,0.22942983135679934,0.07609256102470041,0.033050932030565174,0.02814534867036334,3.0,4.0,6.0,4.354666666666667,6.834666666666665,9.144333333333334,2.871848356356845,2.441528958100025,4.399380423389409,2.458850954657555,7.284824292730909,7.868214137430648
40,7,2.0,1.6582280766035322,0.5643912253402952,"(0, 0, 0, 1, 0, 1, 1, 1, 1, 1, 0, 0, 0, 0, 0, 0, 1, 1, 1, 0, 0, 1, 0, 1, 1)",6.0,10.0,10.0,14.0,7.929666666666667,14.662,14.675333333333333,17.563333333333333,0.0,2.8384534853696897,2.747905020008934,4.416202225988732,1.0,1.0,8.0,16.0,0.19799491097915536,0.046327854482782684,0.017451285809556658,0.02640431720641049,4.0,4.0,8.0,6.732333333333334,6.745666666666666,9.633666666666667,2.8384534853696897,2.747905020008934,4.416202225988732,6.456940890814009,6.629200606056621,8.651746024212695
41,0,0.0,1.6582280766035322,-0.05838816210630471,"(0, 0, 0, 0, 1, 0, 0, 0, 1, 0, 0, 1, 1, 0, 0, 0, 1, 0, 1, 1, 1, 0, 0, 0, 0)",6.0,10.0,10.0,11.0,7.327333333333334,12.018,15.174666666666667,15.396333333333333,0.0,2.540727846593729,2.483187332335586,3.79322436236519,4.0,19.0,3.0,5.0,0.23346420608110127,0.009363921843565512,0.03319853479579023,0.052541060371966396,4.0,4.0,5.0,4.690666666666667,7.847333333333333,8.068999999999999,2.540727846593729,2.483187332335586,3.79322436236519,3.5650889144248157,8.894977505855024,7.090211211583411
41,1,0.2857142857142857,1.6582280766035322,0.256043064860511,"(0, 0, 0, 0, 0, 1, 1, 1, 0, 1, 1, 0, 0, 0, 0, 1, 0, 0, 0, 1, 0, 0, 1, 0, 0)",6.0,11.0,11.0,12.0,8.191,15.315,15.683,15.541333333333334,0.0,2.391155674084089,2.205572315177544,4.206307401003535,3.0,15.0,20.0,9.0,0.12817835688059417,0.0837887757958487,0.04033599407794649,0.045543679366636274,5.0,5.0,6.0,7.123999999999999,7.491999999999999,7.350333333333333,2.391155674084089,2.205572315177544,4.206307401003535,7.848135343427479,8.766102811906803,5.213512074558869
41,2,0.5714285714285714,1.6582280766035322,-0.8715820800467036,"(0, 0, 0, 0, 1, 0, 1, 1, 0, 1, 0, 0, 0, 0, 0, 1, 1, 0, 0, 0, 0, 0, 1, 0, 1)",5.0,9.0,9.0,12.0,6.13,13.884,11.980666666666666,15.813,0.0,3.453177058123026,3.218675970956677,4.906217835003278,1.0,1.0,2.0,1.0,0.2297338280724754,0.026583456894660684,0.0212320392362325,0.014045620960624878,4.0,4.0,7.0,7.7540000000000004,5.850666666666666,9.683,3.453177058123026,3.218675970956677,4.906217835003278,7.131745354721001,4.364440868985568,7.92099430181657
41,3,0.8571428571428571,1.6582280766035322,0.8870905748334617,"(0, 0, 0, 0, 0, 1, 1, 0, 1, 1, 0, 0, 1, 0, 0, 1, 0, 1, 1, 0, 0, 0, 1, 1, 0)",6.0,10.0,11.0,13.0,10.547333333333333,16.659666666666666,15.206666666666667,17.734,0.0,2.275871973247332,2.8184534122902103,3.9717786767025776,1.0,7.0,20.0,2.0,0.22314770937601913,0.018219798161004847,0.05332457906963607,0.014569481148371168,4.0,5.0,7.0,6.112333333333334,4.659333333333334,7.186666666666669,2.275871973247332,2.8184534122902103,3.9717786767025776,6.361727942099182,3.0525987707294022,5.331017528093952
41,4,1.1428571428571428,1.6582280766035322,0.6455695060159903,"(0, 1, 1, 0, 0, 1, 0, 1, 1, 0, 1, 1, 1, 1, 0, 0, 1, 1, 0, 0, 1, 1, 1, 0, 0)",7.0,11.0,9.0,13.0,10.874333333333333,14.664,14.316,18.246666666666666,0.0,2.3082350578757107,1.6819131009643529,3.2663039662680107,2.0,18.0,1.0,2.0,0.14788478474290465,0.03445506519090589,0.08362472915347786,0.031248148998230335,4.0,2.0,6.0,3.789666666666667,3.441666666666668,7.372333333333334,2.3082350578757107,1.6819131009643529,3.2663039662680107,2.456551487265104,2.918072770550758,6.80873317982635
41,5,1.4285714285714284,1.6582280766035322,-0.7733364943163687,"(0, 0, 0, 1, 0, 1, 1, 1, 0, 0, 0, 0, 1, 1, 1, 0, 1, 0, 1, 1, 0, 0, 0, 0, 0)",7.0,11.0,12.0,11.0,8.866333333333333,14.79,15.653,16.986,0.0,2.2687968667871563,2.063858301275366,3.748765425155809,11.0,12.0,8.0,1.0,0.13661242860064893,0.12375465274997854,0.03759613189260111,0.013502975414042292,4.0,5.0,4.0,5.923666666666666,6.786666666666667,8.119666666666667,2.2687968667871563,2.063858301275366,3.748765425155809,6.060607718490536,7.831493431909889,7.2479511587345415
41,6,1.7142857142857142,1.6582280766035322,-0.43303421039821255,"(0, 1, 1, 1, 0, 0, 0, 1, 0, 0, 0, 0, 1, 0, 0, 0, 0, 1, 0, 0, 1, 0, 0, 1, 0)",5.0,10.0,8.0,12.0,7.318333333333333,13.995666666666667,10.270666666666667,15.856,0.0,3.496742394646682,3.7550851166033086,4.80618983247127,2.0,10.0,3.0,5.0,0.08114063711846027,0.017636846550242995,0.10502034196846524,0.02283216095428928,5.0,3.0,7.0,6.677333333333333,2.9523333333333337,8.537666666666667,3.496742394646682,3.7550851166033086,4.80618983247127,5.274145194720989,-1.331145545561826,6.1876396536584695
41,7,2.0,1.6582280766035322,0.5643912253402952,"(0, 0, 0, 1, 0, 1, 1, 1, 1, 1, 0, 0, 0, 0, 0, 0, 1, 1, 1, 0, 0, 1, 0, 1, 1)",6.0,10.0,10.0,14.0,7.929666666666667,14.662,14.675333333333333,17.563333333333333,0.0,2.8384534853696897,2.747905020008934,4.416202225988732,1.0,1.0,8.0,16.0,0.19799491097915536,0.046327854482782684,0.017451285809556658,0.02640431720641049,4.0,4.0,8.0,6.732333333333334,6.745666666666666,9.633666666666667,2.8384534853696897,2.747905020008934,4.416202225988732,6.456940890814009,6.629200606056621,8.651746024212695
42,0,0.0,1.6582280766035322,-0.05838816210630471,"(0, 0, 0, 0, 1, 0, 0, 0, 1, 0, 0, 1, 1, 0, 0, 0, 1, 0, 1, 1, 1, 0, 0, 0, 0)",6.0,10.0,10.0,11.0,7.327333333333334,12.018,15.174666666666667,15.396333333333333,0.0,2.540727846593729,2.483187332335586,3.79322436236519,4.0,19.0,3.0,5.0,0.23346420608110127,0.009363921843565512,0.03319853479579023,0.052541060371966396,4.0,4.0,5.0,4.690666666666667,7.847333333333333,8.068999999999999,2.540727846593729,2.483187332335586,3.79322436236519,3.5650889144248157,8.894977505855024,7.090211211583411
42,1,0.2857142857142857,1.6582280766035322,0.3818520599385318,"(0, 0, 0, 0, 0, 1, 1, 1, 0, 1, 0, 0, 0, 0, 1, 1, 0, 0, 0, 1, 0, 0, 1, 0, 0)",5.0,9.0,9.0,12.0,6.729666666666667,12.667333333333334,12.683,15.007333333333333,0.0,4.339831610682936,3.8124505956755885,4.728916404101548,1.0,3.0,5.0,24.0,0.22349599975953152,0.0906441093068381,0.03731814246019074,0.0383273725429046,4.0,4.0,7.0,5.937666666666667,5.953333333333333,8.277666666666667,4.339831610682936,3.8124505956755885,4.728916404101548,2.6495749516135985,3.5500718642999063,5.884637322239637
42,2,0.5714285714285714,1.6582280766035322,-0.8715820800467036,"(0, 0, 0, 0, 1, 0, 1, 1, 0, 1, 0, 0, 0, 0, 0, 1, 1, 0, 0, 0, 0, 0, 1, 0, 1)",5.0,9.0,9.0,12.0,6.13,13.884,11.980666666666666,15.813,0.0,3.453177058123026,3.218675970956677,4.906217835003278,1.0,1.0,2.0,1.0,0.2297338280724754,0.026583456894660684,0.0212320392362325,0.014045620960624878,4.0,4.0,7.0,7.7540000000000004,5.850666666666666,9.683,3.453177058123026,3.218675970956677,4.906217835003278,7.131745354721001,4.364440868985568,7.92099430181657
42,3,0.8571428571428571,1.6582280766035322,0.8870905748334617,"(0, 0, 0, 0, 0, 1, 1, 0, 1, 1, 0, 0, 1, 0, 0, 1, 0, 1, 1, 0, 0, 0, 1, 1, 0)",6.0,10.0,11.0,13.0,10.547333333333333,16.659666666666666,15.206666666666667,17.734,0.0,2.275871973247332,2.8184534122902103,3.9717786767025776,1.0,7.0,20.0,2.0,0.22314770937601913,0.018219798161004847,0.05332457906963607,0.014569481148371168,4.0,5.0,7.0,6.112333333333334,4.659333333333334,7.186666666666669,2.275871973247332,2.8184534122902103,3.9717786767025776,6.361727942099182,3.0525987707294022,5.331017528093952
42,4,1.1428571428571428,1.6582280766035322,0.6455695060159903,"(0, 1, 1, 0, 0, 1, 0, 1, 1, 0, 1, 1, 1, 1, 0, 0, 1, 1, 0, 0, 1, 1, 1, 0, 0)",7.0,11.0,9.0,13.0,10.874333333333333,14.664,14.316,18.246666666666666,0.0,2.3082350578757107,1.6819131009643529,3.2663039662680107,2.0,18.0,1.0,2.0,0.14788478474290465,0.03445506519090589,0.08362472915347786,0.031248148998230335,4.0,2.0,6.0,3.789666666666667,3.441666666666668,7.372333333333334,2.3082350578757107,1.6819131009643529,3.2663039662680107,2.456551487265104,2.918072770550758,6.80873317982635
42,5,1.4285714285714284,1.6582280766035322,0.4149288538828044,"(1, 0, 0, 1, 0, 1, 1, 1, 0, 0, 0, 0, 1, 1, 1, 0, 1, 0, 1, 1, 1, 0, 0, 0, 0)",8.0,12.0,14.0,14.0,10.881,15.483666666666666,18.222666666666665,18.195666666666668,0.0,1.6338152743646472,1.492276295648332,2.575126866805049,5.0,12.0,27.0,6.0,0.1232566740539669,0.017142954023671837,0.02993578057976851,0.03617756737838977,4.0,6.0,6.0,4.602666666666666,7.341666666666665,7.3146666666666675,1.6338152743646472,1.492276295648332,2.575126866805049,4.923032733978696,9.699623344236953,7.859237966310421
42,6,1.7142857142857142,1.6582280766035322,-0.012778389913150834,"(0, 1, 1, 0, 0, 0, 0, 1, 0, 0, 0, 0, 1, 0, 0, 0, 0, 1, 0, 0, 1, 0, 0, 0, 0)",4.0,9.0,8.0,12.0,4.954666666666666,13.357333333333333,10.756333333333334,15.718333333333334,0.0,4.281765990867201,4.312830130168906,6.22435254547363,2.0,16.0,7.0,34.0,0.22927382201109794,0.05342355768909493,0.03709114003249066,0.01659599066787182,5.0,4.0,8.0,8.402666666666667,5.801666666666668,10.763666666666667,4.281765990867201,4.312830130168906,6.22435254547363,6.833393201505144,2.468830546293748,7.5272181242851826
42,7,2.0,1.6582280766035322,0.5643912253402952,"(0, 0, 0, 1, 0, 1, 1, 1, 1, 1, 0, 0, 0, 0, 0, 0, 1, 1, 1, 0, 0, 1, 0, 1, 1)",6.0,10.0,10.0,14.0,7.929666666666667,14.662,14.675333333333333,17.563333333333333,0.0,2.8384534853696897,2.747905020008934,4.416202225988732,1.0,1.0,8.0,16.0,0.19799491097915536,0.046327854482782684,0.017451285809556658,0.02640431720641049,4.0,4.0,8.0,6.732333333333334,6.745666666666666,9.633666666666667,2.8384534853696897,2.747905020008934,4.416202225988732,6.456940890814009,6.629200606056621,8.651746024212695
43,0,0.0,1.6582280766035322,-0.05838816210630471,"(0, 0, 0, 0, 1, 0, 0, 0, 1, 0, 0, 1, 1, 0, 0, 0, 1, 0, 1, 1, 1, 0, 0, 0, 0)",6.0,10.0,10.0,11.0,7.327333333333334,12.018,15.174666666666667,15.396333333333333,0.0,2.540727846593729,2.483187332335586,3.79322436236519,4.0,19.0,3.0,5.0,0.23346420608110127,0.009363921843565512,0.03319853479579023,0.052541060371966396,4.0,4.0,5.0,4.690666666666667,7.847333333333333,8.068999999999999,2.540727846593729,2.483187332335586,3.79322436236519,3.5650889144248157,8.894977505855024,7.090211211583411
43,1,0.2857142857142857,1.6582280766035322,-0.2539128124903296,"(0, 0, 0, 0, 0, 1, 1, 1, 0, 1, 0, 0, 1, 0, 1, 1, 0, 1, 0, 1, 0, 0, 1, 0, 0)",5.0,9.0,8.0,12.0,7.615,11.987,11.36,16.38233333333333,0.0,3.5536472548087934,3.7593320229550544,5.580140150091361,1.0,4.0,2.0,7.0,0.18349188305918807,0.01999087829648543,0.046298641164273374,0.011068173645778818,4.0,3.0,7.0,4.372,3.744999999999999,8.767333333333331,3.5536472548087934,3.7593320229550544,5.580140150091361,1.3570154986416347,-0.023765762858598858,5.285093222011223
43,2,0.5714285714285714,1.6582280766035322,-0.4472519452819099,"(0, 0, 0, 0, 1, 0, 0, 0, 0, 1, 0, 0, 0, 0, 0, 1, 1, 0, 0, 0, 0, 0, 1, 0, 1)",4.0,8.0,9.0,12.0,6.429,11.33,12.865666666666666,16.647666666666666,0.0,5.1874717415516445,4.845489837886775,6.466886826433302,1.0,1.0,12.0,3.0,0.20580957778622302,0.04025298116494147,0.09432270741321888,0.01812012432500395,4.0,5.0,8.0,4.901,6.436666666666666,10.218666666666666,5.1874717415516445,4.845489837886775,6.466886826433302,-0.4750354849944479,2.6385340923237863,6.221306668310079
43,3,0.8571428571428571,1.6582280766035322,0.8870905748334617,"(0, 0, 0, 0, 0, 1, 1, 0, 1, 1, 0, 0, 1, 0, 0, 1, 0, 1, 1, 0, 0, 0, 1, 1, 0)",6.0,10.0,11.0,13.0,10.547333333333333,16.659666666666666,15.206666666666667,17.734,0.0,2.275871973247332,2.8184534122902103,3.9717786767025776,1.0,7.0,20.0,2.0,0.22314770937601913,0.018219798161004847,0.05332457906963607,0.014569481148371168,4.0,5.0,7.0,6.112333333333334,4.659333333333334,7.186666666666669,2.275871973247332,2.8184534122902103,3.9717786767025776,6.361727942099182,3.0525987707294022,5.331017528093952
43,4,1.1428571428571428,1.6582280766035322,0.6455695060159903,"(0, 1, 1, 0, 0, 1, 0, 1, 1, 0, 1, 1, 1, 1, 0, 0, 1, 1, 0, 0, 1, 1, 1, 0, 0)",7.0,11.0,9.0,13.0,10.874333333333333,14.664,14.316,18.246666666666666,0.0,2.3082350578757107,1.6819131009643529,3.2663039662680107,2.0,18.0,1.0,2.0,0.14788478474290465,0.03445506519090589,0.08362472915347786,0.031248148998230335,4.0,2.0,6.0,3.789666666666667,3.441666666666668,7.372333333333334,2.3082350578757107,1.6819131009643529,3.2663039662680107,2.456551487265104,2.918072770550758,6.80873317982635
43,5,1.4285714285714284,1.6582280766035322,0.4149288538828044,"(1, 0, 0, 1, 0, 1, 1, 1, 0, 0, 0, 0, 1, 1, 1, 0, 1, 0, 1, 1, 1, 0, 0, 0, 0)",8.0,12.0,14.0,14.0,10.881,15.483666666666666,18.222666666666665,18.195666666666668,0.0,1.6338152743646472,1.492276295648332,2.575126866805049,5.0,12.0,27.0,6.0,0.1232566740539669,0.017142954023671837,0.02993578057976851,0.03617756737838977,4.0,6.0,6.0,4.602666666666666,7.341666666666665,7.3146666666666675,1.6338152743646472,1.492276295648332,2.575126866805049,4.923032733978696,9.699623344236953,7.859237966310421
43,6,1.7142857142857142,1.6582280766035322,-0.012778389913150834,"(0, 1, 1, 0, 0, 0, 0, 1, 0, 0, 0, 0, 1, 0, 0, 0, 0, 1, 0, 0, 1, 0, 0, 0, 0)",4.0,9.0,8.0,12.0,4.954666666666666,13.357333333333333,10.756333333333334,15.718333333333334,0.0,4.281765990867201,4.312830130168906,6.22435254547363,2.0,16.0,7.0,34.0,0.22927382201109794,0.05342355768909493,0.03709114003249066,0.01659599066787182,5.0,4.0,8.0,8.402666666666667,5.801666666666668,10.763666666666667,4.281765990867201,4.312830130168906,6.22435254547363,6.833393201505144,2.468830546293748,7.5272181242851826
43,7,2.0,1.6582280766035322,0.5643912253402952,"(0, 0, 0, 1, 0, 1, 1, 1, 1, 1, 0, 0, 0, 0, 0, 0, 1, 1, 1, 0, 0, 1, 0, 1, 1)",6.0,10.0,10.0,14.0,7.929666666666667,14.662,14.675333333333333,17.563333333333333,0.0,2.8384534853696897,2.747905020008934,4.416202225988732,1.0,1.0,8.0,16.0,0.19799491097915536,0.046327854482782684,0.017451285809556658,0.02640431720641049,4.0,4.0,8.0,6.732333333333334,6.745666666666666,9.633666666666667,2.8384534853696897,2.747905020008934,4.416202225988732,6.456940890814009,6.629200606056621,8.651746024212695
44,0,0.0,1.6582280766035322,-0.05838816210630471,"(0, 0, 0, 0, 1, 0, 0, 0, 1, 0, 0, 1, 1, 0, 0, 0, 1, 0, 1, 1, 1, 0, 0, 0, 0)",6.0,10.0,10.0,11.0,7.327333333333334,12.018,15.174666666666667,15.396333333333333,0.0,2.540727846593729,2.483187332335586,3.79322436236519,4.0,19.0,3.0,5.0,0.23346420608110127,0.009363921843565512,0.03319853479579023,0.052541060371966396,4.0,4.0,5.0,4.690666666666667,7.847333333333333,8.068999999999999,2.540727846593729,2.483187332335586,3.79322436236519,3.5650889144248157,8.894977505855024,7.090211211583411
44,1,0.2857142857142857,1.6582280766035322,-0.2539128124903296,"(0, 0, 0, 0, 0, 1, 1, 1, 0, 1, 0, 0, 1, 0, 1, 1, 0, 1, 0, 1, 0, 0, 1, 0, 0)",5.0,9.0,8.0,12.0,7.615,11.987,11.36,16.38233333333333,0.0,3.5536472548087934,3.7593320229550544,5.580140150091361,1.0,4.0,2.0,7.0,0.18349188305918807,0.01999087829648543,0.046298641164273374,0.011068173645778818,4.0,3.0,7.0,4.372,3.744999999999999,8.767333333333331,3.5536472548087934,3.7593320229550544,5.580140150091361,1.3570154986416347,-0.023765762858598858,5.285093222011223
44,2,0.5714285714285714,1.6582280766035322,-1.14658040965783,"(0, 0, 0, 0, 1, 0, 0, 0, 0, 1, 0, 0, 0, 0, 0, 1, 1, 0, 0, 0, 0, 1, 0, 0, 1)",4.0,7.0,8.0,10.0,5.061,10.192666666666666,11.176666666666666,14.937666666666667,0.0,3.7571947512118764,3.6326894597935606,6.046332549072036,3.0,1.0,5.0,2.0,0.3162616087382131,0.07295280403982242,0.04848048680753455,0.020772984247371413,3.0,4.0,6.0,5.131666666666666,6.115666666666666,9.876666666666667,3.7571947512118764,3.6326894597935606,6.046332549072036,2.2791879207101684,4.1173425180036,6.351567576567832
44,3,0.8571428571428571,1.6582280766035322,0.2770407627842776,"(0, 0, 0, 0, 0, 1, 1, 0, 1, 1, 0, 0, 1, 0, 0, 1, 0, 1, 0, 1, 0, 0, 1, 1, 0)",5.0,9.0,10.0,12.0,6.167,11.522,12.729333333333333,18.646333333333335,0.0,2.226263316622276,2.3675351363706936,3.391454124160561,1.0,2.0,7.0,3.0,0.19045285948524351,0.029725746155527907,0.11935101883748103,0.05367158612435061,4.0,5.0,7.0,5.355,6.562333333333333,12.479333333333335,2.226263316622276,2.3675351363706936,3.391454124160561,5.188159012676359,6.955932145889323,15.069776461431799
44,4,1.1428571428571428,1.6582280766035322,0.6455695060159903,"(0, 1, 1, 0, 0, 1, 0, 1, 1, 0, 1, 1, 1, 1, 0, 0, 1, 1, 0, 0, 1, 1, 1, 0, 0)",7.0,11.0,9.0,13.0,10.874333333333333,14.664,14.316,18.246666666666666,0.0,2.3082350578757107,1.6819131009643529,3.2663039662680107,2.0,18.0,1.0,2.0,0.14788478474290465,0.03445506519090589,0.08362472915347786,0.031248148998230335,4.0,2.0,6.0,3.789666666666667,3.441666666666668,7.372333333333334,2.3082350578757107,1.6819131009643529,3.2663039662680107,2.456551487265104,2.918072770550758,6.80873317982635
44,5,1.4285714285714284,1.6582280766035322,0.4149288538828044,"(1, 0, 0, 1, 0, 1, 1, 1, 0, 0, 0, 0, 1, 1, 1, 0, 1, 0, 1, 1, 1, 0, 0, 0, 0)",8.0,12.0,14.0,14.0,10.881,15.483666666666666,18.222666666666665,18.195666666666668,0.0,1.6338152743646472,1.492276295648332,2.575126866805049,5.0,12.0,27.0,6.0,0.1232566740539669,0.017142954023671837,0.02993578057976851,0.03617756737838977,4.0,6.0,6.0,4.602666666666666,7.341666666666665,7.3146666666666675,1.6338152743646472,1.492276295648332,2.575126866805049,4.923032733978696,9.699623344236953,7.859237966310421
44,6,1.7142857142857142,1.6582280766035322,-0.8320646625056012,"(1, 1, 1, 0, 1, 0, 0, 1, 0, 0, 0, 0, 1, 0, 0, 0, 0, 1, 0, 0, 1, 0, 0, 0, 0)",5.0,9.0,8.0,12.0,6.669333333333333,15.850666666666667,11.697,16.245666666666665,0.0,4.172064991221673,3.1198824271039203,5.6234659647817296,3.0,3.0,1.0,6.0,0.2750605861299715,0.01253126528487688,0.0348138978153054,0.01712209464907868,4.0,3.0,7.0,9.181333333333335,5.027666666666666,9.57633333333333,4.172064991221673,3.1198824271039203,5.6234659647817296,8.306509408130784,3.163541390144664,6.554755653622188
44,7,2.0,1.6582280766035322,1.2857816641053683,"(1, 1, 0, 1, 0, 1, 1, 1, 1, 1, 0, 0, 0, 0, 0, 0, 1, 1, 1, 0, 0, 1, 0, 1, 1)",7.0,13.0,11.0,14.0,9.287666666666667,16.227666666666668,16.014,18.697,0.0,1.5526265852584975,1.963240706538345,2.853801307456475,1.0,24.0,9.0,5.0,0.10052123337178469,0.08319120860844223,0.04442320157280088,0.01656085159827466,6.0,4.0,7.0,6.940000000000001,6.726333333333333,9.409333333333333,1.5526265852584975,1.963240706538345,2.853801307456475,8.933493855471808,7.898293925214719,10.870567262382638
45,0,0.0,1.6582280766035322,-0.9037460990050935,"(0, 0, 0, 0, 1, 0, 0, 0, 1, 0, 0, 1, 1, 0, 0, 0, 1, 0, 0, 0, 1, 0, 0, 0, 0)",5.0,10.0,9.0,10.0,6.1626666666666665,15.807666666666666,14.342666666666666,13.568666666666667,0.0,4.027347742025203,4.186500787866328,5.579550557886346,4.0,13.0,7.0,7.0,0.27277653410865155,0.011096859361103955,0.008329153944487508,0.03783660333858128,5.0,4.0,5.0,9.645,8.18,7.406000000000001,4.027347742025203,4.186500787866328,5.579550557886346,9.315348698769037,6.62213251745414,3.0286697454097196
45,1,0.2857142857142857,1.6582280766035322,-0.2539128124903296,"(0, 0, 0, 0, 0, 1, 1, 1, 0, 1, 0, 0, 1, 0, 1, 1, 0, 1, 0, 1, 0, 0, 1, 0, 0)",5.0,9.0,8.0,12.0,7.615,11.987,11.36,16.38233333333333,0.0,3.5536472548087934,3.7593320229550544,5.580140150091361,1.0,4.0,2.0,7.0,0.18349188305918807,0.01999087829648543,0.046298641164273374,0.011068173645778818,4.0,3.0,7.0,4.372,3.744999999999999,8.767333333333331,3.5536472548087934,3.7593320229550544,5.580140150091361,1.3570154986416347,-0.023765762858598858,5.285093222011223
45,2,0.5714285714285714,1.6582280766035322,-0.32014283882660066,"(0, 0, 0, 0, 1, 1, 1, 0, 0, 1, 0, 0, 0, 0, 0, 1, 1, 0, 0, 0, 0, 1, 0, 0, 1)",5.0,9.0,9.0,11.0,7.958333333333333,13.003333333333334,13.666,15.314,0.0,2.8797986387463372,3.4122372493873243,5.127572858473442,3.0,6.0,12.0,5.0,0.23599906381800645,0.02643690036512695,0.07388158623310255,0.0071509953107502,4.0,4.0,6.0,5.045000000000001,5.707666666666667,7.355666666666667,2.8797986387463372,3.4122372493873243,5.127572858473442,3.5903976887310125,3.806345507594292,3.69468771005249
45,3,0.8571428571428571,1.6582280766035322,0.2770407627842776,"(0, 0, 0, 0, 0, 1, 1, 0, 1, 1, 0, 0, 1, 0, 0, 1, 0, 1, 0, 1, 0, 0, 1, 1, 0)",5.0,9.0,10.0,12.0,6.167,11.522,12.729333333333333,18.646333333333335,0.0,2.226263316622276,2.3675351363706936,3.391454124160561,1.0,2.0,7.0,3.0,0.19045285948524351,0.029725746155527907,0.11935101883748103,0.05367158612435061,4.0,5.0,7.0,5.355,6.562333333333333,12.479333333333335,2.226263316622276,2.3675351363706936,3.391454124160561,5.188159012676359,6.955932145889323,15.069776461431799
45,4,1.1428571428571428,1.6582280766035322,0.6455695060159903,"(0, 1, 1, 0, 0, 1, 0, 1, 1, 0, 1, 1, 1, 1, 0, 0, 1, 1, 0, 0, 1, 1, 1, 0, 0)",7.0,11.0,9.0,13.0,10.874333333333333,14.664,14.316,18.246666666666666,0.0,2.3082350578757107,1.6819131009643529,3.2663039662680107,2.0,18.0,1.0,2.0,0.14788478474290465,0.03445506519090589,0.08362472915347786,0.031248148998230335,4.0,2.0,6.0,3.789666666666667,3.441666666666668,7.372333333333334,2.3082350578757107,1.6819131009643529,3.2663039662680107,2.456551487265104,2.918072770550758,6.80873317982635
45,5,1.4285714285714284,1.6582280766035322,0.4149288538828044,"(1, 0, 0, 1, 0, 1, 1, 1, 0, 0, 0, 0, 1, 1, 1, 0, 1, 0, 1, 1, 1, 0, 0, 0, 0)",8.0,12.0,14.0,14.0,10.881,15.483666666666666,18.222666666666665,18.195666666666668,0.0,1.6338152743646472,1.492276295648332,2.575126866805049,5.0,12.0,27.0,6.0,0.1232566740539669,0.017142954023671837,0.02993578057976851,0.03617756737838977,4.0,6.0,6.0,4.602666666666666,7.341666666666665,7.3146666666666675,1.6338152743646472,1.492276295648332,2.575126866805049,4.923032733978696,9.699623344236953,7.859237966310421
45,6,1.7142857142857142,1.6582280766035322,-0.8320646625056012,"(1, 1, 1, 0, 1, 0, 0, 1, 0, 0, 0, 0, 1, 0, 0, 0, 0, 1, 0, 0, 1, 0, 0, 0, 0)",5.0,9.0,8.0,12.0,6.669333333333333,15.850666666666667,11.697,16.245666666666665,0.0,4.172064991221673,3.1198824271039203,5.6234659647817296,3.0,3.0,1.0,6.0,0.2750605861299715,0.01253126528487688,0.0348138978153054,0.01712209464907868,4.0,3.0,7.0,9.181333333333335,5.027666666666666,9.57633333333333,4.172064991221673,3.1198824271039203,5.6234659647817296,8.306509408130784,3.163541390144664,6.554755653622188
45,7,2.0,1.6582280766035322,1.2857816641053683,"(1, 1, 0, 1, 0, 1, 1, 1, 1, 1, 0, 0, 0, 0, 0, 0, 1, 1, 1, 0, 0, 1, 0, 1, 1)",7.0,13.0,11.0,14.0,9.287666666666667,16.227666666666668,16.014,18.697,0.0,1.5526265852584975,1.963240706538345,2.853801307456475,1.0,24.0,9.0,5.0,0.10052123337178469,0.08319120860844223,0.04442320157280088,0.01656085159827466,6.0,4.0,7.0,6.940000000000001,6.726333333333333,9.409333333333333,1.5526265852584975,1.963240706538345,2.853801307456475,8.933493855471808,7.898293925214719,10.870567262382638
46,0,0.0,1.6582280766035322,-1.1826924836490158,"(0, 0, 0, 0, 1, 0, 0, 1, 1, 0, 0, 1, 0, 0, 0, 0, 1, 0, 0, 0, 1, 0, 0, 0, 0)",4.0,8.0,8.0,10.0,5.216666666666667,12.630333333333333,11.830666666666668,15.205,0.0,2.9567312091225393,3.109352678817488,4.775475763541294,2.0,1.0,2.0,1.0,0.3689014404232347,0.03458682980528207,0.050817472602421754,0.011445123130648552,4.0,4.0,6.0,7.413666666666666,6.614000000000001,9.988333333333333,2.9567312091225393,3.109352678817488,4.775475763541294,7.390615511309481,5.8115045865782,8.644106781564416
46,1,0.2857142857142857,1.6582280766035322,-0.2539128124903296,"(0, 0, 0, 0, 0, 1, 1, 1, 0, 1, 0, 0, 1, 0, 1, 1, 0, 1, 0, 1, 0, 0, 1, 0, 0)",5.0,9.0,8.0,12.0,7.615,11.987,11.36,16.38233333333333,0.0,3.5536472548087934,3.7593320229550544,5.580140150091361,1.0,4.0,2.0,7.0,0.18349188305918807,0.01999087829648543,0.046298641164273374,0.011068173645778818,4.0,3.0,7.0,4.372,3.744999999999999,8.767333333333331,3.5536472548087934,3.7593320229550544,5.580140150091361,1.3570154986416347,-0.023765762858598858,5.285093222011223
46,2,0.5714285714285714,1.6582280766035322,-0.32014283882660066,"(0, 0, 0, 0, 1, 1, 1, 0, 0, 1, 0, 0, 0, 0, 0, 1, 1, 0, 0, 0, 0, 1, 0, 0, 1)",5.0,9.0,9.0,11.0,7.958333333333333,13.003333333333334,13.666,15.314,0.0,2.8797986387463372,3.4122372493873243,5.127572858473442,3.0,6.0,12.0,5.0,0.23599906381800645,0.02643690036512695,0.07388158623310255,0.0071509953107502,4.0,4.0,6.0,5.045000000000001,5.707666666666667,7.355666666666667,2.8797986387463372,3.4122372493873243,5.127572858473442,3.5903976887310125,3.806345507594292,3.69468771005249
46,3,0.8571428571428571,1.6582280766035322,0.2770407627842776,"(0, 0, 0, 0, 0, 1, 1, 0, 1, 1, 0, 0, 1, 0, 0, 1, 0, 1, 0, 1, 0, 0, 1, 1, 0)",5.0,9.0,10.0,12.0,6.167,11.522,12.729333333333333,18.646333333333335,0.0,2.226263316622276,2.3675351363706936,3.391454124160561,1.0,2.0,7.0,3.0,0.19045285948524351,0.029725746155527907,0.11935101883748103,0.05367158612435061,4.0,5.0,7.0,5.355,6.562333333333333,12.479333333333335,2.226263316622276,2.3675351363706936,3.391454124160561,5.188159012676359,6.955932145889323,15.069776461431799
46,4,1.1428571428571428,1.6582280766035322,0.6455695060159903,"(0, 1, 1, 0, 0, 1, 0, 1, 1, 0, 1, 1, 1, 1, 0, 0, 1, 1, 0, 0, 1, 1, 1, 0, 0)",7.0,11.0,9.0,13.0,10.874333333333333,14.664,14.316,18.246666666666666,0.0,2.3082350578757107,1.6819131009643529,3.2663039662680107,2.0,18.0,1.0,2.0,0.14788478474290465,0.03445506519090589,0.08362472915347786,0.031248148998230335,4.0,2.0,6.0,3.789666666666667,3.441666666666668,7.372333333333334,2.3082350578757107,1.6819131009643529,3.2663039662680107,2.456551487265104,2.918072770550758,6.80873317982635
46,5,1.4285714285714284,1.6582280766035322,0.047845010480207395,"(1, 0, 1, 1, 0, 1, 1, 1, 0, 0, 0, 0, 1, 1, 1, 0, 1, 0, 1, 1, 1, 0, 1, 0, 0)",8.0,13.0,13.0,15.0,9.660333333333334,16.616333333333333,17.154666666666667,18.83,0.0,1.528305906801646,1.9687312839475442,3.2471698567396476,4.0,11.0,12.0,9.0,0.18294697253470746,0.03273052687412345,0.017259435103250922,0.06152416110066932,5.0,5.0,7.0,6.9559999999999995,7.4943333333333335,9.169666666666664,1.528305906801646,1.9687312839475442,3.2471698567396476,9.000354736556659,9.162708458429533,9.820850493815833
46,6,1.7142857142857142,1.6582280766035322,-0.8320646625056012,"(1, 1, 1, 0, 1, 0, 0, 1, 0, 0, 0, 0, 1, 0, 0, 0, 0, 1, 0, 0, 1, 0, 0, 0, 0)",5.0,9.0,8.0,12.0,6.669333333333333,15.850666666666667,11.697,16.245666666666665,0.0,4.172064991221673,3.1198824271039203,5.6234659647817296,3.0,3.0,1.0,6.0,0.2750605861299715,0.01253126528487688,0.0348138978153054,0.01712209464907868,4.0,3.0,7.0,9.181333333333335,5.027666666666666,9.57633333333333,4.172064991221673,3.1198824271039203,5.6234659647817296,8.306509408130784,3.163541390144664,6.554755653622188
46,7,2.0,1.6582280766035322,1.2857816641053683,"(1, 1, 0, 1, 0, 1, 1, 1, 1, 1, 0, 0, 0, 0, 0, 0, 1, 1, 1, 0, 0, 1, 0, 1, 1)",7.0,13.0,11.0,14.0,9.287666666666667,16.227666666666668,16.014,18.697,0.0,1.5526265852584975,1.963240706538345,2.853801307456475,1.0,24.0,9.0,5.0,0.10052123337178469,0.08319120860844223,0.04442320157280088,0.01656085159827466,6.0,4.0,7.0,6.940000000000001,6.726333333333333,9.409333333333333,1.5526265852584975,1.963240706538345,2.853801307456475,8.933493855471808,7.898293925214719,10.870567262382638
47,0,0.0,1.6582280766035322,-0.6588498425748768,"(0, 0, 0, 0, 1, 0, 0, 1, 1, 0, 0, 1, 0, 0, 0, 0, 1, 0, 0, 0, 1, 0, 0, 1, 1)",5.0,9.0,9.0,11.0,6.298333333333333,12.052,11.894,15.122666666666667,0.0,2.7838240826238043,2.6868453772771095,4.506953363669959,3.0,6.0,5.0,4.0,0.2651282763403023,0.024083976801890748,0.06559599201375484,0.05476544271829887,4.0,4.0,6.0,5.753666666666667,5.595666666666667,8.824333333333335,2.7838240826238043,2.6868453772771095,4.506953363669959,4.92467635595266,4.823489131887853,7.159200683061516
47,1,0.2857142857142857,1.6582280766035322,-0.8013984979422792,"(0, 0, 0, 0, 0, 1, 1, 1, 0, 0, 0, 0, 1, 0, 0, 1, 0, 1, 0, 1, 0, 0, 1, 0, 0)",4.0,8.0,8.0,11.0,6.376,12.961333333333334,12.381333333333334,18.598333333333333,0.0,3.043217015695616,3.7487746375340127,5.703530743747067,1.0,2.0,1.0,1.0,0.2498848752454694,0.013896401877120114,0.01970175255010603,0.006996174501864393,4.0,4.0,7.0,6.585333333333334,6.005333333333334,12.222333333333331,3.043217015695616,3.7487746375340127,5.703530743747067,5.873636728502379,3.741888985878283,10.809661479887756
47,2,0.5714285714285714,1.6582280766035322,-0.32014283882660066,"(0, 0, 0, 0, 1, 1, 1, 0, 0, 1, 0, 0, 0, 0, 0, 1, 1, 0, 0, 0, 0, 1, 0, 0, 1)",5.0,9.0,9.0,11.0,7.958333333333333,13.003333333333334,13.666,15.314,0.0,2.8797986387463372,3.4122372493873243,5.127572858473442,3.0,6.0,12.0,5.0,0.23599906381800645,0.02643690036512695,0.07388158623310255,0.0071509953107502,4.0,4.0,6.0,5.045000000000001,5.707666666666667,7.355666666666667,2.8797986387463372,3.4122372493873243,5.127572858473442,3.5903976887310125,3.806345507594292,3.69468771005249
47,3,0.8571428571428571,1.6582280766035322,0.2770407627842776,"(0, 0, 0, 0, 0, 1, 1, 0, 1, 1, 0, 0, 1, 0, 0, 1, 0, 1, 0, 1, 0, 0, 1, 1, 0)",5.0,9.0,10.0,12.0,6.167,11.522,12.729333333333333,18.646333333333335,0.0,2.226263316622276,2.3675351363706936,3.391454124160561,1.0,2.0,7.0,3.0,0.19045285948524351,0.029725746155527907,0.11935101883748103,0.05367158612435061,4.0,5.0,7.0,5.355,6.562333333333333,12.479333333333335,2.226263316622276,2.3675351363706936,3.391454124160561,5.188159012676359,6.955932145889323,15.069776461431799
47,4,1.1428571428571428,1.6582280766035322,0.0049712786487250415,"(0, 1, 1, 0, 0, 0, 0, 1, 1, 0, 0, 1, 1, 1, 0, 0, 1, 1, 0, 0, 1, 1, 1, 0, 0)",6.0,10.0,9.0,12.0,8.468666666666667,13.519,14.843666666666667,17.484333333333332,0.0,2.7952750687305743,2.9428297304136786,3.7421785747404113,2.0,13.0,1.0,3.0,0.10094423793995401,0.08874259556243333,0.13843491794093818,0.020190322012089385,4.0,3.0,6.0,5.050333333333333,6.375,9.015666666666664,2.7952750687305743,2.9428297304136786,3.7421785747404113,3.7394009287411314,5.691321104711952,8.744646015666502
47,5,1.4285714285714284,1.6582280766035322,0.047845010480207395,"(1, 0, 1, 1, 0, 1, 1, 1, 0, 0, 0, 0, 1, 1, 1, 0, 1, 0, 1, 1, 1, 0, 1, 0, 0)",8.0,13.0,13.0,15.0,9.660333333333334,16.616333333333333,17.154666666666667,18.83,0.0,1.528305906801646,1.9687312839475442,3.2471698567396476,4.0,11.0,12.0,9.0,0.18294697253470746,0.03273052687412345,0.017259435103250922,0.06152416110066932,5.0,5.0,7.0,6.9559999999999995,7.4943333333333335,9.169666666666664,1.528305906801646,1.9687312839475442,3.2471698567396476,9.000354736556659,9.162708458429533,9.820850493815833
47,6,1.7142857142857142,1.6582280766035322,-0.8320646625056012,"(1, 1, 1, 0, 1, 0, 0, 1, 0, 0, 0, 0, 1, 0, 0, 0, 0, 1, 0, 0, 1, 0, 0, 0, 0)",5.0,9.0,8.0,12.0,6.669333333333333,15.850666666666667,11.697,16.245666666666665,0.0,4.172064991221673,3.1198824271039203,5.6234659647817296,3.0,3.0,1.0,6.0,0.2750605861299715,0.01253126528487688,0.0348138978153054,0.01712209464907868,4.0,3.0,7.0,9.181333333333335,5.027666666666666,9.57633333333333,4.172064991221673,3.1198824271039203,5.6234659647817296,8.306509408130784,3.163541390144664,6.554755653622188
47,7,2.0,1.6582280766035322,1.2857816641053683,"(1, 1, 0, 1, 0, 1, 1, 1, 1, 1, 0, 0, 0, 0, 0, 0, 1, 1, 1, 0, 0, 1, 0, 1, 1)",7.0,13.0,11.0,14.0,9.287666666666667,16.227666666666668,16.014,18.697,0.0,1.5526265852584975,1.963240706538345,2.853801307456475,1.0,24.0,9.0,5.0,0.10052123337178469,0.08319120860844223,0.04442320157280088,0.01656085159827466,6.0,4.0,7.0,6.940000000000001,6.726333333333333,9.409333333333333,1.5526265852584975,1.963240706538345,2.853801307456475,8.933493855471808,7.898293925214719,10.870567262382638
48,0,0.0,1.6582280766035322,-0.6588498425748768,"(0, 0, 0, 0, 1, 0, 0, 1, 1, 0, 0, 1, 0, 0, 0, 0, 1, 0, 0, 0, 1, 0, 0, 1, 1)",5.0,9.0,9.0,11.0,6.298333333333333,12.052,11.894,15.122666666666667,0.0,2.7838240826238043,2.6868453772771095,4.506953363669959,3.0,6.0,5.0,4.0,0.2651282763403023,0.024083976801890748,0.06559599201375484,0.05476544271829887,4.0,4.0,6.0,5.753666666666667,5.595666666666667,8.824333333333335,2.7838240826238043,2.6868453772771095,4.506953363669959,4.92467635595266,4.823489131887853,7.159200683061516
48,1,0.2857142857142857,1.6582280766035322,-0.8013984979422792,"(0, 0, 0, 0, 0, 1, 1, 1, 0, 0, 0, 0, 1, 0, 0, 1, 0, 1, 0, 1, 0, 0, 1, 0, 0)",4.0,8.0,8.0,11.0,6.376,12.961333333333334,12.381333333333334,18.598333333333333,0.0,3.043217015695616,3.7487746375340127,5.703530743747067,1.0,2.0,1.0,1.0,0.2498848752454694,0.013896401877120114,0.01970175255010603,0.006996174501864393,4.0,4.0,7.0,6.585333333333334,6.005333333333334,12.222333333333331,3.043217015695616,3.7487746375340127,5.703530743747067,5.873636728502379,3.741888985878283,10.809661479887756
48,2,0.5714285714285714,1.6582280766035322,-0.32014283882660066,"(0, 0, 0, 0, 1, 1, 1, 0, 0, 1, 0, 0, 0, 0, 0, 1, 1, 0, 0, 0, 0, 1, 0, 0, 1)",5.0,9.0,9.0,11.0,7.958333333333333,13.003333333333334,13.666,15.314,0.0,2.8797986387463372,3.4122372493873243,5.127572858473442,3.0,6.0,12.0,5.0,0.23599906381800645,0.02643690036512695,0.07388158623310255,0.0071509953107502,4.0,4.0,6.0,5.045000000000001,5.707666666666667,7.355666666666667,2.8797986387463372,3.4122372493873243,5.127572858473442,3.5903976887310125,3.806345507594292,3.69468771005249
48,3,0.8571428571428571,1.6582280766035322,0.3101655594990653,"(0, 0, 0, 0, 0, 1, 1, 0, 1, 1, 0, 0, 1, 0, 1, 1, 0, 1, 0, 0, 0, 0, 1, 1, 0)",6.0,10.0,11.0,13.0,7.511666666666667,13.851333333333333,15.333333333333334,16.213333333333335,0.0,3.1887633789303895,2.8214290104498922,4.025956672916495,2.0,7.0,22.0,17.0,0.14664126608413589,0.09150520931855714,0.10548719925817886,0.056922780173473464,4.0,5.0,7.0,6.339666666666666,7.821666666666667,8.701666666666668,3.1887633789303895,2.8214290104498922,4.025956672916495,5.224916298386672,8.291534471228898,7.753393589692263
48,4,1.1428571428571428,1.6582280766035322,0.0049712786487250415,"(0, 1, 1, 0, 0, 0, 0, 1, 1, 0, 0, 1, 1, 1, 0, 0, 1, 1, 0, 0, 1, 1, 1, 0, 0)",6.0,10.0,9.0,12.0,8.468666666666667,13.519,14.843666666666667,17.484333333333332,0.0,2.7952750687305743,2.9428297304136786,3.7421785747404113,2.0,13.0,1.0,3.0,0.10094423793995401,0.08874259556243333,0.13843491794093818,0.020190322012089385,4.0,3.0,6.0,5.050333333333333,6.375,9.015666666666664,2.7952750687305743,2.9428297304136786,3.7421785747404113,3.7394009287411314,5.691321104711952,8.744646015666502
48,5,1.4285714285714284,1.6582280766035322,-0.08087237811011194,"(1, 0, 1, 1, 0, 1, 1, 1, 0, 0, 0, 0, 1, 1, 1, 1, 0, 0, 1, 1, 1, 0, 1, 0, 0)",8.0,12.0,12.0,15.0,10.612666666666666,16.759333333333334,18.655333333333335,18.992333333333335,0.0,1.946907159983801,2.2965813994484705,3.671298536843816,5.0,16.0,3.0,2.0,0.12159203282284894,0.03320979272980972,0.02816589814766323,0.02023241548266695,4.0,4.0,7.0,6.146666666666668,8.042666666666669,8.379666666666669,1.946907159983801,2.2965813994484705,3.671298536843816,6.9641591289641305,9.528319920659127,7.807548227857519
48,6,1.7142857142857142,1.6582280766035322,-0.09999250652216185,"(1, 1, 1, 0, 1, 0, 0, 1, 1, 0, 0, 0, 1, 1, 0, 0, 0, 1, 0, 0, 1, 0, 0, 0, 0)",6.0,11.0,9.0,12.0,8.226666666666667,13.865666666666666,13.238333333333333,15.759,0.0,4.766567393818651,3.0187213020529002,5.754567318993645,3.0,19.0,1.0,1.0,0.19050639901016994,0.06180745080215598,0.03220861693959421,0.01430962506328637,5.0,3.0,6.0,5.638999999999999,5.011666666666667,7.532333333333334,4.766567393818651,3.0187213020529002,5.754567318993645,1.4466922425143045,3.3047579587394114,2.94794151860963
48,7,2.0,1.6582280766035322,1.2857816641053683,"(1, 1, 0, 1, 0, 1, 1, 1, 1, 1, 0, 0, 0, 0, 0, 0, 1, 1, 1, 0, 0, 1, 0, 1, 1)",7.0,13.0,11.0,14.0,9.287666666666667,16.227666666666668,16.014,18.697,0.0,1.5526265852584975,1.963240706538345,2.853801307456475,1.0,24.0,9.0,5.0,0.10052123337178469,0.08319120860844223,0.04442320157280088,0.01656085159827466,6.0,4.0,7.0,6.940000000000001,6.726333333333333,9.409333333333333,1.5526265852584975,1.963240706538345,2.853801307456475,8.933493855471808,7.898293925214719,10.870567262382638
49,0,0.0,1.6582280766035322,-0.6588498425748768,"(0, 0, 0, 0, 1, 0, 0, 1, 1, 0, 0, 1, 0, 0, 0, 0, 1, 0, 0, 0, 1, 0, 0, 1, 1)",5.0,9.0,9.0,11.0,6.298333333333333,12.052,11.894,15.122666666666667,0.0,2.7838240826238043,2.6868453772771095,4.506953363669959,3.0,6.0,5.0,4.0,0.2651282763403023,0.024083976801890748,0.06559599201375484,0.05476544271829887,4.0,4.0,6.0,5.753666666666667,5.595666666666667,8.824333333333335,2.7838240826238043,2.6868453772771095,4.506953363669959,4.92467635595266,4.823489131887853,7.159200683061516
49,1,0.2857142857142857,1.6582280766035322,-0.8013984979422792,"(0, 0, 0, 0, 0, 1, 1, 1, 0, 0, 0, 0, 1, 0, 0, 1, 0, 1, 0, 1, 0, 0, 1, 0, 0)",4.0,8.0,8.0,11.0,6.376,12.961333333333334,12.381333333333334,18.598333333333333,0.0,3.043217015695616,3.7487746375340127,5.703530743747067,1.0,2.0,1.0,1.0,0.2498848752454694,0.013896401877120114,0.01970175255010603,0.006996174501864393,4.0,4.0,7.0,6.585333333333334,6.005333333333334,12.222333333333331,3.043217015695616,3.7487746375340127,5.703530743747067,5.873636728502379,3.741888985878283,10.809661479887756
49,2,0.5714285714285714,1.6582280766035322,-0.32014283882660066,"(0, 0, 0, 0, 1, 1, 1, 0, 0, 1, 0, 0, 0, 0, 0, 1, 1, 0, 0, 0, 0, 1, 0, 0, 1)",5.0,9.0,9.0,11.0,7.958333333333333,13.003333333333334,13.666,15.314,0.0,2.8797986387463372,3.4122372493873243,5.127572858473442,3.0,6.0,12.0,5.0,0.23599906381800645,0.02643690036512695,0.07388158623310255,0.0071509953107502,4.0,4.0,6.0,5.045000000000001,5.707666666666667,7.355666666666667,2.8797986387463372,3.4122372493873243,5.127572858473442,3.5903976887310125,3.806345507594292,3.69468771005249
49,3,0.8571428571428571,1.6582280766035322,0.3101655594990653,"(0, 0, 0, 0, 0, 1, 1, 0, 1, 1, 0, 0, 1, 0, 1, 1, 0, 1, 0, 0, 0, 0, 1, 1, 0)",6.0,10.0,11.0,13.0,7.511666666666667,13.851333333333333,15.333333333333334,16.213333333333335,0.0,3.1887633789303895,2.8214290104498922,4.025956672916495,2.0,7.0,22.0,17.0,0.14664126608413589,0.09150520931855714,0.10548719925817886,0.056922780173473464,4.0,5.0,7.0,6.339666666666666,7.821666666666667,8.701666666666668,3.1887633789303895,2.8214290104498922,4.025956672916495,5.224916298386672,8.291534471228898,7.753393589692263
49,4,1.1428571428571428,1.6582280766035322,0.0049712786487250415,"(0, 1, 1, 0, 0, 0, 0, 1, 1, 0, 0, 1, 1, 1, 0, 0, 1, 1, 0, 0, 1, 1, 1, 0, 0)",6.0,10.0,9.0,12.0,8.468666666666667,13.519,14.843666666666667,17.484333333333332,0.0,2.7952750687305743,2.9428297304136786,3.7421785747404113,2.0,13.0,1.0,3.0,0.10094423793995401,0.08874259556243333,0.13843491794093818,0.020190322012089385,4.0,3.0,6.0,5.050333333333333,6.375,9.015666666666664,2.7952750687305743,2.9428297304136786,3.7421785747404113,3.7394009287411314,5.691321104711952,8.744646015666502
49,5,1.4285714285714284,1.6582280766035322,-0.08087237811011194,"(1, 0, 1, 1, 0, 1, 1, 1, 0, 0, 0, 0, 1, 1, 1, 1, 0, 0, 1, 1, 1, 0, 1, 0, 0)",8.0,12.0,12.0,15.0,10.612666666666666,16.759333333333334,18.655333333333335,18.992333333333335,0.0,1.946907159983801,2.2965813994484705,3.671298536843816,5.0,16.0,3.0,2.0,0.12159203282284894,0.03320979272980972,0.02816589814766323,0.02023241548266695,4.0,4.0,7.0,6.146666666666668,8.042666666666669,8.379666666666669,1.946907159983801,2.2965813994484705,3.671298536843816,6.9641591289641305,9.528319920659127,7.807548227857519
49,6,1.7142857142857142,1.6582280766035322,-0.09999250652216185,"(1, 1, 1, 0, 1, 0, 0, 1, 1, 0, 0, 0, 1, 1, 0, 0, 0, 1, 0, 0, 1, 0, 0, 0, 0)",6.0,11.0,9.0,12.0,8.226666666666667,13.865666666666666,13.238333333333333,15.759,0.0,4.766567393818651,3.0187213020529002,5.754567318993645,3.0,19.0,1.0,1.0,0.19050639901016994,0.06180745080215598,0.03220861693959421,0.01430962506328637,5.0,3.0,6.0,5.638999999999999,5.011666666666667,7.532333333333334,4.766567393818651,3.0187213020529002,5.754567318993645,1.4466922425143045,3.3047579587394114,2.94794151860963
49,7,2.0,1.6582280766035322,1.2857816641053683,"(1, 1, 0, 1, 0, 1, 1, 1, 1, 1, 0, 0, 0, 0, 0, 0, 1, 1, 1, 0, 0, 1, 0, 1, 1)",7.0,13.0,11.0,14.0,9.287666666666667,16.227666666666668,16.014,18.697,0.0,1.5526265852584975,1.963240706538345,2.853801307456475,1.0,24.0,9.0,5.0,0.10052123337178469,0.08319120860844223,0.04442320157280088,0.01656085159827466,6.0,4.0,7.0,6.940000000000001,6.726333333333333,9.409333333333333,1.5526265852584975,1.963240706538345,2.853801307456475,8.933493855471808,7.898293925214719,10.870567262382638
