step,replica,lambda,beta,phi,syndrome,E0_II,E0_IX,E0_XI,E0_XX,U_II,U_IX,U_XI,U_XX,F_II,F_IX,F_XI,F_XX,g_II,g_IX,g_XI,g_XX,Z_II,Z_IX,Z_XI,Z_XX,delta_E0_IX,delta_E0_XI,delta_E0_XX,delta_U_IX,delta_U_XI,delta_U_XX,delta_F_IX,delta_F_XI,delta_F_XX,delta_S_IX,delta_S_XI,delta_S_XX
0,0,0.0,1.6582280766035322,0.6295878723088135,"(0, 0, 1, 1, 0, 1, 0, 0, 1, 0, 0, 1, 1, 0, 1, 1, 0, 0, 0, 1, 0, 1, 0, 1, 1)",8.0,12.0,13.0,13.0,11.344666666666667,16.151666666666667,17.630333333333333,18.478,0.0,1.8839589797202914,1.7218671852322947,2.913626491509051,2.0,4.0,18.0,1.0,0.1731164454005191,0.014973860303978742,0.0338773531119617,0.023904160299021884,4.0,5.0,5.0,4.807,6.285666666666666,7.133333333333335,1.8839589797202914,1.7218671852322947,2.913626491509051,4.847068688891648,7.567820436103115,6.9972363601490475
0,1,0.2857142857142857,1.6582280766035322,-0.9941628319133076,"(1, 0, 1, 0, 0, 1, 0, 0, 0, 1, 1, 1, 1, 0, 1, 0, 0, 1, 1, 0, 1, 1, 1, 0, 1)",8.0,10.0,11.0,13.0,9.843,17.369,16.209333333333333,18.084333333333333,0.0,2.308732526298693,2.42368458152013,2.9129724126566128,9.0,2.0,8.0,2.0,0.24153434089615064,0.03408571941179483,0.07708887957287341,0.057140765788609924,2.0,3.0,5.0,7.526,6.366333333333333,8.241333333333333,2.308732526298693,2.42368458152013,2.9129724126566128,8.651419408041889,6.537810856442525,8.835637680943185
0,2,0.5714285714285714,1.6582280766035322,-0.039170752750461,"(0, 0, 1, 0, 0, 0, 0, 0, 1, 0, 0, 1, 1, 1, 0, 1, 1, 1, 0, 1, 1, 1, 1, 1, 1)",7.0,10.0,11.0,14.0,9.209,14.837666666666667,16.791,19.246666666666666,0.0,2.9056301472285395,2.942194076317648,3.7295852537364294,2.0,2.0,4.0,13.0,0.15792508030527963,0.05052312176684451,0.023147971828745246,0.011754901991534308,3.0,4.0,7.0,5.628666666666668,7.582000000000001,10.037666666666667,2.9056301472285395,2.942194076317648,3.7295852537364294,4.515415610149064,7.693856452641463,10.460237708421799
0,3,0.8571428571428571,1.6582280766035322,-0.27878396741734723,"(1, 1, 1, 0, 1, 1, 1, 1, 1, 0, 0, 0, 0, 1, 0, 0, 0, 1, 0, 1, 1, 0, 0, 0, 0)",8.0,12.0,11.0,12.0,10.612333333333334,15.372,15.179666666666666,16.500666666666667,0.0,2.660101843352778,1.736680689383286,3.288358399686838,8.0,16.0,2.0,1.0,0.16988763779258517,0.021201567785293505,0.0605889019434984,0.031094175729087396,4.0,3.0,4.0,4.759666666666666,4.567333333333332,5.888333333333334,2.660101843352778,1.736680689383286,3.288358399686838,3.4815573386682237,4.693867689309988,4.311351433438025
0,4,1.1428571428571428,1.6582280766035322,-1.7315549221509405,"(0, 0, 1, 1, 0, 0, 0, 1, 0, 1, 0, 0, 0, 1, 1, 0, 0, 0, 0, 0, 0, 0, 0, 0, 0)",4.0,7.0,7.0,10.0,4.381666666666667,12.33,10.069,14.617,0.0,4.328887305377351,4.916922618475574,6.393068039889834,6.0,6.0,6.0,2.0,0.3168562954070082,0.08558430464405184,0.0782287581005316,0.03304617095093781,3.0,3.0,6.0,7.948333333333333,5.687333333333334,10.235333333333333,4.328887305377351,4.916922618475574,6.393068039889834,6.001867025307743,1.2775166778933351,6.37135218734732
0,5,1.4285714285714284,1.6582280766035322,-0.16241830963312065,"(1, 1, 0, 1, 0, 1, 1, 1, 1, 0, 0, 1, 1, 0, 0, 1, 1, 1, 0, 0, 0, 1, 0, 0, 1)",8.0,12.0,12.0,15.0,12.691333333333333,16.289,16.286666666666665,19.497,0.0,2.2134028366503955,2.0539642070849657,3.4515096176682194,2.0,3.0,4.0,6.0,0.12770544335390654,0.03707721040657407,0.021041822548342467,0.021779769959362167,4.0,4.0,7.0,3.597666666666669,3.5953333333333326,6.805666666666667,2.2134028366503955,2.0539642070849657,3.4515096176682194,2.295425148359724,2.5559415615548966,5.561957391986875
0,6,1.7142857142857142,1.6582280766035322,0.32034999723157886,"(0, 0, 0, 0, 0, 1, 0, 0, 0, 0, 0, 1, 0, 0, 0, 0, 0, 0, 0, 0, 0, 1, 0, 0, 1)",4.0,7.0,9.0,11.0,4.738,9.629,11.196333333333333,14.905333333333333,0.0,3.2103479810608455,4.454986338224847,6.0953516134920775,2.0,2.0,29.0,20.0,0.22802222264462826,0.033374690492403436,0.07798080424257067,0.0259948876606358,3.0,5.0,7.0,4.890999999999999,6.458333333333333,10.167333333333332,3.2103479810608455,4.454986338224847,6.0953516134920775,2.786904364805316,3.3220062344682106,6.752274415257106
0,7,2.0,1.6582280766035322,0.019242195957441366,"(0, 1, 1, 1, 0, 0, 0, 0, 1, 1, 1, 0, 0, 0, 0, 1, 0, 1, 0, 0, 0, 1, 1, 0, 0)",5.0,9.0,14.0,11.0,7.658333333333333,12.33,19.375333333333334,16.217666666666666,0.0,3.0710568226261503,3.186543195783382,4.347588433130158,1.0,2.0,8.0,5.0,0.19641203499715837,0.05771545622230042,0.07423276450290453,0.02451468421054912,4.0,9.0,6.0,4.671666666666667,11.717,8.559333333333333,3.0710568226261503,3.186543195783382,4.347588433130158,2.6541761830759856,14.145442979005638,6.984033645008646
1,0,0.0,1.6582280766035322,0.8417202559932546,"(1, 0, 1, 1, 0, 1, 0, 0, 1, 0, 0, 1, 1, 0, 1, 1, 0, 0, 0, 1, 1, 1, 0, 1, 1)",8.0,12.0,12.0,14.0,12.097666666666667,15.589333333333334,17.609666666666666,18.847666666666665,0.0,1.3182084094959785,1.1057986052612694,2.5813452220923128,2.0,17.0,3.0,2.0,0.12941954352488794,0.07417437088980708,0.04238379157854364,0.026721899475851747,4.0,4.0,6.0,3.491666666666667,5.511999999999999,6.749999999999998,1.3182084094959785,1.1057986052612694,2.5813452220923128,3.604089505366216,7.306486863925404,6.912580394393985
1,1,0.2857142857142857,1.6582280766035322,-0.5311229382025302,"(1, 0, 1, 0, 0, 1, 0, 0, 0, 1, 0, 0, 1, 0, 1, 0, 0, 1, 1, 0, 1, 1, 1, 0, 1)",9.0,11.0,11.0,13.0,11.705666666666668,16.513666666666666,15.295,17.311333333333334,0.0,1.8054879421841277,2.2459870183556525,3.5356739049340504,8.0,1.0,11.0,7.0,0.049714245588662075,0.024443961057906784,0.04224760835915347,0.054367581290332055,2.0,2.0,4.0,4.807999999999998,3.5893333333333324,5.605666666666666,1.8054879421841277,2.2459870183556525,3.5356739049340504,4.978849794610925,2.2275745760978807,3.432520115871109
1,2,0.5714285714285714,1.6582280766035322,-0.039170752750461,"(0, 0, 1, 0, 0, 0, 0, 0, 1, 0, 0, 1, 1, 1, 0, 1, 1, 1, 0, 1, 1, 1, 1, 1, 1)",7.0,10.0,11.0,14.0,9.209,14.837666666666667,16.791,19.246666666666666,0.0,2.9056301472285395,2.942194076317648,3.7295852537364294,2.0,2.0,4.0,13.0,0.15792508030527963,0.05052312176684451,0.023147971828745246,0.011754901991534308,3.0,4.0,7.0,5.628666666666668,7.582000000000001,10.037666666666667,2.9056301472285395,2.942194076317648,3.7295852537364294,4.515415610149064,7.693856452641463,10.460237708421799
1,3,0.8571428571428571,1.6582280766035322,-0.8321509408772833,"(1, 1, 1, 0, 1, 0, 1, 1, 1, 0, 1, 0, 0, 1, 0, 0, 0, 1, 0, 1, 1, 0, 0, 0, 0)",10.0,12.0,13.0,14.0,12.28,15.913666666666666,15.198333333333334,17.593333333333334,0.0,2.3258214878659116,2.887002718501361,3.3874375272639,45.0,17.0,53.0,5.0,0.2277163321621253,0.044108592794626846,0.020096094454559964,0.0296782804778094,2.0,3.0,4.0,3.6336666666666666,2.918333333333335,5.313333333333334,2.3258214878659116,2.887002718501361,3.3874375272639,2.1687055953379786,0.05195330517163011,3.1935744982373278
1,4,1.1428571428571428,1.6582280766035322,-0.9736120328969978,"(0, 1, 1, 1, 0, 0, 0, 1, 0, 1, 0, 0, 0, 1, 1, 0, 0, 0, 0, 0, 0, 1, 0, 0, 0)",5.0,8.0,8.0,11.0,7.375666666666667,10.462,11.077333333333334,15.830666666666668,0.0,2.7487064969126256,2.4340300822424945,4.8239328728909285,6.0,5.0,6.0,2.0,0.2737459627012183,0.07379508565906077,0.04578847244712441,0.006064710231279854,3.0,3.0,6.0,3.086333333333333,3.701666666666667,8.455000000000002,2.7487064969126256,2.4340300822424945,4.8239328728909285,0.5598622995676453,2.102030575221967,6.021137458204392
1,5,1.4285714285714284,1.6582280766035322,0.5878578941037932,"(1, 1, 0, 0, 0, 1, 1, 1, 1, 0, 0, 1, 1, 0, 0, 1, 1, 1, 0, 0, 0, 1, 0, 1, 1)",7.0,13.0,12.0,14.0,9.815,16.454666666666668,16.998666666666665,19.954,0.0,2.477917852003268,2.377779300932822,3.2312785043388628,1.0,13.0,2.0,3.0,0.20179096071972435,0.04632000131863655,0.03256222217136481,0.009470997662202257,6.0,5.0,7.0,6.639666666666669,7.1836666666666655,10.139000000000001,2.477917852003268,2.377779300932822,3.2312785043388628,6.901128732246321,7.969257362854047,11.454577729463045
1,6,1.7142857142857142,1.6582280766035322,0.32034999723157886,"(0, 0, 0, 0, 0, 1, 0, 0, 0, 0, 0, 1, 0, 0, 0, 0, 0, 0, 0, 0, 0, 1, 0, 0, 1)",4.0,7.0,9.0,11.0,4.738,9.629,11.196333333333333,14.905333333333333,0.0,3.2103479810608455,4.454986338224847,6.0953516134920775,2.0,2.0,29.0,20.0,0.22802222264462826,0.033374690492403436,0.07798080424257067,0.0259948876606358,3.0,5.0,7.0,4.890999999999999,6.458333333333333,10.167333333333332,3.2103479810608455,4.454986338224847,6.0953516134920775,2.786904364805316,3.3220062344682106,6.752274415257106
1,7,2.0,1.6582280766035322,-0.15020468298731315,"(0, 1, 0, 0, 0, 0, 0, 0, 1, 1, 1, 0, 0, 0, 0, 1, 0, 1, 0, 0, 0, 1, 1, 0, 0)",4.0,9.0,8.0,11.0,6.527,16.38533333333333,13.725,14.189666666666668,0.0,4.222935743660588,4.7455447467586,5.593129603358086,1.0,4.0,1.0,13.0,0.2539654868677527,0.025322630549808114,0.021434175111849283,0.029992307540858652,5.0,4.0,7.0,9.85833333333333,7.1979999999999995,7.662666666666667,4.222935743660588,4.7455447467586,5.593129603358086,9.344774506019213,4.066730157538715,3.4317644639499107
2,0,0.0,1.6582280766035322,0.8417202559932546,"(1, 0, 1, 1, 0, 1, 0, 0, 1, 0, 0, 1, 1, 0, 1, 1, 0, 0, 0, 1, 1, 1, 0, 1, 1)",8.0,12.0,12.0,14.0,12.097666666666667,15.589333333333334,17.609666666666666,18.847666666666665,0.0,1.3182084094959785,1.1057986052612694,2.5813452220923128,2.0,17.0,3.0,2.0,0.12941954352488794,0.07417437088980708,0.04238379157854364,0.026721899475851747,4.0,4.0,6.0,3.491666666666667,5.511999999999999,6.749999999999998,1.3182084094959785,1.1057986052612694,2.5813452220923128,3.604089505366216,7.306486863925404,6.912580394393985
2,1,0.2857142857142857,1.6582280766035322,-0.5311229382025302,"(1, 0, 1, 0, 0, 1, 0, 0, 0, 1, 0, 0, 1, 0, 1, 0, 0, 1, 1, 0, 1, 1, 1, 0, 1)",9.0,11.0,11.0,13.0,11.705666666666668,16.513666666666666,15.295,17.311333333333334,0.0,1.8054879421841277,2.2459870183556525,3.5356739049340504,8.0,1.0,11.0,7.0,0.049714245588662075,0.024443961057906784,0.04224760835915347,0.054367581290332055,2.0,2.0,4.0,4.807999999999998,3.5893333333333324,5.605666666666666,1.8054879421841277,2.2459870183556525,3.5356739049340504,4.978849794610925,2.2275745760978807,3.432520115871109
2,2,0.5714285714285714,1.6582280766035322,-0.039170752750461,"(0, 0, 1, 0, 0, 0, 0, 0, 1, 0, 0, 1, 1, 1, 0, 1, 1, 1, 0, 1, 1, 1, 1, 1, 1)",7.0,10.0,11.0,14.0,9.209,14.837666666666667,16.791,19.246666666666666,0.0,2.9056301472285395,2.942194076317648,3.7295852537364294,2.0,2.0,4.0,13.0,0.15792508030527963,0.05052312176684451,0.023147971828745246,0.011754901991534308,3.0,4.0,7.0,5.628666666666668,7.582000000000001,10.037666666666667,2.9056301472285395,2.942194076317648,3.7295852537364294,4.515415610149064,7.693856452641463,10.460237708421799
2,3,0.8571428571428571,1.6582280766035322,-0.8321509408772833,"(1, 1, 1, 0, 1, 0, 1, 1, 1, 0, 1, 0, 0, 1, 0, 0, 0, 1, 0, 1, 1, 0, 0, 0, 0)",10.0,12.0,13.0,14.0,12.28,15.913666666666666,15.198333333333334,17.593333333333334,0.0,2.3258214878659116,2.887002718501361,3.3874375272639,45.0,17.0,53.0,5.0,0.2277163321621253,0.044108592794626846,0.020096094454559964,0.0296782804778094,2.0,3.0,4.0,3.6336666666666666,2.918333333333335,5.313333333333334,2.3258214878659116,2.887002718501361,3.3874375272639,2.1687055953379786,0.05195330517163011,3.1935744982373278
2,4,1.1428571428571428,1.6582280766035322,-0.9736120328969978,"(0, 1, 1, 1, 0, 0, 0, 1, 0, 1, 0, 0, 0, 1, 1, 0, 0, 0, 0, 0, 0, 1, 0, 0, 0)",5.0,8.0,8.0,11.0,7.375666666666667,10.462,11.077333333333334,15.830666666666668,0.0,2.7487064969126256,2.4340300822424945,4.8239328728909285,6.0,5.0,6.0,2.0,0.2737459627012183,0.07379508565906077,0.04578847244712441,0.006064710231279854,3.0,3.0,6.0,3.086333333333333,3.701666666666667,8.455000000000002,2.7487064969126256,2.4340300822424945,4.8239328728909285,0.5598622995676453,2.102030575221967,6.021137458204392
2,5,1.4285714285714284,1.6582280766035322,0.5878578941037932,"(1, 1, 0, 0, 0, 1, 1, 1, 1, 0, 0, 1, 1, 0, 0, 1, 1, 1, 0, 0, 0, 1, 0, 1, 1)",7.0,13.0,12.0,14.0,9.815,16.454666666666668,16.998666666666665,19.954,0.0,2.477917852003268,2.377779300932822,3.2312785043388628,1.0,13.0,2.0,3.0,0.20179096071972435,0.04632000131863655,0.03256222217136481,0.009470997662202257,6.0,5.0,7.0,6.639666666666669,7.1836666666666655,10.139000000000001,2.477917852003268,2.377779300932822,3.2312785043388628,6.901128732246321,7.969257362854047,11.454577729463045
2,6,1.7142857142857142,1.6582280766035322,0.32034999723157886,"(0, 0, 0, 0, 0, 1, 0, 0, 0, 0, 0, 1, 0, 0, 0, 0, 0, 0, 0, 0, 0, 1, 0, 0, 1)",4.0,7.0,9.0,11.0,4.738,9.629,11.196333333333333,14.905333333333333,0.0,3.2103479810608455,4.454986338224847,6.0953516134920775,2.0,2.0,29.0,20.0,0.22802222264462826,0.033374690492403436,0.07798080424257067,0.0259948876606358,3.0,5.0,7.0,4.890999999999999,6.458333333333333,10.167333333333332,3.2103479810608455,4.454986338224847,6.0953516134920775,2.786904364805316,3.3220062344682106,6.752274415257106
2,7,2.0,1.6582280766035322,-0.15020468298731315,"(0, 1, 0, 0, 0, 0, 0, 0, 1, 1, 1, 0, 0, 0, 0, 1, 0, 1, 0, 0, 0, 1, 1, 0, 0)",4.0,9.0,8.0,11.0,6.527,16.38533333333333,13.725,14.189666666666668,0.0,4.222935743660588,4.7455447467586,5.593129603358086,1.0,4.0,1.0,13.0,0.2539654868677527,0.025322630549808114,0.021434175111849283,0.029992307540858652,5.0,4.0,7.0,9.85833333333333,7.1979999999999995,7.662666666666667,4.222935743660588,4.7455447467586,5.593129603358086,9.344774506019213,4.066730157538715,3.4317644639499107
3,0,0.0,1.6582280766035322,-0.05970664079577781,"(1, 1, 0, 1, 0, 1, 0, 0, 1, 0, 0, 1, 1, 0, 1, 1, 0, 0, 0, 1, 1, 1, 0, 1, 1)",7.0,12.0,10.0,14.0,10.296,16.843333333333334,13.270666666666667,18.073666666666668,0.0,3.524333467365725,2.8369058058315266,3.822989556340224,1.0,6.0,1.0,6.0,0.22480135691896996,0.021301618035601187,0.036876632227771745,0.01891087214474711,5.0,3.0,7.0,6.547333333333334,2.9746666666666677,7.7776666666666685,3.524333467365725,2.8369058058315266,3.822989556340224,5.0128232533162045,0.2284389272939028,6.557756618244635
3,1,0.2857142857142857,1.6582280766035322,-0.5311229382025302,"(1, 0, 1, 0, 0, 1, 0, 0, 0, 1, 0, 0, 1, 0, 1, 0, 0, 1, 1, 0, 1, 1, 1, 0, 1)",9.0,11.0,11.0,13.0,11.705666666666668,16.513666666666666,15.295,17.311333333333334,0.0,1.8054879421841277,2.2459870183556525,3.5356739049340504,8.0,1.0,11.0,7.0,0.049714245588662075,0.024443961057906784,0.04224760835915347,0.054367581290332055,2.0,2.0,4.0,4.807999999999998,3.5893333333333324,5.605666666666666,1.8054879421841277,2.2459870183556525,3.5356739049340504,4.978849794610925,2.2275745760978807,3.432520115871109
3,2,0.5714285714285714,1.6582280766035322,-0.3471028143584488,"(0, 0, 1, 0, 0, 0, 0, 0, 1, 0, 0, 1, 1, 1, 0, 1, 0, 1, 0, 1, 1, 0, 1, 1, 1)",7.0,11.0,9.0,12.0,7.965333333333334,14.120333333333333,13.004666666666667,15.649666666666667,0.0,2.912051174836276,2.6521331362068765,3.8759607310095046,7.0,23.0,3.0,9.0,0.07107664094318901,0.08677671979882966,0.08701657220781107,0.038421045394140194,4.0,2.0,5.0,6.154999999999999,5.039333333333333,7.684333333333333,2.912051174836276,2.6521331362068765,3.8759607310095046,5.377548792874926,3.9585223913485774,6.315150375341031
3,3,0.8571428571428571,1.6582280766035322,-0.8307426124883882,"(1, 1, 1, 0, 1, 1, 1, 1, 1, 0, 0, 0, 0, 1, 0, 0, 0, 1, 0, 1, 1, 0, 0, 0, 0)",8.0,11.0,12.0,13.0,10.444666666666667,17.947333333333333,17.079333333333334,16.733,0.0,2.2964984880446373,1.9001819777363949,3.0061279810489157,9.0,6.0,2.0,8.0,0.19633566784178538,0.046496011998928145,0.018159752141087223,0.02163041866170929,3.0,4.0,5.0,7.502666666666666,6.634666666666668,6.288333333333334,2.2964984880446373,1.9001819777363949,3.0061279810489157,8.633014245310921,7.850855439433719,5.44264506833641
3,4,1.1428571428571428,1.6582280766035322,0.8494670453591545,"(0, 1, 1, 1, 0, 0, 0, 1, 0, 1, 0, 0, 0, 0, 1, 0, 0, 0, 1, 0, 0, 1, 0, 0, 0)",5.0,9.0,8.0,13.0,8.231,15.312,12.941,17.19633333333333,0.0,3.4474377465023367,2.126152402686438,4.627368359165987,1.0,1.0,1.0,17.0,0.15479478099392943,0.057286816482328126,0.015910313273794108,0.0426148334682645,4.0,3.0,8.0,7.0809999999999995,4.710000000000001,8.965333333333332,3.4474377465023367,2.126152402686438,4.627368359165987,6.025274946836626,4.284608631529927,7.193335315487007
3,5,1.4285714285714284,1.6582280766035322,0.5878578941037932,"(1, 1, 0, 0, 0, 1, 1, 1, 1, 0, 0, 1, 1, 0, 0, 1, 1, 1, 0, 0, 0, 1, 0, 1, 1)",7.0,13.0,12.0,14.0,9.815,16.454666666666668,16.998666666666665,19.954,0.0,2.477917852003268,2.377779300932822,3.2312785043388628,1.0,13.0,2.0,3.0,0.20179096071972435,0.04632000131863655,0.03256222217136481,0.009470997662202257,6.0,5.0,7.0,6.639666666666669,7.1836666666666655,10.139000000000001,2.477917852003268,2.377779300932822,3.2312785043388628,6.901128732246321,7.969257362854047,11.454577729463045
3,6,1.7142857142857142,1.6582280766035322,-0.6938177640127696,"(0, 0, 0, 0, 0, 1, 0, 0, 0, 0, 0, 1, 0, 0, 0, 0, 1, 0, 0, 0, 0, 0, 0, 0, 1)",4.0,8.0,8.0,10.0,5.815666666666667,11.027,11.135333333333334,13.872666666666667,0.0,3.3824628430340886,3.4409890817599904,4.482098367277315,3.0,2.0,9.0,3.0,0.22875679196140822,0.01970253530938183,0.09697537081165089,0.036342382200412054,4.0,4.0,6.0,5.211333333333332,5.3196666666666665,8.057,3.3824628430340886,3.4409890817599904,4.482098367277315,3.0326843954858735,3.1152759181779666,5.928002258476566
3,7,2.0,1.6582280766035322,-0.15020468298731315,"(0, 1, 0, 0, 0, 0, 0, 0, 1, 1, 1, 0, 0, 0, 0, 1, 0, 1, 0, 0, 0, 1, 1, 0, 0)",4.0,9.0,8.0,11.0,6.527,16.38533333333333,13.725,14.189666666666668,0.0,4.222935743660588,4.7455447467586,5.593129603358086,1.0,4.0,1.0,13.0,0.2539654868677527,0.025322630549808114,0.021434175111849283,0.029992307540858652,5.0,4.0,7.0,9.85833333333333,7.1979999999999995,7.662666666666667,4.222935743660588,4.7455447467586,5.593129603358086,9.344774506019213,4.066730157538715,3.4317644639499107
4,0,0.0,1.6582280766035322,-0.05970664079577781,"(1, 1, 0, 1, 0, 1, 0, 0, 1, 0, 0, 1, 1, 0, 1, 1, 0, 0, 0, 1, 1, 1, 0, 1, 1)",7.0,12.0,10.0,14.0,10.296,16.843333333333334,13.270666666666667,18.073666666666668,0.0,3.524333467365725,2.8369058058315266,3.822989556340224,1.0,6.0,1.0,6.0,0.22480135691896996,0.021301618035601187,0.036876632227771745,0.01891087214474711,5.0,3.0,7.0,6.547333333333334,2.9746666666666677,7.7776666666666685,3.524333467365725,2.8369058058315266,3.822989556340224,5.0128232533162045,0.2284389272939028,6.557756618244635
4,1,0.2857142857142857,1.6582280766035322,-0.5311229382025302,"(1, 0, 1, 0, 0, 1, 0, 0, 0, 1, 0, 0, 1, 0, 1, 0, 0, 1, 1, 0, 1, 1, 1, 0, 1)",9.0,11.0,11.0,13.0,11.705666666666668,16.513666666666666,15.295,17.311333333333334,0.0,1.8054879421841277,2.2459870183556525,3.5356739049340504,8.0,1.0,11.0,7.0,0.049714245588662075,0.024443961057906784,0.04224760835915347,0.054367581290332055,2.0,2.0,4.0,4.807999999999998,3.5893333333333324,5.605666666666666,1.8054879421841277,2.2459870183556525,3.5356739049340504,4.978849794610925,2.2275745760978807,3.432520115871109
4,2,0.5714285714285714,1.6582280766035322,-0.4885938158460754,"(0, 0, 1, 0, 0, 0, 0, 0, 1, 0, 0, 1, 1, 0, 0, 1, 0, 1, 1, 1, 1, 0, 1, 1, 1)",7.0,9.0,10.0,13.0,7.697666666666667,15.105666666666666,14.266333333333334,17.974666666666668,0.0,0.7899614309375174,1.1438733643757273,2.2544900434373503,12.0,4.0,1.0,9.0,0.21266220935118946,0.023535201971744513,0.07252838467328959,0.007086614138646396,2.0,3.0,6.0,7.4079999999999995,6.568666666666667,10.277000000000001,0.7899614309375174,1.1438733643757273,2.2544900434373503,10.974217367264473,8.995544563629629,13.303151254803572
4,3,0.8571428571428571,1.6582280766035322,-0.8307426124883882,"(1, 1, 1, 0, 1, 1, 1, 1, 1, 0, 0, 0, 0, 1, 0, 0, 0, 1, 0, 1, 1, 0, 0, 0, 0)",8.0,11.0,12.0,13.0,10.444666666666667,17.947333333333333,17.079333333333334,16.733,0.0,2.2964984880446373,1.9001819777363949,3.0061279810489157,9.0,6.0,2.0,8.0,0.19633566784178538,0.046496011998928145,0.018159752141087223,0.02163041866170929,3.0,4.0,5.0,7.502666666666666,6.634666666666668,6.288333333333334,2.2964984880446373,1.9001819777363949,3.0061279810489157,8.633014245310921,7.850855439433719,5.44264506833641
4,4,1.1428571428571428,1.6582280766035322,0.8494670453591545,"(0, 1, 1, 1, 0, 0, 0, 1, 0, 1, 0, 0, 0, 0, 1, 0, 0, 0, 1, 0, 0, 1, 0, 0, 0)",5.0,9.0,8.0,13.0,8.231,15.312,12.941,17.19633333333333,0.0,3.4474377465023367,2.126152402686438,4.627368359165987,1.0,1.0,1.0,17.0,0.15479478099392943,0.057286816482328126,0.015910313273794108,0.0426148334682645,4.0,3.0,8.0,7.0809999999999995,4.710000000000001,8.965333333333332,3.4474377465023367,2.126152402686438,4.627368359165987,6.025274946836626,4.284608631529927,7.193335315487007
4,5,1.4285714285714284,1.6582280766035322,0.5878578941037932,"(1, 1, 0, 0, 0, 1, 1, 1, 1, 0, 0, 1, 1, 0, 0, 1, 1, 1, 0, 0, 0, 1, 0, 1, 1)",7.0,13.0,12.0,14.0,9.815,16.454666666666668,16.998666666666665,19.954,0.0,2.477917852003268,2.377779300932822,3.2312785043388628,1.0,13.0,2.0,3.0,0.20179096071972435,0.04632000131863655,0.03256222217136481,0.009470997662202257,6.0,5.0,7.0,6.639666666666669,7.1836666666666655,10.139000000000001,2.477917852003268,2.377779300932822,3.2312785043388628,6.901128732246321,7.969257362854047,11.454577729463045
4,6,1.7142857142857142,1.6582280766035322,-0.6938177640127696,"(0, 0, 0, 0, 0, 1, 0, 0, 0, 0, 0, 1, 0, 0, 0, 0, 1, 0, 0, 0, 0, 0, 0, 0, 1)",4.0,8.0,8.0,10.0,5.815666666666667,11.027,11.135333333333334,13.872666666666667,0.0,3.3824628430340886,3.4409890817599904,4.482098367277315,3.0,2.0,9.0,3.0,0.22875679196140822,0.01970253530938183,0.09697537081165089,0.036342382200412054,4.0,4.0,6.0,5.211333333333332,5.3196666666666665,8.057,3.3824628430340886,3.4409890817599904,4.482098367277315,3.0326843954858735,3.1152759181779666,5.928002258476566
4,7,2.0,1.6582280766035322,-0.15020468298731315,"(0, 1, 0, 0, 0, 0, 0, 0, 1, 1, 1, 0, 0, 0, 0, 1, 0, 1, 0, 0, 0, 1, 1, 0, 0)",4.0,9.0,8.0,11.0,6.527,16.38533333333333,13.725,14.189666666666668,0.0,4.222935743660588,4.7455447467586,5.593129603358086,1.0,4.0,1.0,13.0,0.2539654868677527,0.025322630549808114,0.021434175111849283,0.029992307540858652,5.0,4.0,7.0,9.85833333333333,7.1979999999999995,7.662666666666667,4.222935743660588,4.7455447467586,5.593129603358086,9.344774506019213,4.066730157538715,3.4317644639499107
5,0,0.0,1.6582280766035322,0.060327755514103076,"(1, 1, 0, 1, 0, 1, 0, 1, 1, 0, 0, 1, 0, 0, 1, 1, 0, 0, 0, 1, 1, 1, 0, 1, 1)",8.0,12.0,11.0,13.0,11.842,15.779,17.496333333333332,18.518666666666668,0.0,2.800913044191026,2.4510821942969017,3.452642740187232,3.0,17.0,2.0,6.0,0.1695599207384101,0.04056977642964657,0.04008676750917887,0.03715754031493056,4.0,3.0,5.0,3.9369999999999994,5.654333333333332,6.676666666666668,2.800913044191026,2.4510821942969017,3.452642740187232,1.883891287585476,5.311720975162453,5.346166994529763
5,1,0.2857142857142857,1.6582280766035322,-0.5311229382025302,"(1, 0, 1, 0, 0, 1, 0, 0, 0, 1, 0, 0, 1, 0, 1, 0, 0, 1, 1, 0, 1, 1, 1, 0, 1)",9.0,11.0,11.0,13.0,11.705666666666668,16.513666666666666,15.295,17.311333333333334,0.0,1.8054879421841277,2.2459870183556525,3.5356739049340504,8.0,1.0,11.0,7.0,0.049714245588662075,0.024443961057906784,0.04224760835915347,0.054367581290332055,2.0,2.0,4.0,4.807999999999998,3.5893333333333324,5.605666666666666,1.8054879421841277,2.2459870183556525,3.5356739049340504,4.978849794610925,2.2275745760978807,3.432520115871109
5,2,0.5714285714285714,1.6582280766035322,-0.3614838052047763,"(0, 0, 1, 0, 0, 0, 0, 0, 1, 0, 0, 1, 1, 1, 0, 1, 0, 1, 0, 1, 1, 0, 1, 1, 1)",7.0,12.0,11.0,12.0,8.389666666666667,16.135,15.490666666666666,17.184,0.0,1.832268325621276,2.35186488104679,3.406875645272974,7.0,6.0,13.0,4.0,0.2157591976732983,0.10040635247480245,0.03814222979311159,0.007139913191155058,5.0,4.0,5.0,7.745333333333335,7.100999999999999,8.794333333333334,1.832268325621276,2.35186488104679,3.406875645272974,9.805210414570018,7.875149193832067,8.933633599855243
5,3,0.8571428571428571,1.6582280766035322,-0.8966733618197197,"(1, 1, 1, 0, 1, 1, 1, 1, 1, 0, 0, 0, 0, 1, 0, 0, 0, 0, 1, 1, 1, 0, 0, 0, 0)",7.0,11.0,12.0,11.0,9.21,15.622333333333334,16.504333333333335,16.965,0.0,4.478146257028077,3.996790283524681,5.365768109299339,9.0,10.0,29.0,1.0,0.21045831391923547,0.05302436916715982,0.06532383507731351,0.03780309011793852,4.0,5.0,4.0,6.412333333333333,7.294333333333334,7.754999999999999,4.478146257028077,3.996790283524681,5.365768109299339,3.207323315333074,5.468078469001549,3.9618914026763767
5,4,1.1428571428571428,1.6582280766035322,0.8494670453591545,"(0, 1, 1, 1, 0, 0, 0, 1, 0, 1, 0, 0, 0, 0, 1, 0, 0, 0, 1, 0, 0, 1, 0, 0, 0)",5.0,9.0,8.0,13.0,8.231,15.312,12.941,17.19633333333333,0.0,3.4474377465023367,2.126152402686438,4.627368359165987,1.0,1.0,1.0,17.0,0.15479478099392943,0.057286816482328126,0.015910313273794108,0.0426148334682645,4.0,3.0,8.0,7.0809999999999995,4.710000000000001,8.965333333333332,3.4474377465023367,2.126152402686438,4.627368359165987,6.025274946836626,4.284608631529927,7.193335315487007
5,5,1.4285714285714284,1.6582280766035322,0.5878578941037932,"(1, 1, 0, 0, 0, 1, 1, 1, 1, 0, 0, 1, 1, 0, 0, 1, 1, 1, 0, 0, 0, 1, 0, 1, 1)",7.0,13.0,12.0,14.0,9.815,16.454666666666668,16.998666666666665,19.954,0.0,2.477917852003268,2.377779300932822,3.2312785043388628,1.0,13.0,2.0,3.0,0.20179096071972435,0.04632000131863655,0.03256222217136481,0.009470997662202257,6.0,5.0,7.0,6.639666666666669,7.1836666666666655,10.139000000000001,2.477917852003268,2.377779300932822,3.2312785043388628,6.901128732246321,7.969257362854047,11.454577729463045
5,6,1.7142857142857142,1.6582280766035322,-0.014151058443034992,"(0, 0, 0, 0, 0, 1, 0, 1, 1, 0, 0, 1, 0, 0, 0, 0, 1, 0, 0, 0, 0, 0, 0, 0, 1)",5.0,9.0,9.0,12.0,6.337666666666666,12.374,14.56,16.007,0.0,3.020250556834657,2.4495345147587377,4.305082520099887,3.0,6.0,11.0,15.0,0.17420907846203665,0.05687751846434767,0.051529138776179984,0.022856330862679772,4.0,4.0,7.0,6.036333333333334,8.222333333333335,9.669333333333334,3.020250556834657,2.4495345147587377,4.305082520099887,5.001353141350442,9.572617081544097,8.895151308447032
5,7,2.0,1.6582280766035322,0.590633007864241,"(0, 0, 0, 0, 0, 0, 1, 0, 1, 1, 1, 0, 0, 0, 0, 1, 0, 1, 0, 0, 0, 1, 1, 0, 0)",5.0,10.0,9.0,13.0,8.638,13.013333333333334,14.001666666666667,18.064666666666668,0.0,2.2507774550213977,2.6917832119941068,4.108140298868607,1.0,12.0,2.0,4.0,0.2424480106547065,0.039496191666672495,0.019834607064281546,0.008371582341428905,5.0,4.0,8.0,4.375333333333334,5.363666666666667,9.426666666666668,2.2507774550213977,2.6917832119941068,4.108140298868607,3.5229982077299296,4.4305921619504804,8.819329749238948
6,0,0.0,1.6582280766035322,0.060327755514103076,"(1, 1, 0, 1, 0, 1, 0, 1, 1, 0, 0, 1, 0, 0, 1, 1, 0, 0, 0, 1, 1, 1, 0, 1, 1)",8.0,12.0,11.0,13.0,11.842,15.779,17.496333333333332,18.518666666666668,0.0,2.800913044191026,2.4510821942969017,3.452642740187232,3.0,17.0,2.0,6.0,0.1695599207384101,0.04056977642964657,0.04008676750917887,0.03715754031493056,4.0,3.0,5.0,3.9369999999999994,5.654333333333332,6.676666666666668,2.800913044191026,2.4510821942969017,3.452642740187232,1.883891287585476,5.311720975162453,5.346166994529763
6,1,0.2857142857142857,1.6582280766035322,-0.5311229382025302,"(1, 0, 1, 0, 0, 1, 0, 0, 0, 1, 0, 0, 1, 0, 1, 0, 0, 1, 1, 0, 1, 1, 1, 0, 1)",9.0,11.0,11.0,13.0,11.705666666666668,16.513666666666666,15.295,17.311333333333334,0.0,1.8054879421841277,2.2459870183556525,3.5356739049340504,8.0,1.0,11.0,7.0,0.049714245588662075,0.024443961057906784,0.04224760835915347,0.054367581290332055,2.0,2.0,4.0,4.807999999999998,3.5893333333333324,5.605666666666666,1.8054879421841277,2.2459870183556525,3.5356739049340504,4.978849794610925,2.2275745760978807,3.432520115871109
6,2,0.5714285714285714,1.6582280766035322,0.22623786328813777,"(0, 0, 1, 0, 0, 0, 0, 0, 1, 0, 0, 1, 1, 0, 1, 1, 0, 1, 0, 1, 1, 0, 1, 1, 1)",7.0,11.0,11.0,12.0,10.152333333333333,14.868333333333334,15.390333333333333,17.399333333333335,0.0,2.6267898837694523,2.2421086071320424,3.6965680902556106,2.0,13.0,6.0,1.0,0.15151367409991567,0.08697411334098422,0.011151522690726895,0.027999521332235034,4.0,4.0,5.0,4.716000000000001,5.2379999999999995,7.247000000000002,2.6267898837694523,2.2421086071320424,3.6965680902556106,3.464386872657625,4.96787122210851,5.887425876807248
6,3,0.8571428571428571,1.6582280766035322,0.40852413426960577,"(1, 1, 1, 0, 1, 1, 1, 1, 1, 0, 0, 0, 0, 1, 1, 0, 0, 0, 1, 0, 1, 0, 0, 0, 0)",7.0,11.0,12.0,14.0,10.284,15.978666666666667,15.458,17.972666666666665,0.0,2.0978519768457393,2.3374843586713556,3.215377939559876,1.0,3.0,8.0,4.0,0.08157847136102195,0.022919024873521106,0.039290432161782525,0.009605325532729147,4.0,5.0,7.0,5.6946666666666665,5.1739999999999995,7.6886666666666645,2.0978519768457393,2.3374843586713556,3.215377939559876,5.964339105001087,4.703589876176232,7.417732962042554
6,4,1.1428571428571428,1.6582280766035322,0.8494670453591545,"(0, 1, 1, 1, 0, 0, 0, 1, 0, 1, 0, 0, 0, 0, 1, 0, 0, 0, 1, 0, 0, 1, 0, 0, 0)",5.0,9.0,8.0,13.0,8.231,15.312,12.941,17.19633333333333,0.0,3.4474377465023367,2.126152402686438,4.627368359165987,1.0,1.0,1.0,17.0,0.15479478099392943,0.057286816482328126,0.015910313273794108,0.0426148334682645,4.0,3.0,8.0,7.0809999999999995,4.710000000000001,8.965333333333332,3.4474377465023367,2.126152402686438,4.627368359165987,6.025274946836626,4.284608631529927,7.193335315487007
6,5,1.4285714285714284,1.6582280766035322,0.5878578941037932,"(1, 1, 0, 0, 0, 1, 1, 1, 1, 0, 0, 1, 1, 0, 0, 1, 1, 1, 0, 0, 0, 1, 0, 1, 1)",7.0,13.0,12.0,14.0,9.815,16.454666666666668,16.998666666666665,19.954,0.0,2.477917852003268,2.377779300932822,3.2312785043388628,1.0,13.0,2.0,3.0,0.20179096071972435,0.04632000131863655,0.03256222217136481,0.009470997662202257,6.0,5.0,7.0,6.639666666666669,7.1836666666666655,10.139000000000001,2.477917852003268,2.377779300932822,3.2312785043388628,6.901128732246321,7.969257362854047,11.454577729463045
6,6,1.7142857142857142,1.6582280766035322,-0.014151058443034992,"(0, 0, 0, 0, 0, 1, 0, 1, 1, 0, 0, 1, 0, 0, 0, 0, 1, 0, 0, 0, 0, 0, 0, 0, 1)",5.0,9.0,9.0,12.0,6.337666666666666,12.374,14.56,16.007,0.0,3.020250556834657,2.4495345147587377,4.305082520099887,3.0,6.0,11.0,15.0,0.17420907846203665,0.05687751846434767,0.051529138776179984,0.022856330862679772,4.0,4.0,7.0,6.036333333333334,8.222333333333335,9.669333333333334,3.020250556834657,2.4495345147587377,4.305082520099887,5.001353141350442,9.572617081544097,8.895151308447032
6,7,2.0,1.6582280766035322,0.590633007864241,"(0, 0, 0, 0, 0, 0, 1, 0, 1, 1, 1, 0, 0, 0, 0, 1, 0, 1, 0, 0, 0, 1, 1, 0, 0)",5.0,10.0,9.0,13.0,8.638,13.013333333333334,14.001666666666667,18.064666666666668,0.0,2.2507774550213977,2.6917832119941068,4.108140298868607,1.0,12.0,2.0,4.0,0.2424480106547065,0.039496191666672495,0.019834607064281546,0.008371582341428905,5.0,4.0,8.0,4.375333333333334,5.363666666666667,9.426666666666668,2.2507774550213977,2.6917832119941068,4.108140298868607,3.5229982077299296,4.4305921619504804,8.819329749238948
7,0,0.0,1.6582280766035322,0.060327755514103076,"(1, 1, 0, 1, 0, 1, 0, 1, 1, 0, 0, 1, 0, 0, 1, 1, 0, 0, 0, 1, 1, 1, 0, 1, 1)",8.0,12.0,11.0,13.0,11.842,15.779,17.496333333333332,18.518666666666668,0.0,2.800913044191026,2.4510821942969017,3.452642740187232,3.0,17.0,2.0,6.0,0.1695599207384101,0.04056977642964657,0.04008676750917887,0.03715754031493056,4.0,3.0,5.0,3.9369999999999994,5.654333333333332,6.676666666666668,2.800913044191026,2.4510821942969017,3.452642740187232,1.883891287585476,5.311720975162453,5.346166994529763
7,1,0.2857142857142857,1.6582280766035322,-0.5311229382025302,"(1, 0, 1, 0, 0, 1, 0, 0, 0, 1, 0, 0, 1, 0, 1, 0, 0, 1, 1, 0, 1, 1, 1, 0, 1)",9.0,11.0,11.0,13.0,11.705666666666668,16.513666666666666,15.295,17.311333333333334,0.0,1.8054879421841277,2.2459870183556525,3.5356739049340504,8.0,1.0,11.0,7.0,0.049714245588662075,0.024443961057906784,0.04224760835915347,0.054367581290332055,2.0,2.0,4.0,4.807999999999998,3.5893333333333324,5.605666666666666,1.8054879421841277,2.2459870183556525,3.5356739049340504,4.978849794610925,2.2275745760978807,3.432520115871109
7,2,0.5714285714285714,1.6582280766035322,-0.4613983021832154,"(0, 0, 1, 0, 0, 0, 0, 0, 1, 0, 0, 1, 1, 0, 1, 0, 0, 1, 0, 0, 1, 0, 1, 1, 1)",7.0,11.0,12.0,13.0,11.729,15.748333333333333,15.566666666666666,17.97833333333333,0.0,3.0272703890256114,2.5279318532692714,4.654729122429946,6.0,15.0,10.0,12.0,0.10640410556355832,0.0686523483265549,0.04514598556065119,0.015573790532971492,4.0,5.0,6.0,4.019333333333334,3.8376666666666672,6.2493333333333325,3.0272703890256114,2.5279318532692714,4.654729122429946,1.6450666280090318,2.17183904048065,2.644217473590216
7,3,0.8571428571428571,1.6582280766035322,0.40852413426960577,"(1, 1, 1, 0, 1, 1, 1, 1, 1, 0, 0, 0, 0, 1, 1, 0, 0, 0, 1, 0, 1, 0, 0, 0, 0)",7.0,11.0,12.0,14.0,10.284,15.978666666666667,15.458,17.972666666666665,0.0,2.0978519768457393,2.3374843586713556,3.215377939559876,1.0,3.0,8.0,4.0,0.08157847136102195,0.022919024873521106,0.039290432161782525,0.009605325532729147,4.0,5.0,7.0,5.6946666666666665,5.1739999999999995,7.6886666666666645,2.0978519768457393,2.3374843586713556,3.215377939559876,5.964339105001087,4.703589876176232,7.417732962042554
7,4,1.1428571428571428,1.6582280766035322,0.8494670453591545,"(0, 1, 1, 1, 0, 0, 0, 1, 0, 1, 0, 0, 0, 0, 1, 0, 0, 0, 1, 0, 0, 1, 0, 0, 0)",5.0,9.0,8.0,13.0,8.231,15.312,12.941,17.19633333333333,0.0,3.4474377465023367,2.126152402686438,4.627368359165987,1.0,1.0,1.0,17.0,0.15479478099392943,0.057286816482328126,0.015910313273794108,0.0426148334682645,4.0,3.0,8.0,7.0809999999999995,4.710000000000001,8.965333333333332,3.4474377465023367,2.126152402686438,4.627368359165987,6.025274946836626,4.284608631529927,7.193335315487007
7,5,1.4285714285714284,1.6582280766035322,0.1307324373074914,"(1, 1, 0, 1, 0, 1, 1, 1, 1, 0, 0, 1, 1, 0, 0, 1, 1, 1, 0, 0, 0, 1, 0, 0, 1)",8.0,13.0,12.0,15.0,11.378333333333334,17.56,16.610666666666667,20.137,0.0,2.9690389464022173,2.6955234375446686,3.906785348477921,2.0,15.0,3.0,1.0,0.0856350495882826,0.023427556759231527,0.019563199366668563,0.022108134393190957,5.0,4.0,7.0,6.181666666666665,5.232333333333333,8.758666666666667,2.9690389464022173,2.6955234375446686,3.906785348477921,5.327269485417306,4.206609394202444,8.045525826168733
7,6,1.7142857142857142,1.6582280766035322,-1.242090213352954,"(0, 0, 0, 0, 0, 0, 0, 1, 1, 0, 1, 1, 0, 0, 0, 0, 1, 0, 0, 0, 0, 0, 0, 0, 1)",5.0,8.0,8.0,10.0,6.131,12.406,12.992333333333333,13.614333333333333,0.0,3.105225533382385,3.3038536198248774,4.565765186120166,6.0,1.0,4.0,6.0,0.2622742454270178,0.028523617862633365,0.10012796985149221,0.004430699206383397,3.0,3.0,5.0,6.275,6.861333333333333,7.4833333333333325,3.105225533382385,3.3038536198248774,4.565765186120166,5.256209017046316,5.899112742887211,4.83799341711302
7,7,2.0,1.6582280766035322,0.590633007864241,"(0, 0, 0, 0, 0, 0, 1, 0, 1, 1, 1, 0, 0, 0, 0, 1, 0, 1, 0, 0, 0, 1, 1, 0, 0)",5.0,10.0,9.0,13.0,8.638,13.013333333333334,14.001666666666667,18.064666666666668,0.0,2.2507774550213977,2.6917832119941068,4.108140298868607,1.0,12.0,2.0,4.0,0.2424480106547065,0.039496191666672495,0.019834607064281546,0.008371582341428905,5.0,4.0,8.0,4.375333333333334,5.363666666666667,9.426666666666668,2.2507774550213977,2.6917832119941068,4.108140298868607,3.5229982077299296,4.4305921619504804,8.819329749238948
8,0,0.0,1.6582280766035322,0.060327755514103076,"(1, 1, 0, 1, 0, 1, 0, 1, 1, 0, 0, 1, 0, 0, 1, 1, 0, 0, 0, 1, 1, 1, 0, 1, 1)",8.0,12.0,11.0,13.0,11.842,15.779,17.496333333333332,18.518666666666668,0.0,2.800913044191026,2.4510821942969017,3.452642740187232,3.0,17.0,2.0,6.0,0.1695599207384101,0.04056977642964657,0.04008676750917887,0.03715754031493056,4.0,3.0,5.0,3.9369999999999994,5.654333333333332,6.676666666666668,2.800913044191026,2.4510821942969017,3.452642740187232,1.883891287585476,5.311720975162453,5.346166994529763
8,1,0.2857142857142857,1.6582280766035322,-0.5311229382025302,"(1, 0, 1, 0, 0, 1, 0, 0, 0, 1, 0, 0, 1, 0, 1, 0, 0, 1, 1, 0, 1, 1, 1, 0, 1)",9.0,11.0,11.0,13.0,11.705666666666668,16.513666666666666,15.295,17.311333333333334,0.0,1.8054879421841277,2.2459870183556525,3.5356739049340504,8.0,1.0,11.0,7.0,0.049714245588662075,0.024443961057906784,0.04224760835915347,0.054367581290332055,2.0,2.0,4.0,4.807999999999998,3.5893333333333324,5.605666666666666,1.8054879421841277,2.2459870183556525,3.5356739049340504,4.978849794610925,2.2275745760978807,3.432520115871109
8,2,0.5714285714285714,1.6582280766035322,-0.18969541863610506,"(0, 0, 1, 0, 0, 0, 0, 0, 1, 0, 0, 1, 1, 0, 1, 0, 0, 1, 1, 0, 1, 0, 1, 0, 1)",6.0,11.0,10.0,13.0,9.317,16.325666666666667,14.074666666666667,17.038,0.0,3.0313606849479,3.247464652842155,5.052326153308456,2.0,1.0,3.0,11.0,0.15765067522436926,0.046358656791718265,0.01682663871573589,0.043520082209931504,5.0,4.0,7.0,7.008666666666667,4.757666666666667,7.721,3.0313606849479,3.247464652842155,5.052326153308456,6.595280448129234,2.5042593806670017,4.425269899881469
8,3,0.8571428571428571,1.6582280766035322,-1.2943506429609972,"(1, 1, 1, 0, 1, 0, 1, 1, 1, 1, 0, 0, 0, 1, 1, 0, 0, 0, 1, 0, 1, 0, 0, 0, 0)",7.0,10.0,9.0,12.0,9.399,14.391,12.064,15.479333333333333,0.0,2.8589049649811336,3.2288832860059924,3.688461197436662,9.0,2.0,5.0,7.0,0.17549245914360828,0.061451224410503415,0.03230116881361311,0.02625566020303993,3.0,2.0,5.0,4.992000000000001,2.665000000000001,6.080333333333334,2.8589049649811336,3.2288832860059924,3.688461197436662,3.5371580771318807,-0.9350470967825947,3.966269531389521
8,4,1.1428571428571428,1.6582280766035322,0.8494670453591545,"(0, 1, 1, 1, 0, 0, 0, 1, 0, 1, 0, 0, 0, 0, 1, 0, 0, 0, 1, 0, 0, 1, 0, 0, 0)",5.0,9.0,8.0,13.0,8.231,15.312,12.941,17.19633333333333,0.0,3.4474377465023367,2.126152402686438,4.627368359165987,1.0,1.0,1.0,17.0,0.15479478099392943,0.057286816482328126,0.015910313273794108,0.0426148334682645,4.0,3.0,8.0,7.0809999999999995,4.710000000000001,8.965333333333332,3.4474377465023367,2.126152402686438,4.627368359165987,6.025274946836626,4.284608631529927,7.193335315487007
8,5,1.4285714285714284,1.6582280766035322,0.1307324373074914,"(1, 1, 0, 1, 0, 1, 1, 1, 1, 0, 0, 1, 1, 0, 0, 1, 1, 1, 0, 0, 0, 1, 0, 0, 1)",8.0,13.0,12.0,15.0,11.378333333333334,17.56,16.610666666666667,20.137,0.0,2.9690389464022173,2.6955234375446686,3.906785348477921,2.0,15.0,3.0,1.0,0.0856350495882826,0.023427556759231527,0.019563199366668563,0.022108134393190957,5.0,4.0,7.0,6.181666666666665,5.232333333333333,8.758666666666667,2.9690389464022173,2.6955234375446686,3.906785348477921,5.327269485417306,4.206609394202444,8.045525826168733
8,6,1.7142857142857142,1.6582280766035322,-0.7056424535638447,"(0, 0, 0, 0, 0, 0, 0, 1, 1, 0, 0, 0, 0, 0, 0, 0, 1, 0, 0, 0, 0, 0, 0, 0, 1)",4.0,8.0,8.0,11.0,4.981,13.882,12.212666666666667,14.917333333333334,0.0,4.465866156883007,3.713030610105003,6.4802079253153515,3.0,3.0,1.0,11.0,0.30746055730749705,0.04089343889166202,0.0600970872724479,0.004674422056585123,4.0,4.0,7.0,8.901,7.231666666666667,9.936333333333334,4.465866156883007,3.713030610105003,6.4802079253153515,7.354463462151123,5.834701100340086,5.731044187838257
8,7,2.0,1.6582280766035322,0.590633007864241,"(0, 0, 0, 0, 0, 0, 1, 0, 1, 1, 1, 0, 0, 0, 0, 1, 0, 1, 0, 0, 0, 1, 1, 0, 0)",5.0,10.0,9.0,13.0,8.638,13.013333333333334,14.001666666666667,18.064666666666668,0.0,2.2507774550213977,2.6917832119941068,4.108140298868607,1.0,12.0,2.0,4.0,0.2424480106547065,0.039496191666672495,0.019834607064281546,0.008371582341428905,5.0,4.0,8.0,4.375333333333334,5.363666666666667,9.426666666666668,2.2507774550213977,2.6917832119941068,4.108140298868607,3.5229982077299296,4.4305921619504804,8.819329749238948
9,0,0.0,1.6582280766035322,0.060327755514103076,"(1, 1, 0, 1, 0, 1, 0, 1, 1, 0, 0, 1, 0, 0, 1, 1, 0, 0, 0, 1, 1, 1, 0, 1, 1)",8.0,12.0,11.0,13.0,11.842,15.779,17.496333333333332,18.518666666666668,0.0,2.800913044191026,2.4510821942969017,3.452642740187232,3.0,17.0,2.0,6.0,0.1695599207384101,0.04056977642964657,0.04008676750917887,0.03715754031493056,4.0,3.0,5.0,3.9369999999999994,5.654333333333332,6.676666666666668,2.800913044191026,2.4510821942969017,3.452642740187232,1.883891287585476,5.311720975162453,5.346166994529763
9,1,0.2857142857142857,1.6582280766035322,-1.0760006188618654,"(1, 0, 1, 0, 0, 1, 0, 0, 0, 1, 0, 0, 1, 0, 0, 0, 0, 1, 1, 1, 1, 1, 1, 0, 1)",7.0,10.0,10.0,13.0,9.525,13.781,15.220333333333333,18.80366666666667,0.0,2.9634838823455953,3.415129936143178,4.414599272181348,5.0,2.0,6.0,2.0,0.18935561054513783,0.054367513484694645,0.04262178968411474,0.011796825048395382,3.0,3.0,6.0,4.256,5.695333333333332,9.278666666666668,2.9634838823455953,3.415129936143178,4.414599272181348,2.1432865157571284,3.7810972935874694,8.065733120027348
9,2,0.5714285714285714,1.6582280766035322,-0.18969541863610506,"(0, 0, 1, 0, 0, 0, 0, 0, 1, 0, 0, 1, 1, 0, 1, 0, 0, 1, 1, 0, 1, 0, 1, 0, 1)",6.0,11.0,10.0,13.0,9.317,16.325666666666667,14.074666666666667,17.038,0.0,3.0313606849479,3.247464652842155,5.052326153308456,2.0,1.0,3.0,11.0,0.15765067522436926,0.046358656791718265,0.01682663871573589,0.043520082209931504,5.0,4.0,7.0,7.008666666666667,4.757666666666667,7.721,3.0313606849479,3.247464652842155,5.052326153308456,6.595280448129234,2.5042593806670017,4.425269899881469
9,3,0.8571428571428571,1.6582280766035322,-0.5627192740490146,"(1, 1, 1, 0, 1, 1, 0, 1, 1, 1, 0, 0, 0, 1, 1, 0, 0, 0, 1, 0, 1, 0, 0, 0, 0)",7.0,11.0,11.0,14.0,8.756,14.320666666666666,15.585666666666667,19.201666666666668,0.0,2.7218063525588363,2.0149958472847826,3.827337798852208,4.0,6.0,4.0,4.0,0.16526117551380673,0.07993636550739436,0.016754337599754955,0.024383685917720586,4.0,4.0,7.0,5.564666666666666,6.829666666666666,10.445666666666668,2.7218063525588363,2.0149958472847826,3.827337798852208,4.714110790715539,7.983822332302774,10.974698748805606
9,4,1.1428571428571428,1.6582280766035322,0.8494670453591545,"(0, 1, 1, 1, 0, 0, 0, 1, 0, 1, 0, 0, 0, 0, 1, 0, 0, 0, 1, 0, 0, 1, 0, 0, 0)",5.0,9.0,8.0,13.0,8.231,15.312,12.941,17.19633333333333,0.0,3.4474377465023367,2.126152402686438,4.627368359165987,1.0,1.0,1.0,17.0,0.15479478099392943,0.057286816482328126,0.015910313273794108,0.0426148334682645,4.0,3.0,8.0,7.0809999999999995,4.710000000000001,8.965333333333332,3.4474377465023367,2.126152402686438,4.627368359165987,6.025274946836626,4.284608631529927,7.193335315487007
9,5,1.4285714285714284,1.6582280766035322,0.1307324373074914,"(1, 1, 0, 1, 0, 1, 1, 1, 1, 0, 0, 1, 1, 0, 0, 1, 1, 1, 0, 0, 0, 1, 0, 0, 1)",8.0,13.0,12.0,15.0,11.378333333333334,17.56,16.610666666666667,20.137,0.0,2.9690389464022173,2.6955234375446686,3.906785348477921,2.0,15.0,3.0,1.0,0.0856350495882826,0.023427556759231527,0.019563199366668563,0.022108134393190957,5.0,4.0,7.0,6.181666666666665,5.232333333333333,8.758666666666667,2.9690389464022173,2.6955234375446686,3.906785348477921,5.327269485417306,4.206609394202444,8.045525826168733
9,6,1.7142857142857142,1.6582280766035322,-0.6177043020251941,"(0, 0, 0, 0, 0, 0, 0, 0, 1, 0, 0, 0, 1, 0, 0, 0, 1, 0, 0, 0, 0, 0, 0, 0, 1)",5.0,9.0,9.0,10.0,7.638333333333334,12.038333333333334,12.353666666666667,13.444333333333333,0.0,3.452375581219333,3.1064415673052266,5.031082409171524,6.0,12.0,17.0,8.0,0.13308203427279827,0.07788347987576648,0.005597095211481457,0.02754529232274075,4.0,4.0,5.0,4.4,4.715333333333334,5.805999999999999,3.452375581219333,3.1064415673052266,5.031082409171524,1.571377417297206,2.667909498644048,1.2849901061657456
9,7,2.0,1.6582280766035322,0.17053364770648982,"(0, 0, 0, 0, 1, 0, 1, 0, 1, 0, 1, 0, 0, 0, 0, 1, 0, 1, 0, 0, 0, 1, 1, 0, 0)",6.0,11.0,11.0,13.0,10.040333333333333,14.108333333333333,15.870666666666667,17.748666666666665,0.0,4.008204420118635,3.477700408900351,4.7777604333357235,2.0,27.0,3.0,1.0,0.1263741968891891,0.09650097304462214,0.05324035888973638,0.019902398086014173,5.0,5.0,7.0,4.068,5.830333333333334,7.708333333333332,4.008204420118635,3.477700408900351,4.7777604333357235,0.09915470941606797,3.901201969236648,4.85955826330947
10,0,0.0,1.6582280766035322,-1.0760006188618654,"(1, 0, 1, 0, 0, 1, 0, 0, 0, 1, 0, 0, 1, 0, 0, 0, 0, 1, 1, 1, 1, 1, 1, 0, 1)",7.0,10.0,10.0,13.0,9.525,13.781,15.220333333333333,18.80366666666667,0.0,2.9634838823455953,3.415129936143178,4.414599272181348,5.0,2.0,6.0,2.0,0.18935561054513783,0.054367513484694645,0.04262178968411474,0.011796825048395382,3.0,3.0,6.0,4.256,5.695333333333332,9.278666666666668,2.9634838823455953,3.415129936143178,4.414599272181348,2.1432865157571284,3.7810972935874694,8.065733120027348
10,1,0.2857142857142857,1.6582280766035322,-0.18969541863610506,"(0, 0, 1, 0, 0, 0, 0, 0, 1, 0, 0, 1, 1, 0, 1, 0, 0, 1, 1, 0, 1, 0, 1, 0, 1)",6.0,11.0,10.0,13.0,9.317,16.325666666666667,14.074666666666667,17.038,0.0,3.0313606849479,3.247464652842155,5.052326153308456,2.0,1.0,3.0,11.0,0.15765067522436926,0.046358656791718265,0.01682663871573589,0.043520082209931504,5.0,4.0,7.0,7.008666666666667,4.757666666666667,7.721,3.0313606849479,3.247464652842155,5.052326153308456,6.595280448129234,2.5042593806670017,4.425269899881469
10,2,0.5714285714285714,1.6582280766035322,-0.5627192740490146,"(1, 1, 1, 0, 1, 1, 0, 1, 1, 1, 0, 0, 0, 1, 1, 0, 0, 0, 1, 0, 1, 0, 0, 0, 0)",7.0,11.0,11.0,14.0,8.756,14.320666666666666,15.585666666666667,19.201666666666668,0.0,2.7218063525588363,2.0149958472847826,3.827337798852208,4.0,6.0,4.0,4.0,0.16526117551380673,0.07993636550739436,0.016754337599754955,0.024383685917720586,4.0,4.0,7.0,5.564666666666666,6.829666666666666,10.445666666666668,2.7218063525588363,2.0149958472847826,3.827337798852208,4.714110790715539,7.983822332302774,10.974698748805606
10,3,0.8571428571428571,1.6582280766035322,0.8494670453591545,"(0, 1, 1, 1, 0, 0, 0, 1, 0, 1, 0, 0, 0, 0, 1, 0, 0, 0, 1, 0, 0, 1, 0, 0, 0)",5.0,9.0,8.0,13.0,8.231,15.312,12.941,17.19633333333333,0.0,3.4474377465023367,2.126152402686438,4.627368359165987,1.0,1.0,1.0,17.0,0.15479478099392943,0.057286816482328126,0.015910313273794108,0.0426148334682645,4.0,3.0,8.0,7.0809999999999995,4.710000000000001,8.965333333333332,3.4474377465023367,2.126152402686438,4.627368359165987,6.025274946836626,4.284608631529927,7.193335315487007
10,4,1.1428571428571428,1.6582280766035322,0.1307324373074914,"(1, 1, 0, 1, 0, 1, 1, 1, 1, 0, 0, 1, 1, 0, 0, 1, 1, 1, 0, 0, 0, 1, 0, 0, 1)",8.0,13.0,12.0,15.0,11.378333333333334,17.56,16.610666666666667,20.137,0.0,2.9690389464022173,2.6955234375446686,3.906785348477921,2.0,15.0,3.0,1.0,0.0856350495882826,0.023427556759231527,0.019563199366668563,0.022108134393190957,5.0,4.0,7.0,6.181666666666665,5.232333333333333,8.758666666666667,2.9690389464022173,2.6955234375446686,3.906785348477921,5.327269485417306,4.206609394202444,8.045525826168733
10,5,1.4285714285714284,1.6582280766035322,-0.6177043020251941,"(0, 0, 0, 0, 0, 0, 0, 0, 1, 0, 0, 0, 1, 0, 0, 0, 1, 0, 0, 0, 0, 0, 0, 0, 1)",5.0,9.0,9.0,10.0,7.638333333333334,12.038333333333334,12.353666666666667,13.444333333333333,0.0,3.452375581219333,3.1064415673052266,5.031082409171524,6.0,12.0,17.0,8.0,0.13308203427279827,0.07788347987576648,0.005597095211481457,0.02754529232274075,4.0,4.0,5.0,4.4,4.715333333333334,5.805999999999999,3.452375581219333,3.1064415673052266,5.031082409171524,1.571377417297206,2.667909498644048,1.2849901061657456
10,6,1.7142857142857142,1.6582280766035322,-1.0846782286914654,"(0, 0, 0, 0, 1, 0, 1, 0, 1, 0, 1, 0, 0, 0, 0, 0, 1, 1, 0, 0, 0, 1, 1, 0, 0)",6.0,9.0,9.0,12.0,8.682333333333334,14.108,14.277,16.436,0.0,3.4399572954012143,3.7823076941942166,4.555696056743901,8.0,4.0,1.0,13.0,0.2624068940869729,0.03635194117888809,0.055021841644772806,0.010064097280906724,3.0,3.0,6.0,5.425666666666666,5.594666666666665,7.753666666666666,3.4399572954012143,3.7823076941942166,4.555696056743901,3.29275903140712,3.0053045330381423,5.302964653526851
10,7,2.0,1.6582280766035322,0.060327755514103076,"(1, 1, 0, 1, 0, 1, 0, 1, 1, 0, 0, 1, 0, 0, 1, 1, 0, 0, 0, 1, 1, 1, 0, 1, 1)",8.0,12.0,11.0,13.0,11.842,15.779,17.496333333333332,18.518666666666668,0.0,2.800913044191026,2.4510821942969017,3.452642740187232,3.0,17.0,2.0,6.0,0.1695599207384101,0.04056977642964657,0.04008676750917887,0.03715754031493056,4.0,3.0,5.0,3.9369999999999994,5.654333333333332,6.676666666666668,2.800913044191026,2.4510821942969017,3.452642740187232,1.883891287585476,5.311720975162453,5.346166994529763
11,0,0.0,1.6582280766035322,0.3992624329703496,"(1, 0, 1, 0, 1, 1, 0, 0, 0, 0, 0, 0, 1, 0, 0, 0, 0, 1, 1, 1, 1, 1, 1, 0, 1)",6.0,11.0,9.0,13.0,8.008666666666667,14.948333333333334,14.161333333333333,16.671333333333333,0.0,3.732791161351195,2.729203892256126,4.135464212619752,1.0,7.0,3.0,12.0,0.20548544602693325,0.04147748980571741,0.051573179198894974,0.03164703137863955,5.0,3.0,7.0,6.9396666666666675,6.152666666666667,8.662666666666667,3.732791161351195,2.729203892256126,4.135464212619752,5.317731001086257,5.6768820917345835,7.507134217769006
11,1,0.2857142857142857,1.6582280766035322,-0.18969541863610506,"(0, 0, 1, 0, 0, 0, 0, 0, 1, 0, 0, 1, 1, 0, 1, 0, 0, 1, 1, 0, 1, 0, 1, 0, 1)",6.0,11.0,10.0,13.0,9.317,16.325666666666667,14.074666666666667,17.038,0.0,3.0313606849479,3.247464652842155,5.052326153308456,2.0,1.0,3.0,11.0,0.15765067522436926,0.046358656791718265,0.01682663871573589,0.043520082209931504,5.0,4.0,7.0,7.008666666666667,4.757666666666667,7.721,3.0313606849479,3.247464652842155,5.052326153308456,6.595280448129234,2.5042593806670017,4.425269899881469
11,2,0.5714285714285714,1.6582280766035322,-0.5627192740490146,"(1, 1, 1, 0, 1, 1, 0, 1, 1, 1, 0, 0, 0, 1, 1, 0, 0, 0, 1, 0, 1, 0, 0, 0, 0)",7.0,11.0,11.0,14.0,8.756,14.320666666666666,15.585666666666667,19.201666666666668,0.0,2.7218063525588363,2.0149958472847826,3.827337798852208,4.0,6.0,4.0,4.0,0.16526117551380673,0.07993636550739436,0.016754337599754955,0.024383685917720586,4.0,4.0,7.0,5.564666666666666,6.829666666666666,10.445666666666668,2.7218063525588363,2.0149958472847826,3.827337798852208,4.714110790715539,7.983822332302774,10.974698748805606
11,3,0.8571428571428571,1.6582280766035322,0.8494670453591545,"(0, 1, 1, 1, 0, 0, 0, 1, 0, 1, 0, 0, 0, 0, 1, 0, 0, 0, 1, 0, 0, 1, 0, 0, 0)",5.0,9.0,8.0,13.0,8.231,15.312,12.941,17.19633333333333,0.0,3.4474377465023367,2.126152402686438,4.627368359165987,1.0,1.0,1.0,17.0,0.15479478099392943,0.057286816482328126,0.015910313273794108,0.0426148334682645,4.0,3.0,8.0,7.0809999999999995,4.710000000000001,8.965333333333332,3.4474377465023367,2.126152402686438,4.627368359165987,6.025274946836626,4.284608631529927,7.193335315487007
11,4,1.1428571428571428,1.6582280766035322,0.1307324373074914,"(1, 1, 0, 1, 0, 1, 1, 1, 1, 0, 0, 1, 1, 0, 0, 1, 1, 1, 0, 0, 0, 1, 0, 0, 1)",8.0,13.0,12.0,15.0,11.378333333333334,17.56,16.610666666666667,20.137,0.0,2.9690389464022173,2.6955234375446686,3.906785348477921,2.0,15.0,3.0,1.0,0.0856350495882826,0.023427556759231527,0.019563199366668563,0.022108134393190957,5.0,4.0,7.0,6.181666666666665,5.232333333333333,8.758666666666667,2.9690389464022173,2.6955234375446686,3.906785348477921,5.327269485417306,4.206609394202444,8.045525826168733
11,5,1.4285714285714284,1.6582280766035322,-0.6177043020251941,"(0, 0, 0, 0, 0, 0, 0, 0, 1, 0, 0, 0, 1, 0, 0, 0, 1, 0, 0, 0, 0, 0, 0, 0, 1)",5.0,9.0,9.0,10.0,7.638333333333334,12.038333333333334,12.353666666666667,13.444333333333333,0.0,3.452375581219333,3.1064415673052266,5.031082409171524,6.0,12.0,17.0,8.0,0.13308203427279827,0.07788347987576648,0.005597095211481457,0.02754529232274075,4.0,4.0,5.0,4.4,4.715333333333334,5.805999999999999,3.452375581219333,3.1064415673052266,5.031082409171524,1.571377417297206,2.667909498644048,1.2849901061657456
11,6,1.7142857142857142,1.6582280766035322,-1.0846782286914654,"(0, 0, 0, 0, 1, 0, 1, 0, 1, 0, 1, 0, 0, 0, 0, 0, 1, 1, 0, 0, 0, 1, 1, 0, 0)",6.0,9.0,9.0,12.0,8.682333333333334,14.108,14.277,16.436,0.0,3.4399572954012143,3.7823076941942166,4.555696056743901,8.0,4.0,1.0,13.0,0.2624068940869729,0.03635194117888809,0.055021841644772806,0.010064097280906724,3.0,3.0,6.0,5.425666666666666,5.594666666666665,7.753666666666666,3.4399572954012143,3.7823076941942166,4.555696056743901,3.29275903140712,3.0053045330381423,5.302964653526851
11,7,2.0,1.6582280766035322,0.060327755514103076,"(1, 1, 0, 1, 0, 1, 0, 1, 1, 0, 0, 1, 0, 0, 1, 1, 0, 0, 0, 1, 1, 1, 0, 1, 1)",8.0,12.0,11.0,13.0,11.842,15.779,17.496333333333332,18.518666666666668,0.0,2.800913044191026,2.4510821942969017,3.452642740187232,3.0,17.0,2.0,6.0,0.1695599207384101,0.04056977642964657,0.04008676750917887,0.03715754031493056,4.0,3.0,5.0,3.9369999999999994,5.654333333333332,6.676666666666668,2.800913044191026,2.4510821942969017,3.452642740187232,1.883891287585476,5.311720975162453,5.346166994529763
12,0,0.0,1.6582280766035322,0.3992624329703496,"(1, 0, 1, 0, 1, 1, 0, 0, 0, 0, 0, 0, 1, 0, 0, 0, 0, 1, 1, 1, 1, 1, 1, 0, 1)",6.0,11.0,9.0,13.0,8.008666666666667,14.948333333333334,14.161333333333333,16.671333333333333,0.0,3.732791161351195,2.729203892256126,4.135464212619752,1.0,7.0,3.0,12.0,0.20548544602693325,0.04147748980571741,0.051573179198894974,0.03164703137863955,5.0,3.0,7.0,6.9396666666666675,6.152666666666667,8.662666666666667,3.732791161351195,2.729203892256126,4.135464212619752,5.317731001086257,5.6768820917345835,7.507134217769006
12,1,0.2857142857142857,1.6582280766035322,-0.7912136915274826,"(0, 0, 1, 0, 0, 0, 0, 0, 1, 0, 0, 0, 1, 0, 1, 0, 1, 1, 1, 0, 1, 0, 1, 0, 1)",7.0,11.0,11.0,13.0,8.299666666666667,14.317,15.208666666666666,18.058333333333334,0.0,3.522463354590443,3.7497879991363807,4.899253277081543,10.0,28.0,11.0,23.0,0.1609023011068278,0.028618733899266308,0.06158002061531357,0.022994558305873537,4.0,4.0,6.0,6.017333333333333,6.908999999999999,9.758666666666667,3.522463354590443,3.7497879991363807,4.899253277081543,4.137063446226718,5.238694039774874,8.05801571843319
12,2,0.5714285714285714,1.6582280766035322,-0.5627192740490146,"(1, 1, 1, 0, 1, 1, 0, 1, 1, 1, 0, 0, 0, 1, 1, 0, 0, 0, 1, 0, 1, 0, 0, 0, 0)",7.0,11.0,11.0,14.0,8.756,14.320666666666666,15.585666666666667,19.201666666666668,0.0,2.7218063525588363,2.0149958472847826,3.827337798852208,4.0,6.0,4.0,4.0,0.16526117551380673,0.07993636550739436,0.016754337599754955,0.024383685917720586,4.0,4.0,7.0,5.564666666666666,6.829666666666666,10.445666666666668,2.7218063525588363,2.0149958472847826,3.827337798852208,4.714110790715539,7.983822332302774,10.974698748805606
12,3,0.8571428571428571,1.6582280766035322,0.8494670453591545,"(0, 1, 1, 1, 0, 0, 0, 1, 0, 1, 0, 0, 0, 0, 1, 0, 0, 0, 1, 0, 0, 1, 0, 0, 0)",5.0,9.0,8.0,13.0,8.231,15.312,12.941,17.19633333333333,0.0,3.4474377465023367,2.126152402686438,4.627368359165987,1.0,1.0,1.0,17.0,0.15479478099392943,0.057286816482328126,0.015910313273794108,0.0426148334682645,4.0,3.0,8.0,7.0809999999999995,4.710000000000001,8.965333333333332,3.4474377465023367,2.126152402686438,4.627368359165987,6.025274946836626,4.284608631529927,7.193335315487007
12,4,1.1428571428571428,1.6582280766035322,0.1307324373074914,"(1, 1, 0, 1, 0, 1, 1, 1, 1, 0, 0, 1, 1, 0, 0, 1, 1, 1, 0, 0, 0, 1, 0, 0, 1)",8.0,13.0,12.0,15.0,11.378333333333334,17.56,16.610666666666667,20.137,0.0,2.9690389464022173,2.6955234375446686,3.906785348477921,2.0,15.0,3.0,1.0,0.0856350495882826,0.023427556759231527,0.019563199366668563,0.022108134393190957,5.0,4.0,7.0,6.181666666666665,5.232333333333333,8.758666666666667,2.9690389464022173,2.6955234375446686,3.906785348477921,5.327269485417306,4.206609394202444,8.045525826168733
12,5,1.4285714285714284,1.6582280766035322,-0.6177043020251941,"(0, 0, 0, 0, 0, 0, 0, 0, 1, 0, 0, 0, 1, 0, 0, 0, 1, 0, 0, 0, 0, 0, 0, 0, 1)",5.0,9.0,9.0,10.0,7.638333333333334,12.038333333333334,12.353666666666667,13.444333333333333,0.0,3.452375581219333,3.1064415673052266,5.031082409171524,6.0,12.0,17.0,8.0,0.13308203427279827,0.07788347987576648,0.005597095211481457,0.02754529232274075,4.0,4.0,5.0,4.4,4.715333333333334,5.805999999999999,3.452375581219333,3.1064415673052266,5.031082409171524,1.571377417297206,2.667909498644048,1.2849901061657456
12,6,1.7142857142857142,1.6582280766035322,-0.9305253162935222,"(0, 0, 1, 0, 1, 0, 1, 1, 1, 0, 1, 0, 0, 0, 0, 0, 1, 1, 0, 0, 0, 1, 1, 0, 0)",7.0,10.0,10.0,12.0,8.354,13.209,12.981,15.136333333333333,0.0,2.934510952896052,3.225069361429803,4.382383585604222,12.0,13.0,18.0,7.0,0.17415489800470707,0.06053213784111394,0.037777399663372,0.0580019932591759,3.0,3.0,5.0,4.855,4.627000000000001,6.782333333333334,2.934510952896052,3.225069361429803,4.382383585604222,3.1846088587173313,2.3247207463278206,3.9796640541219777
12,7,2.0,1.6582280766035322,0.555662594382945,"(1, 1, 0, 1, 0, 1, 0, 1, 0, 0, 0, 1, 0, 1, 1, 1, 0, 0, 0, 1, 1, 1, 0, 1, 1)",8.0,13.0,11.0,14.0,12.173666666666668,16.007,16.214,17.626,0.0,1.5823457173425124,1.8063354809788372,2.5218516836550577,4.0,29.0,4.0,16.0,0.32329594282671764,0.02545130159232642,0.04659610501505047,0.016553600931800354,5.0,3.0,6.0,3.833333333333334,4.040333333333331,5.452333333333334,1.5823457173425124,1.8063354809788372,2.5218516836550577,3.73265086492283,3.7044779618462145,4.859406949467954
13,0,0.0,1.6582280766035322,0.3992624329703496,"(1, 0, 1, 0, 1, 1, 0, 0, 0, 0, 0, 0, 1, 0, 0, 0, 0, 1, 1, 1, 1, 1, 1, 0, 1)",6.0,11.0,9.0,13.0,8.008666666666667,14.948333333333334,14.161333333333333,16.671333333333333,0.0,3.732791161351195,2.729203892256126,4.135464212619752,1.0,7.0,3.0,12.0,0.20548544602693325,0.04147748980571741,0.051573179198894974,0.03164703137863955,5.0,3.0,7.0,6.9396666666666675,6.152666666666667,8.662666666666667,3.732791161351195,2.729203892256126,4.135464212619752,5.317731001086257,5.6768820917345835,7.507134217769006
13,1,0.2857142857142857,1.6582280766035322,-0.7912136915274826,"(0, 0, 1, 0, 0, 0, 0, 0, 1, 0, 0, 0, 1, 0, 1, 0, 1, 1, 1, 0, 1, 0, 1, 0, 1)",7.0,11.0,11.0,13.0,8.299666666666667,14.317,15.208666666666666,18.058333333333334,0.0,3.522463354590443,3.7497879991363807,4.899253277081543,10.0,28.0,11.0,23.0,0.1609023011068278,0.028618733899266308,0.06158002061531357,0.022994558305873537,4.0,4.0,6.0,6.017333333333333,6.908999999999999,9.758666666666667,3.522463354590443,3.7497879991363807,4.899253277081543,4.137063446226718,5.238694039774874,8.05801571843319
13,2,0.5714285714285714,1.6582280766035322,-0.5627192740490146,"(1, 1, 1, 0, 1, 1, 0, 1, 1, 1, 0, 0, 0, 1, 1, 0, 0, 0, 1, 0, 1, 0, 0, 0, 0)",7.0,11.0,11.0,14.0,8.756,14.320666666666666,15.585666666666667,19.201666666666668,0.0,2.7218063525588363,2.0149958472847826,3.827337798852208,4.0,6.0,4.0,4.0,0.16526117551380673,0.07993636550739436,0.016754337599754955,0.024383685917720586,4.0,4.0,7.0,5.564666666666666,6.829666666666666,10.445666666666668,2.7218063525588363,2.0149958472847826,3.827337798852208,4.714110790715539,7.983822332302774,10.974698748805606
13,3,0.8571428571428571,1.6582280766035322,-0.5183912969863196,"(0, 1, 1, 1, 1, 0, 0, 1, 0, 0, 0, 0, 0, 0, 1, 0, 0, 0, 1, 0, 0, 1, 0, 0, 0)",5.0,8.0,9.0,12.0,7.342666666666666,12.394333333333334,13.485,16.163666666666668,0.0,4.4719923883882355,4.103681507818186,5.686211472724766,2.0,2.0,10.0,13.0,0.3014587837373943,0.02231455747141299,0.06902013823290216,0.007733126083834088,3.0,4.0,7.0,5.051666666666668,6.142333333333333,8.821000000000002,4.4719923883882355,4.103681507818186,5.686211472724766,0.9612321635261851,3.380549695488263,5.198194350142433
13,4,1.1428571428571428,1.6582280766035322,0.44098869988923983,"(1, 1, 0, 1, 0, 1, 1, 1, 1, 0, 0, 1, 1, 0, 0, 1, 1, 1, 0, 0, 0, 1, 0, 1, 0)",7.0,11.0,10.0,15.0,10.830666666666668,16.694333333333333,14.675333333333333,18.806,0.0,2.494371159474456,2.5191708815978817,3.7628327266723294,1.0,5.0,1.0,11.0,0.1358832241856386,0.04668667969038943,0.04378399104496551,0.03243856789853311,4.0,3.0,8.0,5.863666666666665,3.844666666666665,7.975333333333333,2.494371159474456,2.5191708815978817,3.7628327266723294,5.5870604084002595,2.1979743262206974,6.98528677867469
13,5,1.4285714285714284,1.6582280766035322,-0.6177043020251941,"(0, 0, 0, 0, 0, 0, 0, 0, 1, 0, 0, 0, 1, 0, 0, 0, 1, 0, 0, 0, 0, 0, 0, 0, 1)",5.0,9.0,9.0,10.0,7.638333333333334,12.038333333333334,12.353666666666667,13.444333333333333,0.0,3.452375581219333,3.1064415673052266,5.031082409171524,6.0,12.0,17.0,8.0,0.13308203427279827,0.07788347987576648,0.005597095211481457,0.02754529232274075,4.0,4.0,5.0,4.4,4.715333333333334,5.805999999999999,3.452375581219333,3.1064415673052266,5.031082409171524,1.571377417297206,2.667909498644048,1.2849901061657456
13,6,1.7142857142857142,1.6582280766035322,-0.9305253162935222,"(0, 0, 1, 0, 1, 0, 1, 1, 1, 0, 1, 0, 0, 0, 0, 0, 1, 1, 0, 0, 0, 1, 1, 0, 0)",7.0,10.0,10.0,12.0,8.354,13.209,12.981,15.136333333333333,0.0,2.934510952896052,3.225069361429803,4.382383585604222,12.0,13.0,18.0,7.0,0.17415489800470707,0.06053213784111394,0.037777399663372,0.0580019932591759,3.0,3.0,5.0,4.855,4.627000000000001,6.782333333333334,2.934510952896052,3.225069361429803,4.382383585604222,3.1846088587173313,2.3247207463278206,3.9796640541219777
13,7,2.0,1.6582280766035322,-0.13773100531344318,"(1, 1, 0, 1, 0, 1, 0, 1, 0, 0, 0, 1, 0, 1, 0, 1, 0, 0, 0, 0, 1, 1, 0, 1, 1)",8.0,12.0,11.0,14.0,11.189,16.661333333333335,15.261666666666667,18.571,0.0,2.7066612027925228,2.2234719660266595,3.1409050741639706,4.0,14.0,1.0,7.0,0.11229097900250577,0.026568783785848746,0.036017117340059884,0.02807717268456571,4.0,3.0,6.0,5.472333333333335,4.072666666666667,7.3820000000000014,2.7066612027925228,2.2234719660266595,3.1409050741639706,4.586115177542684,3.0663865717077234,7.032702681562081
14,0,0.0,1.6582280766035322,0.3992624329703496,"(1, 0, 1, 0, 1, 1, 0, 0, 0, 0, 0, 0, 1, 0, 0, 0, 0, 1, 1, 1, 1, 1, 1, 0, 1)",6.0,11.0,9.0,13.0,8.008666666666667,14.948333333333334,14.161333333333333,16.671333333333333,0.0,3.732791161351195,2.729203892256126,4.135464212619752,1.0,7.0,3.0,12.0,0.20548544602693325,0.04147748980571741,0.051573179198894974,0.03164703137863955,5.0,3.0,7.0,6.9396666666666675,6.152666666666667,8.662666666666667,3.732791161351195,2.729203892256126,4.135464212619752,5.317731001086257,5.6768820917345835,7.507134217769006
14,1,0.2857142857142857,1.6582280766035322,-0.08262805953823948,"(0, 0, 1, 0, 0, 0, 0, 0, 1, 0, 0, 0, 1, 0, 1, 0, 1, 1, 1, 0, 1, 0, 1, 1, 0)",7.0,11.0,10.0,13.0,10.543,15.744666666666667,13.671,18.33,0.0,2.52570245774406,1.8544885818477632,3.7422522737660384,1.0,3.0,2.0,2.0,0.10431547541764241,0.048232997193380964,0.0367328311364538,0.01241217002780972,4.0,3.0,6.0,5.201666666666668,3.128,7.786999999999999,2.52570245774406,1.8544885818477632,3.7422522737660384,4.437358983221629,2.1117723894552203,6.707114242419451
14,2,0.5714285714285714,1.6582280766035322,-0.5627192740490146,"(1, 1, 1, 0, 1, 1, 0, 1, 1, 1, 0, 0, 0, 1, 1, 0, 0, 0, 1, 0, 1, 0, 0, 0, 0)",7.0,11.0,11.0,14.0,8.756,14.320666666666666,15.585666666666667,19.201666666666668,0.0,2.7218063525588363,2.0149958472847826,3.827337798852208,4.0,6.0,4.0,4.0,0.16526117551380673,0.07993636550739436,0.016754337599754955,0.024383685917720586,4.0,4.0,7.0,5.564666666666666,6.829666666666666,10.445666666666668,2.7218063525588363,2.0149958472847826,3.827337798852208,4.714110790715539,7.983822332302774,10.974698748805606
14,3,0.8571428571428571,1.6582280766035322,-0.5183912969863196,"(0, 1, 1, 1, 1, 0, 0, 1, 0, 0, 0, 0, 0, 0, 1, 0, 0, 0, 1, 0, 0, 1, 0, 0, 0)",5.0,8.0,9.0,12.0,7.342666666666666,12.394333333333334,13.485,16.163666666666668,0.0,4.4719923883882355,4.103681507818186,5.686211472724766,2.0,2.0,10.0,13.0,0.3014587837373943,0.02231455747141299,0.06902013823290216,0.007733126083834088,3.0,4.0,7.0,5.051666666666668,6.142333333333333,8.821000000000002,4.4719923883882355,4.103681507818186,5.686211472724766,0.9612321635261851,3.380549695488263,5.198194350142433
14,4,1.1428571428571428,1.6582280766035322,0.44098869988923983,"(1, 1, 0, 1, 0, 1, 1, 1, 1, 0, 0, 1, 1, 0, 0, 1, 1, 1, 0, 0, 0, 1, 0, 1, 0)",7.0,11.0,10.0,15.0,10.830666666666668,16.694333333333333,14.675333333333333,18.806,0.0,2.494371159474456,2.5191708815978817,3.7628327266723294,1.0,5.0,1.0,11.0,0.1358832241856386,0.04668667969038943,0.04378399104496551,0.03243856789853311,4.0,3.0,8.0,5.863666666666665,3.844666666666665,7.975333333333333,2.494371159474456,2.5191708815978817,3.7628327266723294,5.5870604084002595,2.1979743262206974,6.98528677867469
14,5,1.4285714285714284,1.6582280766035322,-1.1670705564381638,"(0, 0, 0, 0, 0, 0, 0, 0, 1, 0, 0, 0, 1, 0, 0, 0, 1, 0, 0, 1, 0, 0, 0, 0, 0)",4.0,8.0,8.0,11.0,6.046333333333333,14.591,13.532333333333334,17.074666666666666,0.0,5.435515024676922,4.796820843838462,6.993917771068921,2.0,2.0,1.0,7.0,0.0674598000047291,0.027021386715553496,0.07020894959256067,0.004300214978176233,4.0,4.0,7.0,8.544666666666666,7.486000000000001,11.028333333333332,5.435515024676922,4.796820843838462,6.993917771068921,5.155682547165367,4.459272379764059,6.689981158033072
14,6,1.7142857142857142,1.6582280766035322,0.3809111497003068,"(0, 0, 1, 0, 1, 0, 1, 1, 0, 0, 1, 0, 0, 1, 0, 0, 1, 1, 0, 0, 0, 1, 1, 0, 0)",7.0,10.0,11.0,14.0,9.762333333333334,13.725666666666667,15.080666666666668,18.286666666666665,0.0,2.07007665656263,2.3096998260100423,4.175676243477389,2.0,1.0,2.0,15.0,0.18309229408594802,0.06873502797376152,0.05948287104083496,0.03361532364955322,3.0,4.0,7.0,3.963333333333333,5.318333333333333,8.524333333333331,2.07007665656263,2.3096998260100423,4.175676243477389,3.139451377638278,4.98900055405364,7.211065281920133
14,7,2.0,1.6582280766035322,0.01584036110897058,"(1, 1, 1, 0, 0, 1, 0, 1, 0, 0, 0, 1, 0, 1, 0, 1, 0, 0, 0, 0, 1, 1, 0, 1, 1)",7.0,11.0,12.0,13.0,12.250333333333334,15.782333333333334,15.639,19.498,0.0,2.8792643208105435,3.2262761829744417,4.238965281734423,1.0,7.0,2.0,4.0,0.15468060861625957,0.011047947229421961,0.016505472864820594,0.00940972377538274,4.0,5.0,6.0,3.532,3.3886666666666656,7.247666666666667,2.8792643208105435,3.2262761829744417,4.238965281734423,1.0823846298328328,0.26928045943167367,4.98911311061058
15,0,0.0,1.6582280766035322,0.8190950579065978,"(1, 0, 1, 0, 1, 1, 0, 0, 0, 1, 0, 0, 1, 0, 1, 0, 0, 1, 1, 1, 1, 1, 1, 0, 1)",7.0,12.0,10.0,13.0,11.420333333333334,15.367666666666667,17.364,17.347,0.0,2.1111454385931774,2.4009576444924563,3.38865356118674,1.0,16.0,2.0,1.0,0.03796790901865946,0.056448700119433114,0.018595327831992456,0.06297927147853495,5.0,3.0,6.0,3.947333333333333,5.943666666666667,5.926666666666668,2.1111454385931774,2.4009576444924563,3.38865356118674,3.044818320977657,5.874619567805922,4.208604590294538
15,1,0.2857142857142857,1.6582280766035322,0.493745318510207,"(0, 0, 1, 0, 0, 0, 0, 0, 0, 0, 0, 0, 1, 1, 1, 0, 1, 1, 1, 0, 1, 0, 1, 1, 0)",6.0,11.0,9.0,12.0,9.157666666666668,14.890333333333333,12.266,17.604666666666667,0.0,2.8768967396122833,3.220509234219143,4.583747748373111,2.0,31.0,3.0,1.0,0.1214537915757082,0.05140973795758995,0.12064407981094281,0.013339162288078283,5.0,3.0,6.0,5.732666666666665,3.1083333333333325,8.447,2.8768967396122833,3.220509234219143,4.583747748373111,4.735517873361597,-0.18601322836714607,6.40615335064952
15,2,0.5714285714285714,1.6582280766035322,-0.7103765163418707,"(0, 1, 1, 0, 1, 0, 0, 1, 1, 1, 0, 0, 0, 1, 1, 0, 0, 0, 1, 0, 1, 0, 0, 0, 0)",6.0,10.0,10.0,13.0,10.443666666666667,15.302666666666667,14.849,18.229333333333333,0.0,2.991286839763316,2.815662061694595,4.439905675105958,2.0,2.0,4.0,2.0,0.2650543750714259,0.015442432917331465,0.0109553582488575,0.026790084053221332,4.0,4.0,7.0,4.859,4.405333333333333,7.785666666666666,2.991286839763316,2.815662061694595,4.439905675105958,3.0970944013463813,2.636037535201396,5.548034813810839
15,3,0.8571428571428571,1.6582280766035322,-0.5183912969863196,"(0, 1, 1, 1, 1, 0, 0, 1, 0, 0, 0, 0, 0, 0, 1, 0, 0, 0, 1, 0, 0, 1, 0, 0, 0)",5.0,8.0,9.0,12.0,7.342666666666666,12.394333333333334,13.485,16.163666666666668,0.0,4.4719923883882355,4.103681507818186,5.686211472724766,2.0,2.0,10.0,13.0,0.3014587837373943,0.02231455747141299,0.06902013823290216,0.007733126083834088,3.0,4.0,7.0,5.051666666666668,6.142333333333333,8.821000000000002,4.4719923883882355,4.103681507818186,5.686211472724766,0.9612321635261851,3.380549695488263,5.198194350142433
15,4,1.1428571428571428,1.6582280766035322,0.44098869988923983,"(1, 1, 0, 1, 0, 1, 1, 1, 1, 0, 0, 1, 1, 0, 0, 1, 1, 1, 0, 0, 0, 1, 0, 1, 0)",7.0,11.0,10.0,15.0,10.830666666666668,16.694333333333333,14.675333333333333,18.806,0.0,2.494371159474456,2.5191708815978817,3.7628327266723294,1.0,5.0,1.0,11.0,0.1358832241856386,0.04668667969038943,0.04378399104496551,0.03243856789853311,4.0,3.0,8.0,5.863666666666665,3.844666666666665,7.975333333333333,2.494371159474456,2.5191708815978817,3.7628327266723294,5.5870604084002595,2.1979743262206974,6.98528677867469
15,5,1.4285714285714284,1.6582280766035322,0.05072109013573023,"(0, 0, 0, 0, 0, 0, 0, 0, 1, 0, 0, 0, 1, 0, 0, 0, 1, 0, 0, 1, 0, 0, 0, 1, 1)",5.0,10.0,9.0,11.0,6.542666666666666,13.988333333333333,13.712666666666667,16.044666666666668,0.0,2.895551805474071,4.279886665713717,4.249485817642652,2.0,6.0,4.0,15.0,0.25205215513134327,0.048545064499594,0.05388950536509483,0.017480599593296096,5.0,4.0,6.0,7.445666666666667,7.170000000000001,9.502000000000002,2.895551805474071,4.279886665713717,4.249485817642652,7.545128214600545,4.792467075479765,8.709866489943204
15,6,1.7142857142857142,1.6582280766035322,0.3809111497003068,"(0, 0, 1, 0, 1, 0, 1, 1, 0, 0, 1, 0, 0, 1, 0, 0, 1, 1, 0, 0, 0, 1, 1, 0, 0)",7.0,10.0,11.0,14.0,9.762333333333334,13.725666666666667,15.080666666666668,18.286666666666665,0.0,2.07007665656263,2.3096998260100423,4.175676243477389,2.0,1.0,2.0,15.0,0.18309229408594802,0.06873502797376152,0.05948287104083496,0.03361532364955322,3.0,4.0,7.0,3.963333333333333,5.318333333333333,8.524333333333331,2.07007665656263,2.3096998260100423,4.175676243477389,3.139451377638278,4.98900055405364,7.211065281920133
15,7,2.0,1.6582280766035322,-1.018388897689095,"(1, 1, 1, 0, 0, 1, 0, 1, 0, 0, 0, 1, 0, 1, 0, 1, 0, 0, 0, 0, 1, 0, 1, 1, 1)",8.0,11.0,12.0,14.0,10.043333333333333,15.485333333333333,16.546666666666667,18.504,0.0,1.5062514733828185,1.5670439571467432,3.125501977807963,10.0,4.0,5.0,5.0,0.11640997126947532,0.03464367150867895,0.05655099127271604,0.03598327229380326,3.0,4.0,6.0,5.442,6.503333333333334,8.460666666666668,1.5062514733828185,1.5670439571467432,3.125501977807963,6.526368709287595,8.18549363783234,8.846919880369255
16,0,0.0,1.6582280766035322,0.8190950579065978,"(1, 0, 1, 0, 1, 1, 0, 0, 0, 1, 0, 0, 1, 0, 1, 0, 0, 1, 1, 1, 1, 1, 1, 0, 1)",7.0,12.0,10.0,13.0,11.420333333333334,15.367666666666667,17.364,17.347,0.0,2.1111454385931774,2.4009576444924563,3.38865356118674,1.0,16.0,2.0,1.0,0.03796790901865946,0.056448700119433114,0.018595327831992456,0.06297927147853495,5.0,3.0,6.0,3.947333333333333,5.943666666666667,5.926666666666668,2.1111454385931774,2.4009576444924563,3.38865356118674,3.044818320977657,5.874619567805922,4.208604590294538
16,1,0.2857142857142857,1.6582280766035322,0.493745318510207,"(0, 0, 1, 0, 0, 0, 0, 0, 0, 0, 0, 0, 1, 1, 1, 0, 1, 1, 1, 0, 1, 0, 1, 1, 0)",6.0,11.0,9.0,12.0,9.157666666666668,14.890333333333333,12.266,17.604666666666667,0.0,2.8768967396122833,3.220509234219143,4.583747748373111,2.0,31.0,3.0,1.0,0.1214537915757082,0.05140973795758995,0.12064407981094281,0.013339162288078283,5.0,3.0,6.0,5.732666666666665,3.1083333333333325,8.447,2.8768967396122833,3.220509234219143,4.583747748373111,4.735517873361597,-0.18601322836714607,6.40615335064952
16,2,0.5714285714285714,1.6582280766035322,-0.7103765163418707,"(0, 1, 1, 0, 1, 0, 0, 1, 1, 1, 0, 0, 0, 1, 1, 0, 0, 0, 1, 0, 1, 0, 0, 0, 0)",6.0,10.0,10.0,13.0,10.443666666666667,15.302666666666667,14.849,18.229333333333333,0.0,2.991286839763316,2.815662061694595,4.439905675105958,2.0,2.0,4.0,2.0,0.2650543750714259,0.015442432917331465,0.0109553582488575,0.026790084053221332,4.0,4.0,7.0,4.859,4.405333333333333,7.785666666666666,2.991286839763316,2.815662061694595,4.439905675105958,3.0970944013463813,2.636037535201396,5.548034813810839
16,3,0.8571428571428571,1.6582280766035322,-1.4584572315174293,"(0, 1, 1, 0, 0, 0, 0, 1, 0, 0, 0, 0, 0, 0, 1, 0, 0, 0, 1, 0, 0, 1, 0, 0, 0)",4.0,8.0,8.0,11.0,4.7203333333333335,11.255,10.698,17.177,0.0,4.546842961290479,4.254340740955819,6.40324771780454,2.0,2.0,3.0,1.0,0.3079171600038722,0.07369778398359292,0.002259510628732264,0.03367477906171478,4.0,4.0,7.0,6.534666666666667,5.977666666666667,12.456666666666667,4.546842961290479,4.254340740955819,6.40324771780454,3.296265079592863,2.8576674351525004,10.037949260447022
16,4,1.1428571428571428,1.6582280766035322,0.14045254290411247,"(1, 1, 0, 1, 0, 1, 1, 1, 1, 0, 0, 1, 1, 0, 0, 0, 0, 1, 0, 0, 0, 1, 0, 1, 0)",6.0,10.0,9.0,13.0,8.354666666666667,15.576666666666666,13.185,17.645,0.0,2.3365078465818008,2.6813824370025214,4.156164426442687,1.0,6.0,1.0,2.0,0.2166068533260092,0.08618587143748507,0.016790974518093103,0.019272123887466675,4.0,3.0,7.0,7.2219999999999995,4.830333333333334,9.290333333333333,2.3365078465818008,2.6813824370025214,4.156164426442687,8.101260256824308,3.5634507115380796,8.513623031430935
16,5,1.4285714285714284,1.6582280766035322,0.05072109013573023,"(0, 0, 0, 0, 0, 0, 0, 0, 1, 0, 0, 0, 1, 0, 0, 0, 1, 0, 0, 1, 0, 0, 0, 1, 1)",5.0,10.0,9.0,11.0,6.542666666666666,13.988333333333333,13.712666666666667,16.044666666666668,0.0,2.895551805474071,4.279886665713717,4.249485817642652,2.0,6.0,4.0,15.0,0.25205215513134327,0.048545064499594,0.05388950536509483,0.017480599593296096,5.0,4.0,6.0,7.445666666666667,7.170000000000001,9.502000000000002,2.895551805474071,4.279886665713717,4.249485817642652,7.545128214600545,4.792467075479765,8.709866489943204
16,6,1.7142857142857142,1.6582280766035322,0.3809111497003068,"(0, 0, 1, 0, 1, 0, 1, 1, 0, 0, 1, 0, 0, 1, 0, 0, 1, 1, 0, 0, 0, 1, 1, 0, 0)",7.0,10.0,11.0,14.0,9.762333333333334,13.725666666666667,15.080666666666668,18.286666666666665,0.0,2.07007665656263,2.3096998260100423,4.175676243477389,2.0,1.0,2.0,15.0,0.18309229408594802,0.06873502797376152,0.05948287104083496,0.03361532364955322,3.0,4.0,7.0,3.963333333333333,5.318333333333333,8.524333333333331,2.07007665656263,2.3096998260100423,4.175676243477389,3.139451377638278,4.98900055405364,7.211065281920133
16,7,2.0,1.6582280766035322,-0.39673375532572086,"(1, 1, 1, 0, 0, 1, 0, 1, 0, 0, 0, 1, 0, 1, 0, 0, 1, 0, 0, 0, 1, 0, 1, 1, 1)",7.0,10.0,11.0,13.0,11.006333333333334,16.643333333333334,15.621333333333334,19.014666666666667,0.0,3.4059912569654522,3.4485708690213484,4.10334064982466,2.0,1.0,10.0,1.0,0.07139251600742037,0.02830993693150201,0.10392308179720243,0.01878786034923407,3.0,4.0,6.0,5.6370000000000005,4.615,8.008333333333333,3.4059912569654522,3.4485708690213484,4.10334064982466,3.699521336847843,1.9342055343570594,6.475368506725452
17,0,0.0,1.6582280766035322,-0.1135839165235411,"(1, 0, 0, 1, 1, 1, 0, 0, 0, 1, 0, 0, 1, 0, 1, 0, 0, 1, 1, 1, 1, 1, 1, 0, 1)",7.0,10.0,11.0,13.0,11.499666666666666,16.082666666666668,15.874666666666666,17.525333333333332,0.0,1.3236805621487706,2.2451671166955567,2.9606004079679464,1.0,2.0,1.0,2.0,0.15770847619625233,0.07267144563205676,0.044260669748606145,0.06720258339286239,3.0,4.0,6.0,4.583000000000002,4.375,6.025666666666666,1.3236805621487706,2.2451671166955567,2.9606004079679464,5.404695002464553,3.5317486855688824,5.082578926824362
17,1,0.2857142857142857,1.6582280766035322,-0.880245400509136,"(0, 0, 1, 0, 0, 0, 0, 0, 0, 0, 0, 0, 1, 1, 1, 0, 1, 1, 1, 0, 0, 1, 1, 1, 0)",5.0,10.0,8.0,12.0,9.708666666666666,14.102333333333334,13.708,14.989,0.0,4.136827644593849,3.240334272112758,5.537975095054613,1.0,1.0,1.0,2.0,0.15770917932595382,0.014336931793066636,0.04840604122768885,0.02373944150585481,5.0,3.0,7.0,4.393666666666668,3.9993333333333343,5.280333333333335,4.136827644593849,3.240334272112758,5.537975095054613,0.42589767756854346,1.258593553431683,-0.4272288029918212
17,2,0.5714285714285714,1.6582280766035322,-0.7103765163418707,"(0, 1, 1, 0, 1, 0, 0, 1, 1, 1, 0, 0, 0, 1, 1, 0, 0, 0, 1, 0, 1, 0, 0, 0, 0)",6.0,10.0,10.0,13.0,10.443666666666667,15.302666666666667,14.849,18.229333333333333,0.0,2.991286839763316,2.815662061694595,4.439905675105958,2.0,2.0,4.0,2.0,0.2650543750714259,0.015442432917331465,0.0109553582488575,0.026790084053221332,4.0,4.0,7.0,4.859,4.405333333333333,7.785666666666666,2.991286839763316,2.815662061694595,4.439905675105958,3.0970944013463813,2.636037535201396,5.548034813810839
17,3,0.8571428571428571,1.6582280766035322,-1.4584572315174293,"(0, 1, 1, 0, 0, 0, 0, 1, 0, 0, 0, 0, 0, 0, 1, 0, 0, 0, 1, 0, 0, 1, 0, 0, 0)",4.0,8.0,8.0,11.0,4.7203333333333335,11.255,10.698,17.177,0.0,4.546842961290479,4.254340740955819,6.40324771780454,2.0,2.0,3.0,1.0,0.3079171600038722,0.07369778398359292,0.002259510628732264,0.03367477906171478,4.0,4.0,7.0,6.534666666666667,5.977666666666667,12.456666666666667,4.546842961290479,4.254340740955819,6.40324771780454,3.296265079592863,2.8576674351525004,10.037949260447022
17,4,1.1428571428571428,1.6582280766035322,0.14045254290411247,"(1, 1, 0, 1, 0, 1, 1, 1, 1, 0, 0, 1, 1, 0, 0, 0, 0, 1, 0, 0, 0, 1, 0, 1, 0)",6.0,10.0,9.0,13.0,8.354666666666667,15.576666666666666,13.185,17.645,0.0,2.3365078465818008,2.6813824370025214,4.156164426442687,1.0,6.0,1.0,2.0,0.2166068533260092,0.08618587143748507,0.016790974518093103,0.019272123887466675,4.0,3.0,7.0,7.2219999999999995,4.830333333333334,9.290333333333333,2.3365078465818008,2.6813824370025214,4.156164426442687,8.101260256824308,3.5634507115380796,8.513623031430935
17,5,1.4285714285714284,1.6582280766035322,0.05072109013573023,"(0, 0, 0, 0, 0, 0, 0, 0, 1, 0, 0, 0, 1, 0, 0, 0, 1, 0, 0, 1, 0, 0, 0, 1, 1)",5.0,10.0,9.0,11.0,6.542666666666666,13.988333333333333,13.712666666666667,16.044666666666668,0.0,2.895551805474071,4.279886665713717,4.249485817642652,2.0,6.0,4.0,15.0,0.25205215513134327,0.048545064499594,0.05388950536509483,0.017480599593296096,5.0,4.0,6.0,7.445666666666667,7.170000000000001,9.502000000000002,2.895551805474071,4.279886665713717,4.249485817642652,7.545128214600545,4.792467075479765,8.709866489943204
17,6,1.7142857142857142,1.6582280766035322,0.3809111497003068,"(0, 0, 1, 0, 1, 0, 1, 1, 0, 0, 1, 0, 0, 1, 0, 0, 1, 1, 0, 0, 0, 1, 1, 0, 0)",7.0,10.0,11.0,14.0,9.762333333333334,13.725666666666667,15.080666666666668,18.286666666666665,0.0,2.07007665656263,2.3096998260100423,4.175676243477389,2.0,1.0,2.0,15.0,0.18309229408594802,0.06873502797376152,0.05948287104083496,0.03361532364955322,3.0,4.0,7.0,3.963333333333333,5.318333333333333,8.524333333333331,2.07007665656263,2.3096998260100423,4.175676243477389,3.139451377638278,4.98900055405364,7.211065281920133
17,7,2.0,1.6582280766035322,-0.7427170675161676,"(1, 1, 1, 0, 0, 1, 0, 0, 0, 0, 0, 1, 1, 1, 0, 0, 1, 0, 0, 0, 1, 0, 1, 1, 1)",6.0,10.0,10.0,13.0,9.947333333333333,14.845666666666666,15.266333333333334,17.53933333333333,0.0,3.504711101792583,3.8035698630875565,4.712370972848325,1.0,2.0,2.0,3.0,0.13813265882612236,0.03135731008733809,0.03144910148456616,0.014272069031904316,4.0,4.0,7.0,4.898333333333333,5.319000000000001,7.591999999999999,3.504711101792583,3.8035698630875565,4.712370972848325,2.310943512519741,2.51292880115935,4.77508170302542
18,0,0.0,1.6582280766035322,-0.8447699775669382,"(1, 0, 0, 1, 1, 1, 0, 0, 0, 1, 0, 1, 1, 0, 1, 0, 1, 1, 1, 1, 1, 1, 1, 0, 1)",8.0,10.0,12.0,13.0,11.956,14.401666666666667,16.206333333333333,18.374,0.0,1.5037272817550986,2.413845761598948,2.3792624938235605,3.0,1.0,2.0,1.0,0.1982692626573654,0.08979101201200244,0.01712663461240017,0.01803184363045584,2.0,4.0,5.0,2.4456666666666678,4.250333333333334,6.417999999999999,1.5037272817550986,2.413845761598948,2.3792624938235605,1.5619503345190255,3.045315253783402,6.697147926773503
18,1,0.2857142857142857,1.6582280766035322,-0.880245400509136,"(0, 0, 1, 0, 0, 0, 0, 0, 0, 0, 0, 0, 1, 1, 1, 0, 1, 1, 1, 0, 0, 1, 1, 1, 0)",5.0,10.0,8.0,12.0,9.708666666666666,14.102333333333334,13.708,14.989,0.0,4.136827644593849,3.240334272112758,5.537975095054613,1.0,1.0,1.0,2.0,0.15770917932595382,0.014336931793066636,0.04840604122768885,0.02373944150585481,5.0,3.0,7.0,4.393666666666668,3.9993333333333343,5.280333333333335,4.136827644593849,3.240334272112758,5.537975095054613,0.42589767756854346,1.258593553431683,-0.4272288029918212
18,2,0.5714285714285714,1.6582280766035322,-0.7770921623338266,"(0, 1, 0, 0, 1, 0, 0, 0, 1, 1, 0, 0, 0, 1, 1, 0, 0, 0, 1, 0, 1, 0, 0, 0, 0)",6.0,10.0,10.0,13.0,6.9093333333333335,14.319,11.956666666666667,17.072333333333333,0.0,4.081415189700682,3.8218748585776186,6.133923841029517,8.0,5.0,18.0,28.0,0.23896377668406005,0.020834500468769213,0.12570237046377825,0.019897639884344474,4.0,4.0,7.0,7.409666666666667,5.0473333333333334,10.163,4.081415189700682,3.8218748585776186,6.133923841029517,5.519000045102172,2.032089649551667,6.681127209578771
18,3,0.8571428571428571,1.6582280766035322,-0.1836448734631605,"(0, 1, 1, 0, 0, 0, 0, 1, 0, 0, 0, 0, 0, 0, 1, 0, 0, 0, 1, 0, 1, 0, 0, 0, 0)",5.0,9.0,9.0,11.0,6.605,13.190666666666667,12.926333333333334,15.002666666666666,0.0,3.6151859412071903,2.5385537253377373,4.683527016693626,4.0,3.0,10.0,16.0,0.22788433547080078,0.04478120987039584,0.09511196214087739,0.016729697067608948,4.0,4.0,6.0,6.585666666666667,6.3213333333333335,8.397666666666666,3.6151859412071903,2.5385537253377373,4.683527016693626,4.925734539966532,6.2727113535816015,6.1588906480117105
18,4,1.1428571428571428,1.6582280766035322,0.14045254290411247,"(1, 1, 0, 1, 0, 1, 1, 1, 1, 0, 0, 1, 1, 0, 0, 0, 0, 1, 0, 0, 0, 1, 0, 1, 0)",6.0,10.0,9.0,13.0,8.354666666666667,15.576666666666666,13.185,17.645,0.0,2.3365078465818008,2.6813824370025214,4.156164426442687,1.0,6.0,1.0,2.0,0.2166068533260092,0.08618587143748507,0.016790974518093103,0.019272123887466675,4.0,3.0,7.0,7.2219999999999995,4.830333333333334,9.290333333333333,2.3365078465818008,2.6813824370025214,4.156164426442687,8.101260256824308,3.5634507115380796,8.513623031430935
18,5,1.4285714285714284,1.6582280766035322,0.05072109013573023,"(0, 0, 0, 0, 0, 0, 0, 0, 1, 0, 0, 0, 1, 0, 0, 0, 1, 0, 0, 1, 0, 0, 0, 1, 1)",5.0,10.0,9.0,11.0,6.542666666666666,13.988333333333333,13.712666666666667,16.044666666666668,0.0,2.895551805474071,4.279886665713717,4.249485817642652,2.0,6.0,4.0,15.0,0.25205215513134327,0.048545064499594,0.05388950536509483,0.017480599593296096,5.0,4.0,6.0,7.445666666666667,7.170000000000001,9.502000000000002,2.895551805474071,4.279886665713717,4.249485817642652,7.545128214600545,4.792467075479765,8.709866489943204
18,6,1.7142857142857142,1.6582280766035322,0.3809111497003068,"(0, 0, 1, 0, 1, 0, 1, 1, 0, 0, 1, 0, 0, 1, 0, 0, 1, 1, 0, 0, 0, 1, 1, 0, 0)",7.0,10.0,11.0,14.0,9.762333333333334,13.725666666666667,15.080666666666668,18.286666666666665,0.0,2.07007665656263,2.3096998260100423,4.175676243477389,2.0,1.0,2.0,15.0,0.18309229408594802,0.06873502797376152,0.05948287104083496,0.03361532364955322,3.0,4.0,7.0,3.963333333333333,5.318333333333333,8.524333333333331,2.07007665656263,2.3096998260100423,4.175676243477389,3.139451377638278,4.98900055405364,7.211065281920133
18,7,2.0,1.6582280766035322,-0.7427170675161676,"(1, 1, 1, 0, 0, 1, 0, 0, 0, 0, 0, 1, 1, 1, 0, 0, 1, 0, 0, 0, 1, 0, 1, 1, 1)",6.0,10.0,10.0,13.0,9.947333333333333,14.845666666666666,15.266333333333334,17.53933333333333,0.0,3.504711101792583,3.8035698630875565,4.712370972848325,1.0,2.0,2.0,3.0,0.13813265882612236,0.03135731008733809,0.03144910148456616,0.014272069031904316,4.0,4.0,7.0,4.898333333333333,5.319000000000001,7.591999999999999,3.504711101792583,3.8035698630875565,4.712370972848325,2.310943512519741,2.51292880115935,4.77508170302542
19,0,0.0,1.6582280766035322,-0.8447699775669382,"(1, 0, 0, 1, 1, 1, 0, 0, 0, 1, 0, 1, 1, 0, 1, 0, 1, 1, 1, 1, 1, 1, 1, 0, 1)",8.0,10.0,12.0,13.0,11.956,14.401666666666667,16.206333333333333,18.374,0.0,1.5037272817550986,2.413845761598948,2.3792624938235605,3.0,1.0,2.0,1.0,0.1982692626573654,0.08979101201200244,0.01712663461240017,0.01803184363045584,2.0,4.0,5.0,2.4456666666666678,4.250333333333334,6.417999999999999,1.5037272817550986,2.413845761598948,2.3792624938235605,1.5619503345190255,3.045315253783402,6.697147926773503
19,1,0.2857142857142857,1.6582280766035322,-0.880245400509136,"(0, 0, 1, 0, 0, 0, 0, 0, 0, 0, 0, 0, 1, 1, 1, 0, 1, 1, 1, 0, 0, 1, 1, 1, 0)",5.0,10.0,8.0,12.0,9.708666666666666,14.102333333333334,13.708,14.989,0.0,4.136827644593849,3.240334272112758,5.537975095054613,1.0,1.0,1.0,2.0,0.15770917932595382,0.014336931793066636,0.04840604122768885,0.02373944150585481,5.0,3.0,7.0,4.393666666666668,3.9993333333333343,5.280333333333335,4.136827644593849,3.240334272112758,5.537975095054613,0.42589767756854346,1.258593553431683,-0.4272288029918212
19,2,0.5714285714285714,1.6582280766035322,0.04459177170534501,"(0, 1, 0, 0, 1, 0, 0, 0, 1, 1, 0, 0, 0, 1, 1, 0, 0, 0, 1, 0, 0, 0, 0, 0, 1)",6.0,10.0,10.0,13.0,7.5633333333333335,17.342333333333332,14.703666666666667,16.069,0.0,4.19854136617811,3.342398210227706,5.0777338923933035,3.0,7.0,5.0,30.0,0.18816954236702996,0.0021778597095394887,0.05268185442846574,0.011098069127942952,4.0,4.0,7.0,9.779,7.140333333333333,8.505666666666666,4.19854136617811,3.342398210227706,5.0777338923933035,9.253673186928047,6.2978426542524435,5.684294371009528
19,3,0.8571428571428571,1.6582280766035322,-0.1836448734631605,"(0, 1, 1, 0, 0, 0, 0, 1, 0, 0, 0, 0, 0, 0, 1, 0, 0, 0, 1, 0, 1, 0, 0, 0, 0)",5.0,9.0,9.0,11.0,6.605,13.190666666666667,12.926333333333334,15.002666666666666,0.0,3.6151859412071903,2.5385537253377373,4.683527016693626,4.0,3.0,10.0,16.0,0.22788433547080078,0.04478120987039584,0.09511196214087739,0.016729697067608948,4.0,4.0,6.0,6.585666666666667,6.3213333333333335,8.397666666666666,3.6151859412071903,2.5385537253377373,4.683527016693626,4.925734539966532,6.2727113535816015,6.1588906480117105
19,4,1.1428571428571428,1.6582280766035322,0.14045254290411247,"(1, 1, 0, 1, 0, 1, 1, 1, 1, 0, 0, 1, 1, 0, 0, 0, 0, 1, 0, 0, 0, 1, 0, 1, 0)",6.0,10.0,9.0,13.0,8.354666666666667,15.576666666666666,13.185,17.645,0.0,2.3365078465818008,2.6813824370025214,4.156164426442687,1.0,6.0,1.0,2.0,0.2166068533260092,0.08618587143748507,0.016790974518093103,0.019272123887466675,4.0,3.0,7.0,7.2219999999999995,4.830333333333334,9.290333333333333,2.3365078465818008,2.6813824370025214,4.156164426442687,8.101260256824308,3.5634507115380796,8.513623031430935
19,5,1.4285714285714284,1.6582280766035322,0.06012712738064829,"(0, 0, 0, 0, 0, 0, 0, 0, 1, 0, 0, 0, 1, 0, 0, 0, 1, 0, 0, 0, 0, 0, 0, 1, 0)",4.0,9.0,8.0,11.0,4.881,12.752666666666666,11.278333333333334,13.346333333333334,0.0,4.976554342585878,3.8082681759712664,6.327641729889623,2.0,27.0,4.0,28.0,0.14506160497780052,0.06893285114379935,0.07723933323845444,0.056297101021098375,5.0,4.0,7.0,7.871666666666666,6.397333333333334,8.465333333333334,4.976554342585878,3.8082681759712664,6.327641729889623,4.800756540711667,4.293260536093722,3.5447802359499847
19,6,1.7142857142857142,1.6582280766035322,0.3809111497003068,"(0, 0, 1, 0, 1, 0, 1, 1, 0, 0, 1, 0, 0, 1, 0, 0, 1, 1, 0, 0, 0, 1, 1, 0, 0)",7.0,10.0,11.0,14.0,9.762333333333334,13.725666666666667,15.080666666666668,18.286666666666665,0.0,2.07007665656263,2.3096998260100423,4.175676243477389,2.0,1.0,2.0,15.0,0.18309229408594802,0.06873502797376152,0.05948287104083496,0.03361532364955322,3.0,4.0,7.0,3.963333333333333,5.318333333333333,8.524333333333331,2.07007665656263,2.3096998260100423,4.175676243477389,3.139451377638278,4.98900055405364,7.211065281920133
19,7,2.0,1.6582280766035322,-0.7427170675161676,"(1, 1, 1, 0, 0, 1, 0, 0, 0, 0, 0, 1, 1, 1, 0, 0, 1, 0, 0, 0, 1, 0, 1, 1, 1)",6.0,10.0,10.0,13.0,9.947333333333333,14.845666666666666,15.266333333333334,17.53933333333333,0.0,3.504711101792583,3.8035698630875565,4.712370972848325,1.0,2.0,2.0,3.0,0.13813265882612236,0.03135731008733809,0.03144910148456616,0.014272069031904316,4.0,4.0,7.0,4.898333333333333,5.319000000000001,7.591999999999999,3.504711101792583,3.8035698630875565,4.712370972848325,2.310943512519741,2.51292880115935,4.77508170302542
20,0,0.0,1.6582280766035322,0.4904885056204781,"(0, 0, 1, 0, 0, 0, 0, 0, 0, 0, 1, 1, 1, 1, 1, 0, 1, 1, 1, 0, 0, 1, 1, 1, 0)",6.0,10.0,10.0,13.0,10.029333333333334,13.667,14.124,17.935666666666666,0.0,2.110933553894501,1.8929410484685585,3.3218914563470436,1.0,2.0,6.0,8.0,0.04503554657336853,0.021460044143794616,0.04328772903183822,0.005941008653933076,4.0,4.0,7.0,3.637666666666666,4.094666666666667,7.9063333333333325,2.110933553894501,1.8929410484685585,3.3218914563470436,2.531671713079111,3.6509632370733724,7.6020502359756605
20,1,0.2857142857142857,1.6582280766035322,0.1473562723400379,"(0, 1, 0, 0, 1, 0, 0, 0, 0, 0, 0, 0, 0, 1, 1, 0, 0, 0, 1, 0, 0, 0, 0, 0, 1)",5.0,8.0,10.0,12.0,7.527333333333333,11.417666666666667,12.696666666666667,15.568333333333333,0.0,2.550474542732875,3.014345422406307,4.222677797070895,3.0,3.0,21.0,10.0,0.18674781612235716,0.0636186943669798,0.06524837132289468,0.02287105464824008,3.0,5.0,7.0,3.8903333333333343,5.169333333333334,8.041,2.550474542732875,3.014345422406307,4.222677797070895,2.2217914652577346,3.5734614586403888,6.3316490824156935
20,2,0.5714285714285714,1.6582280766035322,-0.1836448734631605,"(0, 1, 1, 0, 0, 0, 0, 1, 0, 0, 0, 0, 0, 0, 1, 0, 0, 0, 1, 0, 1, 0, 0, 0, 0)",5.0,9.0,9.0,11.0,6.605,13.190666666666667,12.926333333333334,15.002666666666666,0.0,3.6151859412071903,2.5385537253377373,4.683527016693626,4.0,3.0,10.0,16.0,0.22788433547080078,0.04478120987039584,0.09511196214087739,0.016729697067608948,4.0,4.0,6.0,6.585666666666667,6.3213333333333335,8.397666666666666,3.6151859412071903,2.5385537253377373,4.683527016693626,4.925734539966532,6.2727113535816015,6.1588906480117105
20,3,0.8571428571428571,1.6582280766035322,-1.6391649781024697,"(1, 1, 0, 1, 0, 1, 1, 1, 1, 0, 1, 1, 1, 0, 0, 1, 0, 1, 0, 0, 0, 1, 0, 1, 0)",9.0,10.0,11.0,12.0,11.795666666666667,15.882333333333333,14.725333333333333,18.249666666666666,0.0,1.6837555766050236,2.7901069245584944,4.040466168586777,35.0,5.0,7.0,1.0,0.16175152589789799,0.014438039945636,0.05323635569480343,0.0109487638109279,1.0,2.0,3.0,4.086666666666666,2.929666666666666,6.453999999999999,1.6837555766050236,2.7901069245584944,4.040466168586777,3.9845746351222138,0.23142188272731834,4.002189563081901
20,4,1.1428571428571428,1.6582280766035322,-0.8447699775669382,"(1, 0, 0, 1, 1, 1, 0, 0, 0, 1, 0, 1, 1, 0, 1, 0, 1, 1, 1, 1, 1, 1, 1, 0, 1)",8.0,10.0,12.0,13.0,11.956,14.401666666666667,16.206333333333333,18.374,0.0,1.5037272817550986,2.413845761598948,2.3792624938235605,3.0,1.0,2.0,1.0,0.1982692626573654,0.08979101201200244,0.01712663461240017,0.01803184363045584,2.0,4.0,5.0,2.4456666666666678,4.250333333333334,6.417999999999999,1.5037272817550986,2.413845761598948,2.3792624938235605,1.5619503345190255,3.045315253783402,6.697147926773503
20,5,1.4285714285714284,1.6582280766035322,0.3809111497003068,"(0, 0, 1, 0, 1, 0, 1, 1, 0, 0, 1, 0, 0, 1, 0, 0, 1, 1, 0, 0, 0, 1, 1, 0, 0)",7.0,10.0,11.0,14.0,9.762333333333334,13.725666666666667,15.080666666666668,18.286666666666665,0.0,2.07007665656263,2.3096998260100423,4.175676243477389,2.0,1.0,2.0,15.0,0.18309229408594802,0.06873502797376152,0.05948287104083496,0.03361532364955322,3.0,4.0,7.0,3.963333333333333,5.318333333333333,8.524333333333331,2.07007665656263,2.3096998260100423,4.175676243477389,3.139451377638278,4.98900055405364,7.211065281920133
20,6,1.7142857142857142,1.6582280766035322,0.37455846797100567,"(1, 1, 1, 0, 0, 1, 0, 0, 0, 0, 0, 1, 1, 1, 0, 1, 0, 0, 0, 0, 1, 0, 1, 1, 1)",7.0,12.0,12.0,14.0,9.393666666666666,15.843333333333334,15.338666666666667,18.590666666666667,0.0,2.9596975949040183,1.9092838074013072,4.192645444127964,3.0,13.0,20.0,14.0,0.13738499252297534,0.02899801144946604,0.05843482080957029,0.033461577905433776,5.0,5.0,7.0,6.449666666666667,5.945,9.197000000000001,2.9596975949040183,1.9092838074013072,4.192645444127964,5.787164701274793,6.692137899770661,8.298361229825812
20,7,2.0,1.6582280766035322,0.19446837447198462,"(0, 0, 0, 0, 0, 0, 0, 1, 0, 0, 0, 0, 1, 0, 0, 0, 1, 0, 0, 0, 0, 0, 0, 1, 0)",4.0,8.0,8.0,12.0,7.076666666666667,9.184,10.3,15.822333333333333,0.0,2.432694287403008,3.939074734080674,5.7629966450497125,3.0,15.0,8.0,21.0,0.1435027279093762,0.021969106788231687,0.06793667021552666,0.015768042964327673,4.0,4.0,8.0,2.107333333333332,3.2233333333333336,8.745666666666665,2.432694287403008,3.939074734080674,5.7629966450497125,-0.539522669068849,-1.1868624863067805,4.945947173088895
21,0,0.0,1.6582280766035322,0.4904885056204781,"(0, 0, 1, 0, 0, 0, 0, 0, 0, 0, 1, 1, 1, 1, 1, 0, 1, 1, 1, 0, 0, 1, 1, 1, 0)",6.0,10.0,10.0,13.0,10.029333333333334,13.667,14.124,17.935666666666666,0.0,2.110933553894501,1.8929410484685585,3.3218914563470436,1.0,2.0,6.0,8.0,0.04503554657336853,0.021460044143794616,0.04328772903183822,0.005941008653933076,4.0,4.0,7.0,3.637666666666666,4.094666666666667,7.9063333333333325,2.110933553894501,1.8929410484685585,3.3218914563470436,2.531671713079111,3.6509632370733724,7.6020502359756605
21,1,0.2857142857142857,1.6582280766035322,0.1473562723400379,"(0, 1, 0, 0, 1, 0, 0, 0, 0, 0, 0, 0, 0, 1, 1, 0, 0, 0, 1, 0, 0, 0, 0, 0, 1)",5.0,8.0,10.0,12.0,7.527333333333333,11.417666666666667,12.696666666666667,15.568333333333333,0.0,2.550474542732875,3.014345422406307,4.222677797070895,3.0,3.0,21.0,10.0,0.18674781612235716,0.0636186943669798,0.06524837132289468,0.02287105464824008,3.0,5.0,7.0,3.8903333333333343,5.169333333333334,8.041,2.550474542732875,3.014345422406307,4.222677797070895,2.2217914652577346,3.5734614586403888,6.3316490824156935
21,2,0.5714285714285714,1.6582280766035322,0.11262680132378367,"(0, 1, 1, 1, 1, 0, 0, 1, 0, 0, 0, 0, 0, 0, 1, 0, 0, 0, 1, 0, 1, 0, 0, 0, 0)",6.0,9.0,10.0,12.0,8.246,12.728666666666667,14.234,15.752,0.0,2.4673051923130056,3.1720705496259143,4.668197619363246,4.0,4.0,10.0,25.0,0.1337096764628007,0.05653922533615411,0.03384312667339997,0.011804000447689662,3.0,4.0,6.0,4.482666666666667,5.9879999999999995,7.506,2.4673051923130056,3.1720705496259143,4.668197619363246,3.3419289812783304,4.669453276345061,4.705723583424209
21,3,0.8571428571428571,1.6582280766035322,-1.6391649781024697,"(1, 1, 0, 1, 0, 1, 1, 1, 1, 0, 1, 1, 1, 0, 0, 1, 0, 1, 0, 0, 0, 1, 0, 1, 0)",9.0,10.0,11.0,12.0,11.795666666666667,15.882333333333333,14.725333333333333,18.249666666666666,0.0,1.6837555766050236,2.7901069245584944,4.040466168586777,35.0,5.0,7.0,1.0,0.16175152589789799,0.014438039945636,0.05323635569480343,0.0109487638109279,1.0,2.0,3.0,4.086666666666666,2.929666666666666,6.453999999999999,1.6837555766050236,2.7901069245584944,4.040466168586777,3.9845746351222138,0.23142188272731834,4.002189563081901
21,4,1.1428571428571428,1.6582280766035322,-0.8447699775669382,"(1, 0, 0, 1, 1, 1, 0, 0, 0, 1, 0, 1, 1, 0, 1, 0, 1, 1, 1, 1, 1, 1, 1, 0, 1)",8.0,10.0,12.0,13.0,11.956,14.401666666666667,16.206333333333333,18.374,0.0,1.5037272817550986,2.413845761598948,2.3792624938235605,3.0,1.0,2.0,1.0,0.1982692626573654,0.08979101201200244,0.01712663461240017,0.01803184363045584,2.0,4.0,5.0,2.4456666666666678,4.250333333333334,6.417999999999999,1.5037272817550986,2.413845761598948,2.3792624938235605,1.5619503345190255,3.045315253783402,6.697147926773503
21,5,1.4285714285714284,1.6582280766035322,0.3809111497003068,"(0, 0, 1, 0, 1, 0, 1, 1, 0, 0, 1, 0, 0, 1, 0, 0, 1, 1, 0, 0, 0, 1, 1, 0, 0)",7.0,10.0,11.0,14.0,9.762333333333334,13.725666666666667,15.080666666666668,18.286666666666665,0.0,2.07007665656263,2.3096998260100423,4.175676243477389,2.0,1.0,2.0,15.0,0.18309229408594802,0.06873502797376152,0.05948287104083496,0.03361532364955322,3.0,4.0,7.0,3.963333333333333,5.318333333333333,8.524333333333331,2.07007665656263,2.3096998260100423,4.175676243477389,3.139451377638278,4.98900055405364,7.211065281920133
21,6,1.7142857142857142,1.6582280766035322,0.37455846797100567,"(1, 1, 1, 0, 0, 1, 0, 0, 0, 0, 0, 1, 1, 1, 0, 1, 0, 0, 0, 0, 1, 0, 1, 1, 1)",7.0,12.0,12.0,14.0,9.393666666666666,15.843333333333334,15.338666666666667,18.590666666666667,0.0,2.9596975949040183,1.9092838074013072,4.192645444127964,3.0,13.0,20.0,14.0,0.13738499252297534,0.02899801144946604,0.05843482080957029,0.033461577905433776,5.0,5.0,7.0,6.449666666666667,5.945,9.197000000000001,2.9596975949040183,1.9092838074013072,4.192645444127964,5.787164701274793,6.692137899770661,8.298361229825812
21,7,2.0,1.6582280766035322,0.19446837447198462,"(0, 0, 0, 0, 0, 0, 0, 1, 0, 0, 0, 0, 1, 0, 0, 0, 1, 0, 0, 0, 0, 0, 0, 1, 0)",4.0,8.0,8.0,12.0,7.076666666666667,9.184,10.3,15.822333333333333,0.0,2.432694287403008,3.939074734080674,5.7629966450497125,3.0,15.0,8.0,21.0,0.1435027279093762,0.021969106788231687,0.06793667021552666,0.015768042964327673,4.0,4.0,8.0,2.107333333333332,3.2233333333333336,8.745666666666665,2.432694287403008,3.939074734080674,5.7629966450497125,-0.539522669068849,-1.1868624863067805,4.945947173088895
22,0,0.0,1.6582280766035322,0.47429496239505964,"(0, 0, 1, 0, 0, 0, 0, 0, 0, 0, 1, 1, 1, 1, 1, 0, 1, 1, 0, 0, 0, 1, 1, 0, 0)",5.0,10.0,9.0,13.0,8.643666666666666,13.387666666666666,12.041333333333334,16.271333333333335,0.0,4.192958664986879,3.3078610043433367,4.55223220253944,1.0,12.0,7.0,20.0,0.08044592380309477,0.08173394561220858,0.08124591104049696,0.05653640671676486,5.0,4.0,8.0,4.744,3.3976666666666677,7.627666666666668,4.192958664986879,3.3078610043433367,4.55223220253944,0.9137522130878502,0.14891827070252345,5.0997717761699075
22,1,0.2857142857142857,1.6582280766035322,0.1473562723400379,"(0, 1, 0, 0, 1, 0, 0, 0, 0, 0, 0, 0, 0, 1, 1, 0, 0, 0, 1, 0, 0, 0, 0, 0, 1)",5.0,8.0,10.0,12.0,7.527333333333333,11.417666666666667,12.696666666666667,15.568333333333333,0.0,2.550474542732875,3.014345422406307,4.222677797070895,3.0,3.0,21.0,10.0,0.18674781612235716,0.0636186943669798,0.06524837132289468,0.02287105464824008,3.0,5.0,7.0,3.8903333333333343,5.169333333333334,8.041,2.550474542732875,3.014345422406307,4.222677797070895,2.2217914652577346,3.5734614586403888,6.3316490824156935
22,2,0.5714285714285714,1.6582280766035322,-0.37039400886998275,"(0, 1, 0, 1, 1, 0, 0, 1, 0, 0, 0, 0, 0, 0, 1, 0, 0, 0, 1, 0, 1, 0, 1, 0, 0)",7.0,10.0,11.0,13.0,10.605333333333334,16.507666666666665,15.043333333333333,16.873,0.0,3.1922088083784437,2.2234811784048634,3.481127413592,8.0,4.0,5.0,19.0,0.0619757807331497,0.12167585843686105,0.01788053921227774,0.039649696719487905,3.0,4.0,6.0,5.902333333333331,4.437999999999999,6.267666666666667,3.1922088083784437,2.2234811784048634,3.481127413592,4.494004578372005,3.672177286136022,4.620717626006249
22,3,0.8571428571428571,1.6582280766035322,-0.6887339102332122,"(1, 1, 0, 1, 1, 1, 1, 1, 1, 1, 1, 1, 1, 0, 0, 1, 0, 1, 0, 0, 0, 1, 0, 1, 0)",10.0,13.0,13.0,14.0,13.701666666666666,16.719333333333335,18.145,18.079666666666668,0.0,1.4712536485882812,1.8910893604496857,2.464707301659662,26.0,22.0,7.0,10.0,0.15404035943622496,0.0664715917386489,0.04336220668432456,0.030750877495722164,3.0,3.0,4.0,3.0176666666666687,4.443333333333333,4.378000000000002,1.4712536485882812,1.8910893604496857,2.464707301659662,2.5643054846027877,4.232202614177809,3.1726756711484843
22,4,1.1428571428571428,1.6582280766035322,-0.8653581194865411,"(1, 0, 0, 1, 1, 1, 0, 0, 0, 1, 0, 1, 1, 0, 0, 0, 1, 1, 1, 0, 1, 1, 1, 0, 1)",8.0,10.0,10.0,12.0,10.887666666666666,14.465666666666667,13.398333333333333,15.419666666666666,0.0,2.2824680360409317,1.2541915933608792,3.0712134330556053,22.0,3.0,12.0,9.0,0.09719165723259099,0.014096762137788618,0.11338114019743444,0.0124177818099871,2.0,2.0,4.0,3.578000000000001,2.5106666666666673,4.532,2.2824680360409317,1.2541915933608792,3.0712134330556053,2.1482874767742444,2.0835222441081394,2.4223172992324806
22,5,1.4285714285714284,1.6582280766035322,0.3809111497003068,"(0, 0, 1, 0, 1, 0, 1, 1, 0, 0, 1, 0, 0, 1, 0, 0, 1, 1, 0, 0, 0, 1, 1, 0, 0)",7.0,10.0,11.0,14.0,9.762333333333334,13.725666666666667,15.080666666666668,18.286666666666665,0.0,2.07007665656263,2.3096998260100423,4.175676243477389,2.0,1.0,2.0,15.0,0.18309229408594802,0.06873502797376152,0.05948287104083496,0.03361532364955322,3.0,4.0,7.0,3.963333333333333,5.318333333333333,8.524333333333331,2.07007665656263,2.3096998260100423,4.175676243477389,3.139451377638278,4.98900055405364,7.211065281920133
22,6,1.7142857142857142,1.6582280766035322,0.37455846797100567,"(1, 1, 1, 0, 0, 1, 0, 0, 0, 0, 0, 1, 1, 1, 0, 1, 0, 0, 0, 0, 1, 0, 1, 1, 1)",7.0,12.0,12.0,14.0,9.393666666666666,15.843333333333334,15.338666666666667,18.590666666666667,0.0,2.9596975949040183,1.9092838074013072,4.192645444127964,3.0,13.0,20.0,14.0,0.13738499252297534,0.02899801144946604,0.05843482080957029,0.033461577905433776,5.0,5.0,7.0,6.449666666666667,5.945,9.197000000000001,2.9596975949040183,1.9092838074013072,4.192645444127964,5.787164701274793,6.692137899770661,8.298361229825812
22,7,2.0,1.6582280766035322,0.19446837447198462,"(0, 0, 0, 0, 0, 0, 0, 1, 0, 0, 0, 0, 1, 0, 0, 0, 1, 0, 0, 0, 0, 0, 0, 1, 0)",4.0,8.0,8.0,12.0,7.076666666666667,9.184,10.3,15.822333333333333,0.0,2.432694287403008,3.939074734080674,5.7629966450497125,3.0,15.0,8.0,21.0,0.1435027279093762,0.021969106788231687,0.06793667021552666,0.015768042964327673,4.0,4.0,8.0,2.107333333333332,3.2233333333333336,8.745666666666665,2.432694287403008,3.939074734080674,5.7629966450497125,-0.539522669068849,-1.1868624863067805,4.945947173088895
23,0,0.0,1.6582280766035322,0.47429496239505964,"(0, 0, 1, 0, 0, 0, 0, 0, 0, 0, 1, 1, 1, 1, 1, 0, 1, 1, 0, 0, 0, 1, 1, 0, 0)",5.0,10.0,9.0,13.0,8.643666666666666,13.387666666666666,12.041333333333334,16.271333333333335,0.0,4.192958664986879,3.3078610043433367,4.55223220253944,1.0,12.0,7.0,20.0,0.08044592380309477,0.08173394561220858,0.08124591104049696,0.05653640671676486,5.0,4.0,8.0,4.744,3.3976666666666677,7.627666666666668,4.192958664986879,3.3078610043433367,4.55223220253944,0.9137522130878502,0.14891827070252345,5.0997717761699075
23,1,0.2857142857142857,1.6582280766035322,0.1473562723400379,"(0, 1, 0, 0, 1, 0, 0, 0, 0, 0, 0, 0, 0, 1, 1, 0, 0, 0, 1, 0, 0, 0, 0, 0, 1)",5.0,8.0,10.0,12.0,7.527333333333333,11.417666666666667,12.696666666666667,15.568333333333333,0.0,2.550474542732875,3.014345422406307,4.222677797070895,3.0,3.0,21.0,10.0,0.18674781612235716,0.0636186943669798,0.06524837132289468,0.02287105464824008,3.0,5.0,7.0,3.8903333333333343,5.169333333333334,8.041,2.550474542732875,3.014345422406307,4.222677797070895,2.2217914652577346,3.5734614586403888,6.3316490824156935
23,2,0.5714285714285714,1.6582280766035322,-0.37039400886998275,"(0, 1, 0, 1, 1, 0, 0, 1, 0, 0, 0, 0, 0, 0, 1, 0, 0, 0, 1, 0, 1, 0, 1, 0, 0)",7.0,10.0,11.0,13.0,10.605333333333334,16.507666666666665,15.043333333333333,16.873,0.0,3.1922088083784437,2.2234811784048634,3.481127413592,8.0,4.0,5.0,19.0,0.0619757807331497,0.12167585843686105,0.01788053921227774,0.039649696719487905,3.0,4.0,6.0,5.902333333333331,4.437999999999999,6.267666666666667,3.1922088083784437,2.2234811784048634,3.481127413592,4.494004578372005,3.672177286136022,4.620717626006249
23,3,0.8571428571428571,1.6582280766035322,-0.6887339102332122,"(1, 1, 0, 1, 1, 1, 1, 1, 1, 1, 1, 1, 1, 0, 0, 1, 0, 1, 0, 0, 0, 1, 0, 1, 0)",10.0,13.0,13.0,14.0,13.701666666666666,16.719333333333335,18.145,18.079666666666668,0.0,1.4712536485882812,1.8910893604496857,2.464707301659662,26.0,22.0,7.0,10.0,0.15404035943622496,0.0664715917386489,0.04336220668432456,0.030750877495722164,3.0,3.0,4.0,3.0176666666666687,4.443333333333333,4.378000000000002,1.4712536485882812,1.8910893604496857,2.464707301659662,2.5643054846027877,4.232202614177809,3.1726756711484843
23,4,1.1428571428571428,1.6582280766035322,-0.8653581194865411,"(1, 0, 0, 1, 1, 1, 0, 0, 0, 1, 0, 1, 1, 0, 0, 0, 1, 1, 1, 0, 1, 1, 1, 0, 1)",8.0,10.0,10.0,12.0,10.887666666666666,14.465666666666667,13.398333333333333,15.419666666666666,0.0,2.2824680360409317,1.2541915933608792,3.0712134330556053,22.0,3.0,12.0,9.0,0.09719165723259099,0.014096762137788618,0.11338114019743444,0.0124177818099871,2.0,2.0,4.0,3.578000000000001,2.5106666666666673,4.532,2.2824680360409317,1.2541915933608792,3.0712134330556053,2.1482874767742444,2.0835222441081394,2.4223172992324806
23,5,1.4285714285714284,1.6582280766035322,0.3809111497003068,"(0, 0, 1, 0, 1, 0, 1, 1, 0, 0, 1, 0, 0, 1, 0, 0, 1, 1, 0, 0, 0, 1, 1, 0, 0)",7.0,10.0,11.0,14.0,9.762333333333334,13.725666666666667,15.080666666666668,18.286666666666665,0.0,2.07007665656263,2.3096998260100423,4.175676243477389,2.0,1.0,2.0,15.0,0.18309229408594802,0.06873502797376152,0.05948287104083496,0.03361532364955322,3.0,4.0,7.0,3.963333333333333,5.318333333333333,8.524333333333331,2.07007665656263,2.3096998260100423,4.175676243477389,3.139451377638278,4.98900055405364,7.211065281920133
23,6,1.7142857142857142,1.6582280766035322,0.37455846797100567,"(1, 1, 1, 0, 0, 1, 0, 0, 0, 0, 0, 1, 1, 1, 0, 1, 0, 0, 0, 0, 1, 0, 1, 1, 1)",7.0,12.0,12.0,14.0,9.393666666666666,15.843333333333334,15.338666666666667,18.590666666666667,0.0,2.9596975949040183,1.9092838074013072,4.192645444127964,3.0,13.0,20.0,14.0,0.13738499252297534,0.02899801144946604,0.05843482080957029,0.033461577905433776,5.0,5.0,7.0,6.449666666666667,5.945,9.197000000000001,2.9596975949040183,1.9092838074013072,4.192645444127964,5.787164701274793,6.692137899770661,8.298361229825812
23,7,2.0,1.6582280766035322,0.19446837447198462,"(0, 0, 0, 0, 0, 0, 0, 1, 0, 0, 0, 0, 1, 0, 0, 0, 1, 0, 0, 0, 0, 0, 0, 1, 0)",4.0,8.0,8.0,12.0,7.076666666666667,9.184,10.3,15.822333333333333,0.0,2.432694287403008,3.939074734080674,5.7629966450497125,3.0,15.0,8.0,21.0,0.1435027279093762,0.021969106788231687,0.06793667021552666,0.015768042964327673,4.0,4.0,8.0,2.107333333333332,3.2233333333333336,8.745666666666665,2.432694287403008,3.939074734080674,5.7629966450497125,-0.539522669068849,-1.1868624863067805,4.945947173088895
24,0,0.0,1.6582280766035322,0.47429496239505964,"(0, 0, 1, 0, 0, 0, 0, 0, 0, 0, 1, 1, 1, 1, 1, 0, 1, 1, 0, 0, 0, 1, 1, 0, 0)",5.0,10.0,9.0,13.0,8.643666666666666,13.387666666666666,12.041333333333334,16.271333333333335,0.0,4.192958664986879,3.3078610043433367,4.55223220253944,1.0,12.0,7.0,20.0,0.08044592380309477,0.08173394561220858,0.08124591104049696,0.05653640671676486,5.0,4.0,8.0,4.744,3.3976666666666677,7.627666666666668,4.192958664986879,3.3078610043433367,4.55223220253944,0.9137522130878502,0.14891827070252345,5.0997717761699075
24,1,0.2857142857142857,1.6582280766035322,-0.07902587020056151,"(1, 0, 0, 0, 1, 0, 0, 0, 0, 0, 0, 0, 0, 1, 1, 0, 0, 0, 1, 0, 0, 0, 0, 0, 1)",4.0,7.0,9.0,10.0,5.156,10.744333333333334,11.691666666666666,13.72,0.0,3.043244652830225,4.773246368016079,5.82442478290967,3.0,4.0,20.0,3.0,0.40599463268304037,0.10565751159887295,0.060674033480934086,0.014960138474059755,3.0,5.0,6.0,5.588333333333334,6.535666666666667,8.564,3.043244652830225,4.773246368016079,5.82442478290967,4.220337507456092,2.9224948219983866,4.5428405429464025
24,2,0.5714285714285714,1.6582280766035322,-0.37039400886998275,"(0, 1, 0, 1, 1, 0, 0, 1, 0, 0, 0, 0, 0, 0, 1, 0, 0, 0, 1, 0, 1, 0, 1, 0, 0)",7.0,10.0,11.0,13.0,10.605333333333334,16.507666666666665,15.043333333333333,16.873,0.0,3.1922088083784437,2.2234811784048634,3.481127413592,8.0,4.0,5.0,19.0,0.0619757807331497,0.12167585843686105,0.01788053921227774,0.039649696719487905,3.0,4.0,6.0,5.902333333333331,4.437999999999999,6.267666666666667,3.1922088083784437,2.2234811784048634,3.481127413592,4.494004578372005,3.672177286136022,4.620717626006249
24,3,0.8571428571428571,1.6582280766035322,-0.6887339102332122,"(1, 1, 0, 1, 1, 1, 1, 1, 1, 1, 1, 1, 1, 0, 0, 1, 0, 1, 0, 0, 0, 1, 0, 1, 0)",10.0,13.0,13.0,14.0,13.701666666666666,16.719333333333335,18.145,18.079666666666668,0.0,1.4712536485882812,1.8910893604496857,2.464707301659662,26.0,22.0,7.0,10.0,0.15404035943622496,0.0664715917386489,0.04336220668432456,0.030750877495722164,3.0,3.0,4.0,3.0176666666666687,4.443333333333333,4.378000000000002,1.4712536485882812,1.8910893604496857,2.464707301659662,2.5643054846027877,4.232202614177809,3.1726756711484843
24,4,1.1428571428571428,1.6582280766035322,-0.8653581194865411,"(1, 0, 0, 1, 1, 1, 0, 0, 0, 1, 0, 1, 1, 0, 0, 0, 1, 1, 1, 0, 1, 1, 1, 0, 1)",8.0,10.0,10.0,12.0,10.887666666666666,14.465666666666667,13.398333333333333,15.419666666666666,0.0,2.2824680360409317,1.2541915933608792,3.0712134330556053,22.0,3.0,12.0,9.0,0.09719165723259099,0.014096762137788618,0.11338114019743444,0.0124177818099871,2.0,2.0,4.0,3.578000000000001,2.5106666666666673,4.532,2.2824680360409317,1.2541915933608792,3.0712134330556053,2.1482874767742444,2.0835222441081394,2.4223172992324806
24,5,1.4285714285714284,1.6582280766035322,0.3809111497003068,"(0, 0, 1, 0, 1, 0, 1, 1, 0, 0, 1, 0, 0, 1, 0, 0, 1, 1, 0, 0, 0, 1, 1, 0, 0)",7.0,10.0,11.0,14.0,9.762333333333334,13.725666666666667,15.080666666666668,18.286666666666665,0.0,2.07007665656263,2.3096998260100423,4.175676243477389,2.0,1.0,2.0,15.0,0.18309229408594802,0.06873502797376152,0.05948287104083496,0.03361532364955322,3.0,4.0,7.0,3.963333333333333,5.318333333333333,8.524333333333331,2.07007665656263,2.3096998260100423,4.175676243477389,3.139451377638278,4.98900055405364,7.211065281920133
24,6,1.7142857142857142,1.6582280766035322,0.37455846797100567,"(1, 1, 1, 0, 0, 1, 0, 0, 0, 0, 0, 1, 1, 1, 0, 1, 0, 0, 0, 0, 1, 0, 1, 1, 1)",7.0,12.0,12.0,14.0,9.393666666666666,15.843333333333334,15.338666666666667,18.590666666666667,0.0,2.9596975949040183,1.9092838074013072,4.192645444127964,3.0,13.0,20.0,14.0,0.13738499252297534,0.02899801144946604,0.05843482080957029,0.033461577905433776,5.0,5.0,7.0,6.449666666666667,5.945,9.197000000000001,2.9596975949040183,1.9092838074013072,4.192645444127964,5.787164701274793,6.692137899770661,8.298361229825812
24,7,2.0,1.6582280766035322,0.19446837447198462,"(0, 0, 0, 0, 0, 0, 0, 1, 0, 0, 0, 0, 1, 0, 0, 0, 1, 0, 0, 0, 0, 0, 0, 1, 0)",4.0,8.0,8.0,12.0,7.076666666666667,9.184,10.3,15.822333333333333,0.0,2.432694287403008,3.939074734080674,5.7629966450497125,3.0,15.0,8.0,21.0,0.1435027279093762,0.021969106788231687,0.06793667021552666,0.015768042964327673,4.0,4.0,8.0,2.107333333333332,3.2233333333333336,8.745666666666665,2.432694287403008,3.939074734080674,5.7629966450497125,-0.539522669068849,-1.1868624863067805,4.945947173088895
25,0,0.0,1.6582280766035322,0.9499388892752145,"(0, 0, 1, 0, 0, 0, 0, 0, 0, 0, 1, 1, 1, 1, 1, 0, 0, 1, 0, 0, 0, 0, 1, 0, 0)",4.0,8.0,8.0,12.0,5.082666666666666,10.354,9.642666666666667,16.68,0.0,2.7254728790837683,2.392233522333882,4.310490186105254,1.0,1.0,5.0,24.0,0.12996043724223202,0.0037535258466452697,0.09809274210723412,0.018792886130302104,4.0,4.0,8.0,5.271333333333333,4.5600000000000005,11.597333333333333,2.7254728790837683,2.392233522333882,4.310490186105254,4.22161728435125,3.594651236785902,12.083247896539648
25,1,0.2857142857142857,1.6582280766035322,-0.07902587020056151,"(1, 0, 0, 0, 1, 0, 0, 0, 0, 0, 0, 0, 0, 1, 1, 0, 0, 0, 1, 0, 0, 0, 0, 0, 1)",4.0,7.0,9.0,10.0,5.156,10.744333333333334,11.691666666666666,13.72,0.0,3.043244652830225,4.773246368016079,5.82442478290967,3.0,4.0,20.0,3.0,0.40599463268304037,0.10565751159887295,0.060674033480934086,0.014960138474059755,3.0,5.0,6.0,5.588333333333334,6.535666666666667,8.564,3.043244652830225,4.773246368016079,5.82442478290967,4.220337507456092,2.9224948219983866,4.5428405429464025
25,2,0.5714285714285714,1.6582280766035322,-0.33994395132655575,"(0, 1, 0, 1, 1, 0, 0, 1, 0, 0, 0, 0, 0, 0, 1, 0, 0, 0, 1, 0, 0, 1, 1, 0, 0)",6.0,9.0,9.0,12.0,8.677333333333333,14.282666666666668,12.552666666666667,15.147,0.0,3.736181316530029,3.160527439737112,5.02315976391664,6.0,3.0,5.0,28.0,0.25298041849473923,0.07517380501711406,0.014399671409251953,0.027672405531684225,3.0,3.0,6.0,5.605333333333334,3.8753333333333337,6.469666666666667,3.736181316530029,3.160527439737112,5.02315976391664,3.099480353703358,1.1853112020829317,2.39863835914091
25,3,0.8571428571428571,1.6582280766035322,0.3848822827320775,"(1, 1, 0, 1, 0, 1, 1, 1, 1, 0, 1, 1, 1, 0, 0, 1, 0, 1, 0, 0, 0, 1, 0, 1, 0)",7.0,10.0,11.0,13.0,11.825,14.213666666666667,15.801,18.021333333333335,0.0,2.534610827466703,2.491671932660875,3.481569607745759,1.0,5.0,10.0,1.0,0.1728027060851473,0.055842116064277164,0.017369100774943306,0.009781974442475501,3.0,4.0,6.0,2.3886666666666674,3.976000000000001,6.196333333333335,2.534610827466703,2.491671932660875,3.481569607745759,-0.24200870505495964,2.461354476152397,4.501697431114126
25,4,1.1428571428571428,1.6582280766035322,-0.8653581194865411,"(1, 0, 0, 1, 1, 1, 0, 0, 0, 1, 0, 1, 1, 0, 0, 0, 1, 1, 1, 0, 1, 1, 1, 0, 1)",8.0,10.0,10.0,12.0,10.887666666666666,14.465666666666667,13.398333333333333,15.419666666666666,0.0,2.2824680360409317,1.2541915933608792,3.0712134330556053,22.0,3.0,12.0,9.0,0.09719165723259099,0.014096762137788618,0.11338114019743444,0.0124177818099871,2.0,2.0,4.0,3.578000000000001,2.5106666666666673,4.532,2.2824680360409317,1.2541915933608792,3.0712134330556053,2.1482874767742444,2.0835222441081394,2.4223172992324806
25,5,1.4285714285714284,1.6582280766035322,-1.084908616447346,"(0, 0, 0, 0, 1, 0, 1, 1, 0, 0, 1, 0, 0, 1, 0, 0, 1, 1, 0, 0, 0, 1, 0, 0, 0)",7.0,10.0,11.0,12.0,9.539666666666667,14.712333333333333,15.916333333333334,18.186,0.0,2.712271541118365,3.089380242872618,3.637028489927341,3.0,1.0,3.0,1.0,0.13751915549155783,0.047776094294502275,0.08479991955608086,0.021905976232772285,3.0,4.0,5.0,5.172666666666666,6.376666666666667,8.646333333333333,2.712271541118365,3.089380242872618,3.637028489927341,4.079896276722666,5.45107064377291,8.306569935601877
25,6,1.7142857142857142,1.6582280766035322,-0.35730801300069337,"(1, 1, 1, 0, 0, 1, 0, 0, 0, 0, 0, 1, 0, 0, 0, 1, 0, 0, 0, 0, 1, 0, 1, 1, 1)",6.0,9.0,10.0,12.0,7.6963333333333335,13.066,15.406,15.927,0.0,2.5411884655038977,3.371573811997726,3.7299076869735455,3.0,4.0,9.0,6.0,0.24959305601306528,0.015093797632196787,0.053484209542936936,0.012914661169633716,3.0,4.0,6.0,5.369666666666667,7.709666666666667,8.230666666666666,2.5411884655038977,3.371573811997726,3.7299076869735455,4.690261967229159,7.193547370525205,7.4632849061526
25,7,2.0,1.6582280766035322,0.19446837447198462,"(0, 0, 0, 0, 0, 0, 0, 1, 0, 0, 0, 0, 1, 0, 0, 0, 1, 0, 0, 0, 0, 0, 0, 1, 0)",4.0,8.0,8.0,12.0,7.076666666666667,9.184,10.3,15.822333333333333,0.0,2.432694287403008,3.939074734080674,5.7629966450497125,3.0,15.0,8.0,21.0,0.1435027279093762,0.021969106788231687,0.06793667021552666,0.015768042964327673,4.0,4.0,8.0,2.107333333333332,3.2233333333333336,8.745666666666665,2.432694287403008,3.939074734080674,5.7629966450497125,-0.539522669068849,-1.1868624863067805,4.945947173088895
26,0,0.0,1.6582280766035322,-0.1877437837375271,"(0, 0, 1, 0, 0, 0, 0, 0, 0, 0, 1, 1, 0, 1, 1, 0, 0, 0, 0, 0, 0, 0, 1, 0, 0)",3.0,7.0,8.0,11.0,3.2666666666666666,9.681333333333333,10.037333333333333,16.265,0.0,5.467666224606623,6.013177199918168,7.109210684283885,1.0,2.0,10.0,28.0,0.19135093235194447,0.01329792893314589,0.06326968871216436,0.003619833654117912,4.0,5.0,8.0,6.414666666666666,6.770666666666666,12.998333333333335,5.467666224606623,6.013177199918168,7.109210684283885,1.5703427215799197,1.2560903014937974,9.765508523215567
26,1,0.2857142857142857,1.6582280766035322,-0.07902587020056151,"(1, 0, 0, 0, 1, 0, 0, 0, 0, 0, 0, 0, 0, 1, 1, 0, 0, 0, 1, 0, 0, 0, 0, 0, 1)",4.0,7.0,9.0,10.0,5.156,10.744333333333334,11.691666666666666,13.72,0.0,3.043244652830225,4.773246368016079,5.82442478290967,3.0,4.0,20.0,3.0,0.40599463268304037,0.10565751159887295,0.060674033480934086,0.014960138474059755,3.0,5.0,6.0,5.588333333333334,6.535666666666667,8.564,3.043244652830225,4.773246368016079,5.82442478290967,4.220337507456092,2.9224948219983866,4.5428405429464025
26,2,0.5714285714285714,1.6582280766035322,-0.33994395132655575,"(0, 1, 0, 1, 1, 0, 0, 1, 0, 0, 0, 0, 0, 0, 1, 0, 0, 0, 1, 0, 0, 1, 1, 0, 0)",6.0,9.0,9.0,12.0,8.677333333333333,14.282666666666668,12.552666666666667,15.147,0.0,3.736181316530029,3.160527439737112,5.02315976391664,6.0,3.0,5.0,28.0,0.25298041849473923,0.07517380501711406,0.014399671409251953,0.027672405531684225,3.0,3.0,6.0,5.605333333333334,3.8753333333333337,6.469666666666667,3.736181316530029,3.160527439737112,5.02315976391664,3.099480353703358,1.1853112020829317,2.39863835914091
26,3,0.8571428571428571,1.6582280766035322,0.3848822827320775,"(1, 1, 0, 1, 0, 1, 1, 1, 1, 0, 1, 1, 1, 0, 0, 1, 0, 1, 0, 0, 0, 1, 0, 1, 0)",7.0,10.0,11.0,13.0,11.825,14.213666666666667,15.801,18.021333333333335,0.0,2.534610827466703,2.491671932660875,3.481569607745759,1.0,5.0,10.0,1.0,0.1728027060851473,0.055842116064277164,0.017369100774943306,0.009781974442475501,3.0,4.0,6.0,2.3886666666666674,3.976000000000001,6.196333333333335,2.534610827466703,2.491671932660875,3.481569607745759,-0.24200870505495964,2.461354476152397,4.501697431114126
26,4,1.1428571428571428,1.6582280766035322,-0.8653581194865411,"(1, 0, 0, 1, 1, 1, 0, 0, 0, 1, 0, 1, 1, 0, 0, 0, 1, 1, 1, 0, 1, 1, 1, 0, 1)",8.0,10.0,10.0,12.0,10.887666666666666,14.465666666666667,13.398333333333333,15.419666666666666,0.0,2.2824680360409317,1.2541915933608792,3.0712134330556053,22.0,3.0,12.0,9.0,0.09719165723259099,0.014096762137788618,0.11338114019743444,0.0124177818099871,2.0,2.0,4.0,3.578000000000001,2.5106666666666673,4.532,2.2824680360409317,1.2541915933608792,3.0712134330556053,2.1482874767742444,2.0835222441081394,2.4223172992324806
26,5,1.4285714285714284,1.6582280766035322,1.0913946776723225,"(0, 0, 0, 0, 1, 0, 1, 1, 0, 0, 1, 0, 0, 1, 1, 0, 1, 1, 0, 1, 0, 1, 0, 0, 0)",7.0,12.0,11.0,13.0,10.927666666666667,14.401666666666667,13.305666666666667,17.564666666666668,0.0,1.9080769858566673,2.534426579902636,3.7420680262019705,2.0,44.0,18.0,5.0,0.21365092517962542,0.05717230294254395,0.0167733359750671,0.017357043336509694,5.0,4.0,6.0,3.474,2.378,6.6370000000000005,1.9080769858566673,2.534426579902636,3.7420680262019705,2.596657507852105,-0.2593909467216166,4.800457478809174
26,6,1.7142857142857142,1.6582280766035322,-1.2938513052727076,"(1, 1, 1, 0, 0, 1, 0, 0, 0, 0, 0, 1, 0, 0, 0, 1, 0, 0, 1, 1, 1, 0, 1, 1, 1)",7.0,10.0,9.0,14.0,9.188333333333333,14.130333333333333,13.996,19.579,0.0,2.6264306010195217,2.848789773713853,3.8889870337890446,9.0,3.0,2.0,6.0,0.18333342869370714,0.060937870408544585,0.02705112898294926,0.009007193563351024,3.0,2.0,7.0,4.942,4.807666666666668,10.390666666666668,2.6264306010195217,2.848789773713853,3.8889870337890446,3.839742190713396,3.2482646625042495,10.781267712319021
26,7,2.0,1.6582280766035322,0.19446837447198462,"(0, 0, 0, 0, 0, 0, 0, 1, 0, 0, 0, 0, 1, 0, 0, 0, 1, 0, 0, 0, 0, 0, 0, 1, 0)",4.0,8.0,8.0,12.0,7.076666666666667,9.184,10.3,15.822333333333333,0.0,2.432694287403008,3.939074734080674,5.7629966450497125,3.0,15.0,8.0,21.0,0.1435027279093762,0.021969106788231687,0.06793667021552666,0.015768042964327673,4.0,4.0,8.0,2.107333333333332,3.2233333333333336,8.745666666666665,2.432694287403008,3.939074734080674,5.7629966450497125,-0.539522669068849,-1.1868624863067805,4.945947173088895
27,0,0.0,1.6582280766035322,0.8470893806652386,"(0, 0, 0, 0, 0, 0, 0, 0, 0, 0, 1, 1, 0, 1, 1, 0, 0, 0, 0, 0, 0, 0, 0, 0, 0)",2.0,6.0,7.0,11.0,3.2956666666666665,8.064666666666668,9.35,13.055,0.0,4.166758661376541,4.637981018856249,7.338930547162693,1.0,2.0,11.0,66.0,0.2713114588831745,0.027083956267715346,0.13158569625549316,0.02729668218477804,4.0,5.0,9.0,4.769000000000001,6.054333333333333,9.759333333333334,4.166758661376541,4.637981018856249,7.338930547162693,0.9986534965967169,2.3486351742282965,4.0135798567175724
27,1,0.2857142857142857,1.6582280766035322,-0.5968572308419516,"(1, 0, 0, 0, 0, 0, 0, 0, 0, 0, 0, 0, 0, 1, 1, 0, 0, 0, 1, 0, 0, 0, 0, 0, 0)",4.0,8.0,8.0,10.0,4.811333333333334,12.139666666666667,10.939333333333334,14.006,0.0,3.89337212581384,3.6916486802950192,5.6704675183752355,3.0,6.0,13.0,9.0,0.22323386607907414,0.06054226499005525,0.03863293429316314,0.009756918315155407,4.0,4.0,6.0,7.328333333333333,6.128,9.194666666666667,3.89337212581384,3.6916486802950192,5.6704675183752355,5.6959491163527955,4.0400261628048675,5.843925975239106
27,2,0.5714285714285714,1.6582280766035322,-0.33994395132655575,"(0, 1, 0, 1, 1, 0, 0, 1, 0, 0, 0, 0, 0, 0, 1, 0, 0, 0, 1, 0, 0, 1, 1, 0, 0)",6.0,9.0,9.0,12.0,8.677333333333333,14.282666666666668,12.552666666666667,15.147,0.0,3.736181316530029,3.160527439737112,5.02315976391664,6.0,3.0,5.0,28.0,0.25298041849473923,0.07517380501711406,0.014399671409251953,0.027672405531684225,3.0,3.0,6.0,5.605333333333334,3.8753333333333337,6.469666666666667,3.736181316530029,3.160527439737112,5.02315976391664,3.099480353703358,1.1853112020829317,2.39863835914091
27,3,0.8571428571428571,1.6582280766035322,0.7676682747809258,"(1, 1, 0, 1, 0, 1, 1, 1, 1, 0, 0, 1, 1, 0, 0, 0, 0, 1, 0, 0, 0, 1, 0, 1, 0)",6.0,11.0,11.0,13.0,9.614,13.453,17.124666666666666,16.466,0.0,3.0791360783104906,3.1769623224518955,3.8045740123117215,1.0,28.0,5.0,11.0,0.1395834578698503,0.04599188689531553,0.02330150730625255,0.059437555375308065,5.0,5.0,7.0,3.8389999999999986,7.5106666666666655,6.852,3.0791360783104906,3.1769623224518955,3.8045740123117215,1.26002768934361,7.186270219275629,5.053327334155954
27,4,1.1428571428571428,1.6582280766035322,-0.0444759694732868,"(1, 0, 0, 1, 1, 1, 0, 0, 0, 1, 0, 1, 0, 0, 0, 0, 1, 0, 1, 0, 1, 1, 1, 0, 1)",7.0,10.0,12.0,13.0,8.493333333333334,13.499333333333333,17.363666666666667,18.783666666666665,0.0,2.794464379448679,2.3335967350695404,2.7752473585164843,5.0,2.0,22.0,1.0,0.15857984636406602,0.0667437699995477,0.0952048637456869,0.024095209965590947,3.0,5.0,6.0,5.0059999999999985,8.870333333333333,10.290333333333331,2.794464379448679,2.3335967350695404,2.7752473585164843,3.6672304584070132,10.839400156602885,12.461726561530721
27,5,1.4285714285714284,1.6582280766035322,-0.38656681326079073,"(0, 0, 0, 0, 1, 0, 1, 1, 0, 0, 1, 0, 0, 1, 1, 0, 1, 1, 0, 1, 0, 1, 1, 1, 0)",8.0,10.0,13.0,13.0,9.512666666666666,16.859,16.179,17.337666666666667,0.0,1.9585147565200243,2.4609947132437084,2.939780433228369,16.0,7.0,31.0,7.0,0.17225368360091287,0.08257854676978886,0.02603773733225797,0.02750062760929435,2.0,5.0,5.0,7.346333333333336,6.666333333333332,7.825000000000001,1.9585147565200243,2.4609947132437084,2.939780433228369,8.934232035717917,6.9734105714577685,8.100808245993663
27,6,1.7142857142857142,1.6582280766035322,-1.2938513052727076,"(1, 1, 1, 0, 0, 1, 0, 0, 0, 0, 0, 1, 0, 0, 0, 1, 0, 0, 1, 1, 1, 0, 1, 1, 1)",7.0,10.0,9.0,14.0,9.188333333333333,14.130333333333333,13.996,19.579,0.0,2.6264306010195217,2.848789773713853,3.8889870337890446,9.0,3.0,2.0,6.0,0.18333342869370714,0.060937870408544585,0.02705112898294926,0.009007193563351024,3.0,2.0,7.0,4.942,4.807666666666668,10.390666666666668,2.6264306010195217,2.848789773713853,3.8889870337890446,3.839742190713396,3.2482646625042495,10.781267712319021
27,7,2.0,1.6582280766035322,0.19446837447198462,"(0, 0, 0, 0, 0, 0, 0, 1, 0, 0, 0, 0, 1, 0, 0, 0, 1, 0, 0, 0, 0, 0, 0, 1, 0)",4.0,8.0,8.0,12.0,7.076666666666667,9.184,10.3,15.822333333333333,0.0,2.432694287403008,3.939074734080674,5.7629966450497125,3.0,15.0,8.0,21.0,0.1435027279093762,0.021969106788231687,0.06793667021552666,0.015768042964327673,4.0,4.0,8.0,2.107333333333332,3.2233333333333336,8.745666666666665,2.432694287403008,3.939074734080674,5.7629966450497125,-0.539522669068849,-1.1868624863067805,4.945947173088895
28,0,0.0,1.6582280766035322,0.8470893806652386,"(0, 0, 0, 0, 0, 0, 0, 0, 0, 0, 1, 1, 0, 1, 1, 0, 0, 0, 0, 0, 0, 0, 0, 0, 0)",2.0,6.0,7.0,11.0,3.2956666666666665,8.064666666666668,9.35,13.055,0.0,4.166758661376541,4.637981018856249,7.338930547162693,1.0,2.0,11.0,66.0,0.2713114588831745,0.027083956267715346,0.13158569625549316,0.02729668218477804,4.0,5.0,9.0,4.769000000000001,6.054333333333333,9.759333333333334,4.166758661376541,4.637981018856249,7.338930547162693,0.9986534965967169,2.3486351742282965,4.0135798567175724
28,1,0.2857142857142857,1.6582280766035322,-0.5968572308419516,"(1, 0, 0, 0, 0, 0, 0, 0, 0, 0, 0, 0, 0, 1, 1, 0, 0, 0, 1, 0, 0, 0, 0, 0, 0)",4.0,8.0,8.0,10.0,4.811333333333334,12.139666666666667,10.939333333333334,14.006,0.0,3.89337212581384,3.6916486802950192,5.6704675183752355,3.0,6.0,13.0,9.0,0.22323386607907414,0.06054226499005525,0.03863293429316314,0.009756918315155407,4.0,4.0,6.0,7.328333333333333,6.128,9.194666666666667,3.89337212581384,3.6916486802950192,5.6704675183752355,5.6959491163527955,4.0400261628048675,5.843925975239106
28,2,0.5714285714285714,1.6582280766035322,-0.33994395132655575,"(0, 1, 0, 1, 1, 0, 0, 1, 0, 0, 0, 0, 0, 0, 1, 0, 0, 0, 1, 0, 0, 1, 1, 0, 0)",6.0,9.0,9.0,12.0,8.677333333333333,14.282666666666668,12.552666666666667,15.147,0.0,3.736181316530029,3.160527439737112,5.02315976391664,6.0,3.0,5.0,28.0,0.25298041849473923,0.07517380501711406,0.014399671409251953,0.027672405531684225,3.0,3.0,6.0,5.605333333333334,3.8753333333333337,6.469666666666667,3.736181316530029,3.160527439737112,5.02315976391664,3.099480353703358,1.1853112020829317,2.39863835914091
28,3,0.8571428571428571,1.6582280766035322,0.1715624651814588,"(1, 1, 0, 0, 1, 1, 1, 1, 1, 0, 0, 1, 1, 0, 0, 0, 0, 1, 0, 0, 0, 1, 0, 1, 0)",7.0,11.0,11.0,13.0,10.622666666666667,16.072,14.387333333333334,20.51,0.0,2.1282159754039904,2.5553571031806537,3.5822424767520005,2.0,1.0,11.0,1.0,0.2031076333251799,0.08612384883677981,0.02049969667047347,0.018880337055252907,4.0,4.0,6.0,5.449333333333332,3.764666666666667,9.887333333333334,2.1282159754039904,2.5553571031806537,3.5822424767520005,5.5071700486137765,2.0053110714776685,10.455278683919383
28,4,1.1428571428571428,1.6582280766035322,-0.0444759694732868,"(1, 0, 0, 1, 1, 1, 0, 0, 0, 1, 0, 1, 0, 0, 0, 0, 1, 0, 1, 0, 1, 1, 1, 0, 1)",7.0,10.0,12.0,13.0,8.493333333333334,13.499333333333333,17.363666666666667,18.783666666666665,0.0,2.794464379448679,2.3335967350695404,2.7752473585164843,5.0,2.0,22.0,1.0,0.15857984636406602,0.0667437699995477,0.0952048637456869,0.024095209965590947,3.0,5.0,6.0,5.0059999999999985,8.870333333333333,10.290333333333331,2.794464379448679,2.3335967350695404,2.7752473585164843,3.6672304584070132,10.839400156602885,12.461726561530721
28,5,1.4285714285714284,1.6582280766035322,-0.38656681326079073,"(0, 0, 0, 0, 1, 0, 1, 1, 0, 0, 1, 0, 0, 1, 1, 0, 1, 1, 0, 1, 0, 1, 1, 1, 0)",8.0,10.0,13.0,13.0,9.512666666666666,16.859,16.179,17.337666666666667,0.0,1.9585147565200243,2.4609947132437084,2.939780433228369,16.0,7.0,31.0,7.0,0.17225368360091287,0.08257854676978886,0.02603773733225797,0.02750062760929435,2.0,5.0,5.0,7.346333333333336,6.666333333333332,7.825000000000001,1.9585147565200243,2.4609947132437084,2.939780433228369,8.934232035717917,6.9734105714577685,8.100808245993663
28,6,1.7142857142857142,1.6582280766035322,0.47574292235966364,"(1, 1, 1, 0, 0, 1, 0, 0, 0, 0, 0, 1, 0, 1, 0, 1, 0, 0, 0, 1, 1, 0, 1, 1, 1)",7.0,12.0,12.0,13.0,9.954,15.711666666666666,16.202666666666666,17.515666666666668,0.0,2.5992356605632234,2.651313234546778,3.9135748712137928,2.0,25.0,13.0,2.0,0.15683230962049688,0.04284459917752145,0.10394638355969059,0.04129730224570321,5.0,5.0,6.0,5.757666666666665,6.248666666666665,7.561666666666667,2.5992356605632234,2.651313234546778,3.9135748712137928,5.237398972335869,5.9652324626072755,6.049368241246947
28,7,2.0,1.6582280766035322,0.19446837447198462,"(0, 0, 0, 0, 0, 0, 0, 1, 0, 0, 0, 0, 1, 0, 0, 0, 1, 0, 0, 0, 0, 0, 0, 1, 0)",4.0,8.0,8.0,12.0,7.076666666666667,9.184,10.3,15.822333333333333,0.0,2.432694287403008,3.939074734080674,5.7629966450497125,3.0,15.0,8.0,21.0,0.1435027279093762,0.021969106788231687,0.06793667021552666,0.015768042964327673,4.0,4.0,8.0,2.107333333333332,3.2233333333333336,8.745666666666665,2.432694287403008,3.939074734080674,5.7629966450497125,-0.539522669068849,-1.1868624863067805,4.945947173088895
29,0,0.0,1.6582280766035322,0.8470893806652386,"(0, 0, 0, 0, 0, 0, 0, 0, 0, 0, 1, 1, 0, 1, 1, 0, 0, 0, 0, 0, 0, 0, 0, 0, 0)",2.0,6.0,7.0,11.0,3.2956666666666665,8.064666666666668,9.35,13.055,0.0,4.166758661376541,4.637981018856249,7.338930547162693,1.0,2.0,11.0,66.0,0.2713114588831745,0.027083956267715346,0.13158569625549316,0.02729668218477804,4.0,5.0,9.0,4.769000000000001,6.054333333333333,9.759333333333334,4.166758661376541,4.637981018856249,7.338930547162693,0.9986534965967169,2.3486351742282965,4.0135798567175724
29,1,0.2857142857142857,1.6582280766035322,-0.5968572308419516,"(1, 0, 0, 0, 0, 0, 0, 0, 0, 0, 0, 0, 0, 1, 1, 0, 0, 0, 1, 0, 0, 0, 0, 0, 0)",4.0,8.0,8.0,10.0,4.811333333333334,12.139666666666667,10.939333333333334,14.006,0.0,3.89337212581384,3.6916486802950192,5.6704675183752355,3.0,6.0,13.0,9.0,0.22323386607907414,0.06054226499005525,0.03863293429316314,0.009756918315155407,4.0,4.0,6.0,7.328333333333333,6.128,9.194666666666667,3.89337212581384,3.6916486802950192,5.6704675183752355,5.6959491163527955,4.0400261628048675,5.843925975239106
29,2,0.5714285714285714,1.6582280766035322,-0.33994395132655575,"(0, 1, 0, 1, 1, 0, 0, 1, 0, 0, 0, 0, 0, 0, 1, 0, 0, 0, 1, 0, 0, 1, 1, 0, 0)",6.0,9.0,9.0,12.0,8.677333333333333,14.282666666666668,12.552666666666667,15.147,0.0,3.736181316530029,3.160527439737112,5.02315976391664,6.0,3.0,5.0,28.0,0.25298041849473923,0.07517380501711406,0.014399671409251953,0.027672405531684225,3.0,3.0,6.0,5.605333333333334,3.8753333333333337,6.469666666666667,3.736181316530029,3.160527439737112,5.02315976391664,3.099480353703358,1.1853112020829317,2.39863835914091
29,3,0.8571428571428571,1.6582280766035322,0.1715624651814588,"(1, 1, 0, 0, 1, 1, 1, 1, 1, 0, 0, 1, 1, 0, 0, 0, 0, 1, 0, 0, 0, 1, 0, 1, 0)",7.0,11.0,11.0,13.0,10.622666666666667,16.072,14.387333333333334,20.51,0.0,2.1282159754039904,2.5553571031806537,3.5822424767520005,2.0,1.0,11.0,1.0,0.2031076333251799,0.08612384883677981,0.02049969667047347,0.018880337055252907,4.0,4.0,6.0,5.449333333333332,3.764666666666667,9.887333333333334,2.1282159754039904,2.5553571031806537,3.5822424767520005,5.5071700486137765,2.0053110714776685,10.455278683919383
29,4,1.1428571428571428,1.6582280766035322,-0.0444759694732868,"(1, 0, 0, 1, 1, 1, 0, 0, 0, 1, 0, 1, 0, 0, 0, 0, 1, 0, 1, 0, 1, 1, 1, 0, 1)",7.0,10.0,12.0,13.0,8.493333333333334,13.499333333333333,17.363666666666667,18.783666666666665,0.0,2.794464379448679,2.3335967350695404,2.7752473585164843,5.0,2.0,22.0,1.0,0.15857984636406602,0.0667437699995477,0.0952048637456869,0.024095209965590947,3.0,5.0,6.0,5.0059999999999985,8.870333333333333,10.290333333333331,2.794464379448679,2.3335967350695404,2.7752473585164843,3.6672304584070132,10.839400156602885,12.461726561530721
29,5,1.4285714285714284,1.6582280766035322,-0.38656681326079073,"(0, 0, 0, 0, 1, 0, 1, 1, 0, 0, 1, 0, 0, 1, 1, 0, 1, 1, 0, 1, 0, 1, 1, 1, 0)",8.0,10.0,13.0,13.0,9.512666666666666,16.859,16.179,17.337666666666667,0.0,1.9585147565200243,2.4609947132437084,2.939780433228369,16.0,7.0,31.0,7.0,0.17225368360091287,0.08257854676978886,0.02603773733225797,0.02750062760929435,2.0,5.0,5.0,7.346333333333336,6.666333333333332,7.825000000000001,1.9585147565200243,2.4609947132437084,2.939780433228369,8.934232035717917,6.9734105714577685,8.100808245993663
29,6,1.7142857142857142,1.6582280766035322,0.47574292235966364,"(1, 1, 1, 0, 0, 1, 0, 0, 0, 0, 0, 1, 0, 1, 0, 1, 0, 0, 0, 1, 1, 0, 1, 1, 1)",7.0,12.0,12.0,13.0,9.954,15.711666666666666,16.202666666666666,17.515666666666668,0.0,2.5992356605632234,2.651313234546778,3.9135748712137928,2.0,25.0,13.0,2.0,0.15683230962049688,0.04284459917752145,0.10394638355969059,0.04129730224570321,5.0,5.0,6.0,5.757666666666665,6.248666666666665,7.561666666666667,2.5992356605632234,2.651313234546778,3.9135748712137928,5.237398972335869,5.9652324626072755,6.049368241246947
29,7,2.0,1.6582280766035322,0.7846459807301266,"(0, 0, 0, 0, 0, 0, 0, 1, 0, 0, 0, 0, 1, 0, 0, 1, 1, 0, 0, 0, 1, 0, 0, 1, 0)",4.0,8.0,9.0,12.0,6.1306666666666665,13.223666666666666,11.179333333333334,15.846333333333334,0.0,3.2097676012340344,2.4550435169243436,3.9228609484427728,1.0,1.0,16.0,19.0,0.13123408717582255,0.06028156900394608,0.09050266173735079,0.07291291448613577,4.0,5.0,8.0,7.093,5.0486666666666675,9.715666666666667,3.2097676012340344,2.4550435169243436,3.9228609484427728,6.439284991610208,4.300818727031609,9.60579308426835
30,0,0.0,1.6582280766035322,-0.5968572308419516,"(1, 0, 0, 0, 0, 0, 0, 0, 0, 0, 0, 0, 0, 1, 1, 0, 0, 0, 1, 0, 0, 0, 0, 0, 0)",4.0,8.0,8.0,10.0,4.811333333333334,12.139666666666667,10.939333333333334,14.006,0.0,3.89337212581384,3.6916486802950192,5.6704675183752355,3.0,6.0,13.0,9.0,0.22323386607907414,0.06054226499005525,0.03863293429316314,0.009756918315155407,4.0,4.0,6.0,7.328333333333333,6.128,9.194666666666667,3.89337212581384,3.6916486802950192,5.6704675183752355,5.6959491163527955,4.0400261628048675,5.843925975239106
30,1,0.2857142857142857,1.6582280766035322,-0.33994395132655575,"(0, 1, 0, 1, 1, 0, 0, 1, 0, 0, 0, 0, 0, 0, 1, 0, 0, 0, 1, 0, 0, 1, 1, 0, 0)",6.0,9.0,9.0,12.0,8.677333333333333,14.282666666666668,12.552666666666667,15.147,0.0,3.736181316530029,3.160527439737112,5.02315976391664,6.0,3.0,5.0,28.0,0.25298041849473923,0.07517380501711406,0.014399671409251953,0.027672405531684225,3.0,3.0,6.0,5.605333333333334,3.8753333333333337,6.469666666666667,3.736181316530029,3.160527439737112,5.02315976391664,3.099480353703358,1.1853112020829317,2.39863835914091
30,2,0.5714285714285714,1.6582280766035322,0.1715624651814588,"(1, 1, 0, 0, 1, 1, 1, 1, 1, 0, 0, 1, 1, 0, 0, 0, 0, 1, 0, 0, 0, 1, 0, 1, 0)",7.0,11.0,11.0,13.0,10.622666666666667,16.072,14.387333333333334,20.51,0.0,2.1282159754039904,2.5553571031806537,3.5822424767520005,2.0,1.0,11.0,1.0,0.2031076333251799,0.08612384883677981,0.02049969667047347,0.018880337055252907,4.0,4.0,6.0,5.449333333333332,3.764666666666667,9.887333333333334,2.1282159754039904,2.5553571031806537,3.5822424767520005,5.5071700486137765,2.0053110714776685,10.455278683919383
30,3,0.8571428571428571,1.6582280766035322,-0.0444759694732868,"(1, 0, 0, 1, 1, 1, 0, 0, 0, 1, 0, 1, 0, 0, 0, 0, 1, 0, 1, 0, 1, 1, 1, 0, 1)",7.0,10.0,12.0,13.0,8.493333333333334,13.499333333333333,17.363666666666667,18.783666666666665,0.0,2.794464379448679,2.3335967350695404,2.7752473585164843,5.0,2.0,22.0,1.0,0.15857984636406602,0.0667437699995477,0.0952048637456869,0.024095209965590947,3.0,5.0,6.0,5.0059999999999985,8.870333333333333,10.290333333333331,2.794464379448679,2.3335967350695404,2.7752473585164843,3.6672304584070132,10.839400156602885,12.461726561530721
30,4,1.1428571428571428,1.6582280766035322,-0.31233833790168375,"(0, 1, 0, 0, 1, 0, 1, 1, 0, 0, 1, 0, 0, 1, 1, 0, 1, 1, 0, 1, 0, 0, 1, 1, 0)",8.0,12.0,12.0,13.0,12.740666666666666,17.798,16.453333333333333,18.102333333333334,0.0,2.1552819425654417,2.1599249811799326,2.611506548330091,2.0,2.0,5.0,3.0,0.1345171236828665,0.02232572226263982,0.023774599775753164,0.04497288690153238,4.0,4.0,5.0,5.057333333333332,3.7126666666666672,5.361666666666668,2.1552819425654417,2.1599249811799326,2.611506548330091,4.812263095917645,2.5747998585867946,4.560392723381005
30,5,1.4285714285714284,1.6582280766035322,0.47574292235966364,"(1, 1, 1, 0, 0, 1, 0, 0, 0, 0, 0, 1, 0, 1, 0, 1, 0, 0, 0, 1, 1, 0, 1, 1, 1)",7.0,12.0,12.0,13.0,9.954,15.711666666666666,16.202666666666666,17.515666666666668,0.0,2.5992356605632234,2.651313234546778,3.9135748712137928,2.0,25.0,13.0,2.0,0.15683230962049688,0.04284459917752145,0.10394638355969059,0.04129730224570321,5.0,5.0,6.0,5.757666666666665,6.248666666666665,7.561666666666667,2.5992356605632234,2.651313234546778,3.9135748712137928,5.237398972335869,5.9652324626072755,6.049368241246947
30,6,1.7142857142857142,1.6582280766035322,0.7846459807301266,"(0, 0, 0, 0, 0, 0, 0, 1, 0, 0, 0, 0, 1, 0, 0, 1, 1, 0, 0, 0, 1, 0, 0, 1, 0)",4.0,8.0,9.0,12.0,6.1306666666666665,13.223666666666666,11.179333333333334,15.846333333333334,0.0,3.2097676012340344,2.4550435169243436,3.9228609484427728,1.0,1.0,16.0,19.0,0.13123408717582255,0.06028156900394608,0.09050266173735079,0.07291291448613577,4.0,5.0,8.0,7.093,5.0486666666666675,9.715666666666667,3.2097676012340344,2.4550435169243436,3.9228609484427728,6.439284991610208,4.300818727031609,9.60579308426835
30,7,2.0,1.6582280766035322,0.8470893806652386,"(0, 0, 0, 0, 0, 0, 0, 0, 0, 0, 1, 1, 0, 1, 1, 0, 0, 0, 0, 0, 0, 0, 0, 0, 0)",2.0,6.0,7.0,11.0,3.2956666666666665,8.064666666666668,9.35,13.055,0.0,4.166758661376541,4.637981018856249,7.338930547162693,1.0,2.0,11.0,66.0,0.2713114588831745,0.027083956267715346,0.13158569625549316,0.02729668218477804,4.0,5.0,9.0,4.769000000000001,6.054333333333333,9.759333333333334,4.166758661376541,4.637981018856249,7.338930547162693,0.9986534965967169,2.3486351742282965,4.0135798567175724
31,0,0.0,1.6582280766035322,-0.5968572308419516,"(1, 0, 0, 0, 0, 0, 0, 0, 0, 0, 0, 0, 0, 1, 1, 0, 0, 0, 1, 0, 0, 0, 0, 0, 0)",4.0,8.0,8.0,10.0,4.811333333333334,12.139666666666667,10.939333333333334,14.006,0.0,3.89337212581384,3.6916486802950192,5.6704675183752355,3.0,6.0,13.0,9.0,0.22323386607907414,0.06054226499005525,0.03863293429316314,0.009756918315155407,4.0,4.0,6.0,7.328333333333333,6.128,9.194666666666667,3.89337212581384,3.6916486802950192,5.6704675183752355,5.6959491163527955,4.0400261628048675,5.843925975239106
31,1,0.2857142857142857,1.6582280766035322,-1.86737934052542,"(0, 1, 0, 1, 1, 0, 0, 1, 0, 0, 0, 0, 0, 0, 1, 0, 0, 0, 1, 1, 0, 1, 1, 0, 1)",7.0,11.0,8.0,13.0,8.587333333333333,15.773333333333333,13.898,17.518666666666668,0.0,2.6253066908787126,2.157483700956043,4.929119807216815,16.0,2.0,1.0,3.0,0.10824382434034417,0.03730704015236135,0.07520674774932748,0.024156400197782424,4.0,1.0,6.0,7.186,5.310666666666666,8.931333333333335,2.6253066908787126,2.157483700956043,4.929119807216815,7.562669693962791,5.228696524409348,6.636582837568836
31,2,0.5714285714285714,1.6582280766035322,0.2751802613140305,"(1, 1, 0, 0, 1, 1, 1, 1, 1, 0, 1, 1, 1, 0, 1, 0, 0, 1, 0, 0, 0, 1, 0, 1, 0)",8.0,12.0,12.0,13.0,13.106,17.512,17.642666666666667,18.438333333333333,0.0,2.2518645156493924,1.7262062153660742,3.0920794696861997,2.0,2.0,10.0,3.0,0.07067928009290333,0.04328868813176017,0.08155879337148236,0.03869837781050644,4.0,4.0,5.0,4.406000000000001,4.536666666666667,5.332333333333333,2.2518645156493924,1.7262062153660742,3.0920794696861997,3.5720479409581274,4.660384428530477,3.714851855419217
31,3,0.8571428571428571,1.6582280766035322,-0.0444759694732868,"(1, 0, 0, 1, 1, 1, 0, 0, 0, 1, 0, 1, 0, 0, 0, 0, 1, 0, 1, 0, 1, 1, 1, 0, 1)",7.0,10.0,12.0,13.0,8.493333333333334,13.499333333333333,17.363666666666667,18.783666666666665,0.0,2.794464379448679,2.3335967350695404,2.7752473585164843,5.0,2.0,22.0,1.0,0.15857984636406602,0.0667437699995477,0.0952048637456869,0.024095209965590947,3.0,5.0,6.0,5.0059999999999985,8.870333333333333,10.290333333333331,2.794464379448679,2.3335967350695404,2.7752473585164843,3.6672304584070132,10.839400156602885,12.461726561530721
31,4,1.1428571428571428,1.6582280766035322,0.03579482283349544,"(0, 1, 0, 0, 1, 1, 1, 1, 0, 1, 1, 0, 0, 1, 1, 0, 1, 1, 0, 1, 0, 0, 1, 1, 0)",8.0,13.0,11.0,15.0,11.700666666666667,17.738333333333333,15.184,18.903333333333332,0.0,3.5051348711899375,3.20634980892059,4.166721811863729,2.0,3.0,1.0,18.0,0.12378076143029072,0.08430780046762774,0.055613280578567764,0.034415884967052446,5.0,3.0,7.0,6.0376666666666665,3.4833333333333325,7.202666666666666,3.5051348711899375,3.20634980892059,4.166721811863729,4.1995153281506665,0.45930185693780956,5.034288997254263
31,5,1.4285714285714284,1.6582280766035322,0.47574292235966364,"(1, 1, 1, 0, 0, 1, 0, 0, 0, 0, 0, 1, 0, 1, 0, 1, 0, 0, 0, 1, 1, 0, 1, 1, 1)",7.0,12.0,12.0,13.0,9.954,15.711666666666666,16.202666666666666,17.515666666666668,0.0,2.5992356605632234,2.651313234546778,3.9135748712137928,2.0,25.0,13.0,2.0,0.15683230962049688,0.04284459917752145,0.10394638355969059,0.04129730224570321,5.0,5.0,6.0,5.757666666666665,6.248666666666665,7.561666666666667,2.5992356605632234,2.651313234546778,3.9135748712137928,5.237398972335869,5.9652324626072755,6.049368241246947
31,6,1.7142857142857142,1.6582280766035322,0.7846459807301266,"(0, 0, 0, 0, 0, 0, 0, 1, 0, 0, 0, 0, 1, 0, 0, 1, 1, 0, 0, 0, 1, 0, 0, 1, 0)",4.0,8.0,9.0,12.0,6.1306666666666665,13.223666666666666,11.179333333333334,15.846333333333334,0.0,3.2097676012340344,2.4550435169243436,3.9228609484427728,1.0,1.0,16.0,19.0,0.13123408717582255,0.06028156900394608,0.09050266173735079,0.07291291448613577,4.0,5.0,8.0,7.093,5.0486666666666675,9.715666666666667,3.2097676012340344,2.4550435169243436,3.9228609484427728,6.439284991610208,4.300818727031609,9.60579308426835
31,7,2.0,1.6582280766035322,0.8470893806652386,"(0, 0, 0, 0, 0, 0, 0, 0, 0, 0, 1, 1, 0, 1, 1, 0, 0, 0, 0, 0, 0, 0, 0, 0, 0)",2.0,6.0,7.0,11.0,3.2956666666666665,8.064666666666668,9.35,13.055,0.0,4.166758661376541,4.637981018856249,7.338930547162693,1.0,2.0,11.0,66.0,0.2713114588831745,0.027083956267715346,0.13158569625549316,0.02729668218477804,4.0,5.0,9.0,4.769000000000001,6.054333333333333,9.759333333333334,4.166758661376541,4.637981018856249,7.338930547162693,0.9986534965967169,2.3486351742282965,4.0135798567175724
32,0,0.0,1.6582280766035322,-0.5968572308419516,"(1, 0, 0, 0, 0, 0, 0, 0, 0, 0, 0, 0, 0, 1, 1, 0, 0, 0, 1, 0, 0, 0, 0, 0, 0)",4.0,8.0,8.0,10.0,4.811333333333334,12.139666666666667,10.939333333333334,14.006,0.0,3.89337212581384,3.6916486802950192,5.6704675183752355,3.0,6.0,13.0,9.0,0.22323386607907414,0.06054226499005525,0.03863293429316314,0.009756918315155407,4.0,4.0,6.0,7.328333333333333,6.128,9.194666666666667,3.89337212581384,3.6916486802950192,5.6704675183752355,5.6959491163527955,4.0400261628048675,5.843925975239106
32,1,0.2857142857142857,1.6582280766035322,-1.86737934052542,"(0, 1, 0, 1, 1, 0, 0, 1, 0, 0, 0, 0, 0, 0, 1, 0, 0, 0, 1, 1, 0, 1, 1, 0, 1)",7.0,11.0,8.0,13.0,8.587333333333333,15.773333333333333,13.898,17.518666666666668,0.0,2.6253066908787126,2.157483700956043,4.929119807216815,16.0,2.0,1.0,3.0,0.10824382434034417,0.03730704015236135,0.07520674774932748,0.024156400197782424,4.0,1.0,6.0,7.186,5.310666666666666,8.931333333333335,2.6253066908787126,2.157483700956043,4.929119807216815,7.562669693962791,5.228696524409348,6.636582837568836
32,2,0.5714285714285714,1.6582280766035322,0.2751802613140305,"(1, 1, 0, 0, 1, 1, 1, 1, 1, 0, 1, 1, 1, 0, 1, 0, 0, 1, 0, 0, 0, 1, 0, 1, 0)",8.0,12.0,12.0,13.0,13.106,17.512,17.642666666666667,18.438333333333333,0.0,2.2518645156493924,1.7262062153660742,3.0920794696861997,2.0,2.0,10.0,3.0,0.07067928009290333,0.04328868813176017,0.08155879337148236,0.03869837781050644,4.0,4.0,5.0,4.406000000000001,4.536666666666667,5.332333333333333,2.2518645156493924,1.7262062153660742,3.0920794696861997,3.5720479409581274,4.660384428530477,3.714851855419217
32,3,0.8571428571428571,1.6582280766035322,-0.0444759694732868,"(1, 0, 0, 1, 1, 1, 0, 0, 0, 1, 0, 1, 0, 0, 0, 0, 1, 0, 1, 0, 1, 1, 1, 0, 1)",7.0,10.0,12.0,13.0,8.493333333333334,13.499333333333333,17.363666666666667,18.783666666666665,0.0,2.794464379448679,2.3335967350695404,2.7752473585164843,5.0,2.0,22.0,1.0,0.15857984636406602,0.0667437699995477,0.0952048637456869,0.024095209965590947,3.0,5.0,6.0,5.0059999999999985,8.870333333333333,10.290333333333331,2.794464379448679,2.3335967350695404,2.7752473585164843,3.6672304584070132,10.839400156602885,12.461726561530721
32,4,1.1428571428571428,1.6582280766035322,0.03579482283349544,"(0, 1, 0, 0, 1, 1, 1, 1, 0, 1, 1, 0, 0, 1, 1, 0, 1, 1, 0, 1, 0, 0, 1, 1, 0)",8.0,13.0,11.0,15.0,11.700666666666667,17.738333333333333,15.184,18.903333333333332,0.0,3.5051348711899375,3.20634980892059,4.166721811863729,2.0,3.0,1.0,18.0,0.12378076143029072,0.08430780046762774,0.055613280578567764,0.034415884967052446,5.0,3.0,7.0,6.0376666666666665,3.4833333333333325,7.202666666666666,3.5051348711899375,3.20634980892059,4.166721811863729,4.1995153281506665,0.45930185693780956,5.034288997254263
32,5,1.4285714285714284,1.6582280766035322,0.47574292235966364,"(1, 1, 1, 0, 0, 1, 0, 0, 0, 0, 0, 1, 0, 1, 0, 1, 0, 0, 0, 1, 1, 0, 1, 1, 1)",7.0,12.0,12.0,13.0,9.954,15.711666666666666,16.202666666666666,17.515666666666668,0.0,2.5992356605632234,2.651313234546778,3.9135748712137928,2.0,25.0,13.0,2.0,0.15683230962049688,0.04284459917752145,0.10394638355969059,0.04129730224570321,5.0,5.0,6.0,5.757666666666665,6.248666666666665,7.561666666666667,2.5992356605632234,2.651313234546778,3.9135748712137928,5.237398972335869,5.9652324626072755,6.049368241246947
32,6,1.7142857142857142,1.6582280766035322,0.7846459807301266,"(0, 0, 0, 0, 0, 0, 0, 1, 0, 0, 0, 0, 1, 0, 0, 1, 1, 0, 0, 0, 1, 0, 0, 1, 0)",4.0,8.0,9.0,12.0,6.1306666666666665,13.223666666666666,11.179333333333334,15.846333333333334,0.0,3.2097676012340344,2.4550435169243436,3.9228609484427728,1.0,1.0,16.0,19.0,0.13123408717582255,0.06028156900394608,0.09050266173735079,0.07291291448613577,4.0,5.0,8.0,7.093,5.0486666666666675,9.715666666666667,3.2097676012340344,2.4550435169243436,3.9228609484427728,6.439284991610208,4.300818727031609,9.60579308426835
32,7,2.0,1.6582280766035322,0.8470893806652386,"(0, 0, 0, 0, 0, 0, 0, 0, 0, 0, 1, 1, 0, 1, 1, 0, 0, 0, 0, 0, 0, 0, 0, 0, 0)",2.0,6.0,7.0,11.0,3.2956666666666665,8.064666666666668,9.35,13.055,0.0,4.166758661376541,4.637981018856249,7.338930547162693,1.0,2.0,11.0,66.0,0.2713114588831745,0.027083956267715346,0.13158569625549316,0.02729668218477804,4.0,5.0,9.0,4.769000000000001,6.054333333333333,9.759333333333334,4.166758661376541,4.637981018856249,7.338930547162693,0.9986534965967169,2.3486351742282965,4.0135798567175724
33,0,0.0,1.6582280766035322,-0.5968572308419516,"(1, 0, 0, 0, 0, 0, 0, 0, 0, 0, 0, 0, 0, 1, 1, 0, 0, 0, 1, 0, 0, 0, 0, 0, 0)",4.0,8.0,8.0,10.0,4.811333333333334,12.139666666666667,10.939333333333334,14.006,0.0,3.89337212581384,3.6916486802950192,5.6704675183752355,3.0,6.0,13.0,9.0,0.22323386607907414,0.06054226499005525,0.03863293429316314,0.009756918315155407,4.0,4.0,6.0,7.328333333333333,6.128,9.194666666666667,3.89337212581384,3.6916486802950192,5.6704675183752355,5.6959491163527955,4.0400261628048675,5.843925975239106
33,1,0.2857142857142857,1.6582280766035322,-0.8069820760750137,"(0, 1, 0, 1, 1, 0, 0, 1, 0, 0, 0, 0, 0, 0, 1, 0, 0, 0, 0, 1, 0, 1, 1, 1, 1)",6.0,9.0,7.0,12.0,6.764666666666667,12.481666666666667,9.241333333333333,18.612666666666666,0.0,3.1264784898975204,2.4951357868653363,4.292516836230515,8.0,6.0,1.0,11.0,0.24226892206841605,0.1104452542910635,0.07165660572324986,0.007204538213434018,3.0,1.0,6.0,5.7170000000000005,2.4766666666666666,11.847999999999999,3.1264784898975204,2.4951357868653363,4.292516836230515,4.295675501097313,-0.030626013663599592,12.528714314467841
33,2,0.5714285714285714,1.6582280766035322,0.2751802613140305,"(1, 1, 0, 0, 1, 1, 1, 1, 1, 0, 1, 1, 1, 0, 1, 0, 0, 1, 0, 0, 0, 1, 0, 1, 0)",8.0,12.0,12.0,13.0,13.106,17.512,17.642666666666667,18.438333333333333,0.0,2.2518645156493924,1.7262062153660742,3.0920794696861997,2.0,2.0,10.0,3.0,0.07067928009290333,0.04328868813176017,0.08155879337148236,0.03869837781050644,4.0,4.0,5.0,4.406000000000001,4.536666666666667,5.332333333333333,2.2518645156493924,1.7262062153660742,3.0920794696861997,3.5720479409581274,4.660384428530477,3.714851855419217
33,3,0.8571428571428571,1.6582280766035322,-0.0444759694732868,"(1, 0, 0, 1, 1, 1, 0, 0, 0, 1, 0, 1, 0, 0, 0, 0, 1, 0, 1, 0, 1, 1, 1, 0, 1)",7.0,10.0,12.0,13.0,8.493333333333334,13.499333333333333,17.363666666666667,18.783666666666665,0.0,2.794464379448679,2.3335967350695404,2.7752473585164843,5.0,2.0,22.0,1.0,0.15857984636406602,0.0667437699995477,0.0952048637456869,0.024095209965590947,3.0,5.0,6.0,5.0059999999999985,8.870333333333333,10.290333333333331,2.794464379448679,2.3335967350695404,2.7752473585164843,3.6672304584070132,10.839400156602885,12.461726561530721
33,4,1.1428571428571428,1.6582280766035322,0.03579482283349544,"(0, 1, 0, 0, 1, 1, 1, 1, 0, 1, 1, 0, 0, 1, 1, 0, 1, 1, 0, 1, 0, 0, 1, 1, 0)",8.0,13.0,11.0,15.0,11.700666666666667,17.738333333333333,15.184,18.903333333333332,0.0,3.5051348711899375,3.20634980892059,4.166721811863729,2.0,3.0,1.0,18.0,0.12378076143029072,0.08430780046762774,0.055613280578567764,0.034415884967052446,5.0,3.0,7.0,6.0376666666666665,3.4833333333333325,7.202666666666666,3.5051348711899375,3.20634980892059,4.166721811863729,4.1995153281506665,0.45930185693780956,5.034288997254263
33,5,1.4285714285714284,1.6582280766035322,0.47574292235966364,"(1, 1, 1, 0, 0, 1, 0, 0, 0, 0, 0, 1, 0, 1, 0, 1, 0, 0, 0, 1, 1, 0, 1, 1, 1)",7.0,12.0,12.0,13.0,9.954,15.711666666666666,16.202666666666666,17.515666666666668,0.0,2.5992356605632234,2.651313234546778,3.9135748712137928,2.0,25.0,13.0,2.0,0.15683230962049688,0.04284459917752145,0.10394638355969059,0.04129730224570321,5.0,5.0,6.0,5.757666666666665,6.248666666666665,7.561666666666667,2.5992356605632234,2.651313234546778,3.9135748712137928,5.237398972335869,5.9652324626072755,6.049368241246947
33,6,1.7142857142857142,1.6582280766035322,0.7846459807301266,"(0, 0, 0, 0, 0, 0, 0, 1, 0, 0, 0, 0, 1, 0, 0, 1, 1, 0, 0, 0, 1, 0, 0, 1, 0)",4.0,8.0,9.0,12.0,6.1306666666666665,13.223666666666666,11.179333333333334,15.846333333333334,0.0,3.2097676012340344,2.4550435169243436,3.9228609484427728,1.0,1.0,16.0,19.0,0.13123408717582255,0.06028156900394608,0.09050266173735079,0.07291291448613577,4.0,5.0,8.0,7.093,5.0486666666666675,9.715666666666667,3.2097676012340344,2.4550435169243436,3.9228609484427728,6.439284991610208,4.300818727031609,9.60579308426835
33,7,2.0,1.6582280766035322,0.8470893806652386,"(0, 0, 0, 0, 0, 0, 0, 0, 0, 0, 1, 1, 0, 1, 1, 0, 0, 0, 0, 0, 0, 0, 0, 0, 0)",2.0,6.0,7.0,11.0,3.2956666666666665,8.064666666666668,9.35,13.055,0.0,4.166758661376541,4.637981018856249,7.338930547162693,1.0,2.0,11.0,66.0,0.2713114588831745,0.027083956267715346,0.13158569625549316,0.02729668218477804,4.0,5.0,9.0,4.769000000000001,6.054333333333333,9.759333333333334,4.166758661376541,4.637981018856249,7.338930547162693,0.9986534965967169,2.3486351742282965,4.0135798567175724
34,0,0.0,1.6582280766035322,-0.5968572308419516,"(1, 0, 0, 0, 0, 0, 0, 0, 0, 0, 0, 0, 0, 1, 1, 0, 0, 0, 1, 0, 0, 0, 0, 0, 0)",4.0,8.0,8.0,10.0,4.811333333333334,12.139666666666667,10.939333333333334,14.006,0.0,3.89337212581384,3.6916486802950192,5.6704675183752355,3.0,6.0,13.0,9.0,0.22323386607907414,0.06054226499005525,0.03863293429316314,0.009756918315155407,4.0,4.0,6.0,7.328333333333333,6.128,9.194666666666667,3.89337212581384,3.6916486802950192,5.6704675183752355,5.6959491163527955,4.0400261628048675,5.843925975239106
34,1,0.2857142857142857,1.6582280766035322,-0.8069820760750137,"(0, 1, 0, 1, 1, 0, 0, 1, 0, 0, 0, 0, 0, 0, 1, 0, 0, 0, 0, 1, 0, 1, 1, 1, 1)",6.0,9.0,7.0,12.0,6.764666666666667,12.481666666666667,9.241333333333333,18.612666666666666,0.0,3.1264784898975204,2.4951357868653363,4.292516836230515,8.0,6.0,1.0,11.0,0.24226892206841605,0.1104452542910635,0.07165660572324986,0.007204538213434018,3.0,1.0,6.0,5.7170000000000005,2.4766666666666666,11.847999999999999,3.1264784898975204,2.4951357868653363,4.292516836230515,4.295675501097313,-0.030626013663599592,12.528714314467841
34,2,0.5714285714285714,1.6582280766035322,0.2751802613140305,"(1, 1, 0, 0, 1, 1, 1, 1, 1, 0, 1, 1, 1, 0, 1, 0, 0, 1, 0, 0, 0, 1, 0, 1, 0)",8.0,12.0,12.0,13.0,13.106,17.512,17.642666666666667,18.438333333333333,0.0,2.2518645156493924,1.7262062153660742,3.0920794696861997,2.0,2.0,10.0,3.0,0.07067928009290333,0.04328868813176017,0.08155879337148236,0.03869837781050644,4.0,4.0,5.0,4.406000000000001,4.536666666666667,5.332333333333333,2.2518645156493924,1.7262062153660742,3.0920794696861997,3.5720479409581274,4.660384428530477,3.714851855419217
34,3,0.8571428571428571,1.6582280766035322,-0.0444759694732868,"(1, 0, 0, 1, 1, 1, 0, 0, 0, 1, 0, 1, 0, 0, 0, 0, 1, 0, 1, 0, 1, 1, 1, 0, 1)",7.0,10.0,12.0,13.0,8.493333333333334,13.499333333333333,17.363666666666667,18.783666666666665,0.0,2.794464379448679,2.3335967350695404,2.7752473585164843,5.0,2.0,22.0,1.0,0.15857984636406602,0.0667437699995477,0.0952048637456869,0.024095209965590947,3.0,5.0,6.0,5.0059999999999985,8.870333333333333,10.290333333333331,2.794464379448679,2.3335967350695404,2.7752473585164843,3.6672304584070132,10.839400156602885,12.461726561530721
34,4,1.1428571428571428,1.6582280766035322,-0.19742604946763198,"(0, 1, 0, 0, 1, 0, 0, 1, 0, 1, 1, 0, 0, 1, 1, 0, 1, 1, 0, 1, 0, 0, 1, 1, 0)",8.0,12.0,11.0,15.0,11.313666666666666,16.873,15.762666666666666,19.324,0.0,2.014958997771967,1.4027688290245535,3.1681829260240977,6.0,11.0,2.0,7.0,0.1915673568004187,0.03645180058655894,0.0276417158873748,0.01084073252544584,4.0,3.0,7.0,5.559333333333335,4.449,8.010333333333335,2.014958997771967,1.4027688290245535,3.1681829260240977,5.877381037220849,5.0513460555363405,8.029389756537407
34,5,1.4285714285714284,1.6582280766035322,-0.37357968457544705,"(1, 1, 1, 1, 0, 1, 0, 0, 0, 0, 0, 1, 0, 1, 0, 1, 0, 0, 0, 1, 1, 0, 1, 0, 1)",8.0,12.0,11.0,13.0,11.735333333333333,15.727,15.99,17.014,0.0,2.8687990591715344,2.09373404378884,3.6258630875448774,6.0,8.0,5.0,13.0,0.12985210529091112,0.09582416799416668,0.02513730553254195,0.020340318917771355,4.0,3.0,5.0,3.991666666666667,4.254666666666667,5.278666666666666,2.8687990591715344,2.09373404378884,3.6258630875448774,1.8619705930570638,3.583319146904525,2.7407253000105576
34,6,1.7142857142857142,1.6582280766035322,0.7846459807301266,"(0, 0, 0, 0, 0, 0, 0, 1, 0, 0, 0, 0, 1, 0, 0, 1, 1, 0, 0, 0, 1, 0, 0, 1, 0)",4.0,8.0,9.0,12.0,6.1306666666666665,13.223666666666666,11.179333333333334,15.846333333333334,0.0,3.2097676012340344,2.4550435169243436,3.9228609484427728,1.0,1.0,16.0,19.0,0.13123408717582255,0.06028156900394608,0.09050266173735079,0.07291291448613577,4.0,5.0,8.0,7.093,5.0486666666666675,9.715666666666667,3.2097676012340344,2.4550435169243436,3.9228609484427728,6.439284991610208,4.300818727031609,9.60579308426835
34,7,2.0,1.6582280766035322,0.8470893806652386,"(0, 0, 0, 0, 0, 0, 0, 0, 0, 0, 1, 1, 0, 1, 1, 0, 0, 0, 0, 0, 0, 0, 0, 0, 0)",2.0,6.0,7.0,11.0,3.2956666666666665,8.064666666666668,9.35,13.055,0.0,4.166758661376541,4.637981018856249,7.338930547162693,1.0,2.0,11.0,66.0,0.2713114588831745,0.027083956267715346,0.13158569625549316,0.02729668218477804,4.0,5.0,9.0,4.769000000000001,6.054333333333333,9.759333333333334,4.166758661376541,4.637981018856249,7.338930547162693,0.9986534965967169,2.3486351742282965,4.0135798567175724
35,0,0.0,1.6582280766035322,-0.5968572308419516,"(1, 0, 0, 0, 0, 0, 0, 0, 0, 0, 0, 0, 0, 1, 1, 0, 0, 0, 1, 0, 0, 0, 0, 0, 0)",4.0,8.0,8.0,10.0,4.811333333333334,12.139666666666667,10.939333333333334,14.006,0.0,3.89337212581384,3.6916486802950192,5.6704675183752355,3.0,6.0,13.0,9.0,0.22323386607907414,0.06054226499005525,0.03863293429316314,0.009756918315155407,4.0,4.0,6.0,7.328333333333333,6.128,9.194666666666667,3.89337212581384,3.6916486802950192,5.6704675183752355,5.6959491163527955,4.0400261628048675,5.843925975239106
35,1,0.2857142857142857,1.6582280766035322,-0.8069820760750137,"(0, 1, 0, 1, 1, 0, 0, 1, 0, 0, 0, 0, 0, 0, 1, 0, 0, 0, 0, 1, 0, 1, 1, 1, 1)",6.0,9.0,7.0,12.0,6.764666666666667,12.481666666666667,9.241333333333333,18.612666666666666,0.0,3.1264784898975204,2.4951357868653363,4.292516836230515,8.0,6.0,1.0,11.0,0.24226892206841605,0.1104452542910635,0.07165660572324986,0.007204538213434018,3.0,1.0,6.0,5.7170000000000005,2.4766666666666666,11.847999999999999,3.1264784898975204,2.4951357868653363,4.292516836230515,4.295675501097313,-0.030626013663599592,12.528714314467841
35,2,0.5714285714285714,1.6582280766035322,0.2751802613140305,"(1, 1, 0, 0, 1, 1, 1, 1, 1, 0, 1, 1, 1, 0, 1, 0, 0, 1, 0, 0, 0, 1, 0, 1, 0)",8.0,12.0,12.0,13.0,13.106,17.512,17.642666666666667,18.438333333333333,0.0,2.2518645156493924,1.7262062153660742,3.0920794696861997,2.0,2.0,10.0,3.0,0.07067928009290333,0.04328868813176017,0.08155879337148236,0.03869837781050644,4.0,4.0,5.0,4.406000000000001,4.536666666666667,5.332333333333333,2.2518645156493924,1.7262062153660742,3.0920794696861997,3.5720479409581274,4.660384428530477,3.714851855419217
35,3,0.8571428571428571,1.6582280766035322,-0.0444759694732868,"(1, 0, 0, 1, 1, 1, 0, 0, 0, 1, 0, 1, 0, 0, 0, 0, 1, 0, 1, 0, 1, 1, 1, 0, 1)",7.0,10.0,12.0,13.0,8.493333333333334,13.499333333333333,17.363666666666667,18.783666666666665,0.0,2.794464379448679,2.3335967350695404,2.7752473585164843,5.0,2.0,22.0,1.0,0.15857984636406602,0.0667437699995477,0.0952048637456869,0.024095209965590947,3.0,5.0,6.0,5.0059999999999985,8.870333333333333,10.290333333333331,2.794464379448679,2.3335967350695404,2.7752473585164843,3.6672304584070132,10.839400156602885,12.461726561530721
35,4,1.1428571428571428,1.6582280766035322,-0.19742604946763198,"(0, 1, 0, 0, 1, 0, 0, 1, 0, 1, 1, 0, 0, 1, 1, 0, 1, 1, 0, 1, 0, 0, 1, 1, 0)",8.0,12.0,11.0,15.0,11.313666666666666,16.873,15.762666666666666,19.324,0.0,2.014958997771967,1.4027688290245535,3.1681829260240977,6.0,11.0,2.0,7.0,0.1915673568004187,0.03645180058655894,0.0276417158873748,0.01084073252544584,4.0,3.0,7.0,5.559333333333335,4.449,8.010333333333335,2.014958997771967,1.4027688290245535,3.1681829260240977,5.877381037220849,5.0513460555363405,8.029389756537407
35,5,1.4285714285714284,1.6582280766035322,-0.37357968457544705,"(1, 1, 1, 1, 0, 1, 0, 0, 0, 0, 0, 1, 0, 1, 0, 1, 0, 0, 0, 1, 1, 0, 1, 0, 1)",8.0,12.0,11.0,13.0,11.735333333333333,15.727,15.99,17.014,0.0,2.8687990591715344,2.09373404378884,3.6258630875448774,6.0,8.0,5.0,13.0,0.12985210529091112,0.09582416799416668,0.02513730553254195,0.020340318917771355,4.0,3.0,5.0,3.991666666666667,4.254666666666667,5.278666666666666,2.8687990591715344,2.09373404378884,3.6258630875448774,1.8619705930570638,3.583319146904525,2.7407253000105576
35,6,1.7142857142857142,1.6582280766035322,0.7846459807301266,"(0, 0, 0, 0, 0, 0, 0, 1, 0, 0, 0, 0, 1, 0, 0, 1, 1, 0, 0, 0, 1, 0, 0, 1, 0)",4.0,8.0,9.0,12.0,6.1306666666666665,13.223666666666666,11.179333333333334,15.846333333333334,0.0,3.2097676012340344,2.4550435169243436,3.9228609484427728,1.0,1.0,16.0,19.0,0.13123408717582255,0.06028156900394608,0.09050266173735079,0.07291291448613577,4.0,5.0,8.0,7.093,5.0486666666666675,9.715666666666667,3.2097676012340344,2.4550435169243436,3.9228609484427728,6.439284991610208,4.300818727031609,9.60579308426835
35,7,2.0,1.6582280766035322,0.8470893806652386,"(0, 0, 0, 0, 0, 0, 0, 0, 0, 0, 1, 1, 0, 1, 1, 0, 0, 0, 0, 0, 0, 0, 0, 0, 0)",2.0,6.0,7.0,11.0,3.2956666666666665,8.064666666666668,9.35,13.055,0.0,4.166758661376541,4.637981018856249,7.338930547162693,1.0,2.0,11.0,66.0,0.2713114588831745,0.027083956267715346,0.13158569625549316,0.02729668218477804,4.0,5.0,9.0,4.769000000000001,6.054333333333333,9.759333333333334,4.166758661376541,4.637981018856249,7.338930547162693,0.9986534965967169,2.3486351742282965,4.0135798567175724
36,0,0.0,1.6582280766035322,-0.5968572308419516,"(1, 0, 0, 0, 0, 0, 0, 0, 0, 0, 0, 0, 0, 1, 1, 0, 0, 0, 1, 0, 0, 0, 0, 0, 0)",4.0,8.0,8.0,10.0,4.811333333333334,12.139666666666667,10.939333333333334,14.006,0.0,3.89337212581384,3.6916486802950192,5.6704675183752355,3.0,6.0,13.0,9.0,0.22323386607907414,0.06054226499005525,0.03863293429316314,0.009756918315155407,4.0,4.0,6.0,7.328333333333333,6.128,9.194666666666667,3.89337212581384,3.6916486802950192,5.6704675183752355,5.6959491163527955,4.0400261628048675,5.843925975239106
36,1,0.2857142857142857,1.6582280766035322,-0.8069820760750137,"(0, 1, 0, 1, 1, 0, 0, 1, 0, 0, 0, 0, 0, 0, 1, 0, 0, 0, 0, 1, 0, 1, 1, 1, 1)",6.0,9.0,7.0,12.0,6.764666666666667,12.481666666666667,9.241333333333333,18.612666666666666,0.0,3.1264784898975204,2.4951357868653363,4.292516836230515,8.0,6.0,1.0,11.0,0.24226892206841605,0.1104452542910635,0.07165660572324986,0.007204538213434018,3.0,1.0,6.0,5.7170000000000005,2.4766666666666666,11.847999999999999,3.1264784898975204,2.4951357868653363,4.292516836230515,4.295675501097313,-0.030626013663599592,12.528714314467841
36,2,0.5714285714285714,1.6582280766035322,-0.3161868457686495,"(1, 1, 0, 0, 1, 1, 1, 1, 1, 0, 1, 0, 1, 0, 1, 0, 1, 1, 0, 0, 0, 1, 0, 1, 0)",8.0,12.0,11.0,14.0,11.322,14.823666666666666,16.202,18.913666666666668,0.0,3.016648516957146,2.773100874395103,4.108361395945487,4.0,15.0,1.0,2.0,0.1315534950390494,0.08795860074812992,0.06590280485302107,0.043598939432638095,4.0,3.0,6.0,3.501666666666667,4.880000000000003,7.591666666666669,3.016648516957146,2.773100874395103,4.108361395945487,0.804270713510623,3.4937192846494765,5.77611459929093
36,3,0.8571428571428571,1.6582280766035322,-0.0444759694732868,"(1, 0, 0, 1, 1, 1, 0, 0, 0, 1, 0, 1, 0, 0, 0, 0, 1, 0, 1, 0, 1, 1, 1, 0, 1)",7.0,10.0,12.0,13.0,8.493333333333334,13.499333333333333,17.363666666666667,18.783666666666665,0.0,2.794464379448679,2.3335967350695404,2.7752473585164843,5.0,2.0,22.0,1.0,0.15857984636406602,0.0667437699995477,0.0952048637456869,0.024095209965590947,3.0,5.0,6.0,5.0059999999999985,8.870333333333333,10.290333333333331,2.794464379448679,2.3335967350695404,2.7752473585164843,3.6672304584070132,10.839400156602885,12.461726561530721
36,4,1.1428571428571428,1.6582280766035322,-1.706389542357872,"(0, 1, 0, 0, 1, 0, 0, 1, 1, 1, 1, 0, 0, 0, 1, 0, 1, 1, 0, 1, 0, 0, 1, 1, 0)",8.0,11.0,10.0,13.0,11.120333333333333,14.437666666666667,15.617333333333333,16.261,0.0,3.109619837785383,2.9950270653138755,4.013289652886886,7.0,3.0,1.0,3.0,0.06643090311024707,0.07118392467316606,0.03400474589023315,0.017485078928124512,3.0,2.0,5.0,3.317333333333334,4.497,5.140666666666666,3.109619837785383,2.9950270653138755,4.013289652886886,0.34443635020707464,2.4906136905951346,1.8694482171670785
36,5,1.4285714285714284,1.6582280766035322,-0.37357968457544705,"(1, 1, 1, 1, 0, 1, 0, 0, 0, 0, 0, 1, 0, 1, 0, 1, 0, 0, 0, 1, 1, 0, 1, 0, 1)",8.0,12.0,11.0,13.0,11.735333333333333,15.727,15.99,17.014,0.0,2.8687990591715344,2.09373404378884,3.6258630875448774,6.0,8.0,5.0,13.0,0.12985210529091112,0.09582416799416668,0.02513730553254195,0.020340318917771355,4.0,3.0,5.0,3.991666666666667,4.254666666666667,5.278666666666666,2.8687990591715344,2.09373404378884,3.6258630875448774,1.8619705930570638,3.583319146904525,2.7407253000105576
36,6,1.7142857142857142,1.6582280766035322,-0.06571945951440683,"(0, 0, 0, 0, 0, 0, 0, 1, 0, 0, 0, 0, 1, 0, 0, 1, 1, 0, 0, 0, 0, 1, 0, 1, 0)",4.0,8.0,8.0,12.0,4.791,11.576666666666666,12.465666666666667,17.599,0.0,4.7717539627471375,3.891658623468017,6.07181398718251,1.0,1.0,1.0,12.0,0.11299051384126936,0.046160903455196634,0.034810224081531047,0.05904277308596365,4.0,4.0,8.0,6.785666666666666,7.674666666666667,12.808,4.7717539627471375,3.891658623468017,6.07181398718251,3.3395265894678983,6.27309015124899,11.170132775677963
36,7,2.0,1.6582280766035322,0.8470893806652386,"(0, 0, 0, 0, 0, 0, 0, 0, 0, 0, 1, 1, 0, 1, 1, 0, 0, 0, 0, 0, 0, 0, 0, 0, 0)",2.0,6.0,7.0,11.0,3.2956666666666665,8.064666666666668,9.35,13.055,0.0,4.166758661376541,4.637981018856249,7.338930547162693,1.0,2.0,11.0,66.0,0.2713114588831745,0.027083956267715346,0.13158569625549316,0.02729668218477804,4.0,5.0,9.0,4.769000000000001,6.054333333333333,9.759333333333334,4.166758661376541,4.637981018856249,7.338930547162693,0.9986534965967169,2.3486351742282965,4.0135798567175724
37,0,0.0,1.6582280766035322,-0.6156216790934637,"(1, 0, 0, 0, 0, 0, 0, 1, 1, 0, 0, 0, 0, 1, 1, 0, 0, 0, 1, 0, 0, 0, 0, 0, 0)",5.0,9.0,8.0,11.0,7.846666666666667,11.1,12.293333333333333,16.040333333333333,0.0,2.5787749685735766,2.9698127861713006,5.155274479730925,3.0,6.0,1.0,6.0,0.06400685460973782,0.07833201591231702,0.07174815425369822,0.04203538542342747,4.0,3.0,6.0,3.253333333333333,4.446666666666666,8.193666666666665,2.5787749685735766,2.9698127861713006,5.155274479730925,1.1185716197523947,2.448960569678293,5.038347232109653
37,1,0.2857142857142857,1.6582280766035322,-0.8069820760750137,"(0, 1, 0, 1, 1, 0, 0, 1, 0, 0, 0, 0, 0, 0, 1, 0, 0, 0, 0, 1, 0, 1, 1, 1, 1)",6.0,9.0,7.0,12.0,6.764666666666667,12.481666666666667,9.241333333333333,18.612666666666666,0.0,3.1264784898975204,2.4951357868653363,4.292516836230515,8.0,6.0,1.0,11.0,0.24226892206841605,0.1104452542910635,0.07165660572324986,0.007204538213434018,3.0,1.0,6.0,5.7170000000000005,2.4766666666666666,11.847999999999999,3.1264784898975204,2.4951357868653363,4.292516836230515,4.295675501097313,-0.030626013663599592,12.528714314467841
37,2,0.5714285714285714,1.6582280766035322,-0.3161868457686495,"(1, 1, 0, 0, 1, 1, 1, 1, 1, 0, 1, 0, 1, 0, 1, 0, 1, 1, 0, 0, 0, 1, 0, 1, 0)",8.0,12.0,11.0,14.0,11.322,14.823666666666666,16.202,18.913666666666668,0.0,3.016648516957146,2.773100874395103,4.108361395945487,4.0,15.0,1.0,2.0,0.1315534950390494,0.08795860074812992,0.06590280485302107,0.043598939432638095,4.0,3.0,6.0,3.501666666666667,4.880000000000003,7.591666666666669,3.016648516957146,2.773100874395103,4.108361395945487,0.804270713510623,3.4937192846494765,5.77611459929093
37,3,0.8571428571428571,1.6582280766035322,0.23413364060040376,"(1, 0, 0, 1, 1, 1, 0, 0, 0, 1, 0, 1, 0, 0, 0, 0, 1, 0, 1, 0, 1, 1, 1, 1, 0)",6.0,10.0,10.0,12.0,14.932333333333334,14.787333333333333,13.254333333333333,16.861333333333334,0.0,2.7105027645033197,3.1079063354395604,4.246648405156019,1.0,9.0,7.0,1.0,0.16177589204920576,0.10519948786537495,0.040235254862840124,0.009779115593955175,4.0,4.0,6.0,-0.14500000000000135,-1.6780000000000008,1.9290000000000003,2.7105027645033197,3.1079063354395604,4.246648405156019,-4.735074856918411,-7.936124257420603,-3.8431896571251096
37,4,1.1428571428571428,1.6582280766035322,-0.3087923949666178,"(0, 1, 0, 0, 1, 0, 0, 1, 1, 1, 1, 0, 0, 0, 1, 0, 1, 1, 0, 1, 1, 1, 1, 1, 0)",8.0,11.0,13.0,12.0,12.622666666666667,15.757333333333333,18.504333333333335,18.343666666666667,0.0,2.0429277779973494,2.2964524261536226,2.338387171735285,3.0,4.0,7.0,2.0,0.11774345470900409,0.11066199839825801,0.06144402941313015,0.02373478169277902,3.0,5.0,4.0,3.134666666666666,5.881666666666668,5.721,2.0429277779973494,2.2964524261536226,2.338387171735285,1.8103520775113988,5.94510291425754,5.609143564107833
37,5,1.4285714285714284,1.6582280766035322,-0.37357968457544705,"(1, 1, 1, 1, 0, 1, 0, 0, 0, 0, 0, 1, 0, 1, 0, 1, 0, 0, 0, 1, 1, 0, 1, 0, 1)",8.0,12.0,11.0,13.0,11.735333333333333,15.727,15.99,17.014,0.0,2.8687990591715344,2.09373404378884,3.6258630875448774,6.0,8.0,5.0,13.0,0.12985210529091112,0.09582416799416668,0.02513730553254195,0.020340318917771355,4.0,3.0,5.0,3.991666666666667,4.254666666666667,5.278666666666666,2.8687990591715344,2.09373404378884,3.6258630875448774,1.8619705930570638,3.583319146904525,2.7407253000105576
37,6,1.7142857142857142,1.6582280766035322,-0.06571945951440683,"(0, 0, 0, 0, 0, 0, 0, 1, 0, 0, 0, 0, 1, 0, 0, 1, 1, 0, 0, 0, 0, 1, 0, 1, 0)",4.0,8.0,8.0,12.0,4.791,11.576666666666666,12.465666666666667,17.599,0.0,4.7717539627471375,3.891658623468017,6.07181398718251,1.0,1.0,1.0,12.0,0.11299051384126936,0.046160903455196634,0.034810224081531047,0.05904277308596365,4.0,4.0,8.0,6.785666666666666,7.674666666666667,12.808,4.7717539627471375,3.891658623468017,6.07181398718251,3.3395265894678983,6.27309015124899,11.170132775677963
37,7,2.0,1.6582280766035322,0.8470893806652386,"(0, 0, 0, 0, 0, 0, 0, 0, 0, 0, 1, 1, 0, 1, 1, 0, 0, 0, 0, 0, 0, 0, 0, 0, 0)",2.0,6.0,7.0,11.0,3.2956666666666665,8.064666666666668,9.35,13.055,0.0,4.166758661376541,4.637981018856249,7.338930547162693,1.0,2.0,11.0,66.0,0.2713114588831745,0.027083956267715346,0.13158569625549316,0.02729668218477804,4.0,5.0,9.0,4.769000000000001,6.054333333333333,9.759333333333334,4.166758661376541,4.637981018856249,7.338930547162693,0.9986534965967169,2.3486351742282965,4.0135798567175724
38,0,0.0,1.6582280766035322,-1.1929872157565635,"(1, 0, 0, 0, 0, 0, 0, 1, 1, 0, 0, 0, 0, 1, 1, 0, 0, 0, 0, 0, 0, 0, 0, 1, 0)",5.0,8.0,9.0,10.0,7.061,10.489666666666666,12.584,15.068666666666667,0.0,4.194368158851994,4.022188810231326,5.537643449439294,3.0,4.0,6.0,1.0,0.1549705492900938,0.15564100994800736,0.04036742673598089,0.026693543096632168,3.0,4.0,5.0,3.4286666666666665,5.523,8.007666666666667,4.194368158851994,4.022188810231326,5.537643449439294,-1.2697077126389296,2.4886872525551658,4.095861848669016
38,1,0.2857142857142857,1.6582280766035322,0.028459503561591104,"(1, 1, 0, 1, 0, 0, 0, 1, 0, 0, 0, 0, 0, 0, 1, 0, 0, 0, 0, 1, 0, 1, 1, 1, 1)",6.0,10.0,10.0,14.0,9.392666666666667,12.920333333333334,16.642333333333333,18.796666666666667,0.0,2.646310913182357,2.6164904449381043,3.748977309854486,2.0,12.0,3.0,5.0,0.17013842634019363,0.04202603994047478,0.049570776694142116,0.009098046475941167,4.0,4.0,8.0,3.5276666666666667,7.249666666666666,9.404,2.646310913182357,2.6164904449381043,3.748977309854486,1.4614888559037438,7.682862894722173,9.377317398629328
38,2,0.5714285714285714,1.6582280766035322,-0.3161868457686495,"(1, 1, 0, 0, 1, 1, 1, 1, 1, 0, 1, 0, 1, 0, 1, 0, 1, 1, 0, 0, 0, 1, 0, 1, 0)",8.0,12.0,11.0,14.0,11.322,14.823666666666666,16.202,18.913666666666668,0.0,3.016648516957146,2.773100874395103,4.108361395945487,4.0,15.0,1.0,2.0,0.1315534950390494,0.08795860074812992,0.06590280485302107,0.043598939432638095,4.0,3.0,6.0,3.501666666666667,4.880000000000003,7.591666666666669,3.016648516957146,2.773100874395103,4.108361395945487,0.804270713510623,3.4937192846494765,5.77611459929093
38,3,0.8571428571428571,1.6582280766035322,0.23413364060040376,"(1, 0, 0, 1, 1, 1, 0, 0, 0, 1, 0, 1, 0, 0, 0, 0, 1, 0, 1, 0, 1, 1, 1, 1, 0)",6.0,10.0,10.0,12.0,14.932333333333334,14.787333333333333,13.254333333333333,16.861333333333334,0.0,2.7105027645033197,3.1079063354395604,4.246648405156019,1.0,9.0,7.0,1.0,0.16177589204920576,0.10519948786537495,0.040235254862840124,0.009779115593955175,4.0,4.0,6.0,-0.14500000000000135,-1.6780000000000008,1.9290000000000003,2.7105027645033197,3.1079063354395604,4.246648405156019,-4.735074856918411,-7.936124257420603,-3.8431896571251096
38,4,1.1428571428571428,1.6582280766035322,-0.0055401231820969565,"(0, 1, 0, 0, 1, 0, 1, 0, 1, 1, 1, 0, 0, 0, 1, 0, 1, 1, 0, 1, 1, 1, 1, 1, 0)",8.0,13.0,12.0,14.0,10.971333333333334,17.543333333333333,15.988666666666667,18.50733333333333,0.0,2.093291849635078,2.238589478658361,3.9979878926911163,1.0,1.0,4.0,2.0,0.12070358477668826,0.017911491950493685,0.03780086887160532,0.02248885157552849,5.0,4.0,6.0,6.571999999999999,5.017333333333333,7.535999999999998,2.093291849635078,2.238589478658361,3.9979878926911163,7.426719601848188,4.607791077511564,5.866831011702816
38,5,1.4285714285714284,1.6582280766035322,-0.5120630962772056,"(1, 1, 1, 0, 0, 1, 0, 0, 0, 0, 0, 1, 0, 1, 0, 1, 0, 0, 0, 1, 1, 0, 1, 1, 1)",7.0,11.0,12.0,13.0,9.286333333333333,17.081666666666667,15.822,17.848,0.0,3.1593021934360657,3.8021603692224417,4.172700645317705,2.0,1.0,7.0,3.0,0.12134448607820326,0.08143657729999922,0.10034972437522131,0.014989247783799634,4.0,5.0,6.0,7.795333333333334,6.535666666666666,8.561666666666666,3.1593021934360657,3.8021603692224417,4.172700645317705,7.687597000185928,4.532776889994579,7.277906683859745
38,6,1.7142857142857142,1.6582280766035322,-0.06571945951440683,"(0, 0, 0, 0, 0, 0, 0, 1, 0, 0, 0, 0, 1, 0, 0, 1, 1, 0, 0, 0, 0, 1, 0, 1, 0)",4.0,8.0,8.0,12.0,4.791,11.576666666666666,12.465666666666667,17.599,0.0,4.7717539627471375,3.891658623468017,6.07181398718251,1.0,1.0,1.0,12.0,0.11299051384126936,0.046160903455196634,0.034810224081531047,0.05904277308596365,4.0,4.0,8.0,6.785666666666666,7.674666666666667,12.808,4.7717539627471375,3.891658623468017,6.07181398718251,3.3395265894678983,6.27309015124899,11.170132775677963
38,7,2.0,1.6582280766035322,0.8470893806652386,"(0, 0, 0, 0, 0, 0, 0, 0, 0, 0, 1, 1, 0, 1, 1, 0, 0, 0, 0, 0, 0, 0, 0, 0, 0)",2.0,6.0,7.0,11.0,3.2956666666666665,8.064666666666668,9.35,13.055,0.0,4.166758661376541,4.637981018856249,7.338930547162693,1.0,2.0,11.0,66.0,0.2713114588831745,0.027083956267715346,0.13158569625549316,0.02729668218477804,4.0,5.0,9.0,4.769000000000001,6.054333333333333,9.759333333333334,4.166758661376541,4.637981018856249,7.338930547162693,0.9986534965967169,2.3486351742282965,4.0135798567175724
39,0,0.0,1.6582280766035322,-0.1234886692530397,"(1, 0, 0, 0, 0, 0, 0, 1, 1, 0, 0, 0, 0, 1, 1, 0, 0, 0, 1, 0, 0, 0, 0, 0, 0)",5.0,9.0,9.0,11.0,6.113666666666667,13.267,11.115333333333334,15.764666666666667,0.0,2.9106232562147585,3.007620386317861,5.063961386979292,3.0,5.0,17.0,3.0,0.23153249463372855,0.020722671106138953,0.06835091850156756,0.022131518542948564,4.0,4.0,6.0,7.153333333333332,5.001666666666667,9.651,2.9106232562147585,3.007620386317861,5.063961386979292,7.035380970766756,3.3065835281212284,7.606356216575462
39,1,0.2857142857142857,1.6582280766035322,0.028459503561591104,"(1, 1, 0, 1, 0, 0, 0, 1, 0, 0, 0, 0, 0, 0, 1, 0, 0, 0, 0, 1, 0, 1, 1, 1, 1)",6.0,10.0,10.0,14.0,9.392666666666667,12.920333333333334,16.642333333333333,18.796666666666667,0.0,2.646310913182357,2.6164904449381043,3.748977309854486,2.0,12.0,3.0,5.0,0.17013842634019363,0.04202603994047478,0.049570776694142116,0.009098046475941167,4.0,4.0,8.0,3.5276666666666667,7.249666666666666,9.404,2.646310913182357,2.6164904449381043,3.748977309854486,1.4614888559037438,7.682862894722173,9.377317398629328
39,2,0.5714285714285714,1.6582280766035322,0.019386131734409395,"(1, 1, 0, 0, 1, 1, 1, 1, 1, 0, 1, 1, 0, 0, 1, 0, 1, 1, 0, 0, 0, 1, 0, 1, 0)",8.0,13.0,11.0,14.0,12.090333333333334,18.092,19.104,19.618333333333332,0.0,1.7610105802183416,1.5994531036661408,3.445125439573295,2.0,6.0,1.0,5.0,0.09143655060132594,0.018503169204797467,0.03588184526497509,0.01695679933254826,5.0,3.0,6.0,6.001666666666665,7.013666666666666,7.527999999999999,1.7610105802183416,1.5994531036661408,3.445125439573295,7.031974985768266,8.978000942895116,6.770337229349865
39,3,0.8571428571428571,1.6582280766035322,0.23413364060040376,"(1, 0, 0, 1, 1, 1, 0, 0, 0, 1, 0, 1, 0, 0, 0, 0, 1, 0, 1, 0, 1, 1, 1, 1, 0)",6.0,10.0,10.0,12.0,14.932333333333334,14.787333333333333,13.254333333333333,16.861333333333334,0.0,2.7105027645033197,3.1079063354395604,4.246648405156019,1.0,9.0,7.0,1.0,0.16177589204920576,0.10519948786537495,0.040235254862840124,0.009779115593955175,4.0,4.0,6.0,-0.14500000000000135,-1.6780000000000008,1.9290000000000003,2.7105027645033197,3.1079063354395604,4.246648405156019,-4.735074856918411,-7.936124257420603,-3.8431896571251096
39,4,1.1428571428571428,1.6582280766035322,-0.0055401231820969565,"(0, 1, 0, 0, 1, 0, 1, 0, 1, 1, 1, 0, 0, 0, 1, 0, 1, 1, 0, 1, 1, 1, 1, 1, 0)",8.0,13.0,12.0,14.0,10.971333333333334,17.543333333333333,15.988666666666667,18.50733333333333,0.0,2.093291849635078,2.238589478658361,3.9979878926911163,1.0,1.0,4.0,2.0,0.12070358477668826,0.017911491950493685,0.03780086887160532,0.02248885157552849,5.0,4.0,6.0,6.571999999999999,5.017333333333333,7.535999999999998,2.093291849635078,2.238589478658361,3.9979878926911163,7.426719601848188,4.607791077511564,5.866831011702816
39,5,1.4285714285714284,1.6582280766035322,0.22803576229725886,"(1, 1, 1, 0, 0, 1, 0, 0, 0, 0, 0, 1, 0, 1, 1, 1, 0, 0, 0, 0, 1, 0, 1, 1, 1)",7.0,12.0,11.0,12.0,8.964666666666666,15.755333333333333,15.188666666666666,16.157666666666668,0.0,1.378835070452244,2.0371424044856417,2.884662774437707,3.0,9.0,11.0,4.0,0.09952144327358974,0.03072626099792971,0.08026970818714889,0.01660898281325927,5.0,4.0,5.0,6.790666666666667,6.224,7.193000000000001,1.378835070452244,2.0371424044856417,2.884662774437707,8.974051098692867,6.942764817622664,7.144205750903561
39,6,1.7142857142857142,1.6582280766035322,0.49596423417109725,"(0, 0, 0, 0, 0, 0, 0, 1, 0, 0, 0, 0, 1, 0, 0, 1, 1, 0, 1, 1, 0, 1, 0, 1, 0)",4.0,9.0,7.0,12.0,6.36,11.812666666666667,12.681333333333333,14.24,0.0,5.011174459874079,4.216468654161835,7.459474515953568,1.0,9.0,1.0,38.0,0.20645445257068604,0.06729989484091344,0.06120236654835131,0.011807268835884578,5.0,3.0,8.0,5.4526666666666666,6.321333333333333,7.88,5.011174459874079,4.216468654161835,7.459474515953568,0.7320947729051216,3.4903457084532636,0.6973271645730841
39,7,2.0,1.6582280766035322,0.8470893806652386,"(0, 0, 0, 0, 0, 0, 0, 0, 0, 0, 1, 1, 0, 1, 1, 0, 0, 0, 0, 0, 0, 0, 0, 0, 0)",2.0,6.0,7.0,11.0,3.2956666666666665,8.064666666666668,9.35,13.055,0.0,4.166758661376541,4.637981018856249,7.338930547162693,1.0,2.0,11.0,66.0,0.2713114588831745,0.027083956267715346,0.13158569625549316,0.02729668218477804,4.0,5.0,9.0,4.769000000000001,6.054333333333333,9.759333333333334,4.166758661376541,4.637981018856249,7.338930547162693,0.9986534965967169,2.3486351742282965,4.0135798567175724
40,0,0.0,1.6582280766035322,0.028459503561591104,"(1, 1, 0, 1, 0, 0, 0, 1, 0, 0, 0, 0, 0, 0, 1, 0, 0, 0, 0, 1, 0, 1, 1, 1, 1)",6.0,10.0,10.0,14.0,9.392666666666667,12.920333333333334,16.642333333333333,18.796666666666667,0.0,2.646310913182357,2.6164904449381043,3.748977309854486,2.0,12.0,3.0,5.0,0.17013842634019363,0.04202603994047478,0.049570776694142116,0.009098046475941167,4.0,4.0,8.0,3.5276666666666667,7.249666666666666,9.404,2.646310913182357,2.6164904449381043,3.748977309854486,1.4614888559037438,7.682862894722173,9.377317398629328
40,1,0.2857142857142857,1.6582280766035322,-0.1234886692530397,"(1, 0, 0, 0, 0, 0, 0, 1, 1, 0, 0, 0, 0, 1, 1, 0, 0, 0, 1, 0, 0, 0, 0, 0, 0)",5.0,9.0,9.0,11.0,6.113666666666667,13.267,11.115333333333334,15.764666666666667,0.0,2.9106232562147585,3.007620386317861,5.063961386979292,3.0,5.0,17.0,3.0,0.23153249463372855,0.020722671106138953,0.06835091850156756,0.022131518542948564,4.0,4.0,6.0,7.153333333333332,5.001666666666667,9.651,2.9106232562147585,3.007620386317861,5.063961386979292,7.035380970766756,3.3065835281212284,7.606356216575462
40,2,0.5714285714285714,1.6582280766035322,0.33087115591790317,"(1, 0, 0, 1, 1, 1, 0, 0, 0, 1, 0, 1, 0, 0, 0, 1, 1, 0, 1, 0, 0, 1, 1, 1, 0)",7.0,11.0,11.0,13.0,11.351666666666667,14.472333333333333,15.032,17.966666666666665,0.0,3.5164753087582636,2.2919844227249957,3.6422887578814547,1.0,6.0,5.0,8.0,0.1643444786266466,0.060523835791592165,0.03484610135501494,0.02860804997191176,4.0,4.0,6.0,3.1206666666666667,3.6803333333333335,6.614999999999998,3.5164753087582636,2.2919844227249957,3.6422887578814547,-0.6563410032786047,2.302199143692673,4.92943324531593
40,3,0.8571428571428571,1.6582280766035322,-0.0055401231820969565,"(0, 1, 0, 0, 1, 0, 1, 0, 1, 1, 1, 0, 0, 0, 1, 0, 1, 1, 0, 1, 1, 1, 1, 1, 0)",8.0,13.0,12.0,14.0,10.971333333333334,17.543333333333333,15.988666666666667,18.50733333333333,0.0,2.093291849635078,2.238589478658361,3.9979878926911163,1.0,1.0,4.0,2.0,0.12070358477668826,0.017911491950493685,0.03780086887160532,0.02248885157552849,5.0,4.0,6.0,6.571999999999999,5.017333333333333,7.535999999999998,2.093291849635078,2.238589478658361,3.9979878926911163,7.426719601848188,4.607791077511564,5.866831011702816
40,4,1.1428571428571428,1.6582280766035322,0.23571480381084742,"(1, 1, 1, 0, 0, 1, 0, 0, 0, 0, 0, 1, 0, 1, 1, 0, 1, 0, 0, 0, 1, 0, 1, 1, 1)",6.0,11.0,11.0,14.0,7.063666666666666,17.852666666666668,15.642333333333333,17.727333333333334,0.0,3.5844258103861963,3.007555899670437,4.068296763139108,1.0,7.0,2.0,11.0,0.21675674160859099,0.018328283354757585,0.03208602469991654,0.007188834392157311,5.0,5.0,8.0,10.789000000000001,8.578666666666667,10.663666666666668,3.5844258103861963,3.007555899670437,4.068296763139108,11.946827201190752,9.238172291701387,10.93662754961533
40,5,1.4285714285714284,1.6582280766035322,0.019386131734409395,"(1, 1, 0, 0, 1, 1, 1, 1, 1, 0, 1, 1, 0, 0, 1, 0, 1, 1, 0, 0, 0, 1, 0, 1, 0)",8.0,13.0,11.0,14.0,12.090333333333334,18.092,19.104,19.618333333333332,0.0,1.7610105802183416,1.5994531036661408,3.445125439573295,2.0,6.0,1.0,5.0,0.09143655060132594,0.018503169204797467,0.03588184526497509,0.01695679933254826,5.0,3.0,6.0,6.001666666666665,7.013666666666666,7.527999999999999,1.7610105802183416,1.5994531036661408,3.445125439573295,7.031974985768266,8.978000942895116,6.770337229349865
40,6,1.7142857142857142,1.6582280766035322,0.8470893806652386,"(0, 0, 0, 0, 0, 0, 0, 0, 0, 0, 1, 1, 0, 1, 1, 0, 0, 0, 0, 0, 0, 0, 0, 0, 0)",2.0,6.0,7.0,11.0,3.2956666666666665,8.064666666666668,9.35,13.055,0.0,4.166758661376541,4.637981018856249,7.338930547162693,1.0,2.0,11.0,66.0,0.2713114588831745,0.027083956267715346,0.13158569625549316,0.02729668218477804,4.0,5.0,9.0,4.769000000000001,6.054333333333333,9.759333333333334,4.166758661376541,4.637981018856249,7.338930547162693,0.9986534965967169,2.3486351742282965,4.0135798567175724
40,7,2.0,1.6582280766035322,0.49596423417109725,"(0, 0, 0, 0, 0, 0, 0, 1, 0, 0, 0, 0, 1, 0, 0, 1, 1, 0, 1, 1, 0, 1, 0, 1, 0)",4.0,9.0,7.0,12.0,6.36,11.812666666666667,12.681333333333333,14.24,0.0,5.011174459874079,4.216468654161835,7.459474515953568,1.0,9.0,1.0,38.0,0.20645445257068604,0.06729989484091344,0.06120236654835131,0.011807268835884578,5.0,3.0,8.0,5.4526666666666666,6.321333333333333,7.88,5.011174459874079,4.216468654161835,7.459474515953568,0.7320947729051216,3.4903457084532636,0.6973271645730841
41,0,0.0,1.6582280766035322,-1.5079322349135043,"(1, 1, 0, 1, 0, 0, 0, 1, 0, 0, 0, 0, 0, 1, 1, 0, 0, 0, 1, 1, 0, 1, 1, 1, 1)",7.0,9.0,10.0,12.0,10.682,12.347,14.512666666666666,16.413,0.0,3.161632925121514,3.22069348178321,4.524438457499922,6.0,4.0,4.0,4.0,0.11933855407947878,0.0702990063086673,0.021538966550708503,0.05238309251485581,2.0,3.0,5.0,1.6649999999999991,3.8306666666666658,5.731,3.161632925121514,3.22069348178321,4.524438457499922,-2.481758736805768,1.0114746611490235,2.0007542259236946
41,1,0.2857142857142857,1.6582280766035322,-0.1234886692530397,"(1, 0, 0, 0, 0, 0, 0, 1, 1, 0, 0, 0, 0, 1, 1, 0, 0, 0, 1, 0, 0, 0, 0, 0, 0)",5.0,9.0,9.0,11.0,6.113666666666667,13.267,11.115333333333334,15.764666666666667,0.0,2.9106232562147585,3.007620386317861,5.063961386979292,3.0,5.0,17.0,3.0,0.23153249463372855,0.020722671106138953,0.06835091850156756,0.022131518542948564,4.0,4.0,6.0,7.153333333333332,5.001666666666667,9.651,2.9106232562147585,3.007620386317861,5.063961386979292,7.035380970766756,3.3065835281212284,7.606356216575462
41,2,0.5714285714285714,1.6582280766035322,0.33087115591790317,"(1, 0, 0, 1, 1, 1, 0, 0, 0, 1, 0, 1, 0, 0, 0, 1, 1, 0, 1, 0, 0, 1, 1, 1, 0)",7.0,11.0,11.0,13.0,11.351666666666667,14.472333333333333,15.032,17.966666666666665,0.0,3.5164753087582636,2.2919844227249957,3.6422887578814547,1.0,6.0,5.0,8.0,0.1643444786266466,0.060523835791592165,0.03484610135501494,0.02860804997191176,4.0,4.0,6.0,3.1206666666666667,3.6803333333333335,6.614999999999998,3.5164753087582636,2.2919844227249957,3.6422887578814547,-0.6563410032786047,2.302199143692673,4.92943324531593
41,3,0.8571428571428571,1.6582280766035322,-1.2740161826885352,"(0, 1, 0, 0, 1, 0, 1, 0, 1, 1, 1, 0, 0, 0, 1, 0, 1, 1, 0, 1, 0, 0, 1, 1, 0)",9.0,10.0,11.0,14.0,11.218333333333334,15.221333333333334,15.218,19.197666666666667,0.0,2.418802021072352,2.9606372574807596,3.556890011936373,20.0,1.0,12.0,1.0,0.1848648723404129,0.005465028376205003,0.09046429258024759,0.01733264153665857,1.0,2.0,5.0,4.003,3.9996666666666663,7.979333333333333,2.418802021072352,2.9606372574807596,3.556890011936373,2.6269615675563966,1.7229477387288505,7.333419682728218
41,4,1.1428571428571428,1.6582280766035322,0.23571480381084742,"(1, 1, 1, 0, 0, 1, 0, 0, 0, 0, 0, 1, 0, 1, 1, 0, 1, 0, 0, 0, 1, 0, 1, 1, 1)",6.0,11.0,11.0,14.0,7.063666666666666,17.852666666666668,15.642333333333333,17.727333333333334,0.0,3.5844258103861963,3.007555899670437,4.068296763139108,1.0,7.0,2.0,11.0,0.21675674160859099,0.018328283354757585,0.03208602469991654,0.007188834392157311,5.0,5.0,8.0,10.789000000000001,8.578666666666667,10.663666666666668,3.5844258103861963,3.007555899670437,4.068296763139108,11.946827201190752,9.238172291701387,10.93662754961533
41,5,1.4285714285714284,1.6582280766035322,0.019386131734409395,"(1, 1, 0, 0, 1, 1, 1, 1, 1, 0, 1, 1, 0, 0, 1, 0, 1, 1, 0, 0, 0, 1, 0, 1, 0)",8.0,13.0,11.0,14.0,12.090333333333334,18.092,19.104,19.618333333333332,0.0,1.7610105802183416,1.5994531036661408,3.445125439573295,2.0,6.0,1.0,5.0,0.09143655060132594,0.018503169204797467,0.03588184526497509,0.01695679933254826,5.0,3.0,6.0,6.001666666666665,7.013666666666666,7.527999999999999,1.7610105802183416,1.5994531036661408,3.445125439573295,7.031974985768266,8.978000942895116,6.770337229349865
41,6,1.7142857142857142,1.6582280766035322,0.8470893806652386,"(0, 0, 0, 0, 0, 0, 0, 0, 0, 0, 1, 1, 0, 1, 1, 0, 0, 0, 0, 0, 0, 0, 0, 0, 0)",2.0,6.0,7.0,11.0,3.2956666666666665,8.064666666666668,9.35,13.055,0.0,4.166758661376541,4.637981018856249,7.338930547162693,1.0,2.0,11.0,66.0,0.2713114588831745,0.027083956267715346,0.13158569625549316,0.02729668218477804,4.0,5.0,9.0,4.769000000000001,6.054333333333333,9.759333333333334,4.166758661376541,4.637981018856249,7.338930547162693,0.9986534965967169,2.3486351742282965,4.0135798567175724
41,7,2.0,1.6582280766035322,-1.5686198718456428,"(0, 0, 0, 0, 0, 0, 0, 1, 0, 0, 0, 0, 1, 0, 0, 0, 1, 0, 1, 1, 1, 1, 0, 1, 0)",5.0,8.0,7.0,11.0,6.440333333333333,11.912333333333333,11.166333333333334,16.353666666666665,0.0,3.6557941043275703,3.4900265709364358,5.649048739052439,4.0,1.0,2.0,3.0,0.18131324022416156,0.01753004290695552,0.11333248242395072,0.032957441667444874,3.0,2.0,6.0,5.4719999999999995,4.726000000000001,9.913333333333332,3.6557941043275703,3.4900265709364358,5.649048739052439,3.0116836090968877,2.049525842009148,7.0711564408644785
42,0,0.0,1.6582280766035322,0.1582934297780737,"(1, 1, 0, 1, 0, 0, 0, 1, 0, 0, 1, 0, 0, 1, 1, 1, 0, 0, 1, 1, 0, 1, 1, 1, 1)",8.0,12.0,14.0,13.0,11.22,17.434,18.037666666666667,18.617,0.0,1.7746448999593045,2.115705565803837,3.1738024767281434,8.0,5.0,34.0,1.0,0.1757011248932115,0.01987344054103439,0.027743332151177875,0.02111613457541357,4.0,6.0,5.0,6.214,6.817666666666666,7.397,1.7746448999593045,2.115705565803837,3.1738024767281434,7.361463268900565,7.796923912548396,7.003024706131892
42,1,0.2857142857142857,1.6582280766035322,-0.1234886692530397,"(1, 0, 0, 0, 0, 0, 0, 1, 1, 0, 0, 0, 0, 1, 1, 0, 0, 0, 1, 0, 0, 0, 0, 0, 0)",5.0,9.0,9.0,11.0,6.113666666666667,13.267,11.115333333333334,15.764666666666667,0.0,2.9106232562147585,3.007620386317861,5.063961386979292,3.0,5.0,17.0,3.0,0.23153249463372855,0.020722671106138953,0.06835091850156756,0.022131518542948564,4.0,4.0,6.0,7.153333333333332,5.001666666666667,9.651,2.9106232562147585,3.007620386317861,5.063961386979292,7.035380970766756,3.3065835281212284,7.606356216575462
42,2,0.5714285714285714,1.6582280766035322,0.33087115591790317,"(1, 0, 0, 1, 1, 1, 0, 0, 0, 1, 0, 1, 0, 0, 0, 1, 1, 0, 1, 0, 0, 1, 1, 1, 0)",7.0,11.0,11.0,13.0,11.351666666666667,14.472333333333333,15.032,17.966666666666665,0.0,3.5164753087582636,2.2919844227249957,3.6422887578814547,1.0,6.0,5.0,8.0,0.1643444786266466,0.060523835791592165,0.03484610135501494,0.02860804997191176,4.0,4.0,6.0,3.1206666666666667,3.6803333333333335,6.614999999999998,3.5164753087582636,2.2919844227249957,3.6422887578814547,-0.6563410032786047,2.302199143692673,4.92943324531593
42,3,0.8571428571428571,1.6582280766035322,0.8472545786571047,"(0, 1, 0, 0, 1, 0, 1, 0, 1, 1, 0, 0, 0, 0, 0, 0, 1, 1, 0, 1, 0, 0, 1, 1, 0)",6.0,10.0,10.0,13.0,8.917,12.022,15.344666666666667,17.665666666666667,0.0,1.572175251806013,1.4787064625547937,3.1762990312212525,1.0,11.0,6.0,3.0,0.15119892415805453,0.06840709964247982,0.02728517529958305,0.01277280872378172,4.0,4.0,7.0,3.1050000000000004,6.427666666666667,8.748666666666667,1.572175251806013,1.4787064625547937,3.1762990312212525,2.5417730339680094,8.206504760451857,9.240256466252422
42,4,1.1428571428571428,1.6582280766035322,-0.3667787863596985,"(0, 1, 1, 0, 0, 1, 0, 0, 0, 0, 0, 1, 0, 1, 1, 0, 1, 0, 0, 0, 0, 0, 1, 1, 1)",6.0,12.0,10.0,12.0,7.501333333333333,16.980333333333334,13.669,17.357666666666667,0.0,3.3433010232916374,3.3311038345503965,4.579417930617536,2.0,6.0,10.0,1.0,0.1576205773341539,0.018580253273600838,0.06374498976280443,0.012812635763535052,6.0,4.0,6.0,9.479000000000001,6.167666666666667,9.856333333333334,3.3433010232916374,3.3311038345503965,4.579417930617536,10.174388312765371,4.703668129265232,8.750329278644971
42,5,1.4285714285714284,1.6582280766035322,-0.10495070112913119,"(1, 0, 0, 0, 1, 1, 0, 1, 1, 0, 1, 1, 0, 0, 1, 0, 1, 1, 0, 0, 0, 1, 0, 1, 0)",8.0,14.0,12.0,14.0,11.051333333333334,18.577333333333332,17.445666666666668,18.53933333333333,0.0,1.8245575650650696,1.9714212983829213,2.989278541314984,6.0,17.0,1.0,3.0,0.10881690161985226,0.040806241716697354,0.013556240501269173,0.019124999907021045,6.0,4.0,6.0,7.525999999999998,6.394333333333334,7.487999999999998,1.8245575650650696,1.9714212983829213,2.989278541314984,9.454291922747906,7.334196916702437,7.459906231610287
42,6,1.7142857142857142,1.6582280766035322,0.8470893806652386,"(0, 0, 0, 0, 0, 0, 0, 0, 0, 0, 1, 1, 0, 1, 1, 0, 0, 0, 0, 0, 0, 0, 0, 0, 0)",2.0,6.0,7.0,11.0,3.2956666666666665,8.064666666666668,9.35,13.055,0.0,4.166758661376541,4.637981018856249,7.338930547162693,1.0,2.0,11.0,66.0,0.2713114588831745,0.027083956267715346,0.13158569625549316,0.02729668218477804,4.0,5.0,9.0,4.769000000000001,6.054333333333333,9.759333333333334,4.166758661376541,4.637981018856249,7.338930547162693,0.9986534965967169,2.3486351742282965,4.0135798567175724
42,7,2.0,1.6582280766035322,-1.5686198718456428,"(0, 0, 0, 0, 0, 0, 0, 1, 0, 0, 0, 0, 1, 0, 0, 0, 1, 0, 1, 1, 1, 1, 0, 1, 0)",5.0,8.0,7.0,11.0,6.440333333333333,11.912333333333333,11.166333333333334,16.353666666666665,0.0,3.6557941043275703,3.4900265709364358,5.649048739052439,4.0,1.0,2.0,3.0,0.18131324022416156,0.01753004290695552,0.11333248242395072,0.032957441667444874,3.0,2.0,6.0,5.4719999999999995,4.726000000000001,9.913333333333332,3.6557941043275703,3.4900265709364358,5.649048739052439,3.0116836090968877,2.049525842009148,7.0711564408644785
43,0,0.0,1.6582280766035322,-0.20351067170983383,"(1, 1, 0, 1, 0, 0, 0, 1, 0, 0, 1, 0, 0, 1, 1, 1, 0, 0, 1, 0, 0, 1, 1, 1, 0)",7.0,11.0,11.0,14.0,9.180666666666667,16.03,16.030333333333335,19.313666666666666,0.0,2.0549591439309256,1.883212777085817,3.1338391800819982,2.0,5.0,5.0,5.0,0.1831742038311287,0.03187550899600987,0.043611509079812,0.019294310303824946,4.0,4.0,7.0,6.849333333333334,6.849666666666668,10.133,2.0549591439309256,1.883212777085817,3.1338391800819982,7.950165890610374,8.235513280859786,11.606204984251429
43,1,0.2857142857142857,1.6582280766035322,-0.1234886692530397,"(1, 0, 0, 0, 0, 0, 0, 1, 1, 0, 0, 0, 0, 1, 1, 0, 0, 0, 1, 0, 0, 0, 0, 0, 0)",5.0,9.0,9.0,11.0,6.113666666666667,13.267,11.115333333333334,15.764666666666667,0.0,2.9106232562147585,3.007620386317861,5.063961386979292,3.0,5.0,17.0,3.0,0.23153249463372855,0.020722671106138953,0.06835091850156756,0.022131518542948564,4.0,4.0,6.0,7.153333333333332,5.001666666666667,9.651,2.9106232562147585,3.007620386317861,5.063961386979292,7.035380970766756,3.3065835281212284,7.606356216575462
43,2,0.5714285714285714,1.6582280766035322,-0.7539019164275576,"(1, 0, 0, 1, 1, 1, 0, 0, 0, 1, 0, 1, 0, 0, 0, 1, 1, 0, 1, 0, 1, 0, 1, 1, 0)",7.0,10.0,10.0,12.0,7.809333333333333,12.808666666666667,14.611333333333333,16.434,0.0,2.4929524532311405,3.0528071014053078,4.5502976031167375,6.0,9.0,6.0,4.0,0.18144475906871346,0.04237071576780291,0.045443672744166885,0.023626585143626408,3.0,3.0,5.0,4.999333333333334,6.802,8.624666666666668,2.4929524532311405,3.0528071014053078,4.5502976031167375,4.156151146047729,6.217016929052297,6.756233175623336
43,3,0.8571428571428571,1.6582280766035322,0.8472545786571047,"(0, 1, 0, 0, 1, 0, 1, 0, 1, 1, 0, 0, 0, 0, 0, 0, 1, 1, 0, 1, 0, 0, 1, 1, 0)",6.0,10.0,10.0,13.0,8.917,12.022,15.344666666666667,17.665666666666667,0.0,1.572175251806013,1.4787064625547937,3.1762990312212525,1.0,11.0,6.0,3.0,0.15119892415805453,0.06840709964247982,0.02728517529958305,0.01277280872378172,4.0,4.0,7.0,3.1050000000000004,6.427666666666667,8.748666666666667,1.572175251806013,1.4787064625547937,3.1762990312212525,2.5417730339680094,8.206504760451857,9.240256466252422
43,4,1.1428571428571428,1.6582280766035322,0.4068333612651919,"(0, 0, 0, 0, 0, 1, 0, 0, 0, 0, 0, 1, 0, 1, 1, 0, 1, 0, 0, 0, 0, 0, 1, 1, 1)",6.0,10.0,11.0,13.0,7.486,12.595,14.586333333333334,18.139333333333333,0.0,2.192030119218615,1.4702587117423187,3.6988159105372285,4.0,16.0,21.0,4.0,0.1761044667477347,0.00853312160476377,0.05604135976337912,0.020967988635138202,4.0,5.0,7.0,5.109000000000001,7.100333333333334,10.653333333333332,2.192030119218615,1.4702587117423187,3.6988159105372285,4.837001354918552,9.33594781089523,11.532176049708937
43,5,1.4285714285714284,1.6582280766035322,-0.3313991205415828,"(1, 0, 0, 0, 1, 1, 0, 1, 1, 0, 1, 0, 1, 0, 1, 0, 1, 1, 0, 0, 0, 1, 0, 1, 0)",7.0,11.0,11.0,14.0,11.456333333333333,16.902,14.995333333333333,20.550666666666668,0.0,3.2238625398851632,2.476416234356121,3.707236024215093,2.0,2.0,5.0,6.0,0.184503853519281,0.01500033733881122,0.018366098540291715,0.008691271143342314,4.0,4.0,7.0,5.445666666666668,3.5389999999999997,9.094333333333335,3.2238625398851632,2.476416234356121,3.707236024215093,3.6842579837426848,1.7620062339337872,8.933036009375206
43,6,1.7142857142857142,1.6582280766035322,0.8470893806652386,"(0, 0, 0, 0, 0, 0, 0, 0, 0, 0, 1, 1, 0, 1, 1, 0, 0, 0, 0, 0, 0, 0, 0, 0, 0)",2.0,6.0,7.0,11.0,3.2956666666666665,8.064666666666668,9.35,13.055,0.0,4.166758661376541,4.637981018856249,7.338930547162693,1.0,2.0,11.0,66.0,0.2713114588831745,0.027083956267715346,0.13158569625549316,0.02729668218477804,4.0,5.0,9.0,4.769000000000001,6.054333333333333,9.759333333333334,4.166758661376541,4.637981018856249,7.338930547162693,0.9986534965967169,2.3486351742282965,4.0135798567175724
43,7,2.0,1.6582280766035322,-0.6579263385325066,"(0, 0, 0, 0, 0, 0, 0, 1, 0, 0, 0, 0, 1, 0, 0, 0, 1, 0, 1, 1, 1, 0, 1, 1, 0)",5.0,9.0,9.0,12.0,5.349333333333333,12.507333333333333,14.393333333333333,15.998333333333333,0.0,3.2927342793334304,3.9582272683654454,5.5403795257656885,2.0,5.0,3.0,6.0,0.14005538449808175,0.020791736202608387,0.06106358730874191,0.08283932614306301,4.0,4.0,7.0,7.158,9.044,10.649000000000001,3.2927342793334304,3.9582272683654454,5.5403795257656885,6.409492141542492,8.43337113482106,8.471257903086988
44,0,0.0,1.6582280766035322,-0.5877030694567769,"(1, 0, 0, 1, 0, 0, 0, 1, 0, 0, 1, 0, 0, 1, 1, 1, 0, 0, 1, 0, 0, 0, 1, 1, 0)",7.0,10.0,9.0,13.0,12.012,14.497,11.895666666666667,18.601666666666667,0.0,2.841594906337034,1.9007807823196132,3.3240379404684246,3.0,4.0,1.0,2.0,0.1468752213367847,0.08094213077587288,0.049690972286454166,0.0034670010963053803,3.0,2.0,6.0,2.4849999999999994,-0.1163333333333334,6.589666666666666,2.841594906337034,1.9007807823196132,3.3240379404684246,-0.5913156856618776,-3.3448352602890203,5.415157241544953
44,1,0.2857142857142857,1.6582280766035322,-0.1234886692530397,"(1, 0, 0, 0, 0, 0, 0, 1, 1, 0, 0, 0, 0, 1, 1, 0, 0, 0, 1, 0, 0, 0, 0, 0, 0)",5.0,9.0,9.0,11.0,6.113666666666667,13.267,11.115333333333334,15.764666666666667,0.0,2.9106232562147585,3.007620386317861,5.063961386979292,3.0,5.0,17.0,3.0,0.23153249463372855,0.020722671106138953,0.06835091850156756,0.022131518542948564,4.0,4.0,6.0,7.153333333333332,5.001666666666667,9.651,2.9106232562147585,3.007620386317861,5.063961386979292,7.035380970766756,3.3065835281212284,7.606356216575462
44,2,0.5714285714285714,1.6582280766035322,-0.7539019164275576,"(1, 0, 0, 1, 1, 1, 0, 0, 0, 1, 0, 1, 0, 0, 0, 1, 1, 0, 1, 0, 1, 0, 1, 1, 0)",7.0,10.0,10.0,12.0,7.809333333333333,12.808666666666667,14.611333333333333,16.434,0.0,2.4929524532311405,3.0528071014053078,4.5502976031167375,6.0,9.0,6.0,4.0,0.18144475906871346,0.04237071576780291,0.045443672744166885,0.023626585143626408,3.0,3.0,5.0,4.999333333333334,6.802,8.624666666666668,2.4929524532311405,3.0528071014053078,4.5502976031167375,4.156151146047729,6.217016929052297,6.756233175623336
44,3,0.8571428571428571,1.6582280766035322,0.8472545786571047,"(0, 1, 0, 0, 1, 0, 1, 0, 1, 1, 0, 0, 0, 0, 0, 0, 1, 1, 0, 1, 0, 0, 1, 1, 0)",6.0,10.0,10.0,13.0,8.917,12.022,15.344666666666667,17.665666666666667,0.0,1.572175251806013,1.4787064625547937,3.1762990312212525,1.0,11.0,6.0,3.0,0.15119892415805453,0.06840709964247982,0.02728517529958305,0.01277280872378172,4.0,4.0,7.0,3.1050000000000004,6.427666666666667,8.748666666666667,1.572175251806013,1.4787064625547937,3.1762990312212525,2.5417730339680094,8.206504760451857,9.240256466252422
44,4,1.1428571428571428,1.6582280766035322,0.4068333612651919,"(0, 0, 0, 0, 0, 1, 0, 0, 0, 0, 0, 1, 0, 1, 1, 0, 1, 0, 0, 0, 0, 0, 1, 1, 1)",6.0,10.0,11.0,13.0,7.486,12.595,14.586333333333334,18.139333333333333,0.0,2.192030119218615,1.4702587117423187,3.6988159105372285,4.0,16.0,21.0,4.0,0.1761044667477347,0.00853312160476377,0.05604135976337912,0.020967988635138202,4.0,5.0,7.0,5.109000000000001,7.100333333333334,10.653333333333332,2.192030119218615,1.4702587117423187,3.6988159105372285,4.837001354918552,9.33594781089523,11.532176049708937
44,5,1.4285714285714284,1.6582280766035322,-0.25854173414538306,"(1, 0, 0, 0, 1, 1, 0, 1, 1, 0, 1, 1, 0, 0, 1, 0, 1, 1, 0, 0, 0, 1, 0, 1, 0)",8.0,12.0,13.0,14.0,11.954666666666666,16.075666666666667,17.054,17.781333333333333,0.0,2.02079043317469,2.235963950870405,3.2430519236827475,6.0,11.0,15.0,3.0,0.11306517059866202,0.06673421179258403,0.034967910517205165,0.04053217329048586,4.0,5.0,6.0,4.121,5.099333333333332,5.826666666666666,2.02079043317469,2.235963950870405,3.2430519236827475,3.4826264704610717,4.748119503686944,4.284222505942752
44,6,1.7142857142857142,1.6582280766035322,0.8470893806652386,"(0, 0, 0, 0, 0, 0, 0, 0, 0, 0, 1, 1, 0, 1, 1, 0, 0, 0, 0, 0, 0, 0, 0, 0, 0)",2.0,6.0,7.0,11.0,3.2956666666666665,8.064666666666668,9.35,13.055,0.0,4.166758661376541,4.637981018856249,7.338930547162693,1.0,2.0,11.0,66.0,0.2713114588831745,0.027083956267715346,0.13158569625549316,0.02729668218477804,4.0,5.0,9.0,4.769000000000001,6.054333333333333,9.759333333333334,4.166758661376541,4.637981018856249,7.338930547162693,0.9986534965967169,2.3486351742282965,4.0135798567175724
44,7,2.0,1.6582280766035322,-0.6579263385325066,"(0, 0, 0, 0, 0, 0, 0, 1, 0, 0, 0, 0, 1, 0, 0, 0, 1, 0, 1, 1, 1, 0, 1, 1, 0)",5.0,9.0,9.0,12.0,5.349333333333333,12.507333333333333,14.393333333333333,15.998333333333333,0.0,3.2927342793334304,3.9582272683654454,5.5403795257656885,2.0,5.0,3.0,6.0,0.14005538449808175,0.020791736202608387,0.06106358730874191,0.08283932614306301,4.0,4.0,7.0,7.158,9.044,10.649000000000001,3.2927342793334304,3.9582272683654454,5.5403795257656885,6.409492141542492,8.43337113482106,8.471257903086988
45,0,0.0,1.6582280766035322,-0.8795315417330765,"(1, 0, 0, 1, 0, 0, 0, 1, 0, 0, 1, 0, 0, 1, 1, 1, 0, 0, 1, 0, 0, 0, 0, 0, 0)",8.0,10.0,10.0,14.0,9.675333333333333,12.008333333333333,13.567333333333334,18.004333333333335,0.0,2.198828854332691,2.917974734021033,4.027117432570119,22.0,12.0,8.0,22.0,0.14449822308431795,0.0822306221382375,0.0280294974544839,0.013298745114532764,2.0,2.0,6.0,2.333,3.8920000000000012,8.329000000000002,2.198828854332691,2.917974734021033,4.027117432570119,0.2224863608155944,1.6151560433675485,7.133502455563521
45,1,0.2857142857142857,1.6582280766035322,-0.5053536455165686,"(1, 0, 1, 0, 0, 0, 0, 1, 1, 0, 0, 0, 0, 1, 1, 0, 0, 0, 1, 0, 0, 0, 1, 0, 0)",6.0,10.0,9.0,12.0,9.041333333333334,15.165333333333333,13.587666666666667,17.548666666666666,0.0,3.0693433202803253,3.702233702850673,5.247831243540011,3.0,10.0,1.0,8.0,0.17062557684716578,0.038737066168792834,0.0050229799614856345,0.0071846579123216936,4.0,3.0,6.0,6.123999999999999,4.546333333333333,8.507333333333332,3.0693433202803253,3.702233702850673,5.247831243540011,5.065317470695686,1.399709706717014,5.404997881043172
45,2,0.5714285714285714,1.6582280766035322,-0.7539019164275576,"(1, 0, 0, 1, 1, 1, 0, 0, 0, 1, 0, 1, 0, 0, 0, 1, 1, 0, 1, 0, 1, 0, 1, 1, 0)",7.0,10.0,10.0,12.0,7.809333333333333,12.808666666666667,14.611333333333333,16.434,0.0,2.4929524532311405,3.0528071014053078,4.5502976031167375,6.0,9.0,6.0,4.0,0.18144475906871346,0.04237071576780291,0.045443672744166885,0.023626585143626408,3.0,3.0,5.0,4.999333333333334,6.802,8.624666666666668,2.4929524532311405,3.0528071014053078,4.5502976031167375,4.156151146047729,6.217016929052297,6.756233175623336
45,3,0.8571428571428571,1.6582280766035322,0.8472545786571047,"(0, 1, 0, 0, 1, 0, 1, 0, 1, 1, 0, 0, 0, 0, 0, 0, 1, 1, 0, 1, 0, 0, 1, 1, 0)",6.0,10.0,10.0,13.0,8.917,12.022,15.344666666666667,17.665666666666667,0.0,1.572175251806013,1.4787064625547937,3.1762990312212525,1.0,11.0,6.0,3.0,0.15119892415805453,0.06840709964247982,0.02728517529958305,0.01277280872378172,4.0,4.0,7.0,3.1050000000000004,6.427666666666667,8.748666666666667,1.572175251806013,1.4787064625547937,3.1762990312212525,2.5417730339680094,8.206504760451857,9.240256466252422
45,4,1.1428571428571428,1.6582280766035322,-1.257610206377444,"(0, 0, 0, 0, 0, 1, 0, 0, 0, 0, 0, 1, 0, 1, 1, 0, 0, 1, 0, 0, 0, 0, 1, 1, 1)",5.0,9.0,9.0,11.0,6.121666666666667,11.936,12.5,15.578666666666667,0.0,5.1557350986410935,4.183746286783528,6.284481738006915,2.0,2.0,4.0,3.0,0.2695249225056777,0.05791840151751145,0.02227482307647416,0.05575404939330923,4.0,4.0,6.0,5.814333333333333,6.378333333333333,9.457,5.1557350986410935,4.183746286783528,6.284481738006915,1.092106083968194,3.6391258571393097,5.260758855574376
45,5,1.4285714285714284,1.6582280766035322,-0.25854173414538306,"(1, 0, 0, 0, 1, 1, 0, 1, 1, 0, 1, 1, 0, 0, 1, 0, 1, 1, 0, 0, 0, 1, 0, 1, 0)",8.0,12.0,13.0,14.0,11.954666666666666,16.075666666666667,17.054,17.781333333333333,0.0,2.02079043317469,2.235963950870405,3.2430519236827475,6.0,11.0,15.0,3.0,0.11306517059866202,0.06673421179258403,0.034967910517205165,0.04053217329048586,4.0,5.0,6.0,4.121,5.099333333333332,5.826666666666666,2.02079043317469,2.235963950870405,3.2430519236827475,3.4826264704610717,4.748119503686944,4.284222505942752
45,6,1.7142857142857142,1.6582280766035322,0.8470893806652386,"(0, 0, 0, 0, 0, 0, 0, 0, 0, 0, 1, 1, 0, 1, 1, 0, 0, 0, 0, 0, 0, 0, 0, 0, 0)",2.0,6.0,7.0,11.0,3.2956666666666665,8.064666666666668,9.35,13.055,0.0,4.166758661376541,4.637981018856249,7.338930547162693,1.0,2.0,11.0,66.0,0.2713114588831745,0.027083956267715346,0.13158569625549316,0.02729668218477804,4.0,5.0,9.0,4.769000000000001,6.054333333333333,9.759333333333334,4.166758661376541,4.637981018856249,7.338930547162693,0.9986534965967169,2.3486351742282965,4.0135798567175724
45,7,2.0,1.6582280766035322,-0.6579263385325066,"(0, 0, 0, 0, 0, 0, 0, 1, 0, 0, 0, 0, 1, 0, 0, 0, 1, 0, 1, 1, 1, 0, 1, 1, 0)",5.0,9.0,9.0,12.0,5.349333333333333,12.507333333333333,14.393333333333333,15.998333333333333,0.0,3.2927342793334304,3.9582272683654454,5.5403795257656885,2.0,5.0,3.0,6.0,0.14005538449808175,0.020791736202608387,0.06106358730874191,0.08283932614306301,4.0,4.0,7.0,7.158,9.044,10.649000000000001,3.2927342793334304,3.9582272683654454,5.5403795257656885,6.409492141542492,8.43337113482106,8.471257903086988
46,0,0.0,1.6582280766035322,-0.8795315417330765,"(1, 0, 0, 1, 0, 0, 0, 1, 0, 0, 1, 0, 0, 1, 1, 1, 0, 0, 1, 0, 0, 0, 0, 0, 0)",8.0,10.0,10.0,14.0,9.675333333333333,12.008333333333333,13.567333333333334,18.004333333333335,0.0,2.198828854332691,2.917974734021033,4.027117432570119,22.0,12.0,8.0,22.0,0.14449822308431795,0.0822306221382375,0.0280294974544839,0.013298745114532764,2.0,2.0,6.0,2.333,3.8920000000000012,8.329000000000002,2.198828854332691,2.917974734021033,4.027117432570119,0.2224863608155944,1.6151560433675485,7.133502455563521
46,1,0.2857142857142857,1.6582280766035322,-0.3322706383092878,"(1, 0, 1, 0, 0, 0, 0, 1, 1, 0, 0, 0, 0, 1, 1, 1, 0, 0, 1, 1, 0, 0, 1, 0, 0)",6.0,10.0,9.0,11.0,7.436,14.264666666666667,12.665333333333333,13.547,0.0,2.742663176811225,2.7098210485162713,3.8483051716430374,2.0,2.0,2.0,7.0,0.2230788942140594,0.02831262139590704,0.05784273685068739,0.023061469492673663,4.0,3.0,5.0,6.828666666666667,5.229333333333333,6.111000000000001,2.742663176811225,2.7098210485162713,3.8483051716430374,6.775525707978309,4.177926010031167,3.7520640931671267
46,2,0.5714285714285714,1.6582280766035322,-0.7539019164275576,"(1, 0, 0, 1, 1, 1, 0, 0, 0, 1, 0, 1, 0, 0, 0, 1, 1, 0, 1, 0, 1, 0, 1, 1, 0)",7.0,10.0,10.0,12.0,7.809333333333333,12.808666666666667,14.611333333333333,16.434,0.0,2.4929524532311405,3.0528071014053078,4.5502976031167375,6.0,9.0,6.0,4.0,0.18144475906871346,0.04237071576780291,0.045443672744166885,0.023626585143626408,3.0,3.0,5.0,4.999333333333334,6.802,8.624666666666668,2.4929524532311405,3.0528071014053078,4.5502976031167375,4.156151146047729,6.217016929052297,6.756233175623336
46,3,0.8571428571428571,1.6582280766035322,0.8472545786571047,"(0, 1, 0, 0, 1, 0, 1, 0, 1, 1, 0, 0, 0, 0, 0, 0, 1, 1, 0, 1, 0, 0, 1, 1, 0)",6.0,10.0,10.0,13.0,8.917,12.022,15.344666666666667,17.665666666666667,0.0,1.572175251806013,1.4787064625547937,3.1762990312212525,1.0,11.0,6.0,3.0,0.15119892415805453,0.06840709964247982,0.02728517529958305,0.01277280872378172,4.0,4.0,7.0,3.1050000000000004,6.427666666666667,8.748666666666667,1.572175251806013,1.4787064625547937,3.1762990312212525,2.5417730339680094,8.206504760451857,9.240256466252422
46,4,1.1428571428571428,1.6582280766035322,-0.11559104836833423,"(0, 0, 0, 0, 0, 1, 0, 0, 0, 0, 0, 1, 0, 1, 1, 1, 0, 1, 0, 1, 0, 0, 1, 1, 1)",6.0,10.0,10.0,12.0,9.191,14.461333333333334,13.522666666666666,16.845666666666666,0.0,2.8846443496813023,2.846099759278473,4.407100396323817,2.0,6.0,11.0,3.0,0.2357748021035426,0.05105177782899068,0.051218039459208727,0.006465324224249973,4.0,4.0,6.0,5.270333333333333,4.331666666666665,7.654666666666666,2.8846443496813023,2.846099759278473,4.407100396323817,3.956016454735543,2.4634087555041795,5.385205570113128
46,5,1.4285714285714284,1.6582280766035322,-0.25854173414538306,"(1, 0, 0, 0, 1, 1, 0, 1, 1, 0, 1, 1, 0, 0, 1, 0, 1, 1, 0, 0, 0, 1, 0, 1, 0)",8.0,12.0,13.0,14.0,11.954666666666666,16.075666666666667,17.054,17.781333333333333,0.0,2.02079043317469,2.235963950870405,3.2430519236827475,6.0,11.0,15.0,3.0,0.11306517059866202,0.06673421179258403,0.034967910517205165,0.04053217329048586,4.0,5.0,6.0,4.121,5.099333333333332,5.826666666666666,2.02079043317469,2.235963950870405,3.2430519236827475,3.4826264704610717,4.748119503686944,4.284222505942752
46,6,1.7142857142857142,1.6582280766035322,0.8470893806652386,"(0, 0, 0, 0, 0, 0, 0, 0, 0, 0, 1, 1, 0, 1, 1, 0, 0, 0, 0, 0, 0, 0, 0, 0, 0)",2.0,6.0,7.0,11.0,3.2956666666666665,8.064666666666668,9.35,13.055,0.0,4.166758661376541,4.637981018856249,7.338930547162693,1.0,2.0,11.0,66.0,0.2713114588831745,0.027083956267715346,0.13158569625549316,0.02729668218477804,4.0,5.0,9.0,4.769000000000001,6.054333333333333,9.759333333333334,4.166758661376541,4.637981018856249,7.338930547162693,0.9986534965967169,2.3486351742282965,4.0135798567175724
46,7,2.0,1.6582280766035322,-0.6579263385325066,"(0, 0, 0, 0, 0, 0, 0, 1, 0, 0, 0, 0, 1, 0, 0, 0, 1, 0, 1, 1, 1, 0, 1, 1, 0)",5.0,9.0,9.0,12.0,5.349333333333333,12.507333333333333,14.393333333333333,15.998333333333333,0.0,3.2927342793334304,3.9582272683654454,5.5403795257656885,2.0,5.0,3.0,6.0,0.14005538449808175,0.020791736202608387,0.06106358730874191,0.08283932614306301,4.0,4.0,7.0,7.158,9.044,10.649000000000001,3.2927342793334304,3.9582272683654454,5.5403795257656885,6.409492141542492,8.43337113482106,8.471257903086988
47,0,0.0,1.6582280766035322,-0.8795315417330765,"(1, 0, 0, 1, 0, 0, 0, 1, 0, 0, 1, 0, 0, 1, 1, 1, 0, 0, 1, 0, 0, 0, 0, 0, 0)",8.0,10.0,10.0,14.0,9.675333333333333,12.008333333333333,13.567333333333334,18.004333333333335,0.0,2.198828854332691,2.917974734021033,4.027117432570119,22.0,12.0,8.0,22.0,0.14449822308431795,0.0822306221382375,0.0280294974544839,0.013298745114532764,2.0,2.0,6.0,2.333,3.8920000000000012,8.329000000000002,2.198828854332691,2.917974734021033,4.027117432570119,0.2224863608155944,1.6151560433675485,7.133502455563521
47,1,0.2857142857142857,1.6582280766035322,-0.3322706383092878,"(1, 0, 1, 0, 0, 0, 0, 1, 1, 0, 0, 0, 0, 1, 1, 1, 0, 0, 1, 1, 0, 0, 1, 0, 0)",6.0,10.0,9.0,11.0,7.436,14.264666666666667,12.665333333333333,13.547,0.0,2.742663176811225,2.7098210485162713,3.8483051716430374,2.0,2.0,2.0,7.0,0.2230788942140594,0.02831262139590704,0.05784273685068739,0.023061469492673663,4.0,3.0,5.0,6.828666666666667,5.229333333333333,6.111000000000001,2.742663176811225,2.7098210485162713,3.8483051716430374,6.775525707978309,4.177926010031167,3.7520640931671267
47,2,0.5714285714285714,1.6582280766035322,-1.2774764015808429,"(1, 0, 0, 1, 1, 1, 0, 0, 0, 1, 0, 0, 0, 0, 0, 1, 0, 0, 1, 0, 1, 0, 1, 1, 0)",6.0,10.0,9.0,11.0,7.907333333333334,14.503,14.35,16.642,0.0,2.688982649020288,3.252817044578302,5.032289230716162,7.0,5.0,4.0,2.0,0.24165571678765935,0.033573289600619664,0.02303164872621944,0.05001285730240565,4.0,3.0,5.0,6.595666666666666,6.442666666666666,8.734666666666666,2.688982649020288,3.252817044578302,5.032289230716162,6.478173124479514,5.289498203490092,6.139386214476521
47,3,0.8571428571428571,1.6582280766035322,0.8472545786571047,"(0, 1, 0, 0, 1, 0, 1, 0, 1, 1, 0, 0, 0, 0, 0, 0, 1, 1, 0, 1, 0, 0, 1, 1, 0)",6.0,10.0,10.0,13.0,8.917,12.022,15.344666666666667,17.665666666666667,0.0,1.572175251806013,1.4787064625547937,3.1762990312212525,1.0,11.0,6.0,3.0,0.15119892415805453,0.06840709964247982,0.02728517529958305,0.01277280872378172,4.0,4.0,7.0,3.1050000000000004,6.427666666666667,8.748666666666667,1.572175251806013,1.4787064625547937,3.1762990312212525,2.5417730339680094,8.206504760451857,9.240256466252422
47,4,1.1428571428571428,1.6582280766035322,-0.8564027439463385,"(0, 0, 0, 0, 0, 1, 1, 0, 0, 0, 0, 0, 0, 1, 1, 1, 0, 1, 0, 1, 0, 0, 1, 1, 1)",5.0,8.0,9.0,12.0,6.900666666666667,11.362666666666666,15.188333333333333,17.677333333333333,0.0,4.220448401545682,4.471430433317829,5.424736542178998,1.0,1.0,4.0,3.0,0.20474495143435162,0.087594270969934,0.04615496815952508,0.02443679407513339,3.0,4.0,7.0,4.461999999999999,8.287666666666667,10.776666666666667,4.220448401545682,4.471430433317829,5.424736542178998,0.4005476425054102,6.328190069090751,8.874720796445692
47,5,1.4285714285714284,1.6582280766035322,-1.4166092833602772,"(1, 0, 0, 0, 1, 1, 0, 0, 1, 0, 1, 1, 1, 0, 1, 0, 1, 1, 0, 0, 0, 1, 0, 1, 0)",8.0,11.0,10.0,12.0,11.043,16.994666666666667,16.116666666666667,18.196,0.0,2.263103617057483,2.070279328883104,3.882823952771001,8.0,3.0,1.0,1.0,0.10623128213235875,0.0673741190433488,0.04086629990690144,0.04483235990749238,3.0,2.0,4.0,5.951666666666668,5.073666666666668,7.153000000000002,2.263103617057483,2.070279328883104,3.882823952771001,6.116478811184298,4.9803012084282425,5.422697736951489
47,6,1.7142857142857142,1.6582280766035322,0.8470893806652386,"(0, 0, 0, 0, 0, 0, 0, 0, 0, 0, 1, 1, 0, 1, 1, 0, 0, 0, 0, 0, 0, 0, 0, 0, 0)",2.0,6.0,7.0,11.0,3.2956666666666665,8.064666666666668,9.35,13.055,0.0,4.166758661376541,4.637981018856249,7.338930547162693,1.0,2.0,11.0,66.0,0.2713114588831745,0.027083956267715346,0.13158569625549316,0.02729668218477804,4.0,5.0,9.0,4.769000000000001,6.054333333333333,9.759333333333334,4.166758661376541,4.637981018856249,7.338930547162693,0.9986534965967169,2.3486351742282965,4.0135798567175724
47,7,2.0,1.6582280766035322,-0.6579263385325066,"(0, 0, 0, 0, 0, 0, 0, 1, 0, 0, 0, 0, 1, 0, 0, 0, 1, 0, 1, 1, 1, 0, 1, 1, 0)",5.0,9.0,9.0,12.0,5.349333333333333,12.507333333333333,14.393333333333333,15.998333333333333,0.0,3.2927342793334304,3.9582272683654454,5.5403795257656885,2.0,5.0,3.0,6.0,0.14005538449808175,0.020791736202608387,0.06106358730874191,0.08283932614306301,4.0,4.0,7.0,7.158,9.044,10.649000000000001,3.2927342793334304,3.9582272683654454,5.5403795257656885,6.409492141542492,8.43337113482106,8.471257903086988
48,0,0.0,1.6582280766035322,-0.24868755157338773,"(1, 0, 1, 1, 0, 0, 0, 0, 0, 0, 1, 0, 0, 1, 1, 1, 0, 0, 1, 0, 0, 0, 0, 0, 0)",5.0,9.0,9.0,12.0,6.001333333333333,11.794,12.819666666666667,15.870333333333333,0.0,4.373797649118696,3.540584102516439,6.095554285812551,1.0,6.0,4.0,7.0,0.23732816085685457,0.01825996883669199,0.0894661376963705,0.01718239195936659,4.0,4.0,7.0,5.792666666666667,6.818333333333333,9.869,4.373797649118696,3.540584102516439,6.095554285812551,2.3528084419209154,5.435255802606206,6.257233628804895
48,1,0.2857142857142857,1.6582280766035322,-0.3322706383092878,"(1, 0, 1, 0, 0, 0, 0, 1, 1, 0, 0, 0, 0, 1, 1, 1, 0, 0, 1, 1, 0, 0, 1, 0, 0)",6.0,10.0,9.0,11.0,7.436,14.264666666666667,12.665333333333333,13.547,0.0,2.742663176811225,2.7098210485162713,3.8483051716430374,2.0,2.0,2.0,7.0,0.2230788942140594,0.02831262139590704,0.05784273685068739,0.023061469492673663,4.0,3.0,5.0,6.828666666666667,5.229333333333333,6.111000000000001,2.742663176811225,2.7098210485162713,3.8483051716430374,6.775525707978309,4.177926010031167,3.7520640931671267
48,2,0.5714285714285714,1.6582280766035322,-1.2774764015808429,"(1, 0, 0, 1, 1, 1, 0, 0, 0, 1, 0, 0, 0, 0, 0, 1, 0, 0, 1, 0, 1, 0, 1, 1, 0)",6.0,10.0,9.0,11.0,7.907333333333334,14.503,14.35,16.642,0.0,2.688982649020288,3.252817044578302,5.032289230716162,7.0,5.0,4.0,2.0,0.24165571678765935,0.033573289600619664,0.02303164872621944,0.05001285730240565,4.0,3.0,5.0,6.595666666666666,6.442666666666666,8.734666666666666,2.688982649020288,3.252817044578302,5.032289230716162,6.478173124479514,5.289498203490092,6.139386214476521
48,3,0.8571428571428571,1.6582280766035322,0.8472545786571047,"(0, 1, 0, 0, 1, 0, 1, 0, 1, 1, 0, 0, 0, 0, 0, 0, 1, 1, 0, 1, 0, 0, 1, 1, 0)",6.0,10.0,10.0,13.0,8.917,12.022,15.344666666666667,17.665666666666667,0.0,1.572175251806013,1.4787064625547937,3.1762990312212525,1.0,11.0,6.0,3.0,0.15119892415805453,0.06840709964247982,0.02728517529958305,0.01277280872378172,4.0,4.0,7.0,3.1050000000000004,6.427666666666667,8.748666666666667,1.572175251806013,1.4787064625547937,3.1762990312212525,2.5417730339680094,8.206504760451857,9.240256466252422
48,4,1.1428571428571428,1.6582280766035322,-0.34009685001506373,"(0, 0, 0, 0, 0, 0, 1, 0, 0, 0, 1, 0, 0, 1, 1, 1, 0, 1, 0, 1, 0, 0, 1, 1, 1)",6.0,11.0,10.0,12.0,9.081666666666667,16.552333333333333,12.567,17.298333333333332,0.0,2.929683666717495,3.2297031876660904,4.8016020681260025,2.0,4.0,5.0,8.0,0.1469036774300436,0.013655786908992095,0.13272586551880108,0.010126026377196114,5.0,4.0,6.0,7.470666666666666,3.485333333333333,8.216666666666665,2.929683666717495,3.2297031876660904,4.8016020681260025,7.529985505895053,0.4238930847716727,5.662956000714897
48,5,1.4285714285714284,1.6582280766035322,-1.4166092833602772,"(1, 0, 0, 0, 1, 1, 0, 0, 1, 0, 1, 1, 1, 0, 1, 0, 1, 1, 0, 0, 0, 1, 0, 1, 0)",8.0,11.0,10.0,12.0,11.043,16.994666666666667,16.116666666666667,18.196,0.0,2.263103617057483,2.070279328883104,3.882823952771001,8.0,3.0,1.0,1.0,0.10623128213235875,0.0673741190433488,0.04086629990690144,0.04483235990749238,3.0,2.0,4.0,5.951666666666668,5.073666666666668,7.153000000000002,2.263103617057483,2.070279328883104,3.882823952771001,6.116478811184298,4.9803012084282425,5.422697736951489
48,6,1.7142857142857142,1.6582280766035322,0.8470893806652386,"(0, 0, 0, 0, 0, 0, 0, 0, 0, 0, 1, 1, 0, 1, 1, 0, 0, 0, 0, 0, 0, 0, 0, 0, 0)",2.0,6.0,7.0,11.0,3.2956666666666665,8.064666666666668,9.35,13.055,0.0,4.166758661376541,4.637981018856249,7.338930547162693,1.0,2.0,11.0,66.0,0.2713114588831745,0.027083956267715346,0.13158569625549316,0.02729668218477804,4.0,5.0,9.0,4.769000000000001,6.054333333333333,9.759333333333334,4.166758661376541,4.637981018856249,7.338930547162693,0.9986534965967169,2.3486351742282965,4.0135798567175724
48,7,2.0,1.6582280766035322,-0.6579263385325066,"(0, 0, 0, 0, 0, 0, 0, 1, 0, 0, 0, 0, 1, 0, 0, 0, 1, 0, 1, 1, 1, 0, 1, 1, 0)",5.0,9.0,9.0,12.0,5.349333333333333,12.507333333333333,14.393333333333333,15.998333333333333,0.0,3.2927342793334304,3.9582272683654454,5.5403795257656885,2.0,5.0,3.0,6.0,0.14005538449808175,0.020791736202608387,0.06106358730874191,0.08283932614306301,4.0,4.0,7.0,7.158,9.044,10.649000000000001,3.2927342793334304,3.9582272683654454,5.5403795257656885,6.409492141542492,8.43337113482106,8.471257903086988
49,0,0.0,1.6582280766035322,-0.24868755157338773,"(1, 0, 1, 1, 0, 0, 0, 0, 0, 0, 1, 0, 0, 1, 1, 1, 0, 0, 1, 0, 0, 0, 0, 0, 0)",5.0,9.0,9.0,12.0,6.001333333333333,11.794,12.819666666666667,15.870333333333333,0.0,4.373797649118696,3.540584102516439,6.095554285812551,1.0,6.0,4.0,7.0,0.23732816085685457,0.01825996883669199,0.0894661376963705,0.01718239195936659,4.0,4.0,7.0,5.792666666666667,6.818333333333333,9.869,4.373797649118696,3.540584102516439,6.095554285812551,2.3528084419209154,5.435255802606206,6.257233628804895
49,1,0.2857142857142857,1.6582280766035322,-0.3322706383092878,"(1, 0, 1, 0, 0, 0, 0, 1, 1, 0, 0, 0, 0, 1, 1, 1, 0, 0, 1, 1, 0, 0, 1, 0, 0)",6.0,10.0,9.0,11.0,7.436,14.264666666666667,12.665333333333333,13.547,0.0,2.742663176811225,2.7098210485162713,3.8483051716430374,2.0,2.0,2.0,7.0,0.2230788942140594,0.02831262139590704,0.05784273685068739,0.023061469492673663,4.0,3.0,5.0,6.828666666666667,5.229333333333333,6.111000000000001,2.742663176811225,2.7098210485162713,3.8483051716430374,6.775525707978309,4.177926010031167,3.7520640931671267
49,2,0.5714285714285714,1.6582280766035322,-1.2774764015808429,"(1, 0, 0, 1, 1, 1, 0, 0, 0, 1, 0, 0, 0, 0, 0, 1, 0, 0, 1, 0, 1, 0, 1, 1, 0)",6.0,10.0,9.0,11.0,7.907333333333334,14.503,14.35,16.642,0.0,2.688982649020288,3.252817044578302,5.032289230716162,7.0,5.0,4.0,2.0,0.24165571678765935,0.033573289600619664,0.02303164872621944,0.05001285730240565,4.0,3.0,5.0,6.595666666666666,6.442666666666666,8.734666666666666,2.688982649020288,3.252817044578302,5.032289230716162,6.478173124479514,5.289498203490092,6.139386214476521
49,3,0.8571428571428571,1.6582280766035322,0.26967494409970716,"(0, 1, 0, 0, 1, 0, 1, 0, 1, 1, 0, 1, 0, 0, 0, 0, 0, 1, 0, 1, 0, 0, 1, 1, 0)",7.0,12.0,11.0,12.0,10.349666666666666,16.32133333333333,16.634,18.161,0.0,1.7399695084018825,2.1952728763461966,3.17357216727306,2.0,2.0,10.0,1.0,0.1499960179300308,0.04006175009631972,0.07482825212625939,0.04049419871111563,5.0,4.0,5.0,5.971666666666666,6.284333333333334,7.8113333333333355,1.7399695084018825,2.1952728763461966,3.17357216727306,7.017119039518044,6.780594856705342,7.690465778142686
49,4,1.1428571428571428,1.6582280766035322,-0.34009685001506373,"(0, 0, 0, 0, 0, 0, 1, 0, 0, 0, 1, 0, 0, 1, 1, 1, 0, 1, 0, 1, 0, 0, 1, 1, 1)",6.0,11.0,10.0,12.0,9.081666666666667,16.552333333333333,12.567,17.298333333333332,0.0,2.929683666717495,3.2297031876660904,4.8016020681260025,2.0,4.0,5.0,8.0,0.1469036774300436,0.013655786908992095,0.13272586551880108,0.010126026377196114,5.0,4.0,6.0,7.470666666666666,3.485333333333333,8.216666666666665,2.929683666717495,3.2297031876660904,4.8016020681260025,7.529985505895053,0.4238930847716727,5.662956000714897
49,5,1.4285714285714284,1.6582280766035322,-0.5461591029906671,"(1, 0, 0, 0, 1, 0, 0, 0, 1, 1, 1, 1, 1, 0, 1, 0, 1, 1, 0, 0, 0, 1, 0, 1, 0)",7.0,9.0,10.0,13.0,8.692333333333334,13.776666666666667,15.208333333333334,18.26033333333333,0.0,2.6657674559478375,1.973595419638914,3.6719157661834383,4.0,1.0,2.0,6.0,0.18827207673354984,0.007705705134879736,0.02605094802673761,0.015012582880258262,2.0,3.0,6.0,5.084333333333333,6.516,9.567999999999998,2.6657674559478375,1.973595419638914,3.6719157661834383,4.010533842995885,7.532342810447238,9.777052418534044
49,6,1.7142857142857142,1.6582280766035322,0.8470893806652386,"(0, 0, 0, 0, 0, 0, 0, 0, 0, 0, 1, 1, 0, 1, 1, 0, 0, 0, 0, 0, 0, 0, 0, 0, 0)",2.0,6.0,7.0,11.0,3.2956666666666665,8.064666666666668,9.35,13.055,0.0,4.166758661376541,4.637981018856249,7.338930547162693,1.0,2.0,11.0,66.0,0.2713114588831745,0.027083956267715346,0.13158569625549316,0.02729668218477804,4.0,5.0,9.0,4.769000000000001,6.054333333333333,9.759333333333334,4.166758661376541,4.637981018856249,7.338930547162693,0.9986534965967169,2.3486351742282965,4.0135798567175724
49,7,2.0,1.6582280766035322,-0.6579263385325066,"(0, 0, 0, 0, 0, 0, 0, 1, 0, 0, 0, 0, 1, 0, 0, 0, 1, 0, 1, 1, 1, 0, 1, 1, 0)",5.0,9.0,9.0,12.0,5.349333333333333,12.507333333333333,14.393333333333333,15.998333333333333,0.0,3.2927342793334304,3.9582272683654454,5.5403795257656885,2.0,5.0,3.0,6.0,0.14005538449808175,0.020791736202608387,0.06106358730874191,0.08283932614306301,4.0,4.0,7.0,7.158,9.044,10.649000000000001,3.2927342793334304,3.9582272683654454,5.5403795257656885,6.409492141542492,8.43337113482106,8.471257903086988
