step,replica,lambda,beta,phi,syndrome,E0_II,E0_IX,E0_XI,E0_XX,U_II,U_IX,U_XI,U_XX,F_II,F_IX,F_XI,F_XX,g_II,g_IX,g_XI,g_XX,delta_E0_IX,delta_E0_XI,delta_E0_XX,delta_U_IX,delta_U_XI,delta_U_XX,delta_F_IX,delta_F_XI,delta_F_XX,delta_S_IX,delta_S_XI,delta_S_XX
0,0,0.0,1.3862943611198906,1.307891713363221,"(1, 1, 0, 0, 1, 1, 1, 0, 1, 1, 0, 0, 1, 1, 1, 0, 0, 0, 0, 0, 0, 0, 0, 0, 0)",6,11,5,10,9.868,10.502666666666666,6.756,8.760666666666667,0.0,1.2431055568868845,-1.307891713363221,-0.0927276894882417,1,1,1,1,5,-1,4,0.634666666666666,-3.112,-1.107333333333333,1.2431055568868845,-1.307891713363221,-0.0927276894882417,-0.843475402598333,-2.501025144614234,-1.4065420828228663
0,1,0.2857142857142857,1.3862943611198906,-0.9099999999999993,"(0, 0, 0, 0, 0, 0, 0, 0, 0, 0, 0, 1, 0, 0, 1, 0, 1, 0, 1, 1, 1, 1, 0, 0, 1)",5,8,10,13,7.37,11.035333333333334,8.28,10.701333333333332,0.0,1.3920243778125194,0.12322616543287954,1.6549582083049252,1,1,1,1,3,5,8,3.6653333333333338,0.9099999999999993,3.3313333333333324,1.3920243778125194,0.12322616543287954,1.6549582083049252,3.151475386121853,1.0907001303370716,2.3239493829485323
0,2,0.5714285714285714,1.3862943611198906,-0.1806666666666672,"(0, 1, 0, 1, 1, 0, 1, 0, 0, 1, 0, 0, 0, 1, 1, 1, 1, 1, 0, 0, 1, 1, 0, 0, 0)",7,10,12,15,11.25,11.430666666666667,12.152,12.010666666666667,0.0,0.006376954061151492,0.7516488025992045,0.3574482993794247,1,1,1,1,3,5,8,0.1806666666666672,0.9019999999999992,0.7606666666666673,0.006376954061151492,0.7516488025992045,0.3574482993794247,0.24161684578623274,0.20843101714434528,0.5589793488702733
0,3,0.8571428571428571,1.3862943611198906,-0.12199999999999989,"(1, 0, 1, 1, 0, 0, 0, 0, 1, 0, 1, 1, 1, 0, 1, 0, 1, 0, 0, 0, 1, 1, 1, 0, 0)",6,11,9,14,9.942,11.518666666666666,10.064,11.057333333333334,0.0,1.1292137734855463,-0.42352833059280554,0.4797810751129141,1,1,1,1,5,3,8,1.5766666666666662,0.12199999999999989,1.115333333333334,1.1292137734855463,-0.42352833059280554,0.4797810751129141,0.6203014226837673,0.7562628485319536,0.8810625117679807
0,4,1.1428571428571428,1.3862943611198906,-1.541333333333334,"(1, 0, 0, 0, 1, 0, 1, 0, 1, 0, 1, 0, 0, 1, 1, 1, 0, 0, 1, 0, 0, 0, 0, 1, 0)",6,11,11,16,9.044666666666666,10.865333333333334,10.586,12.064666666666668,0.0,0.27390095921593205,0.537266081287353,0.19454330867715816,1,1,1,1,5,5,10,1.8206666666666678,1.541333333333334,3.0200000000000014,0.27390095921593205,0.537266081287353,0.19454330867715816,2.1442725782125733,1.3919327696964874,3.916914678769321
0,5,1.4285714285714284,1.3862943611198906,0.2293238938705893,"(0, 0, 1, 1, 1, 0, 0, 0, 1, 1, 0, 0, 0, 0, 0, 1, 1, 1, 0, 1, 0, 1, 1, 0, 1)",6,11,11,16,10.608666666666666,9.78,9.199333333333334,7.808666666666666,0.0,0.44170418999415473,-0.18678006025488714,-0.2293238938705893,1,1,1,1,5,5,10,-0.8286666666666669,-1.4093333333333327,-2.8,0.44170418999415473,-0.18678006025488714,-0.2293238938705893,-1.7611079551199418,-1.694818708637315,-3.563713790192839
0,6,1.7142857142857142,1.3862943611198906,0.9339003012744328,"(1, 0, 0, 0, 0, 0, 1, 1, 1, 1, 0, 1, 0, 1, 1, 0, 0, 0, 1, 1, 1, 0, 0, 1, 0)",7,12,12,17,9.916666666666666,11.275333333333334,7.9366666666666665,9.202666666666667,0.0,0.9059895748038856,-0.9339003012744328,0.0749215085831909,1,1,1,1,5,5,10,1.358666666666668,-1.9799999999999995,-0.7139999999999986,0.9059895748038856,-0.9339003012744328,0.0749215085831909,0.6275436998575259,-1.4502021135124694,-1.093677438715073
0,7,2.0,1.3862943611198906,0.3667826814109657,"(0, 0, 1, 0, 0, 1, 1, 0, 0, 1, 1, 1, 1, 1, 1, 1, 0, 0, 0, 0, 0, 0, 0, 0, 0)",6,11,9,14,8.158666666666667,9.862,6.996,10.346,0.0,1.568977151374134,-0.3667826814109657,1.2069386773323354,1,1,1,1,5,3,8,1.7033333333333331,-1.1626666666666665,2.187333333333333,1.568977151374134,-0.3667826814109657,1.2069386773323354,0.1862572174316358,-1.1033294808656042,1.359115583286258
10,0,0.0,1.3862943611198906,-0.614035982352037,"(0, 1, 0, 1, 0, 0, 0, 0, 0, 0, 0, 1, 0, 1, 0, 0, 1, 0, 1, 1, 1, 1, 0, 0, 1)",6,11,9,14,9.191333333333333,9.344,10.407333333333334,11.09,0.0,0.614035982352037,0.6140975954347535,1.1607288652950043,1,1,1,1,5,3,8,0.15266666666666673,1.216000000000001,1.8986666666666672,0.614035982352037,0.6140975954347535,1.1607288652950043,-0.6395936807283715,0.8344139093933058,1.022999012898746
10,1,0.2857142857142857,1.3862943611198906,-0.20708157100995328,"(0, 1, 0, 1, 0, 1, 1, 0, 0, 0, 0, 0, 0, 1, 1, 0, 1, 1, 0, 0, 0, 1, 0, 0, 1)",6,9,11,14,9.064666666666668,9.216,10.354666666666667,9.510666666666667,0.0,0.20708157100995328,0.22636646590019888,-0.13524071656258452,1,1,1,1,3,5,8,0.15133333333333177,1.2899999999999991,0.44599999999999973,0.20708157100995328,0.22636646590019888,-0.13524071656258452,-0.07728346753347183,1.474509170620574,0.8057707278239952
10,2,0.5714285714285714,1.3862943611198906,0.6332900707009232,"(1, 0, 1, 1, 0, 0, 1, 0, 1, 0, 0, 0, 1, 0, 1, 1, 1, 1, 0, 0, 1, 1, 0, 0, 0)",8,13,13,18,10.764,11.792,9.207333333333333,10.992666666666667,0.0,0.606395960095198,-0.6332900707009232,-0.4398866040540203,1,1,1,1,5,5,10,1.0280000000000005,-1.5566666666666666,0.22866666666666724,0.606395960095198,-0.6332900707009232,-0.4398866040540203,0.584467303145393,-1.2800717681773897,0.9268116293083488
10,3,0.8571428571428571,1.3862943611198906,-0.3979999999999997,"(1, 0, 1, 0, 0, 1, 0, 0, 1, 1, 0, 0, 0, 0, 0, 1, 0, 0, 0, 0, 1, 0, 0, 0, 1)",6,11,5,10,7.005333333333334,9.246666666666666,7.403333333333333,10.077333333333334,0.0,0.49863467842414577,-0.49789532143154863,1.9691233170760496,1,1,1,1,5,-1,4,2.2413333333333325,0.3979999999999997,3.072,0.49863467842414577,-0.49789532143154863,1.9691233170760496,2.4158933184318236,1.2419746322542473,1.528911726548082
10,4,1.1428571428571428,1.3862943611198906,0.30769573508589837,"(0, 0, 0, 1, 1, 1, 0, 0, 1, 1, 1, 0, 1, 1, 0, 1, 1, 1, 1, 0, 1, 1, 0, 0, 0)",7,12,8,13,9.124666666666666,11.415333333333333,8.209333333333333,9.873333333333333,0.0,0.7059627017649651,-0.30769573508589837,0.07350440768071195,1,1,1,1,5,1,6,2.2906666666666666,-0.9153333333333329,0.7486666666666668,0.7059627017649651,-0.30769573508589837,0.07350440768071195,2.196866170587562,-0.8423645760548519,0.9359736324731963
10,5,1.4285714285714284,1.3862943611198906,-0.17733333333333334,"(1, 0, 0, 0, 0, 1, 1, 1, 1, 1, 0, 0, 1, 1, 1, 1, 0, 1, 1, 0, 0, 0, 1, 1, 0)",8,13,11,16,10.523333333333333,11.880666666666666,10.700666666666667,11.984,0.0,-0.16151869634114674,-0.3305849953150568,-0.2576967184615081,1,1,1,1,5,3,8,1.357333333333333,0.17733333333333334,1.4606666666666666,-0.16151869634114674,-0.3305849953150568,-0.2576967184615081,2.105576004113232,0.7041243149147026,2.3821574711580755
10,6,1.7142857142857142,1.3862943611198906,0.26465899680846766,"(0, 0, 1, 0, 0, 1, 1, 0, 0, 1, 1, 1, 1, 0, 0, 1, 1, 0, 0, 0, 1, 0, 0, 0, 0)",7,10,10,13,8.873333333333333,11.211333333333334,8.352666666666666,10.427333333333333,0.0,1.5374312530233163,-0.26465899680846766,0.6603690205548003,1,1,1,1,3,3,6,2.338000000000001,-0.520666666666667,1.5540000000000003,1.5374312530233163,-0.26465899680846766,0.6603690205548003,1.1098239396225944,-0.3549019891278644,1.2388355877269255
10,7,2.0,1.3862943611198906,0.9339003012744328,"(1, 0, 0, 0, 0, 0, 1, 1, 1, 1, 0, 1, 0, 1, 1, 0, 0, 0, 1, 1, 1, 0, 0, 1, 0)",7,12,12,17,9.916666666666666,11.275333333333334,7.9366666666666665,9.202666666666667,0.0,0.9059895748038856,-0.9339003012744328,0.0749215085831909,1,1,1,1,5,5,10,1.358666666666668,-1.9799999999999995,-0.7139999999999986,0.9059895748038856,-0.9339003012744328,0.0749215085831909,0.6275436998575259,-1.4502021135124694,-1.093677438715073
20,0,0.0,1.3862943611198906,-2.3753333333333337,"(0, 0, 1, 1, 0, 1, 1, 0, 0, 0, 0, 0, 0, 0, 0, 0, 1, 1, 0, 0, 0, 1, 0, 0, 1)",5,6,10,11,6.688666666666666,9.064,11.365333333333334,10.475333333333333,0.0,0.4589866596961162,1.613800669050343,1.7548638219296313,1,1,1,1,1,5,6,2.3753333333333337,4.676666666666668,3.786666666666667,0.4589866596961162,1.613800669050343,1.7548638219296313,2.656620587614134,4.246033861361359,2.8166768265663054
20,1,0.2857142857142857,1.3862943611198906,-0.14155605754102063,"(1, 1, 1, 1, 0, 0, 1, 0, 1, 0, 1, 1, 1, 0, 1, 0, 1, 1, 0, 0, 0, 0, 0, 0, 0)",7,10,8,11,9.815333333333333,10.519333333333334,9.185333333333332,10.368666666666666,0.0,0.9060819944279607,0.14155605754102063,-0.018329892108140684,1,1,1,1,3,1,4,0.7040000000000006,-0.6300000000000008,0.5533333333333328,0.9060819944279607,0.14155605754102063,-0.018329892108140684,-0.28014512935934216,-1.0696038118570117,0.7924935058891235
20,2,0.5714285714285714,1.3862943611198906,0.18391505190857274,"(1, 0, 1, 0, 0, 1, 0, 0, 1, 1, 0, 0, 0, 0, 0, 0, 0, 0, 0, 0, 0, 0, 0, 0, 1)",5,10,4,9,6.552,10.521333333333333,5.707333333333334,8.988,0.0,1.6856107169563548,-0.18391505190857274,1.4120486296953625,1,1,1,1,5,-1,4,3.969333333333333,-0.844666666666666,2.436,1.6856107169563548,-0.18391505190857274,1.4120486296953625,3.165911785445368,-0.915996237640007,1.4194980107143038
20,3,0.8571428571428571,1.3862943611198906,-1.5246666666666666,"(0, 1, 0, 1, 0, 0, 0, 0, 0, 1, 0, 1, 0, 0, 0, 0, 1, 0, 1, 1, 0, 1, 0, 0, 0)",5,10,8,13,6.768666666666666,8.293333333333333,9.974,9.186,0.0,0.8523245797578674,1.0980067470896704,0.8427745519368187,1,1,1,1,5,3,8,1.5246666666666666,3.205333333333334,2.4173333333333336,0.8523245797578674,1.0980067470896704,0.8427745519368187,0.9320640438252478,2.921374963547619,2.182801959901795
20,4,1.1428571428571428,1.3862943611198906,-0.13980008468360194,"(1, 0, 0, 0, 1, 1, 1, 0, 1, 0, 0, 0, 1, 0, 1, 1, 0, 1, 0, 1, 0, 0, 1, 1, 0)",7,10,12,15,10.342,10.479333333333333,11.104,11.126,0.0,0.13980008468360194,0.4700462080437171,-0.7171454762779986,1,1,1,1,3,5,8,0.13733333333333242,0.7619999999999987,0.7839999999999989,0.13980008468360194,0.4700462080437171,-0.7171454762779986,-0.0034196434871635183,0.4047338954965628,2.0810295089848205
20,5,1.4285714285714284,1.3862943611198906,0.9756739713561785,"(0, 0, 1, 0, 0, 1, 1, 1, 0, 1, 1, 0, 1, 0, 1, 1, 1, 0, 1, 1, 1, 0, 0, 1, 0)",9,12,12,15,11.633333333333333,12.042666666666667,10.216666666666667,12.488,0.0,0.5504204744473127,-0.9756739713561785,-0.28184904688635354,1,1,1,1,3,3,6,0.40933333333333444,-1.416666666666666,0.8546666666666667,0.5504204744473127,-0.9756739713561785,-0.28184904688635354,-0.19558830815283432,-0.6113456868039909,1.5755453250227007
20,6,1.7142857142857142,1.3862943611198906,0.8870743584099381,"(1, 0, 0, 1, 1, 1, 1, 1, 1, 1, 1, 1, 0, 1, 1, 1, 0, 0, 1, 1, 1, 0, 0, 1, 1)",9,14,14,19,11.196,10.66,10.91,9.472,0.0,-0.591331561371029,-0.6370484687466272,-0.8870743584099381,1,1,1,1,5,5,10,-0.5359999999999996,-0.2859999999999996,-1.7240000000000002,-0.591331561371029,-0.6370484687466272,-0.8870743584099381,0.0767058315206173,0.4866565127032221,-1.1602252976129497
20,7,2.0,1.3862943611198906,1.1352518555917572,"(1, 1, 0, 0, 0, 1, 0, 0, 0, 0, 1, 0, 1, 1, 0, 1, 1, 1, 1, 0, 0, 1, 0, 0, 1)",7,6,12,11,9.735333333333333,8.706,7.25,6.592666666666666,0.0,-0.27673516102088824,-0.926229472476236,-1.1352518555917572,1,1,1,1,-1,5,4,-1.0293333333333337,-2.485333333333333,-3.142666666666667,-0.27673516102088824,-0.926229472476236,-1.1352518555917572,-1.0433226024658788,-2.1613768907064443,-2.782867833021698
30,0,0.0,1.3862943611198906,-0.061333333333333684,"(1, 1, 1, 1, 0, 0, 1, 0, 1, 0, 1, 1, 1, 1, 1, 1, 1, 1, 1, 0, 1, 0, 0, 0, 0)",8,11,11,14,12.572,11.978,12.633333333333333,12.714666666666666,0.0,0.4610198914257594,-0.04454625880398616,0.1146927534766524,1,1,1,1,3,3,6,-0.5939999999999994,0.061333333333333684,0.14266666666666694,0.4610198914257594,-0.04454625880398616,0.1146927534766524,-1.4625681263528485,0.14678028153764042,0.03878007811377448
30,1,0.2857142857142857,1.3862943611198906,-0.657333333333332,"(0, 0, 0, 1, 0, 0, 0, 1, 0, 0, 1, 1, 0, 0, 0, 0, 1, 1, 0, 1, 0, 1, 0, 1, 1)",6,9,11,14,8.236,11.476,8.893333333333333,10.45,0.0,0.8168354441131975,0.10619014806178362,0.7124936885329068,1,1,1,1,3,5,8,3.24,0.657333333333332,2.2139999999999986,0.8168354441131975,0.10619014806178362,0.7124936885329068,3.3592193598914584,0.7640466899116026,2.081529732772755
30,2,0.5714285714285714,1.3862943611198906,0.10501949949017066,"(0, 0, 0, 0, 0, 0, 0, 0, 1, 0, 0, 1, 0, 1, 1, 0, 1, 0, 1, 1, 0, 1, 0, 1, 1)",6,9,11,14,9.129333333333333,8.818666666666667,9.575333333333333,10.955333333333334,0.0,-0.10501949949017066,0.27103595086961724,0.8954229311180161,1,1,1,1,3,5,8,-0.3106666666666662,0.44599999999999973,1.8260000000000005,-0.10501949949017066,0.27103595086961724,0.8954229311180161,-0.28508750823705525,0.24255167470815275,1.290053743178571
30,3,0.8571428571428571,1.3862943611198906,0.4360049798428842,"(1, 1, 0, 0, 1, 1, 0, 0, 1, 0, 0, 0, 1, 0, 1, 0, 0, 1, 0, 1, 1, 0, 1, 1, 0)",8,11,9,12,11.209333333333333,11.207333333333333,10.69,9.952,0.0,-0.3129020405754388,-0.0861350896375833,-0.4360049798428842,1,1,1,1,3,1,4,-0.002000000000000668,-0.5193333333333339,-1.2573333333333334,-0.3129020405754388,-0.0861350896375833,-0.4360049798428842,0.4310017457103973,-0.6005402824824592,-1.138602865071694
30,4,1.1428571428571428,1.3862943611198906,0.08065152527582053,"(0, 0, 1, 0, 0, 1, 1, 1, 0, 1, 1, 0, 1, 1, 0, 1, 1, 0, 1, 1, 1, 0, 0, 1, 0)",9,10,12,13,10.523333333333333,11.77,10.386,11.268666666666666,0.0,0.49888113075501067,-0.08065152527582053,0.2855458318493395,1,1,1,1,1,3,4,1.2466666666666661,-0.1373333333333342,0.745333333333333,0.49888113075501067,-0.08065152527582053,0.2855458318493395,1.0366508717613434,-0.07857767088821116,0.6374008206206634
30,5,1.4285714285714284,1.3862943611198906,0.17796938942643512,"(1, 0, 0, 1, 1, 1, 0, 1, 1, 1, 1, 0, 0, 1, 1, 1, 0, 0, 1, 1, 1, 0, 0, 0, 0)",7,12,12,17,10.829333333333333,9.006666666666666,12.126666666666667,10.991333333333333,0.0,-0.17796938942643512,0.8778015894611151,0.6039314367865406,1,1,1,1,5,5,10,-1.8226666666666667,1.2973333333333343,0.1620000000000008,-0.17796938942643512,0.8778015894611151,0.6039314367865406,-2.2800345611873705,0.5815944908408518,-0.6126470588187914
30,6,1.7142857142857142,1.3862943611198906,0.1592390122806375,"(1, 1, 0, 0, 0, 1, 0, 0, 1, 0, 1, 0, 1, 0, 0, 0, 1, 1, 1, 0, 1, 1, 0, 0, 1)",7,10,12,15,10.934,10.424666666666667,11.348666666666666,10.162,0.0,0.10948644798711306,-0.027140562936590985,-0.1592390122806375,1,1,1,1,3,5,8,-0.5093333333333323,0.4146666666666672,-0.7719999999999985,0.10948644798711306,-0.027140562936590985,-0.1592390122806375,-0.8578663733939772,0.6124748711009976,-0.8494671019896046
30,7,2.0,1.3862943611198906,0.4846177021061551,"(1, 0, 1, 0, 0, 0, 1, 0, 1, 1, 1, 0, 0, 1, 1, 0, 0, 0, 0, 0, 1, 0, 0, 0, 1)",7,12,8,13,9.84,7.554666666666667,7.332,9.139333333333333,0.0,-0.4846177021061551,-0.4376685330762293,-0.08983187460056853,1,1,1,1,5,1,6,-2.285333333333333,-2.508,-0.7006666666666668,-0.4846177021061551,-0.4376685330762293,-0.08983187460056853,-2.496321925550681,-2.8700888382454943,-0.8467968278170729
40,0,0.0,1.3862943611198906,-0.23199999999999932,"(0, 0, 0, 1, 0, 1, 0, 1, 1, 1, 0, 1, 0, 0, 0, 0, 1, 1, 1, 0, 0, 1, 0, 1, 1)",7,10,12,15,10.891333333333334,11.123333333333333,12.115333333333334,11.492,0.0,0.18872087236045448,0.2986078053852251,-0.046086585871896325,1,1,1,1,3,5,8,0.23199999999999932,1.2240000000000002,0.6006666666666671,0.18872087236045448,0.2986078053852251,-0.046086585871896325,0.059997610600889005,1.2828659812188232,0.896590387030159
40,1,0.2857142857142857,1.3862943611198906,-0.15095205265527634,"(0, 0, 0, 1, 1, 0, 1, 0, 0, 1, 1, 0, 0, 1, 0, 0, 1, 0, 1, 1, 0, 1, 0, 1, 1)",7,10,10,13,11.409333333333333,11.352,11.56,12.25,0.0,0.15095205265527634,0.8650168747974527,0.891233241493299,1,1,1,1,3,3,6,-0.05733333333333235,0.15066666666666784,0.8406666666666673,0.15095205265527634,0.8650168747974527,0.891233241493299,-0.2887448560996881,-0.9902996653965273,-0.07010015754330644
40,2,0.5714285714285714,1.3862943611198906,0.4280876987138215,"(1, 0, 1, 1, 1, 1, 1, 0, 1, 0, 1, 1, 0, 1, 1, 0, 0, 1, 0, 0, 0, 0, 1, 1, 0)",8,13,11,16,12.523333333333333,12.476666666666667,11.833333333333334,12.144,0.0,-0.11706485716123527,-0.4280876987138215,-0.34050470163240315,1,1,1,1,5,3,8,-0.046666666666666856,-0.6899999999999995,-0.3793333333333333,-0.11706485716123527,-0.4280876987138215,-0.34050470163240315,0.09759261451566408,-0.3630875463809624,-0.05382791317700049
40,3,0.8571428571428571,1.3862943611198906,-0.48443286285800613,"(0, 1, 0, 0, 0, 1, 0, 0, 0, 1, 1, 0, 1, 1, 0, 1, 1, 0, 1, 1, 1, 0, 0, 1, 0)",8,13,13,18,9.505333333333333,11.255333333333333,9.966,11.927333333333333,0.0,0.2845908290672351,0.48443286285800613,1.794727486447169,1,1,1,1,5,5,10,1.75,0.46066666666666656,2.4220000000000006,0.2845908290672351,0.48443286285800613,1.794727486447169,2.031488470397466,-0.03294694376532307,0.8695843484237906
40,4,1.1428571428571428,1.3862943611198906,-0.5919999999999987,"(1, 1, 1, 1, 0, 0, 0, 0, 1, 0, 1, 0, 1, 1, 0, 0, 1, 1, 1, 0, 1, 0, 0, 0, 0)",7,10,10,13,9.278,11.378666666666666,9.87,11.126666666666667,0.0,0.5036869512068926,0.11361452452911365,0.5997109406204645,1,1,1,1,3,3,6,2.1006666666666653,0.5919999999999987,1.8486666666666665,0.5036869512068926,0.11361452452911365,0.5997109406204645,2.2138839743647307,0.6631830870869457,1.7314202803062484
40,5,1.4285714285714284,1.3862943611198906,-0.4219999999999988,"(1, 0, 0, 0, 0, 0, 1, 0, 1, 1, 1, 1, 1, 0, 0, 0, 0, 1, 1, 0, 1, 1, 0, 0, 1)",8,9,13,14,9.913333333333334,10.335333333333333,10.732,10.498666666666667,0.0,-0.7837492186944699,0.02067118925136513,-0.08049749256902745,1,1,1,1,1,5,6,0.4219999999999988,0.8186666666666653,0.5853333333333328,-0.7837492186944699,0.02067118925136513,-0.08049749256902745,1.6715233428008558,1.1062566305400057,0.9230375194082416
40,6,1.7142857142857142,1.3862943611198906,0.2579999999999991,"(1, 0, 1, 0, 0, 1, 1, 1, 0, 0, 1, 0, 0, 1, 1, 0, 0, 0, 0, 0, 1, 0, 0, 0, 1)",6,9,7,10,8.675333333333333,9.974,9.348,8.417333333333334,0.0,0.33110870651814694,-0.005021466241389847,-0.4342182004441077,1,1,1,1,3,1,4,1.2986666666666675,0.6726666666666681,-0.2579999999999991,0.33110870651814694,-0.005021466241389847,-0.4342182004441077,1.3413201442105578,0.9394752372483077,0.24429029760236232
40,7,2.0,1.3862943611198906,0.7656657789171943,"(0, 0, 0, 1, 1, 0, 0, 1, 1, 0, 1, 0, 0, 1, 0, 1, 0, 0, 1, 1, 1, 0, 0, 0, 0)",6,11,11,16,7.777333333333333,6.624666666666666,10.316,10.792666666666667,0.0,-0.7656657789171943,0.9182197717231,1.1904571777056872,1,1,1,1,5,5,10,-1.1526666666666667,2.5386666666666677,3.0153333333333343,-0.7656657789171943,0.9182197717231,1.1904571777056872,-0.5364971484354853,2.2464163929545036,2.5298155242887512
50,0,0.0,1.3862943611198906,0.4995896812062495,"(0, 0, 0, 1, 1, 0, 0, 0, 0, 1, 1, 1, 0, 1, 1, 0, 1, 0, 0, 1, 0, 0, 0, 0, 1)",6,11,11,16,8.536666666666667,7.8693333333333335,8.954,7.832,0.0,-0.13899911460828746,-0.018021826694559012,-0.4995896812062495,1,1,1,1,5,5,10,-0.6673333333333336,0.41733333333333356,-0.7046666666666672,-0.13899911460828746,-0.018021826694559012,-0.4995896812062495,-0.7324267482052144,0.603530403431115,-0.28429706853924286
50,1,0.2857142857142857,1.3862943611198906,0.6221072961878913,"(1, 1, 1, 1, 1, 1, 1, 0, 1, 0, 1, 1, 0, 0, 1, 0, 0, 1, 1, 0, 0, 1, 1, 1, 0)",9,14,10,15,11.637333333333334,10.22,12.487333333333334,10.656,0.0,-0.6221072961878913,0.2896739083913406,-0.3807072381048796,1,1,1,1,5,1,6,-1.4173333333333336,0.8499999999999996,-0.9813333333333336,-0.6221072961878913,0.2896739083913406,-0.3807072381048796,-1.1024173711104432,0.7767769011854312,-0.8326445689566642
50,2,0.5714285714285714,1.3862943611198906,0.2580000000000009,"(0, 1, 1, 0, 0, 1, 0, 1, 0, 1, 1, 0, 1, 0, 1, 1, 1, 0, 1, 1, 1, 0, 0, 1, 0)",8,11,13,16,11.636666666666667,12.417333333333334,11.864,11.378666666666666,0.0,0.3023353968895693,-0.08237669159188041,-0.26921836492948287,1,1,1,1,3,5,8,0.7806666666666668,0.22733333333333405,-0.2580000000000009,0.3023353968895693,-0.08237669159188041,-0.26921836492948287,0.6631079420393075,0.4293492611361256,0.015551956042725997
50,3,0.8571428571428571,1.3862943611198906,-0.19817848055742837,"(0, 0, 0, 1, 0, 1, 1, 1, 1, 1, 0, 0, 0, 0, 0, 0, 1, 1, 1, 0, 1, 1, 0, 1, 0)",6,9,9,12,10.073333333333334,9.870666666666667,10.961333333333334,10.510666666666667,0.0,0.19817848055742837,0.4151181448020119,0.6032536928766599,1,1,1,1,3,3,6,-0.20266666666666744,0.8879999999999999,0.43733333333333313,0.19817848055742837,0.4151181448020119,0.6032536928766599,-0.5556893672790364,0.6555534493368833,-0.23001445882989868
50,4,1.1428571428571428,1.3862943611198906,-0.17596696423815117,"(1, 0, 0, 0, 0, 0, 1, 0, 1, 1, 1, 1, 1, 0, 0, 0, 0, 1, 1, 0, 0, 0, 0, 0, 1)",7,10,12,15,9.999333333333333,10.532,11.523333333333333,10.071333333333333,0.0,0.045008356924358874,0.7171762828193565,0.17596696423815117,1,1,1,1,3,5,8,0.5326666666666675,1.524000000000001,0.07200000000000095,0.045008356924358874,0.7171762828193565,0.17596696423815117,0.6760379649490195,1.1184951695453167,-0.14412881626610097
50,5,1.4285714285714284,1.3862943611198906,-1.064181164678344,"(1, 0, 1, 0, 0, 1, 1, 1, 0, 0, 0, 0, 0, 1, 1, 0, 0, 0, 0, 0, 0, 0, 0, 0, 1)",5,8,8,11,7.092666666666666,7.529333333333334,9.610666666666667,8.311333333333334,0.0,1.064181164678344,0.638126697694165,0.6843057031901375,1,1,1,1,3,3,6,0.4366666666666674,2.5180000000000007,1.2186666666666675,1.064181164678344,0.638126697694165,0.6843057031901375,-0.8699198101145659,2.6060577586064078,0.7407815904701053
50,6,1.7142857142857142,1.3862943611198906,0.923795755708937,"(0, 0, 0, 1, 1, 0, 0, 1, 1, 0, 0, 1, 0, 1, 0, 1, 0, 0, 1, 1, 1, 0, 0, 0, 0)",6,11,11,16,9.966,8.422,9.744666666666667,9.970666666666666,0.0,-0.923795755708937,0.743546682221993,0.16050208047632517,1,1,1,1,5,5,10,-1.5439999999999987,-0.22133333333333205,0.004666666666667041,-0.923795755708937,0.743546682221993,0.16050208047632517,-0.8597856466033219,-1.3376077247216196,-0.21603375542711378
50,7,2.0,1.3862943611198906,0.16928194476341737,"(1, 1, 1, 1, 0, 0, 0, 0, 1, 0, 1, 0, 1, 1, 1, 1, 1, 1, 0, 0, 0, 1, 1, 0, 0)",7,10,10,13,11.693333333333333,10.817333333333334,10.101333333333333,10.882,0.0,1.1117156579940775,-0.16928194476341737,0.4040585964544112,1,1,1,1,3,3,6,-0.8759999999999994,-1.5920000000000005,-0.8113333333333337,1.1117156579940775,-0.16928194476341737,0.4040585964544112,-2.7555590081869017,-1.9723060174379323,-1.6848909788153728
60,0,0.0,1.3862943611198906,-1.4100000000000001,"(1, 0, 0, 0, 1, 0, 1, 1, 1, 0, 0, 0, 0, 0, 1, 0, 0, 1, 1, 0, 0, 0, 1, 1, 0)",6,11,11,16,8.796666666666667,10.616666666666667,10.206666666666667,10.936666666666667,0.0,0.6655445195029811,-0.0073011503018976555,0.45341067571027915,1,1,1,1,5,5,10,1.8200000000000003,1.4100000000000001,2.1400000000000006,0.6655445195029811,-0.0073011503018976555,0.45341067571027915,1.6004151227769714,1.9647965926722553,2.3381092697878474
60,1,0.2857142857142857,1.3862943611198906,-0.0519999999999996,"(0, 1, 1, 0, 0, 0, 0, 1, 0, 1, 0, 0, 0, 1, 1, 1, 1, 0, 1, 1, 1, 0, 1, 0, 0)",8,11,11,14,12.112,12.612,11.361333333333333,12.164,0.0,0.047103201736718496,0.12867892325328398,-0.16509225513869855,1,1,1,1,3,3,6,0.5,-0.7506666666666675,0.0519999999999996,0.047103201736718496,0.12867892325328398,-0.16509225513869855,0.6278482776016397,-1.2190318327816725,0.30095376914157784
60,2,0.5714285714285714,1.3862943611198906,-0.1281860185915529,"(1, 0, 0, 1, 1, 1, 1, 1, 1, 0, 0, 0, 0, 0, 1, 1, 1, 0, 0, 0, 0, 1, 0, 1, 0)",7,10,12,15,11.295333333333334,11.394666666666666,11.599333333333334,10.948666666666666,0.0,0.2638272201917946,0.27328482838876883,0.1281860185915529,1,1,1,1,3,5,8,0.09933333333333216,0.30400000000000027,-0.34666666666666757,0.2638272201917946,0.27328482838876883,0.1281860185915529,-0.22803694779057976,0.04258026920547989,-0.6582855999361091
60,3,0.8571428571428571,1.3862943611198906,-1.6580000000000004,"(1, 1, 0, 0, 0, 0, 0, 0, 1, 1, 1, 1, 1, 1, 1, 0, 0, 0, 0, 0, 0, 0, 0, 0, 1)",6,9,9,12,7.945333333333333,11.158,9.603333333333333,11.570666666666666,0.0,0.5444748119651763,0.7311624525959884,0.9898141738396015,1,1,1,1,3,3,6,3.2126666666666663,1.6580000000000004,3.625333333333333,0.5444748119651763,0.7311624525959884,0.9898141738396015,3.6988993225586984,1.284869665640371,3.6536053494295935
60,4,1.1428571428571428,1.3862943611198906,1.033775108357781,"(1, 0, 1, 0, 0, 1, 1, 1, 0, 0, 0, 0, 0, 1, 1, 1, 0, 0, 0, 1, 0, 0, 0, 0, 1)",6,9,9,12,9.524666666666667,6.822666666666667,10.086666666666666,8.388,0.0,-1.033775108357781,0.4415809638287224,-0.5630203498628247,1,1,1,1,3,3,6,-2.702,0.5619999999999994,-1.1366666666666667,-1.033775108357781,0.4415809638287224,-0.5630203498628247,-2.3126507603634483,0.16693623081573342,-0.7952426542623605
60,5,1.4285714285714284,1.3862943611198906,0.9455759804491984,"(0, 0, 0, 1, 1, 1, 0, 1, 1, 0, 1, 1, 0, 1, 0, 1, 0, 0, 1, 1, 1, 0, 0, 1, 1)",8,11,11,14,9.909333333333333,7.076,11.218666666666667,8.011333333333333,0.0,-0.9455759804491984,1.0649513282123,-0.4633919951103412,1,1,1,1,3,3,6,-2.833333333333333,1.3093333333333348,-1.8979999999999997,-0.9455759804491984,1.0649513282123,-0.4633919951103412,-2.616987373465887,0.3387853956584628,-1.98878898759599
60,6,1.7142857142857142,1.3862943611198906,1.2064457726706037,"(1, 0, 1, 1, 0, 0, 0, 0, 1, 0, 0, 0, 0, 0, 1, 1, 1, 0, 0, 0, 0, 1, 0, 0, 0)",6,7,11,12,8.474,6.442666666666667,9.688666666666666,9.440666666666667,0.0,-1.2064457726706037,0.7772490384678856,-0.29099858966974457,1,1,1,1,1,5,6,-2.0313333333333334,1.2146666666666661,0.9666666666666668,-1.2064457726706037,0.7772490384678856,-0.29099858966974457,-1.143536973904684,0.6063895914264062,1.743494253035569
60,7,2.0,1.3862943611198906,-0.6093333333333337,"(0, 1, 0, 1, 1, 0, 1, 0, 0, 0, 1, 1, 0, 1, 1, 0, 1, 0, 0, 1, 0, 0, 1, 1, 0)",7,8,10,11,10.496666666666666,11.106,11.302,11.507333333333333,0.0,0.438808375106483,0.2562180044763146,0.5709376309918873,1,1,1,1,1,3,4,0.6093333333333337,0.8053333333333335,1.0106666666666673,0.438808375106483,0.2562180044763146,0.5709376309918873,0.23639778802008804,0.7612354839989796,0.6095938825766346
70,0,0.0,1.3862943611198906,0.12430439438041659,"(0, 1, 1, 1, 1, 0, 1, 1, 0, 1, 1, 1, 0, 1, 1, 1, 0, 1, 0, 1, 1, 0, 1, 0, 0)",9,12,6,9,9.588666666666667,11.408,8.891333333333334,10.851333333333333,0.0,0.9461613047350038,-0.12430439438041659,0.723337591091,1,1,1,1,3,-3,0,1.8193333333333328,-0.6973333333333329,1.2626666666666662,0.9461613047350038,-0.12430439438041659,0.723337591091,1.2104734595334794,-0.7943867868289418,0.7476688562585493
70,1,0.2857142857142857,1.3862943611198906,1.218,"(0, 0, 0, 1, 1, 1, 1, 1, 1, 0, 1, 1, 0, 0, 1, 1, 1, 0, 0, 0, 1, 1, 0, 1, 0)",8,9,11,12,11.271333333333333,10.053333333333333,11.162666666666667,9.440666666666667,0.0,-1.3210461065231804,-0.5443515857997439,-0.5447828773787589,1,1,1,1,1,3,4,-1.218,-0.10866666666666625,-1.8306666666666658,-1.3210461065231804,-0.5443515857997439,-0.5447828773787589,0.14285223640844466,0.603987546619161,-1.782613446145303
70,2,0.5714285714285714,1.3862943611198906,-1.0573333333333341,"(0, 1, 1, 0, 0, 0, 0, 0, 1, 1, 1, 1, 1, 0, 0, 0, 0, 0, 0, 0, 0, 0, 0, 0, 1)",6,9,9,12,7.9286666666666665,8.986,8.599333333333334,9.962,0.0,0.5192442545927946,1.2102041707163058,1.4803467318865353,1,1,1,1,3,3,6,1.0573333333333341,0.6706666666666674,2.033333333333333,0.5192442545927946,1.2102041707163058,1.4803467318865353,0.7459498556382068,-0.7479577994767138,0.7666022073605483
70,3,0.8571428571428571,1.3862943611198906,-1.2739999999999991,"(1, 1, 0, 0, 0, 0, 0, 1, 1, 0, 0, 0, 0, 0, 0, 0, 0, 1, 1, 1, 1, 0, 1, 1, 0)",6,9,11,14,8.0,9.274,10.809333333333333,10.811333333333334,0.0,0.05012224278982427,1.2370058616979565,1.161252576498095,1,1,1,1,3,5,8,1.2739999999999991,2.809333333333333,2.8113333333333337,0.05012224278982427,1.2370058616979565,1.161252576498095,1.696654833520524,2.179708707762017,2.2874976485931326
70,4,1.1428571428571428,1.3862943611198906,-0.42400000000000126,"(0, 0, 1, 1, 0, 0, 1, 0, 1, 0, 0, 1, 0, 1, 0, 0, 1, 0, 0, 1, 1, 0, 0, 0, 1)",6,9,11,14,9.213333333333333,10.707333333333333,9.637333333333334,11.091333333333333,0.0,0.26669222853810837,0.2407531207144867,0.38893258464752467,1,1,1,1,3,5,8,1.4939999999999998,0.42400000000000126,1.8780000000000001,0.26669222853810837,0.2407531207144867,0.38893258464752467,1.7014098429362394,0.2540341154463261,2.0642857612305066
70,5,1.4285714285714284,1.3862943611198906,1.2064457726706037,"(1, 0, 1, 1, 0, 0, 0, 0, 1, 0, 0, 0, 0, 0, 1, 1, 1, 0, 0, 0, 0, 1, 0, 0, 0)",6,7,11,12,8.474,6.442666666666667,9.688666666666666,9.440666666666667,0.0,-1.2064457726706037,0.7772490384678856,-0.29099858966974457,1,1,1,1,1,5,6,-2.0313333333333334,1.2146666666666661,0.9666666666666668,-1.2064457726706037,0.7772490384678856,-0.29099858966974457,-1.143536973904684,0.6063895914264062,1.743494253035569
70,6,1.7142857142857142,1.3862943611198906,0.31533333333333324,"(0, 0, 1, 1, 1, 0, 1, 1, 0, 1, 1, 1, 0, 1, 1, 0, 0, 0, 0, 1, 0, 0, 0, 1, 0)",7,10,10,13,10.14,9.824666666666667,11.684,10.602,0.0,-0.7189014491354165,1.0124261751965342,0.3011647483179558,1,1,1,1,3,3,6,-0.31533333333333324,1.5439999999999987,0.46199999999999974,-0.7189014491354165,1.0124261751965342,0.3011647483179558,0.5594642032642071,0.7369177958439754,0.2229650024761159
70,7,2.0,1.3862943611198906,1.033775108357781,"(1, 0, 1, 0, 0, 1, 1, 1, 0, 0, 0, 0, 0, 1, 1, 1, 0, 0, 0, 1, 0, 0, 0, 0, 1)",6,9,9,12,9.524666666666667,6.822666666666667,10.086666666666666,8.388,0.0,-1.033775108357781,0.4415809638287224,-0.5630203498628247,1,1,1,1,3,3,6,-2.702,0.5619999999999994,-1.1366666666666667,-1.033775108357781,0.4415809638287224,-0.5630203498628247,-2.3126507603634483,0.16693623081573342,-0.7952426542623605
80,0,0.0,1.3862943611198906,-0.527333333333333,"(0, 0, 0, 1, 1, 0, 0, 1, 1, 0, 1, 1, 0, 0, 1, 1, 1, 0, 0, 0, 1, 1, 0, 1, 0)",7,10,10,13,9.72,11.372,10.247333333333334,11.722666666666667,0.0,0.012969553911810539,-0.5526385454251045,0.37248189156223527,1,1,1,1,3,3,6,1.6519999999999992,0.527333333333333,2.0026666666666664,0.012969553911810539,-0.5526385454251045,0.37248189156223527,2.2721786651158746,1.4971589256908762,2.25991596131077
80,1,0.2857142857142857,1.3862943611198906,-1.8586666666666662,"(0, 1, 1, 0, 0, 0, 0, 0, 1, 1, 1, 0, 1, 0, 0, 0, 1, 1, 0, 0, 0, 1, 0, 0, 1)",7,8,12,13,8.461333333333334,10.32,10.457333333333333,11.304,0.0,0.8401868024627278,1.017786513392865,0.8146173731354046,1,1,1,1,1,5,6,1.8586666666666662,1.9959999999999987,2.8426666666666662,0.8401868024627278,1.017786513392865,0.8146173731354046,1.4119128926600717,1.356091840454897,2.811473299695566
80,2,0.5714285714285714,1.3862943611198906,0.6099695188927517,"(0, 0, 0, 0, 1, 0, 0, 1, 1, 0, 0, 0, 0, 0, 0, 0, 0, 1, 1, 1, 1, 0, 1, 1, 1)",6,11,11,16,9.518,11.631333333333334,6.3373333333333335,8.762,0.0,0.658736273862812,-0.6099695188927517,-0.2661685173350193,1,1,1,1,5,5,10,2.1133333333333333,-3.180666666666667,-0.7560000000000002,0.658736273862812,-0.6099695188927517,-0.2661685173350193,2.0164997012455577,-3.563742960105965,-0.6790506223174585
80,3,0.8571428571428571,1.3862943611198906,0.005021466241389642,"(0, 0, 1, 1, 0, 0, 1, 0, 1, 0, 0, 1, 0, 1, 0, 0, 1, 0, 0, 1, 1, 0, 0, 0, 1)",6,9,11,14,10.035333333333334,9.716666666666667,10.352,11.305333333333333,0.0,-0.005021466241389642,0.982482216996345,0.587973648362983,1,1,1,1,3,5,8,-0.3186666666666671,0.31666666666666643,1.2699999999999996,-0.005021466241389642,0.982482216996345,0.587973648362983,-0.43480457274188,-0.9230163429679701,0.9454892854095677
80,4,1.1428571428571428,1.3862943611198906,1.0800465334778282,"(1, 0, 1, 1, 0, 0, 0, 0, 1, 0, 0, 0, 0, 0, 1, 1, 1, 0, 0, 0, 0, 0, 1, 0, 0)",6,9,7,10,8.556,10.258666666666667,6.192,8.538666666666666,0.0,0.23144954522430436,-1.0800465334778282,-0.02954347316253244,1,1,1,1,3,1,4,1.7026666666666674,-2.363999999999999,-0.0173333333333332,0.23144954522430436,-1.0800465334778282,-0.02954347316253244,2.039539999438585,-1.7799374505800216,0.016926847993704287
80,5,1.4285714285714284,1.3862943611198906,-0.881333333333334,"(0, 0, 1, 1, 1, 1, 1, 0, 0, 1, 0, 1, 0, 1, 1, 0, 0, 0, 1, 1, 0, 0, 1, 0, 0)",6,11,11,16,9.072666666666667,9.954,10.318666666666667,10.988,0.0,0.11306000678466649,0.06293776399484369,0.4945374084235015,1,1,1,1,5,5,10,0.881333333333334,1.2460000000000004,1.9153333333333329,0.11306000678466649,0.06293776399484369,0.4945374084235015,1.065052980393238,1.640072506627838,1.9696413790046188
80,6,1.7142857142857142,1.3862943611198906,0.5743879636240073,"(1, 0, 0, 0, 1, 1, 1, 0, 0, 1, 0, 0, 1, 1, 0, 1, 0, 1, 1, 1, 0, 0, 0, 0, 1)",7,10,10,13,10.989333333333333,10.738666666666667,9.564,10.376,0.0,-0.15695932822012998,0.12618359340326749,-0.5743879636240073,1,1,1,1,3,3,6,-0.2506666666666657,-1.4253333333333327,-0.6133333333333333,-0.15695932822012998,0.12618359340326749,-0.5743879636240073,-0.1299059548839856,-2.1508591667170114,-0.05398974641976794
80,7,2.0,1.3862943611198906,0.2146666666666679,"(0, 1, 1, 1, 1, 0, 1, 1, 0, 1, 1, 1, 0, 1, 1, 1, 1, 1, 0, 1, 1, 1, 1, 0, 0)",10,11,9,10,13.228666666666667,12.472,13.114,13.014,0.0,0.03779962624653566,-0.4248530118712097,-0.3097597733569002,1,1,1,1,1,-1,0,-0.7566666666666677,-0.11466666666666647,-0.2146666666666679,0.03779962624653566,-0.4248530118712097,-0.3097597733569002,-1.101364141965397,0.4300095812534461,0.13182703758604117
90,0,0.0,1.3862943611198906,-0.8966666666666674,"(1, 0, 0, 0, 0, 1, 0, 0, 1, 1, 1, 0, 1, 0, 0, 0, 0, 0, 0, 0, 0, 1, 0, 0, 1)",6,7,9,10,7.637333333333333,8.534,10.590666666666667,11.426666666666666,0.0,-0.04029495609655148,1.3411011649473814,1.8578500896901606,1,1,1,1,1,3,4,0.8966666666666674,2.953333333333334,3.7893333333333326,-0.04029495609655148,1.3411011649473814,1.8578500896901606,1.2989046142223926,2.23502836384954,2.677604329260085
90,1,0.2857142857142857,1.3862943611198906,-2.3966666666666665,"(1, 0, 0, 0, 0, 0, 0, 1, 0, 1, 0, 0, 0, 0, 1, 0, 0, 1, 1, 0, 1, 0, 1, 1, 1)",6,11,9,14,8.028666666666666,10.523333333333333,10.829333333333333,10.425333333333333,0.0,0.7474591129744868,0.32343787771995053,-0.2529217045509847,1,1,1,1,5,3,8,2.4946666666666673,2.8006666666666664,2.3966666666666665,0.7474591129744868,0.32343787771995053,-0.2529217045509847,2.4221439793895483,3.4341683013206876,3.6731094183078654
90,2,0.5714285714285714,1.3862943611198906,0.6700114679999218,"(0, 0, 1, 1, 0, 0, 1, 0, 1, 0, 0, 0, 1, 1, 0, 0, 1, 0, 1, 1, 1, 0, 0, 1, 1)",8,11,13,16,10.527333333333333,9.646666666666667,11.526,11.302,0.0,-0.6700114679999218,0.017621341656901997,0.20535640469389366,1,1,1,1,3,5,8,-0.8806666666666665,0.9986666666666668,0.7746666666666666,-0.6700114679999218,0.017621341656901997,0.20535640469389366,-0.2920301140522984,1.3600176020640673,0.7892316059005429
90,3,0.8571428571428571,1.3862943611198906,-0.29999999999999893,"(1, 1, 1, 1, 1, 0, 0, 0, 1, 1, 0, 0, 0, 0, 1, 1, 0, 1, 0, 0, 0, 1, 1, 0, 0)",7,10,10,13,9.396,12.264666666666667,9.696,10.11,0.0,0.7164369258267594,-0.4611123110498341,0.6762960024369994,1,1,1,1,3,3,6,2.868666666666666,0.29999999999999893,0.7139999999999986,0.7164369258267594,-0.4611123110498341,0.6762960024369994,2.983623953560886,1.0551257049873117,0.05226883921326395
90,4,1.1428571428571428,1.3862943611198906,0.34355454922686735,"(0, 0, 1, 1, 1, 1, 1, 0, 0, 1, 0, 1, 0, 1, 1, 1, 0, 0, 1, 1, 1, 0, 1, 0, 0)",7,12,12,17,11.377333333333333,10.859333333333334,10.863333333333333,10.809333333333333,0.0,0.13403926144961445,-0.2641660921467352,-0.34355454922686735,1,1,1,1,5,5,10,-0.5179999999999989,-0.5139999999999993,-0.5679999999999996,0.13403926144961445,-0.2641660921467352,-0.34355454922686735,-0.903918351376377,-0.34634333767352643,-0.31114746278580524
90,5,1.4285714285714284,1.3862943611198906,-0.379999999999999,"(1, 0, 0, 0, 1, 1, 1, 0, 0, 1, 0, 0, 1, 0, 1, 1, 0, 1, 1, 1, 0, 0, 0, 0, 1)",7,10,12,15,9.291333333333334,10.461333333333334,11.887333333333334,9.671333333333333,0.0,-0.6487857610041087,0.02963589278660721,-0.029728312410682474,1,1,1,1,3,5,8,1.17,2.596,0.379999999999999,-0.6487857610041087,0.02963589278660721,-0.029728312410682474,2.521372444565145,3.5577360904104087,0.5680040490860966
90,6,1.7142857142857142,1.3862943611198906,0.7609215715480282,"(0, 1, 1, 1, 1, 1, 1, 0, 0, 1, 1, 1, 0, 0, 0, 1, 1, 1, 0, 1, 1, 1, 1, 0, 0)",8,9,11,12,11.802,10.922,11.783333333333333,10.333333333333334,0.0,-0.6759571304820582,0.4861580291740657,-0.7609215715480282,1,1,1,1,1,3,4,-0.879999999999999,-0.018666666666666387,-1.4686666666666657,-0.6759571304820582,0.4861580291740657,-0.7609215715480282,-0.28286347943944296,-0.6998356291980707,-0.9811430344732277
90,7,2.0,1.3862943611198906,-0.4618516680424309,"(0, 0, 0, 0, 1, 0, 0, 0, 1, 0, 0, 1, 0, 0, 0, 0, 0, 0, 0, 0, 1, 1, 0, 1, 0)",6,11,9,14,9.788666666666666,9.810666666666666,8.026666666666667,10.614666666666666,0.0,1.091475760321727,0.4618516680424309,1.1813076349222957,1,1,1,1,5,3,8,0.02200000000000024,-1.7619999999999987,0.8260000000000005,1.091475760321727,0.4618516680424309,1.1813076349222957,-1.4826082158884175,-3.082913027374283,-0.49256097075562255
100,0,0.0,1.3862943611198906,0.03354832353910098,"(1, 1, 0, 0, 0, 1, 0, 1, 1, 1, 0, 0, 0, 1, 1, 0, 0, 1, 1, 0, 1, 0, 1, 1, 1)",7,10,12,15,9.46,8.298,11.970666666666666,12.494666666666667,0.0,-0.03354832353910098,1.1042912815267463,0.8930816339747919,1,1,1,1,3,5,8,-1.1620000000000008,2.5106666666666655,3.0346666666666664,-0.03354832353910098,1.1042912815267463,0.8930816339747919,-1.5643661958740327,1.9496502660372843,2.9688672546795023
100,1,0.2857142857142857,1.3862943611198906,0.4819999999999993,"(0, 1, 0, 1, 0, 0, 1, 0, 1, 0, 0, 0, 1, 1, 0, 0, 1, 1, 1, 1, 1, 0, 1, 1, 1)",7,12,8,13,11.460666666666667,10.978666666666667,11.990666666666666,11.119333333333334,0.0,-0.8347648511836829,0.4647166763887456,0.7583646286152967,1,1,1,1,5,1,6,-0.4819999999999993,0.5299999999999994,-0.34133333333333304,-0.8347648511836829,0.4647166763887456,0.7583646286152967,0.48903592399723794,0.09050190339744611,-1.5245050835844214
100,2,0.5714285714285714,1.3862943611198906,-0.33015370373604086,"(1, 1, 0, 0, 0, 1, 1, 0, 1, 1, 1, 0, 1, 0, 0, 0, 0, 0, 0, 0, 0, 1, 0, 0, 1)",7,8,12,13,8.932,9.839333333333334,8.259333333333334,11.274666666666667,0.0,1.2413803905708243,0.33015370373604086,1.2630065826042947,1,1,1,1,1,5,6,0.9073333333333338,-0.6726666666666663,2.3426666666666662,1.2413803905708243,0.33015370373604086,1.2630065826042947,-0.46308755179702643,-1.390204224705433,1.4967266864618927
100,3,0.8571428571428571,1.3862943611198906,0.344632778174406,"(0, 0, 1, 1, 1, 1, 0, 0, 1, 1, 0, 1, 1, 0, 0, 1, 1, 0, 1, 1, 1, 0, 1, 0, 0)",8,11,11,14,11.914666666666667,11.312666666666667,11.274666666666667,10.970666666666666,0.0,-0.070793432041189,-0.344632778174406,-0.12741585505759706,1,1,1,1,3,3,6,-0.6020000000000003,-0.6400000000000006,-0.9440000000000008,-0.070793432041189,-0.344632778174406,-0.12741585505759706,-0.73640866975115,-0.4094659140764696,-1.1320259955135619
100,4,1.1428571428571428,1.3862943611198906,1.1192324540854834,"(1, 0, 0, 0, 0, 1, 1, 0, 0, 1, 0, 0, 1, 1, 1, 0, 0, 0, 1, 0, 0, 0, 0, 0, 0)",5,10,8,13,7.028,10.956666666666667,5.300666666666666,9.46,0.0,1.1431691367208203,-1.1192324540854834,1.3949509992415494,1,1,1,1,5,3,8,3.9286666666666674,-1.7273333333333332,2.4320000000000013,1.1431691367208203,-1.1192324540854834,1.3949509992415494,3.8615195186773112,-0.8430068198933416,1.437655181956459
100,5,1.4285714285714284,1.3862943611198906,0.7245390462039711,"(0, 1, 0, 1, 1, 1, 1, 1, 0, 1, 1, 1, 0, 0, 1, 0, 0, 1, 0, 0, 0, 0, 1, 0, 0)",7,12,10,15,11.142666666666667,10.811333333333334,8.708,9.36,0.0,0.04245141399162745,-0.7245390462039711,-0.4197699325471026,1,1,1,1,5,3,8,-0.33133333333333326,-2.4346666666666668,-1.7826666666666675,0.04245141399162745,-0.7245390462039711,-0.4197699325471026,-0.5181756874892162,-2.3707402770428114,-1.8893760572986675
100,6,1.7142857142857142,1.3862943611198906,1.0504106406912193,"(0, 0, 1, 0, 1, 1, 0, 1, 1, 1, 0, 1, 0, 0, 1, 0, 0, 0, 1, 1, 1, 1, 0, 0, 0)",8,9,9,10,11.567333333333334,10.59,9.936666666666667,9.492666666666667,0.0,-0.2547392904911213,-0.6098462927273184,-1.0504106406912193,1,1,1,1,1,1,2,-0.977333333333334,-1.6306666666666665,-2.0746666666666673,-0.2547392904911213,-0.6098462927273184,-1.0504106406912193,-1.0017280469709842,-1.415157528108416,-1.4199203531528317
100,7,2.0,1.3862943611198906,0.20224494401671333,"(1, 1, 1, 0, 0, 0, 0, 0, 1, 1, 0, 0, 1, 0, 1, 1, 0, 0, 0, 0, 1, 1, 1, 0, 1)",8,9,13,14,12.036,11.634666666666666,11.448,11.781333333333333,0.0,0.09131058858576349,-0.031145413313160102,-0.20224494401671333,1,1,1,1,1,5,6,-0.40133333333333354,-0.5879999999999992,-0.25466666666666704,0.09131058858576349,-0.031145413313160102,-0.20224494401671333,-0.6829494909964319,-0.7719643734877123,-0.07267193850982168
110,0,0.0,1.3862943611198906,0.18599999999999994,"(0, 1, 0, 1, 1, 0, 1, 0, 1, 0, 0, 1, 0, 0, 0, 0, 1, 1, 0, 1, 1, 0, 1, 1, 0)",8,11,11,14,10.437333333333333,10.251333333333333,10.198,9.882,0.0,-0.3133641386958111,0.10776128167105375,0.14469832475955763,1,1,1,1,3,3,6,-0.18599999999999994,-0.23933333333333273,-0.5553333333333335,-0.3133641386958111,0.10776128167105375,0.14469832475955763,0.17656418728289464,-0.48117530755566035,-0.9704499402195822
110,1,0.2857142857142857,1.3862943611198906,-0.20733333333333448,"(1, 1, 0, 0, 0, 1, 0, 0, 1, 1, 0, 1, 0, 0, 1, 0, 1, 1, 0, 1, 0, 1, 0, 0, 1)",7,10,10,13,10.748,10.955333333333334,11.618666666666666,11.318666666666667,0.0,-0.09728705760925722,0.8406797071244594,0.9243502734533843,1,1,1,1,3,3,6,0.20733333333333448,0.8706666666666667,0.5706666666666678,-0.09728705760925722,0.8406797071244594,0.9243502734533843,0.4222935302458514,0.041570752920492296,-0.49030958970896976
110,2,0.5714285714285714,1.3862943611198906,0.4673333333333325,"(0, 0, 0, 1, 1, 1, 0, 0, 1, 1, 0, 1, 1, 0, 0, 1, 1, 0, 1, 1, 1, 0, 0, 1, 1)",8,11,11,14,10.867333333333333,10.4,11.211333333333334,11.61,0.0,-0.535787367302159,0.6388044416040449,0.5860636427987732,1,1,1,1,3,3,6,-0.4673333333333325,0.3440000000000012,0.7426666666666666,-0.535787367302159,0.6388044416040449,0.5860636427987732,0.09489744128689367,-0.4086857350287839,0.2170978889223842
110,3,0.8571428571428571,1.3862943611198906,1.059344537685104,"(1, 0, 0, 0, 0, 1, 1, 0, 0, 1, 0, 0, 1, 1, 1, 1, 1, 0, 1, 0, 0, 0, 0, 0, 0)",6,9,9,12,10.704,10.693333333333333,7.772,10.142666666666667,0.0,0.4820607591734227,-1.059344537685104,0.16515386822141578,1,1,1,1,3,3,6,-0.010666666666667268,-2.9320000000000004,-0.5613333333333337,0.4820607591734227,-1.059344537685104,0.16515386822141578,-0.6830652520112358,-2.5960517077275025,-1.0071251109411186
110,4,1.1428571428571428,1.3862943611198906,1.5659581103210278,"(0, 1, 1, 1, 1, 1, 1, 0, 0, 1, 1, 1, 0, 0, 1, 0, 0, 0, 1, 0, 0, 0, 1, 0, 0)",7,12,12,17,10.438666666666666,10.608,6.223333333333334,7.4046666666666665,0.0,0.5936728585142542,-1.5659581103210278,-0.40747812254517385,1,1,1,1,5,5,10,0.16933333333333422,-4.215333333333333,-3.034,0.5936728585142542,-1.5659581103210278,-0.40747812254517385,-0.5882594909586012,-3.6728139321527107,-3.6411324680736534
110,5,1.4285714285714284,1.3862943611198906,1.4079821662360779,"(0, 0, 1, 0, 1, 1, 0, 1, 1, 1, 1, 1, 0, 0, 0, 0, 0, 0, 0, 1, 1, 1, 0, 1, 0)",8,9,9,10,10.049333333333333,10.160666666666666,7.368,7.512,0.0,0.08955461572834471,-1.1425530058936568,-1.4079821662360779,1,1,1,1,1,1,2,0.11133333333333262,-2.681333333333333,-2.5373333333333337,0.08955461572834471,-1.1425530058936568,-1.4079821662360779,0.03019171340821723,-2.1332024909318417,-1.565613154671093
110,6,1.7142857142857142,1.3862943611198906,-0.3292911205780116,"(1, 1, 0, 1, 1, 0, 0, 0, 0, 0, 1, 1, 1, 1, 1, 1, 0, 0, 1, 0, 0, 0, 1, 0, 0)",7,10,12,15,10.426666666666666,10.88,10.724666666666666,11.42,0.0,0.5940733435519107,0.3292911205780116,0.08767541670549363,1,1,1,1,3,5,8,0.4533333333333349,0.29800000000000004,0.9933333333333341,0.5940733435519107,0.3292911205780116,0.08767541670549363,-0.19510708254996734,-0.04337870401041996,1.2555084629247633
110,7,2.0,1.3862943611198906,0.43240061450397277,"(1, 1, 0, 0, 0, 1, 0, 0, 1, 1, 0, 0, 0, 0, 1, 0, 0, 1, 1, 0, 1, 0, 1, 1, 1)",7,10,12,15,11.118666666666666,9.61,9.937333333333333,9.588666666666667,0.0,-0.3833874072030452,-0.42577720811195613,-0.43240061450397277,1,1,1,1,3,5,8,-1.5086666666666666,-1.181333333333333,-1.5299999999999994,-0.3833874072030452,-0.42577720811195613,-0.43240061450397277,-1.5599682920795845,-1.0474231959039886,-1.5215958388817987
120,0,0.0,1.3862943611198906,-1.7233333333333345,"(1, 1, 0, 0, 0, 1, 0, 0, 1, 1, 0, 1, 0, 0, 1, 1, 0, 1, 0, 0, 0, 1, 0, 1, 1)",8,9,11,12,9.836666666666666,11.56,12.157333333333334,12.192,0.0,0.18576344439006556,1.0520125808418486,0.14971979100094876,1,1,1,1,1,3,4,1.7233333333333345,2.3206666666666678,2.355333333333334,0.18576344439006556,1.0520125808418486,0.14971979100094876,2.13152446686979,1.7587280053906567,3.0576296165450527
120,1,0.2857142857142857,1.3862943611198906,-1.177999999999999,"(1, 0, 0, 1, 1, 1, 0, 1, 0, 1, 0, 1, 1, 0, 0, 0, 1, 0, 0, 1, 1, 0, 1, 1, 1)",7,12,12,17,10.350666666666667,12.438,11.528666666666666,12.252,0.0,0.13579523430703208,-0.06093533880655803,-0.06238324625039596,1,1,1,1,5,5,10,2.0873333333333335,1.177999999999999,1.9013333333333335,0.13579523430703208,-0.06093533880655803,-0.06238324625039596,2.705406262190792,1.7175290739796913,2.722289221114563
120,2,0.5714285714285714,1.3862943611198906,-2.0533333333333337,"(1, 0, 0, 0, 0, 0, 0, 0, 0, 1, 0, 1, 1, 1, 1, 1, 0, 0, 1, 0, 0, 0, 0, 0, 0)",5,10,10,15,7.346666666666667,11.013333333333334,9.4,11.704,0.0,1.9441084054931754,1.2183987107175924,2.2667453131378132,1,1,1,1,5,5,10,3.666666666666667,2.0533333333333337,4.357333333333334,1.9441084054931754,1.2183987107175924,2.2667453131378132,2.3879728041652952,1.157465159235966,2.898170383821846
120,3,0.8571428571428571,1.3862943611198906,1.107587581452076,"(0, 0, 0, 1, 1, 1, 1, 0, 0, 1, 1, 1, 0, 0, 1, 0, 0, 1, 1, 0, 0, 0, 0, 0, 0)",5,10,10,15,7.645333333333333,10.567333333333334,5.889333333333333,7.148666666666666,0.0,0.8119063974958819,-1.107587581452076,-0.8709009241968735,1,1,1,1,5,5,10,2.9220000000000006,-1.7560000000000002,-0.49666666666666703,0.8119063974958819,-1.107587581452076,-0.8709009241968735,2.9252108625866153,-0.8988904795130979,0.5187988409520141
120,4,1.1428571428571428,1.3862943611198906,0.22516501078722873,"(0, 1, 0, 1, 0, 0, 0, 1, 1, 1, 0, 0, 0, 0, 0, 0, 1, 1, 0, 1, 1, 0, 1, 1, 1)",8,13,13,18,9.902666666666667,8.884666666666666,11.398,11.578666666666667,0.0,-0.22516501078722873,0.43175367713545093,0.7609215715480298,1,1,1,1,5,5,10,-1.0180000000000007,1.495333333333333,1.6760000000000002,-0.22516501078722873,0.43175367713545093,0.7609215715480298,-1.099102674844215,1.4744344799889557,1.2685680653454179
120,5,1.4285714285714284,1.3862943611198906,0.9687424995505801,"(1, 1, 0, 1, 1, 0, 0, 0, 0, 1, 0, 0, 1, 1, 0, 0, 1, 0, 1, 1, 0, 0, 1, 0, 1)",8,11,11,14,11.825333333333333,10.804666666666666,11.496,10.162,0.0,-0.38132336893204366,-0.12082325520693694,-0.9687424995505801,1,1,1,1,3,3,6,-1.020666666666667,-0.3293333333333326,-1.6633333333333322,-0.38132336893204366,-0.12082325520693694,-0.9687424995505801,-0.8863180084693038,-0.2890563455432901,-0.9629073561585925
120,6,1.7142857142857142,1.3862943611198906,0.7971192576439371,"(1, 1, 0, 0, 0, 1, 1, 0, 1, 1, 0, 1, 1, 0, 1, 0, 0, 0, 1, 0, 1, 0, 1, 1, 1)",8,13,9,14,10.936,9.992666666666667,8.509333333333334,8.806,0.0,0.04584013354103125,-0.7971192576439371,-0.18924458356354495,1,1,1,1,5,1,6,-0.9433333333333334,-2.426666666666666,-2.130000000000001,0.04584013354103125,-0.7971192576439371,-0.18924458356354495,-1.3712855992973445,-2.2590323843057365,-2.6904582901187437
120,7,2.0,1.3862943611198906,0.7201337107897451,"(0, 0, 1, 0, 1, 1, 0, 0, 1, 0, 1, 1, 0, 0, 1, 0, 0, 0, 0, 0, 0, 1, 0, 1, 1)",8,11,11,14,9.866,10.636666666666667,10.256666666666666,8.552,0.0,-0.1396152454354519,-0.5353868822645014,-0.7201337107897451,1,1,1,1,3,3,6,0.770666666666667,0.3906666666666663,-1.314,-0.1396152454354519,-0.5353868822645014,-0.7201337107897451,1.2619186817765993,1.2837828129783404,-0.8232734879913706
130,0,0.0,1.3862943611198906,-0.8826666666666672,"(1, 0, 0, 0, 1, 1, 1, 0, 1, 1, 0, 1, 1, 1, 1, 0, 1, 1, 0, 1, 0, 1, 0, 1, 1)",8,13,9,14,10.676666666666666,12.12,11.808666666666667,11.559333333333333,0.0,0.2503647616182528,-0.39472421442287053,-0.5290099282033489,1,1,1,1,5,1,6,1.4433333333333334,1.1320000000000014,0.8826666666666672,0.2503647616182528,-0.39472421442287053,-0.5290099282033489,1.653805603961866,2.1164891694396224,1.9569993031932316
130,1,0.2857142857142857,1.3862943611198906,1.3573978253258803,"(1, 0, 1, 1, 0, 1, 0, 0, 1, 0, 0, 1, 1, 0, 1, 0, 1, 0, 1, 0, 0, 0, 0, 0, 0)",7,12,10,15,10.12,8.972,9.422,6.751333333333333,0.0,-0.07313472918441319,0.26595287154551167,-1.3573978253258803,1,1,1,1,5,3,8,-1.1479999999999997,-0.6979999999999986,-3.368666666666666,-0.07313472918441319,0.26595287154551167,-1.3573978253258803,-1.4900796638952518,-1.3363224302088672,-2.788210653446867
130,2,0.5714285714285714,1.3862943611198906,1.376066589388961,"(0, 0, 0, 0, 1, 1, 1, 0, 0, 1, 1, 1, 0, 0, 1, 0, 0, 1, 1, 0, 0, 0, 1, 0, 0)",6,11,9,14,8.248666666666667,10.776,6.828,9.396,0.0,0.7040218896593967,-1.376066589388961,-0.3184164114785598,1,1,1,1,5,3,8,2.527333333333333,-1.4206666666666665,1.147333333333334,0.7040218896593967,-1.376066589388961,-0.3184164114785598,2.5276463729305445,-0.06182883563559455,2.0319606060456468
130,3,0.8571428571428571,1.3862943611198906,-0.3248857851637859,"(0, 0, 0, 1, 0, 0, 0, 1, 0, 0, 0, 0, 0, 0, 0, 0, 1, 0, 0, 1, 1, 0, 1, 1, 1)",6,9,9,12,7.134666666666667,10.192666666666666,6.658,9.994666666666667,0.0,1.4210749463133205,0.3248857851637859,1.2597718957616817,1,1,1,1,3,3,6,3.057999999999999,-0.47666666666666657,2.8600000000000003,1.4210749463133205,0.3248857851637859,1.2597718957616817,2.2692599715017163,-1.1111876441143789,2.2183871974111535
130,4,1.1428571428571428,1.3862943611198906,1.687305076731055,"(1, 1, 1, 0, 1, 0, 1, 0, 0, 1, 0, 0, 0, 1, 0, 0, 1, 1, 1, 0, 0, 1, 1, 0, 0)",7,10,8,11,10.642666666666667,8.736,10.737333333333334,8.125333333333334,0.0,-1.0049709921878462,0.3659509047942926,-1.687305076731055,1,1,1,1,3,1,4,-1.9066666666666663,0.0946666666666669,-2.517333333333333,-1.0049709921878462,0.3659509047942926,-1.687305076731055,-1.2500156289761846,-0.37607980957703313,-1.150663491697912
130,5,1.4285714285714284,1.3862943611198906,0.7416982897404999,"(1, 1, 0, 0, 0, 1, 1, 0, 1, 1, 0, 1, 0, 0, 1, 0, 0, 1, 1, 0, 1, 0, 1, 1, 1)",8,11,13,16,11.735333333333333,9.435333333333332,11.114,10.190666666666667,0.0,-0.1544639983701141,-0.7934532792223088,-0.7416982897404999,1,1,1,1,3,5,8,-2.3000000000000007,-0.6213333333333324,-1.5446666666666662,-0.1544639983701141,-0.7934532792223088,-0.7416982897404999,-2.9743444606392284,0.23860891042214866,-1.1131505330903353
130,6,1.7142857142857142,1.3862943611198906,0.41933333333333245,"(0, 0, 1, 0, 1, 1, 0, 0, 1, 0, 0, 1, 0, 0, 0, 0, 0, 0, 0, 0, 0, 1, 0, 1, 1)",7,10,10,13,9.203333333333333,9.214666666666666,7.758,8.784,0.0,0.5877580025734755,0.012630681956869462,-0.8800196604389063,1,1,1,1,3,3,6,0.011333333333332973,-1.4453333333333331,-0.41933333333333245,0.5877580025734755,0.012630681956869462,-0.8800196604389063,-0.7990942685780077,-2.021167293112522,0.6386468575114905
130,7,2.0,1.3862943611198906,-0.0671582601609197,"(1, 0, 0, 1, 1, 0, 0, 1, 0, 1, 0, 1, 1, 0, 0, 0, 1, 0, 0, 0, 1, 1, 0, 0, 0)",6,11,11,16,9.0,10.244666666666667,9.319333333333333,8.55,0.0,0.21835676514706262,0.25794317079237505,0.0671582601609197,1,1,1,1,5,5,10,1.2446666666666673,0.3193333333333328,-0.4499999999999993,0.21835676514706262,0.25794317079237505,0.0671582601609197,1.4227676292381382,0.08510483615876326,-0.7169335798676554
140,0,0.0,1.3862943611198906,-0.9879999999999995,"(1, 0, 1, 1, 0, 1, 0, 1, 0, 0, 0, 1, 1, 0, 1, 0, 1, 0, 1, 0, 0, 0, 0, 0, 0)",6,11,9,14,8.959333333333333,11.372,10.254666666666667,9.947333333333333,0.0,0.7451794289139797,-0.03582800759960907,-0.21832595860570395,1,1,1,1,5,3,8,2.4126666666666665,1.2953333333333337,0.9879999999999995,0.7451794289139797,-0.03582800759960907,-0.21832595860570395,2.311628154935932,1.8453814606761307,1.6723228740876335
140,1,0.2857142857142857,1.3862943611198906,0.5930259211457307,"(1, 1, 0, 0, 0, 1, 1, 0, 1, 1, 1, 1, 0, 0, 1, 0, 0, 1, 1, 0, 0, 0, 1, 0, 0)",7,12,10,15,10.827333333333334,10.549333333333333,10.921333333333333,8.851333333333333,0.0,-0.12479729904214788,0.07107069091341373,-0.5930259211457307,1,1,1,1,5,3,8,-0.27800000000000047,0.09399999999999942,-1.9760000000000009,-0.12479729904214788,0.07107069091341373,-0.5930259211457307,-0.21238404044620793,0.03178677189110881,-1.9172091670906497
140,2,0.5714285714285714,1.3862943611198906,0.1359800735551824,"(0, 0, 0, 1, 1, 0, 0, 1, 1, 0, 0, 1, 0, 1, 1, 0, 1, 0, 0, 1, 0, 0, 0, 0, 1)",5,10,10,15,8.664,8.038666666666666,10.142,10.099333333333334,0.0,-0.1359800735551824,1.2054599633471397,0.7668056209474499,1,1,1,1,5,5,10,-0.6253333333333337,1.4779999999999998,1.4353333333333342,-0.1359800735551824,1.2054599633471397,0.7668056209474499,-0.6783876646260882,0.3778207159912682,0.9267761979329315
140,3,0.8571428571428571,1.3862943611198906,-0.6106666666666669,"(1, 1, 0, 1, 0, 0, 1, 0, 0, 1, 1, 0, 0, 1, 1, 1, 0, 1, 1, 1, 0, 0, 0, 0, 0)",8,9,11,12,10.118,10.728666666666667,11.385333333333334,11.056,0.0,0.222053550110048,0.403565691792679,0.32747353463787643,1,1,1,1,1,3,4,0.6106666666666669,1.2673333333333332,0.9379999999999988,0.222053550110048,0.403565691792679,0.32747353463787643,0.5387321721396676,1.197436210785636,0.8463693962459685
140,4,1.1428571428571428,1.3862943611198906,0.05258676609848126,"(1, 0, 1, 0, 1, 1, 1, 0, 1, 1, 0, 1, 1, 1, 1, 0, 1, 1, 0, 1, 1, 0, 1, 1, 1)",9,12,12,15,12.453333333333333,12.078,12.508666666666667,11.973333333333333,0.0,0.0026801690981655244,0.14931930596329068,-0.05258676609848126,1,1,1,1,3,3,6,-0.37533333333333374,0.055333333333333456,-0.4800000000000004,0.0026801690981655244,0.14931930596329068,-0.05258676609848126,-0.5240379868479675,-0.13029222388127806,-0.5925205560256929
140,5,1.4285714285714284,1.3862943611198906,-0.09078687738267373,"(0, 0, 1, 1, 0, 1, 1, 0, 1, 0, 0, 0, 0, 0, 0, 0, 0, 0, 1, 1, 0, 1, 0, 1, 1)",6,9,9,12,9.22,8.902,8.155333333333333,9.446666666666667,0.0,0.7957329632828171,0.09078687738267373,0.8346416250182477,1,1,1,1,3,3,6,-0.3180000000000014,-1.0646666666666675,0.22666666666666657,0.7957329632828171,0.09078687738267373,0.8346416250182477,-1.5439617267923176,-1.6017987326515948,-0.8428322564648972
140,6,1.7142857142857142,1.3862943611198906,0.7398498972590067,"(1, 0, 0, 1, 1, 0, 1, 1, 1, 1, 1, 0, 1, 0, 1, 1, 0, 1, 0, 0, 1, 1, 0, 0, 0)",7,10,10,13,11.478,10.485333333333333,11.802,10.490666666666666,0.0,-0.7398498972590067,-0.3824015978795816,-0.0034811391734793145,1,1,1,1,3,3,6,-0.9926666666666666,0.32399999999999984,-0.9873333333333338,-0.7398498972590067,-0.3824015978795816,-0.0034811391734793145,-0.3504784618263865,0.9792805518265442,-1.363908748939238
140,7,2.0,1.3862943611198906,1.2367286028257332,"(1, 1, 0, 0, 0, 1, 1, 0, 1, 1, 0, 1, 0, 0, 0, 1, 0, 1, 0, 1, 0, 0, 1, 1, 0)",7,12,8,13,11.015333333333333,9.969333333333333,9.363333333333333,10.149333333333333,0.0,-0.08179136730607385,-1.2367286028257332,-0.6339062015280883,1,1,1,1,5,1,6,-1.0459999999999994,-1.6519999999999992,-0.8659999999999997,-0.08179136730607385,-1.2367286028257332,-0.6339062015280883,-1.3366769904467088,-0.5756883962370636,-0.321750324072507
150,0,0.0,1.3862943611198906,-2.4353333333333333,"(1, 0, 1, 1, 0, 1, 1, 0, 0, 0, 0, 1, 0, 0, 1, 0, 0, 0, 1, 0, 0, 0, 0, 0, 0)",5,10,8,13,6.915333333333334,9.818666666666667,9.350666666666667,9.654666666666667,0.0,1.3485255414147117,1.1250856969435452,1.1183698709274534,1,1,1,1,5,3,8,2.9033333333333333,2.4353333333333333,2.7393333333333336,1.3485255414147117,1.1250856969435452,1.1183698709274534,2.155421274562053,1.816388909997828,2.2471325075146455
150,1,0.2857142857142857,1.3862943611198906,0.4304289958570458,"(1, 0, 1, 1, 0, 1, 0, 1, 1, 1, 0, 1, 0, 1, 1, 0, 1, 0, 0, 1, 1, 0, 1, 1, 1)",8,13,13,18,12.21,12.187333333333333,11.095333333333333,10.675333333333333,0.0,-0.0856729915172088,-0.4304289958570458,-0.16613967754488052,1,1,1,1,5,5,10,-0.022666666666667723,-1.1146666666666682,-1.5346666666666682,-0.0856729915172088,-0.4304289958570458,-0.16613967754488052,0.08734531285519312,-0.9485548247091876,-1.8971812480599162
150,2,0.5714285714285714,1.3862943611198906,0.6361858855885959,"(0, 1, 1, 0, 1, 0, 1, 1, 0, 1, 0, 0, 1, 1, 0, 1, 0, 1, 1, 1, 0, 0, 0, 0, 0)",6,11,5,10,8.503333333333334,10.124,6.714666666666667,9.716666666666667,0.0,0.5216779713600947,-0.6361858855885959,0.756362203427013,1,1,1,1,5,-1,4,1.6206666666666667,-1.7886666666666668,1.213333333333333,0.5216779713600947,-0.6361858855885959,0.756362203427013,1.5235218312380063,-1.5976776081075768,0.6334965005837163
150,3,0.8571428571428571,1.3862943611198906,0.47642316210486957,"(1, 0, 0, 0, 1, 0, 1, 0, 1, 0, 0, 1, 1, 1, 1, 0, 1, 1, 1, 0, 1, 0, 0, 1, 1)",8,13,13,18,11.255333333333333,11.872666666666667,10.354666666666667,10.5,0.0,-0.2790148450813969,-0.47642316210486957,-0.4500219561608749,1,1,1,1,5,5,10,0.6173333333333346,-0.9006666666666661,-0.7553333333333327,-0.2790148450813969,-0.47642316210486957,-0.4500219561608749,1.242602425336428,-0.5881263781157591,-0.42325144055992636
150,4,1.1428571428571428,1.3862943611198906,0.7792206571148115,"(0, 0, 0, 0, 0, 1, 1, 0, 1, 0, 1, 1, 1, 0, 0, 0, 0, 1, 1, 0, 0, 1, 1, 0, 0)",6,11,11,16,8.996,7.218666666666667,11.104666666666667,10.063333333333333,0.0,-0.7792206571148115,0.8720099596857699,0.6203513233304714,1,1,1,1,5,5,10,-1.7773333333333339,2.1086666666666662,1.0673333333333321,-0.7792206571148115,0.8720099596857699,0.6203513233304714,-1.3836779748040207,1.7143702195287096,0.6196486399890004
150,5,1.4285714285714284,1.3862943611198906,0.14866666666666717,"(1, 0, 0, 1, 1, 0, 1, 1, 1, 0, 0, 0, 1, 0, 1, 1, 0, 1, 0, 0, 1, 1, 1, 0, 1)",8,13,11,16,11.424666666666667,12.351333333333333,11.382,11.276,0.0,-0.20708157100995328,0.06617245083745571,-0.2906289111734464,1,1,1,1,5,3,8,0.9266666666666659,-0.0426666666666673,-0.14866666666666717,-0.20708157100995328,0.06617245083745571,-0.2906289111734464,1.5717087888207104,-0.1508830548652309,0.19680145905167123
150,6,1.7142857142857142,1.3862943611198906,0.47097040428446413,"(0, 1, 0, 0, 1, 1, 1, 0, 1, 0, 0, 1, 0, 0, 1, 1, 0, 1, 0, 1, 0, 0, 1, 1, 0)",9,12,12,15,10.824,8.827333333333334,10.755333333333333,10.458666666666666,0.0,-0.47097040428446413,-0.08114442993755118,-0.527993312338528,1,1,1,1,3,3,6,-1.9966666666666661,-0.0686666666666671,-0.36533333333333395,-0.47097040428446413,-0.08114442993755118,-0.527993312338528,-2.11506412532214,0.017297852861815486,0.22549461167478027
150,7,2.0,1.3862943611198906,0.807655094788448,"(0, 1, 1, 0, 0, 1, 1, 0, 1, 1, 1, 1, 1, 1, 1, 0, 0, 1, 1, 0, 1, 0, 0, 0, 0)",8,11,13,16,11.792,11.796,11.725333333333333,10.28,0.0,-0.04423819339040408,-0.4315072248045845,-0.807655094788448,1,1,1,1,3,5,8,0.0039999999999995595,-0.06666666666666643,-1.5120000000000005,-0.04423819339040408,-0.4315072248045845,-0.807655094788448,0.06687233548772734,0.5057764084544294,-0.976429370378299
160,0,0.0,1.3862943611198906,0.6402215425065233,"(1, 0, 1, 1, 0, 0, 1, 0, 1, 0, 0, 1, 0, 1, 1, 1, 0, 0, 0, 1, 1, 0, 1, 1, 1)",7,12,10,15,10.726,10.054666666666666,11.308,9.892666666666667,0.0,-0.379998687653641,-0.1896758751425589,-0.6402215425065233,1,1,1,1,5,3,8,-0.6713333333333349,0.581999999999999,-0.8333333333333339,-0.379998687653641,-0.1896758751425589,-0.6402215425065233,-0.40387557650462097,1.0697699143223847,-0.2677097866889714
160,1,0.2857142857142857,1.3862943611198906,0.444815650671336,"(0, 0, 0, 0, 1, 0, 1, 1, 0, 1, 0, 0, 1, 1, 0, 1, 0, 1, 1, 1, 0, 0, 1, 0, 1)",7,12,10,15,10.980666666666666,10.268666666666666,10.312,10.162,0.0,-0.444815650671336,0.0740589254251605,0.28794874207528126,1,1,1,1,5,3,8,-0.7119999999999997,-0.6686666666666667,-0.8186666666666653,-0.444815650671336,0.0740589254251605,0.28794874207528126,-0.37039615685381355,-1.029636300176332,-1.5340947010673436
160,2,0.5714285714285714,1.3862943611198906,0.399345195626602,"(1, 0, 0, 0, 0, 0, 0, 0, 1, 1, 0, 0, 1, 1, 1, 0, 1, 1, 1, 1, 1, 0, 0, 0, 1)",7,12,12,17,10.846,8.465333333333334,10.820666666666666,10.125333333333334,0.0,-0.399345195626602,0.2372411749996501,0.018976829476662613,1,1,1,1,5,5,10,-2.3806666666666665,-0.025333333333334096,-0.7206666666666663,-0.399345195626602,0.2372411749996501,0.018976829476662613,-2.7466947828686084,-0.36400556027584374,-1.0253636079424984
160,3,0.8571428571428571,1.3862943611198906,1.3739101314938866,"(1, 0, 1, 1, 0, 1, 0, 1, 1, 0, 0, 1, 0, 1, 0, 0, 0, 0, 1, 1, 0, 0, 0, 1, 1)",7,12,10,15,10.672666666666666,8.004,11.263333333333334,8.913333333333334,0.0,-1.047021921141817,0.29580441012162667,-1.3739101314938866,1,1,1,1,5,3,8,-2.6686666666666667,0.5906666666666673,-1.7593333333333323,-1.047021921141817,0.29580441012162667,-1.3739101314938866,-2.248076966460799,0.40876588355547644,-0.5343100113547969
160,4,1.1428571428571428,1.3862943611198906,-0.21003899898034262,"(0, 0, 0, 1, 1, 0, 1, 1, 1, 0, 1, 1, 0, 0, 1, 0, 0, 1, 0, 0, 0, 1, 1, 0, 1)",7,10,12,15,10.588666666666667,10.789333333333333,12.054,11.409333333333333,0.0,0.21003899898034262,0.2023373636407877,0.3315399980971613,1,1,1,1,3,5,8,0.20066666666666677,1.4653333333333336,0.820666666666666,0.21003899898034262,0.2023373636407877,0.3315399980971613,-0.012992811436990563,1.7508841909019246,0.678073542511262
160,5,1.4285714285714284,1.3862943611198906,-0.3379999999999992,"(1, 1, 0, 0, 0, 1, 1, 0, 1, 0, 0, 1, 0, 1, 1, 1, 0, 0, 1, 1, 0, 0, 0, 1, 0)",7,10,12,15,10.118,10.456,11.032,12.047333333333333,0.0,0.04319077098422398,0.9948048335396337,0.13095860731379189,1,1,1,1,3,5,8,0.3379999999999992,0.9139999999999997,1.9293333333333322,0.04319077098422398,0.9948048335396337,0.13095860731379189,0.40869237179067164,-0.11201928508722597,2.493076741861417
160,6,1.7142857142857142,1.3862943611198906,0.8303595157694564,"(1, 1, 1, 0, 0, 1, 1, 0, 1, 1, 1, 1, 1, 1, 1, 1, 0, 0, 1, 0, 0, 0, 1, 1, 0)",8,13,9,14,10.662666666666667,11.658,9.653333333333334,10.368666666666666,0.0,-0.09294333527774958,-0.8303595157694564,-0.3706951121634589,1,1,1,1,5,1,6,0.995333333333333,-1.0093333333333323,-0.2940000000000005,-0.09294333527774958,-0.8303595157694564,-0.3706951121634589,1.5086718090338835,-0.24811039407690114,0.10632200151765994
160,7,2.0,1.3862943611198906,1.8807085433779598,"(0, 0, 0, 0, 0, 1, 1, 0, 0, 0, 1, 1, 1, 1, 0, 0, 0, 1, 1, 0, 0, 1, 1, 0, 0)",5,10,10,15,8.226666666666667,10.254666666666667,5.798,7.136,0.0,0.39500147329509283,-1.8807085433779598,-0.7078727073291752,1,1,1,1,5,5,10,2.0280000000000005,-2.4286666666666665,-1.0906666666666665,0.39500147329509283,-1.8807085433779598,-0.7078727073291752,2.2638166492881027,-0.759631256444972,-0.5306651073003208
170,0,0.0,1.3862943611198906,-0.5860000000000003,"(0, 0, 1, 0, 0, 0, 1, 1, 0, 1, 0, 0, 0, 0, 0, 1, 1, 1, 1, 1, 0, 1, 0, 1, 1)",7,10,10,13,11.112,11.183333333333334,11.698,11.744,0.0,0.7005715570272755,0.37691803351781966,0.7172070893607154,1,1,1,1,3,3,6,0.07133333333333347,0.5860000000000003,0.6319999999999997,0.7005715570272755,0.37691803351781966,0.7172070893607154,-0.8723094013080082,0.289849151146105,-0.11812210750819886
170,1,0.2857142857142857,1.3862943611198906,0.5346666666666664,"(1, 0, 0, 0, 0, 0, 1, 0, 1, 0, 1, 0, 1, 1, 0, 0, 1, 1, 1, 1, 1, 0, 0, 0, 1)",8,11,13,16,10.135333333333334,11.011333333333333,11.017333333333333,9.600666666666667,0.0,0.27387015267457404,-0.17103791762083664,-0.5685963338486629,1,1,1,1,3,5,8,0.8759999999999994,0.8819999999999997,-0.5346666666666664,0.27387015267457404,-0.17103791762083664,-0.5685963338486629,0.8347292120092179,1.4598205272431974,0.047036506289076394
170,2,0.5714285714285714,1.3862943611198906,-0.10466666666666669,"(1, 0, 1, 1, 0, 0, 1, 1, 0, 1, 1, 1, 0, 1, 0, 1, 0, 0, 1, 1, 0, 0, 0, 1, 1)",8,13,9,14,11.005333333333333,11.450666666666667,11.11,11.268666666666666,0.0,0.5802720130234282,-0.13323829137430016,0.3171225367415155,1,1,1,1,5,1,6,0.445333333333334,0.10466666666666669,0.26333333333333364,0.5802720130234282,-0.13323829137430016,0.3171225367415155,-0.1870647307513407,0.3298063018146565,-0.07456766937389335
170,3,0.8571428571428571,1.3862943611198906,-1.1219999999999999,"(0, 0, 0, 0, 1, 1, 1, 0, 1, 0, 0, 1, 0, 1, 1, 1, 1, 0, 0, 0, 1, 1, 0, 0, 1)",7,8,12,13,9.127333333333333,10.249333333333333,10.327333333333334,11.506,0.0,0.6309179670163403,0.13111264002058393,0.9275849602959982,1,1,1,1,1,5,6,1.1219999999999999,1.200000000000001,2.3786666666666676,0.6309179670163403,0.13111264002058393,0.9275849602959982,0.6807842531725394,1.4817925198117925,2.011626387065888
170,4,1.1428571428571428,1.3862943611198906,-0.16376757386029572,"(0, 1, 0, 0, 0, 0, 1, 0, 1, 1, 0, 1, 0, 1, 1, 1, 0, 0, 1, 1, 1, 1, 0, 0, 0)",6,11,11,16,8.852,9.729333333333333,8.145333333333333,10.156666666666666,0.0,0.6251879503237122,0.16376757386029572,0.9885202991025559,1,1,1,1,5,5,10,0.8773333333333326,-0.706666666666667,1.304666666666666,0.6251879503237122,0.16376757386029572,0.9885202991025559,0.34954772264865186,-1.206678079368203,0.43827192664266207
170,5,1.4285714285714284,1.3862943611198906,0.38332579412032886,"(1, 1, 1, 1, 0, 1, 1, 0, 1, 1, 1, 0, 0, 0, 0, 0, 0, 0, 1, 0, 1, 0, 1, 0, 0)",7,12,10,15,9.994,11.502,9.392,10.850666666666667,0.0,0.6848602209345835,-0.38332579412032886,0.44835840292752976,1,1,1,1,5,3,8,1.508000000000001,-0.6020000000000003,0.8566666666666674,0.6848602209345835,-0.38332579412032886,0.44835840292752976,1.1411140341318606,-0.30314681853335856,0.5660354436202195
170,6,1.7142857142857142,1.3862943611198906,-0.842666666666668,"(1, 0, 0, 0, 1, 1, 1, 1, 0, 0, 1, 1, 0, 0, 1, 0, 0, 1, 0, 0, 0, 0, 1, 1, 1)",7,10,8,11,8.682666666666666,11.517333333333333,10.782,9.525333333333334,0.0,0.6050404722754366,0.8591328253980328,0.4532874495448449,1,1,1,1,3,1,4,2.834666666666667,2.099333333333334,0.842666666666668,0.6050404722754366,0.8591328253980328,0.4532874495448449,3.090918220689764,1.719282970808732,0.5397942130332609
170,7,2.0,1.3862943611198906,0.9673562051894596,"(0, 0, 1, 1, 1, 1, 1, 1, 1, 0, 1, 1, 0, 0, 0, 0, 0, 0, 1, 0, 1, 1, 0, 0, 0)",7,10,10,13,10.726666666666667,11.306666666666667,7.728666666666666,11.018,0.0,0.17556647920049456,-0.9673562051894596,-0.21253432883035786,1,1,1,1,3,3,6,0.5800000000000001,-2.998,0.2913333333333341,0.17556647920049456,-0.9673562051894596,-0.21253432883035786,0.5606639093322184,-2.8150700421889483,0.6985088988081882
180,0,0.0,1.3862943611198906,-0.14204896220275096,"(1, 0, 0, 0, 0, 1, 0, 0, 1, 1, 1, 0, 1, 0, 0, 0, 1, 1, 1, 1, 1, 0, 0, 0, 1)",7,10,10,13,11.662666666666667,10.177333333333333,11.312,11.843333333333334,0.0,0.14204896220275096,0.7189630622181337,0.37109559720111523,1,1,1,1,3,3,6,-1.4853333333333332,-0.3506666666666671,0.1806666666666672,0.14204896220275096,0.7189630622181337,0.37109559720111523,-2.2560308996880165,-1.482821661639197,-0.2639905525939967
180,1,0.2857142857142857,1.3862943611198906,0.3425995464447625,"(1, 0, 1, 1, 0, 0, 0, 0, 0, 1, 1, 0, 0, 1, 0, 1, 1, 0, 0, 1, 0, 0, 0, 1, 0)",8,11,11,14,11.065333333333333,10.136666666666667,11.989333333333333,10.453333333333333,0.0,-0.3425995464447625,0.43280109954162965,-0.14291154536078216,1,1,1,1,3,3,6,-0.9286666666666665,0.9239999999999995,-0.6120000000000001,-0.3425995464447625,0.43280109954162965,-0.14291154536078216,-0.8124615440013987,0.6809462658937285,-0.6502946795327914
180,2,0.5714285714285714,1.3862943611198906,0.6815639210092542,"(0, 0, 1, 0, 1, 1, 1, 1, 1, 0, 1, 1, 0, 1, 0, 1, 0, 1, 1, 0, 1, 0, 0, 0, 1)",7,12,10,15,11.165333333333333,12.06,9.224,10.437333333333333,0.0,0.3265801449384871,-0.6815639210092542,-0.263365122071421,1,1,1,1,5,3,8,0.8946666666666676,-1.9413333333333327,-0.7279999999999998,0.3265801449384871,-0.6815639210092542,-0.263365122071421,0.7875351416999888,-1.7464112326161882,-0.6441207112520174
180,3,0.8571428571428571,1.3862943611198906,1.2151332173336218,"(0, 0, 0, 0, 0, 0, 1, 0, 0, 0, 0, 1, 0, 1, 1, 0, 0, 0, 1, 0, 1, 0, 0, 0, 0)",5,10,10,15,7.09,9.873333333333333,5.67,7.282666666666667,0.0,1.573813778367374,-1.2151332173336218,0.2249801715390789,1,1,1,1,5,5,10,2.783333333333333,-1.42,0.19266666666666676,1.573813778367374,-1.2151332173336218,0.2249801715390789,1.6767501387135488,-0.2840056655911742,-0.04479602959264505
180,4,1.1428571428571428,1.3862943611198906,0.10466666666666669,"(0, 0, 0, 1, 0, 0, 1, 0, 1, 0, 0, 0, 0, 0, 1, 0, 0, 1, 1, 1, 0, 1, 1, 0, 1)",7,12,12,17,9.994666666666667,9.89,11.205333333333334,10.903333333333334,0.0,-0.5661318105400057,0.4965398336117866,0.25624881101767233,1,1,1,1,5,5,10,-0.10466666666666669,1.2106666666666666,0.908666666666667,-0.5661318105400057,0.4965398336117866,0.25624881101767233,0.6397265268049889,0.9899900017883856,0.9044431943801319
180,5,1.4285714285714284,1.3862943611198906,0.24666666666666615,"(1, 0, 0, 0, 1, 0, 1, 1, 0, 0, 0, 1, 0, 0, 1, 1, 1, 0, 0, 1, 0, 0, 1, 1, 1)",7,12,12,17,10.685333333333332,10.438666666666666,10.904,10.106,0.0,-0.5082155127865513,0.6704735661202951,0.4862196422567827,1,1,1,1,5,5,10,-0.24666666666666615,0.21866666666666745,-0.5793333333333326,-0.5082155127865513,0.6704735661202951,0.4862196422567827,0.3625836905334108,-0.6263373570276254,-1.477170081535097
180,6,1.7142857142857142,1.3862943611198906,1.5029279267021114,"(0, 0, 1, 1, 1, 1, 1, 1, 1, 0, 1, 1, 0, 0, 0, 0, 0, 0, 0, 0, 1, 1, 0, 0, 1)",6,9,7,10,10.376666666666667,11.484666666666667,6.376,7.986666666666666,0.0,0.8059299284723886,-1.5029279267021114,-1.0184334507613884,1,1,1,1,3,1,4,1.1080000000000005,-4.000666666666667,-2.3900000000000006,0.8059299284723886,-1.5029279267021114,-1.0184334507613884,0.4187580368218104,-3.462601130763564,-1.901394973110155
180,7,2.0,1.3862943611198906,0.9703444397012075,"(1, 1, 1, 1, 0, 1, 1, 0, 1, 1, 1, 0, 0, 1, 0, 1, 1, 0, 0, 0, 0, 1, 1, 0, 0)",8,7,13,12,10.872666666666667,8.884,11.703333333333333,9.944,0.0,-0.9703444397012075,-0.35661652276275274,-0.9425569393960931,1,1,1,1,-1,5,4,-1.988666666666667,0.8306666666666658,-0.9286666666666665,-0.9703444397012075,-0.35661652276275274,-0.9425569393960931,-1.411694361045266,1.6459239905584417,0.019256006759221424
190,0,0.0,1.3862943611198906,-0.8440000000000012,"(1, 0, 1, 1, 0, 1, 1, 1, 1, 1, 1, 0, 0, 1, 0, 1, 1, 0, 0, 1, 1, 1, 0, 1, 0)",9,14,14,19,11.342666666666666,12.282666666666668,12.447333333333333,12.186666666666667,0.0,0.2999632932049865,-0.050060629707106855,-0.0038816242111357584,1,1,1,1,5,5,10,0.9400000000000013,1.1046666666666667,0.8440000000000012,0.2999632932049865,-0.050060629707106855,-0.0038816242111357584,0.8872792775396737,1.600791939594179,1.1754135145410733
190,1,0.2857142857142857,1.3862943611198906,0.412653621493354,"(0, 0, 0, 1, 0, 0, 1, 1, 1, 0, 0, 1, 0, 1, 0, 1, 0, 1, 1, 0, 1, 1, 0, 0, 1)",8,11,11,14,11.618,11.305333333333333,11.576,9.789333333333333,0.0,0.27685838718632166,-0.1350558773144362,-0.412653621493354,1,1,1,1,3,3,6,-0.31266666666666687,-0.041999999999999815,-1.8286666666666669,0.27685838718632166,-0.1350558773144362,-0.412653621493354,-0.8172552578952978,0.12900283799006748,-1.9630108997959685
190,2,0.5714285714285714,1.3862943611198906,-1.564,"(1, 0, 0, 0, 0, 1, 0, 0, 0, 0, 1, 0, 1, 1, 1, 0, 1, 1, 0, 1, 1, 0, 0, 1, 1)",6,11,11,16,9.113333333333333,11.506666666666666,10.677333333333333,11.934666666666667,0.0,0.3165988255384243,0.6102775843063345,0.8547274899838083,1,1,1,1,5,5,10,2.3933333333333326,1.564,2.8213333333333335,0.3165988255384243,0.6102775843063345,0.8547274899838083,2.878965337699173,1.3221400069497689,2.726294591180874
190,3,0.8571428571428571,1.3862943611198906,0.6625562849912329,"(0, 0, 1, 1, 0, 0, 1, 0, 1, 0, 0, 0, 1, 1, 1, 0, 0, 0, 1, 1, 0, 1, 1, 1, 0)",7,12,12,17,8.747333333333334,7.642,10.755333333333333,9.488,0.0,-0.6625562849912329,0.22451807341870597,0.35242683313803363,1,1,1,1,5,5,10,-1.1053333333333333,2.007999999999999,0.7406666666666659,-0.6625562849912329,0.22451807341870597,0.35242683313803363,-0.613819325349963,2.4724309379788854,0.538214691982868
190,4,1.1428571428571428,1.3862943611198906,-0.19533333333333225,"(1, 0, 0, 1, 0, 0, 1, 1, 0, 1, 0, 1, 0, 0, 1, 1, 1, 0, 0, 1, 1, 1, 1, 0, 1)",8,11,11,14,11.567333333333334,10.953333333333333,11.762666666666666,12.114666666666666,0.0,0.3067407323037946,-0.1983325132642184,-0.00548356436176375,1,1,1,1,3,3,6,-0.6140000000000008,0.19533333333333225,0.5473333333333326,0.3067407323037946,-0.1983325132642184,-0.00548356436176375,-1.2764176852461502,0.5457367433036724,0.7663669480065035
190,5,1.4285714285714284,1.3862943611198906,1.580098312804452,"(0, 0, 1, 1, 1, 1, 1, 1, 1, 0, 1, 1, 0, 0, 0, 0, 0, 0, 1, 1, 1, 1, 0, 0, 1)",7,10,8,11,11.462666666666667,11.63,8.394,9.57,0.0,0.18255956408881122,-0.9737639657919697,-1.580098312804452,1,1,1,1,3,1,4,0.16733333333333356,-3.068666666666667,-1.892666666666667,0.18255956408881122,-0.9737639657919697,-1.580098312804452,-0.02110803783742893,-2.9041518013174215,-0.4333117464237153
190,6,1.7142857142857142,1.3862943611198906,-0.10533333333333239,"(1, 0, 0, 0, 0, 1, 1, 0, 1, 1, 1, 0, 0, 0, 0, 1, 1, 0, 1, 0, 0, 1, 1, 1, 0)",7,8,10,11,10.728666666666667,10.834,10.586,11.25,0.0,-0.4452777487917092,0.22051322304213644,-0.512559235118061,1,1,1,1,1,3,4,0.10533333333333239,-0.14266666666666694,0.5213333333333328,-0.4452777487917092,0.22051322304213644,-0.512559235118061,0.7633090383200661,-0.5034742331754579,1.4332794376479276
190,7,2.0,1.3862943611198906,0.8627063841955873,"(0, 0, 0, 0, 0, 0, 0, 0, 0, 0, 0, 0, 0, 1, 1, 0, 0, 0, 1, 0, 1, 0, 0, 0, 0)",4,9,9,14,5.546666666666667,8.59,4.167333333333334,7.0473333333333334,0.0,1.4963661333928107,-0.8627063841955873,1.9820928709878605,1,1,1,1,5,5,10,3.043333333333333,-1.3793333333333333,1.5006666666666666,1.4963661333928107,-0.8627063841955873,1.9820928709878605,2.1445519061149723,-0.7161970263922298,-0.6673984323458234
200,0,0.0,1.3862943611198906,-0.10665224618215723,"(0, 0, 1, 0, 0, 0, 1, 0, 1, 0, 0, 1, 0, 1, 1, 1, 0, 1, 1, 0, 1, 1, 0, 0, 1)",8,13,13,18,10.905333333333333,11.888666666666667,9.802666666666667,11.176,0.0,0.6970596113124397,0.10665224618215723,0.5791013644518158,1,1,1,1,5,5,10,0.9833333333333343,-1.102666666666666,0.27066666666666706,0.6970596113124397,0.10665224618215723,0.5791013644518158,0.3968596465743693,-1.67647198967796,-0.4275812823132693
200,1,0.2857142857142857,1.3862943611198906,-0.10119948836175288,"(1, 0, 1, 1, 0, 1, 1, 1, 1, 1, 1, 0, 0, 1, 0, 0, 1, 1, 0, 0, 1, 1, 0, 1, 1)",9,12,12,15,12.596666666666666,12.108666666666666,12.3,12.934,0.0,0.26798610327515443,0.10119948836175288,-0.18120407626904847,1,1,1,1,3,3,6,-0.48799999999999955,-0.2966666666666651,0.3373333333333335,0.26798610327515443,0.10119948836175288,-0.18120407626904847,-1.0480192720553452,-0.551559607196348,0.7188454869614971
200,2,0.5714285714285714,1.3862943611198906,0.38104611005982003,"(0, 0, 1, 1, 0, 0, 1, 0, 1, 0, 0, 0, 1, 1, 1, 0, 1, 1, 1, 1, 0, 0, 1, 0, 0)",7,12,10,15,7.8773333333333335,10.485333333333333,5.556,10.977333333333334,0.0,1.072806996258646,-0.38104611005982003,1.3222475616361518,1,1,1,1,5,3,8,2.6079999999999997,-2.3213333333333335,3.1000000000000005,1.072806996258646,-0.38104611005982003,1.3222475616361518,2.1282294043173455,-2.689809236577042,2.4644881807709393
200,3,0.8571428571428571,1.3862943611198906,0.3484219827614657,"(1, 0, 0, 1, 0, 0, 1, 1, 1, 1, 0, 1, 0, 1, 1, 0, 1, 1, 0, 0, 1, 1, 0, 1, 0)",8,13,13,18,8.937333333333333,10.723333333333333,8.514,10.920666666666667,0.0,1.4498482559418981,-0.3484219827614657,1.6459010851456088,1,1,1,1,5,5,10,1.7859999999999996,-0.4233333333333338,1.9833333333333343,1.4498482559418981,-0.3484219827614657,1.6459010851456088,0.4660052672683627,-0.10384918288165604,0.4677804229226512
200,4,1.1428571428571428,1.3862943611198906,1.1940615430445987,"(1, 0, 1, 1, 1, 0, 1, 1, 1, 0, 0, 1, 0, 0, 0, 0, 0, 0, 1, 1, 0, 1, 0, 0, 1)",7,10,8,11,11.796,10.479333333333333,8.576,9.232,0.0,0.10769966858833709,-1.1940615430445987,-0.6466601096503921,1,1,1,1,3,1,4,-1.3166666666666664,-3.219999999999999,-2.564,0.10769966858833709,-1.1940615430445987,-0.6466601096503921,-1.9745910187330151,-2.8085470588532035,-2.657997478341891
200,5,1.4285714285714284,1.3862943611198906,0.1503051152867545,"(1, 0, 1, 0, 0, 1, 0, 0, 1, 1, 1, 0, 1, 0, 0, 1, 1, 1, 1, 0, 0, 1, 1, 1, 0)",7,12,10,15,11.084666666666667,12.036666666666667,10.704,12.562666666666667,0.0,0.40066987690500694,-0.1503051152867545,0.38418837727835875,1,1,1,1,5,3,8,0.952,-0.3806666666666665,1.4779999999999998,0.40066987690500694,-0.1503051152867545,0.38418837727835875,0.7643058407621239,-0.31934891969680196,1.516344884706408
200,6,1.7142857142857142,1.3862943611198906,0.8824225706648475,"(1, 0, 0, 0, 0, 1, 0, 0, 1, 1, 0, 0, 1, 0, 0, 0, 1, 1, 1, 1, 1, 0, 0, 1, 1)",7,10,10,13,10.456666666666667,11.12,7.8373333333333335,10.264666666666667,0.0,0.2400445702632481,-0.8824225706648475,-0.16727951957513415,1,1,1,1,3,3,6,0.6633333333333322,-2.6193333333333335,-0.19200000000000017,0.2400445702632481,-0.8824225706648475,-0.16727951957513415,0.586802825369471,-2.4078695960557708,-0.0342698626171664
200,7,2.0,1.3862943611198906,2.916640109630816,"(0, 0, 0, 0, 0, 0, 0, 0, 0, 0, 0, 0, 1, 1, 1, 0, 0, 1, 1, 0, 1, 0, 0, 0, 0)",5,10,10,15,6.806666666666667,10.380666666666666,3.058666666666667,6.328,0.0,1.4749863936902043,-2.916640109630816,0.1467007499478424,1,1,1,1,5,5,10,3.574,-3.7479999999999998,-0.47866666666666635,1.4749863936902043,-2.916640109630816,0.1467007499478424,2.9098507263411957,-1.1525095280800497,-0.8669433232808069
210,0,0.0,1.3862943611198906,0.509971485643971,"(1, 0, 0, 1, 1, 1, 1, 1, 1, 1, 1, 0, 0, 1, 0, 0, 1, 1, 1, 0, 0, 0, 1, 1, 1)",9,14,10,15,12.500666666666667,11.268666666666666,12.437333333333333,11.367333333333333,0.0,-0.509971485643971,0.2762730629005153,-0.22886179575021492,1,1,1,1,5,1,6,-1.232000000000001,-0.06333333333333435,-1.1333333333333346,-0.509971485643971,0.2762730629005153,-0.22886179575021492,-1.0009440580195366,-0.470794432099233,-1.253863792344916
210,1,0.2857142857142857,1.3862943611198906,0.4551358420263384,"(0, 0, 1, 1, 0, 0, 1, 1, 0, 0, 0, 1, 1, 0, 1, 1, 0, 1, 1, 0, 1, 1, 0, 1, 1)",8,11,13,16,11.315333333333333,11.124,10.367333333333333,10.478666666666667,0.0,0.4979569345142658,0.07304230956033973,-0.4551358420263384,1,1,1,1,3,5,8,-0.1913333333333327,-0.9480000000000004,-0.836666666666666,0.4979569345142658,0.07304230956033973,-0.4551358420263384,-0.9555592114919448,-1.4154651962083291,-0.5289140307923079
210,2,0.5714285714285714,1.3862943611198906,-0.12199999999999989,"(1, 1, 0, 1, 1, 0, 0, 0, 1, 0, 0, 0, 0, 0, 1, 1, 1, 1, 0, 0, 1, 1, 0, 1, 0)",7,12,12,17,10.048666666666668,10.173333333333334,10.170666666666667,10.860666666666667,0.0,0.17263985777146373,-0.7797751748592588,-0.15449480491147177,1,1,1,1,5,5,10,0.12466666666666626,0.12199999999999989,0.8119999999999994,0.17263985777146373,-0.7797751748592588,-0.15449480491147177,-0.06650496431350764,1.2501258399052937,1.3398462981004413
210,3,0.8571428571428571,1.3862943611198906,1.3414400369023225,"(1, 0, 1, 0, 1, 0, 1, 1, 1, 1, 0, 1, 0, 0, 1, 0, 0, 0, 1, 1, 0, 0, 1, 1, 1)",7,12,12,17,11.154,8.622666666666667,11.250666666666667,9.609333333333334,0.0,-1.3414400369023225,0.18810474153329002,-0.7146809529693413,1,1,1,1,5,5,10,-2.5313333333333325,0.09666666666666757,-1.5446666666666662,-1.3414400369023225,0.18810474153329002,-0.7146809529693413,-1.6495423671766676,-0.12676008757925708,-1.1506045147086694
210,4,1.1428571428571428,1.3862943611198906,1.4239999999999995,"(1, 0, 1, 0, 0, 1, 0, 0, 1, 1, 1, 0, 0, 0, 0, 1, 1, 0, 1, 1, 0, 1, 1, 1, 1)",7,12,10,15,10.2,12.422,8.776,11.431333333333333,0.0,1.0131039191064164,-1.9303070749646927,0.4377301461589447,1,1,1,1,5,3,8,2.2220000000000013,-1.4239999999999995,1.2313333333333336,1.0131039191064164,-1.9303070749646927,0.4377301461589447,1.6758858201227118,0.7018906430186599,1.1001676233466284
210,5,1.4285714285714284,1.3862943611198906,-0.15000000000000036,"(1, 1, 1, 0, 0, 1, 0, 0, 1, 0, 0, 1, 0, 1, 1, 0, 1, 1, 1, 1, 1, 1, 0, 1, 1)",8,11,11,14,12.152666666666667,13.351333333333333,12.302666666666667,12.545333333333334,0.0,0.00517549894818134,-0.3421990614071053,0.29734473718953724,1,1,1,1,3,3,6,1.198666666666666,0.15000000000000036,0.39266666666666694,0.00517549894818134,-0.3421990614071053,0.29734473718953724,1.654530075854529,0.6823327833771734,0.1321442533252128
210,6,1.7142857142857142,1.3862943611198906,2.916640109630816,"(0, 0, 0, 0, 0, 0, 0, 0, 0, 0, 0, 0, 1, 1, 1, 0, 0, 1, 1, 0, 1, 0, 0, 0, 0)",5,10,10,15,6.806666666666667,10.380666666666666,3.058666666666667,6.328,0.0,1.4749863936902043,-2.916640109630816,0.1467007499478424,1,1,1,1,5,5,10,3.574,-3.7479999999999998,-0.47866666666666635,1.4749863936902043,-2.916640109630816,0.1467007499478424,2.9098507263411957,-1.1525095280800497,-0.8669433232808069
210,7,2.0,1.3862943611198906,1.7994100807336182,"(0, 0, 1, 1, 0, 0, 0, 0, 1, 0, 0, 1, 1, 1, 1, 0, 1, 1, 1, 1, 0, 0, 1, 0, 0)",6,11,9,14,7.726,9.930666666666667,5.104666666666667,11.300666666666666,0.0,1.473630905870443,-1.7994100807336182,0.9828210889512854,1,1,1,1,5,3,8,2.204666666666667,-2.6213333333333333,3.5746666666666664,1.473630905870443,-1.7994100807336182,0.9828210889512854,1.0134307529687947,-1.1394275703523045,3.593060909280358
220,0,0.0,1.3862943611198906,-0.36533333333333395,"(0, 0, 1, 0, 1, 0, 1, 0, 0, 0, 0, 1, 0, 0, 1, 1, 0, 1, 1, 0, 0, 1, 0, 0, 1)",7,12,12,17,9.402666666666667,10.238,10.182666666666666,9.768,0.0,0.5150853715094343,0.10147674723397548,0.21376659048468757,1,1,1,1,5,5,10,0.8353333333333328,0.7799999999999994,0.36533333333333395,0.5150853715094343,0.10147674723397548,0.21376659048468757,0.44395794363660845,0.9406329591982651,0.21011612094438697
220,1,0.2857142857142857,1.3862943611198906,2.03039752783755,"(0, 0, 0, 1, 1, 0, 0, 0, 0, 1, 0, 0, 1, 1, 1, 1, 1, 1, 1, 1, 1, 1, 1, 0, 0)",7,12,12,17,10.594,10.500666666666667,8.899333333333333,8.146,0.0,0.12683053077179074,-1.9335417618073065,-2.03039752783755,1,1,1,1,5,5,10,-0.09333333333333194,-1.6946666666666665,-2.4479999999999986,0.12683053077179074,-1.9335417618073065,-2.03039752783755,-0.30521192333129743,0.3311511974054466,-0.5789199523485288
220,2,0.5714285714285714,1.3862943611198906,0.15132173115157585,"(1, 0, 1, 0, 1, 0, 1, 1, 1, 1, 0, 1, 0, 1, 0, 0, 0, 0, 1, 1, 0, 0, 1, 1, 1)",7,12,10,15,11.660666666666666,12.041333333333334,9.913333333333334,11.448,0.0,-0.0008317766166718016,-0.15132173115157585,-0.04198931587125441,1,1,1,1,5,3,8,0.38066666666666826,-1.7473333333333319,-0.21266666666666545,-0.0008317766166718016,-0.15132173115157585,-0.04198931587125441,0.5288691406997107,-2.2125418843864906,-0.2366090489785598
220,3,0.8571428571428571,1.3862943611198906,0.7246666666666659,"(1, 0, 1, 0, 1, 1, 0, 0, 1, 1, 0, 1, 0, 1, 0, 0, 1, 1, 1, 0, 1, 0, 1, 1, 0)",8,13,13,18,10.293333333333333,9.068666666666667,9.798,9.568666666666667,0.0,-0.37676400081102823,-0.5583685621177333,-0.7302074498138834,1,1,1,1,5,5,10,-1.224666666666666,-0.49533333333333296,-0.7246666666666659,-0.37676400081102823,-0.5583685621177333,-0.7302074498138834,-1.1754426844541932,0.08738538221571646,0.007681156433175754
220,4,1.1428571428571428,1.3862943611198906,0.5392993130169952,"(1, 0, 1, 1, 1, 1, 0, 0, 1, 0, 0, 1, 0, 1, 0, 0, 1, 1, 1, 1, 0, 0, 0, 1, 1)",8,11,13,16,10.842666666666666,10.699333333333334,10.36,8.581333333333333,0.0,-0.39515550600188615,-0.06481696301769395,-0.5392993130169952,1,1,1,1,3,5,8,-0.14333333333333265,-0.4826666666666668,-2.261333333333333,-0.39515550600188615,-0.06481696301769395,-0.5392993130169952,0.3490996579753751,-0.5792626879641884,-2.3872460520211543
220,5,1.4285714285714284,1.3862943611198906,2.0335706015974466,"(0, 0, 1, 1, 0, 0, 0, 0, 0, 0, 0, 0, 1, 0, 1, 0, 0, 1, 0, 0, 1, 0, 0, 0, 0)",5,10,10,15,7.324,9.534,5.213333333333333,8.724,0.0,0.9095015205187232,-2.0335706015974466,-0.11543211046924964,1,1,1,1,5,5,10,2.210000000000001,-2.110666666666667,1.4000000000000004,0.9095015205187232,-2.0335706015974466,-0.11543211046924964,1.8028737087498867,-0.10687784026999225,2.1008349894035363
220,6,1.7142857142857142,1.3862943611198906,1.7994100807336182,"(0, 0, 1, 1, 0, 0, 0, 0, 1, 0, 0, 1, 1, 1, 1, 0, 1, 1, 1, 1, 0, 0, 1, 0, 0)",6,11,9,14,7.726,9.930666666666667,5.104666666666667,11.300666666666666,0.0,1.473630905870443,-1.7994100807336182,0.9828210889512854,1,1,1,1,5,3,8,2.204666666666667,-2.6213333333333333,3.5746666666666664,1.473630905870443,-1.7994100807336182,0.9828210889512854,1.0134307529687947,-1.1394275703523045,3.593060909280358
220,7,2.0,1.3862943611198906,1.4345990179695798,"(1, 1, 1, 0, 0, 1, 0, 0, 1, 1, 1, 0, 0, 0, 0, 1, 1, 0, 1, 1, 1, 1, 1, 1, 1)",8,11,13,16,11.57,10.789333333333333,9.514,8.446666666666667,0.0,0.05357257542194361,-1.4345990179695798,-1.1894713683822244,1,1,1,1,3,5,8,-0.7806666666666668,-2.056000000000001,-3.123333333333333,0.05357257542194361,-1.4345990179695798,-1.1894713683822244,-1.156501157132372,-0.8614446773831353,-2.6809019371959533
230,0,0.0,1.3862943611198906,0.22679775747921424,"(0, 1, 0, 0, 1, 1, 0, 0, 0, 0, 0, 0, 1, 1, 1, 1, 1, 1, 1, 1, 1, 1, 1, 0, 0)",9,12,10,13,12.336666666666666,11.334666666666667,12.088,10.927333333333333,0.0,-0.0957467305413469,0.38295611562403026,-0.22679775747921424,1,1,1,1,3,1,4,-1.001999999999999,-0.2486666666666668,-1.4093333333333327,-0.0957467305413469,0.38295611562403026,-0.22679775747921424,-1.2563337971969941,-0.8756151014444495,-1.639342400630227
230,1,0.2857142857142857,1.3862943611198906,0.12266666666666737,"(1, 0, 1, 0, 1, 0, 1, 1, 1, 0, 0, 1, 1, 0, 1, 1, 0, 0, 0, 0, 1, 0, 0, 0, 1)",8,13,11,16,10.738666666666667,11.865333333333334,10.616,10.383333333333333,0.0,0.6356313678441491,-0.8634457411881845,0.33169403080395266,1,1,1,1,5,3,8,1.126666666666667,-0.12266666666666737,-0.35533333333333417,0.6356313678441491,-0.8634457411881845,0.33169403080395266,0.680719465868477,1.0269378538447904,-0.9524221608385824
230,2,0.5714285714285714,1.3862943611198906,0.33055418877369847,"(1, 0, 1, 0, 0, 1, 0, 0, 0, 1, 0, 1, 0, 1, 1, 0, 1, 1, 1, 1, 1, 0, 1, 1, 0)",8,13,13,18,12.348,11.082,12.152,11.309333333333333,0.0,0.39946842179203595,-0.06404679948373858,-0.33055418877369847,1,1,1,1,5,5,10,-1.266,-0.1960000000000015,-1.0386666666666677,0.39946842179203595,-0.06404679948373858,-0.33055418877369847,-2.308829481753543,-0.1829259778074175,-0.9816523351416565
230,3,0.8571428571428571,1.3862943611198906,0.7875076167401726,"(1, 0, 1, 1, 1, 1, 0, 0, 1, 0, 0, 0, 1, 1, 0, 0, 1, 1, 0, 0, 1, 1, 0, 1, 1)",8,11,9,12,11.485333333333333,11.37,10.41,8.614666666666666,0.0,0.0531412838429303,-0.6451197825824808,-0.7875076167401726,1,1,1,1,3,1,4,-0.11533333333333395,-1.075333333333333,-2.8706666666666667,0.0531412838429303,-0.6451197825824808,-0.7875076167401726,-0.2335554117832874,-0.5964026194832723,-2.8878716442289676
230,4,1.1428571428571428,1.3862943611198906,0.5376973728663682,"(0, 1, 1, 1, 0, 1, 0, 0, 0, 0, 0, 0, 1, 1, 1, 0, 0, 1, 1, 0, 1, 0, 0, 0, 0)",7,10,12,15,9.326666666666666,8.16,10.516666666666667,9.676,0.0,-0.5376973728663682,0.7212735528199994,0.7751541936555267,1,1,1,1,3,5,8,-1.166666666666666,1.1900000000000013,0.34933333333333394,-0.5376973728663682,0.7212735528199994,0.7751541936555267,-0.8719365853129127,0.6497928306333969,-0.5903130575118765
230,5,1.4285714285714284,1.3862943611198906,-0.16466666666666718,"(1, 1, 1, 0, 1, 0, 1, 1, 0, 0, 0, 1, 0, 1, 0, 0, 0, 0, 0, 1, 1, 1, 0, 0, 1)",7,10,12,15,10.1,11.658,10.264666666666667,11.082666666666666,0.0,0.4226041343520593,-0.36900075238875657,0.5481099838454464,1,1,1,1,3,5,8,1.5579999999999998,0.16466666666666718,0.9826666666666668,0.4226041343520593,-0.36900075238875657,0.5481099838454464,1.5739928861865768,0.7398201337499397,0.6024234789820226
230,6,1.7142857142857142,1.3862943611198906,0.5973333333333333,"(1, 1, 1, 0, 0, 1, 0, 0, 0, 0, 1, 0, 0, 0, 0, 1, 1, 0, 1, 1, 1, 1, 1, 0, 0)",6,9,11,14,9.508,9.892,8.910666666666666,9.790666666666667,0.0,0.8042047621563267,-1.044711430539949,-0.10643660039264992,1,1,1,1,3,5,8,0.38400000000000034,-0.5973333333333333,0.2826666666666675,0.8042047621563267,-1.044711430539949,-0.10643660039264992,-0.5825274922930401,0.6201977334460776,0.5394116650176586
230,7,2.0,1.3862943611198906,2.976189154076256,"(0, 0, 1, 0, 0, 0, 0, 0, 0, 0, 0, 1, 1, 1, 1, 0, 1, 1, 1, 1, 0, 0, 1, 0, 0)",5,10,10,15,7.518666666666666,10.465333333333334,2.796666666666667,8.831333333333333,0.0,1.6689751846229157,-2.976189154076256,1.0272749281311981,1,1,1,1,5,5,10,2.946666666666667,-4.7219999999999995,1.3126666666666669,1.6689751846229157,-2.976189154076256,1.0272749281311981,1.7712564968081685,-2.4202077312860317,0.3956369578419225
240,0,0.0,1.3862943611198906,-0.5486666666666657,"(0, 0, 1, 0, 1, 1, 1, 1, 1, 0, 0, 0, 0, 1, 0, 1, 0, 1, 0, 0, 1, 0, 1, 1, 0)",7,10,10,13,9.791333333333334,11.917333333333334,10.34,11.772666666666666,0.0,0.5844000895654288,-0.3595739507331417,0.5803644326475029,1,1,1,1,3,3,6,2.1259999999999994,0.5486666666666657,1.9813333333333318,0.5844000895654288,-0.3595739507331417,0.5803644326475029,2.1371112629383737,1.259088846441401,1.9421552871250964
240,1,0.2857142857142857,1.3862943611198906,0.22666666666666657,"(1, 0, 1, 0, 0, 0, 1, 1, 0, 1, 0, 1, 0, 1, 1, 1, 1, 1, 1, 1, 1, 0, 1, 1, 0)",8,13,11,16,12.095333333333333,12.265333333333333,12.082666666666666,11.868666666666666,0.0,0.3529813508824828,-0.28640841500736924,-0.23107986672800634,1,1,1,1,5,3,8,0.16999999999999993,-0.01266666666666616,-0.22666666666666657,0.3529813508824828,-0.28640841500736924,-0.23107986672800634,-0.2536660149184861,0.37948664212781685,0.006117994359529282
240,2,0.5714285714285714,1.3862943611198906,-0.6045167610723473,"(1, 0, 1, 1, 1, 0, 0, 0, 1, 0, 1, 0, 0, 1, 0, 0, 0, 0, 0, 0, 1, 0, 0, 1, 1)",6,11,11,16,9.528,9.45,11.336,12.049333333333333,0.0,0.6045167610723473,1.4049015121002553,1.4790528571494896,1,1,1,1,5,5,10,-0.07800000000000118,1.8079999999999998,2.5213333333333328,0.6045167610723473,1.4049015121002553,1.4790528571494896,-0.9461691372444083,0.5588131607513703,1.444907546839016
240,3,0.8571428571428571,1.3862943611198906,0.3259332075699652,"(0, 1, 0, 0, 1, 0, 0, 0, 0, 0, 1, 0, 0, 0, 1, 1, 1, 1, 1, 1, 1, 1, 1, 0, 0)",7,10,12,15,10.658,11.041333333333334,8.988666666666667,11.33,0.0,0.7087044839458465,-0.3259332075699652,0.8905554975834185,1,1,1,1,3,5,8,0.38333333333333464,-1.6693333333333324,0.6720000000000006,0.7087044839458465,-0.3259332075699652,0.8905554975834185,-0.45106019136521586,-1.8623480190735078,-0.30298225389164407
240,4,1.1428571428571428,1.3862943611198906,1.0763189419734829,"(1, 1, 1, 0, 0, 1, 0, 1, 0, 0, 0, 1, 1, 0, 1, 0, 0, 0, 0, 0, 1, 1, 0, 0, 0)",6,11,9,14,8.248666666666667,9.832666666666666,6.334,8.065333333333333,0.0,0.6550394888998283,-1.0763189419734829,-0.42858060337555404,1,1,1,1,5,3,8,1.5839999999999996,-1.9146666666666672,-0.18333333333333357,0.6550394888998283,-1.0763189419734829,-0.42858060337555404,1.287812718241219,-1.1621967233998518,0.3399849075395773
240,5,1.4285714285714284,1.3862943611198906,0.8168046375718401,"(1, 0, 1, 0, 1, 1, 0, 0, 0, 0, 0, 0, 0, 0, 0, 0, 1, 0, 1, 1, 1, 0, 1, 0, 1)",6,9,9,12,8.586,11.583333333333334,7.255333333333334,10.865333333333334,0.0,1.2492976716998874,-0.8168046375718401,0.5993720686655245,1,1,1,1,3,3,6,2.9973333333333336,-1.3306666666666667,2.2793333333333337,1.2492976716998874,-0.8168046375718401,0.5993720686655245,2.4232919807589237,-0.7123640333277832,2.328920828108824
240,6,1.7142857142857142,1.3862943611198906,2.3001396039701216,"(0, 0, 0, 0, 0, 1, 1, 0, 1, 1, 0, 0, 1, 1, 1, 0, 0, 1, 1, 0, 1, 0, 0, 0, 0)",7,10,12,15,9.406666666666666,11.123333333333333,5.443333333333333,8.728,0.0,-0.17162324190664272,-2.3001396039701216,-1.3134676973490593,1,1,1,1,3,5,8,1.7166666666666668,-3.963333333333333,-0.6786666666666665,-0.17162324190664272,-2.3001396039701216,-1.3134676973490593,2.617725652414773,-2.305676088466181,0.8800210892680957
240,7,2.0,1.3862943611198906,3.8037452745821136,"(0, 0, 0, 0, 0, 0, 0, 0, 0, 0, 1, 1, 1, 1, 1, 1, 1, 1, 1, 1, 0, 0, 0, 0, 0)",5,10,10,15,7.354666666666667,11.168666666666667,0.428,6.714666666666667,0.0,2.191577352223755,-3.8037452745821136,0.1626277318300421,1,1,1,1,5,5,10,3.814,-6.926666666666667,-0.6399999999999997,2.191577352223755,-3.8037452745821136,0.1626277318300421,2.2491553679654106,-4.329288316067495,-1.1126782987144346
250,0,0.0,1.3862943611198906,-1.4240000000000013,"(1, 0, 1, 0, 0, 0, 1, 1, 0, 1, 0, 0, 1, 1, 1, 1, 0, 0, 1, 1, 1, 0, 1, 1, 0)",7,12,12,17,9.883333333333333,12.004666666666667,11.307333333333334,11.526666666666667,0.0,-0.15671287588926366,0.3697401093813543,-0.31610592087669265,1,1,1,1,5,5,10,2.121333333333334,1.4240000000000013,1.6433333333333344,-0.15671287588926366,0.3697401093813543,-0.31610592087669265,3.1580426142158298,1.4615145415195028,2.716359589068324
250,1,0.2857142857142857,1.3862943611198906,-0.9386666666666663,"(0, 1, 1, 0, 1, 1, 0, 0, 0, 0, 0, 0, 1, 0, 0, 1, 0, 1, 0, 1, 0, 0, 1, 1, 0)",6,11,9,14,8.782666666666668,9.721333333333334,11.472666666666667,10.585333333333333,0.0,-0.49684789902536897,0.867635430812902,0.9659699108283404,1,1,1,1,5,3,8,0.9386666666666663,2.6899999999999995,1.8026666666666653,-0.49684789902536897,0.867635430812902,0.9659699108283404,1.9900457477243374,2.526333726168752,1.1599079945859758
250,2,0.5714285714285714,1.3862943611198906,-0.0394631794798791,"(1, 0, 1, 1, 1, 0, 0, 1, 1, 0, 1, 0, 1, 1, 0, 0, 1, 0, 0, 0, 1, 0, 1, 1, 1)",8,11,13,16,7.647333333333333,8.034,7.028666666666667,9.198,0.0,0.12307213272608866,0.0394631794798791,1.3114036590780591,1,1,1,1,3,5,8,0.3866666666666676,-0.618666666666666,1.5506666666666673,0.12307213272608866,0.0394631794798791,1.3114036590780591,0.36541961602385026,-0.9123616945976567,0.3316889582446731
250,3,0.8571428571428571,1.3862943611198906,0.9245659192428904,"(1, 1, 1, 1, 0, 0, 0, 0, 1, 0, 0, 0, 0, 0, 1, 0, 0, 0, 1, 1, 1, 1, 0, 0, 0)",6,11,11,16,9.854666666666667,10.164666666666667,7.0906666666666665,8.571333333333333,0.0,0.4529177710485473,-0.6864005480024955,-0.9245659192428904,1,1,1,1,5,5,10,0.3100000000000005,-2.7640000000000002,-1.2833333333333332,0.4529177710485473,-0.6864005480024955,-0.9245659192428904,-0.198126100108424,-2.880164404969915,-0.4973572431071456
250,4,1.1428571428571428,1.3862943611198906,-0.9939999999999998,"(1, 0, 1, 0, 1, 1, 0, 0, 0, 1, 1, 0, 0, 0, 1, 1, 0, 0, 1, 1, 1, 1, 1, 0, 1)",7,10,10,13,9.268,10.262,10.638666666666667,12.406666666666666,0.0,0.34044308854968713,0.06678858166462119,0.9524766457134408,1,1,1,1,3,3,6,0.9939999999999998,1.3706666666666667,3.1386666666666656,0.34044308854968713,0.06678858166462119,0.9524766457134408,0.9060222610145,1.807558836826137,3.030702898384031
250,5,1.4285714285714284,1.3862943611198906,2.3001396039701216,"(0, 0, 0, 0, 0, 1, 1, 0, 1, 1, 0, 0, 1, 1, 1, 0, 0, 1, 1, 0, 1, 0, 0, 0, 0)",7,10,12,15,9.406666666666666,11.123333333333333,5.443333333333333,8.728,0.0,-0.17162324190664272,-2.3001396039701216,-1.3134676973490593,1,1,1,1,3,5,8,1.7166666666666668,-3.963333333333333,-0.6786666666666665,-0.17162324190664272,-2.3001396039701216,-1.3134676973490593,2.617725652414773,-2.305676088466181,0.8800210892680957
250,6,1.7142857142857142,1.3862943611198906,3.2498744675026803,"(0, 0, 0, 0, 0, 0, 0, 0, 0, 0, 1, 1, 1, 0, 1, 1, 1, 1, 0, 1, 0, 0, 0, 0, 0)",4,9,9,14,6.8726666666666665,10.718666666666667,1.47,7.338,0.0,1.7863173006563744,-3.2498744675026803,0.20162881318954845,1,1,1,1,5,5,10,3.846000000000001,-5.402666666666667,0.4653333333333336,1.7863173006563744,-3.2498744675026803,0.20162881318954845,2.8553265117962643,-2.984403686363923,0.36557208927715595
250,7,2.0,1.3862943611198906,1.5644793963358328,"(0, 1, 0, 0, 1, 1, 1, 0, 0, 0, 1, 0, 0, 0, 1, 1, 1, 1, 1, 1, 1, 1, 1, 0, 0)",8,13,9,14,9.185333333333332,10.104,8.052,7.485333333333333,0.0,-0.06839052181524763,-1.4130036324774669,-1.5644793963358328,1,1,1,1,5,1,6,0.9186666666666667,-1.1333333333333329,-1.6999999999999993,-0.06839052181524763,-1.4130036324774669,-1.5644793963358328,1.3683518144953308,0.3877053586762259,-0.18787144867519762
260,0,0.0,1.3862943611198906,0.14944253212872402,"(1, 0, 1, 0, 0, 0, 1, 0, 0, 1, 0, 0, 1, 0, 0, 1, 0, 1, 0, 1, 0, 0, 1, 1, 0)",7,12,8,13,9.450666666666667,8.99,10.142666666666667,11.478,0.0,-0.14944253212872402,0.8199160982490191,0.685075866724092,1,1,1,1,5,1,6,-0.46066666666666656,0.6920000000000002,2.027333333333333,-0.14944253212872402,0.8199160982490191,0.685075866724092,-0.4314482627543679,-0.17732936569907287,1.8607639571314607
260,1,0.2857142857142857,1.3862943611198906,0.2174633754476728,"(1, 1, 0, 1, 0, 0, 0, 1, 1, 1, 1, 0, 0, 1, 1, 0, 1, 0, 0, 0, 1, 0, 0, 0, 1)",8,9,11,12,11.976666666666667,10.956666666666667,11.806,10.540666666666667,0.0,0.12319535889152088,-0.18819716115736387,-0.2174633754476728,1,1,1,1,1,3,4,-1.0199999999999996,-0.1706666666666674,-1.436,0.12319535889152088,-0.18819716115736387,-0.2174633754476728,-1.5848052796897443,0.024302425660095814,-1.6892504514349562
260,2,0.5714285714285714,1.3862943611198906,0.4979261279729054,"(1, 1, 1, 0, 0, 0, 0, 0, 0, 0, 0, 0, 0, 0, 1, 0, 0, 1, 0, 1, 1, 1, 0, 0, 0)",5,10,10,15,8.018,10.219333333333333,6.024,9.377333333333333,0.0,1.7550794677191401,-0.4979261279729054,1.6065611318311626,1,1,1,1,5,5,10,2.2013333333333325,-1.9940000000000007,1.359333333333332,1.7550794677191401,-0.4979261279729054,1.6065611318311626,0.6186392175289083,-2.0739987726099627,-0.34273050296962715
260,3,0.8571428571428571,1.3862943611198906,0.543766261513938,"(0, 0, 1, 1, 1, 1, 0, 0, 0, 1, 1, 0, 1, 1, 1, 0, 0, 1, 1, 1, 0, 1, 1, 0, 0)",7,12,10,15,10.120666666666667,8.296666666666667,8.414666666666667,9.819333333333333,0.0,-0.543766261513938,-0.0791111982079089,0.04565529429288146,1,1,1,1,5,3,8,-1.8239999999999998,-1.7059999999999995,-0.3013333333333339,-0.543766261513938,-0.0791111982079089,0.04565529429288146,-1.7747808125786642,-2.2553467720934703,-0.4810283778509518
260,4,1.1428571428571428,1.3862943611198906,0.5939999999999994,"(0, 0, 0, 0, 0, 0, 1, 0, 1, 0, 0, 0, 1, 1, 1, 0, 0, 1, 1, 0, 1, 0, 0, 0, 0)",7,10,10,13,9.424666666666667,10.664666666666667,7.895333333333333,8.830666666666668,0.0,0.2740241853813659,-0.11647953287542913,-0.8101812311798214,1,1,1,1,3,3,6,1.2400000000000002,-1.5293333333333337,-0.5939999999999994,0.2740241853813659,-0.11647953287542913,-0.8101812311798214,1.3391268247840056,-1.9586312566616002,0.29969082176454276
260,5,1.4285714285714284,1.3862943611198906,-0.28999999999999915,"(0, 1, 0, 0, 0, 1, 0, 1, 0, 1, 0, 0, 1, 1, 1, 1, 1, 1, 1, 1, 1, 0, 0, 1, 0)",8,11,13,16,10.938,11.831333333333333,11.228,11.549333333333333,0.0,0.1915242676240519,-0.027879919929189,0.05794710429481214,1,1,1,1,3,5,8,0.8933333333333326,0.28999999999999915,0.6113333333333326,0.1915242676240519,-0.027879919929189,0.05794710429481214,0.9729139503755947,0.4406751405110758,0.7671562088375012
260,6,1.7142857142857142,1.3862943611198906,1.5644793963358328,"(0, 1, 0, 0, 1, 1, 1, 0, 0, 0, 1, 0, 0, 0, 1, 1, 1, 1, 1, 1, 1, 1, 1, 0, 0)",8,13,9,14,9.185333333333332,10.104,8.052,7.485333333333333,0.0,-0.06839052181524763,-1.4130036324774669,-1.5644793963358328,1,1,1,1,5,1,6,0.9186666666666667,-1.1333333333333329,-1.6999999999999993,-0.06839052181524763,-1.4130036324774669,-1.5644793963358328,1.3683518144953308,0.3877053586762259,-0.18787144867519762
260,7,2.0,1.3862943611198906,4.962872199726492,"(0, 0, 0, 0, 0, 0, 0, 0, 0, 0, 1, 1, 1, 1, 1, 1, 1, 1, 1, 1, 0, 0, 0, 0, 0)",5,10,10,15,7.496666666666667,10.564,0.8126666666666666,6.999333333333333,0.0,2.2311945644104263,-4.962872199726492,0.1666017756652526,1,1,1,1,5,5,10,3.067333333333333,-6.684,-0.4973333333333336,2.2311945644104263,-4.962872199726492,0.1666017756652526,1.1591344604715528,-2.385989764285845,-0.92040949775426
270,0,0.0,1.3862943611198906,0.7457339466584265,"(1, 0, 0, 1, 0, 0, 0, 1, 0, 1, 1, 1, 1, 1, 1, 0, 0, 0, 0, 0, 0, 1, 0, 0, 0)",7,8,10,11,10.026666666666667,7.988,7.493333333333333,8.283333333333333,0.0,-0.7229987191360602,0.042112542036686205,-0.7457339466584265,1,1,1,1,1,3,4,-2.038666666666667,-2.533333333333334,-1.743333333333334,-0.7229987191360602,0.042112542036686205,-0.7457339466584265,-1.8239030567678602,-3.5703260943949395,-1.3829664044040857
270,1,0.2857142857142857,1.3862943611198906,-0.03786123932925091,"(1, 1, 0, 0, 0, 0, 0, 0, 0, 0, 0, 0, 0, 0, 1, 0, 0, 1, 0, 1, 1, 1, 1, 0, 0)",4,9,9,14,6.63,10.868666666666666,6.42,9.4,0.0,1.4784675328636836,0.03786123932925091,1.5657116579901624,1,1,1,1,5,5,10,4.238666666666666,-0.20999999999999996,2.7700000000000005,1.4784675328636836,0.03786123932925091,1.5657116579901624,3.826448494759081,-0.34360863842232814,1.6694981376906606
270,2,0.5714285714285714,1.3862943611198906,-2.0053333333333327,"(1, 0, 1, 0, 0, 0, 1, 0, 0, 1, 0, 1, 0, 0, 0, 1, 0, 1, 0, 0, 0, 0, 1, 1, 1)",7,10,10,13,9.099333333333334,11.476666666666667,11.104666666666667,11.69,0.0,0.5615108293362723,0.2457129738731614,0.41536459713287693,1,1,1,1,3,3,6,2.3773333333333326,2.0053333333333327,2.5906666666666656,0.5615108293362723,0.2457129738731614,0.41536459713287693,2.5172644980857246,2.4393517820313906,3.0156089927271195
270,3,0.8571428571428571,1.3862943611198906,0.2069275383031625,"(0, 0, 0, 0, 0, 0, 1, 1, 1, 1, 1, 1, 1, 1, 1, 1, 0, 1, 1, 1, 1, 0, 0, 0, 0)",7,10,12,15,9.756666666666666,11.115333333333334,8.758,11.253333333333334,0.0,0.8557749123899876,-0.2069275383031625,0.1559119058139498,1,1,1,1,3,5,8,1.358666666666668,-0.9986666666666668,1.496666666666668,0.8557749123899876,-0.2069275383031625,0.1559119058139498,0.6971560032074516,-1.0975834891283034,1.8586807646147705
270,4,1.1428571428571428,1.3862943611198906,-0.8786666666666658,"(0, 1, 0, 0, 1, 1, 0, 1, 0, 0, 0, 1, 0, 0, 0, 0, 1, 1, 0, 0, 1, 0, 0, 1, 1)",8,9,13,14,8.058666666666667,10.224666666666666,8.937333333333333,10.988666666666667,0.0,0.9803257591012692,0.3078805743340494,1.3301648427652142,1,1,1,1,1,5,6,2.1659999999999986,0.8786666666666658,2.9299999999999997,0.9803257591012692,0.3078805743340494,1.3301648427652142,1.6436935142830156,0.7912775412063634,2.2178424571959368
270,5,1.4285714285714284,1.3862943611198906,0.11158129279947239,"(1, 1, 0, 0, 0, 1, 1, 0, 0, 0, 1, 0, 0, 0, 1, 1, 1, 1, 0, 0, 0, 0, 1, 0, 0)",5,8,6,9,8.531333333333333,8.244,10.211333333333334,10.526666666666667,0.0,-0.11158129279947239,1.2261619591398643,0.8853183855525193,1,1,1,1,3,1,4,-0.2873333333333328,1.6800000000000015,1.9953333333333347,-0.11158129279947239,1.2261619591398643,0.8853183855525193,-0.2436440627474051,0.6291531169061068,1.5388074628673343
270,6,1.7142857142857142,1.3862943611198906,4.962872199726492,"(0, 0, 0, 0, 0, 0, 0, 0, 0, 0, 1, 1, 1, 1, 1, 1, 1, 1, 1, 1, 0, 0, 0, 0, 0)",5,10,10,15,7.496666666666667,10.564,0.8126666666666666,6.999333333333333,0.0,2.2311945644104263,-4.962872199726492,0.1666017756652526,1,1,1,1,5,5,10,3.067333333333333,-6.684,-0.4973333333333336,2.2311945644104263,-4.962872199726492,0.1666017756652526,1.1591344604715528,-2.385989764285845,-0.92040949775426
270,7,2.0,1.3862943611198906,0.6630799961943226,"(1, 1, 1, 0, 0, 1, 0, 0, 0, 1, 1, 0, 1, 1, 1, 0, 0, 1, 1, 1, 1, 0, 1, 0, 0)",7,12,12,17,10.879333333333333,11.162,9.88,9.841333333333333,0.0,0.27470192929124587,-0.050645953992912024,-0.6630799961943226,1,1,1,1,5,5,10,0.2826666666666675,-0.9993333333333325,-1.0380000000000003,0.27470192929124587,-0.050645953992912024,-0.6630799961943226,0.011041470511347854,-1.3151599644452314,-0.5197494871468589
280,0,0.0,1.3862943611198906,-3.1260000000000003,"(1, 0, 0, 0, 0, 0, 0, 0, 0, 1, 0, 0, 1, 0, 1, 0, 0, 1, 1, 0, 0, 1, 0, 1, 0)",5,8,10,13,6.8406666666666665,10.62,9.966666666666667,10.470666666666666,0.0,0.8994277814945856,-0.9937882176748115,1.4351535357140266,1,1,1,1,3,5,8,3.7793333333333328,3.1260000000000003,3.63,0.8994277814945856,-0.9937882176748115,1.4351535357140266,3.992396827071922,5.711239175170756,3.0427032769635742
280,1,0.2857142857142857,1.3862943611198906,-2.3066666666666666,"(1, 0, 1, 0, 1, 0, 1, 0, 0, 0, 0, 1, 0, 0, 0, 1, 0, 1, 0, 0, 0, 0, 1, 1, 1)",6,9,11,14,8.026666666666667,10.911333333333333,10.333333333333334,11.361333333333333,0.0,1.445843405565329,1.047237566931323,0.974564935867283,1,1,1,1,3,5,8,2.884666666666666,2.3066666666666666,3.3346666666666653,1.445843405565329,1.047237566931323,0.974564935867283,1.9946325735129153,1.7459394591934072,3.271795721076477
280,2,0.5714285714285714,1.3862943611198906,3.133210095379102,"(0, 0, 0, 0, 0, 1, 1, 1, 1, 1, 1, 1, 1, 1, 1, 1, 0, 0, 0, 1, 1, 1, 0, 0, 0)",7,10,12,15,8.732666666666667,10.602,3.098,7.774666666666667,0.0,0.7935148923050255,-3.133210095379102,-1.2655327189956695,1,1,1,1,3,5,8,1.8693333333333335,-5.634666666666667,-0.9580000000000002,0.7935148923050255,-3.133210095379102,-1.2655327189956695,1.491401038386335,-3.467755139362247,0.4263308742035643
280,3,0.8571428571428571,1.3862943611198906,-0.019469734138395225,"(0, 1, 0, 0, 1, 1, 0, 1, 0, 0, 0, 0, 1, 0, 0, 0, 1, 1, 1, 1, 1, 0, 0, 1, 1)",8,11,11,14,12.16,11.390666666666666,11.209333333333333,11.396666666666667,0.0,0.6072893497945867,0.019469734138395225,0.5180119929384658,1,1,1,1,3,3,6,-0.7693333333333339,-0.9506666666666668,-0.7633333333333336,0.6072893497945867,0.019469734138395225,0.5180119929384658,-1.9084042630099705,-1.3448946219532036,-1.7763218004579218
280,4,1.1428571428571428,1.3862943611198906,0.5520224145979403,"(0, 1, 0, 0, 1, 0, 1, 0, 0, 0, 0, 0, 0, 1, 0, 1, 1, 1, 0, 0, 0, 0, 1, 0, 0)",6,9,7,10,7.858666666666666,10.76,7.27,9.402,0.0,0.9276465733787144,-0.5520224145979403,0.3011955548593145,1,1,1,1,3,1,4,2.9013333333333335,-0.5886666666666667,1.543333333333333,0.9276465733787144,-0.5520224145979403,0.3011955548593145,2.7361108259420757,-0.05079972001033122,1.72196859803252
280,5,1.4285714285714284,1.3862943611198906,4.962872199726492,"(0, 0, 0, 0, 0, 0, 0, 0, 0, 0, 1, 1, 1, 1, 1, 1, 1, 1, 1, 1, 0, 0, 0, 0, 0)",5,10,10,15,7.496666666666667,10.564,0.8126666666666666,6.999333333333333,0.0,2.2311945644104263,-4.962872199726492,0.1666017756652526,1,1,1,1,5,5,10,3.067333333333333,-6.684,-0.4973333333333336,2.2311945644104263,-4.962872199726492,0.1666017756652526,1.1591344604715528,-2.385989764285845,-0.92040949775426
280,6,1.7142857142857142,1.3862943611198906,0.2240867818396912,"(1, 1, 1, 0, 0, 1, 0, 0, 0, 1, 1, 0, 1, 1, 1, 0, 0, 1, 1, 1, 1, 0, 1, 1, 1)",8,13,13,18,11.426666666666666,11.228666666666667,11.39,10.651333333333334,0.0,-0.4783639742104359,-0.1817894005548548,-0.2240867818396912,1,1,1,1,5,5,10,-0.19799999999999862,-0.03666666666666529,-0.7753333333333323,-0.4783639742104359,-0.1817894005548548,-0.2240867818396912,0.38866699650909164,0.20118282765949955,-0.76418998592242
280,7,2.0,1.3862943611198906,0.4032576263790972,"(1, 1, 0, 0, 0, 0, 0, 1, 1, 1, 0, 0, 0, 1, 1, 0, 0, 0, 1, 1, 1, 1, 1, 0, 0)",7,12,10,15,11.015333333333333,8.42,9.882,8.53,0.0,-0.29580441012162534,-0.3430308380237773,-0.4032576263790972,1,1,1,1,5,3,8,-2.5953333333333326,-1.1333333333333329,-2.485333333333333,-0.29580441012162534,-0.3430308380237773,-0.4032576263790972,-3.1878239794804832,-1.0955918928266155,-2.886369811975367
290,0,0.0,1.3862943611198906,-2.3899999999999997,"(1, 0, 1, 0, 1, 0, 1, 0, 0, 0, 1, 1, 0, 0, 0, 0, 0, 1, 0, 0, 0, 0, 1, 0, 0)",5,8,8,11,7.028666666666667,9.418666666666667,9.963333333333333,10.347333333333333,0.0,0.504919212861221,1.2508688053091566,1.513679409636129,1,1,1,1,3,3,6,2.3899999999999997,2.934666666666666,3.318666666666666,0.504919212861221,1.2508688053091566,1.513679409636129,2.6132768654659335,2.3342394804656466,2.5022436563146924
290,1,0.2857142857142857,1.3862943611198906,-0.3202648039600533,"(1, 0, 0, 0, 0, 0, 1, 0, 0, 1, 0, 0, 1, 0, 1, 0, 0, 1, 1, 0, 0, 0, 1, 0, 0)",6,9,9,12,7.983333333333333,9.862,7.628666666666667,9.678666666666667,0.0,1.0771815251315127,0.3202648039600533,1.2607885116265036,1,1,1,1,3,3,6,1.8786666666666667,-0.3546666666666667,1.6953333333333331,1.0771815251315127,0.3202648039600533,1.2607885116265036,1.1110943322315614,-0.935653691872177,0.602407035986026
290,2,0.5714285714285714,1.3862943611198906,-0.49600000000000044,"(0, 1, 0, 0, 0, 1, 1, 0, 0, 1, 0, 0, 1, 0, 0, 0, 1, 0, 1, 1, 0, 1, 0, 0, 1)",6,11,9,14,8.868,11.091333333333333,9.364,11.182666666666666,0.0,1.024471532867599,0.0704853666276077,-0.09981319400063328,1,1,1,1,5,3,8,2.2233333333333327,0.49600000000000044,2.3146666666666658,1.024471532867599,0.0704853666276077,-0.09981319400063328,1.661975353747686,0.5898885368181457,3.347179815880616
290,3,0.8571428571428571,1.3862943611198906,0.6713977623610413,"(0, 1, 0, 0, 1, 0, 1, 0, 0, 0, 0, 0, 0, 1, 0, 1, 1, 0, 0, 0, 0, 0, 0, 0, 0)",5,8,6,9,7.695333333333333,10.582,5.472666666666667,8.735333333333333,0.0,0.7898797204247564,-0.6713977623610413,-0.021533772409395684,1,1,1,1,3,1,4,2.8866666666666676,-2.222666666666666,1.04,0.7898797204247564,-0.6713977623610413,-0.021533772409395684,2.906763920044957,-2.150515334619519,1.4715982828294705
290,4,1.1428571428571428,1.3862943611198906,4.962872199726492,"(0, 0, 0, 0, 0, 0, 0, 0, 0, 0, 1, 1, 1, 1, 1, 1, 1, 1, 1, 1, 0, 0, 0, 0, 0)",5,10,10,15,7.496666666666667,10.564,0.8126666666666666,6.999333333333333,0.0,2.2311945644104263,-4.962872199726492,0.1666017756652526,1,1,1,1,5,5,10,3.067333333333333,-6.684,-0.4973333333333336,2.2311945644104263,-4.962872199726492,0.1666017756652526,1.1591344604715528,-2.385989764285845,-0.92040949775426
290,5,1.4285714285714284,1.3862943611198906,0.3250398178705773,"(1, 0, 0, 0, 0, 1, 0, 0, 0, 1, 1, 0, 1, 1, 1, 0, 0, 1, 1, 1, 1, 0, 1, 1, 1)",7,12,12,17,10.220666666666666,10.649333333333333,8.099333333333334,11.17,0.0,0.34759020614479347,-0.3250398178705773,0.3909350098358094,1,1,1,1,5,5,10,0.42866666666666653,-2.1213333333333324,0.9493333333333336,0.34759020614479347,-0.3250398178705773,0.3909350098358094,0.11239584004103205,-2.4901915714022422,0.7741044471234182
290,6,1.7142857142857142,1.3862943611198906,0.3558155526874382,"(0, 1, 0, 0, 0, 1, 0, 1, 1, 1, 1, 0, 0, 1, 0, 0, 0, 1, 0, 1, 1, 1, 1, 0, 0)",8,13,13,18,11.609333333333334,11.358,10.989333333333333,11.222,0.0,0.19183233303763464,-0.3558155526874382,0.3095441275673917,1,1,1,1,5,5,10,-0.2513333333333332,-0.620000000000001,-0.3873333333333342,0.19183233303763464,-0.3558155526874382,0.3095441275673917,-0.6143580643320115,-0.36623740960498063,-0.9660772944382233
290,7,2.0,1.3862943611198906,2.2825798753959377,"(0, 0, 0, 0, 0, 0, 0, 1, 1, 1, 1, 1, 1, 1, 1, 0, 0, 0, 0, 1, 1, 0, 0, 0, 0)",6,9,11,14,7.438666666666666,10.304,4.710666666666667,7.761333333333333,0.0,1.2961852276470975,-2.2825798753959377,-0.5928410818975812,1,1,1,1,3,5,8,2.865333333333334,-2.7279999999999998,0.32266666666666666,1.2961852276470975,-2.2825798753959377,-0.5928410818975812,2.175301170674788,-0.6174834070679304,1.2691632293961834
300,0,0.0,1.3862943611198906,-0.9686666666666675,"(1, 0, 0, 0, 0, 0, 1, 0, 0, 1, 0, 0, 1, 0, 1, 0, 0, 1, 1, 0, 0, 0, 1, 0, 0)",6,9,9,12,7.274666666666667,9.240666666666666,8.243333333333334,10.219333333333333,0.0,1.1841726432686113,0.6392665397244187,1.2983108790008155,1,1,1,1,3,3,6,1.9659999999999993,0.9686666666666675,2.9446666666666665,1.1841726432686113,0.6392665397244187,1.2983108790008155,1.0838428560059923,0.45664553853221557,2.2823337448382652
300,1,0.2857142857142857,1.3862943611198906,0.18066666666666542,"(0, 1, 1, 0, 0, 1, 1, 1, 0, 0, 0, 0, 1, 0, 0, 0, 1, 0, 1, 0, 1, 1, 0, 0, 0)",6,7,11,12,8.512666666666666,8.332,11.308,11.234666666666667,0.0,-0.431538031345943,1.4861999747445975,1.030725260763318,1,1,1,1,1,5,6,-0.18066666666666542,2.7953333333333337,2.7220000000000013,-0.431538031345943,1.4861999747445975,1.030725260763318,0.34778155822133416,1.8148441929655086,2.3446046341083275
300,2,0.5714285714285714,1.3862943611198906,0.4790417181203184,"(1, 1, 0, 0, 1, 0, 1, 1, 1, 1, 0, 0, 0, 1, 0, 1, 1, 0, 0, 0, 0, 1, 1, 0, 0)",6,7,9,10,10.377333333333333,9.031333333333333,8.480666666666666,9.932,0.0,-0.12482810558350646,-0.4790417181203184,-0.03391800203539949,1,1,1,1,1,3,4,-1.346,-1.8966666666666665,-0.44533333333333225,-0.12482810558350646,-0.4790417181203184,-0.03391800203539949,-1.6929037111876795,-1.9652454723526773,-0.5703427538565957
300,3,0.8571428571428571,1.3862943611198906,-0.7908655297482183,"(1, 0, 1, 0, 1, 0, 1, 0, 0, 0, 0, 0, 0, 0, 0, 1, 1, 1, 0, 1, 0, 0, 1, 0, 1)",6,9,9,12,8.928666666666667,10.116,10.049333333333333,8.315333333333333,0.0,0.3642873515609485,0.006099695188928324,0.7908655297482183,1,1,1,1,3,3,6,1.1873333333333331,1.1206666666666667,-0.6133333333333333,0.3642873515609485,0.006099695188928324,0.7908655297482183,1.140984003473441,1.5451179076500627,-1.9466329657809163
300,4,1.1428571428571428,1.3862943611198906,0.8181293188502425,"(1, 1, 0, 0, 0, 1, 1, 1, 1, 1, 0, 0, 1, 1, 0, 0, 0, 1, 1, 0, 0, 0, 1, 1, 1)",7,12,8,13,10.928666666666667,11.980666666666666,8.734,10.019333333333334,0.0,0.4665342623288799,-0.8181293188502425,-0.33597614005274473,1,1,1,1,5,1,6,1.0519999999999996,-2.1946666666666665,-0.9093333333333327,0.4665342623288799,-0.8181293188502425,-0.33597614005274473,0.8116278507623702,-1.908285963148838,-0.7948418439524062
300,5,1.4285714285714284,1.3862943611198906,0.7552223613967581,"(1, 1, 0, 1, 0, 0, 0, 1, 0, 0, 1, 0, 0, 1, 0, 0, 0, 1, 0, 1, 1, 1, 1, 0, 1)",8,13,11,16,11.886,12.359333333333334,9.375333333333334,9.574666666666667,0.0,0.16943597747020855,-0.23191164334467881,-0.7552223613967581,1,1,1,1,5,3,8,0.4733333333333345,-2.5106666666666655,-2.311333333333332,0.16943597747020855,-0.23191164334467881,-0.7552223613967581,0.4212911907922962,-3.159025239204895,-2.1572278656724646
300,6,1.7142857142857142,1.3862943611198906,1.4431016233844483,"(0, 0, 0, 0, 0, 0, 0, 1, 1, 1, 0, 0, 1, 1, 1, 0, 0, 0, 0, 1, 1, 0, 0, 0, 0)",5,10,10,15,8.516666666666667,10.416,4.636666666666667,5.8373333333333335,0.0,0.9994566212847257,-1.4431016233844483,-0.3914587210388987,1,1,1,1,5,5,10,1.8993333333333329,-3.880000000000001,-2.679333333333334,0.9994566212847257,-1.4431016233844483,-0.3914587210388987,1.2474940116160917,-3.3782584781243554,-3.1716676739731313
300,7,2.0,1.3862943611198906,4.962872199726492,"(0, 0, 0, 0, 0, 0, 0, 0, 0, 0, 1, 1, 1, 1, 1, 1, 1, 1, 1, 1, 0, 0, 0, 0, 0)",5,10,10,15,7.496666666666667,10.564,0.8126666666666666,6.999333333333333,0.0,2.2311945644104263,-4.962872199726492,0.1666017756652526,1,1,1,1,5,5,10,3.067333333333333,-6.684,-0.4973333333333336,2.2311945644104263,-4.962872199726492,0.1666017756652526,1.1591344604715528,-2.385989764285845,-0.92040949775426
310,0,0.0,1.3862943611198906,-0.9853333333333332,"(0, 1, 0, 1, 0, 0, 1, 0, 0, 1, 0, 1, 1, 0, 1, 0, 1, 1, 1, 0, 1, 0, 0, 1, 0)",7,10,10,13,9.964,11.912,10.949333333333334,12.302,0.0,0.502208237221699,-0.11145806663403858,0.31354897794396136,1,1,1,1,3,3,6,1.9480000000000004,0.9853333333333332,2.337999999999999,0.502208237221699,-0.11145806663403858,0.31354897794396136,2.0042929680931456,1.520475733099558,2.8064850362396845
310,1,0.2857142857142857,1.3862943611198906,-0.6453333333333333,"(0, 1, 0, 0, 1, 1, 1, 0, 0, 1, 0, 0, 0, 1, 0, 0, 0, 0, 0, 0, 0, 1, 1, 0, 0)",6,11,7,12,8.402666666666667,10.662666666666667,9.048,10.460666666666667,0.0,1.056171463925207,0.3475593996034351,0.6765116482265066,1,1,1,1,5,1,6,2.26,0.6453333333333333,2.058,1.056171463925207,0.3475593996034351,0.6765116482265066,1.668860711315698,0.41280232521824584,1.9151495120164055
310,2,0.5714285714285714,1.3862943611198906,-0.9966666666666661,"(1, 0, 1, 0, 1, 1, 1, 0, 0, 0, 1, 1, 0, 0, 0, 1, 0, 1, 0, 1, 0, 0, 1, 0, 1)",7,12,10,15,10.566,11.562666666666667,11.876666666666667,12.440666666666667,0.0,0.2944489223018649,-0.33788614561695424,0.38511257351910494,1,1,1,1,5,3,8,0.9966666666666661,1.3106666666666662,1.8746666666666663,0.2944489223018649,-0.33788614561695424,0.38511257351910494,0.9734804992912528,2.2853794676771204,2.0649604399135164
310,3,0.8571428571428571,1.3862943611198906,0.15252318626454714,"(0, 0, 0, 0, 1, 1, 0, 0, 0, 0, 1, 1, 1, 1, 1, 0, 0, 1, 1, 0, 0, 0, 1, 1, 1)",6,11,11,16,9.830666666666668,9.24,9.226666666666667,9.174666666666667,0.0,-0.15252318626454714,0.11244387595750241,-0.019130862183454885,1,1,1,1,5,5,10,-0.5906666666666673,-0.604000000000001,-0.6560000000000006,-0.15252318626454714,0.11244387595750241,-0.019130862183454885,-0.6073958362429025,-0.9932021052987653,-0.8828880945263639
310,4,1.1428571428571428,1.3862943611198906,0.9353333333333325,"(1, 0, 0, 1, 0, 1, 1, 1, 0, 0, 1, 1, 1, 1, 0, 0, 0, 0, 0, 1, 1, 0, 0, 0, 1)",7,12,10,15,9.646666666666667,11.021333333333333,8.711333333333334,10.392666666666667,0.0,0.3778422297585656,-1.276191782305613,0.0780329692603712,1,1,1,1,5,3,8,1.3746666666666663,-0.9353333333333325,0.7460000000000004,0.3778422297585656,-1.276191782305613,0.0780329692603712,1.3818920959122103,0.4725301457503445,0.9259989281283446
310,5,1.4285714285714284,1.3862943611198906,2.2954262031423145,"(0, 0, 0, 0, 0, 0, 0, 1, 1, 1, 1, 1, 1, 1, 1, 0, 0, 0, 0, 1, 1, 0, 0, 0, 0)",6,9,11,14,7.953333333333333,10.292,4.889333333333333,7.054666666666667,0.0,0.1294490867872394,-2.2954262031423145,-1.1564467560462135,1,1,1,1,3,5,8,2.3386666666666667,-3.064,-0.8986666666666663,0.1294490867872394,-2.2954262031423145,-1.1564467560462135,3.0626258734737815,-1.0654695206883138,0.3573590843158477
310,6,1.7142857142857142,1.3862943611198906,0.18225149867522775,"(0, 1, 1, 0, 0, 1, 1, 1, 1, 0, 0, 0, 1, 1, 0, 1, 0, 1, 1, 0, 1, 1, 1, 0, 0)",7,10,12,15,10.625333333333334,8.564666666666668,11.191333333333333,11.366666666666667,0.0,-0.18225149867522775,0.09266607640552535,0.08151410843384944,1,1,1,1,3,5,8,-2.060666666666666,0.565999999999999,0.7413333333333334,-0.18225149867522775,0.09266607640552535,0.08151410843384944,-2.604036355228603,0.6561801492057718,0.9147036708366515
310,7,2.0,1.3862943611198906,4.962872199726492,"(0, 0, 0, 0, 0, 0, 0, 0, 0, 0, 1, 1, 1, 1, 1, 1, 1, 1, 1, 1, 0, 0, 0, 0, 0)",5,10,10,15,7.496666666666667,10.564,0.8126666666666666,6.999333333333333,0.0,2.2311945644104263,-4.962872199726492,0.1666017756652526,1,1,1,1,5,5,10,3.067333333333333,-6.684,-0.4973333333333336,2.2311945644104263,-4.962872199726492,0.1666017756652526,1.1591344604715528,-2.385989764285845,-0.92040949775426
320,0,0.0,1.3862943611198906,0.22661291823106494,"(0, 1, 0, 0, 1, 1, 0, 1, 1, 0, 0, 0, 0, 1, 0, 0, 0, 0, 0, 0, 0, 0, 0, 0, 0)",5,10,6,11,7.499333333333333,9.884,5.524,8.706666666666667,0.0,1.6896155673329216,-0.22661291823106494,1.5439314332499003,1,1,1,1,5,1,6,2.384666666666667,-1.9753333333333334,1.2073333333333336,1.6896155673329216,-0.22661291823106494,1.5439314332499003,0.963545419696552,-2.424241250631509,-0.466624047878006
320,1,0.2857142857142857,1.3862943611198906,-1.6286666666666676,"(1, 0, 0, 0, 1, 0, 1, 1, 1, 0, 0, 1, 0, 0, 0, 1, 0, 1, 0, 0, 0, 0, 1, 1, 0)",6,9,11,14,8.162666666666667,9.791333333333334,10.614666666666666,11.450666666666667,0.0,-0.019962638800126276,0.6771277790536699,1.319074487876255,1,1,1,1,3,5,8,1.6286666666666676,2.452,3.2880000000000003,-0.019962638800126276,0.6771277790536699,1.319074487876255,2.2854855097456177,2.460495351606234,2.729510334922241
320,2,0.5714285714285714,1.3862943611198906,-0.3686666666666678,"(0, 1, 1, 1, 1, 1, 0, 0, 1, 0, 1, 1, 0, 1, 1, 0, 0, 0, 1, 0, 0, 1, 0, 1, 1)",8,13,11,16,11.810666666666666,12.651333333333334,12.179333333333334,12.623333333333333,0.0,0.2904440719252967,-0.0528640249707059,0.4289502818718519,1,1,1,1,5,3,8,0.8406666666666673,0.3686666666666678,0.8126666666666669,0.2904440719252967,-0.0528640249707059,0.4289502818718519,0.7627704804507168,0.5843656208558586,0.5319438605103621
320,3,0.8571428571428571,1.3862943611198906,1.7433333333333323,"(1, 0, 0, 0, 0, 1, 1, 1, 1, 0, 0, 0, 1, 1, 0, 1, 0, 0, 0, 1, 0, 0, 0, 0, 1)",6,9,11,14,8.192666666666666,6.6433333333333335,8.855333333333334,6.449333333333334,0.0,-0.5562429107640161,-0.6531294833356172,-2.338370521795673,1,1,1,1,3,5,8,-1.5493333333333323,0.6626666666666683,-1.7433333333333323,-0.5562429107640161,-0.6531294833356172,-2.338370521795673,-1.3767156528900124,1.82408078313143,0.8248966990219768
320,4,1.1428571428571428,1.3862943611198906,1.196248807481033,"(0, 0, 0, 0, 0, 0, 0, 1, 1, 1, 1, 1, 1, 1, 1, 0, 0, 1, 1, 1, 1, 0, 0, 0, 0)",7,10,12,15,8.826,11.274,6.264666666666667,9.669333333333332,0.0,1.2314298777121204,-1.196248807481033,0.25547864748371596,1,1,1,1,3,5,8,2.4479999999999986,-2.5613333333333337,0.8433333333333319,1.2314298777121204,-1.196248807481033,0.25547864748371596,1.6865243004346213,-1.892408980641064,0.8149396361512273
320,5,1.4285714285714284,1.3862943611198906,0.3203572235841267,"(0, 1, 1, 1, 1, 1, 1, 1, 0, 1, 1, 0, 0, 1, 1, 1, 0, 0, 1, 0, 0, 0, 1, 0, 0)",8,11,11,14,12.487333333333334,11.714,11.474,11.604666666666667,0.0,0.020332317296425366,-0.18973748822527486,-0.3203572235841267,1,1,1,1,3,3,6,-0.7733333333333334,-1.0133333333333336,-0.8826666666666672,0.020332317296425366,-0.18973748822527486,-0.3203572235841267,-1.1002542160825837,-1.1417462759150727,-0.7795264101497917
320,6,1.7142857142857142,1.3862943611198906,0.29968603433276153,"(1, 0, 0, 1, 0, 0, 1, 0, 0, 1, 0, 1, 1, 0, 1, 0, 0, 1, 1, 0, 1, 1, 0, 1, 0)",7,12,10,15,10.630666666666666,10.39,8.884666666666666,10.067333333333334,0.0,0.6386196023558958,-0.29968603433276153,-0.17313276243319511,1,1,1,1,5,3,8,-0.24066666666666592,-1.7460000000000004,-0.5633333333333326,0.6386196023558958,-0.29968603433276153,-0.17313276243319511,-1.2189495965561243,-2.0050168950134406,-0.5409328511446226
320,7,2.0,1.3862943611198906,4.962872199726492,"(0, 0, 0, 0, 0, 0, 0, 0, 0, 0, 1, 1, 1, 1, 1, 1, 1, 1, 1, 1, 0, 0, 0, 0, 0)",5,10,10,15,7.496666666666667,10.564,0.8126666666666666,6.999333333333333,0.0,2.2311945644104263,-4.962872199726492,0.1666017756652526,1,1,1,1,5,5,10,3.067333333333333,-6.684,-0.4973333333333336,2.2311945644104263,-4.962872199726492,0.1666017756652526,1.1591344604715528,-2.385989764285845,-0.92040949775426
330,0,0.0,1.3862943611198906,-0.488666666666667,"(0, 1, 1, 0, 1, 1, 0, 1, 1, 0, 0, 0, 0, 1, 0, 0, 0, 0, 0, 0, 0, 1, 0, 0, 0)",5,10,6,11,6.84,10.578666666666667,7.328666666666667,9.504,0.0,1.6037577365675642,-0.19642250770000955,1.1664280754462761,1,1,1,1,5,1,6,3.738666666666667,0.488666666666667,2.6639999999999997,1.6037577365675642,-0.19642250770000955,1.1664280754462761,2.959612211300885,0.9497352592888052,2.0760755143802894
330,1,0.2857142857142857,1.3862943611198906,0.33702356245892473,"(0, 1, 1, 1, 0, 1, 0, 0, 1, 0, 1, 1, 1, 1, 1, 0, 0, 1, 1, 1, 0, 1, 0, 1, 1)",8,13,13,18,13.265333333333333,11.926666666666666,12.216,11.297333333333333,0.0,0.08958542226970305,-0.14956575829415697,-0.33702356245892473,1,1,1,1,5,5,10,-1.3386666666666667,-1.0493333333333332,-1.968,0.08958542226970305,-0.14956575829415697,-0.33702356245892473,-1.9799778171501938,-1.247342715595328,-2.2610134384826
330,2,0.5714285714285714,1.3862943611198906,1.0288460617404669,"(1, 0, 0, 1, 1, 1, 1, 1, 1, 1, 0, 0, 1, 0, 0, 1, 0, 0, 0, 1, 1, 0, 0, 0, 0)",6,9,7,10,10.9,10.622,6.735333333333333,9.159333333333333,0.0,0.26459738372574965,-1.0288460617404669,-0.445123716084918,1,1,1,1,3,1,4,-0.27800000000000047,-4.164666666666667,-1.7406666666666677,0.26459738372574965,-1.0288460617404669,-0.445123716084918,-0.7521996934174128,-4.347170422092756,-1.7960038869801047
330,3,0.8571428571428571,1.3862943611198906,1.3568433075814317,"(1, 1, 0, 0, 0, 1, 1, 1, 1, 1, 1, 1, 1, 1, 1, 0, 0, 1, 1, 1, 1, 0, 0, 0, 0)",8,11,11,14,11.807333333333334,12.015333333333333,8.703333333333333,11.026666666666667,0.0,0.13610329972061505,-1.3568433075814317,-0.3513794107318553,1,1,1,1,3,3,6,0.2079999999999984,-3.104000000000001,-0.7806666666666668,0.13610329972061505,-1.3568433075814317,-0.3513794107318553,0.09966999018043601,-2.422073470692742,-0.5951185022030605
330,4,1.1428571428571428,1.3862943611198906,0.29318585410617776,"(0, 1, 1, 0, 1, 1, 1, 1, 0, 1, 0, 1, 0, 1, 1, 1, 0, 0, 1, 0, 0, 0, 1, 1, 0)",9,12,12,15,12.44,12.082666666666666,11.540666666666667,11.741333333333333,0.0,-0.017867793987767562,0.694810733793289,-0.29318585410617776,1,1,1,1,3,3,6,-0.35733333333333306,-0.8993333333333329,-0.6986666666666661,-0.017867793987767562,0.694810733793289,-0.29318585410617776,-0.4705991629892798,-2.2099529310703643,-0.5621157639949163
330,5,1.4285714285714284,1.3862943611198906,-0.7426666666666666,"(1, 0, 0, 1, 0, 0, 1, 0, 0, 1, 1, 1, 0, 1, 1, 1, 0, 1, 1, 0, 1, 1, 0, 1, 0)",8,13,13,18,10.689333333333334,11.475333333333333,11.432,11.729333333333333,0.0,0.6253111764891455,0.16891226626711925,0.4969095121080858,1,1,1,1,5,5,10,0.7859999999999996,0.7426666666666666,1.0399999999999991,0.6253111764891455,0.16891226626711925,0.4969095121080858,0.22276200992808637,0.7953924899416165,0.7528832809424097
330,6,1.7142857142857142,1.3862943611198906,4.962872199726492,"(0, 0, 0, 0, 0, 0, 0, 0, 0, 0, 1, 1, 1, 1, 1, 1, 1, 1, 1, 1, 0, 0, 0, 0, 0)",5,10,10,15,7.496666666666667,10.564,0.8126666666666666,6.999333333333333,0.0,2.2311945644104263,-4.962872199726492,0.1666017756652526,1,1,1,1,5,5,10,3.067333333333333,-6.684,-0.4973333333333336,2.2311945644104263,-4.962872199726492,0.1666017756652526,1.1591344604715528,-2.385989764285845,-0.92040949775426
330,7,2.0,1.3862943611198906,-0.20803657379205875,"(0, 1, 1, 0, 1, 0, 0, 1, 1, 0, 0, 0, 0, 0, 0, 1, 0, 1, 0, 0, 1, 0, 1, 1, 0)",6,11,11,16,7.45,10.876666666666667,7.648,10.192,0.0,0.4417349965355131,0.20803657379205875,0.2839130851573524,1,1,1,1,5,5,10,3.4266666666666667,0.1979999999999995,2.742,0.4417349965355131,0.20803657379205875,0.2839130851573524,4.137993942630995,-0.013913645652895408,3.4076320291889513
340,0,0.0,1.3862943611198906,-2.3533333333333335,"(0, 1, 0, 1, 0, 1, 0, 1, 0, 0, 0, 0, 0, 0, 1, 0, 0, 0, 0, 0, 0, 1, 0, 0, 0)",5,10,8,13,6.42,10.262,8.773333333333333,11.244,0.0,1.2583856014005623,0.7346127852281088,1.4721213853438908,1,1,1,1,5,3,8,3.8420000000000005,2.3533333333333335,4.824,1.2583856014005623,0.7346127852281088,1.4721213853438908,3.5816500720865583,2.2440231680671716,4.646690422656115
340,1,0.2857142857142857,1.3862943611198906,0.15266666666666673,"(0, 1, 0, 1, 0, 1, 1, 1, 1, 1, 0, 1, 1, 0, 1, 0, 0, 0, 0, 0, 1, 0, 0, 0, 1)",7,10,8,11,8.914,10.154666666666667,8.761333333333333,9.275333333333334,0.0,0.19137023491726143,-0.7841497037321254,0.12935666716316513,1,1,1,1,3,1,4,1.2406666666666677,-0.15266666666666673,0.3613333333333344,0.19137023491726143,-0.7841497037321254,0.12935666716316513,1.454633726477424,0.8754213734267082,0.32158794422309694
340,2,0.5714285714285714,1.3862943611198906,1.4353333333333325,"(1, 1, 0, 0, 0, 0, 1, 1, 1, 1, 1, 0, 1, 1, 1, 1, 1, 1, 1, 0, 1, 1, 0, 0, 0)",8,11,13,16,11.435333333333332,10.898666666666667,10.669333333333332,10.0,0.0,-0.29675941290373087,-0.9252744696941311,-1.5505548396419189,1,1,1,1,3,5,8,-0.5366666666666653,-0.766,-1.4353333333333325,-0.29675941290373087,-0.9252744696941311,-1.5505548396419189,-0.33258207308331467,0.2208012992073348,0.15973092447533324
340,3,0.8571428571428571,1.3862943611198906,0.1969770254444565,"(0, 1, 1, 0, 1, 0, 1, 1, 0, 0, 0, 1, 0, 1, 1, 1, 1, 0, 0, 1, 1, 0, 1, 1, 0)",8,13,9,14,11.716,11.134,11.788,11.543333333333333,0.0,-0.1969770254444565,0.15085963303120214,-0.10375643129448464,1,1,1,1,5,1,6,-0.581999999999999,0.07200000000000095,-0.1726666666666663,-0.1969770254444565,0.15085963303120214,-0.10375643129448464,-0.5337551785279556,-0.10932266459113808,-0.09552987071989986
340,4,1.1428571428571428,1.3862943611198906,0.33748566057929696,"(1, 0, 1, 0, 0, 0, 1, 1, 0, 1, 1, 0, 1, 1, 1, 1, 1, 1, 1, 0, 1, 1, 0, 1, 0)",9,14,14,19,11.414666666666667,11.771333333333333,10.966666666666667,12.367333333333333,0.0,0.23015567048725968,-0.33748566057929696,-0.46169763533564,1,1,1,1,5,5,10,0.3566666666666656,-0.4480000000000004,0.9526666666666657,0.23015567048725968,-0.33748566057929696,-0.46169763533564,0.1753814806231704,-0.1532054055618108,1.9607252564350666
340,5,1.4285714285714284,1.3862943611198906,2.263695465543348,"(0, 0, 0, 0, 0, 0, 0, 0, 0, 0, 1, 0, 0, 1, 1, 1, 1, 1, 1, 1, 0, 0, 0, 0, 0)",4,9,9,14,6.035333333333333,10.274,3.766,7.289333333333333,0.0,1.0548159761054454,-2.263695465543348,0.8610736375036009,1,1,1,1,5,5,10,4.238666666666666,-2.269333333333333,1.2540000000000004,1.0548159761054454,-2.263695465543348,0.8610736375036009,4.4137542589726895,-0.00781574432599549,0.5447116006641087
340,6,1.7142857142857142,1.3862943611198906,0.19146265454133612,"(0, 1, 1, 0, 1, 0, 0, 0, 1, 1, 0, 0, 0, 0, 0, 1, 0, 1, 0, 0, 1, 0, 1, 1, 0)",6,11,11,16,8.516,10.398,7.856,10.279333333333334,0.0,1.2655943320783856,-0.19146265454133612,0.3148120461396478,1,1,1,1,5,5,10,1.8819999999999997,-0.6600000000000001,1.7633333333333336,1.2655943320783856,-0.19146265454133612,0.3148120461396478,0.8545197016020735,-0.6495306799834281,2.008076892398732
340,7,2.0,1.3862943611198906,1.3114036590780582,"(0, 0, 1, 1, 0, 0, 0, 0, 1, 1, 1, 1, 1, 1, 0, 0, 0, 1, 1, 0, 0, 0, 0, 1, 1)",6,9,11,14,9.392666666666667,6.578666666666667,11.604,10.198,0.0,-1.3114036590780582,1.6033880580712656,0.7898181073420389,1,1,1,1,3,5,8,-2.814,2.2113333333333323,0.8053333333333335,-1.3114036590780582,1.6033880580712656,0.7898181073420389,-2.0830408344594686,0.8427911069652827,0.021508670303232346
350,0,0.0,1.3862943611198906,-0.4740000000000002,"(0, 1, 0, 1, 0, 0, 1, 1, 0, 0, 0, 1, 1, 0, 1, 0, 1, 0, 0, 0, 1, 1, 0, 1, 1)",7,12,12,17,10.496666666666666,10.970666666666666,11.927333333333333,11.192666666666666,0.0,-0.04343722331509062,0.6874787769500335,0.48538786564011116,1,1,1,1,5,5,10,0.4740000000000002,1.4306666666666672,0.6959999999999997,-0.04343722331509062,0.6874787769500335,0.48538786564011116,0.7173203049152439,1.0302771807667606,0.2919704142465383
350,1,0.2857142857142857,1.3862943611198906,0.433879328489168,"(1, 0, 0, 1, 0, 0, 1, 1, 0, 1, 1, 0, 1, 1, 1, 0, 1, 1, 1, 1, 1, 1, 1, 0, 0)",9,14,12,17,10.870666666666667,12.375333333333334,10.092,11.584,0.0,0.3819086932178501,-0.433879328489168,0.21851079785385275,1,1,1,1,5,3,8,1.504666666666667,-0.7786666666666662,0.7133333333333329,0.3819086932178501,-0.433879328489168,0.21851079785385275,1.5564730474944908,-0.4779767427010025,0.6859696906902504
350,2,0.5714285714285714,1.3862943611198906,-0.5880044549043407,"(1, 0, 1, 0, 0, 1, 0, 1, 1, 0, 0, 0, 0, 1, 1, 0, 0, 0, 0, 0, 0, 1, 0, 0, 0)",5,10,8,13,7.316666666666666,7.645333333333333,10.067333333333334,9.647333333333334,0.0,0.5880044549043407,0.7747229020765108,1.3715380278093043,1,1,1,1,5,3,8,0.3286666666666669,2.7506666666666675,2.3306666666666676,0.5880044549043407,0.7747229020765108,1.3715380278093043,-0.3595185134591915,2.7392396987413425,1.3296346236365586
350,3,0.8571428571428571,1.3862943611198906,-0.10599999999999987,"(0, 0, 1, 0, 1, 0, 0, 1, 0, 0, 0, 1, 0, 1, 1, 0, 1, 1, 1, 0, 1, 0, 1, 1, 0)",7,12,10,15,8.828,10.197333333333333,8.934,10.88,0.0,0.2735312807196339,-0.1878582892024237,0.5975236761840304,1,1,1,1,5,3,8,1.3693333333333335,0.10599999999999987,2.0520000000000014,0.2735312807196339,-0.1878582892024237,0.5975236761840304,1.5191042064419733,0.40737408928965785,2.0163323260884685
350,4,1.1428571428571428,1.3862943611198906,1.3122354356947303,"(0, 0, 0, 0, 1, 0, 0, 0, 0, 1, 1, 0, 0, 1, 1, 1, 1, 1, 1, 1, 0, 0, 0, 0, 0)",5,10,8,13,8.042666666666667,10.366,6.122,9.750666666666667,0.0,0.9302959359355221,-1.3122354356947303,1.6373368666480241,1,1,1,1,5,3,8,2.3233333333333324,-1.9206666666666674,1.7080000000000002,0.9302959359355221,-1.3122354356947303,1.6373368666480241,1.9311598888417125,-0.8434647846256301,0.09795990330490727
350,5,1.4285714285714284,1.3862943611198906,0.6595988570208443,"(1, 1, 1, 1, 1, 1, 0, 0, 1, 1, 0, 0, 1, 0, 0, 1, 1, 1, 0, 1, 1, 1, 0, 1, 0)",9,14,12,17,12.075333333333333,11.334,11.230666666666666,11.407333333333334,0.0,-0.4593563381924149,-0.6595988570208443,-0.6382807304009552,1,1,1,1,5,3,8,-0.7413333333333334,-0.8446666666666669,-0.6679999999999993,-0.4593563381924149,-0.6595988570208443,-0.6382807304009552,-0.3909031183293861,-0.25655846093681317,-0.04119965586175653
350,6,1.7142857142857142,1.3862943611198906,1.3226480466738084,"(0, 0, 1, 1, 0, 1, 1, 0, 1, 1, 1, 1, 1, 1, 0, 0, 0, 1, 1, 0, 0, 0, 0, 1, 1)",7,12,12,17,10.467333333333332,8.457333333333333,9.710666666666667,7.405333333333333,0.0,-1.1933529925933597,-1.0269976692589724,-1.3226480466738084,1,1,1,1,5,5,10,-2.01,-0.7566666666666659,-3.0619999999999994,-1.1933529925933597,-1.0269976692589724,-1.3226480466738084,-1.1321131413932586,0.374758344529601,-2.4112538048989656
350,7,2.0,1.3862943611198906,0.724785498534837,"(1, 1, 1, 1, 0, 0, 0, 1, 0, 1, 1, 0, 0, 0, 1, 1, 0, 1, 1, 0, 1, 0, 1, 1, 0)",8,13,11,16,11.408666666666667,11.630666666666666,10.517333333333333,11.266,0.0,0.19685379927902494,-0.724785498534837,-0.023597810680397124,1,1,1,1,5,3,8,0.22199999999999953,-0.8913333333333338,-0.14266666666666694,0.19685379927902494,-0.724785498534837,-0.023597810680397124,0.034860036263076,-0.23088432423788316,-0.16506448363876217
360,0,0.0,1.3862943611198906,0.10178481264755757,"(1, 0, 0, 1, 0, 1, 1, 1, 0, 1, 0, 0, 1, 1, 0, 0, 1, 1, 1, 0, 1, 1, 1, 0, 0)",8,11,11,14,10.467333333333332,9.464666666666666,10.858,11.97,0.0,-0.10178481264755757,0.04673352324041973,0.7876308429056054,1,1,1,1,3,3,6,-1.0026666666666664,0.39066666666666805,1.5026666666666681,-0.10178481264755757,0.04673352324041973,0.7876308429056054,-1.248887434261923,0.4767925773340466,0.9912501304786772
360,1,0.2857142857142857,1.3862943611198906,0.02720217601930832,"(0, 0, 1, 0, 0, 0, 0, 0, 0, 0, 0, 1, 0, 1, 1, 0, 1, 0, 0, 0, 0, 1, 0, 1, 1)",5,10,10,15,8.200666666666667,8.898666666666667,7.599333333333333,11.184,0.0,0.4554747139812801,-0.02720217601930832,1.6884141122199519,1,1,1,1,5,5,10,0.6980000000000004,-0.6013333333333337,2.9833333333333325,0.4554747139812801,-0.02720217601930832,1.6884141122199519,0.3362114364367406,-0.7959147859276703,1.7951392143352403
360,2,0.5714285714285714,1.3862943611198906,0.3743302840437276,"(0, 0, 1, 0, 1, 0, 0, 0, 0, 0, 1, 0, 1, 1, 1, 0, 0, 0, 1, 1, 1, 0, 1, 1, 1)",7,12,12,17,9.959333333333333,11.965333333333334,10.073333333333334,9.501333333333333,0.0,0.7079035138705323,-0.2587133343263294,-0.3743302840437276,1,1,1,1,5,5,10,2.0060000000000002,0.11400000000000077,-0.4580000000000002,0.7079035138705323,-0.2587133343263294,-0.3743302840437276,1.7995438389108256,0.5166903936907841,-0.11599085542668364
360,3,0.8571428571428571,1.3862943611198906,2.357316544730977,"(0, 0, 0, 0, 1, 0, 0, 0, 0, 1, 0, 1, 1, 1, 1, 0, 1, 1, 1, 1, 0, 1, 1, 0, 0)",6,11,9,14,8.961333333333334,10.42,4.114,8.770666666666667,0.0,0.3625005721621723,-2.357316544730977,-0.037491560832952846,1,1,1,1,5,3,8,1.458666666666666,-4.847333333333334,-0.19066666666666698,0.3625005721621723,-2.357316544730977,-0.037491560832952846,1.5196088756623924,-3.451896233133306,-0.21234578548122035
360,4,1.1428571428571428,1.3862943611198906,-0.11866666666666781,"(1, 1, 0, 1, 0, 1, 1, 0, 0, 1, 0, 0, 1, 0, 0, 1, 1, 0, 0, 0, 0, 1, 0, 1, 1)",8,7,13,12,9.828,9.946666666666667,10.232,10.514666666666667,0.0,0.10865467137044044,0.37818110171350616,-0.35566151998064766,1,1,1,1,-1,5,4,0.11866666666666781,0.4039999999999999,0.6866666666666674,0.10865467137044044,0.37818110171350616,-0.35566151998064766,0.013879572622718874,0.03579259310489429,1.4449736875854937
360,5,1.4285714285714284,1.3862943611198906,1.418456390297872,"(0, 0, 1, 1, 0, 0, 0, 0, 1, 1, 1, 1, 1, 1, 1, 0, 0, 1, 1, 1, 0, 0, 0, 1, 1)",7,10,12,15,11.006666666666666,8.252,9.028666666666666,7.902666666666667,0.0,-0.6214911653607258,-0.3801219138190746,-1.418456390297872,1,1,1,1,3,5,8,-2.7546666666666653,-1.9779999999999998,-3.103999999999999,-0.6214911653607258,-0.3801219138190746,-1.418456390297872,-2.9572091687395194,-2.215129380629659,-2.3366596015517245
360,6,1.7142857142857142,1.3862943611198906,1.1714187351463075,"(0, 1, 1, 1, 0, 1, 0, 1, 0, 1, 1, 0, 0, 0, 1, 1, 0, 1, 1, 0, 1, 0, 1, 1, 0)",8,13,11,16,11.434,10.410666666666666,10.392,8.288666666666666,0.0,-0.39993051991240985,0.23067938169034924,-1.1714187351463075,1,1,1,1,5,3,8,-1.0233333333333334,-1.0419999999999998,-3.1453333333333333,-0.39993051991240985,0.23067938169034924,-1.1714187351463075,-0.8642198049517015,-1.7643082503508798,-2.7364266767989087
360,7,2.0,1.3862943611198906,1.0126110144446856,"(1, 0, 1, 1, 1, 0, 0, 0, 1, 1, 0, 0, 1, 0, 0, 1, 1, 1, 0, 1, 1, 1, 1, 0, 0)",7,12,8,13,11.341333333333333,12.225333333333333,9.142666666666667,9.990666666666666,0.0,0.6396978313034349,-1.0126110144446856,0.03595123376504178,1,1,1,1,5,1,6,0.8840000000000003,-2.198666666666666,-1.3506666666666671,0.6396978313034349,-1.0126110144446856,0.03595123376504178,0.3386747188734089,-1.6442222626497056,-1.92226057639638
370,0,0.0,1.3862943611198906,0.448666666666667,"(0, 1, 0, 0, 0, 0, 0, 0, 0, 0, 0, 0, 1, 0, 0, 0, 0, 0, 0, 1, 1, 1, 0, 0, 1)",5,8,8,11,7.013333333333334,8.756666666666666,8.348,6.564666666666667,0.0,0.4190921886372214,0.18268279025424314,-0.6951496057482291,1,1,1,1,3,3,6,1.7433333333333323,1.3346666666666671,-0.448666666666667,0.4190921886372214,0.18268279025424314,-0.6951496057482291,1.8357880316551676,1.5969887519715762,0.3416979085610271
370,1,0.2857142857142857,1.3862943611198906,-0.43866666666666543,"(1, 0, 1, 0, 0, 0, 0, 0, 0, 0, 1, 1, 0, 1, 1, 0, 0, 0, 1, 0, 0, 0, 1, 1, 1)",6,9,11,14,7.980666666666667,10.317333333333334,8.419333333333332,10.252,0.0,0.6679782362702804,-0.3203880301254859,0.23560842830766518,1,1,1,1,3,5,8,2.336666666666667,0.43866666666666543,2.2713333333333336,0.6679782362702804,-0.3203880301254859,0.23560842830766518,2.3132933615245115,1.0522732459445276,2.822113956628409
370,2,0.5714285714285714,1.3862943611198906,0.00847179887351029,"(1, 1, 1, 0, 0, 1, 0, 1, 0, 0, 0, 0, 1, 1, 1, 0, 0, 1, 1, 0, 1, 1, 1, 1, 0)",7,10,10,13,10.622,9.909333333333333,11.832,10.708,0.0,-0.00847179887351029,0.012106970753780973,-0.07174843482329449,1,1,1,1,3,3,6,-0.7126666666666672,1.2100000000000009,0.0860000000000003,-0.00847179887351029,0.012106970753780973,-0.07174843482329449,-0.9762213743512204,1.660632351668859,0.21868576567102213
370,3,0.8571428571428571,1.3862943611198906,1.7745800083988925,"(1, 1, 0, 1, 0, 1, 1, 0, 0, 1, 0, 0, 0, 1, 0, 1, 1, 0, 0, 1, 0, 1, 0, 0, 1)",8,9,13,14,11.452666666666667,9.086,10.396,8.223333333333333,0.0,-0.9924635363964089,-0.5199836115853915,-1.7745800083988925,1,1,1,1,1,5,6,-2.366666666666667,-1.0566666666666666,-3.2293333333333347,-0.9924635363964089,-0.5199836115853915,-1.7745800083988925,-1.9050500505269614,-0.7440006929677674,-2.016716331177029
370,4,1.1428571428571428,1.3862943611198906,0.8211791664447066,"(0, 0, 1, 1, 0, 1, 0, 0, 1, 1, 0, 1, 1, 1, 1, 0, 0, 1, 1, 1, 0, 0, 0, 1, 1)",7,12,12,17,11.572,9.333333333333334,12.556,11.652,0.0,-0.8211791664447066,0.8395090585528477,0.25233638026517785,1,1,1,1,5,5,10,-2.2386666666666653,0.984,0.08000000000000007,-0.8211791664447066,0.8395090585528477,0.25233638026517785,-1.965054928515631,0.20030697736109143,-0.23890895217742913
370,5,1.4285714285714284,1.3862943611198906,-0.13199999999999967,"(0, 1, 0, 0, 0, 1, 0, 1, 0, 1, 1, 0, 0, 0, 1, 1, 0, 1, 1, 0, 1, 0, 1, 1, 0)",7,12,10,15,8.71,10.87,8.842,9.342,0.0,1.3966145524748952,-0.0797889421177904,0.9864562608315566,1,1,1,1,5,3,8,2.1599999999999984,0.13199999999999967,0.6319999999999997,1.3966145524748952,-0.0797889421177904,0.9864562608315566,1.0582769412650346,0.2936018162054393,-0.4913807156544285
370,6,1.7142857142857142,1.3862943611198906,1.2370674747806736,"(1, 0, 1, 1, 1, 0, 0, 0, 1, 1, 0, 0, 1, 0, 0, 0, 1, 1, 0, 0, 1, 1, 1, 0, 0)",6,11,7,12,9.069333333333333,12.362,6.844,9.16,0.0,0.9438508141331378,-1.2370674747806736,0.0645705106868278,1,1,1,1,5,1,6,3.2926666666666673,-2.2253333333333325,0.09066666666666734,0.9438508141331378,-1.2370674747806736,0.0645705106868278,3.2561501716762407,-1.3700273869988584,0.036176953881756665
370,7,2.0,1.3862943611198906,0.6843673162728525,"(0, 0, 0, 0, 1, 0, 0, 0, 0, 1, 0, 1, 1, 0, 1, 0, 1, 1, 0, 1, 0, 1, 1, 0, 0)",5,10,8,13,7.75,10.291333333333334,5.931333333333333,10.812666666666667,0.0,0.40473634036429257,-0.6843673162728525,1.388420012473609,1,1,1,1,5,3,8,2.541333333333334,-1.818666666666667,3.062666666666667,0.40473634036429257,-0.6843673162728525,1.388420012473609,2.961952363338697,-1.5724727932729001,2.3209986958316793
380,0,0.0,1.3862943611198906,-0.6854147386790325,"(1, 0, 1, 0, 1, 0, 0, 1, 0, 1, 0, 0, 1, 1, 0, 0, 0, 0, 0, 1, 0, 0, 1, 0, 1)",6,11,11,16,9.279333333333334,9.066666666666666,10.677333333333333,11.22,0.0,0.6854147386790325,0.6954576711618116,0.9310044863867596,1,1,1,1,5,5,10,-0.21266666666666723,1.3979999999999997,1.940666666666667,0.6854147386790325,0.6954576711618116,0.9310044863867596,-1.2450051880573703,0.9739304689164161,1.3996889871580502
380,1,0.2857142857142857,1.3862943611198906,0.1162330805445638,"(1, 0, 0, 1, 0, 1, 1, 1, 0, 0, 0, 1, 1, 1, 1, 0, 1, 1, 1, 1, 0, 1, 1, 1, 0)",8,13,11,16,10.538,9.964,10.624,10.203333333333333,0.0,-0.1162330805445638,-0.32528627020144185,0.10696031159573866,1,1,1,1,5,3,8,-0.5739999999999998,0.0860000000000003,-0.3346666666666671,-0.1162330805445638,-0.32528627020144185,0.10696031159573866,-0.6345996991482941,0.5701638371862909,-0.6122249896835896
380,2,0.5714285714285714,1.3862943611198906,0.4947530542130109,"(0, 0, 0, 1, 0, 1, 1, 0, 0, 1, 0, 0, 0, 1, 0, 0, 1, 0, 0, 1, 1, 1, 0, 0, 1)",7,10,10,13,9.502,9.316,8.397333333333334,9.075333333333333,0.0,0.06746632557450138,-0.4947530542130109,-0.8203473898280355,1,1,1,1,3,3,6,-0.18599999999999994,-1.1046666666666667,-0.42666666666666764,0.06746632557450138,-0.4947530542130109,-0.8203473898280355,-0.3513789378777095,-0.8455198017147652,0.5457573666002049
380,3,0.8571428571428571,1.3862943611198906,0.005637597068554463,"(0, 0, 0, 0, 0, 1, 0, 0, 0, 1, 0, 1, 1, 1, 1, 0, 0, 1, 1, 1, 0, 0, 1, 1, 1)",6,11,11,16,9.076,8.864,10.725333333333333,10.529333333333334,0.0,-0.005637597068554463,0.694379442214275,0.5023006568457735,1,1,1,1,5,5,10,-0.21199999999999974,1.6493333333333329,1.4533333333333331,-0.005637597068554463,0.694379442214275,0.5023006568457735,-0.2860790355310134,1.323847194387848,1.318411236655461
380,4,1.1428571428571428,1.3862943611198906,0.7275580872570779,"(1, 1, 0, 0, 1, 0, 0, 1, 0, 0, 1, 0, 0, 0, 1, 1, 0, 1, 1, 0, 0, 1, 0, 1, 1)",8,11,11,14,10.68,10.882666666666667,9.038666666666666,10.332,0.0,-0.3192173815538736,-0.7275580872570779,0.3857595108876287,1,1,1,1,3,3,6,0.20266666666666744,-1.6413333333333338,-0.347999999999999,-0.3192173815538736,-0.7275580872570779,0.3857595108876287,0.7234849132065571,-1.2667614709664539,-1.0172066723616073
380,5,1.4285714285714284,1.3862943611198906,1.2370674747806736,"(1, 0, 1, 1, 1, 0, 0, 0, 1, 1, 0, 0, 1, 0, 0, 0, 1, 1, 0, 0, 1, 1, 1, 0, 0)",6,11,7,12,9.069333333333333,12.362,6.844,9.16,0.0,0.9438508141331378,-1.2370674747806736,0.0645705106868278,1,1,1,1,5,1,6,3.2926666666666673,-2.2253333333333325,0.09066666666666734,0.9438508141331378,-1.2370674747806736,0.0645705106868278,3.2561501716762407,-1.3700273869988584,0.036176953881756665
380,6,1.7142857142857142,1.3862943611198906,0.24463474492562465,"(0, 0, 0, 0, 1, 0, 0, 0, 0, 1, 0, 0, 0, 0, 1, 0, 1, 1, 0, 1, 0, 1, 1, 0, 0)",4,9,7,12,7.531333333333333,10.598,6.768666666666666,8.774666666666667,0.0,2.0475567713740785,-0.24463474492562465,1.4639576518839625,1,1,1,1,5,3,8,3.0666666666666673,-0.762666666666667,1.2433333333333332,2.0475567713740785,-0.24463474492562465,1.4639576518839625,1.412786301205598,-0.7181447319897075,-0.3058502487326559
380,7,2.0,1.3862943611198906,0.940770159997316,"(1, 0, 1, 1, 0, 1, 1, 0, 0, 0, 0, 1, 1, 0, 0, 0, 0, 0, 1, 0, 0, 0, 1, 0, 1)",7,10,12,15,9.324,9.676,8.828,8.2,0.0,0.23640939838297897,-1.0937862509235936,-0.940770159997316,1,1,1,1,3,5,8,0.3520000000000003,-0.49600000000000044,-1.1240000000000006,0.23640939838297897,-1.0937862509235936,-0.940770159997316,0.1602425992201324,0.8287077088103771,-0.25401049398462144
390,0,0.0,1.3862943611198906,-0.3034136258371071,"(1, 0, 0, 1, 0, 1, 1, 1, 0, 0, 0, 1, 0, 1, 1, 0, 0, 0, 1, 1, 0, 0, 1, 1, 0)",7,12,8,13,8.789333333333333,10.374666666666666,9.012,9.980666666666666,0.0,0.4291351211200015,0.3034136258371071,0.7644335172628648,1,1,1,1,5,1,6,1.5853333333333328,0.222666666666667,1.1913333333333327,0.4291351211200015,0.3034136258371071,0.7644335172628648,1.6028310619282395,-0.11193905417555916,0.591808807781608
390,1,0.2857142857142857,1.3862943611198906,-2.044666666666666,"(1, 1, 0, 0, 1, 0, 0, 1, 0, 1, 0, 0, 1, 1, 0, 0, 0, 0, 0, 1, 0, 0, 1, 0, 1)",6,9,7,10,7.504666666666667,11.505333333333333,9.549333333333333,11.750666666666667,0.0,0.4792881704511833,0.16358273461214703,0.9856244842148838,1,1,1,1,3,1,4,4.000666666666666,2.044666666666666,4.246,0.4792881704511833,0.16358273461214703,0.9856244842148838,4.881667152672363,2.6077360478004112,4.519840192666262
390,2,0.5714285714285714,1.3862943611198906,-2.3680000000000003,"(0, 0, 0, 0, 0, 0, 0, 1, 0, 1, 0, 1, 0, 0, 1, 0, 0, 0, 0, 1, 0, 0, 1, 1, 1)",5,10,10,15,6.911333333333333,9.279333333333334,9.546,11.027333333333333,0.0,1.0377799587343501,0.2401986029700387,1.1421525208559995,1,1,1,1,5,5,10,2.3680000000000003,2.634666666666666,4.116,1.0377799587343501,0.2401986029700387,1.1421525208559995,1.844076542255239,3.3194375745842977,4.122627991167929
390,3,0.8571428571428571,1.3862943611198906,0.11866666666666781,"(1, 1, 0, 0, 1, 0, 1, 1, 0, 0, 1, 1, 0, 0, 1, 1, 0, 1, 1, 0, 0, 1, 0, 1, 1)",8,11,13,16,11.041333333333334,10.922666666666666,12.602666666666666,11.817333333333334,0.0,-0.4894851356407542,0.7379090851534382,0.4938904710549797,1,1,1,1,3,5,8,-0.11866666666666781,1.561333333333332,0.7759999999999998,-0.4894851356407542,0.7379090851534382,0.4938904710549797,0.514063552537887,1.141508392061172,0.39108684919466996
390,4,1.1428571428571428,1.3862943611198906,0.005333333333334522,"(0, 0, 1, 1, 0, 0, 1, 0, 0, 1, 0, 0, 1, 1, 0, 0, 1, 1, 0, 0, 1, 0, 1, 1, 1)",7,10,12,15,11.326,10.661333333333333,11.320666666666666,11.04,0.0,0.13102022039650865,-0.12180906453040084,0.21493723905629938,1,1,1,1,3,5,8,-0.6646666666666672,-0.005333333333334522,-0.28600000000000136,0.13102022039650865,-0.12180906453040084,0.21493723905629938,-1.10305624475272,0.16146964936580915,-0.6944464697787163
390,5,1.4285714285714284,1.3862943611198906,1.991119187605819,"(0, 0, 0, 1, 1, 0, 0, 0, 0, 1, 1, 0, 0, 1, 1, 1, 1, 1, 0, 1, 0, 1, 1, 0, 0)",7,12,12,17,10.319333333333333,9.657333333333334,7.986,7.204,0.0,-0.5349247841441288,-0.8696994690839033,-1.991119187605819,1,1,1,1,5,5,10,-0.661999999999999,-2.333333333333333,-3.115333333333333,-0.5349247841441288,-0.8696994690839033,-1.991119187605819,-0.1761636551790858,-2.0290273727531,-1.5584917309132678
390,6,1.7142857142857142,1.3862943611198906,0.8437911678016403,"(1, 0, 1, 1, 0, 1, 1, 0, 0, 0, 0, 1, 1, 0, 0, 1, 0, 0, 1, 0, 1, 0, 1, 0, 1)",8,11,13,16,10.364666666666666,9.748666666666667,9.282666666666668,9.512666666666666,0.0,-0.2889345513987438,-0.45963359706463935,-0.8437911678016403,1,1,1,1,3,5,8,-0.6159999999999997,-1.081999999999999,-0.8520000000000003,-0.2889345513987438,-0.45963359706463935,-0.8437911678016403,-0.4534089871130684,-0.8627830349397587,-0.011379857787965856
390,7,2.0,1.3862943611198906,1.3768983660056338,"(0, 1, 0, 0, 0, 1, 1, 0, 0, 1, 0, 0, 0, 0, 0, 1, 0, 0, 1, 1, 1, 1, 1, 1, 1)",6,11,9,14,9.205333333333334,10.860666666666667,6.674,8.106,0.0,0.49918919616859314,-1.3768983660056338,-0.09260446332280735,1,1,1,1,5,3,8,1.655333333333333,-2.5313333333333334,-1.099333333333334,0.49918919616859314,-1.3768983660056338,-0.09260446332280735,1.6027560979933002,-1.6003866854860151,-1.3956225556721924
400,0,0.0,1.3862943611198906,-0.8659999999999997,"(1, 1, 0, 0, 1, 0, 0, 0, 0, 1, 0, 1, 0, 1, 1, 0, 1, 0, 1, 1, 0, 0, 1, 0, 1)",7,12,12,17,10.388,11.662,11.254,12.034,0.0,0.9671713659413091,-0.3222364226069793,0.6457051068682863,1,1,1,1,5,5,10,1.274000000000001,0.8659999999999997,1.6460000000000008,0.9671713659413091,-0.3222364226069793,0.6457051068682863,0.4253548052256828,1.6472454523373263,1.3867031698055194
400,1,0.2857142857142857,1.3862943611198906,0.26003801560473294,"(0, 1, 0, 0, 0, 0, 1, 0, 0, 1, 0, 1, 1, 0, 1, 0, 1, 1, 0, 1, 0, 0, 1, 1, 1)",6,11,9,14,9.983333333333333,11.606666666666667,8.886666666666667,11.596,0.0,0.15461803107690536,-0.26003801560473294,0.5775918439252632,1,1,1,1,5,3,8,1.6233333333333348,-1.0966666666666658,1.6126666666666676,0.15461803107690536,-0.26003801560473294,0.5775918439252632,2.0360717416085836,-1.159813581318498,1.4349183901035791
400,2,0.5714285714285714,1.3862943611198906,-0.13199999999999967,"(0, 1, 0, 0, 1, 0, 1, 1, 0, 0, 1, 1, 0, 0, 1, 1, 0, 1, 1, 0, 0, 0, 0, 1, 1)",8,13,9,14,11.937333333333333,12.334,12.069333333333333,12.577333333333334,0.0,0.0717176282819368,9.241962407419773e-05,0.19306459469196452,1,1,1,1,5,1,6,0.3966666666666665,0.13199999999999967,0.6400000000000006,0.0717176282819368,9.241962407419773e-05,0.19306459469196452,0.4504750195640817,0.18286273486411422,0.6195840321633632
400,3,0.8571428571428571,1.3862943611198906,-1.0086666666666666,"(0, 1, 0, 1, 1, 0, 1, 0, 1, 0, 0, 0, 0, 1, 1, 0, 1, 0, 0, 1, 1, 0, 1, 1, 0)",7,10,10,13,10.170666666666667,11.179333333333334,11.307333333333334,11.406666666666666,0.0,0.7785737197462895,0.4126228149519952,0.5560272649745095,1,1,1,1,3,3,6,1.0086666666666666,1.1366666666666667,1.2359999999999989,0.7785737197462895,0.4126228149519952,0.5560272649745095,0.31897655484917703,1.0037379088355753,0.9426423682811055
400,4,1.1428571428571428,1.3862943611198906,-0.625333333333332,"(0, 1, 0, 1, 0, 0, 0, 0, 0, 1, 1, 0, 0, 1, 1, 1, 1, 1, 0, 0, 1, 0, 1, 0, 1)",8,11,13,16,9.332,11.580666666666668,9.957333333333333,11.008,0.0,0.8900009798389696,0.21114803446923833,0.999518234367441,1,1,1,1,3,5,8,2.248666666666667,0.625333333333332,1.6759999999999984,0.8900009798389696,0.21114803446923833,0.999518234367441,1.8835105802963197,0.5741827442740496,0.9378028570968416
400,5,1.4285714285714284,1.3862943611198906,0.7578101108708482,"(1, 0, 1, 1, 1, 1, 1, 0, 0, 1, 0, 1, 1, 0, 0, 1, 0, 0, 1, 0, 1, 1, 0, 0, 1)",9,10,12,13,11.047333333333333,10.895333333333333,10.232,11.46,0.0,-0.5746344159548734,-0.7578101108708482,-0.5176423144421682,1,1,1,1,1,3,4,-0.15199999999999925,-0.8153333333333332,0.4126666666666683,-0.5746344159548734,-0.7578101108708482,-0.5176423144421682,0.5858957076534403,-0.07974411893318811,1.2896820946103709
400,6,1.7142857142857142,1.3862943611198906,1.3768983660056338,"(0, 1, 0, 0, 0, 1, 1, 0, 0, 1, 0, 0, 0, 0, 0, 1, 0, 0, 1, 1, 1, 1, 1, 1, 1)",6,11,9,14,9.205333333333334,10.860666666666667,6.674,8.106,0.0,0.49918919616859314,-1.3768983660056338,-0.09260446332280735,1,1,1,1,5,3,8,1.655333333333333,-2.5313333333333334,-1.099333333333334,0.49918919616859314,-1.3768983660056338,-0.09260446332280735,1.6027560979933002,-1.6003866854860151,-1.3956225556721924
400,7,2.0,1.3862943611198906,-0.17466666666666697,"(0, 0, 0, 1, 0, 1, 1, 1, 0, 0, 0, 1, 0, 1, 0, 1, 1, 1, 1, 0, 1, 1, 1, 1, 0)",8,11,13,16,11.952,13.212,11.829333333333333,12.126666666666667,0.0,-0.28979713455677303,0.2770432264344702,-0.31681447132793233,1,1,1,1,3,5,8,1.2599999999999998,-0.12266666666666737,0.17466666666666697,-0.28979713455677303,0.2770432264344702,-0.31681447132793233,2.1484750285158185,-0.5541155708899412,0.6813375301986998
410,0,0.0,1.3862943611198906,-0.16727951957513335,"(0, 1, 0, 0, 0, 0, 1, 0, 0, 1, 0, 1, 1, 0, 1, 0, 1, 0, 1, 1, 0, 0, 0, 0, 1)",6,11,9,14,8.635333333333334,11.301333333333334,8.574,11.898,0.0,0.6523593198016623,0.16727951957513335,1.3128823730632526,1,1,1,1,5,3,8,2.6660000000000004,-0.061333333333333684,3.262666666666666,0.6523593198016623,0.16727951957513335,1.3128823730632526,2.791498720280577,-0.31692470886653884,2.7029749716225413
410,1,0.2857142857142857,1.3862943611198906,0.6609543448406049,"(0, 1, 1, 0, 1, 0, 1, 1, 1, 1, 1, 1, 0, 0, 1, 1, 0, 1, 0, 1, 0, 0, 0, 1, 0)",8,13,11,16,11.544,10.092,11.692666666666666,9.656,0.0,-0.36542719359120296,0.10754563588154464,-0.6609543448406049,1,1,1,1,5,3,8,-1.452,0.1486666666666654,-1.888,-0.36542719359120296,0.10754563588154464,-0.6609543448406049,-1.5063097544707298,0.05700585310085032,-1.7010464725841312
410,2,0.5714285714285714,1.3862943611198906,-1.2039999999999988,"(1, 0, 0, 0, 1, 0, 1, 0, 0, 0, 0, 0, 0, 1, 1, 0, 1, 0, 0, 1, 1, 0, 1, 1, 0)",7,12,12,17,9.009333333333334,11.176,10.213333333333333,11.064666666666668,0.0,0.7341506871077361,0.8831619276574451,1.423108178042963,1,1,1,1,5,5,10,2.166666666666666,1.2039999999999988,2.0553333333333335,0.7341506871077361,0.8831619276574451,1.423108178042963,1.985888824676681,0.44477601052105786,0.8764501677371876
410,3,0.8571428571428571,1.3862943611198906,-0.03342509737366894,"(0, 1, 0, 1, 0, 1, 1, 0, 0, 1, 1, 0, 0, 0, 1, 1, 1, 0, 0, 0, 1, 0, 1, 0, 1)",7,10,10,13,10.479333333333333,11.028666666666666,10.316666666666666,10.050666666666666,0.0,0.5143460145168386,0.41792154006560805,0.03342509737366894,1,1,1,1,3,3,6,0.5493333333333332,-0.16266666666666652,-0.42866666666666653,0.5143460145168386,0.41792154006560805,0.03342509737366894,0.04850272278601036,-0.8048661571256615,-0.6405952068090601
410,4,1.1428571428571428,1.3862943611198906,0.4544889046578162,"(1, 0, 1, 1, 1, 1, 1, 1, 0, 1, 0, 1, 0, 0, 0, 0, 0, 0, 0, 1, 1, 1, 0, 1, 1)",7,10,6,9,9.324666666666667,12.0,7.730666666666667,10.952,0.0,0.5111729407569408,-0.4544889046578162,-0.12036115708656389,1,1,1,1,3,-1,2,2.6753333333333327,-1.5940000000000003,1.6273333333333326,0.5111729407569408,-0.4544889046578162,-0.12036115708656389,3.0001633487876607,-1.5796978059064197,2.4228190170294033
410,5,1.4285714285714284,1.3862943611198906,1.6915871859798488,"(0, 1, 1, 0, 0, 1, 1, 1, 0, 1, 0, 0, 0, 0, 0, 1, 0, 0, 1, 1, 1, 1, 1, 1, 1)",7,12,12,17,9.856,11.962666666666667,6.554666666666667,9.166666666666666,0.0,0.679931174317269,-1.6915871859798488,-0.4127152345760709,1,1,1,1,5,5,10,2.1066666666666674,-3.301333333333333,-0.6893333333333338,0.679931174317269,-1.6915871859798488,-0.4127152345760709,1.9778753678535819,-2.2315820069106036,-0.3834741104908986
410,6,1.7142857142857142,1.3862943611198906,0.22756792101316983,"(1, 1, 1, 0, 1, 0, 0, 0, 0, 1, 0, 1, 1, 0, 1, 0, 1, 0, 1, 1, 0, 0, 0, 0, 1)",7,10,10,13,11.634,9.902666666666667,11.720666666666666,12.330666666666668,0.0,-0.22756792101316983,0.8100271984730306,0.30048700440807646,1,1,1,1,3,3,6,-1.7313333333333336,0.086666666666666,0.6966666666666672,-0.22756792101316983,0.8100271984730306,0.30048700440807646,-2.08466151154657,-1.0027906262998485,0.549221631779467
410,7,2.0,1.3862943611198906,0.6087064506970651,"(0, 1, 0, 0, 0, 1, 0, 1, 0, 0, 0, 0, 0, 1, 0, 1, 1, 1, 1, 0, 1, 0, 1, 0, 0)",7,10,12,15,8.944666666666667,10.07,8.044,10.989333333333333,0.0,0.6670232334881745,-0.6087064506970651,0.5374817270768597,1,1,1,1,3,5,8,1.1253333333333337,-0.9006666666666661,2.044666666666666,0.6670232334881745,-0.6087064506970651,0.5374817270768597,0.6353527070596383,-0.40474280107000327,2.089401982918172
420,0,0.0,1.3862943611198906,-1.626666666666667,"(1, 0, 1, 0, 1, 0, 0, 1, 1, 0, 1, 0, 0, 0, 0, 1, 0, 1, 1, 1, 0, 0, 0, 0, 0)",6,11,11,16,8.124,9.754,9.750666666666667,12.031333333333333,0.0,0.671983086646849,0.973425093837029,0.4182912185619084,1,1,1,1,5,5,10,1.629999999999999,1.626666666666667,3.907333333333332,0.671983086646849,0.973425093837029,0.4182912185619084,1.3280934448389545,0.9055851088628154,4.8368394094174425
420,1,0.2857142857142857,1.3862943611198906,-2.114,"(0, 0, 0, 0, 1, 0, 1, 0, 1, 1, 0, 0, 0, 1, 0, 0, 0, 0, 0, 0, 0, 1, 0, 0, 0)",4,9,5,10,5.1513333333333335,10.492,7.265333333333333,10.176,0.0,2.184738300042231,0.9201605838286668,3.021135897917898,1,1,1,1,5,1,6,5.340666666666667,2.114,5.024666666666667,2.184738300042231,0.9201605838286668,3.021135897917898,4.375045698749763,1.6550128507209814,2.7774834070466174
420,2,0.5714285714285714,1.3862943611198906,-1.8626666666666658,"(0, 1, 0, 0, 1, 1, 1, 1, 1, 1, 1, 0, 1, 0, 1, 0, 0, 0, 0, 0, 0, 1, 0, 0, 1)",6,9,11,14,8.184666666666667,10.515333333333333,10.047333333333333,11.959333333333333,0.0,0.6137279169384544,0.2067735055963712,1.280689537343913,1,1,1,1,3,5,8,2.3306666666666658,1.8626666666666658,3.7746666666666666,0.6137279169384544,0.2067735055963712,1.280689537343913,2.3801825071364546,2.29555535180874,3.457386431142105
420,3,0.8571428571428571,1.3862943611198906,0.3103450976427061,"(1, 1, 1, 1, 1, 1, 0, 0, 0, 0, 0, 0, 1, 0, 1, 0, 0, 0, 0, 1, 1, 1, 1, 1, 1)",8,13,9,14,12.253333333333334,12.428,11.190666666666667,12.542,0.0,0.16040966085225022,-0.3103450976427061,0.34694326877627146,1,1,1,1,5,1,6,0.17466666666666697,-1.0626666666666669,0.28866666666666596,0.16040966085225022,-0.3103450976427061,0.34694326877627146,0.019764406766979426,-1.0429391488867854,-0.08078852488977363
420,4,1.1428571428571428,1.3862943611198906,1.156169497173988,"(0, 1, 1, 1, 0, 1, 1, 0, 1, 1, 0, 0, 0, 0, 0, 1, 0, 0, 1, 1, 1, 1, 1, 0, 1)",8,11,13,16,10.182,10.098,8.881333333333334,8.056,0.0,-0.015865368799482797,-0.7232759780082846,-1.156169497173988,1,1,1,1,3,5,8,-0.08399999999999963,-1.3006666666666664,-2.1260000000000012,-0.015865368799482797,-0.7232759780082846,-1.156169497173988,-0.09445465503025983,-0.8004334558502451,-1.3444705573097702
420,5,1.4285714285714284,1.3862943611198906,0.22756792101316983,"(1, 1, 1, 0, 1, 0, 0, 0, 0, 1, 0, 1, 1, 0, 1, 0, 1, 0, 1, 1, 0, 0, 0, 0, 1)",7,10,10,13,11.634,9.902666666666667,11.720666666666666,12.330666666666668,0.0,-0.22756792101316983,0.8100271984730306,0.30048700440807646,1,1,1,1,3,3,6,-1.7313333333333336,0.086666666666666,0.6966666666666672,-0.22756792101316983,0.8100271984730306,0.30048700440807646,-2.08466151154657,-1.0027906262998485,0.549221631779467
420,6,1.7142857142857142,1.3862943611198906,0.5092629351927311,"(0, 0, 1, 0, 1, 1, 1, 0, 1, 1, 0, 0, 1, 1, 0, 1, 1, 0, 1, 0, 1, 0, 0, 0, 0)",8,11,9,12,10.412666666666667,12.444666666666667,9.687333333333333,12.696,0.0,0.6556556197269914,-0.5092629351927311,0.9819585057932559,1,1,1,1,3,1,4,2.032,-0.7253333333333334,2.283333333333333,0.6556556197269914,-0.5092629351927311,0.9819585057932559,1.9080184533315223,-0.2995371745472466,1.8040885851221793
420,7,2.0,1.3862943611198906,1.2928581211804107,"(0, 0, 0, 0, 0, 1, 0, 0, 0, 0, 0, 1, 1, 0, 1, 0, 1, 0, 1, 1, 0, 0, 0, 0, 1)",6,11,11,16,7.824666666666666,11.565333333333333,6.341333333333333,10.595333333333333,0.0,1.5433769155054535,-1.2928581211804107,0.9595313436844719,1,1,1,1,5,5,10,3.740666666666667,-1.4833333333333334,2.770666666666666,1.5433769155054535,-1.2928581211804107,0.9595313436844719,3.0460903917813176,-0.26405471254071167,2.5107666854752675
430,0,0.0,1.3862943611198906,-2.929333333333333,"(0, 0, 0, 0, 1, 0, 1, 0, 1, 0, 0, 0, 0, 0, 0, 0, 0, 0, 0, 0, 0, 1, 0, 0, 0)",4,9,5,10,4.690666666666667,9.191333333333333,7.62,10.085333333333333,0.0,2.61427390619989,1.8076354272762627,2.446532288504382,1,1,1,1,5,1,6,4.500666666666666,2.929333333333333,5.394666666666666,2.61427390619989,1.8076354272762627,2.446532288504382,2.6150956466924753,1.5550034820469054,4.086982064270069
430,1,0.2857142857142857,1.3862943611198906,-0.2586666666666666,"(0, 1, 0, 0, 1, 1, 1, 0, 0, 1, 1, 0, 1, 0, 1, 1, 0, 0, 1, 1, 0, 1, 0, 1, 1)",8,13,13,18,10.425333333333333,11.838,10.684,10.976,0.0,0.2629954435751227,-0.18434634348758694,-0.020024251882842875,1,1,1,1,5,5,10,1.4126666666666665,0.2586666666666666,0.5506666666666682,0.2629954435751227,-0.18434634348758694,-0.020024251882842875,1.5937827337136148,0.6141464378795906,0.791145602327518
430,2,0.5714285714285714,1.3862943611198906,-0.31924818809523153,"(1, 0, 1, 1, 1, 0, 1, 0, 0, 0, 1, 0, 0, 1, 1, 0, 0, 1, 1, 1, 1, 1, 0, 0, 1)",8,9,13,14,11.398,12.705333333333334,11.618666666666666,12.280666666666667,0.0,-0.17756890438877826,0.31924818809523153,0.14864156205341025,1,1,1,1,1,5,6,1.3073333333333341,0.22066666666666634,0.8826666666666672,-0.17756890438877826,0.31924818809523153,0.14864156205341025,2.0585115989684715,-0.1366630072670396,1.0175748634457957
430,3,0.8571428571428571,1.3862943611198906,0.8538957133671365,"(0, 1, 1, 1, 0, 1, 1, 0, 1, 1, 0, 0, 0, 0, 0, 1, 0, 1, 1, 0, 1, 1, 1, 0, 1)",8,11,13,16,10.707333333333333,11.232,9.222666666666667,9.416,0.0,0.1406010547589155,-0.8538957133671365,-0.8473955331405515,1,1,1,1,3,5,8,0.5246666666666666,-1.4846666666666657,-1.2913333333333323,0.1406010547589155,-0.8538957133671365,-0.8473955331405515,0.5324279920877757,-0.8744342157173551,-0.6154284690952208
430,4,1.1428571428571428,1.3862943611198906,0.22756792101316983,"(1, 1, 1, 0, 1, 0, 0, 0, 0, 1, 0, 1, 1, 0, 1, 0, 1, 0, 1, 1, 0, 0, 0, 0, 1)",7,10,10,13,11.634,9.902666666666667,11.720666666666666,12.330666666666668,0.0,-0.22756792101316983,0.8100271984730306,0.30048700440807646,1,1,1,1,3,3,6,-1.7313333333333336,0.086666666666666,0.6966666666666672,-0.22756792101316983,0.8100271984730306,0.30048700440807646,-2.08466151154657,-1.0027906262998485,0.549221631779467
430,5,1.4285714285714284,1.3862943611198906,0.5092629351927311,"(0, 0, 1, 0, 1, 1, 1, 0, 1, 1, 0, 0, 1, 1, 0, 1, 1, 0, 1, 0, 1, 0, 0, 0, 0)",8,11,9,12,10.412666666666667,12.444666666666667,9.687333333333333,12.696,0.0,0.6556556197269914,-0.5092629351927311,0.9819585057932559,1,1,1,1,3,1,4,2.032,-0.7253333333333334,2.283333333333333,0.6556556197269914,-0.5092629351927311,0.9819585057932559,1.9080184533315223,-0.2995371745472466,1.8040885851221793
430,6,1.7142857142857142,1.3862943611198906,1.2928581211804107,"(0, 0, 0, 0, 0, 1, 0, 0, 0, 0, 0, 1, 1, 0, 1, 0, 1, 0, 1, 1, 0, 0, 0, 0, 1)",6,11,11,16,7.824666666666666,11.565333333333333,6.341333333333333,10.595333333333333,0.0,1.5433769155054535,-1.2928581211804107,0.9595313436844719,1,1,1,1,5,5,10,3.740666666666667,-1.4833333333333334,2.770666666666666,1.5433769155054535,-1.2928581211804107,0.9595313436844719,3.0460903917813176,-0.26405471254071167,2.5107666854752675
430,7,2.0,1.3862943611198906,0.713448691315013,"(1, 0, 0, 0, 1, 0, 0, 1, 1, 0, 1, 1, 0, 0, 0, 1, 1, 1, 1, 1, 0, 0, 1, 1, 1)",7,12,12,17,10.933333333333334,11.322,8.315333333333333,8.46,0.0,-0.38083046427031253,-0.4068003786352922,-0.713448691315013,1,1,1,1,5,5,10,0.3886666666666656,-2.6180000000000003,-2.4733333333333327,-0.38083046427031253,-0.4068003786352922,-0.713448691315013,1.066749533515867,-3.0653735664083324,-2.439718155451494
440,0,0.0,1.3862943611198906,-3.4426666666666677,"(0, 0, 0, 0, 1, 0, 1, 0, 1, 0, 0, 0, 0, 0, 0, 0, 0, 0, 0, 0, 0, 0, 1, 0, 0)",5,10,10,15,6.18,10.013333333333334,9.622666666666667,10.613333333333333,0.0,1.0391970596368276,0.36274702449303775,2.3936990700750354,1,1,1,1,5,5,10,3.833333333333334,3.4426666666666677,4.433333333333334,1.0391970596368276,0.36274702449303775,2.3936990700750354,3.87349536042601,4.269675232647694,2.827533477901901
440,1,0.2857142857142857,1.3862943611198906,-0.0641392191078136,"(0, 1, 1, 1, 1, 0, 1, 1, 0, 0, 1, 1, 1, 1, 0, 0, 0, 1, 1, 1, 0, 0, 0, 0, 1)",7,10,8,11,9.900666666666666,9.000666666666667,10.033333333333333,10.41,0.0,0.0641392191078136,0.16225805333374368,0.27547209282520213,1,1,1,1,3,1,4,-0.8999999999999986,0.13266666666666715,0.5093333333333341,0.0641392191078136,0.16225805333374368,0.27547209282520213,-1.3365807627836948,-0.04102237247428651,0.32420051900092584
440,2,0.5714285714285714,1.3862943611198906,0.06743551903314254,"(0, 1, 1, 0, 0, 0, 1, 1, 1, 0, 0, 0, 0, 1, 1, 0, 0, 0, 0, 0, 1, 1, 0, 0, 1)",6,11,9,14,10.526,11.199333333333334,10.04,9.595333333333333,0.0,-0.1340700679909723,-0.06743551903314254,0.2223924220649889,1,1,1,1,5,3,8,0.6733333333333338,-0.48600000000000065,-0.9306666666666672,-0.1340700679909723,-0.06743551903314254,0.2223924220649889,1.1192987824049054,-0.5802535797294291,-1.5984793127467343
440,3,0.8571428571428571,1.3862943611198906,-0.028280404966845772,"(0, 1, 1, 0, 1, 0, 0, 0, 0, 1, 0, 1, 1, 0, 1, 0, 1, 0, 1, 0, 1, 0, 0, 0, 0)",7,10,10,13,10.798666666666668,10.567333333333334,10.888666666666667,10.467333333333332,0.0,0.8018634650131031,-0.8214872318582893,0.028280404966845772,1,1,1,1,3,3,6,-0.2313333333333336,0.08999999999999986,-0.33133333333333503,0.8018634650131031,-0.8214872318582893,0.028280404966845772,-1.43231489547479,1.2635896097579244,-0.49853049758678464
440,4,1.1428571428571428,1.3862943611198906,0.5092629351927311,"(0, 0, 1, 0, 1, 1, 1, 0, 1, 1, 0, 0, 1, 1, 0, 1, 1, 0, 1, 0, 1, 0, 0, 0, 0)",8,11,9,12,10.412666666666667,12.444666666666667,9.687333333333333,12.696,0.0,0.6556556197269914,-0.5092629351927311,0.9819585057932559,1,1,1,1,3,1,4,2.032,-0.7253333333333334,2.283333333333333,0.6556556197269914,-0.5092629351927311,0.9819585057932559,1.9080184533315223,-0.2995371745472466,1.8040885851221793
440,5,1.4285714285714284,1.3862943611198906,1.2928581211804107,"(0, 0, 0, 0, 0, 1, 0, 0, 0, 0, 0, 1, 1, 0, 1, 0, 1, 0, 1, 1, 0, 0, 0, 0, 1)",6,11,11,16,7.824666666666666,11.565333333333333,6.341333333333333,10.595333333333333,0.0,1.5433769155054535,-1.2928581211804107,0.9595313436844719,1,1,1,1,5,5,10,3.740666666666667,-1.4833333333333334,2.770666666666666,1.5433769155054535,-1.2928581211804107,0.9595313436844719,3.0460903917813176,-0.26405471254071167,2.5107666854752675
440,6,1.7142857142857142,1.3862943611198906,0.3384098568200434,"(0, 0, 1, 1, 0, 1, 1, 0, 1, 0, 1, 0, 1, 1, 0, 1, 1, 1, 0, 1, 0, 0, 0, 0, 0)",7,12,12,17,9.057333333333334,8.628666666666666,10.652666666666667,10.788666666666666,0.0,-0.3384098568200434,0.5634824479831976,0.6798387546931937,1,1,1,1,5,5,10,-0.4286666666666683,1.5953333333333326,1.7313333333333318,-0.3384098568200434,0.5634824479831976,0.6798387546931937,-0.12512250654304635,1.4304490638774587,1.4576810051169589
440,7,2.0,1.3862943611198906,1.479638181435297,"(1, 1, 1, 0, 1, 0, 0, 1, 1, 0, 1, 1, 0, 0, 1, 1, 1, 1, 1, 1, 0, 0, 1, 1, 0)",8,13,13,18,11.462666666666667,10.122666666666667,9.341333333333333,7.495333333333333,0.0,-0.5492190193343426,-0.46844426789309024,-1.479638181435297,1,1,1,1,5,5,10,-1.3399999999999999,-2.121333333333334,-3.9673333333333343,-0.5492190193343426,-0.46844426789309024,-1.479638181435297,-1.0962552143776578,-2.291390790976536,-3.4486777612615387
450,0,0.0,1.3862943611198906,-1.4273333333333342,"(0, 1, 0, 0, 1, 0, 0, 0, 1, 0, 0, 0, 0, 0, 0, 0, 0, 0, 0, 1, 0, 0, 1, 0, 1)",5,10,8,13,6.914666666666666,8.342,9.122,9.654,0.0,0.9395378983429858,-0.3282436981718324,1.1374699265695492,1,1,1,1,5,3,8,1.4273333333333342,2.2073333333333336,2.7393333333333336,0.9395378983429858,-0.3282436981718324,1.1374699265695492,0.6762280609071442,3.5150561409607226,2.220654208080932
450,1,0.2857142857142857,1.3862943611198906,-0.4380000000000006,"(0, 1, 1, 0, 0, 0, 1, 0, 1, 0, 1, 0, 1, 1, 0, 1, 0, 0, 0, 1, 1, 1, 0, 0, 1)",7,10,8,11,11.232,12.128,11.67,10.558,0.0,0.3258099814045318,0.216908857703226,0.5110189080501496,1,1,1,1,3,1,4,0.8960000000000008,0.4380000000000006,-0.6739999999999995,0.3258099814045318,0.216908857703226,0.5110189080501496,0.7904512075457442,0.30649740385957397,-1.642785030050372
450,2,0.5714285714285714,1.3862943611198906,-0.6013333333333346,"(0, 1, 1, 1, 0, 1, 0, 0, 0, 1, 0, 1, 1, 0, 1, 0, 1, 0, 1, 0, 0, 1, 0, 1, 0)",7,10,10,13,10.514,11.311333333333334,11.516666666666667,11.115333333333334,0.0,0.5262065329397515,-0.3762402896079376,0.07803296926036989,1,1,1,1,3,3,6,0.7973333333333343,1.0026666666666681,0.6013333333333346,0.5262065329397515,-0.3762402896079376,0.07803296926036989,0.375861554534102,1.9115709379924775,0.7254483438863368
450,3,0.8571428571428571,1.3862943611198906,-0.0820378196369386,"(0, 0, 1, 0, 1, 1, 1, 1, 0, 1, 1, 0, 1, 1, 1, 0, 1, 1, 0, 1, 1, 0, 0, 0, 0)",8,11,9,12,12.041333333333334,12.038,11.242666666666667,11.585333333333333,0.0,0.9329452984923273,0.35972798343993306,0.0820378196369386,1,1,1,1,3,1,4,-0.0033333333333338544,-0.7986666666666675,-0.4560000000000013,0.9329452984923273,0.35972798343993306,0.0820378196369386,-1.2979577877369601,-1.605875971394229,-0.7458787954319305
450,4,1.1428571428571428,1.3862943611198906,0.30333333333333456,"(0, 1, 0, 1, 1, 0, 1, 0, 0, 1, 1, 1, 1, 1, 1, 0, 0, 0, 1, 1, 0, 0, 1, 1, 0)",7,10,10,13,10.811333333333334,10.508,11.898666666666667,10.990666666666666,0.0,-0.5664706824949463,0.4443227460096035,-0.45316422337941326,1,1,1,1,3,3,6,-0.30333333333333456,1.0873333333333335,0.17933333333333223,-0.5664706824949463,0.4443227460096035,-0.45316422337941326,0.36478582334277804,0.8914019513472758,0.8768277962929873
450,5,1.4285714285714284,1.3862943611198906,0.17190050077886604,"(0, 0, 0, 1, 0, 0, 1, 1, 1, 1, 1, 1, 1, 1, 1, 0, 0, 1, 0, 1, 0, 0, 0, 0, 0)",7,10,10,13,10.101333333333333,12.006,9.896,10.92,0.0,0.748475728839308,-0.17190050077886604,0.9180657390163082,1,1,1,1,3,3,6,1.9046666666666674,-0.20533333333333204,0.8186666666666671,0.748475728839308,-0.17190050077886604,0.9180657390163082,1.6028209774879862,-0.046347747246521714,-0.13779637349885546
450,6,1.7142857142857142,1.3862943611198906,0.35581555268743803,"(1, 0, 1, 0, 1, 0, 0, 1, 1, 0, 0, 1, 0, 0, 1, 0, 1, 1, 1, 1, 0, 1, 1, 1, 0)",8,13,9,14,11.109333333333334,12.45,10.615333333333334,11.266,0.0,0.6340910407762376,-0.35581555268743803,0.09784157535370644,1,1,1,1,5,1,6,1.3406666666666656,-0.4939999999999998,0.1566666666666663,0.6340910407762376,-0.35581555268743803,0.09784157535370644,0.9795218058766577,-0.19156432010387295,0.0815488923795189
450,7,2.0,1.3862943611198906,0.9404620945837338,"(0, 0, 0, 0, 0, 1, 0, 0, 0, 0, 1, 1, 1, 1, 1, 0, 1, 0, 1, 1, 0, 0, 0, 0, 1)",6,11,11,16,8.546,10.918,6.196666666666666,9.377333333333333,0.0,1.2244675993651615,-0.9404620945837338,0.42281978014156546,1,1,1,1,5,5,10,2.372,-2.349333333333333,0.8313333333333333,1.2244675993651615,-0.9404620945837338,0.42281978014156546,1.5908176962024476,-1.9531102538225644,0.5663200352307982
460,0,0.0,1.3862943611198906,0.3626666666666667,"(1, 1, 1, 0, 0, 0, 0, 0, 1, 1, 0, 0, 0, 0, 0, 0, 0, 1, 0, 1, 1, 1, 0, 0, 1)",6,11,11,16,7.602,9.575333333333333,7.239333333333334,8.026666666666667,0.0,0.8164657656168992,-0.41403991585447386,0.9685268537610727,1,1,1,1,5,5,10,1.9733333333333327,-0.3626666666666667,0.42466666666666697,0.8164657656168992,-0.41403991585447386,0.9685268537610727,1.603758985687775,0.07121844566146407,-0.7539503106065834
460,1,0.2857142857142857,1.3862943611198906,-0.5471241745219837,"(0, 0, 1, 1, 0, 0, 1, 0, 0, 0, 1, 1, 1, 0, 0, 0, 1, 1, 1, 1, 0, 1, 1, 1, 1)",8,11,13,16,10.168666666666667,11.416666666666666,10.125333333333334,11.258,0.0,0.3640717057714415,0.5471241745219837,0.2890577775641765,1,1,1,1,3,5,8,1.2479999999999993,-0.043333333333333,1.0893333333333324,0.3640717057714415,0.5471241745219837,0.2890577775641765,1.225384809923373,-0.818547913620729,1.1094174903048672
460,2,0.5714285714285714,1.3862943611198906,1.1690466314617245,"(0, 1, 1, 0, 1, 1, 1, 1, 0, 1, 1, 0, 1, 1, 1, 1, 1, 1, 0, 1, 0, 1, 0, 0, 0)",8,13,11,16,11.712666666666667,9.635333333333334,11.644,10.861333333333333,0.0,-1.1690466314617245,0.22953953966009527,-0.48591157684320113,1,1,1,1,5,3,8,-2.0773333333333337,-0.0686666666666671,-0.8513333333333346,-1.1690466314617245,0.22953953966009527,-0.48591157684320113,-1.259152733084795,-0.4134015822817453,-0.5065821204527978
460,3,0.8571428571428571,1.3862943611198906,0.13551797543480998,"(0, 1, 1, 1, 1, 0, 1, 1, 0, 0, 1, 1, 1, 1, 1, 0, 0, 0, 1, 1, 0, 0, 1, 1, 1)",8,11,11,14,10.108666666666666,9.474,9.834666666666667,11.392,0.0,-0.13551797543480998,0.028680890004502132,-0.05317209038428782,1,1,1,1,3,3,6,-0.634666666666666,-0.27399999999999913,1.2833333333333332,-0.13551797543480998,0.028680890004502132,-0.05317209038428782,-0.6919670160150955,-0.41960481103198993,1.852789932505888
460,4,1.1428571428571428,1.3862943611198906,0.475406546240048,"(0, 0, 1, 1, 0, 0, 1, 1, 1, 1, 0, 1, 1, 0, 0, 0, 0, 1, 1, 1, 0, 0, 1, 0, 0)",6,11,11,16,9.864666666666666,8.536666666666667,9.763333333333334,10.120666666666667,0.0,-0.475406546240048,0.05344934925651025,0.45781601112450454,1,1,1,1,5,5,10,-1.3279999999999994,-0.10133333333333283,0.2560000000000002,-0.475406546240048,0.05344934925651025,0.45781601112450454,-1.1819454972751526,-0.2145743600733093,-0.27977639820560946
460,5,1.4285714285714284,1.3862943611198906,0.03102218714772699,"(1, 0, 1, 0, 1, 0, 1, 0, 1, 0, 0, 1, 0, 0, 1, 1, 1, 0, 0, 0, 0, 1, 1, 1, 0)",8,11,13,16,10.568,10.449333333333334,12.629333333333333,11.203333333333333,0.0,-0.03102218714772699,0.7025123691328433,0.50944777444088,1,1,1,1,3,5,8,-0.11866666666666603,2.0613333333333337,0.6353333333333335,-0.03102218714772699,0.7025123691328433,0.50944777444088,-0.12150104774039293,1.8837258404426322,0.17451444043903427
460,6,1.7142857142857142,1.3862943611198906,-0.2954039250839709,"(1, 1, 0, 1, 0, 0, 0, 0, 0, 1, 0, 0, 0, 0, 0, 0, 0, 0, 1, 1, 1, 0, 1, 1, 1)",6,9,9,12,8.954666666666666,7.422,10.906666666666666,8.966,0.0,0.2954039250839709,0.8177904468953026,0.3409359932114186,1,1,1,1,3,3,6,-1.5326666666666666,1.952,0.011333333333332973,0.2954039250839709,0.8177904468953026,0.3409359932114186,-2.5342439530730103,1.572348307797353,-0.4569263087991073
460,7,2.0,1.3862943611198906,0.9404620945837338,"(0, 0, 0, 0, 0, 1, 0, 0, 0, 0, 1, 1, 1, 1, 1, 0, 1, 0, 1, 1, 0, 0, 0, 0, 1)",6,11,11,16,8.546,10.918,6.196666666666666,9.377333333333333,0.0,1.2244675993651615,-0.9404620945837338,0.42281978014156546,1,1,1,1,5,5,10,2.372,-2.349333333333333,0.8313333333333333,1.2244675993651615,-0.9404620945837338,0.42281978014156546,1.5908176962024476,-1.9531102538225644,0.5663200352307982
470,0,0.0,1.3862943611198906,-0.27200000000000024,"(0, 0, 1, 1, 0, 0, 1, 0, 0, 0, 0, 1, 1, 0, 1, 1, 0, 0, 0, 1, 1, 1, 1, 1, 0)",7,10,12,15,9.841333333333333,11.572666666666667,10.113333333333333,11.465333333333334,0.0,0.25920623898806167,0.24272473936141378,0.4040894029957689,1,1,1,1,3,5,8,1.7313333333333336,0.27200000000000024,1.6240000000000006,0.25920623898806167,0.24272473936141378,0.4040894029957689,2.04080148974266,0.040584128743587494,1.6911551816973656
470,1,0.2857142857142857,1.3862943611198906,-0.12029954400384911,"(0, 1, 0, 1, 1, 1, 1, 1, 0, 1, 1, 0, 1, 1, 1, 1, 0, 0, 0, 1, 0, 1, 0, 0, 0)",7,12,12,17,10.314,11.984666666666667,9.804666666666666,11.763333333333334,0.0,0.04839707647376268,0.12029954400384911,-0.056067905271960324,1,1,1,1,5,5,10,1.6706666666666674,-0.5093333333333341,1.4493333333333336,0.04839707647376268,0.12029954400384911,-0.056067905271960324,2.2489431851006993,-0.8728565074282288,2.086929248301418
470,2,0.5714285714285714,1.3862943611198906,-0.49733333333333185,"(0, 1, 0, 1, 1, 0, 0, 1, 0, 0, 1, 1, 0, 0, 0, 0, 0, 0, 1, 1, 0, 0, 0, 1, 1)",6,9,9,12,8.71,9.618666666666666,9.207333333333333,9.906,0.0,0.7188090295113422,0.009734867069196873,0.7767561338061538,1,1,1,1,3,3,6,0.9086666666666652,0.49733333333333185,1.1959999999999997,0.7188090295113422,0.009734867069196873,0.7767561338061538,0.2631985718039705,0.6759550042726775,0.5811954076386305
470,3,0.8571428571428571,1.3862943611198906,-0.783410346739528,"(0, 0, 1, 1, 0, 0, 1, 1, 1, 1, 0, 0, 1, 1, 0, 1, 0, 0, 0, 1, 0, 0, 0, 0, 0)",5,10,10,15,7.557333333333333,8.318666666666667,11.639333333333333,11.286666666666667,0.0,0.783410346739528,1.510567948958948,1.4585973136876316,1,1,1,1,5,5,10,0.7613333333333339,4.082,3.729333333333334,0.783410346739528,1.510567948958948,1.4585973136876316,-0.030605239195375205,3.564761752361165,3.147908539626662
470,4,1.1428571428571428,1.3862943611198906,0.6144364673896938,"(1, 0, 1, 0, 1, 0, 0, 1, 1, 0, 0, 0, 0, 0, 1, 1, 0, 0, 0, 0, 0, 1, 1, 1, 0)",7,10,10,13,9.561333333333334,10.054666666666666,8.537333333333333,9.413333333333334,0.0,-0.055667420234303884,-0.6144364673896938,0.49885032421365333,1,1,1,1,3,3,6,0.4933333333333323,-1.024000000000001,-0.1479999999999997,-0.055667420234303884,-0.6144364673896938,0.49885032421365333,0.7610766489213847,-0.5677756157780112,-0.8967249569459601
470,5,1.4285714285714284,1.3862943611198906,-0.2400753768046062,"(0, 1, 1, 0, 0, 0, 0, 0, 1, 1, 0, 0, 0, 0, 0, 0, 0, 1, 1, 1, 0, 1, 0, 1, 1)",6,11,11,16,8.956,10.094,8.78,9.986,0.0,0.017621341656901175,0.2400753768046062,0.7661586835789266,1,1,1,1,5,5,10,1.138,-0.17600000000000016,1.0300000000000011,0.017621341656901175,0.2400753768046062,0.7661586835789266,1.5531746163801063,-0.5768029486650595,0.36576172918498445
470,6,1.7142857142857142,1.3862943611198906,1.243660074631334,"(0, 0, 0, 0, 0, 1, 0, 0, 0, 0, 1, 1, 1, 1, 1, 0, 1, 0, 1, 1, 0, 0, 0, 0, 1)",6,11,11,16,7.49,11.763333333333334,6.048666666666667,9.434666666666667,0.0,1.1052770908502092,-1.243660074631334,0.2179254735680463,1,1,1,1,5,5,10,4.273333333333333,-1.4413333333333336,1.9446666666666665,1.1052770908502092,-1.243660074631334,0.2179254735680463,4.391858504665024,-0.27403332388277535,2.3937715791060494
470,7,2.0,1.3862943611198906,0.4621289269146554,"(0, 1, 0, 0, 0, 0, 0, 0, 0, 1, 0, 0, 0, 0, 0, 0, 0, 1, 0, 1, 0, 0, 0, 1, 1)",6,11,11,16,7.288666666666667,10.348,6.695333333333333,9.502,0.0,1.0244407263262425,-0.4621289269146554,0.32294497305821807,1,1,1,1,5,5,10,3.059333333333334,-0.5933333333333337,2.213333333333334,1.0244407263262425,-0.4621289269146554,0.32294497305821807,2.8209601465784844,-0.18188792877229612,2.6206347241760692
480,0,0.0,1.3862943611198906,1.0236089497095686,"(0, 1, 1, 0, 1, 1, 1, 1, 0, 1, 1, 0, 1, 1, 1, 1, 0, 0, 0, 1, 1, 0, 0, 0, 0)",7,12,6,11,11.202666666666667,11.808666666666667,8.546666666666667,10.589333333333334,0.0,0.9471163075171103,-1.0236089497095686,0.12014551129705732,1,1,1,1,5,-1,4,0.6059999999999999,-2.6560000000000006,-0.6133333333333333,0.9471163075171103,-1.0236089497095686,0.12014551129705732,-0.4728876135970087,-2.2629745081602017,-1.0168175863118427
480,1,0.2857142857142857,1.3862943611198906,-0.7659999999999991,"(0, 1, 0, 1, 1, 0, 0, 1, 0, 0, 1, 1, 0, 1, 1, 0, 0, 0, 1, 1, 0, 0, 0, 0, 0)",6,9,9,12,7.538666666666667,10.458,8.304666666666666,10.602,0.0,0.3514410238145714,-0.14719365460957387,0.7538360670356389,1,1,1,1,3,3,6,2.9193333333333333,0.7659999999999991,3.0633333333333335,0.3514410238145714,-0.14719365460957387,0.7538360670356389,3.559854628648992,1.265955213995716,3.201643037290296
480,2,0.5714285714285714,1.3862943611198906,0.011333333333332973,"(1, 0, 1, 1, 1, 1, 1, 1, 1, 0, 1, 1, 1, 1, 1, 1, 0, 1, 0, 1, 0, 0, 1, 0, 1)",9,14,12,17,11.522666666666666,10.667333333333334,11.511333333333333,11.896666666666667,0.0,0.10341755933954405,-0.3404122820083281,0.698168646801334,1,1,1,1,5,3,8,-0.8553333333333324,-0.011333333333332973,0.37400000000000055,0.10341755933954405,-0.3404122820083281,0.698168646801334,-1.3291109562310701,0.4562002909114077,-0.44939316711255395
480,3,0.8571428571428571,1.3862943611198906,0.26946481726034766,"(1, 0, 1, 0, 1, 0, 0, 1, 1, 0, 0, 0, 0, 0, 1, 1, 0, 0, 0, 0, 0, 1, 1, 1, 0)",7,10,10,13,9.764666666666667,8.854,9.294,10.632666666666667,0.0,0.44346016285157425,-0.26946481726034766,0.03730672158480494,1,1,1,1,3,3,6,-0.9106666666666676,-0.47066666666666634,0.8680000000000003,0.44346016285157425,-0.26946481726034766,0.03730672158480494,-1.8772183880022941,-0.278924989278873,1.1515854076871805
480,4,1.1428571428571428,1.3862943611198906,0.6693645306313999,"(1, 0, 1, 0, 0, 0, 0, 1, 1, 1, 0, 0, 1, 0, 0, 0, 0, 1, 1, 1, 0, 1, 0, 1, 1)",7,10,10,13,10.319333333333333,10.618,8.303333333333333,10.083333333333334,0.0,0.6855379648444639,-0.6693645306313999,0.09362107918762952,1,1,1,1,3,3,6,0.2986666666666675,-2.016,-0.23599999999999888,0.6855379648444639,-0.6693645306313999,0.09362107918762952,-0.536317499143011,-1.8668331576697272,-0.45695184338406214
480,5,1.4285714285714284,1.3862943611198906,0.8853491920938789,"(0, 0, 1, 1, 0, 0, 1, 0, 0, 1, 0, 1, 1, 1, 1, 1, 0, 0, 1, 1, 1, 0, 0, 1, 1)",7,12,12,17,10.562666666666667,9.098,11.632666666666667,10.221333333333334,0.0,-0.8853491920938789,0.2125959419130742,-1.1148887317539742,1,1,1,1,5,5,10,-1.4646666666666661,1.0700000000000003,-0.34133333333333304,-0.8853491920938789,0.2125959419130742,-1.1148887317539742,-0.8031045482984706,1.1886144109272168,1.072375486844385
480,6,1.7142857142857142,1.3862943611198906,1.2717864468913875,"(0, 0, 0, 0, 0, 1, 0, 0, 0, 0, 1, 1, 1, 1, 1, 0, 1, 1, 0, 1, 0, 0, 0, 0, 1)",5,10,10,15,7.998666666666667,11.899333333333333,5.517333333333333,9.974666666666666,0.0,1.4402674215794915,-1.2717864468913875,0.21050109710071566,1,1,1,1,5,5,10,3.900666666666666,-2.4813333333333336,1.975999999999999,1.4402674215794915,-1.2717864468913875,0.21050109710071566,3.4108375995679854,-1.6767880281845904,2.4475011736526295
480,7,2.0,1.3862943611198906,1.9726660693322464,"(0, 1, 0, 1, 0, 0, 0, 0, 0, 1, 0, 0, 0, 0, 0, 1, 0, 1, 0, 1, 1, 0, 0, 0, 1)",7,12,10,15,9.596666666666666,10.823333333333334,5.74,7.546,0.0,0.5698902085857068,-1.9726660693322464,-0.6167161514502021,1,1,1,1,5,3,8,1.2266666666666683,-3.8566666666666656,-2.0506666666666655,0.5698902085857068,-1.9726660693322464,-0.6167161514502021,0.9104855003539312,-2.611779404431211,-1.9878775133695452
490,0,0.0,1.3862943611198906,-0.40125520119081254,"(1, 0, 0, 1, 1, 0, 0, 0, 0, 0, 1, 0, 0, 1, 1, 1, 1, 1, 1, 0, 0, 0, 0, 0, 0)",6,9,9,12,10.025333333333334,8.006,9.920666666666667,12.186,0.0,0.40125520119081254,1.2580775359869805,0.74533346162077,1,1,1,1,3,3,6,-2.019333333333334,-0.10466666666666669,2.160666666666666,0.40125520119081254,1.2580775359869805,0.74533346162077,-3.3556482360022835,-1.8891646037875724,1.962068441260867
490,1,0.2857142857142857,1.3862943611198906,0.6876636161981822,"(1, 0, 1, 1, 1, 1, 1, 1, 1, 0, 1, 1, 1, 1, 1, 0, 0, 1, 1, 1, 0, 0, 1, 0, 1)",9,14,12,17,12.083333333333334,12.036,10.167333333333334,10.154,0.0,-0.2223308089822723,-0.30667911922107904,-0.6876636161981822,1,1,1,1,5,3,8,-0.04733333333333434,-1.9160000000000004,-1.929333333333334,-0.2223308089822723,-0.30667911922107904,-0.6876636161981822,0.24259801370233808,-2.230992462256314,-1.7213197272377905
490,2,0.5714285714285714,1.3862943611198906,-0.7406666666666659,"(1, 0, 1, 0, 1, 0, 0, 0, 0, 0, 0, 1, 0, 1, 1, 0, 1, 0, 0, 0, 0, 1, 1, 0, 1)",6,9,11,14,9.012,9.752666666666666,10.698666666666666,11.126,0.0,0.1348094249835703,0.8179444796020926,0.5954288313716727,1,1,1,1,3,5,8,0.7406666666666659,1.6866666666666656,2.113999999999999,0.1348094249835703,0.8179444796020926,0.5954288313716727,0.8398964777889262,1.2043046693073565,2.1051866480286914
490,3,0.8571428571428571,1.3862943611198906,0.3236535235094559,"(1, 1, 0, 1, 0, 0, 1, 0, 0, 1, 0, 0, 1, 1, 0, 0, 0, 1, 0, 1, 0, 1, 0, 1, 1)",8,9,13,14,11.199333333333334,11.418666666666667,11.265333333333333,10.064,0.0,0.11342968528096525,-0.7806993711000059,-0.3236535235094559,1,1,1,1,1,5,6,0.21933333333333316,0.06599999999999895,-1.1353333333333335,0.11342968528096525,-0.7806993711000059,-0.3236535235094559,0.14681363011702311,1.1737745637196944,-1.1252271433937067
490,4,1.1428571428571428,1.3862943611198906,0.5927178557321489,"(0, 0, 1, 1, 0, 1, 1, 0, 0, 1, 1, 1, 0, 0, 1, 1, 0, 0, 1, 1, 1, 0, 0, 1, 1)",7,12,12,17,10.104666666666667,10.361333333333333,9.481333333333334,9.528,0.0,-0.6545157776967373,-0.5927178557321489,-0.7135103043977287,1,1,1,1,5,5,10,0.25666666666666593,-0.6233333333333331,-0.5766666666666662,-0.6545157776967373,-0.5927178557321489,-0.7135103043977287,1.2631670845724243,-0.042442063961513996,0.18970556334170496
490,5,1.4285714285714284,1.3862943611198906,-0.36724477953133816,"(0, 0, 0, 0, 0, 1, 0, 0, 0, 0, 0, 0, 1, 1, 1, 0, 1, 1, 1, 1, 0, 0, 0, 1, 1)",6,11,11,16,8.992,8.708,10.647333333333334,11.043333333333333,0.0,0.36724477953133816,0.35948153110906633,0.9164637988656812,1,1,1,1,5,5,10,-0.2840000000000007,1.655333333333333,2.051333333333332,0.36724477953133816,0.35948153110906633,0.9164637988656812,-0.9028169655730613,1.7964320462705488,1.5732632362392598
490,6,1.7142857142857142,1.3862943611198906,-0.1960000000000015,"(1, 1, 1, 0, 1, 1, 1, 1, 0, 1, 1, 0, 1, 1, 1, 0, 0, 0, 0, 1, 0, 1, 0, 0, 0)",8,11,11,14,11.628666666666666,11.824666666666667,11.912,11.934,0.0,0.10058335753458758,-0.6045475676137043,0.007208730677823212,1,1,1,1,3,3,6,0.1960000000000015,0.283333333333335,0.30533333333333346,0.10058335753458758,-0.6045475676137043,0.007208730677823212,0.13227555340679603,1.2308642863289287,0.41328845557244176
490,7,2.0,1.3862943611198906,2.0293501054313703,"(0, 1, 0, 1, 0, 1, 1, 0, 0, 1, 0, 0, 0, 0, 0, 1, 0, 1, 0, 1, 1, 0, 0, 0, 1)",7,12,10,15,9.333333333333334,10.616,6.0873333333333335,8.949333333333334,0.0,0.7359374665065126,-2.0293501054313703,-0.22085209499707736,1,1,1,1,5,3,8,1.2826666666666657,-3.2460000000000004,-0.38400000000000034,0.7359374665065126,-2.0293501054313703,-0.22085209499707736,0.7579276072416082,-1.6866348882976014,-0.22617102073407572
499,0,0.0,1.3862943611198906,0.7653333333333325,"(1, 1, 0, 1, 1, 1, 0, 0, 0, 1, 1, 1, 0, 1, 1, 0, 1, 1, 1, 1, 1, 1, 0, 0, 0)",8,11,13,16,11.129333333333333,10.364,10.802666666666667,7.456666666666667,0.0,-1.1933221860520018,-0.6163772794952613,-0.7055314101859491,1,1,1,1,3,5,8,-0.7653333333333325,-0.3266666666666662,-3.6726666666666663,-1.1933221860520018,-0.6163772794952613,-0.7055314101859491,0.5933185331460625,0.40162418892086926,-4.1133228747392385
499,1,0.2857142857142857,1.3862943611198906,0.6804548855203594,"(1, 0, 1, 1, 1, 0, 1, 1, 1, 1, 1, 1, 1, 1, 0, 0, 0, 1, 0, 0, 1, 0, 1, 1, 0)",8,11,11,14,12.160666666666666,9.548666666666668,10.667333333333334,10.034666666666666,0.0,-0.6804548855203594,-0.4940445037617711,-0.6586746607800973,1,1,1,1,3,3,6,-2.6119999999999983,-1.4933333333333323,-2.1259999999999994,-0.6804548855203594,-0.4940445037617711,-0.6586746607800973,-2.677690100451797,-1.3853084695651505,-2.034144843688881
499,2,0.5714285714285714,1.3862943611198906,-0.804666666666666,"(0, 0, 1, 0, 1, 1, 0, 0, 0, 0, 0, 1, 0, 1, 1, 0, 1, 0, 0, 0, 0, 1, 1, 0, 1)",6,9,11,14,7.836,11.296,8.640666666666666,9.963333333333333,0.0,0.5623734124943028,0.17439583062888173,0.5599396957270033,1,1,1,1,3,5,8,3.459999999999999,0.804666666666666,2.1273333333333326,0.5623734124943028,0.17439583062888173,0.5599396957270033,4.016963398890218,0.8737409059774994,2.1728689614688474
499,3,0.8571428571428571,1.3862943611198906,1.8378258378073178,"(1, 1, 0, 1, 1, 0, 1, 0, 0, 0, 0, 0, 1, 1, 0, 1, 0, 1, 0, 1, 1, 1, 0, 1, 1)",8,13,11,16,10.628666666666666,10.630666666666666,6.258666666666667,8.382666666666667,0.0,-0.3354832353910133,-1.8378258378073178,-1.0127342406101172,1,1,1,1,5,3,8,0.002000000000000668,-4.369999999999999,-2.2459999999999987,-0.3354832353910133,-1.8378258378073178,-1.0127342406101172,0.4678511061950594,-3.5103387624211977,-1.7096693680044324
499,4,1.1428571428571428,1.3862943611198906,0.5927178557321489,"(0, 0, 1, 1, 0, 1, 1, 0, 0, 1, 1, 1, 0, 0, 1, 1, 0, 0, 1, 1, 1, 0, 0, 1, 1)",7,12,12,17,10.104666666666667,10.361333333333333,9.481333333333334,9.528,0.0,-0.6545157776967373,-0.5927178557321489,-0.7135103043977287,1,1,1,1,5,5,10,0.25666666666666593,-0.6233333333333331,-0.5766666666666662,-0.6545157776967373,-0.5927178557321489,-0.7135103043977287,1.2631670845724243,-0.042442063961513996,0.18970556334170496
499,5,1.4285714285714284,1.3862943611198906,2.4927421005417116,"(0, 0, 1, 1, 0, 1, 0, 0, 0, 0, 0, 0, 1, 0, 0, 0, 1, 1, 1, 1, 0, 0, 0, 1, 1)",7,10,12,15,9.524,9.049333333333333,8.551333333333334,6.4286666666666665,0.0,-0.8187454496774071,-1.1824782834939078,-2.4927421005417116,1,1,1,1,3,5,8,-0.4746666666666659,-0.9726666666666652,-3.0953333333333326,-0.8187454496774071,-1.1824782834939078,-2.4927421005417116,0.476994476668785,0.29086066130505356,-0.8353688280793075
499,6,1.7142857142857142,1.3862943611198906,-0.061333333333333684,"(0, 1, 1, 0, 1, 0, 1, 1, 1, 1, 1, 0, 1, 0, 1, 0, 0, 0, 0, 1, 1, 0, 0, 0, 0)",8,13,11,16,10.144666666666666,10.384,10.48,10.206,0.0,-0.5774378112184713,-0.06678858166462086,-0.05132369790279435,1,1,1,1,5,3,8,0.2393333333333345,0.3353333333333346,0.061333333333333684,-0.5774378112184713,-0.06678858166462086,-0.05132369790279435,1.1322852320176073,0.5574593432443976,0.15617580714315166
499,7,2.0,1.3862943611198906,2.0293501054313703,"(0, 1, 0, 1, 0, 1, 1, 0, 0, 1, 0, 0, 0, 0, 0, 1, 0, 1, 0, 1, 1, 0, 0, 0, 1)",7,12,10,15,9.333333333333334,10.616,6.0873333333333335,8.949333333333334,0.0,0.7359374665065126,-2.0293501054313703,-0.22085209499707736,1,1,1,1,5,3,8,1.2826666666666657,-3.2460000000000004,-0.38400000000000034,0.7359374665065126,-2.0293501054313703,-0.22085209499707736,0.7579276072416082,-1.6866348882976014,-0.22617102073407572
