step,replica,lambda,beta,phi,syndrome,E0_II,E0_IX,E0_XI,E0_XX,U_II,U_IX,U_XI,U_XX,F_II,F_IX,F_XI,F_XX,g_II,g_IX,g_XI,g_XX,delta_E0_IX,delta_E0_XI,delta_E0_XX,delta_U_IX,delta_U_XI,delta_U_XX,delta_F_IX,delta_F_XI,delta_F_XX,delta_S_IX,delta_S_XI,delta_S_XX
0,0,0.0,2.4423470353692043,-5.723124670791375,"(0, 0, 0, 0, 0, 0, 0, 0, 0, 0, 0, 0, 0, 0, 0, 1, 1, 0, 1, 1, 0, 1, 1, 0, 0)",3,6,8,11,3.062666666666667,6.154,6.128666666666667,9.792,0.0,6.309559331172802,5.723124670791375,8.884281575859017,1,1,1,1,3,5,8,3.091333333333333,3.066,6.729333333333333,6.309559331172802,5.723124670791375,8.884281575859017,-7.860024724971327,-6.489620562313688,-5.263131451506681
0,1,0.2857142857142857,2.4423470353692043,-4.130877226866345,"(0, 0, 0, 0, 0, 1, 0, 1, 1, 1, 0, 0, 0, 0, 0, 0, 0, 0, 1, 1, 0, 0, 0, 0, 0)",3,8,8,13,3.04,6.059333333333333,6.365333333333333,9.443333333333333,0.0,4.130877226866345,6.857296359638271,9.854978836471865,1,1,1,1,5,5,10,3.019333333333333,3.325333333333333,6.403333333333333,4.130877226866345,6.857296359638271,9.854978836471865,-2.7147759330530947,-8.626279426329509,-8.430116161735839
0,2,0.5714285714285714,2.4423470353692043,-3.530114130544085,"(0, 0, 1, 0, 0, 0, 0, 1, 1, 0, 0, 1, 0, 1, 0, 0, 1, 1, 0, 0, 0, 0, 1, 0, 0)",4,9,7,12,4.010666666666666,7.058666666666666,7.1,8.006,0.0,6.102719674466313,3.530114130544085,7.250080037304202,1,1,1,1,5,3,8,3.048,3.0893333333333333,3.995333333333334,6.102719674466313,3.530114130544085,7.250080037304202,-7.46068554081678,-1.076539673315354,-7.949220963320939
0,3,0.8571428571428571,2.4423470353692043,-2.0476094800749767,"(0, 0, 0, 0, 1, 0, 1, 0, 0, 0, 0, 0, 1, 0, 1, 0, 0, 0, 0, 0, 0, 0, 0, 0, 0)",4,9,7,12,4.068666666666667,7.141333333333334,5.200666666666667,8.284,0.0,6.159382125686877,2.0476094800749767,8.686505740372676,1,1,1,1,5,3,8,3.0726666666666667,1.1319999999999997,4.215333333333334,6.159382125686877,2.0476094800749767,8.686505740372676,-7.538830350366303,-2.2362360992170585,-10.920154672957127
0,4,1.1428571428571428,2.4423470353692043,-2.4796878078210693,"(1, 0, 1, 1, 0, 0, 0, 1, 0, 0, 1, 0, 0, 0, 1, 0, 0, 0, 0, 0, 1, 1, 0, 0, 0)",5,8,8,11,5.102,6.222666666666667,6.052666666666667,7.524666666666667,0.0,2.4796878078210693,3.6498434096557393,4.216142275590012,1,1,1,1,3,3,6,1.1206666666666667,0.9506666666666668,2.4226666666666663,2.4796878078210693,3.6498434096557393,4.216142275590012,-3.319201255102528,-6.592326316176866,-4.3802898364609115
0,5,1.4285714285714284,2.4423470353692043,-2.6784948565001234,"(1, 0, 0, 1, 0, 0, 0, 0, 1, 1, 0, 0, 0, 0, 0, 0, 1, 0, 1, 0, 0, 0, 0, 0, 0)",5,10,6,11,5.076,8.548666666666668,6.262,9.058666666666667,0.0,5.821904039777418,2.6784948565001234,5.66488826259246,1,1,1,1,5,1,6,3.472666666666668,1.186,3.9826666666666677,5.821904039777418,2.6784948565001234,5.66488826259246,-5.7376529335955775,-3.6451903880768626,-4.108568927643411
0,6,1.7142857142857142,2.4423470353692043,-4.734082670223976,"(0, 0, 0, 1, 1, 0, 1, 0, 0, 0, 0, 0, 0, 0, 0, 0, 0, 0, 0, 0, 0, 1, 0, 0, 0)",3,8,6,11,3.0773333333333333,6.474,6.161333333333333,9.221333333333334,0.0,6.431188213534188,4.734082670223976,11.68022618757112,1,1,1,1,5,3,8,3.396666666666667,3.084,6.144,6.431188213534188,4.734082670223976,11.68022618757112,-7.411354703755863,-4.030074517735628,-13.521385616347679
0,7,2.0,2.4423470353692043,1.0106666666666673,"(1, 1, 0, 1, 0, 0, 0, 0, 0, 1, 0, 0, 0, 0, 1, 0, 1, 1, 0, 0, 1, 1, 0, 1, 0)",5,10,10,15,5.2,8.08,4.189333333333333,7.1466666666666665,0.0,3.8598852546974904,-2.201911538331747,3.5548089727905943,1,1,1,1,5,5,10,2.88,-1.0106666666666673,1.9466666666666663,3.8598852546974904,-2.201911538331747,3.5548089727905943,-2.3932198468124137,2.909433380709976,-3.9276415938135707
10,0,0.0,2.4423470353692043,-1.48440425371884,"(0, 1, 1, 1, 0, 0, 0, 1, 1, 0, 0, 0, 0, 0, 0, 0, 0, 0, 1, 1, 0, 1, 0, 0, 0)",4,9,5,10,4.034666666666666,7.172,5.1273333333333335,7.363333333333333,0.0,4.244310678064603,1.48440425371884,3.1419437750560726,1,1,1,1,5,1,6,3.1373333333333333,1.0926666666666671,3.328666666666667,4.244310678064603,1.48440425371884,3.1419437750560726,-2.7036228361252905,-0.95675913437956,0.45604210076070023
10,1,0.2857142857142857,2.4423470353692043,-2.458249428288385,"(0, 0, 0, 0, 0, 0, 0, 0, 0, 0, 1, 1, 0, 0, 0, 1, 1, 0, 0, 0, 0, 1, 1, 0, 0)",3,8,8,13,3.1006666666666667,6.485333333333333,4.164666666666666,7.152666666666667,0.0,5.763396259685685,2.458249428288385,6.65089089796029,1,1,1,1,5,5,10,3.3846666666666665,1.0639999999999996,4.052,5.763396259685685,2.458249428288385,6.65089089796029,-5.809683169454993,-3.405240957745346,-6.347393479881323
10,2,0.5714285714285714,2.4423470353692043,-1.0080923074432795,"(0, 0, 1, 1, 0, 0, 0, 1, 0, 0, 0, 0, 0, 0, 0, 0, 0, 1, 0, 0, 1, 1, 0, 1, 1)",5,8,10,13,5.292,6.2,8.208666666666666,9.144666666666666,0.0,1.0080923074432795,5.826245990062518,6.4346617737622696,1,1,1,1,3,5,8,0.9080000000000004,2.916666666666666,3.852666666666666,1.0080923074432795,5.826245990062518,6.4346617737622696,-0.24446015034735571,-7.106202434667395,-6.306128095152738
10,3,0.8571428571428571,2.4423470353692043,0.8071685580002418,"(1, 0, 1, 0, 1, 0, 0, 1, 0, 1, 1, 0, 0, 0, 0, 0, 0, 0, 0, 0, 1, 1, 0, 0, 0)",5,8,8,11,5.094666666666667,4.054,6.363333333333333,7.108,0.0,-0.8071685580002418,2.4351828173987893,3.07768291083658,1,1,1,1,3,3,6,-1.0406666666666666,1.2686666666666664,2.0133333333333328,-0.8071685580002418,2.4351828173987893,3.07768291083658,-0.5702834134657591,-2.849037262450896,-2.5995110352115214
10,4,1.1428571428571428,2.4423470353692043,0.9420000000000002,"(1, 0, 0, 0, 0, 0, 0, 0, 1, 1, 0, 1, 1, 0, 0, 0, 1, 0, 1, 0, 0, 0, 0, 1, 0)",6,9,11,14,6.118,7.218666666666667,5.176,6.359333333333334,0.0,1.9804720737916057,-2.0005535938601957,-0.3947375552942269,1,1,1,1,3,5,8,1.1006666666666662,-0.9420000000000002,0.2413333333333334,1.9804720737916057,-2.0005535938601957,-0.3947375552942269,-2.148790127793392,2.5853552317438653,1.5535058491241773
10,5,1.4285714285714284,2.4423470353692043,0.9460566927449024,"(0, 0, 0, 0, 1, 0, 0, 1, 0, 0, 1, 0, 1, 0, 0, 0, 0, 0, 0, 0, 0, 0, 0, 0, 0)",4,9,7,12,4.046666666666667,7.290666666666667,3.041333333333333,6.634,0.0,5.801279775923187,-0.9460566927449024,4.813594634819882,1,1,1,1,5,3,8,3.2439999999999998,-1.0053333333333336,2.5873333333333335,5.801279775923187,-0.9460566927449024,4.813594634819882,-6.245764679335619,-0.14477412740780074,-5.437302689642858
10,6,1.7142857142857142,2.4423470353692043,1.1713333333333336,"(1, 1, 0, 1, 0, 0, 0, 0, 0, 0, 0, 0, 0, 0, 0, 0, 1, 1, 0, 0, 1, 1, 0, 1, 0)",4,9,9,14,4.19,7.142,3.018666666666667,6.199333333333334,0.0,5.247192645165763,-2.608372359395746,2.5733111108435573,1,1,1,1,5,5,10,2.952,-1.1713333333333336,2.009333333333333,5.247192645165763,-2.608372359395746,2.5733111108435573,-5.6056569525218025,3.5097480050133822,-1.3774294529162086
10,7,2.0,2.4423470353692043,3.034666666666667,"(1, 0, 0, 1, 1, 0, 1, 1, 0, 0, 0, 0, 1, 0, 0, 0, 0, 0, 0, 0, 1, 1, 0, 1, 1)",6,11,9,14,6.078,9.096666666666666,3.0433333333333334,6.502666666666666,0.0,5.147761983636954,-3.9175246447322043,0.8376164843745095,1,1,1,1,5,3,8,3.0186666666666655,-3.034666666666667,0.4246666666666661,5.147761983636954,-3.9175246447322043,0.8376164843745095,-5.199989635420841,2.1562455653804156,-1.0085667630350048
20,0,0.0,2.4423470353692043,-5.913247818900226,"(0, 0, 0, 0, 0, 0, 0, 0, 0, 0, 1, 0, 0, 0, 0, 1, 0, 0, 0, 0, 0, 1, 1, 0, 0)",2,7,7,12,2.1206666666666667,5.270666666666667,5.588666666666667,8.555333333333333,0.0,5.913247818900226,7.18728458130593,11.108119963130523,1,1,1,1,5,5,10,3.1500000000000004,3.468,6.434666666666667,5.913247818900226,7.18728458130593,11.108119963130523,-6.748810118481386,-9.083783670846929,-11.414194803554935
20,1,0.2857142857142857,2.4423470353692043,-5.284370594481938,"(0, 1, 0, 0, 0, 0, 0, 1, 1, 0, 0, 0, 0, 0, 0, 0, 0, 0, 1, 1, 0, 1, 0, 0, 0)",3,8,8,13,3.0233333333333334,6.282,6.803333333333334,7.315333333333333,0.0,5.284370594481938,6.897622222911144,7.080906799320962,1,1,1,1,5,5,10,3.2586666666666666,3.7800000000000002,4.292,5.284370594481938,6.897622222911144,7.080906799320962,-4.947471982635381,-7.61431539352818,-6.811478253242568
20,2,0.5714285714285714,2.4423470353692043,0.8071685580002418,"(1, 0, 1, 0, 1, 0, 0, 1, 0, 1, 1, 0, 0, 0, 0, 0, 0, 0, 0, 0, 1, 1, 0, 0, 0)",5,8,8,11,5.094666666666667,4.054,6.363333333333333,7.108,0.0,-0.8071685580002418,2.4351828173987893,3.07768291083658,1,1,1,1,3,3,6,-1.0406666666666666,1.2686666666666664,2.0133333333333328,-0.8071685580002418,2.4351828173987893,3.07768291083658,-0.5702834134657591,-2.849037262450896,-2.5995110352115214
20,3,0.8571428571428571,2.4423470353692043,1.0940000000000003,"(1, 0, 0, 0, 0, 0, 0, 0, 1, 1, 0, 0, 0, 0, 0, 0, 1, 0, 1, 0, 0, 0, 0, 1, 0)",5,8,10,13,5.175333333333334,8.068,4.081333333333333,5.386,0.0,4.679211273496014,-2.1664703691296117,-0.24141243585160507,1,1,1,1,3,5,8,2.892666666666666,-1.0940000000000003,0.21066666666666656,4.679211273496014,-2.1664703691296117,-0.24141243585160507,-4.363361924044498,2.6193448265650225,1.1041340557878714
20,4,1.1428571428571428,2.4423470353692043,0.8639999999999999,"(0, 0, 0, 0, 0, 0, 0, 1, 0, 0, 1, 0, 0, 0, 0, 0, 0, 1, 0, 0, 0, 0, 0, 0, 1)",5,10,10,15,5.073333333333333,8.138,4.209333333333333,7.054666666666667,0.0,5.025590357489929,-1.1060032863723037,3.5288658198371174,1,1,1,1,5,5,10,3.0646666666666667,-0.8639999999999999,1.9813333333333336,5.025590357489929,-1.1060032863723037,3.5288658198371174,-4.789256162867434,0.5910560090210009,-3.7796113805500497
20,5,1.4285714285714284,2.4423470353692043,0.9779999999999998,"(1, 1, 0, 1, 0, 0, 0, 0, 0, 0, 0, 1, 1, 0, 0, 0, 0, 0, 0, 0, 1, 1, 0, 1, 0)",4,9,9,14,4.041333333333333,7.097333333333333,3.0633333333333335,6.180666666666666,0.0,5.259078734071225,-1.7165357708360416,3.146882743505374,1,1,1,1,5,5,10,3.056,-0.9779999999999998,2.139333333333333,5.259078734071225,-1.7165357708360416,3.146882743505374,-5.380682814843795,1.8037606504155168,-2.460785314921674
20,6,1.7142857142857142,2.4423470353692043,0.9879999999999995,"(0, 0, 1, 1, 0, 0, 1, 0, 0, 0, 0, 0, 0, 0, 0, 0, 0, 1, 0, 0, 1, 1, 0, 1, 1)",6,11,9,14,6.0906666666666665,7.196666666666666,5.102666666666667,7.118666666666667,0.0,3.1008037961047425,-1.5085020778011475,1.15403611140123,1,1,1,1,5,3,8,1.1059999999999999,-0.9879999999999995,1.0280000000000005,3.1008037961047425,-1.5085020778011475,1.15403611140123,-4.872003137559653,1.2712467066211448,-0.3078239230302559
20,7,2.0,2.4423470353692043,3.007333333333333,"(1, 1, 0, 1, 1, 0, 0, 1, 0, 0, 0, 1, 1, 0, 0, 0, 0, 0, 0, 0, 1, 0, 0, 1, 1)",6,11,9,14,6.059333333333333,8.155333333333333,3.052,6.049333333333333,0.0,3.058306957689318,-4.580703276402789,-0.6984569777370283,1,1,1,1,5,3,8,2.096,-3.007333333333333,-0.009999999999999787,3.058306957689318,-4.580703276402789,-0.6984569777370283,-2.350287545227664,3.8427154159947006,1.6814508585552739
30,0,0.0,2.4423470353692043,-5.284370594481938,"(0, 1, 0, 0, 0, 0, 0, 1, 1, 0, 0, 0, 0, 0, 0, 0, 0, 0, 1, 1, 0, 1, 0, 0, 0)",3,8,8,13,3.0233333333333334,6.282,6.803333333333334,7.315333333333333,0.0,5.284370594481938,6.897622222911144,7.080906799320962,1,1,1,1,5,5,10,3.2586666666666666,3.7800000000000002,4.292,5.284370594481938,6.897622222911144,7.080906799320962,-4.947471982635381,-7.61431539352818,-6.811478253242568
30,1,0.2857142857142857,2.4423470353692043,-5.543964947152403,"(0, 0, 1, 0, 0, 0, 0, 0, 0, 0, 1, 0, 0, 0, 0, 1, 0, 0, 0, 0, 0, 1, 0, 0, 0)",3,8,8,13,3.041333333333333,7.139333333333333,6.191333333333334,7.617333333333334,0.0,6.636236815748075,5.543964947152403,7.7957003650056835,1,1,1,1,5,5,10,4.098,3.1500000000000004,4.5760000000000005,6.636236815748075,5.543964947152403,7.7957003650056835,-6.1992551620072796,-5.846893191455464,-7.863625641248775
30,2,0.5714285714285714,2.4423470353692043,-2.225955088035494,"(1, 0, 0, 1, 0, 0, 0, 0, 1, 1, 0, 0, 0, 0, 0, 0, 1, 0, 1, 0, 0, 0, 0, 0, 0)",5,10,6,11,5.062666666666667,8.203333333333333,6.489333333333334,9.177333333333333,0.0,4.983527714103017,2.225955088035494,5.942067513917583,1,1,1,1,5,1,6,3.1406666666666663,1.4266666666666667,4.1146666666666665,4.983527714103017,2.225955088035494,5.942067513917583,-4.500906215803559,-1.9521397063350863,-4.463147041714448
30,3,0.8571428571428571,2.4423470353692043,0.8639999999999999,"(0, 0, 0, 0, 0, 0, 0, 1, 0, 0, 1, 0, 0, 0, 0, 0, 0, 1, 0, 0, 0, 0, 0, 0, 1)",5,10,10,15,5.073333333333333,8.138,4.209333333333333,7.054666666666667,0.0,5.025590357489929,-1.1060032863723037,3.5288658198371174,1,1,1,1,5,5,10,3.0646666666666667,-0.8639999999999999,1.9813333333333336,5.025590357489929,-1.1060032863723037,3.5288658198371174,-4.789256162867434,0.5910560090210009,-3.7796113805500497
30,4,1.1428571428571428,2.4423470353692043,1.3886666666666665,"(1, 1, 0, 1, 0, 0, 1, 1, 0, 0, 0, 0, 0, 0, 0, 1, 0, 0, 0, 1, 1, 1, 0, 1, 0)",5,10,10,15,5.616666666666666,6.15,4.228,7.8933333333333335,0.0,2.0515172353315676,-2.0809339485131244,3.1027576737330373,1,1,1,1,5,5,10,0.5333333333333341,-1.3886666666666665,2.2766666666666673,2.0515172353315676,-2.0809339485131244,3.1027576737330373,-3.707931952190636,1.6907569435007939,-2.0176009220537092
30,5,1.4285714285714284,2.4423470353692043,0.9533333333333331,"(0, 0, 0, 1, 0, 0, 1, 1, 0, 0, 0, 0, 0, 1, 0, 1, 0, 1, 1, 1, 1, 1, 0, 1, 1)",7,12,12,17,7.089333333333333,8.024,6.136,8.315333333333333,0.0,1.0189471831560313,-0.9953378284807959,-0.0486841175716933,1,1,1,1,5,5,10,0.9346666666666659,-0.9533333333333331,1.226,1.0189471831560313,-0.9953378284807959,-0.0486841175716933,-0.20584226958718693,0.10258955419558574,3.113220975583435
30,6,1.7142857142857142,2.4423470353692043,3.007333333333333,"(1, 1, 0, 1, 1, 0, 0, 1, 0, 0, 0, 1, 1, 0, 0, 0, 0, 0, 0, 0, 1, 0, 0, 1, 1)",6,11,9,14,6.059333333333333,8.155333333333333,3.052,6.049333333333333,0.0,3.058306957689318,-4.580703276402789,-0.6984569777370283,1,1,1,1,5,3,8,2.096,-3.007333333333333,-0.009999999999999787,3.058306957689318,-4.580703276402789,-0.6984569777370283,-2.350287545227664,3.8427154159947006,1.6814508585552739
30,7,2.0,2.4423470353692043,-0.9699999999999998,"(1, 0, 0, 0, 1, 0, 0, 1, 0, 1, 0, 0, 1, 0, 1, 0, 0, 0, 0, 0, 1, 0, 1, 0, 0)",5,8,10,13,5.110666666666667,8.134,6.080666666666667,7.665333333333334,0.0,4.0159240930683,0.7070866039286662,3.712476042518318,1,1,1,1,3,5,8,3.0233333333333334,0.9699999999999998,2.554666666666667,4.0159240930683,0.7070866039286662,3.712476042518318,-2.4242510993735613,0.642125753453671,-2.8277722966339485
40,0,0.0,2.4423470353692043,-2.205927842345465,"(0, 0, 1, 0, 0, 1, 0, 0, 0, 0, 0, 0, 0, 0, 0, 1, 0, 0, 0, 1, 0, 1, 0, 0, 1)",5,10,10,15,5.0873333333333335,8.144,6.003333333333333,9.216666666666667,0.0,5.837752158318036,2.205927842345465,6.31243587323668,1,1,1,1,5,5,10,3.0566666666666666,0.9159999999999995,4.129333333333333,5.837752158318036,2.205927842345465,6.31243587323668,-6.792375905643028,-3.150451441592642,-5.331894016239919
40,1,0.2857142857142857,2.4423470353692043,-3.144169024577187,"(1, 0, 0, 0, 0, 0, 0, 1, 1, 0, 0, 0, 0, 0, 0, 0, 0, 0, 0, 0, 0, 1, 1, 1, 0)",4,7,9,12,4.1433333333333335,7.282,5.21,8.15,0.0,3.3355947577715686,3.144169024577187,6.358243448744496,1,1,1,1,3,5,8,3.1386666666666665,1.0666666666666664,4.006666666666667,3.3355947577715686,3.144169024577187,6.358243448744496,-0.4809667394909741,-5.073981724815292,-5.743366582150839
40,2,0.5714285714285714,2.4423470353692043,-1.800606783231304,"(0, 0, 0, 1, 0, 0, 0, 1, 0, 1, 1, 0, 0, 0, 0, 0, 0, 1, 0, 0, 0, 0, 0, 0, 1)",6,11,11,16,6.096,7.100666666666666,7.268666666666666,8.184,0.0,1.800606783231304,2.6742071805935885,3.56512110471771,1,1,1,1,5,5,10,1.0046666666666662,1.1726666666666663,2.087999999999999,1.800606783231304,2.6742071805935885,3.56512110471771,-1.943961984023062,-3.6672830226761697,-3.607642350988585
40,3,0.8571428571428571,2.4423470353692043,1.3886666666666665,"(1, 1, 0, 1, 0, 0, 1, 1, 0, 0, 0, 0, 0, 0, 0, 1, 0, 0, 0, 1, 1, 1, 0, 1, 0)",5,10,10,15,5.616666666666666,6.15,4.228,7.8933333333333335,0.0,2.0515172353315676,-2.0809339485131244,3.1027576737330373,1,1,1,1,5,5,10,0.5333333333333341,-1.3886666666666665,2.2766666666666673,2.0515172353315676,-2.0809339485131244,3.1027576737330373,-3.707931952190636,1.6907569435007939,-2.0176009220537092
40,4,1.1428571428571428,2.4423470353692043,-1.9312452124342756,"(0, 0, 0, 0, 0, 0, 1, 1, 0, 0, 0, 0, 0, 1, 0, 1, 0, 1, 1, 1, 0, 0, 1, 0, 0)",4,9,9,14,4.14,7.778,5.112666666666667,8.277333333333333,0.0,5.3076000285072285,1.9312452124342756,6.320359932506992,1,1,1,1,5,5,10,3.638,0.972666666666667,4.137333333333333,5.3076000285072285,1.9312452124342756,6.320359932506992,-4.077742679876969,-2.341181469424042,-5.331708542623902
40,5,1.4285714285714284,2.4423470353692043,-2.132548882527262,"(0, 0, 0, 1, 1, 0, 0, 0, 1, 1, 0, 0, 0, 0, 0, 0, 1, 0, 1, 0, 0, 0, 0, 0, 0)",4,9,5,10,4.160666666666667,7.3613333333333335,5.0793333333333335,8.058666666666667,0.0,4.761654054534365,2.132548882527262,6.110915105629441,1,1,1,1,5,1,6,3.2006666666666668,0.9186666666666667,3.8980000000000006,4.761654054534365,2.132548882527262,6.110915105629441,-3.8124729190073903,-2.964721631194525,-5.404706647757792
40,6,1.7142857142857142,2.4423470353692043,2.5613333333333337,"(1, 0, 0, 0, 1, 0, 0, 1, 1, 1, 0, 0, 1, 1, 1, 1, 1, 0, 0, 0, 1, 0, 1, 0, 0)",7,8,12,13,7.637333333333333,8.182666666666666,6.156666666666666,5.076,0.0,-0.2582374932063693,-3.3618092826178634,-4.428897839559951,1,1,1,1,1,5,6,0.5453333333333328,-1.480666666666667,-2.5613333333333337,-0.2582374932063693,-3.3618092826178634,-4.428897839559951,1.9625988259084226,4.594403091175074,4.5612406351433314
40,7,2.0,2.4423470353692043,3.007333333333333,"(1, 1, 0, 1, 1, 0, 0, 1, 0, 0, 0, 1, 1, 0, 0, 0, 0, 0, 0, 0, 1, 0, 0, 1, 1)",6,11,9,14,6.059333333333333,8.155333333333333,3.052,6.049333333333333,0.0,3.058306957689318,-4.580703276402789,-0.6984569777370283,1,1,1,1,5,3,8,2.096,-3.007333333333333,-0.009999999999999787,3.058306957689318,-4.580703276402789,-0.6984569777370283,-2.350287545227664,3.8427154159947006,1.6814508585552739
50,0,0.0,2.4423470353692043,-5.602744099136954,"(0, 0, 1, 0, 0, 1, 0, 0, 0, 0, 0, 0, 0, 0, 0, 1, 0, 0, 0, 0, 0, 1, 0, 0, 0)",4,9,9,14,4.040666666666667,7.0633333333333335,7.05,8.182666666666666,0.0,5.602744099136954,6.105162021501681,6.769914610150617,1,1,1,1,5,5,10,3.022666666666667,3.009333333333333,4.1419999999999995,5.602744099136954,6.105162021501681,6.769914610150617,-6.301444468216794,-7.561088018558897,-6.418279457304779
50,1,0.2857142857142857,2.4423470353692043,-2.9734761039941606,"(0, 0, 0, 1, 0, 0, 0, 1, 0, 0, 0, 0, 0, 0, 0, 0, 0, 1, 0, 0, 0, 0, 0, 0, 1)",4,9,9,14,4.020666666666667,5.246666666666667,7.224,8.115333333333334,0.0,2.9734761039941606,5.999869727087988,8.467074427839394,1,1,1,1,5,5,10,1.226,3.203333333333333,4.094666666666667,2.9734761039941606,5.999869727087988,8.467074427839394,-4.2679430819686655,-6.830112370588768,-10.67893713292551
50,2,0.5714285714285714,2.4423470353692043,-2.0913333333333335,"(1, 1, 0, 0, 0, 0, 0, 1, 1, 0, 0, 0, 0, 0, 0, 0, 0, 0, 0, 0, 0, 0, 1, 1, 0)",3,6,8,11,3.0446666666666666,5.136,8.309333333333333,7.0793333333333335,0.0,1.778625659912982,7.554287929154078,8.527101890530911,1,1,1,1,3,5,8,2.0913333333333335,5.264666666666667,4.034666666666666,1.778625659912982,7.554287929154078,8.527101890530911,0.7637406591153969,-5.592049702554423,-10.972085850593025
50,3,0.8571428571428571,2.4423470353692043,-1.8407155489899238,"(0, 0, 0, 0, 0, 0, 1, 1, 0, 0, 0, 0, 0, 1, 0, 1, 0, 1, 1, 1, 0, 0, 1, 0, 0)",4,9,9,14,4.109333333333334,7.218,5.506,8.060666666666666,0.0,4.7041232132567785,1.8407155489899238,5.957210065536873,1,1,1,1,5,5,10,3.1086666666666662,1.3966666666666665,3.9513333333333325,4.7041232132567785,1.8407155489899238,5.957210065536873,-3.8966585666247493,-1.0845214713012161,-4.899047090213384
50,4,1.1428571428571428,2.4423470353692043,-1.3305363904905787,"(0, 0, 0, 1, 1, 0, 0, 0, 1, 1, 0, 0, 0, 0, 0, 0, 0, 1, 1, 0, 0, 0, 0, 0, 0)",3,8,4,9,3.024,6.093333333333334,4.118,7.287333333333334,0.0,5.469283402248668,1.3305363904905787,7.041774972376491,1,1,1,1,5,1,6,3.0693333333333337,1.0940000000000003,4.263333333333334,5.469283402248668,1.3305363904905787,7.041774972376491,-5.861510935849484,-0.5777039520715966,-6.785918700063407
50,5,1.4285714285714284,2.4423470353692043,3.246666666666666,"(1, 0, 0, 0, 1, 0, 1, 1, 1, 1, 0, 1, 1, 1, 1, 0, 0, 0, 0, 0, 1, 0, 1, 0, 0)",7,10,12,15,7.357333333333333,9.270666666666667,4.110666666666667,5.906666666666666,0.0,3.030247103971853,-5.429988752168507,-2.301179376724864,1,1,1,1,3,5,8,1.913333333333334,-3.246666666666666,-1.4506666666666668,3.030247103971853,-5.429988752168507,-2.301179376724864,-2.7278910364820264,5.332430222781529,2.077247195954466
50,6,1.7142857142857142,2.4423470353692043,3.072,"(1, 1, 0, 1, 1, 0, 0, 1, 0, 0, 0, 1, 1, 0, 0, 0, 1, 0, 0, 0, 1, 1, 0, 1, 1)",6,11,11,16,6.09,9.179333333333334,3.018,6.158,0.0,4.936797474159618,-5.278943156625562,0.5244533200616137,1,1,1,1,5,5,10,3.089333333333334,-3.072,0.0680000000000005,4.936797474159618,-5.278943156625562,0.5244533200616137,-4.512148567297988,5.390121075812795,-1.1148174130369115
50,7,2.0,2.4423470353692043,1.3886666666666665,"(1, 1, 0, 1, 0, 0, 1, 1, 0, 0, 0, 0, 0, 0, 0, 1, 0, 0, 0, 1, 1, 1, 0, 1, 0)",5,10,10,15,5.616666666666666,6.15,4.228,7.8933333333333335,0.0,2.0515172353315676,-2.0809339485131244,3.1027576737330373,1,1,1,1,5,5,10,0.5333333333333341,-1.3886666666666665,2.2766666666666673,2.0515172353315676,-2.0809339485131244,3.1027576737330373,-3.707931952190636,1.6907569435007939,-2.0176009220537092
60,0,0.0,2.4423470353692043,-5.220109730262447,"(0, 1, 0, 0, 0, 0, 1, 1, 0, 0, 1, 0, 0, 0, 0, 1, 0, 0, 0, 0, 0, 1, 0, 0, 0)",3,8,8,13,3.102,6.133333333333334,6.290666666666667,7.427333333333333,0.0,5.220109730262447,5.254573960650435,8.093558154563597,1,1,1,1,5,5,10,3.031333333333334,3.1886666666666668,4.325333333333333,5.220109730262447,5.254573960650435,8.093558154563597,-5.345751544125908,-5.045662554808873,-9.203312720736387
60,1,0.2857142857142857,2.4423470353692043,-2.0913333333333335,"(1, 1, 0, 0, 0, 0, 0, 1, 1, 0, 0, 0, 0, 0, 0, 0, 0, 0, 0, 0, 0, 0, 1, 1, 0)",3,6,8,11,3.0446666666666666,5.136,8.309333333333333,7.0793333333333335,0.0,1.778625659912982,7.554287929154078,8.527101890530911,1,1,1,1,3,5,8,2.0913333333333335,5.264666666666667,4.034666666666666,1.778625659912982,7.554287929154078,8.527101890530911,0.7637406591153969,-5.592049702554423,-10.972085850593025
60,2,0.5714285714285714,2.4423470353692043,0.6334905465962085,"(0, 0, 0, 0, 0, 0, 1, 1, 0, 0, 0, 0, 0, 1, 0, 1, 0, 0, 0, 1, 0, 0, 1, 0, 0)",5,10,10,15,5.048666666666667,6.424,4.194,7.161333333333333,0.0,2.224652502949962,-0.6334905465962085,3.0139647904027256,1,1,1,1,5,5,10,1.3753333333333337,-0.8546666666666667,2.1126666666666667,2.224652502949962,-0.6334905465962085,3.0139647904027256,-2.0743321559954064,-0.5401888411485467,-2.2012828004905898
60,3,0.8571428571428571,2.4423470353692043,1.1246666666666667,"(0, 0, 1, 1, 1, 0, 0, 1, 1, 1, 0, 0, 0, 0, 0, 0, 0, 0, 0, 0, 0, 0, 0, 0, 0)",3,8,2,7,3.1353333333333335,8.134666666666666,2.010666666666667,7.273333333333333,0.0,7.310921615674178,-2.0251941617281437,5.807901250107967,1,1,1,1,5,-1,4,4.9993333333333325,-1.1246666666666667,4.138,7.310921615674178,-2.0251941617281437,5.807901250107967,-5.645700788369354,2.199400657831854,-4.078478367560523
60,4,1.1428571428571428,2.4423470353692043,1.1066666666666674,"(1, 0, 0, 0, 1, 0, 1, 0, 1, 1, 0, 1, 0, 1, 1, 0, 0, 0, 0, 0, 1, 0, 1, 0, 0)",6,9,11,14,6.149333333333334,9.09,5.042666666666666,6.925333333333334,0.0,3.60799786378308,-1.5257070558058614,0.7444816507590968,1,1,1,1,3,5,8,2.940666666666666,-1.1066666666666674,0.7759999999999998,3.60799786378308,-1.5257070558058614,0.7444816507590968,-1.6298543708866553,1.0234420521140684,0.0769787468282507
60,5,1.4285714285714284,2.4423470353692043,-0.17733333333333334,"(1, 1, 0, 1, 0, 0, 0, 1, 0, 0, 1, 1, 0, 0, 1, 0, 0, 1, 0, 1, 0, 0, 0, 0, 1)",7,8,12,13,7.1066666666666665,8.084,8.226,7.284,0.0,0.8778880732688182,0.8302894432684009,0.019104581254442823,1,1,1,1,1,5,6,0.9773333333333332,1.1193333333333344,0.17733333333333334,0.8778880732688182,0.8302894432684009,0.019104581254442823,0.24287983610008756,0.7059454879916724,0.38644952355004714
60,6,1.7142857142857142,2.4423470353692043,1.098666666666667,"(1, 1, 0, 1, 0, 0, 0, 0, 0, 0, 0, 0, 0, 0, 0, 1, 0, 0, 0, 1, 1, 1, 0, 1, 0)",4,9,9,14,4.233333333333333,7.370666666666667,3.1346666666666665,7.884,0.0,4.793838761022673,-2.836704670013485,5.1265407016185245,1,1,1,1,5,5,10,3.1373333333333333,-1.098666666666667,3.650666666666667,4.793838761022673,-2.836704670013485,5.1265407016185245,-4.045761120390056,4.244891964833112,-3.6045965738430548
60,7,2.0,2.4423470353692043,1.2133333333333334,"(0, 1, 0, 1, 1, 0, 0, 0, 0, 0, 0, 1, 0, 0, 0, 0, 1, 0, 0, 0, 0, 1, 0, 1, 1)",4,9,9,14,4.249333333333333,8.195333333333334,3.036,8.107333333333333,0.0,6.39335897167525,-3.3524198151263342,5.364153930970665,1,1,1,1,5,5,10,3.9460000000000006,-1.2133333333333334,3.8579999999999997,6.39335897167525,-3.3524198151263342,5.364153930970665,-5.977299928955269,5.224391527205477,-3.6785505881158778
70,0,0.0,2.4423470353692043,-5.088060167216818,"(0, 1, 1, 0, 0, 0, 0, 1, 0, 0, 1, 0, 0, 0, 0, 1, 0, 0, 0, 0, 0, 1, 0, 0, 0)",3,8,6,11,3.005333333333333,8.111333333333333,6.134666666666667,8.048666666666668,0.0,7.236999912070336,5.088060167216818,7.282427566928202,1,1,1,1,5,3,8,5.106,3.1293333333333337,5.043333333333335,7.236999912070336,5.088060167216818,7.282427566928202,-5.204641317617019,-4.783890675833435,-5.468645163332705
70,1,0.2857142857142857,2.4423470353692043,-3.7979039143776765,"(1, 1, 0, 0, 0, 1, 0, 1, 1, 0, 1, 0, 0, 0, 0, 0, 0, 0, 0, 0, 0, 1, 1, 0, 0)",4,7,9,12,4.085333333333334,7.0553333333333335,7.1146666666666665,8.246666666666666,0.0,3.7979039143776765,5.488713629774495,5.290557873638207,1,1,1,1,3,5,8,2.9699999999999998,3.0293333333333328,4.161333333333332,3.7979039143776765,5.488713629774495,5.290557873638207,-2.022028670850878,-6.006660175858508,-2.7579582082797627
70,2,0.5714285714285714,2.4423470353692043,-1.8048401847592783,"(0, 0, 0, 0, 0, 0, 1, 1, 0, 0, 0, 0, 0, 1, 1, 1, 0, 0, 1, 1, 0, 0, 1, 0, 0)",5,10,10,15,5.260666666666666,6.610666666666667,6.219333333333333,8.164666666666667,0.0,2.009074671294709,1.8048401847592783,5.27530677326179,1,1,1,1,5,5,10,1.3500000000000005,0.9586666666666668,2.904000000000001,2.009074671294709,1.8048401847592783,5.27530677326179,-1.6096890695235644,-2.0666493833214195,-5.791554067626845
70,3,0.8571428571428571,2.4423470353692043,1.099333333333333,"(0, 0, 0, 1, 0, 0, 1, 0, 1, 1, 0, 1, 0, 1, 1, 0, 0, 0, 0, 0, 1, 0, 1, 1, 0)",6,9,11,14,6.213333333333333,9.204,5.114,8.470666666666666,0.0,3.6710646916741694,-1.3952857241171446,3.836384448779383,1,1,1,1,3,5,8,2.9906666666666677,-1.099333333333333,2.2573333333333334,3.6710646916741694,-1.3952857241171446,3.836384448779383,-1.6617680992481334,0.7228184442412703,-3.856590810506094
70,4,1.1428571428571428,2.4423470353692043,0.9626666666666663,"(1, 1, 0, 1, 1, 0, 0, 1, 0, 0, 1, 1, 0, 1, 1, 0, 0, 1, 1, 1, 0, 0, 0, 0, 0)",7,8,12,13,7.152666666666667,8.152666666666667,6.19,7.150666666666667,0.0,1.6804433090911397,-1.5285293234911759,0.030773572645651767,1,1,1,1,1,5,6,1.0,-0.9626666666666663,-0.0019999999999997797,1.6804433090911397,-1.5285293234911759,0.030773572645651767,-1.6618786986955563,1.3820329823214823,-0.0800444379895643
70,5,1.4285714285714284,2.4423470353692043,1.3159999999999998,"(1, 1, 0, 0, 1, 0, 0, 0, 0, 0, 0, 0, 0, 0, 0, 1, 0, 0, 0, 1, 1, 1, 0, 0, 1)",4,9,9,14,4.428,7.118,3.112,7.969333333333333,0.0,4.6483291520932335,-2.2703515297006485,5.3952531498877,1,1,1,1,5,5,10,2.6900000000000004,-1.3159999999999998,3.541333333333333,4.6483291520932335,-2.2703515297006485,5.3952531498877,-4.782919398891996,2.330857629264444,-4.527915567773777
70,6,1.7142857142857142,2.4423470353692043,0.6056477903929978,"(0, 1, 0, 1, 1, 0, 0, 0, 0, 0, 1, 1, 0, 0, 0, 1, 1, 0, 0, 0, 0, 1, 0, 1, 1)",5,10,10,15,5.110666666666667,8.484666666666667,4.424,7.163333333333333,0.0,4.827217503839386,-0.6056477903929978,2.974235945294054,1,1,1,1,5,5,10,3.3740000000000006,-0.6866666666666665,2.052666666666666,4.827217503839386,-0.6056477903929978,2.974235945294054,-3.549261462248759,-0.1978762122759393,-2.2507919955429365
70,7,2.0,2.4423470353692043,1.0526666666666666,"(0, 0, 1, 1, 1, 0, 0, 1, 1, 1, 0, 0, 0, 1, 1, 0, 0, 0, 0, 0, 0, 0, 0, 0, 0)",4,9,3,8,4.291333333333333,7.223333333333334,3.2386666666666666,7.540666666666667,0.0,3.2059875417613095,-2.1874202792552233,5.482200704346845,1,1,1,1,5,-1,4,2.9320000000000004,-1.0526666666666666,3.2493333333333334,3.2059875417613095,-2.1874202792552233,5.482200704346845,-0.6691726603488294,2.771462121580156,-5.453437003967478
80,0,0.0,2.4423470353692043,-3.7650136409680384,"(0, 1, 1, 0, 0, 0, 0, 1, 0, 0, 1, 0, 0, 0, 0, 1, 0, 0, 0, 0, 0, 1, 0, 1, 1)",4,9,7,12,4.0873333333333335,8.583333333333334,7.102666666666667,8.116666666666667,0.0,5.54201106952411,3.7650136409680384,6.5038073320525,1,1,1,1,5,3,8,4.496,3.0153333333333334,4.029333333333334,5.54201106952411,3.7650136409680384,6.5038073320525,-2.554722034615579,-1.8309794768262946,-6.0435242348699365
80,1,0.2857142857142857,2.4423470353692043,-2.482455801127823,"(0, 0, 0, 0, 0, 1, 1, 1, 0, 1, 0, 0, 0, 0, 1, 1, 0, 1, 1, 1, 0, 0, 1, 0, 0)",6,9,9,12,6.252666666666666,7.533333333333333,7.263333333333334,8.316,0.0,2.799798092590129,2.482455801127823,5.038779031480925,1,1,1,1,3,3,6,1.2806666666666668,1.0106666666666673,2.0633333333333344,2.799798092590129,2.482455801127823,5.038779031480925,-3.7102461344403594,-3.594619829239811,-7.2670709797728215
80,2,0.5714285714285714,2.4423470353692043,-1.3120831017789008,"(1, 1, 0, 0, 0, 1, 0, 1, 1, 0, 1, 0, 1, 0, 0, 0, 0, 1, 0, 0, 0, 1, 1, 0, 0)",5,8,10,13,5.294,6.112,8.301333333333334,7.289333333333333,0.0,1.3120831017789008,4.532453353859604,3.2775754470869076,1,1,1,1,3,5,8,0.8180000000000005,3.0073333333333343,1.9953333333333338,1.3120831017789008,4.532453353859604,3.2775754470869076,-1.2067223988557179,-3.724872360714555,-3.131680225151583
80,3,0.8571428571428571,2.4423470353692043,-1.0393333333333326,"(1, 1, 1, 1, 1, 0, 0, 0, 0, 0, 1, 1, 1, 1, 1, 0, 0, 0, 1, 1, 0, 0, 0, 0, 0)",7,12,10,15,7.255333333333334,8.294666666666666,8.890666666666666,9.405333333333333,0.0,0.6802207865396059,2.1942588509542564,1.9280430240990145,1,1,1,1,5,3,8,1.0393333333333326,1.6353333333333326,2.1499999999999995,0.6802207865396059,2.1942588509542564,1.9280430240990145,0.8770774640255429,-1.3650900809536612,0.5420959620712845
80,4,1.1428571428571428,2.4423470353692043,1.3159999999999998,"(1, 1, 0, 0, 1, 0, 0, 0, 0, 0, 0, 0, 0, 0, 0, 1, 0, 0, 0, 1, 1, 1, 0, 0, 1)",4,9,9,14,4.428,7.118,3.112,7.969333333333333,0.0,4.6483291520932335,-2.2703515297006485,5.3952531498877,1,1,1,1,5,5,10,2.6900000000000004,-1.3159999999999998,3.541333333333333,4.6483291520932335,-2.2703515297006485,5.3952531498877,-4.782919398891996,2.330857629264444,-4.527915567773777
80,5,1.4285714285714284,2.4423470353692043,1.219333333333334,"(0, 1, 0, 1, 1, 0, 0, 0, 0, 0, 0, 0, 0, 0, 0, 1, 1, 0, 0, 0, 0, 0, 1, 1, 1)",5,8,10,13,5.271333333333334,6.612,4.052,7.190666666666667,0.0,3.227154549401175,-1.7942024065607802,1.667634555750093,1,1,1,1,3,5,8,1.3406666666666665,-1.219333333333334,1.9193333333333333,3.227154549401175,-1.7942024065607802,1.667634555750093,-4.607458087656553,1.4040297767224952,0.61473576323648
80,6,1.7142857142857142,2.4423470353692043,2.0380000000000003,"(1, 1, 1, 1, 1, 0, 0, 1, 1, 1, 0, 0, 0, 1, 0, 0, 0, 0, 1, 0, 0, 0, 0, 0, 0)",5,8,4,7,6.134666666666667,8.116666666666667,4.096666666666667,7.1306666666666665,0.0,3.937497616043668,-3.483655262493506,2.176456854785345,1,1,1,1,3,-1,2,1.9820000000000002,-2.0380000000000003,0.9959999999999996,3.937497616043668,-3.483655262493506,2.176456854785345,-4.776003805215799,3.530791844516903,-2.883085299666244
80,7,2.0,2.4423470353692043,1.094666666666666,"(0, 0, 0, 1, 0, 0, 1, 0, 1, 1, 0, 1, 0, 1, 1, 0, 0, 0, 0, 0, 1, 1, 0, 1, 0)",5,8,10,13,5.189333333333333,8.571333333333333,4.094666666666667,8.09,0.0,3.9001025692132365,-2.486255007627287,3.994051518507105,1,1,1,1,3,5,8,3.3820000000000006,-1.094666666666666,2.900666666666667,3.9001025692132365,-2.486255007627287,3.994051518507105,-1.2653862739351147,3.3987416589995223,-2.670425251410091
90,0,0.0,2.4423470353692043,-3.7650136409680384,"(0, 1, 1, 0, 0, 0, 0, 1, 0, 0, 1, 0, 0, 0, 0, 1, 0, 0, 0, 0, 0, 1, 0, 1, 1)",4,9,7,12,4.0873333333333335,8.583333333333334,7.102666666666667,8.116666666666667,0.0,5.54201106952411,3.7650136409680384,6.5038073320525,1,1,1,1,5,3,8,4.496,3.0153333333333334,4.029333333333334,5.54201106952411,3.7650136409680384,6.5038073320525,-2.554722034615579,-1.8309794768262946,-6.0435242348699365
90,1,0.2857142857142857,2.4423470353692043,-2.365765887215739,"(0, 1, 0, 0, 0, 1, 0, 1, 1, 0, 1, 0, 1, 0, 0, 0, 0, 1, 0, 0, 0, 0, 1, 0, 0)",5,10,10,15,5.099333333333333,6.315333333333333,8.042666666666667,7.592,0.0,2.365765887215739,4.154432307163017,2.7431356413695624,1,1,1,1,5,5,10,1.2160000000000002,2.9433333333333342,2.4926666666666666,2.365765887215739,4.154432307163017,2.7431356413695624,-2.808127306010003,-2.9579239882716104,-0.611732157817582
90,2,0.5714285714285714,2.4423470353692043,-0.5380761890811181,"(0, 0, 1, 1, 1, 0, 0, 0, 0, 0, 1, 1, 1, 1, 1, 0, 1, 0, 1, 1, 1, 1, 0, 0, 1)",7,10,12,15,7.592,8.103333333333333,8.579333333333333,8.37,0.0,0.5380761890811181,0.20515715097101256,-0.10979706783448565,1,1,1,1,3,5,8,0.5113333333333339,0.987333333333333,0.7779999999999996,0.5380761890811181,0.20515715097101256,-0.10979706783448565,-0.0653153344529071,1.910345680129015,2.168308536635027
90,3,0.8571428571428571,2.4423470353692043,1.0306666666666668,"(1, 1, 1, 0, 1, 0, 1, 0, 0, 0, 0, 0, 0, 0, 0, 1, 0, 0, 0, 1, 1, 1, 0, 0, 1)",6,11,9,14,6.112666666666667,9.058666666666667,5.082,7.338,0.0,0.6364756374172162,-2.7892145887701956,-0.3087669396492305,1,1,1,1,5,3,8,2.9460000000000006,-1.0306666666666668,1.2253333333333334,0.6364756374172162,-2.7892145887701956,-0.3087669396492305,5.6406599800670145,4.2949843041042275,3.746805253678052
90,4,1.1428571428571428,2.4423470353692043,-0.5079539089782287,"(0, 0, 1, 1, 0, 1, 1, 1, 0, 1, 0, 0, 0, 0, 1, 1, 0, 1, 1, 1, 0, 0, 1, 1, 1)",8,11,11,14,8.415333333333333,7.689333333333333,7.4,8.41,0.0,0.5125672311561499,0.5079539089782287,1.2895592346749387,1,1,1,1,3,3,6,-0.726,-1.0153333333333325,-0.005333333333332746,0.5125672311561499,0.5079539089782287,1.2895592346749387,-3.025011005119667,-3.7203960802753726,-3.1625770245966174
90,5,1.4285714285714284,2.4423470353692043,2.0380000000000003,"(1, 1, 1, 1, 1, 0, 0, 1, 1, 1, 0, 0, 0, 1, 0, 0, 0, 0, 1, 0, 0, 0, 0, 0, 0)",5,8,4,7,6.134666666666667,8.116666666666667,4.096666666666667,7.1306666666666665,0.0,3.937497616043668,-3.483655262493506,2.176456854785345,1,1,1,1,3,-1,2,1.9820000000000002,-2.0380000000000003,0.9959999999999996,3.937497616043668,-3.483655262493506,2.176456854785345,-4.776003805215799,3.530791844516903,-2.883085299666244
90,6,1.7142857142857142,2.4423470353692043,1.4213333333333331,"(0, 0, 0, 1, 0, 0, 1, 0, 1, 1, 0, 1, 0, 1, 1, 0, 1, 0, 0, 0, 1, 0, 0, 1, 0)",6,9,11,14,6.558,7.494666666666666,5.136666666666667,6.378666666666667,0.0,2.1818300182631556,-4.066344990754033,0.8563954193575709,1,1,1,1,3,5,8,0.9366666666666665,-1.4213333333333331,-0.17933333333333312,2.1818300182631556,-4.066344990754033,0.8563954193575709,-3.041121020322067,6.460036380018432,-2.529609048581273
90,7,2.0,2.4423470353692043,2.972666666666667,"(0, 1, 0, 1, 1, 0, 0, 0, 0, 0, 0, 0, 0, 0, 0, 1, 0, 1, 0, 0, 0, 0, 1, 1, 1)",6,9,11,14,6.028666666666667,9.575333333333333,3.056,6.209333333333333,0.0,5.298373384151388,-4.488219735330142,0.7836677520821318,1,1,1,1,3,5,8,3.546666666666666,-2.972666666666667,0.1806666666666663,5.298373384151388,-4.488219735330142,0.7836677520821318,-4.278275708285131,3.7015065441949373,-1.4727379132888745
100,0,0.0,2.4423470353692043,-1.0726666666666667,"(0, 0, 0, 0, 0, 0, 0, 1, 0, 0, 1, 0, 0, 0, 0, 1, 0, 0, 0, 0, 0, 1, 0, 1, 1)",5,10,8,13,5.1306666666666665,8.385333333333334,6.203333333333333,7.348,0.0,4.6936482581939725,0.8396789107599322,3.5326107519580168,1,1,1,1,5,3,8,3.254666666666667,1.0726666666666667,2.2173333333333334,4.6936482581939725,0.8396789107599322,3.5326107519580168,-3.5144924240175737,0.5690369549161368,-3.212363904066055
100,1,0.2857142857142857,2.4423470353692043,-0.7733333333333334,"(0, 0, 1, 1, 1, 0, 0, 0, 0, 0, 1, 1, 1, 1, 1, 0, 0, 0, 1, 1, 1, 0, 0, 0, 1)",7,12,12,17,7.366,8.139333333333333,8.36,9.132666666666667,0.0,0.5018209042005247,1.134714432632532,2.05748741697358,1,1,1,1,5,5,10,0.7733333333333334,0.9939999999999998,1.7666666666666675,0.5018209042005247,1.134714432632532,2.05748741697358,0.6631275763584065,-0.3436734773737248,-0.7102851973359358
100,2,0.5714285714285714,2.4423470353692043,1.173333333333333,"(1, 1, 1, 0, 1, 0, 1, 0, 0, 0, 0, 0, 0, 0, 0, 1, 0, 0, 0, 1, 1, 0, 1, 0, 1)",5,10,8,13,5.251333333333333,8.034666666666666,4.078,7.335333333333334,0.0,4.022599841631643,-4.062220137983188,2.4631883967376873,1,1,1,1,5,3,8,2.783333333333333,-1.173333333333333,2.0840000000000005,4.022599841631643,-4.062220137983188,2.4631883967376873,-3.0267188825747224,7.055664122853788,-0.9261096566186909
100,3,0.8571428571428571,2.4423470353692043,0.7826666666666666,"(0, 0, 0, 0, 0, 1, 1, 1, 0, 1, 0, 0, 0, 0, 1, 0, 0, 1, 1, 0, 0, 1, 0, 1, 1)",7,10,10,13,7.276666666666666,8.388,6.494,7.088666666666667,0.0,2.366037259108557,-1.301662421094659,-1.3134942356215575,1,1,1,1,3,3,6,1.1113333333333335,-0.7826666666666666,-0.18799999999999972,2.366037259108557,-1.301662421094659,-1.3134942356215575,-3.0644224133832187,1.2675677421964109,2.7488475096954406
100,4,1.1428571428571428,2.4423470353692043,-0.7526666666666664,"(1, 1, 0, 1, 1, 0, 0, 0, 1, 1, 1, 0, 0, 1, 0, 1, 0, 0, 1, 0, 0, 0, 0, 0, 0)",5,8,6,9,5.504666666666667,6.449333333333334,6.257333333333333,7.088,0.0,2.3203382323578716,0.6770185982043435,4.566809035490465,1,1,1,1,3,1,4,0.9446666666666665,0.7526666666666664,1.583333333333333,2.3203382323578716,0.6770185982043435,4.566809035490465,-3.3598673701076263,0.18475883574036084,-7.286683036259526
100,5,1.4285714285714284,2.4423470353692043,1.4213333333333331,"(0, 0, 0, 1, 0, 0, 1, 0, 1, 1, 0, 1, 0, 1, 1, 0, 1, 0, 0, 0, 1, 0, 0, 1, 0)",6,9,11,14,6.558,7.494666666666666,5.136666666666667,6.378666666666667,0.0,2.1818300182631556,-4.066344990754033,0.8563954193575709,1,1,1,1,3,5,8,0.9366666666666665,-1.4213333333333331,-0.17933333333333312,2.1818300182631556,-4.066344990754033,0.8563954193575709,-3.041121020322067,6.460036380018432,-2.529609048581273
100,6,1.7142857142857142,2.4423470353692043,0.9700000000000006,"(0, 1, 0, 0, 0, 1, 0, 0, 1, 0, 1, 0, 0, 0, 0, 0, 0, 1, 0, 0, 0, 1, 0, 1, 1)",6,11,11,16,6.021333333333334,7.711333333333333,5.051333333333333,6.259333333333333,0.0,2.7866636929776982,-2.330704638663549,1.5196283254067193,1,1,1,1,5,5,10,1.6899999999999995,-0.9700000000000006,0.23799999999999955,2.7866636929776982,-2.330704638663549,1.5196283254067193,-2.6784333193411256,3.3233129402530417,-3.1301811410023
100,7,2.0,2.4423470353692043,2.972666666666667,"(0, 1, 0, 1, 1, 0, 0, 0, 0, 0, 0, 0, 0, 0, 0, 1, 0, 1, 0, 0, 0, 0, 1, 1, 1)",6,9,11,14,6.028666666666667,9.575333333333333,3.056,6.209333333333333,0.0,5.298373384151388,-4.488219735330142,0.7836677520821318,1,1,1,1,3,5,8,3.546666666666666,-2.972666666666667,0.1806666666666663,5.298373384151388,-4.488219735330142,0.7836677520821318,-4.278275708285131,3.7015065441949373,-1.4727379132888745
110,0,0.0,2.4423470353692043,-2.3135539350374033,"(0, 0, 1, 1, 1, 0, 0, 0, 0, 0, 0, 0, 1, 0, 1, 0, 0, 0, 0, 1, 1, 0, 0, 0, 1)",5,10,8,13,5.043333333333333,6.575333333333333,8.236,9.178,0.0,2.3135539350374033,4.003875181027146,6.837214839569677,1,1,1,1,5,3,8,1.532,3.1926666666666677,4.134666666666668,2.3135539350374033,4.003875181027146,6.837214839569677,-1.9088259362197375,-1.981252710114571,-6.6005605180321245
110,1,0.2857142857142857,2.4423470353692043,-3.811201137125797,"(0, 1, 1, 0, 0, 0, 0, 1, 0, 0, 1, 0, 0, 0, 0, 1, 0, 0, 0, 0, 0, 0, 1, 1, 1)",5,10,8,13,5.066666666666666,8.168666666666667,8.268,7.148666666666666,0.0,3.811201137125797,4.59503171234362,3.915679315861037,1,1,1,1,5,3,8,3.1020000000000003,3.2013333333333343,2.082,3.811201137125797,4.59503171234362,3.915679315861037,-1.732115294739658,-3.4038951041746373,-4.478481240911035
110,2,0.5714285714285714,2.4423470353692043,0.7826666666666666,"(0, 0, 0, 0, 0, 1, 1, 1, 0, 1, 0, 0, 0, 0, 1, 0, 0, 1, 1, 0, 0, 1, 0, 1, 1)",7,10,10,13,7.276666666666666,8.388,6.494,7.088666666666667,0.0,2.366037259108557,-1.301662421094659,-1.3134942356215575,1,1,1,1,3,3,6,1.1113333333333335,-0.7826666666666666,-0.18799999999999972,2.366037259108557,-1.301662421094659,-1.3134942356215575,-3.0644224133832187,1.2675677421964109,2.7488475096954406
110,3,0.8571428571428571,2.4423470353692043,-2.748128884197429,"(0, 0, 0, 1, 1, 0, 0, 0, 1, 1, 1, 0, 0, 0, 0, 1, 0, 0, 0, 0, 0, 0, 0, 0, 0)",3,8,4,9,3.098,8.034,4.3886666666666665,7.1113333333333335,0.0,7.662239668117396,2.748128884197429,6.481609111219924,1,1,1,1,5,1,6,4.936000000000001,1.2906666666666666,4.013333333333334,7.662239668117396,2.748128884197429,6.481609111219924,-6.658423371132443,-3.5596285261488836,-6.028386028594929
110,4,1.1428571428571428,2.4423470353692043,1.4213333333333331,"(0, 0, 0, 1, 0, 0, 1, 0, 1, 1, 0, 1, 0, 1, 1, 0, 1, 0, 0, 0, 1, 0, 0, 1, 0)",6,9,11,14,6.558,7.494666666666666,5.136666666666667,6.378666666666667,0.0,2.1818300182631556,-4.066344990754033,0.8563954193575709,1,1,1,1,3,5,8,0.9366666666666665,-1.4213333333333331,-0.17933333333333312,2.1818300182631556,-4.066344990754033,0.8563954193575709,-3.041121020322067,6.460036380018432,-2.529609048581273
110,5,1.4285714285714284,2.4423470353692043,0.9700000000000006,"(0, 1, 0, 0, 0, 1, 0, 0, 1, 0, 1, 0, 0, 0, 0, 0, 0, 1, 0, 0, 0, 1, 0, 1, 1)",6,11,11,16,6.021333333333334,7.711333333333333,5.051333333333333,6.259333333333333,0.0,2.7866636929776982,-2.330704638663549,1.5196283254067193,1,1,1,1,5,5,10,1.6899999999999995,-0.9700000000000006,0.23799999999999955,2.7866636929776982,-2.330704638663549,1.5196283254067193,-2.6784333193411256,3.3233129402530417,-3.1301811410023
110,6,1.7142857142857142,2.4423470353692043,0.6557973161859141,"(0, 1, 0, 0, 0, 0, 0, 0, 0, 0, 0, 0, 0, 0, 0, 1, 0, 1, 0, 0, 0, 0, 1, 0, 0)",4,7,9,12,4.096666666666667,7.228666666666666,3.1633333333333336,7.358666666666666,0.0,5.028846820203755,-0.6557973161859141,4.920732258104744,1,1,1,1,3,5,8,3.1319999999999997,-0.9333333333333331,3.2619999999999996,5.028846820203755,-0.6557973161859141,4.920732258104744,-4.6327582078741445,-0.6778392686881756,-4.051199813053388
110,7,2.0,2.4423470353692043,0.972666666666667,"(1, 1, 1, 0, 1, 0, 0, 1, 0, 0, 0, 0, 0, 0, 0, 1, 0, 0, 0, 1, 1, 0, 1, 0, 1)",6,11,9,14,6.206,7.642,5.233333333333333,6.272,0.0,1.8286666369487699,-1.4663308856571071,1.2130866352786027,1,1,1,1,5,3,8,1.436,-0.972666666666667,0.06599999999999984,1.8286666369487699,-1.4663308856571071,1.2130866352786027,-0.9590281966402239,1.205699341719155,-2.8015836429843315
120,0,0.0,2.4423470353692043,-0.820666666666666,"(0, 1, 1, 0, 0, 0, 0, 1, 0, 0, 1, 0, 0, 0, 0, 1, 0, 0, 1, 1, 0, 1, 0, 1, 1)",5,10,8,13,5.264,10.164,6.084666666666666,7.33,0.0,5.9555818341799585,0.008955272463019501,1.7468751484531833,1,1,1,1,5,3,8,4.8999999999999995,0.820666666666666,2.066,5.9555818341799585,0.008955272463019501,1.7468751484531833,-2.57809716329901,1.9824809172086795,0.7794136350880049
120,1,0.2857142857142857,2.4423470353692043,-1.052666666666667,"(0, 0, 0, 0, 0, 1, 1, 1, 0, 1, 0, 0, 0, 0, 1, 0, 0, 0, 1, 0, 0, 1, 1, 1, 1)",6,11,11,16,6.178,7.230666666666667,9.290666666666667,8.136,0.0,0.8709409528126575,2.7344517407993605,2.800178013240075,1,1,1,1,5,5,10,1.052666666666667,3.1126666666666667,1.9579999999999993,0.8709409528126575,2.7344517407993605,2.800178013240075,0.4438372584816927,0.9237321029243987,-2.0568909738900256
120,2,0.5714285714285714,2.4423470353692043,-2.748128884197429,"(0, 0, 0, 1, 1, 0, 0, 0, 1, 1, 1, 0, 0, 0, 0, 1, 0, 0, 0, 0, 0, 0, 0, 0, 0)",3,8,4,9,3.098,8.034,4.3886666666666665,7.1113333333333335,0.0,7.662239668117396,2.748128884197429,6.481609111219924,1,1,1,1,5,1,6,4.936000000000001,1.2906666666666666,4.013333333333334,7.662239668117396,2.748128884197429,6.481609111219924,-6.658423371132443,-3.5596285261488836,-6.028386028594929
120,3,0.8571428571428571,2.4423470353692043,1.4213333333333331,"(0, 0, 0, 1, 0, 0, 1, 0, 1, 1, 0, 1, 0, 1, 1, 0, 1, 0, 0, 0, 1, 0, 0, 1, 0)",6,9,11,14,6.558,7.494666666666666,5.136666666666667,6.378666666666667,0.0,2.1818300182631556,-4.066344990754033,0.8563954193575709,1,1,1,1,3,5,8,0.9366666666666665,-1.4213333333333331,-0.17933333333333312,2.1818300182631556,-4.066344990754033,0.8563954193575709,-3.041121020322067,6.460036380018432,-2.529609048581273
120,4,1.1428571428571428,2.4423470353692043,-1.758544139844391,"(0, 0, 1, 1, 1, 0, 0, 0, 0, 0, 0, 0, 0, 1, 1, 0, 0, 0, 0, 1, 1, 0, 0, 0, 1)",5,10,10,15,5.451333333333333,6.394666666666667,6.434,7.43,0.0,1.758544139844391,3.016949881223733,4.796769577465117,1,1,1,1,5,5,10,0.9433333333333334,0.9826666666666668,1.9786666666666664,1.758544139844391,3.016949881223733,4.796769577465117,-1.9910276964832199,-4.968425578174785,-6.8827852895539205
120,5,1.4285714285714284,2.4423470353692043,0.6557973161859141,"(0, 1, 0, 0, 0, 0, 0, 0, 0, 0, 0, 0, 0, 0, 0, 1, 0, 1, 0, 0, 0, 0, 1, 0, 0)",4,7,9,12,4.096666666666667,7.228666666666666,3.1633333333333336,7.358666666666666,0.0,5.028846820203755,-0.6557973161859141,4.920732258104744,1,1,1,1,3,5,8,3.1319999999999997,-0.9333333333333331,3.2619999999999996,5.028846820203755,-0.6557973161859141,4.920732258104744,-4.6327582078741445,-0.6778392686881756,-4.051199813053388
120,6,1.7142857142857142,2.4423470353692043,1.3313333333333333,"(1, 1, 1, 0, 1, 0, 0, 1, 0, 0, 0, 1, 0, 0, 0, 0, 1, 0, 0, 0, 1, 0, 1, 0, 1)",6,11,9,14,6.471333333333333,7.250666666666667,5.14,6.254,0.0,1.4384338550753322,-3.606586729940425,0.0963912963292383,1,1,1,1,5,3,8,0.7793333333333337,-1.3313333333333333,-0.21733333333333338,1.4384338550753322,-3.606586729940425,0.0963912963292383,-1.6097522052868658,5.556958387917043,-0.7662244191786836
120,7,2.0,2.4423470353692043,2.21363480410152,"(0, 1, 0, 0, 0, 1, 0, 0, 1, 0, 1, 0, 0, 0, 1, 0, 0, 1, 0, 1, 1, 0, 0, 1, 1)",8,13,11,16,9.435333333333332,9.607333333333333,7.172,8.548666666666668,0.0,2.259659477123589,-2.21363480410152,0.4852129443600156,1,1,1,1,5,3,8,0.1720000000000006,-2.2633333333333328,-0.8866666666666649,2.259659477123589,-2.21363480410152,0.4852129443600156,-5.09878893481322,-0.12138105553152782,-3.3506061008744705
130,0,0.0,2.4423470353692043,-1.8833209361624765,"(0, 0, 0, 0, 0, 0, 1, 1, 0, 0, 0, 0, 0, 0, 1, 0, 0, 0, 1, 0, 0, 1, 1, 1, 1)",5,10,10,15,5.017333333333333,6.167333333333334,6.132666666666666,7.037333333333334,0.0,1.8833209361624765,2.1474200622537314,2.611845919623826,1,1,1,1,5,5,10,1.1500000000000004,1.115333333333333,2.0200000000000005,1.8833209361624765,2.1474200622537314,2.611845919623826,-1.7910242144105932,-2.5207139626226343,-1.4454931271886111
130,1,0.2857142857142857,2.4423470353692043,-1.15778104352213,"(0, 0, 1, 0, 0, 0, 0, 0, 1, 0, 1, 0, 0, 0, 0, 1, 0, 1, 1, 0, 0, 0, 0, 0, 0)",4,9,7,12,4.010666666666666,5.112,7.24,8.058,0.0,1.15778104352213,5.110638308699342,7.320636729437089,1,1,1,1,5,3,8,1.1013333333333337,3.229333333333334,4.0473333333333334,1.15778104352213,5.110638308699342,7.320636729437089,-0.1378648976329868,-4.594799629210505,-7.994542845337955
130,2,0.5714285714285714,2.4423470353692043,-0.9206666666666665,"(0, 1, 1, 0, 0, 0, 1, 0, 0, 0, 0, 0, 0, 0, 0, 0, 0, 0, 1, 1, 0, 1, 0, 1, 1)",5,10,8,13,5.0793333333333335,8.048666666666668,6.0,7.112666666666667,0.0,4.1938355060003065,0.264370497984076,2.649023868940003,1,1,1,1,5,3,8,2.969333333333334,0.9206666666666665,2.033333333333333,4.1938355060003065,0.264370497984076,2.649023868940003,-2.99065925121633,1.6029030019060921,-1.5037299543438278
130,3,0.8571428571428571,2.4423470353692043,1.1033333333333335,"(0, 0, 1, 1, 1, 1, 1, 0, 0, 0, 0, 0, 0, 1, 1, 0, 0, 0, 0, 1, 1, 0, 1, 1, 1)",7,10,12,15,7.149333333333334,8.534,6.046,7.142,0.0,1.4936851724532418,-2.1137699475441996,-2.0851673500411003,1,1,1,1,3,5,8,1.384666666666667,-1.1033333333333335,-0.007333333333333414,1.4936851724532418,-2.1137699475441996,-2.0851673500411003,-0.26626102440822164,2.467836869146405,5.0747917506955
130,4,1.1428571428571428,2.4423470353692043,0.6557973161859141,"(0, 1, 0, 0, 0, 0, 0, 0, 0, 0, 0, 0, 0, 0, 0, 1, 0, 1, 0, 0, 0, 0, 1, 0, 0)",4,7,9,12,4.096666666666667,7.228666666666666,3.1633333333333336,7.358666666666666,0.0,5.028846820203755,-0.6557973161859141,4.920732258104744,1,1,1,1,3,5,8,3.1319999999999997,-0.9333333333333331,3.2619999999999996,5.028846820203755,-0.6557973161859141,4.920732258104744,-4.6327582078741445,-0.6778392686881756,-4.051199813053388
130,5,1.4285714285714284,2.4423470353692043,2.9786666666666664,"(1, 1, 1, 0, 1, 0, 1, 1, 0, 0, 0, 0, 0, 0, 0, 0, 1, 0, 0, 0, 1, 0, 1, 0, 1)",6,11,11,16,6.033333333333333,7.392666666666667,3.054666666666667,6.067333333333333,0.0,2.730055516135695,-4.941193698823283,1.2003864306946812,1,1,1,1,5,5,10,1.3593333333333337,-2.9786666666666664,0.03399999999999981,2.730055516135695,-4.941193698823283,1.2003864306946812,-3.347779259482152,4.7931720788196355,-2.848720441102023
130,6,1.7142857142857142,2.4423470353692043,0.7893665618313269,"(0, 0, 0, 0, 0, 1, 0, 0, 1, 0, 1, 0, 0, 0, 1, 0, 0, 1, 0, 1, 1, 1, 0, 1, 1)",7,10,12,15,7.214,6.278,8.195333333333334,9.366,0.0,-0.7893665618313269,3.3772774805085355,3.7551357040694335,1,1,1,1,3,5,8,-0.9360000000000008,0.9813333333333336,2.1519999999999992,-0.7893665618313269,3.3772774805085355,3.7551357040694335,-0.35812974299725425,-5.851727084763551,-3.9154137341285047
130,7,2.0,2.4423470353692043,1.4213333333333331,"(0, 0, 0, 1, 0, 0, 1, 0, 1, 1, 0, 1, 0, 1, 1, 0, 1, 0, 0, 0, 1, 0, 0, 1, 0)",6,9,11,14,6.558,7.494666666666666,5.136666666666667,6.378666666666667,0.0,2.1818300182631556,-4.066344990754033,0.8563954193575709,1,1,1,1,3,5,8,0.9366666666666665,-1.4213333333333331,-0.17933333333333312,2.1818300182631556,-4.066344990754033,0.8563954193575709,-3.041121020322067,6.460036380018432,-2.529609048581273
140,0,0.0,2.4423470353692043,-2.999310708190511,"(0, 0, 1, 0, 0, 0, 0, 0, 1, 0, 1, 0, 0, 0, 0, 1, 0, 1, 1, 0, 0, 0, 0, 0, 0)",4,9,7,12,4.010666666666666,5.212,7.1226666666666665,8.187333333333333,0.0,2.999310708190511,3.3150790426744665,6.420821807228512,1,1,1,1,5,3,8,1.2013333333333334,3.112,4.176666666666667,2.999310708190511,3.3150790426744665,6.420821807228512,-4.391284711143332,-0.4959894978215992,-5.481005654459782
140,1,0.2857142857142857,2.4423470353692043,-0.9206666666666665,"(0, 1, 1, 0, 0, 0, 1, 0, 0, 0, 0, 0, 0, 0, 0, 0, 0, 0, 1, 1, 0, 1, 0, 1, 1)",5,10,8,13,5.0793333333333335,8.048666666666668,6.0,7.112666666666667,0.0,4.1938355060003065,0.264370497984076,2.649023868940003,1,1,1,1,5,3,8,2.969333333333334,0.9206666666666665,2.033333333333333,4.1938355060003065,0.264370497984076,2.649023868940003,-2.99065925121633,1.6029030019060921,-1.5037299543438278
140,2,0.5714285714285714,2.4423470353692043,-3.226177610587028,"(1, 1, 0, 0, 0, 0, 0, 0, 0, 0, 0, 0, 0, 0, 1, 0, 0, 0, 1, 0, 0, 0, 0, 1, 1)",4,7,9,12,4.031333333333333,7.074666666666666,5.5986666666666665,8.257333333333333,0.0,5.011696116577606,3.226177610587028,7.263105888159503,1,1,1,1,3,5,8,3.043333333333333,1.567333333333333,4.226,5.011696116577606,3.226177610587028,7.263105888159503,-4.8074250081877254,-4.051473402689732,-7.417666562048716
140,3,0.8571428571428571,2.4423470353692043,1.1259999999999994,"(0, 1, 0, 1, 0, 0, 0, 0, 0, 0, 0, 0, 0, 0, 0, 1, 0, 1, 0, 0, 0, 0, 1, 1, 0)",5,8,10,13,5.1786666666666665,8.187333333333333,4.052666666666667,7.318,0.0,6.187224881890087,-1.2162888236138625,3.1466656459911184,1,1,1,1,3,5,8,3.0086666666666666,-1.1259999999999994,2.139333333333333,6.187224881890087,-1.2162888236138625,3.1466656459911184,-7.76314223369935,0.2205166406802914,-2.4602550874513462
140,4,1.1428571428571428,2.4423470353692043,2.9786666666666664,"(1, 1, 1, 0, 1, 0, 1, 1, 0, 0, 0, 0, 0, 0, 0, 0, 1, 0, 0, 0, 1, 0, 1, 0, 1)",6,11,11,16,6.033333333333333,7.392666666666667,3.054666666666667,6.067333333333333,0.0,2.730055516135695,-4.941193698823283,1.2003864306946812,1,1,1,1,5,5,10,1.3593333333333337,-2.9786666666666664,0.03399999999999981,2.730055516135695,-4.941193698823283,1.2003864306946812,-3.347779259482152,4.7931720788196355,-2.848720441102023
140,5,1.4285714285714284,2.4423470353692043,-0.7853333333333339,"(0, 0, 0, 0, 0, 1, 0, 0, 1, 0, 1, 0, 0, 0, 0, 0, 0, 1, 0, 0, 1, 1, 0, 1, 1)",6,9,11,14,6.244666666666666,8.504666666666667,7.03,6.114,0.0,3.3664768791743467,-2.0837562161984398,1.0208467864057635,1,1,1,1,3,5,8,2.2600000000000007,0.7853333333333339,-0.1306666666666665,3.3664768791743467,-2.0837562161984398,1.0208467864057635,-2.7024005255560333,7.007312355507693,-2.8123954682992047
140,6,1.7142857142857142,2.4423470353692043,0.9726666666666661,"(0, 0, 1, 1, 1, 0, 0, 0, 0, 0, 0, 0, 0, 1, 1, 0, 0, 0, 0, 1, 0, 0, 1, 1, 0)",5,10,10,15,5.082666666666666,6.188666666666666,4.11,7.228666666666666,0.0,2.817437265623351,-1.1178893752777657,3.1267469490582194,1,1,1,1,5,5,10,1.1059999999999999,-0.9726666666666661,2.146,2.817437265623351,-1.1178893752777657,3.1267469490582194,-4.179923731915569,0.3546842518446048,-2.3953244034797345
140,7,2.0,2.4423470353692043,1.4213333333333331,"(0, 0, 0, 1, 0, 0, 1, 0, 1, 1, 0, 1, 0, 1, 1, 0, 1, 0, 0, 0, 1, 0, 0, 1, 0)",6,9,11,14,6.558,7.494666666666666,5.136666666666667,6.378666666666667,0.0,2.1818300182631556,-4.066344990754033,0.8563954193575709,1,1,1,1,3,5,8,0.9366666666666665,-1.4213333333333331,-0.17933333333333312,2.1818300182631556,-4.066344990754033,0.8563954193575709,-3.041121020322067,6.460036380018432,-2.529609048581273
150,0,0.0,2.4423470353692043,-2.4141786328946133,"(0, 1, 1, 0, 0, 0, 1, 0, 0, 0, 1, 1, 0, 0, 0, 0, 0, 0, 0, 0, 0, 1, 0, 1, 1)",5,8,8,11,5.258,6.292666666666666,8.046,7.418,0.0,2.4141786328946133,4.65912975342742,4.919863868047726,1,1,1,1,3,3,6,1.0346666666666664,2.7879999999999994,2.16,2.4141786328946133,4.65912975342742,4.919863868047726,-3.369246960973168,-4.569948206074571,-6.740545336148947
150,1,0.2857142857142857,2.4423470353692043,-1.8922219342469322,"(1, 1, 0, 0, 0, 0, 0, 0, 0, 0, 0, 0, 0, 0, 1, 1, 0, 0, 1, 0, 1, 0, 0, 0, 0)",4,7,9,12,4.336666666666667,5.120666666666667,5.292,8.103333333333333,0.0,1.8922219342469322,2.9270172359435827,7.276186013393371,1,1,1,1,3,5,8,0.7839999999999998,0.9553333333333329,3.7666666666666666,1.8922219342469322,2.9270172359435827,7.276186013393371,-2.7066625556391206,-4.815536334225326,-8.571464172048833
150,2,0.5714285714285714,2.4423470353692043,-1.6423426953393814,"(0, 1, 1, 0, 0, 0, 1, 0, 1, 0, 1, 0, 0, 0, 0, 1, 0, 0, 0, 0, 1, 0, 0, 0, 1)",5,10,6,11,5.138,8.114666666666666,6.118,7.530666666666667,0.0,4.913730863270021,1.6423426953393814,3.715461133339325,1,1,1,1,5,1,6,2.9766666666666666,0.9800000000000004,2.392666666666667,4.913730863270021,1.6423426953393814,3.715461133339325,-4.730982997894032,-1.6176707183605852,-3.230723144080754
150,3,0.8571428571428571,2.4423470353692043,0.7490949729370172,"(1, 1, 1, 0, 0, 1, 1, 1, 0, 0, 1, 0, 0, 0, 0, 0, 1, 0, 0, 0, 1, 0, 1, 0, 0)",6,11,11,16,6.115333333333333,7.242,5.249333333333333,8.278666666666666,0.0,2.607395420581599,-0.7490949729370172,4.863364239962851,1,1,1,1,5,5,10,1.126666666666667,-0.8659999999999997,2.163333333333333,2.607395420581599,-0.7490949729370172,4.863364239962851,-3.61645348231007,-0.2855226462670318,-6.594412480211828
150,4,1.1428571428571428,2.4423470353692043,1.1993333333333336,"(0, 0, 0, 0, 0, 1, 0, 0, 1, 0, 1, 0, 0, 0, 0, 0, 0, 1, 0, 0, 0, 0, 0, 1, 1)",5,10,10,15,5.249333333333333,6.128666666666667,4.05,7.186,0.0,2.1461717515467655,-1.835722306162057,2.902539491211326,1,1,1,1,5,5,10,0.8793333333333333,-1.1993333333333336,1.9366666666666665,2.1461717515467655,-1.835722306162057,2.902539491211326,-3.0940590550153884,1.5542827211298855,-2.358996629570328
150,5,1.4285714285714284,2.4423470353692043,0.9726666666666661,"(0, 0, 1, 1, 1, 0, 0, 0, 0, 0, 0, 0, 0, 1, 1, 0, 0, 0, 0, 1, 0, 0, 1, 1, 0)",5,10,10,15,5.082666666666666,6.188666666666666,4.11,7.228666666666666,0.0,2.817437265623351,-1.1178893752777657,3.1267469490582194,1,1,1,1,5,5,10,1.1059999999999999,-0.9726666666666661,2.146,2.817437265623351,-1.1178893752777657,3.1267469490582194,-4.179923731915569,0.3546842518446048,-2.3953244034797345
150,6,1.7142857142857142,2.4423470353692043,1.4213333333333331,"(0, 0, 0, 1, 0, 0, 1, 0, 1, 1, 0, 1, 0, 1, 1, 0, 1, 0, 0, 0, 1, 0, 0, 1, 0)",6,9,11,14,6.558,7.494666666666666,5.136666666666667,6.378666666666667,0.0,2.1818300182631556,-4.066344990754033,0.8563954193575709,1,1,1,1,3,5,8,0.9366666666666665,-1.4213333333333331,-0.17933333333333312,2.1818300182631556,-4.066344990754033,0.8563954193575709,-3.041121020322067,6.460036380018432,-2.529609048581273
150,7,2.0,2.4423470353692043,-0.011333333333332973,"(0, 1, 0, 1, 1, 0, 0, 1, 0, 0, 1, 0, 1, 0, 0, 0, 0, 1, 0, 0, 0, 0, 1, 1, 1)",7,10,10,13,5.169333333333333,8.839333333333334,6.1066666666666665,5.180666666666666,0.0,4.579997709481459,0.2682782532406671,-2.3140966788230393,1,1,1,1,3,3,6,3.670000000000001,0.9373333333333331,0.011333333333332973,4.579997709481459,0.2682782532406671,-2.3140966788230393,-2.2225302079448057,1.6340646913630283,5.679507096148688
160,0,0.0,2.4423470353692043,-5.9125965263574605,"(0, 0, 0, 0, 0, 0, 1, 1, 0, 0, 0, 0, 0, 0, 0, 1, 0, 0, 0, 0, 1, 0, 0, 1, 1)",3,8,8,13,3.104,6.69,8.218666666666667,7.316,0.0,6.302340838823823,5.9125965263574605,7.8973020016770406,1,1,1,1,5,5,10,3.5860000000000003,5.114666666666667,4.212,6.302340838823823,5.9125965263574605,7.8973020016770406,-6.634246994753661,-1.9488216272483736,-9.000786418236116
160,1,0.2857142857142857,2.4423470353692043,-1.1139273456426124,"(0, 1, 1, 0, 0, 0, 1, 0, 1, 0, 1, 0, 0, 0, 1, 1, 0, 0, 0, 1, 1, 0, 0, 0, 1)",6,11,7,12,6.6593333333333335,7.198,7.520666666666667,8.189333333333334,0.0,2.31339111190171,1.1139273456426124,2.223132820350176,1,1,1,1,5,1,6,0.5386666666666668,0.8613333333333335,1.5300000000000002,2.31339111190171,1.1139273456426124,2.223132820350176,-4.334492987417063,-0.6169222371155797,-1.6928708888993467
160,2,0.5714285714285714,2.4423470353692043,-0.8499999999999996,"(1, 1, 1, 0, 0, 1, 0, 1, 0, 0, 1, 1, 1, 0, 0, 0, 1, 0, 1, 0, 1, 0, 1, 0, 0)",7,12,12,17,7.311333333333334,8.788666666666666,8.161333333333333,9.252666666666666,0.0,2.36766549046547,0.43636600365263256,1.9172424227648248,1,1,1,1,5,5,10,1.4773333333333323,0.8499999999999996,1.9413333333333327,2.36766549046547,0.43636600365263256,1.9172424227648248,-2.1745001044655456,1.0102377647069083,0.058838364006339836
160,3,0.8571428571428571,2.4423470353692043,-2.9990936106762556,"(1, 1, 0, 0, 0, 0, 0, 0, 0, 0, 1, 0, 0, 1, 0, 1, 0, 0, 0, 0, 1, 0, 0, 0, 0)",4,7,9,12,4.066,5.350666666666666,7.389333333333333,8.425333333333333,0.0,2.9990936106762556,5.387437639374518,7.3203653575442695,1,1,1,1,3,5,8,1.2846666666666664,3.3233333333333333,4.359333333333333,2.9990936106762556,5.387437639374518,7.3203653575442695,-4.187225564058905,-5.041259032552496,-7.231867785964855
160,4,1.1428571428571428,2.4423470353692043,3.1033333333333335,"(1, 0, 1, 1, 1, 0, 0, 0, 0, 0, 0, 0, 0, 1, 1, 0, 0, 0, 0, 1, 1, 0, 1, 1, 0)",6,11,11,16,6.168,7.486,3.0646666666666667,6.172666666666666,0.0,1.376018319727011,-6.79710607381106,0.537641994052609,1,1,1,1,5,5,10,1.3179999999999996,-3.1033333333333335,0.004666666666666153,1.376018319727011,-6.79710607381106,0.537641994052609,-0.14170087118236901,9.021474902033356,-1.3017107107659887
160,5,1.4285714285714284,2.4423470353692043,1.928,"(0, 0, 0, 1, 0, 0, 1, 0, 1, 1, 0, 1, 1, 1, 1, 0, 1, 1, 0, 0, 0, 1, 0, 1, 0)",6,11,11,16,7.286,9.347333333333333,5.358,8.534,0.0,3.442678106677867,-2.4256848011501293,2.187203181740969,1,1,1,1,5,5,10,2.0613333333333337,-1.928,1.248000000000001,3.442678106677867,-2.4256848011501293,2.187203181740969,-3.373723312000766,1.2155189986373305,-2.2938601065343773
160,6,1.7142857142857142,2.4423470353692043,1.7679999999999998,"(0, 1, 0, 1, 1, 0, 0, 1, 0, 0, 1, 0, 1, 0, 0, 0, 1, 0, 1, 0, 0, 0, 1, 0, 1)",8,11,13,16,8.098666666666666,7.283333333333333,7.078666666666667,6.330666666666667,0.0,-0.5045888975072781,-0.13753127528056724,-1.8300234964128632,1,1,1,1,3,5,8,-0.8153333333333332,-1.0199999999999996,-1.7679999999999998,-0.5045888975072781,-0.13753127528056724,-1.8300234964128632,-0.7589457515972418,-2.155294873624548,0.15148290258718947
160,7,2.0,2.4423470353692043,1.138666666666667,"(0, 0, 0, 0, 0, 1, 0, 0, 1, 0, 1, 0, 0, 0, 0, 0, 0, 1, 0, 0, 0, 0, 0, 0, 0)",4,9,9,14,4.182,7.019333333333333,3.0433333333333334,6.094666666666667,0.0,5.207789446328474,-1.4655710443572127,4.59443469417942,1,1,1,1,5,5,10,2.8373333333333326,-1.138666666666667,1.9126666666666665,5.207789446328474,-1.4655710443572127,4.59443469417942,-5.78947646004649,0.7984139377017192,-6.5498081915436925
170,0,0.0,2.4423470353692043,-1.0246666666666666,"(0, 1, 0, 1, 0, 0, 1, 0, 1, 0, 1, 0, 0, 0, 1, 1, 0, 0, 0, 1, 0, 0, 0, 0, 0)",4,9,5,10,4.092,9.300666666666666,5.116666666666666,6.698666666666667,0.0,7.293879460805155,0.9875223179676149,4.6221689016255,1,1,1,1,5,1,6,5.208666666666667,1.0246666666666666,2.6066666666666674,7.293879460805155,0.9875223179676149,4.6221689016255,-5.092813285878073,0.09071938992584888,-4.92255590833171
170,1,0.2857142857142857,2.4423470353692043,-5.218101578255586,"(0, 0, 0, 0, 0, 0, 0, 0, 0, 0, 0, 0, 0, 0, 0, 1, 0, 0, 0, 0, 1, 0, 0, 1, 1)",2,7,7,12,2.0433333333333334,5.131333333333333,5.266666666666667,8.234,0.0,7.014203588066099,5.218101578255586,10.739814030196849,1,1,1,1,5,5,10,3.0879999999999996,3.223333333333333,6.190666666666667,7.014203588066099,5.218101578255586,10.739814030196849,-9.589151693569171,-4.871916309234496,-11.11059657677557
170,2,0.5714285714285714,2.4423470353692043,-3.7135615300895943,"(1, 0, 0, 0, 0, 0, 0, 0, 0, 0, 1, 0, 0, 1, 0, 0, 0, 0, 0, 0, 0, 1, 0, 0, 0)",4,7,9,12,4.0713333333333335,5.184666666666667,7.280666666666667,8.186666666666667,0.0,3.7135615300895943,6.085731793975856,7.624301877501327,1,1,1,1,3,5,8,1.1133333333333333,3.2093333333333334,4.115333333333334,3.7135615300895943,6.085731793975856,7.624301877501327,-6.3506596276310665,-7.025163252890807,-8.57011892105249
170,3,0.8571428571428571,2.4423470353692043,0.40749203425671143,"(0, 0, 1, 1, 1, 0, 0, 0, 0, 0, 0, 0, 0, 1, 1, 0, 0, 0, 0, 1, 0, 0, 1, 1, 0)",5,10,10,15,5.053333333333334,6.575333333333333,4.11,7.157333333333334,0.0,2.0491291626747627,-0.40749203425671143,2.973313280858468,1,1,1,1,5,5,10,1.5219999999999994,-0.9433333333333334,2.104,2.0491291626747627,-0.40749203425671143,2.973313280858468,-1.2874323477153593,-1.3087104082281706,-2.123164714311756
170,4,1.1428571428571428,2.4423470353692043,2.7826666666666666,"(0, 0, 1, 0, 0, 0, 1, 0, 1, 1, 0, 1, 1, 1, 1, 0, 0, 0, 0, 0, 0, 1, 0, 1, 0)",7,12,10,15,7.046666666666667,8.446666666666667,4.264,7.235333333333333,0.0,2.448588588904036,-5.4589712703215545,0.7514830455938221,1,1,1,1,5,3,8,1.4000000000000004,-2.7826666666666666,0.18866666666666632,2.448588588904036,-5.4589712703215545,0.7514830455938221,-2.5610172314317494,6.536464614481469,-1.3745929145299696
170,5,1.4285714285714284,2.4423470353692043,-0.4726666666666661,"(1, 1, 1, 0, 0, 1, 0, 1, 0, 0, 1, 1, 1, 0, 0, 0, 1, 0, 1, 0, 1, 1, 0, 0, 0)",7,12,10,15,7.7973333333333334,8.699333333333334,8.27,7.386666666666667,0.0,1.8675270920004214,0.0030393651995706647,0.8210085245339986,1,1,1,1,5,3,8,0.9020000000000001,0.4726666666666661,-0.41066666666666674,1.8675270920004214,0.0030393651995706647,0.8210085245339986,-2.358152230715878,1.1469928474666002,-3.008178251766743
170,6,1.7142857142857142,2.4423470353692043,1.138666666666667,"(0, 0, 0, 0, 0, 1, 0, 0, 1, 0, 1, 0, 0, 0, 0, 0, 0, 1, 0, 0, 0, 0, 0, 0, 0)",4,9,9,14,4.182,7.019333333333333,3.0433333333333334,6.094666666666667,0.0,5.207789446328474,-1.4655710443572127,4.59443469417942,1,1,1,1,5,5,10,2.8373333333333326,-1.138666666666667,1.9126666666666665,5.207789446328474,-1.4655710443572127,4.59443469417942,-5.78947646004649,0.7984139377017192,-6.5498081915436925
170,7,2.0,2.4423470353692043,2.334666666666667,"(0, 1, 0, 1, 1, 0, 0, 1, 0, 0, 1, 0, 1, 0, 0, 0, 0, 0, 1, 0, 0, 1, 1, 0, 1)",8,11,11,14,7.415333333333334,8.268666666666666,5.080666666666667,6.105333333333333,0.0,2.496567139554402,-2.747803237926046,-0.7250514232332722,1,1,1,1,3,3,6,0.8533333333333326,-2.334666666666667,-1.3100000000000005,2.496567139554402,-2.747803237926046,-0.7250514232332722,-4.013347215042482,1.0090228800179426,-1.4286474223096541
180,0,0.0,2.4423470353692043,-2.604681701653411,"(0, 1, 0, 0, 0, 0, 0, 0, 0, 0, 0, 0, 0, 0, 0, 1, 0, 0, 0, 0, 1, 1, 0, 1, 1)",3,8,8,13,3.132,6.983333333333333,4.196666666666666,8.186666666666667,0.0,5.878729314133675,2.604681701653411,8.525799305445382,1,1,1,1,5,5,10,3.8513333333333333,1.0646666666666662,5.054666666666668,5.878729314133675,2.604681701653411,8.525799305445382,-4.951604563227156,-3.761251155123878,-8.477710509694475
180,1,0.2857142857142857,2.4423470353692043,-2.332549967534717,"(1, 0, 1, 0, 0, 0, 0, 0, 0, 0, 1, 1, 0, 1, 1, 0, 0, 0, 0, 0, 0, 1, 1, 0, 0)",5,6,10,11,5.152666666666667,6.108666666666666,7.859333333333334,8.92,0.0,2.332549967534717,1.9364012783978326,4.743797783986889,1,1,1,1,1,5,6,0.9559999999999995,2.706666666666667,3.767333333333333,2.332549967534717,1.9364012783978326,4.743797783986889,-3.362012732245992,1.8812553874858968,-2.3848650561971296
180,2,0.5714285714285714,2.4423470353692043,1.1093333333333328,"(1, 1, 1, 1, 0, 0, 0, 0, 1, 1, 1, 0, 1, 1, 1, 1, 0, 0, 0, 1, 0, 0, 1, 1, 0)",7,10,12,15,7.212666666666666,8.675333333333333,6.1033333333333335,7.136666666666667,0.0,1.3071984077081615,-1.4183523350067424,-1.4601978808794023,1,1,1,1,3,5,8,1.4626666666666663,-1.1093333333333328,-0.07599999999999962,1.3071984077081615,-1.4183523350067424,-1.4601978808794023,0.37970744136131596,0.7547316426098031,3.380691590730144
180,3,0.8571428571428571,2.4423470353692043,1.0293333333333328,"(0, 0, 1, 0, 0, 0, 0, 0, 1, 1, 0, 0, 1, 1, 1, 0, 0, 0, 0, 0, 0, 1, 0, 1, 0)",6,11,9,14,6.254,5.224666666666667,7.928,8.069333333333333,0.0,-1.3102920472862958,2.408534097523981,2.299931066017899,1,1,1,1,5,3,8,-1.0293333333333328,1.6740000000000004,1.8153333333333332,-1.3102920472862958,2.408534097523981,2.299931066017899,0.6861986820841635,-1.7939871754652876,-1.1835558357687876
180,4,1.1428571428571428,2.4423470353692043,-1.5733333333333333,"(0, 0, 0, 1, 0, 0, 0, 0, 1, 0, 1, 0, 0, 0, 1, 1, 1, 1, 0, 1, 0, 0, 0, 0, 0)",4,9,7,12,4.200666666666667,8.355333333333334,5.774,6.216666666666667,0.0,6.573984103535442,0.9236413743980686,4.794869974215387,1,1,1,1,5,3,8,4.154666666666667,1.5733333333333333,2.016,6.573984103535442,0.9236413743980686,4.794869974215387,-5.908812769553474,1.5867732298087545,-6.7869648432014476
180,5,1.4285714285714284,2.4423470353692043,-1.7041612125235037,"(0, 0, 0, 0, 0, 0, 0, 0, 1, 0, 0, 0, 0, 0, 0, 0, 0, 1, 0, 0, 0, 0, 0, 0, 0)",3,8,8,13,3.0526666666666666,6.096666666666667,4.008,7.142666666666667,0.0,6.253113977466491,1.7041612125235037,6.691108212476037,1,1,1,1,5,5,10,3.044,0.9553333333333334,4.09,6.253113977466491,1.7041612125235037,6.691108212476037,-7.837770009027159,-1.8288975507419212,-6.352808931415338
180,6,1.7142857142857142,2.4423470353692043,1.0620000000000003,"(0, 0, 0, 1, 1, 0, 1, 1, 0, 0, 1, 0, 1, 0, 0, 0, 0, 0, 1, 0, 0, 0, 0, 0, 1)",6,9,11,14,6.168,5.106,7.064,7.692666666666667,0.0,-1.297591842702376,3.0486461183049682,0.9028000130295857,1,1,1,1,3,5,8,-1.0620000000000003,0.8959999999999999,1.5246666666666666,-1.297591842702376,3.0486461183049682,0.9028000130295857,0.5753970385813153,-5.257508865241165,1.5188141779054924
180,7,2.0,2.4423470353692043,0.6079999999999997,"(1, 1, 1, 0, 1, 1, 0, 1, 0, 1, 1, 1, 1, 0, 0, 0, 1, 0, 1, 0, 1, 1, 0, 0, 0)",8,13,9,14,8.234,9.400666666666666,7.626,8.305333333333333,0.0,2.0462526206108826,-0.8370194662103088,1.5818267632407874,1,1,1,1,5,1,6,1.166666666666666,-0.6079999999999997,0.07133333333333347,2.0462526206108826,-0.8370194662103088,1.5818267632407874,-2.1482541469680507,0.5593450143405861,-3.689149150479131
190,0,0.0,2.4423470353692043,-0.9900000000000002,"(1, 0, 1, 0, 0, 0, 0, 0, 0, 0, 1, 1, 0, 1, 1, 0, 0, 0, 0, 0, 0, 1, 1, 1, 1)",6,7,11,12,6.116,7.436,7.106,8.284,0.0,2.30199349240332,0.7871413123102124,3.380696766358053,1,1,1,1,1,5,6,1.3200000000000003,0.9900000000000002,2.168000000000001,2.30199349240332,0.7871413123102124,3.380696766358053,-2.398368894923099,0.4954513144780404,-2.9618263521164088
190,1,0.2857142857142857,2.4423470353692043,0.9913333333333334,"(1, 1, 0, 1, 0, 0, 0, 1, 1, 1, 1, 0, 1, 1, 1, 1, 0, 1, 1, 1, 0, 0, 1, 1, 0)",8,11,13,16,8.296666666666667,9.132,7.3053333333333335,8.534666666666666,0.0,0.8997063734514512,-1.4965617145171213,0.783396380189315,1,1,1,1,3,5,8,0.8353333333333328,-0.9913333333333334,0.23799999999999955,0.8997063734514512,-1.4965617145171213,0.783396380189315,-0.15722130369018933,1.2339430389686066,-1.33204723225647
190,2,0.5714285714285714,2.4423470353692043,0.769339316141299,"(0, 0, 1, 1, 0, 0, 0, 0, 1, 1, 1, 0, 1, 1, 0, 0, 1, 1, 1, 0, 0, 1, 0, 1, 0)",7,12,12,17,7.64,6.54,8.123333333333333,7.483333333333333,0.0,-0.769339316141299,0.8464089337018387,1.0450531592452004,1,1,1,1,5,5,10,-1.0999999999999996,0.4833333333333334,-0.1566666666666663,-0.769339316141299,0.8464089337018387,1.0450531592452004,-0.8075881409354512,-0.8867566161749129,-2.935016854160244
190,3,0.8571428571428571,2.4423470353692043,1.2439999999999998,"(0, 0, 0, 1, 0, 0, 0, 0, 1, 0, 1, 0, 0, 1, 1, 1, 1, 1, 1, 1, 0, 0, 0, 0, 0)",5,10,8,13,5.292,8.097333333333333,4.048,7.424666666666667,0.0,4.075843007002691,-1.6263860280416345,1.605924587323098,1,1,1,1,5,3,8,2.8053333333333335,-1.2439999999999998,2.132666666666667,4.075843007002691,-1.6263860280416345,1.605924587323098,-3.10302553489425,0.9339193819540919,1.2864869558889762
190,4,1.1428571428571428,2.4423470353692043,-2.2786012352423404,"(0, 0, 0, 0, 1, 0, 0, 0, 1, 0, 0, 0, 0, 0, 0, 0, 0, 1, 0, 0, 0, 0, 0, 0, 1)",4,9,9,14,4.198666666666667,7.154,5.6626666666666665,6.134,0.0,4.907760681628008,2.2786012352423404,5.40420842235072,1,1,1,1,5,5,10,2.955333333333333,1.4639999999999995,1.9353333333333333,4.907760681628008,2.2786012352423404,5.40420842235072,-4.768505145881257,-1.9895389119022229,-8.4721967897277
190,5,1.4285714285714284,2.4423470353692043,-2.604681701653411,"(0, 1, 0, 0, 0, 0, 0, 0, 0, 0, 0, 0, 0, 0, 0, 1, 0, 0, 0, 0, 1, 1, 0, 1, 1)",3,8,8,13,3.132,6.983333333333333,4.196666666666666,8.186666666666667,0.0,5.878729314133675,2.604681701653411,8.525799305445382,1,1,1,1,5,5,10,3.8513333333333333,1.0646666666666662,5.054666666666668,5.878729314133675,2.604681701653411,8.525799305445382,-4.951604563227156,-3.761251155123878,-8.477710509694475
190,6,1.7142857142857142,2.4423470353692043,1.2986666666666666,"(1, 0, 1, 0, 1, 1, 0, 1, 0, 1, 1, 1, 1, 0, 0, 1, 1, 1, 0, 1, 0, 1, 0, 0, 0)",7,10,6,9,7.786,8.440666666666667,6.487333333333333,7.310666666666667,0.0,1.7951250709963638,-1.4743092193059784,-0.23728758308075976,1,1,1,1,3,-1,2,0.6546666666666674,-1.2986666666666666,-0.4753333333333325,1.7951250709963638,-1.4743092193059784,-0.23728758308075976,-2.7853952027765274,0.4289800677233024,-0.5813903324116091
190,7,2.0,2.4423470353692043,1.0620000000000003,"(0, 0, 0, 1, 1, 0, 1, 1, 0, 0, 1, 0, 1, 0, 0, 0, 0, 0, 1, 0, 0, 0, 0, 0, 1)",6,9,11,14,6.168,5.106,7.064,7.692666666666667,0.0,-1.297591842702376,3.0486461183049682,0.9028000130295857,1,1,1,1,3,5,8,-1.0620000000000003,0.8959999999999999,1.5246666666666666,-1.297591842702376,3.0486461183049682,0.9028000130295857,0.5753970385813153,-5.257508865241165,1.5188141779054924
200,0,0.0,2.4423470353692043,-3.275513020701485,"(0, 1, 1, 0, 0, 0, 0, 0, 0, 0, 0, 0, 0, 1, 1, 0, 0, 0, 0, 0, 0, 1, 1, 0, 0)",3,8,8,13,3.152,7.616,4.681333333333333,7.066666666666666,0.0,6.236885938275927,3.275513020701485,5.092402117501919,1,1,1,1,5,5,10,4.4639999999999995,1.5293333333333328,3.9146666666666663,6.236885938275927,3.275513020701485,5.092402117501919,-4.330002715395962,-4.264776782665531,-2.876438686796693
200,1,0.2857142857142857,2.4423470353692043,-0.8033333333333328,"(1, 0, 1, 1, 0, 0, 0, 0, 1, 1, 0, 0, 1, 1, 1, 0, 1, 1, 1, 0, 1, 1, 0, 1, 0)",7,12,12,17,7.341333333333333,8.754666666666667,8.144666666666666,7.984,0.0,2.4181949369083298,-0.7338981469391626,0.9836145627110233,1,1,1,1,5,5,10,1.413333333333334,0.8033333333333328,0.6426666666666669,2.4181949369083298,-0.7338981469391626,0.9836145627110233,-2.4542207584477356,3.7544527485197423,-0.8327130831193015
200,2,0.5714285714285714,2.4423470353692043,1.2286666666666672,"(0, 0, 0, 1, 0, 0, 0, 0, 1, 0, 1, 0, 0, 0, 1, 1, 1, 1, 0, 1, 0, 1, 1, 0, 0)",5,10,8,13,5.296666666666667,10.232666666666667,4.068,5.396,0.0,5.669664407906072,-2.9811287913716504,0.7520800637580235,1,1,1,1,5,3,8,4.936,-1.2286666666666672,0.09933333333333305,5.669664407906072,-2.9811287913716504,0.7520800637580235,-1.7918630916052967,4.280120674870033,-1.5942340418996839
200,3,0.8571428571428571,2.4423470353692043,-0.20466666666666633,"(0, 0, 0, 0, 1, 0, 0, 0, 1, 0, 0, 0, 0, 0, 0, 1, 0, 1, 0, 1, 0, 0, 0, 0, 1)",5,10,10,15,5.144,6.2026666666666666,6.068,5.3486666666666665,0.0,3.505473562676136,2.1459003796539475,0.17427502956823276,1,1,1,1,5,5,10,1.0586666666666664,0.9239999999999995,0.20466666666666633,3.505473562676136,2.1459003796539475,0.17427502956823276,-5.975951568589654,-2.984304769764325,0.07422692476737594
200,4,1.1428571428571428,2.4423470353692043,-0.2333333333333334,"(0, 1, 1, 0, 0, 0, 0, 0, 0, 0, 1, 0, 0, 0, 0, 1, 0, 0, 1, 1, 1, 1, 1, 0, 1)",5,10,10,15,5.842,8.332,6.075333333333333,7.190666666666667,0.0,3.7032493981624794,-0.52266226556901,3.4296522558225635,1,1,1,1,5,5,10,2.490000000000001,0.2333333333333334,1.3486666666666673,3.7032493981624794,-0.52266226556901,3.4296522558225635,-2.9631760707656003,1.8464036097313044,-5.08248898432094
200,5,1.4285714285714284,2.4423470353692043,0.9913333333333334,"(1, 1, 0, 1, 0, 0, 0, 1, 1, 1, 1, 0, 1, 1, 1, 1, 0, 1, 1, 1, 0, 0, 1, 1, 0)",8,11,13,16,8.296666666666667,9.132,7.3053333333333335,8.534666666666666,0.0,0.8997063734514512,-1.4965617145171213,0.783396380189315,1,1,1,1,3,5,8,0.8353333333333328,-0.9913333333333334,0.23799999999999955,0.8997063734514512,-1.4965617145171213,0.783396380189315,-0.15722130369018933,1.2339430389686066,-1.33204723225647
200,6,1.7142857142857142,2.4423470353692043,3.0840000000000005,"(0, 0, 0, 1, 1, 0, 1, 1, 0, 0, 1, 0, 1, 0, 0, 0, 1, 1, 1, 0, 0, 0, 0, 0, 1)",7,10,12,15,7.2,4.116,8.392666666666667,6.958,0.0,-4.470906208568301,1.867852738271804,-2.458303702666948,1,1,1,1,3,5,8,-3.0840000000000005,1.1926666666666668,-0.242,-4.470906208568301,1.867852738271804,-2.458303702666948,3.3873062668319314,-1.649038700307386,5.412982777686411
200,7,2.0,2.4423470353692043,2.939333333333334,"(1, 0, 1, 0, 1, 1, 0, 1, 0, 1, 1, 1, 1, 0, 0, 1, 1, 1, 0, 1, 1, 1, 0, 0, 1)",8,11,11,14,8.23,5.290666666666667,9.397333333333334,6.633333333333334,0.0,-4.753024428342727,2.6088608288028214,-2.7790110056002084,1,1,1,1,3,3,6,-2.939333333333334,1.1673333333333336,-1.5966666666666667,-4.753024428342727,2.6088608288028214,-2.7790110056002084,4.429663068971719,-3.520710404963098,2.887695190979897
210,0,0.0,2.4423470353692043,-1.0253333333333332,"(1, 0, 1, 1, 0, 0, 0, 0, 0, 0, 0, 0, 1, 0, 0, 0, 1, 1, 1, 0, 1, 1, 0, 1, 0)",5,10,10,15,5.458666666666667,8.132666666666667,6.484,7.132,0.0,4.084961102601404,1.005649960407911,3.1700579031520983,1,1,1,1,5,5,10,2.6740000000000004,1.0253333333333332,1.673333333333333,4.084961102601404,1.005649960407911,3.1700579031520983,-3.446056665959801,0.04807362751047141,-3.6555208158611094
210,1,0.2857142857142857,2.4423470353692043,-0.9837231114681515,"(1, 1, 0, 1, 0, 0, 1, 0, 1, 0, 1, 0, 0, 0, 1, 0, 1, 0, 0, 1, 1, 0, 0, 0, 0)",6,9,7,10,6.136,7.358,7.252,6.294666666666667,0.0,1.432355124676194,1.8792503577701942,0.9837231114681515,1,1,1,1,3,1,4,1.2219999999999995,1.1159999999999997,0.15866666666666696,1.432355124676194,1.8792503577701942,0.9837231114681515,-0.5137602151276232,-1.8641222485445192,-2.0150741619731614
210,2,0.5714285714285714,2.4423470353692043,1.4653333333333336,"(0, 0, 0, 0, 1, 0, 0, 0, 1, 0, 0, 0, 0, 0, 1, 0, 0, 1, 1, 1, 1, 0, 0, 0, 1)",5,10,8,13,5.620666666666667,4.155333333333333,8.258666666666667,7.566666666666666,0.0,-2.123105140657167,4.888167630966489,4.96610563858405,1,1,1,1,5,3,8,-1.4653333333333336,2.638,1.9459999999999997,-2.123105140657167,4.888167630966489,4.96610563858405,1.606507023566808,-5.49569024257475,-7.376146052897574
210,3,0.8571428571428571,2.4423470353692043,2.474,"(0, 1, 1, 0, 0, 0, 1, 1, 0, 0, 1, 1, 0, 0, 0, 1, 1, 0, 0, 1, 1, 1, 1, 1, 1)",7,10,12,15,7.684666666666667,6.310666666666667,8.505333333333333,5.210666666666667,0.0,-2.7102453679599243,-0.5408441823878707,-3.8104955702044685,1,1,1,1,3,5,8,-1.3739999999999997,0.820666666666666,-2.474,-2.7102453679599243,-0.5408441823878707,-3.8104955702044685,3.2635749129627536,3.325281985811356,3.2641859936729576
210,4,1.1428571428571428,2.4423470353692043,-3.275513020701485,"(0, 1, 1, 0, 0, 0, 0, 0, 0, 0, 0, 0, 0, 1, 1, 0, 0, 0, 0, 0, 0, 1, 1, 0, 0)",3,8,8,13,3.152,7.616,4.681333333333333,7.066666666666666,0.0,6.236885938275927,3.275513020701485,5.092402117501919,1,1,1,1,5,5,10,4.4639999999999995,1.5293333333333328,3.9146666666666663,6.236885938275927,3.275513020701485,5.092402117501919,-4.330002715395962,-4.264776782665531,-2.876438686796693
210,5,1.4285714285714284,2.4423470353692043,1.112,"(0, 0, 0, 1, 0, 0, 1, 1, 0, 1, 1, 0, 1, 0, 1, 0, 1, 1, 1, 0, 0, 0, 0, 0, 0)",7,10,12,15,7.208,6.096,8.214,9.071333333333333,0.0,-1.9099153816587173,1.8638907086366485,2.42307963097907,1,1,1,1,3,5,8,-1.112,1.0060000000000002,1.8633333333333333,-1.9099153816587173,1.8638907086366485,2.42307963097907,1.9487862668696552,-2.0952668289095038,-1.367094710613953
210,6,1.7142857142857142,2.4423470353692043,1.0646666666666667,"(0, 0, 0, 1, 0, 0, 0, 1, 1, 1, 0, 0, 1, 1, 1, 0, 0, 1, 1, 1, 0, 0, 1, 1, 0)",6,11,11,16,6.229333333333333,7.631333333333333,5.164666666666666,8.465333333333334,0.0,2.1886143155836257,-1.2292604000906031,4.056195681962611,1,1,1,1,5,5,10,1.4020000000000001,-1.0646666666666667,2.2360000000000007,2.1886143155836257,-1.2292604000906031,4.056195681962611,-1.9211851416446437,0.4019950168683003,-4.445549527633207
210,7,2.0,2.4423470353692043,3.4706666666666663,"(1, 0, 1, 0, 1, 1, 0, 1, 0, 1, 0, 0, 1, 0, 0, 1, 1, 1, 0, 1, 1, 1, 0, 0, 1)",7,12,10,15,7.638,4.167333333333334,8.478666666666667,7.12,0.0,-5.581142896468579,2.1173520565294086,-0.7615238056281183,1,1,1,1,5,3,8,-3.4706666666666663,0.8406666666666673,-0.5179999999999998,-5.581142896468579,2.1173520565294086,-0.7615238056281183,5.154515363073878,-3.118108777030443,0.5947696447176615
220,0,0.0,2.4423470353692043,-2.697707986511695,"(0, 0, 0, 1, 0, 0, 0, 0, 1, 0, 1, 0, 0, 0, 1, 1, 0, 0, 0, 1, 0, 0, 0, 0, 0)",3,8,6,11,3.05,8.297333333333333,4.363333333333333,7.113333333333333,0.0,7.8476952196697605,2.697707986511695,7.463052698788395,1,1,1,1,5,3,8,5.247333333333333,1.3133333333333335,4.0633333333333335,7.8476952196697605,2.697707986511695,7.463052698788395,-6.350986143980846,-3.3811233300304413,-8.303294513306442
220,1,0.2857142857142857,2.4423470353692043,1.4653333333333336,"(0, 0, 0, 0, 1, 0, 0, 0, 1, 0, 0, 0, 0, 0, 1, 0, 0, 1, 1, 1, 1, 0, 0, 0, 1)",5,10,8,13,5.620666666666667,4.155333333333333,8.258666666666667,7.566666666666666,0.0,-2.123105140657167,4.888167630966489,4.96610563858405,1,1,1,1,5,3,8,-1.4653333333333336,2.638,1.9459999999999997,-2.123105140657167,4.888167630966489,4.96610563858405,1.606507023566808,-5.49569024257475,-7.376146052897574
220,2,0.5714285714285714,2.4423470353692043,-1.0253333333333332,"(1, 0, 1, 1, 0, 0, 0, 0, 0, 0, 0, 0, 1, 0, 0, 0, 1, 1, 1, 0, 1, 1, 0, 1, 0)",5,10,10,15,5.458666666666667,8.132666666666667,6.484,7.132,0.0,4.084961102601404,1.005649960407911,3.1700579031520983,1,1,1,1,5,5,10,2.6740000000000004,1.0253333333333332,1.673333333333333,4.084961102601404,1.005649960407911,3.1700579031520983,-3.446056665959801,0.04807362751047141,-3.6555208158611094
220,3,0.8571428571428571,2.4423470353692043,3.436,"(1, 1, 1, 1, 1, 0, 0, 0, 1, 0, 0, 0, 1, 1, 0, 0, 0, 0, 0, 0, 1, 1, 1, 0, 1)",6,11,9,14,6.542,9.276666666666667,3.106,4.155333333333333,0.0,2.648046930125855,-6.661203029887404,-3.5520952538624075,1,1,1,1,5,3,8,2.7346666666666675,-3.436,-2.3866666666666667,2.648046930125855,-6.661203029887404,-3.5520952538624075,0.2115554567449151,7.8770650585092765,2.8463810548720376
220,4,1.1428571428571428,2.4423470353692043,3.0973333333333333,"(0, 0, 0, 0, 0, 0, 1, 1, 0, 1, 1, 0, 1, 0, 1, 0, 1, 0, 0, 0, 0, 0, 0, 1, 0)",7,12,10,15,7.218666666666667,8.045333333333334,4.121333333333333,7.268,0.0,2.110513484830375,-3.9193699736033714,0.5595145686138026,1,1,1,1,5,3,8,0.8266666666666671,-3.0973333333333333,0.04933333333333323,2.110513484830375,-3.9193699736033714,0.5595145686138026,-3.135599470210318,2.0076987513283884,-1.2460396274882528
220,5,1.4285714285714284,2.4423470353692043,1.453333333333334,"(0, 0, 0, 0, 1, 0, 0, 1, 1, 1, 0, 0, 1, 1, 1, 0, 0, 1, 1, 0, 0, 0, 1, 1, 1)",6,11,11,16,6.666666666666667,5.213333333333333,5.458,7.788666666666667,0.0,-1.8127642440295875,-0.7209265704624251,1.0581332844790667,1,1,1,1,5,5,10,-1.453333333333334,-1.2086666666666668,1.1219999999999999,-1.8127642440295875,-0.7209265704624251,1.0581332844790667,0.8778550191590478,-1.19123057799512,0.15598468331131943
220,6,1.7142857142857142,2.4423470353692043,3.4706666666666663,"(1, 0, 1, 0, 1, 1, 0, 1, 0, 1, 0, 0, 1, 0, 0, 1, 1, 1, 0, 1, 1, 1, 0, 0, 1)",7,12,10,15,7.638,4.167333333333334,8.478666666666667,7.12,0.0,-5.581142896468579,2.1173520565294086,-0.7615238056281183,1,1,1,1,5,3,8,-3.4706666666666663,0.8406666666666673,-0.5179999999999998,-5.581142896468579,2.1173520565294086,-0.7615238056281183,5.154515363073878,-3.118108777030443,0.5947696447176615
220,7,2.0,2.4423470353692043,2.474,"(0, 1, 1, 0, 0, 0, 1, 1, 0, 0, 1, 1, 0, 0, 0, 1, 1, 0, 0, 1, 1, 1, 1, 1, 1)",7,10,12,15,7.684666666666667,6.310666666666667,8.505333333333333,5.210666666666667,0.0,-2.7102453679599243,-0.5408441823878707,-3.8104955702044685,1,1,1,1,3,5,8,-1.3739999999999997,0.820666666666666,-2.474,-2.7102453679599243,-0.5408441823878707,-3.8104955702044685,3.2635749129627536,3.325281985811356,3.2641859936729576
230,0,0.0,2.4423470353692043,-5.784183346675604,"(0, 0, 0, 1, 0, 0, 0, 0, 1, 0, 0, 0, 0, 0, 1, 0, 0, 0, 0, 1, 0, 0, 0, 0, 0)",2,7,5,10,2.0753333333333335,7.399333333333334,5.325333333333333,8.526666666666667,0.0,8.017899670845715,5.784183346675604,11.319247295743553,1,1,1,1,5,3,8,5.324,3.2499999999999996,6.451333333333334,8.017899670845715,5.784183346675604,11.319247295743553,-6.579437874672108,-6.189355183835172,-11.889135234524954
230,1,0.2857142857142857,2.4423470353692043,-1.8594402095944211,"(1, 0, 0, 0, 0, 1, 0, 0, 0, 0, 1, 0, 1, 0, 0, 0, 1, 1, 1, 0, 1, 1, 0, 1, 0)",5,10,10,15,5.296,8.213333333333333,6.263333333333334,9.231333333333334,0.0,5.407030690036038,1.8594402095944211,4.748194008650552,1,1,1,1,5,5,10,2.9173333333333327,0.9673333333333334,3.9353333333333333,5.407030690036038,1.8594402095944211,4.748194008650552,-6.080704958109396,-2.178834584468749,-1.9852878605292186
230,2,0.5714285714285714,2.4423470353692043,-0.9633333333333338,"(0, 0, 1, 0, 0, 0, 0, 1, 1, 0, 0, 0, 0, 0, 1, 0, 0, 0, 1, 1, 1, 0, 1, 0, 0)",6,9,9,12,6.108666666666666,7.152666666666667,7.072,8.312666666666667,0.0,1.5136581437647045,0.8674673925845777,2.3949655028830406,1,1,1,1,3,3,6,1.0440000000000005,0.9633333333333338,2.2040000000000006,1.5136581437647045,0.8674673925845777,2.3949655028830406,-1.1470681750607286,0.23413789618060424,-0.4664040298241818
230,3,0.8571428571428571,2.4423470353692043,3.0973333333333333,"(0, 0, 0, 0, 0, 0, 1, 1, 0, 1, 1, 0, 1, 0, 1, 0, 1, 0, 0, 0, 0, 0, 0, 1, 0)",7,12,10,15,7.218666666666667,8.045333333333334,4.121333333333333,7.268,0.0,2.110513484830375,-3.9193699736033714,0.5595145686138026,1,1,1,1,5,3,8,0.8266666666666671,-3.0973333333333333,0.04933333333333323,2.110513484830375,-3.9193699736033714,0.5595145686138026,-3.135599470210318,2.0076987513283884,-1.2460396274882528
230,4,1.1428571428571428,2.4423470353692043,-0.9566666666666661,"(0, 0, 0, 0, 0, 0, 0, 0, 0, 0, 0, 0, 1, 1, 1, 0, 0, 1, 1, 0, 0, 0, 1, 1, 1)",5,10,10,15,5.076666666666667,6.033333333333333,6.479333333333333,7.581333333333333,0.0,0.69297526550209,2.7183865247444876,3.97131055388889,1,1,1,1,5,5,10,0.9566666666666661,1.4026666666666658,2.504666666666666,0.69297526550209,2.7183865247444876,3.97131055388889,0.644025911886654,-3.2134444947527583,-3.5820533498995646
230,5,1.4285714285714284,2.4423470353692043,3.4706666666666663,"(1, 0, 1, 0, 1, 1, 0, 1, 0, 1, 0, 0, 1, 0, 0, 1, 1, 1, 0, 1, 1, 1, 0, 0, 1)",7,12,10,15,7.638,4.167333333333334,8.478666666666667,7.12,0.0,-5.581142896468579,2.1173520565294086,-0.7615238056281183,1,1,1,1,5,3,8,-3.4706666666666663,0.8406666666666673,-0.5179999999999998,-5.581142896468579,2.1173520565294086,-0.7615238056281183,5.154515363073878,-3.118108777030443,0.5947696447176615
230,6,1.7142857142857142,2.4423470353692043,2.474,"(0, 1, 1, 0, 0, 0, 1, 1, 0, 0, 1, 1, 0, 0, 0, 1, 1, 0, 0, 1, 1, 1, 1, 1, 1)",7,10,12,15,7.684666666666667,6.310666666666667,8.505333333333333,5.210666666666667,0.0,-2.7102453679599243,-0.5408441823878707,-3.8104955702044685,1,1,1,1,3,5,8,-1.3739999999999997,0.820666666666666,-2.474,-2.7102453679599243,-0.5408441823878707,-3.8104955702044685,3.2635749129627536,3.325281985811356,3.2641859936729576
230,7,2.0,2.4423470353692043,3.436,"(1, 1, 1, 1, 1, 0, 0, 0, 1, 0, 0, 0, 1, 1, 0, 0, 0, 0, 0, 0, 1, 1, 1, 0, 1)",6,11,9,14,6.542,9.276666666666667,3.106,4.155333333333333,0.0,2.648046930125855,-6.661203029887404,-3.5520952538624075,1,1,1,1,5,3,8,2.7346666666666675,-3.436,-2.3866666666666667,2.648046930125855,-6.661203029887404,-3.5520952538624075,0.2115554567449151,7.8770650585092765,2.8463810548720376
240,0,0.0,2.4423470353692043,-5.20616121497156,"(0, 0, 0, 1, 0, 0, 0, 0, 1, 0, 1, 1, 0, 0, 1, 0, 0, 0, 0, 1, 0, 0, 0, 0, 0)",3,6,6,9,3.0086666666666666,6.287333333333334,6.138,7.622,0.0,6.354878437273542,5.20616121497156,8.569110259539265,1,1,1,1,3,3,6,3.278666666666667,3.1293333333333333,4.613333333333333,6.354878437273542,5.20616121497156,8.569110259539265,-7.513176698109552,-5.072334419691229,-9.66138004830096
240,1,0.2857142857142857,2.4423470353692043,0.8198144882055955,"(0, 1, 1, 0, 0, 1, 1, 1, 1, 0, 0, 0, 1, 1, 0, 0, 0, 1, 1, 1, 1, 0, 0, 0, 0)",7,10,12,15,7.478,6.174666666666667,8.101333333333333,7.216,0.0,-0.8198144882055955,1.657268149444415,2.365223143430101,1,1,1,1,3,5,8,-1.3033333333333328,0.6233333333333331,-0.26199999999999957,-0.8198144882055955,1.657268149444415,2.365223143430101,-1.1809208179428705,-2.5252276328939045,-6.416590655609868
240,2,0.5714285714285714,2.4423470353692043,-4.13570764655852,"(0, 0, 0, 0, 0, 0, 0, 1, 0, 0, 1, 1, 1, 0, 0, 0, 1, 1, 1, 0, 0, 0, 0, 1, 0)",4,7,9,12,4.438666666666666,7.222666666666667,7.214,8.530666666666667,0.0,4.13570764655852,4.939836839359189,7.287366535377504,1,1,1,1,3,5,8,2.7840000000000007,2.775333333333334,4.0920000000000005,4.13570764655852,4.939836839359189,7.287366535377504,-3.301339163258083,-5.286468720988495,-7.804193984597211
240,3,0.8571428571428571,2.4423470353692043,-2.794587752248007,"(1, 0, 0, 0, 0, 1, 0, 0, 0, 0, 1, 0, 0, 1, 0, 0, 1, 1, 1, 0, 0, 0, 0, 1, 0)",5,10,8,13,5.108666666666666,8.473333333333333,6.61,9.104,0.0,4.33636002410874,2.794587752248007,6.4547432938308615,1,1,1,1,5,3,8,3.3646666666666665,1.501333333333334,3.995333333333333,4.33636002410874,2.794587752248007,6.4547432938308615,-2.3732123908365965,-3.1585760960143743,-6.006732625778631
240,4,1.1428571428571428,2.4423470353692043,1.4293333333333331,"(1, 0, 1, 0, 0, 0, 0, 1, 0, 0, 1, 0, 1, 1, 0, 1, 1, 1, 1, 1, 1, 1, 0, 0, 1)",7,12,10,15,7.527333333333333,10.222666666666667,6.098,9.176,0.0,2.8876140371062933,-2.6529316241965937,2.434260152963205,1,1,1,1,5,3,8,2.695333333333334,-1.4293333333333331,1.6486666666666672,2.8876140371062933,-2.6529316241965937,2.434260152963205,-0.4696162068185912,2.9884516581727096,-1.9186919222617065
240,5,1.4285714285714284,2.4423470353692043,1.1253333333333337,"(0, 1, 1, 0, 0, 0, 1, 1, 0, 0, 0, 0, 0, 0, 1, 1, 0, 0, 0, 1, 1, 1, 1, 1, 1)",6,11,11,16,6.312666666666667,9.165333333333333,5.187333333333333,8.09,0.0,3.2796921478508954,-3.333857977657528,0.7842104958677696,1,1,1,1,5,5,10,2.852666666666666,-1.1253333333333337,1.777333333333333,3.2796921478508954,-3.333857977657528,0.7842104958677696,-1.0429444179974106,5.393983617605022,2.4255506178414707
240,6,1.7142857142857142,2.4423470353692043,3.532,"(1, 1, 1, 0, 1, 0, 0, 0, 0, 0, 0, 0, 1, 1, 1, 0, 0, 0, 0, 1, 1, 1, 1, 0, 1)",6,11,11,16,6.613333333333333,8.221333333333334,3.0813333333333333,6.023333333333333,0.0,4.480024304167014,-5.367790314334437,0.2065682848136714,1,1,1,1,5,5,10,1.6080000000000005,-3.532,-0.5899999999999999,4.480024304167014,-5.367790314334437,0.2065682848136714,-7.014480044790606,4.483637031774212,-1.945496188883802
240,7,2.0,2.4423470353692043,1.9533333333333331,"(1, 0, 0, 0, 1, 0, 0, 0, 0, 0, 1, 0, 0, 0, 1, 1, 0, 1, 1, 0, 0, 0, 1, 1, 1)",6,11,11,16,6.258,5.259333333333333,5.0473333333333334,4.304666666666667,0.0,-2.0194410776003853,-3.242514198534718,-3.2753501975657944,1,1,1,1,5,5,10,-0.9986666666666668,-1.2106666666666666,-1.9533333333333331,-2.0194410776003853,-3.242514198534718,-3.2753501975657944,2.493085356324713,4.96247679578017,3.2288239690662435
250,0,0.0,2.4423470353692043,-0.7393333333333336,"(0, 1, 1, 0, 0, 1, 1, 1, 1, 0, 0, 0, 1, 1, 0, 1, 0, 1, 1, 0, 1, 0, 0, 0, 0)",6,9,11,14,6.598,7.339333333333333,7.3373333333333335,8.280666666666667,0.0,0.25541522552105594,0.410205753184899,1.8827781923768379,1,1,1,1,3,5,8,0.7413333333333334,0.7393333333333336,1.682666666666667,0.25541522552105594,0.410205753184899,1.8827781923768379,1.1867806500475293,0.8038437696337695,-0.48874179156144415
250,1,0.2857142857142857,2.4423470353692043,-1.4020000000000001,"(0, 1, 1, 0, 0, 1, 1, 1, 0, 0, 1, 1, 1, 0, 0, 0, 0, 0, 1, 0, 0, 0, 0, 1, 0)",5,10,6,11,5.062,8.268666666666666,6.464,8.134,0.0,2.4071772380598886,0.4035300046215554,4.487079973380305,1,1,1,1,5,1,6,3.206666666666666,1.4020000000000001,3.072,2.4071772380598886,0.4035300046215554,4.487079973380305,1.9526306357667822,2.4386102331176476,-3.45611637779572
250,2,0.5714285714285714,2.4423470353692043,-1.035333333333333,"(1, 0, 0, 0, 0, 0, 0, 0, 0, 0, 0, 0, 0, 1, 0, 0, 1, 1, 1, 0, 0, 0, 0, 1, 0)",5,10,10,15,5.192666666666667,8.685333333333332,6.228,7.49,0.0,5.134953230295906,1.0217694508413488,4.246807299478535,1,1,1,1,5,5,10,3.4926666666666657,1.035333333333333,2.2973333333333334,5.134953230295906,1.0217694508413488,4.246807299478535,-4.011033719906553,0.03312770819239374,-4.761291961744178
250,3,0.8571428571428571,2.4423470353692043,-0.8933333333333335,"(0, 1, 1, 0, 0, 0, 0, 1, 0, 0, 1, 0, 1, 0, 0, 1, 1, 1, 0, 1, 1, 1, 0, 0, 1)",6,9,11,14,6.39,7.283333333333333,7.288666666666667,8.148666666666667,0.0,0.7266796545901839,1.9724937401427327,1.9145287038366376,1,1,1,1,3,5,8,0.8933333333333335,0.8986666666666672,1.7586666666666675,0.7266796545901839,1.9724937401427327,1.9145287038366376,0.40702611821170326,-2.6226583694034575,-0.38066918440868136
250,4,1.1428571428571428,2.4423470353692043,-0.7806666666666668,"(0, 0, 1, 1, 0, 0, 1, 1, 1, 0, 1, 0, 0, 1, 1, 0, 0, 0, 1, 1, 0, 0, 0, 0, 0)",5,10,10,15,5.465333333333334,6.246,8.413333333333334,7.516,0.0,0.6351730523316846,3.711607652461298,3.588187715607309,1,1,1,1,5,5,10,0.7806666666666668,2.9480000000000004,2.0506666666666664,0.6351730523316846,3.711607652461298,3.588187715607309,0.3553458976361941,-1.8649948861740884,-3.7551599756979277
250,5,1.4285714285714284,2.4423470353692043,2.0746666666666664,"(0, 1, 1, 0, 0, 0, 1, 1, 0, 0, 0, 0, 0, 0, 1, 1, 0, 0, 0, 1, 0, 1, 1, 1, 0)",6,9,7,10,7.1946666666666665,9.209333333333333,5.12,6.136666666666667,0.0,3.6557050425406254,-2.248533229518017,0.3312908067531922,1,1,1,1,3,1,4,2.014666666666667,-2.0746666666666664,-1.0579999999999998,3.6557050425406254,-2.248533229518017,0.3312908067531922,-4.007985212242857,0.4246424843298298,-3.393130283139349
250,6,1.7142857142857142,2.4423470353692043,1.9533333333333331,"(1, 0, 0, 0, 1, 0, 0, 0, 0, 0, 1, 0, 0, 0, 1, 1, 0, 1, 1, 0, 0, 0, 1, 1, 1)",6,11,11,16,6.258,5.259333333333333,5.0473333333333334,4.304666666666667,0.0,-2.0194410776003853,-3.242514198534718,-3.2753501975657944,1,1,1,1,5,5,10,-0.9986666666666668,-1.2106666666666666,-1.9533333333333331,-2.0194410776003853,-3.242514198534718,-3.2753501975657944,2.493085356324713,4.96247679578017,3.2288239690662435
250,7,2.0,2.4423470353692043,3.532,"(1, 1, 1, 0, 1, 0, 0, 0, 0, 0, 0, 0, 1, 1, 1, 0, 0, 0, 0, 1, 1, 1, 1, 0, 1)",6,11,11,16,6.613333333333333,8.221333333333334,3.0813333333333333,6.023333333333333,0.0,4.480024304167014,-5.367790314334437,0.2065682848136714,1,1,1,1,5,5,10,1.6080000000000005,-3.532,-0.5899999999999999,4.480024304167014,-5.367790314334437,0.2065682848136714,-7.014480044790606,4.483637031774212,-1.945496188883802
260,0,0.0,2.4423470353692043,-0.7193333333333332,"(0, 0, 0, 0, 0, 1, 1, 1, 1, 0, 0, 0, 1, 1, 0, 1, 0, 1, 1, 0, 1, 0, 0, 0, 0)",5,8,10,13,5.412,8.440666666666667,6.131333333333333,7.648,0.0,3.895326423899626,-0.5717263037906493,3.6043614804193096,1,1,1,1,3,5,8,3.028666666666667,0.7193333333333332,2.2359999999999998,3.895326423899626,-0.5717263037906493,3.6043614804193096,-2.1166838887517114,3.153215677214599,-3.342013605015517
260,1,0.2857142857142857,2.4423470353692043,1.9866666666666664,"(1, 0, 0, 0, 0, 0, 1, 0, 0, 0, 0, 1, 0, 1, 1, 0, 1, 1, 1, 1, 0, 0, 0, 1, 0)",7,12,12,17,7.120666666666667,8.155333333333333,6.147333333333333,5.134,0.0,0.8154182635419298,-1.9836742621268677,-3.0881035915208215,1,1,1,1,5,5,10,1.0346666666666664,-0.9733333333333336,-1.9866666666666664,0.8154182635419298,-1.9836742621268677,-3.0881035915208215,0.5354806873811326,2.4676031721510565,2.690091208063719
260,2,0.5714285714285714,2.4423470353692043,1.0166666666666657,"(0, 1, 1, 0, 0, 0, 0, 1, 0, 0, 1, 0, 1, 1, 0, 1, 1, 1, 1, 1, 1, 1, 0, 0, 1)",7,10,12,15,8.150666666666666,8.244666666666667,8.251333333333333,7.134,0.0,0.7913204394596222,-1.2267095042981047,-2.329999071742222,1,1,1,1,3,5,8,0.0940000000000012,0.10066666666666713,-1.0166666666666657,0.7913204394596222,-1.2267095042981047,-2.329999071742222,-1.703098508016556,3.2419132559755366,3.2076135059905915
260,3,0.8571428571428571,2.4423470353692043,1.0333333333333332,"(0, 0, 1, 1, 0, 0, 1, 1, 1, 0, 1, 0, 0, 1, 1, 0, 0, 0, 1, 1, 0, 0, 1, 1, 0)",6,11,11,16,6.195333333333333,5.162,7.752,6.274,0.0,-2.5682093192585644,2.914045659466843,1.0379974900319107,1,1,1,1,5,5,10,-1.0333333333333332,1.5566666666666666,0.07866666666666688,-2.5682093192585644,2.914045659466843,1.0379974900319107,3.748699813883873,-3.3151905589379473,-2.343018792384401
260,4,1.1428571428571428,2.4423470353692043,2.0746666666666664,"(0, 1, 1, 0, 0, 0, 1, 1, 0, 0, 0, 0, 0, 0, 1, 1, 0, 0, 0, 1, 0, 1, 1, 1, 0)",6,9,7,10,7.1946666666666665,9.209333333333333,5.12,6.136666666666667,0.0,3.6557050425406254,-2.248533229518017,0.3312908067531922,1,1,1,1,3,1,4,2.014666666666667,-2.0746666666666664,-1.0579999999999998,3.6557050425406254,-2.248533229518017,0.3312908067531922,-4.007985212242857,0.4246424843298298,-3.393130283139349
260,5,1.4285714285714284,2.4423470353692043,1.9533333333333331,"(1, 0, 0, 0, 1, 0, 0, 0, 0, 0, 1, 0, 0, 0, 1, 1, 0, 1, 1, 0, 0, 0, 1, 1, 1)",6,11,11,16,6.258,5.259333333333333,5.0473333333333334,4.304666666666667,0.0,-2.0194410776003853,-3.242514198534718,-3.2753501975657944,1,1,1,1,5,5,10,-0.9986666666666668,-1.2106666666666666,-1.9533333333333331,-2.0194410776003853,-3.242514198534718,-3.2753501975657944,2.493085356324713,4.96247679578017,3.2288239690662435
260,6,1.7142857142857142,2.4423470353692043,0.9346666666666668,"(0, 1, 1, 0, 0, 1, 1, 1, 1, 0, 1, 1, 1, 1, 0, 0, 0, 0, 1, 0, 0, 0, 0, 1, 0)",6,11,7,12,6.510666666666666,9.124,5.576,8.246666666666666,0.0,3.2510352759692296,-1.3583248723152235,2.3413966912406106,1,1,1,1,5,1,6,2.613333333333334,-0.9346666666666668,1.7359999999999998,3.2510352759692296,-1.3583248723152235,2.3413966912406106,-1.5574894490459614,1.0347203625755892,-1.4785888140738312
260,7,2.0,2.4423470353692043,3.532,"(1, 1, 1, 0, 1, 0, 0, 0, 0, 0, 0, 0, 1, 1, 1, 0, 0, 0, 0, 1, 1, 1, 1, 0, 1)",6,11,11,16,6.613333333333333,8.221333333333334,3.0813333333333333,6.023333333333333,0.0,4.480024304167014,-5.367790314334437,0.2065682848136714,1,1,1,1,5,5,10,1.6080000000000005,-3.532,-0.5899999999999999,4.480024304167014,-5.367790314334437,0.2065682848136714,-7.014480044790606,4.483637031774212,-1.945496188883802
270,0,0.0,2.4423470353692043,-2.399361727546706,"(0, 0, 0, 1, 0, 0, 0, 1, 0, 0, 0, 0, 1, 1, 0, 1, 0, 1, 1, 0, 1, 0, 0, 0, 0)",5,10,8,13,5.152,6.307333333333333,6.322666666666667,9.262,0.0,2.399361727546706,3.57782130930163,6.128608553041227,1,1,1,1,5,3,8,1.155333333333333,1.1706666666666665,4.11,2.399361727546706,3.57782130930163,6.128608553041227,-3.0383490605221426,-5.879107005114719,-4.9301426150911585
270,1,0.2857142857142857,2.4423470353692043,-0.5666666666666664,"(0, 1, 1, 0, 0, 0, 0, 1, 0, 0, 0, 0, 1, 0, 0, 1, 0, 1, 0, 1, 1, 1, 0, 0, 1)",5,10,8,13,5.484,8.132666666666667,6.050666666666666,7.268666666666666,0.0,4.7822783183885935,0.19560486034379218,1.9800921531416604,1,1,1,1,5,3,8,2.648666666666667,0.5666666666666664,1.7846666666666664,4.7822783183885935,0.19560486034379218,1.9800921531416604,-5.211020092212238,0.9062617026114137,-0.47729685752778617
270,2,0.5714285714285714,2.4423470353692043,0.1806666666666663,"(0, 0, 1, 1, 0, 0, 1, 1, 1, 0, 1, 0, 0, 0, 1, 0, 0, 0, 0, 1, 0, 0, 1, 1, 0)",6,11,9,14,6.225333333333333,7.045333333333334,8.703333333333333,6.044666666666667,0.0,0.6733279404620065,0.6761502081473244,-0.7400311517168696,1,1,1,1,5,3,8,0.8200000000000003,2.4779999999999998,-0.1806666666666663,0.6733279404620065,0.6761502081473244,-0.7400311517168696,0.35822406978411453,4.400742497311999,1.3661621917531857
270,3,0.8571428571428571,2.4423470353692043,0.9046666666666665,"(0, 1, 1, 0, 0, 0, 1, 1, 0, 0, 0, 0, 0, 0, 0, 1, 0, 0, 0, 0, 0, 1, 1, 0, 1)",5,10,10,15,5.091333333333333,6.325333333333333,4.1866666666666665,7.1033333333333335,0.0,2.34731259850406,-1.7050838769590857,3.522407168788031,1,1,1,1,5,5,10,1.234,-0.9046666666666665,2.0120000000000005,2.34731259850406,-1.7050838769590857,3.522407168788031,-2.7190957243955767,1.954896600616179,-3.6889384708898394
270,4,1.1428571428571428,2.4423470353692043,0.719333333333334,"(1, 0, 0, 0, 1, 0, 0, 0, 1, 1, 0, 0, 0, 0, 1, 0, 0, 1, 1, 0, 0, 0, 1, 1, 1)",6,11,11,16,6.126,7.168666666666667,5.406666666666666,6.392666666666667,0.0,1.0924346917313628,-1.248364981345045,-0.842609727202375,1,1,1,1,5,5,10,1.0426666666666664,-0.719333333333334,0.2666666666666666,1.0924346917313628,-1.248364981345045,-0.842609727202375,-0.12155078847294139,1.2920788771378868,2.709237911971096
270,5,1.4285714285714284,2.4423470353692043,-1.3683113579709574,"(0, 1, 1, 0, 0, 1, 1, 0, 0, 0, 1, 1, 0, 0, 0, 1, 0, 0, 1, 0, 1, 0, 0, 1, 0)",5,10,10,15,5.250666666666667,6.5986666666666665,6.570666666666667,7.163333333333333,0.0,1.7320039687267124,1.3683113579709574,2.0827250030057303,1,1,1,1,5,5,10,1.3479999999999999,1.3200000000000003,1.9126666666666665,1.7320039687267124,1.3683113579709574,2.0827250030057303,-0.9378709545896949,-0.11799310191502743,-0.4153414735975314
270,6,1.7142857142857142,2.4423470353692043,1.2433333333333332,"(1, 0, 0, 0, 0, 0, 0, 0, 0, 0, 0, 0, 1, 1, 1, 0, 0, 1, 1, 1, 1, 0, 1, 1, 0)",5,10,10,15,5.326,8.098,4.082666666666666,7.514666666666667,0.0,4.39915548010701,-1.66068743529393,2.3237032438288243,1,1,1,1,5,5,10,2.772000000000001,-1.2433333333333332,2.188666666666667,4.39915548010701,-1.66068743529393,2.3237032438288243,-3.9740783629241063,1.0193235536226404,-0.3298061838983992
270,7,2.0,2.4423470353692043,3.2199999999999998,"(1, 0, 1, 1, 1, 0, 0, 0, 0, 0, 0, 0, 1, 1, 1, 0, 0, 0, 0, 1, 1, 0, 1, 1, 1)",6,11,11,16,6.324666666666666,7.294666666666667,3.1046666666666667,6.062,0.0,2.094068348125556,-5.603015471029773,1.2825035654616508,1,1,1,1,5,5,10,0.9700000000000006,-3.2199999999999998,-0.26266666666666616,2.094068348125556,-5.603015471029773,1.2825035654616508,-2.7453649975968086,5.820150770908514,-3.7738419355793402
280,0,0.0,2.4423470353692043,-4.298910702899747,"(0, 0, 1, 0, 0, 0, 0, 1, 0, 0, 1, 1, 1, 0, 0, 1, 0, 1, 0, 1, 0, 0, 0, 0, 0)",4,7,7,10,4.296666666666667,7.438666666666666,7.197333333333333,8.106,0.0,5.161004932006512,4.298910702899747,6.896373912204176,1,1,1,1,3,3,6,3.1419999999999995,2.900666666666666,3.809333333333333,5.161004932006512,4.298910702899747,6.896373912204176,-4.931110710081908,-3.414997176616535,-7.539624405869636
280,1,0.2857142857142857,2.4423470353692043,-1.225135547319757,"(0, 0, 0, 1, 0, 0, 1, 1, 1, 0, 0, 1, 1, 0, 0, 1, 0, 1, 1, 0, 1, 0, 0, 0, 0)",5,10,8,13,5.875333333333334,8.113333333333333,6.424,7.1513333333333335,0.0,3.9075381590764704,1.225135547319757,3.256245616311351,1,1,1,1,5,3,8,2.2379999999999995,0.5486666666666666,1.2759999999999998,3.9075381590764704,1.225135547319757,3.256245616311351,-4.077591573256178,-1.6521717651825991,-4.836447010300891
280,2,0.5714285714285714,2.4423470353692043,-0.5899999999999999,"(1, 0, 1, 1, 1, 0, 1, 1, 1, 1, 1, 0, 0, 0, 0, 1, 1, 0, 0, 0, 0, 1, 1, 1, 0)",7,12,12,17,7.257333333333333,10.144,8.023333333333333,7.847333333333333,0.0,3.010057035146136,0.09981058217875619,-0.6272489930613747,1,1,1,1,5,5,10,2.8866666666666667,0.766,0.5899999999999999,3.010057035146136,0.09981058217875619,-0.6272489930613747,-0.3013621006489455,1.6270657496100511,2.9729444695095975
280,3,0.8571428571428571,2.4423470353692043,1.3326666666666673,"(1, 0, 0, 0, 1, 0, 0, 0, 1, 1, 0, 0, 0, 0, 0, 0, 0, 1, 1, 1, 0, 0, 1, 1, 1)",5,10,10,15,5.480666666666667,6.501333333333333,4.148,7.068666666666667,0.0,-0.03348729157383947,-1.60825838560134,2.237515530669574,1,1,1,1,5,5,10,1.0206666666666662,-1.3326666666666673,1.588,-0.03348729157383947,-1.60825838560134,2.237515530669574,2.574609794731411,0.6730906177124006,-1.5863423307570899
280,4,1.1428571428571428,2.4423470353692043,2.017333333333333,"(0, 1, 1, 0, 0, 1, 1, 0, 0, 1, 1, 1, 0, 0, 1, 1, 0, 0, 1, 1, 1, 0, 0, 1, 1)",7,12,12,17,7.106,6.154,6.6273333333333335,5.088666666666667,0.0,-2.3301618948779113,-0.06122149901992079,-3.2766527826513236,1,1,1,1,5,5,10,-0.952,-0.47866666666666635,-2.017333333333333,-2.3301618948779113,-0.06122149901992079,-3.2766527826513236,3.3659496182138717,-1.0195459676312295,3.075695123624573
280,5,1.4285714285714284,2.4423470353692043,0.9053333333333331,"(0, 1, 1, 0, 0, 0, 0, 0, 0, 0, 0, 0, 0, 0, 0, 1, 0, 0, 0, 0, 0, 1, 1, 0, 1)",4,9,9,14,4.1,7.410666666666667,3.1946666666666665,7.495333333333333,0.0,6.23905691341848,-2.016293163643688,5.7368560885680076,1,1,1,1,5,5,10,3.310666666666667,-0.9053333333333331,3.3953333333333333,6.23905691341848,-2.016293163643688,5.7368560885680076,-7.152145237558383,2.7133494479727696,-5.718811159496938
280,6,1.7142857142857142,2.4423470353692043,3.2199999999999998,"(1, 0, 1, 1, 1, 0, 0, 0, 0, 0, 0, 0, 1, 1, 1, 0, 0, 0, 0, 1, 1, 0, 1, 1, 1)",6,11,11,16,6.324666666666666,7.294666666666667,3.1046666666666667,6.062,0.0,2.094068348125556,-5.603015471029773,1.2825035654616508,1,1,1,1,5,5,10,0.9700000000000006,-3.2199999999999998,-0.26266666666666616,2.094068348125556,-5.603015471029773,1.2825035654616508,-2.7453649975968086,5.820150770908514,-3.7738419355793402
280,7,2.0,2.4423470353692043,1.602666666666667,"(0, 0, 1, 0, 0, 0, 0, 1, 0, 0, 0, 0, 1, 1, 1, 0, 0, 1, 1, 1, 0, 0, 1, 1, 0)",5,10,8,13,5.692,6.572666666666667,4.089333333333333,7.128,0.0,0.5406813592521776,-2.4429983279119702,2.2405548958691446,1,1,1,1,5,3,8,0.8806666666666665,-1.602666666666667,1.436,0.5406813592521776,-2.4429983279119702,2.2405548958691446,0.8303621076328643,2.052381541569345,-1.9650022647177843
290,0,0.0,2.4423470353692043,-2.144272148297035,"(0, 0, 1, 0, 0, 0, 1, 1, 1, 0, 0, 1, 1, 1, 0, 0, 0, 1, 0, 0, 0, 0, 0, 0, 0)",4,9,7,12,4.566666666666666,8.526666666666667,5.566,8.620666666666667,0.0,6.008879273929572,2.144272148297035,7.067121107165766,1,1,1,1,5,3,8,3.960000000000001,0.9993333333333334,4.054,6.008879273929572,2.144272148297035,7.067121107165766,-5.004074220511296,-2.7963379204057266,-7.359087403294683
290,1,0.2857142857142857,2.4423470353692043,-0.8436409403950866,"(0, 0, 1, 0, 0, 0, 0, 1, 0, 0, 1, 1, 1, 0, 1, 1, 0, 1, 0, 0, 0, 0, 0, 0, 0)",5,8,8,11,5.274666666666667,6.39,6.041333333333333,7.146,0.0,1.559085798622572,0.8436409403950866,4.987001274331097,1,1,1,1,3,3,6,1.115333333333333,0.7666666666666666,1.8713333333333333,1.559085798622572,0.8436409403950866,4.987001274331097,-1.0837975180369481,-0.18799788924030428,-7.60954235889076
290,2,0.5714285714285714,2.4423470353692043,-4.704340310771034,"(1, 0, 0, 0, 1, 0, 0, 0, 1, 1, 0, 0, 0, 0, 0, 0, 0, 1, 1, 0, 0, 0, 0, 0, 0)",3,8,8,13,3.1406666666666667,6.009333333333333,8.192666666666666,8.392666666666667,0.0,4.704340310771034,7.837383087742648,7.3203653575442695,1,1,1,1,5,5,10,2.8686666666666665,5.052,5.252000000000001,4.704340310771034,7.837383087742648,7.3203653575442695,-4.483352082583686,-6.802872126715777,-5.051665999058609
290,3,0.8571428571428571,2.4423470353692043,2.017333333333333,"(0, 1, 1, 0, 0, 1, 1, 0, 0, 1, 1, 1, 0, 0, 1, 1, 0, 0, 1, 1, 1, 0, 0, 1, 1)",7,12,12,17,7.106,6.154,6.6273333333333335,5.088666666666667,0.0,-2.3301618948779113,-0.06122149901992079,-3.2766527826513236,1,1,1,1,5,5,10,-0.952,-0.47866666666666635,-2.017333333333333,-2.3301618948779113,-0.06122149901992079,-3.2766527826513236,3.3659496182138717,-1.0195459676312295,3.075695123624573
290,4,1.1428571428571428,2.4423470353692043,0.9053333333333331,"(0, 1, 1, 0, 0, 0, 0, 0, 0, 0, 0, 0, 0, 0, 0, 1, 0, 0, 0, 0, 0, 1, 1, 0, 1)",4,9,9,14,4.1,7.410666666666667,3.1946666666666665,7.495333333333333,0.0,6.23905691341848,-2.016293163643688,5.7368560885680076,1,1,1,1,5,5,10,3.310666666666667,-0.9053333333333331,3.3953333333333333,6.23905691341848,-2.016293163643688,5.7368560885680076,-7.152145237558383,2.7133494479727696,-5.718811159496938
290,5,1.4285714285714284,2.4423470353692043,0.9320000000000004,"(1, 0, 1, 0, 1, 0, 1, 1, 0, 1, 1, 0, 0, 0, 0, 0, 0, 1, 0, 0, 1, 0, 0, 1, 0)",7,10,8,11,7.209333333333333,6.277333333333333,8.2,7.205333333333333,0.0,-1.929996901727308,-0.14062491485870232,-0.3092011346777415,1,1,1,1,3,1,4,-0.9320000000000004,0.9906666666666659,-0.004000000000000448,-1.929996901727308,-0.14062491485870232,-0.3092011346777415,2.4374547742413406,2.763006640276622,0.7454070864714981
290,6,1.7142857142857142,2.4423470353692043,4.122,"(0, 0, 1, 0, 0, 0, 0, 1, 0, 0, 1, 0, 1, 1, 1, 1, 0, 1, 1, 1, 0, 0, 1, 1, 0)",6,11,9,14,7.212,8.779333333333334,3.09,6.285333333333333,0.0,1.2440230310599447,-6.335882404776227,-1.5206052642208665,1,1,1,1,5,3,8,1.567333333333334,-4.122,-0.9266666666666667,1.2440230310599447,-6.335882404776227,-1.5206052642208665,0.7896359582617334,5.407069127961264,1.4506041729278427
290,7,2.0,2.4423470353692043,3.549333333333333,"(1, 0, 1, 1, 1, 0, 0, 0, 0, 0, 0, 0, 0, 0, 1, 0, 0, 0, 0, 1, 1, 0, 1, 1, 1)",5,10,10,15,5.616,8.0,2.066666666666667,7.514666666666667,0.0,3.826615060637906,-6.7542835891242525,3.15849746051802,1,1,1,1,5,5,10,2.3840000000000003,-3.549333333333333,1.8986666666666672,3.826615060637906,-6.7542835891242525,3.15849746051802,-3.5233666165279542,7.827600755736726,-3.0769440044296825
300,0,0.0,2.4423470353692043,-1.8244875097993596,"(0, 1, 1, 0, 0, 0, 1, 1, 0, 0, 1, 1, 0, 0, 1, 1, 0, 0, 0, 0, 0, 0, 0, 0, 0)",5,8,6,9,5.475333333333333,6.3053333333333335,6.261333333333333,8.346666666666666,0.0,1.8244875097993596,2.043158981032749,3.059880914667667,1,1,1,1,3,1,4,0.8300000000000001,0.7859999999999996,2.8713333333333324,1.8244875097993596,2.043158981032749,3.059880914667667,-2.428883621270168,-3.0704185103131048,-0.46049862629794625
300,1,0.2857142857142857,2.4423470353692043,-4.929416158674946,"(1, 0, 0, 0, 1, 0, 1, 1, 0, 0, 0, 0, 0, 0, 0, 0, 0, 1, 1, 0, 0, 0, 0, 0, 0)",3,8,8,13,3.062,6.832,8.122666666666667,7.510666666666666,0.0,4.929416158674946,8.071794128759528,7.247691964647397,1,1,1,1,5,5,10,3.77,5.060666666666668,4.448666666666666,4.929416158674946,8.071794128759528,7.247691964647397,-2.831696617898905,-7.354218230161293,-6.836191138446642
300,2,0.5714285714285714,2.4423470353692043,-0.7320000000000002,"(1, 0, 0, 0, 0, 0, 1, 0, 0, 0, 1, 1, 0, 0, 0, 1, 0, 0, 1, 1, 1, 0, 0, 1, 1)",5,10,10,15,5.320666666666667,8.102,6.052666666666667,7.346666666666667,0.0,4.453918328077846,-1.0222036458698573,2.509918636681084,1,1,1,1,5,5,10,2.7813333333333334,0.7320000000000002,2.026,4.453918328077846,-1.0222036458698573,2.509918636681084,-4.0850330033172755,4.284374073924096,-1.1818972476579535
300,3,0.8571428571428571,2.4423470353692043,-1.3699938637064328,"(0, 1, 1, 0, 0, 0, 0, 0, 1, 0, 0, 0, 0, 1, 0, 0, 0, 0, 0, 0, 0, 1, 1, 0, 0)",3,8,8,13,3.1046666666666667,8.198,4.148,7.232,0.0,8.03526747198612,1.3699938637064328,6.482043306248432,1,1,1,1,5,5,10,5.093333333333334,1.043333333333333,4.1273333333333335,8.03526747198612,1.3699938637064328,6.482043306248432,-7.185224121790087,-0.7978183779288723,-5.75101892150349
300,4,1.1428571428571428,2.4423470353692043,-2.493473499976265,"(0, 0, 1, 0, 0, 0, 0, 0, 0, 0, 0, 0, 1, 1, 0, 0, 0, 1, 0, 0, 0, 0, 0, 0, 0)",3,8,8,13,3.056,4.182,6.3566666666666665,9.356666666666667,0.0,2.493473499976265,6.883456610105999,10.485864212897017,1,1,1,1,5,5,10,1.1260000000000003,3.3006666666666664,6.300666666666667,2.493473499976265,6.883456610105999,10.485864212897017,-3.3398448486129797,-8.750416396709653,-10.221704819470162
300,5,1.4285714285714284,2.4423470353692043,0.28852259644494804,"(0, 0, 1, 0, 1, 1, 1, 1, 0, 1, 1, 0, 0, 0, 0, 0, 1, 0, 0, 0, 1, 1, 0, 0, 0)",6,9,7,10,6.094,7.424666666666667,5.057333333333333,6.046666666666667,0.0,1.3066556639225244,-0.28852259644494804,-0.3955516709726819,1,1,1,1,3,1,4,1.3306666666666667,-1.036666666666667,-0.04733333333333345,1.3066556639225244,-0.28852259644494804,-0.3955516709726819,0.05864320136839766,-1.8272274519350653,0.8504700245946553
300,6,1.7142857142857142,2.4423470353692043,4.126,"(1, 0, 1, 1, 1, 0, 0, 1, 1, 0, 0, 0, 0, 0, 1, 0, 0, 0, 0, 1, 1, 0, 1, 1, 1)",6,11,11,16,7.23,7.245333333333333,3.104,6.978,0.0,1.3942545109244338,-5.7053769490010255,1.5380816141183962,1,1,1,1,5,5,10,0.015333333333332533,-4.126,-0.25200000000000067,1.3942545109244338,-5.7053769490010255,1.5380816141183962,-3.367804050097438,3.857386609123113,-4.372000523310986
300,7,2.0,2.4423470353692043,2.960666666666666,"(0, 0, 0, 0, 0, 0, 0, 0, 0, 0, 1, 0, 1, 1, 1, 1, 0, 1, 1, 1, 0, 0, 1, 1, 0)",5,10,10,15,5.043333333333333,8.098666666666666,2.082666666666667,6.043333333333333,0.0,3.344767127748843,-7.515318925345297,-1.4751776093629998,1,1,1,1,5,5,10,3.0553333333333335,-2.960666666666666,1.0,3.344767127748843,-7.515318925345297,-1.4751776093629998,-0.7068977697263797,11.124041441121406,6.045242696239956
310,0,0.0,2.4423470353692043,-4.0882718396937925,"(1, 0, 0, 0, 1, 0, 1, 1, 0, 0, 0, 1, 0, 0, 0, 0, 1, 1, 1, 0, 0, 0, 0, 0, 0)",4,9,9,14,4.078666666666667,7.298666666666667,7.158,8.308666666666667,0.0,4.0882718396937925,6.305217380887702,6.306031496566159,1,1,1,1,5,5,10,3.2199999999999998,3.0793333333333335,4.23,4.0882718396937925,6.305217380887702,6.306031496566159,-2.1206211535706996,-7.8787283399892205,-5.07038937097145
310,1,0.2857142857142857,2.4423470353692043,-6.042529388639103,"(0, 0, 1, 0, 0, 0, 0, 1, 0, 0, 0, 0, 0, 0, 1, 1, 0, 0, 0, 0, 0, 0, 0, 0, 0)",3,8,6,11,3.005333333333333,6.2,6.677333333333333,7.183333333333334,0.0,6.908260001109641,6.042529388639103,7.701100123169048,1,1,1,1,5,3,8,3.194666666666667,3.672,4.178000000000001,6.908260001109641,6.042529388639103,7.701100123169048,-9.069883670943634,-5.789655424598285,-8.6046331411308
310,2,0.5714285714285714,2.4423470353692043,-0.8666666666666663,"(0, 1, 1, 1, 0, 0, 0, 0, 1, 1, 0, 0, 0, 0, 1, 0, 0, 0, 0, 0, 0, 1, 1, 0, 0)",4,9,7,12,4.142,9.282666666666668,5.008666666666667,6.214666666666667,0.0,7.414314306838141,0.5756883334258032,2.804031494118103,1,1,1,1,5,3,8,5.140666666666667,0.8666666666666663,2.0726666666666667,7.414314306838141,0.5756883334258032,2.804031494118103,-5.5530365734469855,0.7106700695474943,-1.7862467180993253
310,3,0.8571428571428571,2.4423470353692043,-1.3014995979589676,"(0, 0, 1, 0, 0, 0, 0, 0, 1, 1, 0, 0, 1, 1, 0, 0, 0, 1, 0, 0, 0, 0, 0, 0, 0)",4,9,9,14,4.052666666666667,5.036,8.742666666666667,8.146666666666667,0.0,1.3014995979589676,5.6372626039035065,7.082263658785055,1,1,1,1,5,5,10,0.9833333333333325,4.6899999999999995,4.093999999999999,1.3014995979589676,5.6372626039035065,7.082263658785055,-0.7770724331629137,-2.313544012359843,-7.298376887935213
310,4,1.1428571428571428,2.4423470353692043,0.8600000000000003,"(0, 0, 1, 0, 1, 1, 0, 1, 0, 1, 1, 1, 0, 0, 0, 1, 0, 0, 0, 0, 1, 1, 0, 1, 1)",7,8,8,9,7.549333333333333,8.46,6.689333333333333,7.835333333333334,0.0,1.7883407736758947,-0.9752020340336411,1.0680654957562348,1,1,1,1,1,1,2,0.9106666666666676,-0.8600000000000003,0.2860000000000005,1.7883407736758947,-0.9752020340336411,1.0680654957562348,-2.1435847532742995,0.2813633462905648,-1.9100753450247858
310,5,1.4285714285714284,2.4423470353692043,-0.11266666666666669,"(1, 1, 1, 0, 0, 1, 0, 0, 0, 0, 1, 1, 0, 0, 0, 1, 0, 1, 0, 1, 1, 0, 0, 1, 1)",7,12,12,17,7.175333333333334,8.102666666666666,8.406666666666666,7.288,0.0,0.14404420070821788,0.9139262606351559,-1.0093948925288092,1,1,1,1,5,5,10,0.9273333333333325,1.2313333333333327,0.11266666666666669,0.14404420070821788,0.9139262606351559,-1.0093948925288092,1.913063890903864,0.7752182230096096,2.7404637226028177
310,6,1.7142857142857142,2.4423470353692043,3.886666666666667,"(0, 0, 1, 0, 0, 0, 0, 1, 0, 0, 1, 0, 1, 1, 1, 1, 0, 1, 1, 1, 0, 0, 1, 1, 0)",6,11,9,14,6.932,7.252666666666666,3.0453333333333332,6.123333333333333,0.0,1.425625101734287,-5.440355158474186,-2.1600659924590877,1,1,1,1,5,3,8,0.320666666666666,-3.886666666666667,-0.8086666666666673,1.425625101734287,-5.440355158474186,-2.1600659924590877,-2.6986919580935993,3.794646481853344,3.3005861369490592
310,7,2.0,2.4423470353692043,3.5066666666666664,"(1, 0, 1, 1, 1, 0, 0, 0, 0, 0, 0, 0, 0, 0, 1, 0, 0, 0, 0, 1, 1, 0, 1, 1, 1)",5,10,10,15,5.567333333333333,8.134,2.0606666666666666,7.144666666666667,0.0,4.1687607431038485,-5.596502545602123,3.2942376813059826,1,1,1,1,5,5,10,2.5666666666666673,-3.5066666666666664,1.5773333333333337,4.1687607431038485,-5.596502545602123,3.2942376813059826,-3.912869717968913,5.104104463326207,-4.193276244283496
320,0,0.0,2.4423470353692043,-1.7799282449985114,"(1, 0, 0, 0, 1, 0, 1, 1, 0, 0, 1, 0, 0, 0, 0, 0, 1, 1, 1, 0, 0, 0, 0, 0, 0)",5,8,10,13,5.12,6.63,6.453333333333333,9.431333333333333,0.0,1.7799282449985114,2.893909865019689,5.233841148039078,1,1,1,1,3,5,8,1.5099999999999998,1.333333333333333,4.311333333333333,1.7799282449985114,2.893909865019689,5.233841148039078,-0.6592584489345271,-3.8114694656309265,-2.2530842263514996
320,1,0.2857142857142857,2.4423470353692043,-3.3787971631083207,"(0, 1, 0, 1, 0, 1, 0, 0, 1, 1, 0, 0, 0, 0, 0, 0, 0, 0, 1, 1, 0, 1, 0, 0, 0)",4,9,7,12,4.122,7.128,7.196666666666666,8.569333333333333,0.0,4.381624855830915,3.3787971631083207,5.912922172628844,1,1,1,1,5,3,8,3.0060000000000002,3.0746666666666664,4.447333333333333,4.381624855830915,3.3787971631083207,5.912922172628844,-3.359753288418824,-0.7427922163496385,-3.579476556723584
320,2,0.5714285714285714,2.4423470353692043,-2.188614315583627,"(0, 1, 1, 0, 0, 0, 1, 0, 1, 1, 0, 0, 1, 1, 0, 0, 0, 1, 0, 0, 0, 0, 0, 0, 0)",5,10,8,13,5.192,6.69,8.512666666666666,7.312666666666667,0.0,2.188614315583627,5.162633163363425,3.903087660034245,1,1,1,1,5,3,8,1.4980000000000002,3.320666666666666,2.1206666666666667,2.188614315583627,5.162633163363425,3.903087660034245,-1.6867198262492031,-4.498721412456727,-4.353290628931137
320,3,0.8571428571428571,2.4423470353692043,-0.34333971879434694,"(1, 1, 1, 0, 0, 0, 0, 1, 1, 0, 0, 0, 0, 1, 1, 1, 0, 0, 0, 0, 0, 0, 0, 0, 0)",5,8,8,11,5.283333333333333,6.316,6.233333333333333,5.262666666666667,0.0,3.8605908216188185,1.3448105520528473,0.34333971879434694,1,1,1,1,3,3,6,1.0326666666666666,0.9500000000000002,-0.020666666666666167,3.8605908216188185,1.3448105520528473,0.34333971879434694,-6.90677217609635,-0.96426438133875,-0.8890299163861651
320,4,1.1428571428571428,2.4423470353692043,0.8853333333333326,"(1, 1, 0, 1, 0, 1, 0, 0, 0, 0, 1, 1, 0, 0, 0, 1, 0, 1, 0, 1, 1, 0, 0, 1, 1)",7,10,12,15,7.108666666666666,6.223333333333334,6.624,7.576,0.0,-1.5100217604009325,-0.26637864999093575,-2.1520333844316513,1,1,1,1,3,5,8,-0.8853333333333326,-0.4846666666666666,0.4673333333333334,-1.5100217604009325,-0.26637864999093575,-2.1520333844316513,1.5257059278780039,-0.5331350903845946,6.397402537678073
320,5,1.4285714285714284,2.4423470353692043,3.886666666666667,"(0, 0, 1, 0, 0, 0, 0, 1, 0, 0, 1, 0, 1, 1, 1, 1, 0, 1, 1, 1, 0, 0, 1, 1, 0)",6,11,9,14,6.932,7.252666666666666,3.0453333333333332,6.123333333333333,0.0,1.425625101734287,-5.440355158474186,-2.1600659924590877,1,1,1,1,5,3,8,0.320666666666666,-3.886666666666667,-0.8086666666666673,1.425625101734287,-5.440355158474186,-2.1600659924590877,-2.6986919580935993,3.794646481853344,3.3005861369490592
320,6,1.7142857142857142,2.4423470353692043,0.8600000000000003,"(0, 0, 1, 0, 1, 1, 0, 1, 0, 1, 1, 1, 0, 0, 0, 1, 0, 0, 0, 0, 1, 1, 0, 1, 1)",7,8,8,9,7.549333333333333,8.46,6.689333333333333,7.835333333333334,0.0,1.7883407736758947,-0.9752020340336411,1.0680654957562348,1,1,1,1,1,1,2,0.9106666666666676,-0.8600000000000003,0.2860000000000005,1.7883407736758947,-0.9752020340336411,1.0680654957562348,-2.1435847532742995,0.2813633462905648,-1.9100753450247858
320,7,2.0,2.4423470353692043,3.0460000000000003,"(1, 0, 1, 1, 1, 0, 0, 0, 0, 0, 0, 0, 0, 0, 0, 0, 0, 0, 0, 0, 1, 0, 1, 1, 1)",4,9,9,14,4.048666666666667,9.158,1.0026666666666666,6.068666666666667,0.0,6.89887053361811,-7.943706595349056,1.65748524695867,1,1,1,1,5,5,10,5.109333333333333,-3.0460000000000003,2.0200000000000005,6.89887053361811,-7.943706595349056,1.65748524695867,-4.370670875798432,11.961899183258966,0.8853868323680926
330,0,0.0,2.4423470353692043,1.2013333333333334,"(1, 1, 0, 0, 1, 1, 0, 0, 0, 1, 0, 0, 0, 0, 0, 0, 0, 0, 1, 1, 1, 1, 0, 0, 1)",5,10,10,15,5.306,6.236,4.104666666666667,7.038666666666667,0.0,0.19354243395836931,-2.436105481834372,1.6979739333672368,1,1,1,1,5,5,10,0.9299999999999997,-1.2013333333333334,1.7326666666666668,0.19354243395836931,-2.436105481834372,1.6979739333672368,1.798684953096996,3.0157420962479744,0.08473169432271736
330,1,0.2857142857142857,2.4423470353692043,-1.5352050720545172,"(0, 1, 1, 0, 0, 0, 1, 0, 0, 0, 0, 0, 1, 1, 0, 0, 0, 1, 1, 0, 1, 1, 0, 1, 0)",6,9,9,12,6.144666666666667,7.149333333333334,7.1226666666666665,8.706,0.0,1.6593848502084014,1.5352050720545172,3.369516244373918,1,1,1,1,3,3,6,1.004666666666667,0.9779999999999998,2.561333333333333,1.6593848502084014,1.5352050720545172,3.369516244373918,-1.5990490145754654,-1.3608881558250345,-1.9738631368160264
330,2,0.5714285714285714,2.4423470353692043,-4.195409462978656,"(1, 1, 1, 0, 0, 0, 0, 1, 0, 0, 0, 0, 0, 0, 0, 1, 0, 0, 0, 1, 0, 0, 0, 1, 1)",4,7,7,10,4.3726666666666665,7.3853333333333335,7.294666666666667,8.119333333333334,0.0,4.195409462978656,4.930067451217712,6.101742735652165,1,1,1,1,3,3,6,3.012666666666667,2.9220000000000006,3.746666666666667,4.195409462978656,4.930067451217712,6.101742735652165,-2.888668362176869,-4.904397586302973,-5.75191305515569
330,3,0.8571428571428571,2.4423470353692043,-1.2565061381296099,"(0, 1, 0, 1, 0, 0, 0, 0, 1, 1, 1, 1, 0, 0, 0, 1, 0, 1, 0, 1, 1, 0, 0, 1, 1)",8,7,13,12,6.150666666666667,7.162,7.211333333333333,6.3566666666666665,0.0,1.7673908635502849,1.2565061381296099,1.8044602641093321,1,1,1,1,-1,5,4,1.011333333333333,1.0606666666666662,0.20599999999999952,1.7673908635502849,1.2565061381296099,1.8044602641093321,-1.846554867493935,-0.47830795253579234,-3.903994687202904
330,4,1.1428571428571428,2.4423470353692043,-2.772769452065376,"(1, 0, 1, 1, 1, 1, 0, 0, 1, 0, 1, 0, 0, 0, 0, 0, 1, 1, 1, 0, 0, 0, 0, 0, 0)",6,11,11,16,6.281333333333333,7.5986666666666665,7.958666666666667,8.264666666666667,0.0,2.8745339118724265,2.772769452065376,3.690114998550049,1,1,1,1,5,5,10,1.317333333333333,1.6773333333333333,1.9833333333333334,2.8745339118724265,2.772769452065376,3.690114998550049,-3.8032242164701646,-2.675435157021552,-4.168553140064559
330,5,1.4285714285714284,2.4423470353692043,0.8903169059599199,"(0, 0, 1, 0, 1, 1, 0, 1, 0, 1, 1, 1, 0, 0, 0, 0, 0, 1, 0, 0, 1, 0, 1, 1, 1)",7,10,6,9,7.402666666666667,8.251333333333333,6.351333333333334,7.838666666666667,0.0,1.3887727986894947,-0.8903169059599199,0.035929638609209495,1,1,1,1,3,-1,2,0.8486666666666665,-1.051333333333333,0.43599999999999994,1.3887727986894947,-0.8903169059599199,0.035929638609209495,-1.3191266103306825,-0.3932579940411964,0.9771106610818832
330,6,1.7142857142857142,2.4423470353692043,3.224666666666667,"(1, 0, 1, 1, 1, 0, 0, 0, 0, 0, 0, 0, 0, 0, 0, 1, 1, 0, 0, 0, 1, 0, 1, 1, 1)",5,8,10,13,5.32,8.230666666666666,2.0953333333333335,5.105333333333333,0.0,4.088760309100867,-7.628209632757917,-1.1473060884593247,1,1,1,1,3,5,8,2.910666666666666,-3.224666666666667,-0.214666666666667,4.088760309100867,-7.628209632757917,-1.1473060884593247,-2.8773135149864792,10.754980108353879,2.2778291268837463
330,7,2.0,2.4423470353692043,3.886666666666667,"(0, 0, 1, 0, 0, 0, 0, 1, 0, 0, 1, 0, 1, 1, 1, 1, 0, 1, 1, 1, 0, 0, 1, 1, 0)",6,11,9,14,6.932,7.252666666666666,3.0453333333333332,6.123333333333333,0.0,1.425625101734287,-5.440355158474186,-2.1600659924590877,1,1,1,1,5,3,8,0.320666666666666,-3.886666666666667,-0.8086666666666673,1.425625101734287,-5.440355158474186,-2.1600659924590877,-2.6986919580935993,3.794646481853344,3.3005861369490592
340,0,0.0,2.4423470353692043,-0.8336544547393553,"(1, 1, 1, 0, 1, 0, 1, 0, 1, 0, 0, 0, 1, 0, 0, 0, 0, 1, 1, 0, 1, 1, 1, 0, 0)",7,10,10,13,7.743333333333333,8.245333333333333,8.847333333333333,9.451333333333332,0.0,0.8336544547393553,1.651623614073784,2.209998420737747,1,1,1,1,3,3,6,0.5019999999999998,1.104,1.7079999999999993,0.8336544547393553,1.651623614073784,2.209998420737747,-0.8100152742996549,-1.3374869103312756,-1.2260543546488605
340,1,0.2857142857142857,2.4423470353692043,-2.499932151025353,"(0, 1, 0, 0, 1, 0, 0, 0, 0, 1, 0, 0, 0, 0, 0, 0, 0, 0, 1, 1, 1, 1, 0, 0, 1)",4,9,7,12,4.131333333333333,5.221333333333333,7.206666666666667,8.111333333333333,0.0,2.499932151025353,5.1331621758033,6.929644106263761,1,1,1,1,5,3,8,1.0899999999999999,3.075333333333334,3.9799999999999995,2.499932151025353,5.1331621758033,6.929644106263761,-3.443543609128496,-5.025932172703764,-7.204054538327544
340,2,0.5714285714285714,2.4423470353692043,1.3273333333333328,"(0, 1, 0, 1, 0, 0, 0, 0, 1, 1, 1, 1, 0, 0, 0, 1, 0, 1, 0, 1, 1, 1, 1, 1, 1)",7,10,12,15,7.558,9.087333333333333,6.230666666666667,7.363333333333333,0.0,2.1085053328235164,-3.0751320150440837,-1.2395182576391535,1,1,1,1,3,5,8,1.5293333333333337,-1.3273333333333328,-0.19466666666666654,2.1085053328235164,-3.0751320150440837,-1.2395182576391535,-1.4145390159237021,4.268730928698456,2.55189018561245
340,3,0.8571428571428571,2.4423470353692043,-1.1066003045365054,"(1, 1, 0, 0, 0, 0, 0, 0, 1, 1, 0, 0, 1, 0, 0, 1, 0, 0, 0, 1, 0, 0, 1, 1, 1)",6,9,11,14,6.204,7.16,9.638666666666667,8.745333333333333,0.0,1.1066003045365054,3.1138296469600437,4.2455047143930065,1,1,1,1,3,5,8,0.9560000000000004,3.4346666666666676,2.541333333333333,1.1066003045365054,3.1138296469600437,4.2455047143930065,-0.36781820731043224,0.7835953439171639,-4.162177920292136
340,4,1.1428571428571428,2.4423470353692043,0.6779999999999999,"(0, 0, 1, 0, 0, 1, 0, 1, 0, 0, 1, 1, 0, 0, 0, 1, 0, 1, 0, 1, 1, 0, 1, 1, 1)",7,12,10,15,7.471333333333333,6.793333333333333,8.045333333333334,7.597333333333333,0.0,-1.4451638780172396,0.24347486223702888,-0.4924314367089957,1,1,1,1,5,3,8,-0.6779999999999999,0.5740000000000007,0.12600000000000033,-1.4451638780172396,0.24347486223702888,-0.4924314367089957,1.873680423117747,0.8072570903303922,1.5104241860253342
340,5,1.4285714285714284,2.4423470353692043,3.100666666666667,"(1, 0, 1, 1, 1, 0, 0, 0, 0, 0, 0, 0, 0, 0, 0, 0, 0, 0, 0, 0, 1, 0, 1, 1, 1)",4,9,9,14,4.1353333333333335,9.097333333333333,1.0346666666666666,6.011333333333333,0.0,6.9207431081793045,-6.75943965508781,2.4936905974905215,1,1,1,1,5,5,10,4.962,-3.100666666666667,1.8759999999999994,6.9207431081793045,-6.75943965508781,2.4936905974905215,-4.783930423311586,8.935993361359303,-1.508614799556409
340,6,1.7142857142857142,2.4423470353692043,3.886666666666667,"(0, 0, 1, 0, 0, 0, 0, 1, 0, 0, 1, 0, 1, 1, 1, 1, 0, 1, 1, 1, 0, 0, 1, 1, 0)",6,11,9,14,6.932,7.252666666666666,3.0453333333333332,6.123333333333333,0.0,1.425625101734287,-5.440355158474186,-2.1600659924590877,1,1,1,1,5,3,8,0.320666666666666,-3.886666666666667,-0.8086666666666673,1.425625101734287,-5.440355158474186,-2.1600659924590877,-2.6986919580935993,3.794646481853344,3.3005861369490592
340,7,2.0,2.4423470353692043,3.9339999999999993,"(1, 0, 1, 1, 1, 1, 0, 1, 1, 1, 1, 0, 0, 0, 1, 0, 1, 1, 1, 1, 0, 0, 0, 0, 0)",7,12,4,9,8.047333333333333,8.962666666666667,4.113333333333333,7.274,0.0,1.8086936656373054,-6.246980972688787,-0.9429087787882043,1,1,1,1,5,-3,2,0.9153333333333347,-3.9339999999999993,-0.7733333333333325,1.8086936656373054,-6.246980972688787,-0.9429087787882043,-2.18189595911905,5.649102221511839,0.41416208647811836
350,0,0.0,2.4423470353692043,-2.1291838710563087,"(0, 1, 0, 0, 0, 1, 0, 0, 0, 1, 0, 0, 0, 0, 0, 1, 0, 0, 1, 1, 0, 1, 0, 0, 1)",5,10,10,15,5.157333333333334,6.137333333333333,6.09,7.106,0.0,2.1291838710563087,2.353499877660329,2.3324414187775893,1,1,1,1,5,5,10,0.9799999999999995,0.9326666666666661,1.948666666666666,2.1291838710563087,2.353499877660329,2.3324414187775893,-2.8067058205684825,-3.4701677806244797,-0.9373111280676645
350,1,0.2857142857142857,2.4423470353692043,1.0573333333333332,"(0, 1, 0, 1, 0, 0, 0, 0, 0, 1, 1, 1, 0, 0, 0, 1, 0, 1, 0, 1, 1, 0, 1, 1, 1)",8,9,11,12,8.194666666666667,9.096666666666666,7.137333333333333,8.195333333333334,0.0,0.5004640447364315,-2.157677919802283,-0.4832590667317183,1,1,1,1,1,3,4,0.9019999999999992,-1.0573333333333332,0.0006666666666674814,0.5004640447364315,-2.157677919802283,-0.4832590667317183,0.9806901499321162,2.687423338646992,1.1819145803044155
350,2,0.5714285714285714,2.4423470353692043,-1.361744158164741,"(1, 1, 0, 0, 0, 0, 0, 0, 1, 1, 0, 0, 1, 0, 0, 1, 1, 1, 0, 1, 0, 0, 1, 1, 1)",6,7,11,12,6.197333333333333,7.316,7.424,8.516666666666667,0.0,1.7970789486246628,1.361744158164741,2.3130654656303267,1,1,1,1,1,5,6,1.118666666666667,1.2266666666666675,2.3193333333333346,1.7970789486246628,1.361744158164741,2.3130654656303267,-1.6569182255981678,-0.32990611090542865,0.015308308102527758
350,3,0.8571428571428571,2.4423470353692043,-0.8913333333333329,"(1, 1, 1, 0, 1, 0, 1, 0, 1, 0, 0, 0, 1, 0, 0, 0, 0, 1, 0, 0, 0, 0, 0, 0, 0)",5,10,6,11,5.168666666666667,8.146666666666667,6.06,7.996,0.0,5.944835507224334,0.4601381814635579,4.965074425391339,1,1,1,1,5,1,6,2.9779999999999998,0.8913333333333329,2.8273333333333337,5.944835507224334,0.4601381814635579,4.965074425391339,-7.246041905497442,1.0531282008347187,-5.221105618574794
350,4,1.1428571428571428,2.4423470353692043,2.6386666666666665,"(1, 0, 0, 1, 1, 0, 0, 0, 0, 0, 0, 0, 0, 0, 1, 0, 1, 1, 0, 1, 1, 0, 0, 1, 1)",5,10,10,15,6.825333333333333,8.207333333333333,4.1866666666666665,7.212666666666666,0.0,4.332180896959331,-3.425093208023208,2.3723330870219543,1,1,1,1,5,5,10,1.3819999999999997,-2.6386666666666665,0.3873333333333333,4.332180896959331,-3.425093208023208,2.3723330870219543,-7.205365567491483,1.920726531817806,-4.848058263630004
350,5,1.4285714285714284,2.4423470353692043,3.886666666666667,"(0, 0, 1, 0, 0, 0, 0, 1, 0, 0, 1, 0, 1, 1, 1, 1, 0, 1, 1, 1, 0, 0, 1, 1, 0)",6,11,9,14,6.932,7.252666666666666,3.0453333333333332,6.123333333333333,0.0,1.425625101734287,-5.440355158474186,-2.1600659924590877,1,1,1,1,5,3,8,0.320666666666666,-3.886666666666667,-0.8086666666666673,1.425625101734287,-5.440355158474186,-2.1600659924590877,-2.6986919580935993,3.794646481853344,3.3005861369490592
350,6,1.7142857142857142,2.4423470353692043,3.9339999999999993,"(1, 0, 1, 1, 1, 1, 0, 1, 1, 1, 1, 0, 0, 0, 1, 0, 1, 1, 1, 1, 0, 0, 0, 0, 0)",7,12,4,9,8.047333333333333,8.962666666666667,4.113333333333333,7.274,0.0,1.8086936656373054,-6.246980972688787,-0.9429087787882043,1,1,1,1,5,-3,2,0.9153333333333347,-3.9339999999999993,-0.7733333333333325,1.8086936656373054,-6.246980972688787,-0.9429087787882043,-2.18189595911905,5.649102221511839,0.41416208647811836
350,7,2.0,2.4423470353692043,2.950666666666666,"(1, 1, 1, 0, 0, 1, 0, 1, 0, 0, 1, 1, 0, 0, 0, 1, 0, 1, 0, 1, 1, 0, 1, 1, 1)",8,9,9,10,9.432666666666666,7.175333333333334,9.071333333333333,6.482,0.0,-3.6276451888231622,0.7495834423440897,-3.574293474694985,1,1,1,1,1,1,2,-2.2573333333333325,-0.3613333333333326,-2.950666666666666,-3.6276451888231622,0.7495834423440897,-3.574293474694985,3.346777097786859,-2.7132442936176675,1.5231130857647253
360,0,0.0,2.4423470353692043,-0.75,"(0, 0, 1, 1, 0, 0, 0, 0, 1, 0, 1, 1, 1, 1, 0, 1, 0, 1, 0, 1, 1, 0, 0, 0, 1)",6,9,11,14,6.403333333333333,7.43,7.153333333333333,8.142666666666667,0.0,2.001856178945728,-0.08152011660276737,0.37541587652552844,1,1,1,1,3,5,8,1.0266666666666664,0.75,1.7393333333333336,2.001856178945728,-0.08152011660276737,0.37541587652552844,-2.3817512142379065,2.030860691634624,3.3311597571228475
360,1,0.2857142857142857,2.4423470353692043,-0.21595775230520137,"(1, 1, 1, 0, 0, 0, 0, 0, 1, 1, 0, 0, 1, 0, 0, 1, 1, 1, 0, 1, 0, 0, 0, 1, 1)",7,8,12,13,7.223333333333334,8.165333333333333,8.753333333333334,7.310666666666667,0.0,0.8933562711594926,1.0094491669073742,0.21595775230520137,1,1,1,1,1,5,6,0.9419999999999993,1.5300000000000002,0.08733333333333348,0.8933562711594926,1.0094491669073742,0.21595775230520137,0.11880486692291505,1.2713657839627448,-0.31414546835202795
360,2,0.5714285714285714,2.4423470353692043,-0.8913333333333329,"(1, 1, 1, 0, 1, 0, 1, 0, 1, 0, 0, 0, 1, 0, 0, 0, 0, 1, 0, 0, 0, 0, 0, 0, 0)",5,10,6,11,5.168666666666667,8.146666666666667,6.06,7.996,0.0,5.944835507224334,0.4601381814635579,4.965074425391339,1,1,1,1,5,1,6,2.9779999999999998,0.8913333333333329,2.8273333333333337,5.944835507224334,0.4601381814635579,4.965074425391339,-7.246041905497442,1.0531282008347187,-5.221105618574794
360,3,0.8571428571428571,2.4423470353692043,2.6386666666666665,"(1, 0, 0, 1, 1, 0, 0, 0, 0, 0, 0, 0, 0, 0, 1, 0, 1, 1, 0, 1, 1, 0, 0, 1, 1)",5,10,10,15,6.825333333333333,8.207333333333333,4.1866666666666665,7.212666666666666,0.0,4.332180896959331,-3.425093208023208,2.3723330870219543,1,1,1,1,5,5,10,1.3819999999999997,-2.6386666666666665,0.3873333333333333,4.332180896959331,-3.425093208023208,2.3723330870219543,-7.205365567491483,1.920726531817806,-4.848058263630004
360,4,1.1428571428571428,2.4423470353692043,-1.2806039622119203,"(1, 0, 0, 0, 1, 1, 0, 0, 0, 1, 0, 0, 0, 0, 0, 1, 0, 0, 1, 1, 0, 0, 0, 0, 1)",5,10,6,11,5.1193333333333335,6.746666666666667,6.088,7.3133333333333335,0.0,2.1495367630177187,1.2806039622119203,3.0253624099011156,1,1,1,1,5,1,6,1.6273333333333335,0.9686666666666666,2.194,2.1495367630177187,1.2806039622119203,3.0253624099011156,-1.2754019983492888,-0.7618591289960378,-2.030475517139387
360,5,1.4285714285714284,2.4423470353692043,2.9299999999999997,"(1, 0, 1, 1, 1, 1, 0, 1, 1, 1, 0, 1, 0, 0, 0, 0, 1, 1, 1, 0, 0, 0, 0, 0, 0)",6,11,3,8,6.099333333333333,9.080666666666668,3.1693333333333333,6.362666666666667,0.0,4.282411291816362,-5.442363310481043,-0.09915928963598933,1,1,1,1,5,-3,2,2.9813333333333345,-2.9299999999999997,0.26333333333333364,4.282411291816362,-5.442363310481043,-0.09915928963598933,-3.177683894685239,6.1360630831237355,0.8853327830523327
360,6,1.7142857142857142,2.4423470353692043,2.950666666666666,"(1, 1, 1, 0, 0, 1, 0, 1, 0, 0, 1, 1, 0, 0, 0, 1, 0, 1, 0, 1, 1, 0, 1, 1, 1)",8,9,9,10,9.432666666666666,7.175333333333334,9.071333333333333,6.482,0.0,-3.6276451888231622,0.7495834423440897,-3.574293474694985,1,1,1,1,1,1,2,-2.2573333333333325,-0.3613333333333326,-2.950666666666666,-3.6276451888231622,0.7495834423440897,-3.574293474694985,3.346777097786859,-2.7132442936176675,1.5231130857647253
360,7,2.0,2.4423470353692043,3.634666666666666,"(1, 0, 1, 0, 1, 0, 0, 1, 0, 0, 1, 0, 1, 1, 1, 1, 0, 1, 1, 1, 0, 0, 1, 1, 0)",7,12,10,15,7.720666666666666,8.411333333333333,4.086,7.1306666666666665,0.0,2.345141623361511,-6.666684742122344,-1.1024211773870938,1,1,1,1,5,3,8,0.690666666666667,-3.634666666666666,-0.5899999999999999,2.345141623361511,-6.666684742122344,-1.1024211773870938,-4.0408020055762455,7.405240357775016,1.251510343451766
370,0,0.0,2.4423470353692043,-1.3337385788258405,"(0, 0, 1, 1, 0, 0, 0, 0, 1, 0, 1, 1, 1, 1, 0, 1, 0, 0, 1, 1, 1, 0, 0, 0, 1)",6,11,11,16,6.1866666666666665,7.3773333333333335,8.316666666666666,8.198666666666666,0.0,1.3337385788258405,1.2693148914706582,1.3886642499323651,1,1,1,1,5,5,10,1.190666666666667,2.13,2.0119999999999996,1.3337385788258405,1.2693148914706582,1.3886642499323651,-0.34943126050656054,2.1020917232030594,1.5224022212173263
370,1,0.2857142857142857,2.4423470353692043,-4.247567140778428,"(0, 0, 0, 0, 0, 0, 0, 0, 0, 1, 0, 0, 1, 0, 1, 0, 0, 1, 0, 0, 0, 0, 0, 0, 0)",2,7,7,12,2.018,7.114,5.124666666666666,8.209333333333333,0.0,9.915223396677641,4.247567140778428,10.688036273047022,1,1,1,1,5,5,10,5.096,3.1066666666666665,6.191333333333334,9.915223396677641,4.247567140778428,10.688036273047022,-11.770215975657543,-2.7864748905981807,-10.982509093745712
370,2,0.5714285714285714,2.4423470353692043,2.6386666666666665,"(1, 0, 0, 1, 1, 0, 0, 0, 0, 0, 0, 0, 0, 0, 1, 0, 1, 1, 0, 1, 1, 0, 0, 1, 1)",5,10,10,15,6.825333333333333,8.207333333333333,4.1866666666666665,7.212666666666666,0.0,4.332180896959331,-3.425093208023208,2.3723330870219543,1,1,1,1,5,5,10,1.3819999999999997,-2.6386666666666665,0.3873333333333333,4.332180896959331,-3.425093208023208,2.3723330870219543,-7.205365567491483,1.920726531817806,-4.848058263630004
370,3,0.8571428571428571,2.4423470353692043,1.3873333333333333,"(1, 0, 0, 0, 1, 1, 0, 0, 0, 1, 1, 1, 0, 0, 0, 1, 0, 0, 1, 1, 0, 0, 0, 0, 1)",6,9,7,10,6.676666666666667,5.289333333333333,7.502,6.258666666666667,0.0,-1.4427215309818708,0.2818468478816063,-0.5893112024453069,1,1,1,1,3,1,4,-1.3873333333333333,0.825333333333333,-0.41800000000000015,-1.4427215309818708,0.2818468478816063,-0.5893112024453069,0.13527720032134916,1.327382606506253,0.4184014074178285
370,4,1.1428571428571428,2.4423470353692043,0.7880000000000003,"(0, 0, 1, 1, 1, 1, 1, 0, 1, 1, 1, 1, 1, 0, 0, 1, 1, 1, 1, 0, 0, 0, 0, 0, 0)",8,11,11,14,8.09,7.302,9.128666666666666,8.253333333333334,0.0,-0.9142519069065382,0.4209520801405234,0.42594532296838833,1,1,1,1,3,3,6,-0.7880000000000003,1.038666666666666,0.163333333333334,-0.9142519069065382,0.4209520801405234,0.42594532296838833,0.3083509705428918,1.5086733891064383,-0.6413896143375831
370,5,1.4285714285714284,2.4423470353692043,1.6273333333333335,"(1, 0, 0, 0, 0, 0, 0, 0, 1, 1, 0, 0, 1, 0, 0, 0, 1, 1, 0, 0, 0, 0, 0, 1, 1)",6,9,11,14,6.741333333333333,7.745333333333333,5.114,6.172666666666666,0.0,2.3175159646725567,-1.7816650251125523,-1.0379432156533472,1,1,1,1,3,5,8,1.0039999999999996,-1.6273333333333335,-0.5686666666666671,2.3175159646725567,-1.7816650251125523,-1.0379432156533472,-3.2080618222281405,0.3769315498804888,1.1461361881859093
370,6,1.7142857142857142,2.4423470353692043,3.634666666666666,"(1, 0, 1, 0, 1, 0, 0, 1, 0, 0, 1, 0, 1, 1, 1, 1, 0, 1, 1, 1, 0, 0, 1, 1, 0)",7,12,10,15,7.720666666666666,8.411333333333333,4.086,7.1306666666666665,0.0,2.345141623361511,-6.666684742122344,-1.1024211773870938,1,1,1,1,5,3,8,0.690666666666667,-3.634666666666666,-0.5899999999999999,2.345141623361511,-6.666684742122344,-1.1024211773870938,-4.0408020055762455,7.405240357775016,1.251510343451766
370,7,2.0,2.4423470353692043,2.950666666666666,"(1, 1, 1, 0, 0, 1, 0, 1, 0, 0, 1, 1, 0, 0, 0, 1, 0, 1, 0, 1, 1, 0, 1, 1, 1)",8,9,9,10,9.432666666666666,7.175333333333334,9.071333333333333,6.482,0.0,-3.6276451888231622,0.7495834423440897,-3.574293474694985,1,1,1,1,1,1,2,-2.2573333333333325,-0.3613333333333326,-2.950666666666666,-3.6276451888231622,0.7495834423440897,-3.574293474694985,3.346777097786859,-2.7132442936176675,1.5231130857647253
380,0,0.0,2.4423470353692043,-1.567389778542827,"(0, 0, 0, 0, 0, 0, 1, 0, 0, 1, 0, 1, 1, 0, 1, 0, 0, 1, 0, 0, 0, 0, 1, 1, 0)",4,9,9,14,4.153333333333333,7.1866666666666665,5.179333333333333,6.740666666666667,0.0,5.553408689022497,1.567389778542827,3.791553812085716,1,1,1,1,5,5,10,3.033333333333333,1.0259999999999998,2.5873333333333335,5.553408689022497,1.567389778542827,3.791553812085716,-6.154898573874422,-1.322261720603264,-2.941124316211765
380,1,0.2857142857142857,2.4423470353692043,-1.9293456091845442,"(0, 0, 0, 0, 0, 1, 1, 0, 0, 1, 0, 0, 0, 0, 0, 0, 1, 1, 0, 1, 1, 0, 0, 0, 1)",5,8,10,13,5.192,6.295333333333334,8.168666666666667,9.024,0.0,1.9293456091845442,4.8120206778415335,4.983690537238708,1,1,1,1,3,5,8,1.1033333333333335,2.9766666666666666,3.831999999999999,1.9293456091845442,4.8120206778415335,4.983690537238708,-2.017408633103774,-4.4825714280459135,-2.812827969287727
380,2,0.5714285714285714,2.4423470353692043,-3.6660171744677394,"(1, 0, 0, 0, 0, 1, 0, 0, 0, 0, 0, 0, 0, 0, 0, 1, 0, 0, 1, 1, 0, 0, 0, 0, 1)",4,9,7,12,4.198,7.18,7.054,8.39,0.0,3.6660171744677394,4.164255969683058,6.545055859760956,1,1,1,1,5,3,8,2.9819999999999993,2.856,4.192,3.6660171744677394,4.164255969683058,6.545055859760956,-1.6706073182029049,-3.195215089059481,-5.746979003145305
380,3,0.8571428571428571,2.4423470353692043,-1.3337385788258405,"(0, 0, 1, 1, 0, 0, 0, 0, 1, 0, 1, 1, 1, 1, 0, 1, 0, 0, 1, 1, 1, 0, 0, 0, 1)",6,11,11,16,6.1866666666666665,7.3773333333333335,8.316666666666666,8.198666666666666,0.0,1.3337385788258405,1.2693148914706582,1.3886642499323651,1,1,1,1,5,5,10,1.190666666666667,2.13,2.0119999999999996,1.3337385788258405,1.2693148914706582,1.3886642499323651,-0.34943126050656054,2.1020917232030594,1.5224022212173263
380,4,1.1428571428571428,2.4423470353692043,0.5190258822052393,"(0, 0, 1, 1, 1, 1, 1, 0, 1, 1, 1, 1, 1, 0, 0, 1, 1, 1, 1, 0, 0, 0, 0, 0, 0)",8,11,11,14,8.557333333333334,7.769333333333333,9.188,8.504666666666667,0.0,-0.5190258822052393,0.9265721908405116,-0.48787238890963863,1,1,1,1,3,3,6,-0.7880000000000011,0.6306666666666665,-0.052666666666667084,-0.5190258822052393,0.9265721908405116,-0.48787238890963863,-0.6569281391870838,-0.7227039797153609,1.062923405495835
380,5,1.4285714285714284,2.4423470353692043,3.634666666666666,"(1, 0, 1, 0, 1, 0, 0, 1, 0, 0, 1, 0, 1, 1, 1, 1, 0, 1, 1, 1, 0, 0, 1, 1, 0)",7,12,10,15,7.720666666666666,8.411333333333333,4.086,7.1306666666666665,0.0,2.345141623361511,-6.666684742122344,-1.1024211773870938,1,1,1,1,5,3,8,0.690666666666667,-3.634666666666666,-0.5899999999999999,2.345141623361511,-6.666684742122344,-1.1024211773870938,-4.0408020055762455,7.405240357775016,1.251510343451766
380,6,1.7142857142857142,2.4423470353692043,1.995333333333333,"(1, 1, 1, 0, 0, 1, 0, 1, 0, 0, 1, 1, 0, 0, 0, 1, 0, 0, 0, 1, 1, 0, 0, 1, 1)",7,8,8,9,7.204,6.220666666666666,8.217333333333332,5.208666666666667,0.0,-3.0287274213720687,-0.5483340466296679,-4.3918827133794665,1,1,1,1,1,1,2,-0.9833333333333334,1.0133333333333328,-1.995333333333333,-3.0287274213720687,-0.5483340466296679,-4.3918827133794665,4.995562187083102,3.814133695685427,5.853205273471579
380,7,2.0,2.4423470353692043,3.527333333333333,"(1, 0, 0, 0, 0, 0, 0, 0, 1, 1, 0, 0, 1, 0, 0, 0, 1, 1, 1, 1, 0, 0, 0, 1, 1)",7,10,12,15,7.549333333333333,8.166666666666666,4.022,7.368,0.0,1.39376604151736,-5.745105794109697,-1.0751211649695234,1,1,1,1,3,5,8,0.6173333333333328,-3.527333333333333,-0.1813333333333329,1.39376604151736,-5.745105794109697,-1.0751211649695234,-1.8963181229969415,5.416569994700617,2.1829400608457195
390,0,0.0,2.4423470353692043,-1.1738462595770018,"(0, 0, 0, 0, 0, 0, 1, 0, 0, 1, 1, 0, 0, 0, 0, 1, 1, 1, 0, 0, 1, 0, 0, 0, 1)",5,8,10,13,5.13,6.110666666666667,8.287333333333333,7.982,0.0,1.1738462595770018,5.61669261442784,7.069889100472518,1,1,1,1,3,5,8,0.980666666666667,3.157333333333333,2.8520000000000003,1.1738462595770018,5.61669261442784,7.069889100472518,-0.471811606038386,-6.006608849088907,-10.301548940055135
390,1,0.2857142857142857,2.4423470353692043,-3.3321211975434872,"(1, 0, 0, 0, 0, 1, 0, 0, 0, 0, 1, 0, 0, 0, 1, 0, 0, 0, 0, 1, 0, 0, 0, 1, 0)",4,9,7,12,4.161333333333333,7.184,7.324666666666666,6.201333333333333,0.0,5.507329741621864,5.547981251166121,3.3321211975434872,1,1,1,1,5,3,8,3.022666666666667,3.163333333333333,2.04,5.507329741621864,5.547981251166121,3.3321211975434872,-6.068409495008156,-5.824137772518255,-3.155808376158042
390,2,0.5714285714285714,2.4423470353692043,1.075338262483779,"(0, 0, 1, 0, 0, 0, 0, 0, 1, 0, 0, 0, 1, 1, 0, 1, 1, 0, 1, 0, 1, 1, 0, 1, 0)",6,11,9,14,6.24,7.602,5.068666666666667,8.292,0.0,3.1804785838363414,-1.075338262483779,2.6785491308786873,1,1,1,1,5,3,8,1.362,-1.1713333333333331,2.0519999999999996,3.1804785838363414,-1.075338262483779,2.6785491308786873,-4.441355778115077,-0.23445327669946506,-1.5302504123147145
390,3,0.8571428571428571,2.4423470353692043,2.3553333333333333,"(0, 0, 1, 1, 1, 1, 1, 0, 1, 1, 0, 1, 1, 0, 0, 0, 0, 1, 1, 0, 0, 1, 0, 0, 0)",7,10,8,11,7.484666666666667,8.263333333333334,6.794666666666667,5.129333333333333,0.0,0.7816596000752729,-1.0694766295988913,-4.659021204670294,1,1,1,1,3,1,4,0.7786666666666671,-0.6899999999999995,-2.3553333333333333,0.7816596000752729,-1.0694766295988913,-4.659021204670294,-0.007309782037565937,0.9268136212927511,5.626405242975819
390,4,1.1428571428571428,2.4423470353692043,-1.1355828226895543,"(0, 0, 1, 1, 0, 0, 1, 0, 0, 1, 0, 1, 1, 0, 1, 0, 0, 1, 0, 0, 0, 0, 1, 1, 0)",5,10,10,15,5.221333333333333,8.412,6.112,7.58,0.0,5.537397747346187,1.1355828226895543,3.0889177071992777,1,1,1,1,5,5,10,3.190666666666668,0.8906666666666672,2.358666666666667,5.537397747346187,1.1355828226895543,3.0889177071992777,-5.731531697706393,-0.59817024757652,-1.783526463920098
390,5,1.4285714285714284,2.4423470353692043,1.8260000000000005,"(1, 1, 0, 0, 0, 1, 0, 0, 0, 0, 1, 1, 0, 0, 0, 1, 0, 0, 0, 1, 1, 0, 0, 1, 1)",6,7,9,10,6.908,5.082,9.3,6.314666666666667,0.0,-2.7932851671624768,3.9506862900346604,-0.518591687176728,1,1,1,1,1,3,4,-1.8260000000000005,2.3920000000000003,-0.5933333333333337,-2.7932851671624768,3.9506862900346604,-0.518591687176728,2.3624460603758792,-3.806852839536776,-0.18254503790920007
390,6,1.7142857142857142,2.4423470353692043,3.527333333333333,"(1, 0, 0, 0, 0, 0, 0, 0, 1, 1, 0, 0, 1, 0, 0, 0, 1, 1, 1, 1, 0, 0, 0, 1, 1)",7,10,12,15,7.549333333333333,8.166666666666666,4.022,7.368,0.0,1.39376604151736,-5.745105794109697,-1.0751211649695234,1,1,1,1,3,5,8,0.6173333333333328,-3.527333333333333,-0.1813333333333329,1.39376604151736,-5.745105794109697,-1.0751211649695234,-1.8963181229969415,5.416569994700617,2.1829400608457195
390,7,2.0,2.4423470353692043,3.634666666666666,"(1, 0, 1, 0, 1, 0, 0, 1, 0, 0, 1, 0, 1, 1, 1, 1, 0, 1, 1, 1, 0, 0, 1, 1, 0)",7,12,10,15,7.720666666666666,8.411333333333333,4.086,7.1306666666666665,0.0,2.345141623361511,-6.666684742122344,-1.1024211773870938,1,1,1,1,5,3,8,0.690666666666667,-3.634666666666666,-0.5899999999999999,2.345141623361511,-6.666684742122344,-1.1024211773870938,-4.0408020055762455,7.405240357775016,1.251510343451766
400,0,0.0,2.4423470353692043,-1.986713627326438,"(1, 0, 0, 0, 0, 1, 0, 0, 0, 0, 1, 1, 0, 0, 0, 0, 0, 0, 0, 1, 0, 0, 0, 1, 0)",4,7,7,10,4.14,5.144,7.266666666666667,8.094666666666667,0.0,1.986713627326438,5.216093426248728,6.041335352310701,1,1,1,1,3,3,6,1.0040000000000004,3.126666666666667,3.954666666666667,1.986713627326438,5.216093426248728,6.041335352310701,-2.400127714317642,-5.10310525188633,-5.09636907818046
400,1,0.2857142857142857,2.4423470353692043,-3.2996108447837957,"(0, 0, 1, 0, 0, 0, 0, 0, 1, 0, 0, 0, 0, 0, 0, 1, 0, 0, 1, 0, 1, 0, 0, 1, 0)",4,9,7,12,4.014,7.209333333333333,5.226,6.62,0.0,6.1461934516958845,3.2996108447837957,4.402249119685144,1,1,1,1,5,3,8,3.195333333333333,1.2119999999999997,2.606,6.1461934516958845,3.2996108447837957,4.402249119685144,-7.207024461871996,-5.098670157762304,-4.387063712247555
400,2,0.5714285714285714,2.4423470353692043,-0.008000000000000007,"(0, 0, 1, 0, 1, 1, 0, 0, 0, 0, 0, 1, 0, 0, 0, 0, 0, 0, 1, 0, 0, 1, 0, 0, 0)",7,10,12,15,5.182,8.372,6.059333333333333,5.19,0.0,4.502602445649538,0.7280907884328413,-0.764346073313433,1,1,1,1,3,5,8,3.1899999999999995,0.8773333333333326,0.008000000000000007,4.502602445649538,0.7280907884328413,-0.764346073313433,-3.205830691750518,0.3645020870886705,1.886337142436109
400,3,0.8571428571428571,2.4423470353692043,3.2733333333333334,"(0, 0, 0, 1, 0, 1, 1, 1, 0, 1, 1, 1, 1, 0, 1, 0, 0, 1, 0, 0, 0, 0, 1, 1, 0)",6,11,11,16,6.3293333333333335,9.026666666666667,3.056,6.366,0.0,4.677800139653356,-4.388571976287077,0.22496729914678634,1,1,1,1,5,5,10,2.697333333333334,-3.2733333333333334,0.03666666666666618,4.677800139653356,-4.388571976287077,0.22496729914678634,-4.836987233062822,2.7237997933472493,-0.4598954914959676
400,4,1.1428571428571428,2.4423470353692043,-1.824378961042232,"(0, 0, 0, 0, 0, 1, 1, 0, 0, 1, 0, 0, 0, 0, 0, 1, 1, 1, 0, 0, 1, 0, 0, 0, 1)",5,8,8,11,5.208666666666667,6.184,8.385333333333334,9.196666666666667,0.0,1.824378961042232,5.215713505598781,4.580974648295606,1,1,1,1,3,3,6,0.9753333333333334,3.1766666666666667,3.9880000000000004,1.824378961042232,5.215713505598781,4.580974648295606,-2.0736640717280137,-4.980060002044795,-1.4482498743138688
400,5,1.4285714285714284,2.4423470353692043,1.8260000000000005,"(1, 1, 0, 0, 0, 1, 0, 0, 0, 0, 1, 1, 0, 0, 0, 1, 0, 0, 0, 1, 1, 0, 0, 1, 1)",6,7,9,10,6.908,5.082,9.3,6.314666666666667,0.0,-2.7932851671624768,3.9506862900346604,-0.518591687176728,1,1,1,1,1,3,4,-1.8260000000000005,2.3920000000000003,-0.5933333333333337,-2.7932851671624768,3.9506862900346604,-0.518591687176728,2.3624460603758792,-3.806852839536776,-0.18254503790920007
400,6,1.7142857142857142,2.4423470353692043,3.634666666666666,"(1, 0, 1, 0, 1, 0, 0, 1, 0, 0, 1, 0, 1, 1, 1, 1, 0, 1, 1, 1, 0, 0, 1, 1, 0)",7,12,10,15,7.720666666666666,8.411333333333333,4.086,7.1306666666666665,0.0,2.345141623361511,-6.666684742122344,-1.1024211773870938,1,1,1,1,5,3,8,0.690666666666667,-3.634666666666666,-0.5899999999999999,2.345141623361511,-6.666684742122344,-1.1024211773870938,-4.0408020055762455,7.405240357775016,1.251510343451766
400,7,2.0,2.4423470353692043,3.527333333333333,"(1, 0, 0, 0, 0, 0, 0, 0, 1, 1, 0, 0, 1, 0, 0, 0, 1, 1, 1, 1, 0, 0, 0, 1, 1)",7,10,12,15,7.549333333333333,8.166666666666666,4.022,7.368,0.0,1.39376604151736,-5.745105794109697,-1.0751211649695234,1,1,1,1,3,5,8,0.6173333333333328,-3.527333333333333,-0.1813333333333329,1.39376604151736,-5.745105794109697,-1.0751211649695234,-1.8963181229969415,5.416569994700617,2.1829400608457195
410,0,0.0,2.4423470353692043,-2.1938246559257455,"(0, 1, 1, 0, 0, 0, 0, 0, 1, 0, 1, 0, 0, 0, 0, 1, 0, 0, 1, 0, 0, 1, 0, 1, 0)",5,10,8,13,5.264,6.168,6.263333333333334,7.288,0.0,3.7859092767150866,2.1938246559257455,4.592697914065379,1,1,1,1,5,3,8,0.9039999999999999,0.9993333333333334,2.024,3.7859092767150866,2.1938246559257455,4.592697914065379,-7.038622578188099,-2.9173623405078173,-6.273651735176638
410,1,0.2857142857142857,2.4423470353692043,-3.590847160156932,"(1, 0, 0, 0, 0, 1, 0, 0, 0, 0, 1, 0, 0, 0, 0, 0, 0, 1, 0, 1, 0, 0, 0, 1, 0)",5,10,8,13,5.083333333333333,8.24,8.134,7.117333333333334,0.0,4.224120609238883,3.7250134239665473,3.590847160156932,1,1,1,1,5,3,8,3.156666666666667,3.0506666666666673,2.0340000000000007,4.224120609238883,3.7250134239665473,3.590847160156932,-2.607092972034421,-1.6469888035021982,-3.8023610461322455
410,2,0.5714285714285714,2.4423470353692043,0.9353333333333333,"(0, 0, 0, 1, 0, 1, 0, 1, 0, 1, 1, 0, 1, 0, 1, 0, 0, 1, 0, 0, 0, 0, 0, 0, 0)",5,10,8,13,5.081333333333333,8.170666666666667,4.146,7.032666666666667,0.0,4.747271344214969,-1.897649372103308,3.2654722606671904,1,1,1,1,5,3,8,3.089333333333334,-0.9353333333333333,1.9513333333333334,4.747271344214969,-1.897649372103308,3.2654722606671904,-4.049259985702676,2.350309724378084,-3.209583313237112
410,3,0.8571428571428571,2.4423470353692043,0.7486666666666668,"(1, 0, 0, 1, 0, 1, 1, 0, 0, 1, 0, 0, 0, 0, 0, 1, 1, 1, 0, 0, 0, 0, 0, 1, 1)",7,10,10,13,7.199333333333334,6.473333333333334,6.450666666666667,7.51,0.0,0.15088277240725295,-1.1245651238411105,0.36179300750602444,1,1,1,1,3,3,6,-0.726,-0.7486666666666668,0.3106666666666662,0.15088277240725295,-1.1245651238411105,0.36179300750602444,-2.141652039555183,0.9180744824798603,-0.12486826697828207
410,4,1.1428571428571428,2.4423470353692043,1.8260000000000005,"(1, 1, 0, 0, 0, 1, 0, 0, 0, 0, 1, 1, 0, 0, 0, 1, 0, 0, 0, 1, 1, 0, 0, 1, 1)",6,7,9,10,6.908,5.082,9.3,6.314666666666667,0.0,-2.7932851671624768,3.9506862900346604,-0.518591687176728,1,1,1,1,1,3,4,-1.8260000000000005,2.3920000000000003,-0.5933333333333337,-2.7932851671624768,3.9506862900346604,-0.518591687176728,2.3624460603758792,-3.806852839536776,-0.18254503790920007
410,5,1.4285714285714284,2.4423470353692043,0.08466666666666711,"(0, 0, 0, 0, 1, 1, 0, 0, 0, 0, 0, 1, 0, 0, 0, 0, 0, 0, 1, 0, 0, 1, 1, 0, 0)",6,9,11,14,6.1353333333333335,7.3453333333333335,6.050666666666666,6.221333333333333,0.0,3.2826229642933376,-1.3518662212661368,0.6468420437228932,1,1,1,1,3,5,8,1.21,-0.08466666666666711,0.08599999999999941,3.2826229642933376,-1.3518662212661368,0.6468420437228932,-5.062064552279965,3.0949410753971907,-1.3697709027970153
410,6,1.7142857142857142,2.4423470353692043,3.0773333333333333,"(1, 0, 0, 0, 1, 0, 0, 0, 0, 0, 1, 0, 1, 1, 1, 1, 0, 1, 1, 1, 0, 0, 1, 1, 0)",6,11,11,16,6.195333333333333,7.7026666666666666,3.118,6.735333333333333,0.0,0.5700437980551718,-6.048933765309626,-0.3207073029332577,1,1,1,1,5,5,10,1.5073333333333334,-3.0773333333333333,0.54,0.5700437980551718,-6.048933765309626,-0.3207073029332577,2.289186317769197,7.257679505339146,2.1021459296396654
410,7,2.0,2.4423470353692043,3.527333333333333,"(1, 0, 0, 0, 0, 0, 0, 0, 1, 1, 0, 0, 1, 0, 0, 0, 1, 1, 1, 1, 0, 0, 0, 1, 1)",7,10,12,15,7.549333333333333,8.166666666666666,4.022,7.368,0.0,1.39376604151736,-5.745105794109697,-1.0751211649695234,1,1,1,1,3,5,8,0.6173333333333328,-3.527333333333333,-0.1813333333333329,1.39376604151736,-5.745105794109697,-1.0751211649695234,-1.8963181229969415,5.416569994700617,2.1829400608457195
420,0,0.0,2.4423470353692043,-2.3860102304200206,"(1, 0, 0, 0, 0, 1, 0, 0, 0, 0, 1, 1, 0, 0, 0, 0, 1, 1, 0, 1, 0, 0, 0, 1, 0)",5,8,8,11,5.069333333333334,6.370666666666667,8.338,7.190666666666667,0.0,2.3860102304200206,4.855548729449668,3.938854475507761,1,1,1,1,3,3,6,1.301333333333333,3.2686666666666655,2.1213333333333333,2.3860102304200206,4.855548729449668,3.938854475507761,-2.6491574039331387,-3.875716701518635,-4.439017373310563
420,1,0.2857142857142857,2.4423470353692043,-3.858039925826322,"(0, 1, 0, 0, 0, 0, 0, 0, 0, 0, 1, 0, 0, 0, 0, 1, 0, 0, 1, 0, 0, 1, 0, 1, 0)",3,8,8,13,3.1093333333333333,8.126666666666667,6.0713333333333335,8.844,0.0,7.684872083978483,3.858039925826322,7.8547508888830535,1,1,1,1,5,5,10,5.017333333333333,2.962,5.734666666666666,7.684872083978483,3.858039925826322,7.8547508888830535,-6.5150553593706535,-2.1884404564143587,-5.17798141486322
420,2,0.5714285714285714,2.4423470353692043,0.7066666666666661,"(1, 0, 0, 0, 0, 1, 1, 0, 0, 1, 0, 0, 0, 0, 0, 1, 1, 1, 0, 0, 0, 0, 0, 0, 1)",6,9,9,12,6.108,5.4013333333333335,7.422,8.321333333333333,0.0,-1.0311046439543143,2.6971109683474945,3.7274557710019156,1,1,1,1,3,3,6,-0.7066666666666661,1.314,2.213333333333334,-1.0311046439543143,2.6971109683474945,3.7274557710019156,0.7923901319896689,-3.3780369731301323,-3.6980124468258535
420,3,0.8571428571428571,2.4423470353692043,1.8260000000000005,"(1, 1, 0, 0, 0, 1, 0, 0, 0, 0, 1, 1, 0, 0, 0, 1, 0, 0, 0, 1, 1, 0, 0, 1, 1)",6,7,9,10,6.908,5.082,9.3,6.314666666666667,0.0,-2.7932851671624768,3.9506862900346604,-0.518591687176728,1,1,1,1,1,3,4,-1.8260000000000005,2.3920000000000003,-0.5933333333333337,-2.7932851671624768,3.9506862900346604,-0.518591687176728,2.3624460603758792,-3.806852839536776,-0.18254503790920007
420,4,1.1428571428571428,2.4423470353692043,0.08466666666666711,"(0, 0, 0, 0, 1, 1, 0, 0, 0, 0, 0, 1, 0, 0, 0, 0, 0, 0, 1, 0, 0, 1, 1, 0, 0)",6,9,11,14,6.1353333333333335,7.3453333333333335,6.050666666666666,6.221333333333333,0.0,3.2826229642933376,-1.3518662212661368,0.6468420437228932,1,1,1,1,3,5,8,1.21,-0.08466666666666711,0.08599999999999941,3.2826229642933376,-1.3518662212661368,0.6468420437228932,-5.062064552279965,3.0949410753971907,-1.3697709027970153
420,5,1.4285714285714284,2.4423470353692043,3.334666666666667,"(0, 0, 0, 1, 0, 1, 1, 1, 0, 1, 1, 1, 1, 0, 1, 0, 0, 1, 0, 0, 0, 1, 1, 0, 0)",7,12,10,15,7.667333333333334,8.106666666666667,4.332666666666666,5.228666666666666,0.0,1.6491812670384145,-6.375068506099263,-2.899065930983245,1,1,1,1,5,3,8,0.4393333333333338,-3.334666666666667,-2.438666666666667,1.6491812670384145,-6.375068506099263,-2.899065930983245,-2.9548685141321616,7.425716418869275,1.1244547782897563
420,6,1.7142857142857142,2.4423470353692043,3.2806666666666664,"(1, 0, 0, 0, 0, 0, 0, 0, 0, 0, 0, 0, 1, 0, 0, 0, 1, 1, 1, 1, 0, 0, 0, 1, 1)",6,9,11,14,6.331333333333333,9.284666666666666,3.050666666666667,6.528666666666667,0.0,4.49760920282167,-6.802207865396053,0.015251100376417727,1,1,1,1,3,5,8,2.953333333333333,-3.2806666666666664,0.1973333333333338,4.49760920282167,-6.802207865396053,0.015251100376417727,-3.7716575916370405,8.60082570664723,0.44470800185572884
420,7,2.0,2.4423470353692043,4.8146666666666675,"(1, 0, 0, 0, 1, 1, 1, 0, 0, 0, 1, 0, 1, 1, 1, 1, 0, 1, 1, 1, 0, 0, 1, 1, 0)",7,10,12,15,8.96,6.168,4.145333333333333,7.154,0.0,-2.59024471695545,-6.602749524174235,-2.0340951598126007,1,1,1,1,3,5,8,-2.7920000000000007,-4.8146666666666675,-1.806000000000001,-2.59024471695545,-6.602749524174235,-2.0340951598126007,-0.4927564174139334,4.367118866028102,0.5570875373503679
430,0,0.0,2.4423470353692043,-5.536583631667732,"(0, 1, 0, 0, 0, 0, 0, 0, 0, 0, 1, 0, 0, 0, 0, 1, 0, 0, 0, 0, 0, 1, 0, 0, 0)",2,7,7,12,2.1346666666666665,7.160666666666667,5.5553333333333335,8.024666666666667,0.0,8.94420048979341,5.536583631667732,11.554635275574578,1,1,1,1,5,5,10,5.026,3.420666666666667,5.890000000000001,8.94420048979341,5.536583631667732,11.554635275574578,-9.569605350229098,-5.167803526557755,-13.835005171747383
430,1,0.2857142857142857,2.4423470353692043,-0.9016059767011838,"(0, 1, 1, 1, 0, 1, 1, 0, 0, 1, 1, 0, 0, 0, 1, 0, 0, 0, 0, 1, 0, 0, 0, 0, 1)",5,10,8,13,5.53,8.059333333333333,6.058,7.2973333333333334,0.0,4.294568752614645,0.9016059767011838,1.807228257416085,1,1,1,1,5,3,8,2.5293333333333328,0.5279999999999996,1.7673333333333332,4.294568752614645,0.9016059767011838,1.807228257416085,-4.311317493010428,-0.9124754495923533,-0.0974372495597882
430,2,0.5714285714285714,2.4423470353692043,-1.0967223676379012,"(1, 1, 0, 0, 0, 0, 0, 0, 0, 1, 1, 1, 0, 0, 0, 1, 0, 0, 0, 1, 1, 0, 0, 1, 1)",6,7,11,12,6.374666666666666,7.158666666666667,9.325333333333333,8.244666666666667,0.0,1.0967223676379012,4.621626157839863,4.306997585305747,1,1,1,1,1,5,6,0.7840000000000007,2.9506666666666668,1.870000000000001,1.0967223676379012,4.621626157839863,4.306997585305747,-0.7637765474940647,-4.081062959488889,-5.951993827673398
430,3,0.8571428571428571,2.4423470353692043,-1.7955049916463117,"(0, 0, 1, 0, 1, 1, 0, 1, 0, 0, 0, 1, 0, 0, 0, 0, 1, 0, 1, 0, 0, 0, 1, 0, 0)",6,11,7,12,6.139333333333333,7.5906666666666665,7.092,8.239333333333333,0.0,2.029590386391808,1.7955049916463117,4.415709165568956,1,1,1,1,5,1,6,1.4513333333333334,0.9526666666666666,2.0999999999999996,2.029590386391808,1.7955049916463117,4.415709165568956,-1.4123043992186985,-2.0585036843095823,-5.655765415304636
430,4,1.1428571428571428,2.4423470353692043,-1.372273387606111,"(1, 0, 0, 0, 0, 1, 0, 0, 0, 0, 1, 1, 0, 0, 0, 0, 1, 1, 1, 0, 1, 1, 0, 1, 0)",5,6,8,9,5.391333333333334,6.294666666666667,8.258666666666667,7.554666666666667,0.0,1.372273387606111,3.087452298978057,3.1465028228554277,1,1,1,1,1,3,4,0.9033333333333333,2.867333333333333,2.163333333333333,1.372273387606111,3.087452298978057,3.1465028228554277,-1.1453143513189925,-0.5376069031709274,-2.401241087999742
430,5,1.4285714285714284,2.4423470353692043,3.098,"(1, 0, 0, 0, 0, 0, 0, 0, 0, 0, 1, 0, 1, 0, 1, 0, 1, 1, 1, 1, 0, 0, 0, 1, 1)",7,10,12,15,7.16,8.464666666666666,4.062,7.349333333333333,0.0,2.196809746746753,-4.482032456173872,0.2714261671973638,1,1,1,1,3,5,8,1.304666666666666,-3.098,0.1893333333333329,2.196809746746753,-4.482032456173872,0.2714261671973638,-2.178923006758751,3.3802875661910154,-0.20049918941287243
430,6,1.7142857142857142,2.4423470353692043,3.099333333333333,"(0, 0, 0, 1, 0, 1, 0, 0, 0, 1, 1, 0, 1, 0, 1, 0, 0, 0, 0, 0, 0, 1, 1, 0, 0)",6,11,9,14,6.204666666666666,7.747333333333334,3.1053333333333333,6.129333333333333,0.0,3.2137487778959266,-5.956558772994106,0.13801974468764255,1,1,1,1,5,3,8,1.5426666666666673,-3.099333333333333,-0.07533333333333303,3.2137487778959266,-5.956558772994106,0.13801974468764255,-4.0813624402192925,6.978336081936961,-0.5210822575914242
430,7,2.0,2.4423470353692043,4.8146666666666675,"(1, 0, 0, 0, 1, 1, 1, 0, 0, 0, 1, 0, 1, 1, 1, 1, 0, 1, 1, 1, 0, 0, 1, 1, 0)",7,10,12,15,8.96,6.168,4.145333333333333,7.154,0.0,-2.59024471695545,-6.602749524174235,-2.0340951598126007,1,1,1,1,3,5,8,-2.7920000000000007,-4.8146666666666675,-1.806000000000001,-2.59024471695545,-6.602749524174235,-2.0340951598126007,-0.4927564174139334,4.367118866028102,0.5570875373503679
440,0,0.0,2.4423470353692043,-5.536583631667732,"(0, 1, 0, 0, 0, 0, 0, 0, 0, 0, 1, 0, 0, 0, 0, 1, 0, 0, 0, 0, 0, 1, 0, 0, 0)",2,7,7,12,2.1346666666666665,7.160666666666667,5.5553333333333335,8.024666666666667,0.0,8.94420048979341,5.536583631667732,11.554635275574578,1,1,1,1,5,5,10,5.026,3.420666666666667,5.890000000000001,8.94420048979341,5.536583631667732,11.554635275574578,-9.569605350229098,-5.167803526557755,-13.835005171747383
440,1,0.2857142857142857,2.4423470353692043,-2.3054127782528373,"(1, 1, 1, 1, 0, 1, 0, 1, 0, 1, 1, 1, 1, 0, 0, 0, 0, 0, 0, 0, 0, 0, 0, 1, 1)",6,7,11,12,6.168666666666667,7.349333333333333,9.114,9.284,0.0,2.3054127782528373,3.478879117179893,2.9900840638346704,1,1,1,1,1,5,6,1.1806666666666663,2.945333333333334,3.115333333333334,2.3054127782528373,3.478879117179893,2.9900840638346704,-2.747020331175525,-1.3031039634113815,0.3059021820422194
440,2,0.5714285714285714,2.4423470353692043,-3.4507649890838668,"(1, 0, 0, 0, 0, 1, 1, 0, 0, 0, 1, 0, 0, 0, 0, 0, 0, 1, 1, 1, 0, 0, 0, 0, 1)",5,8,8,11,5.1786666666666665,8.003333333333334,8.117333333333333,7.168666666666667,0.0,3.623031866645242,4.139995322465056,3.4507649890838668,1,1,1,1,3,3,6,2.8246666666666673,2.9386666666666663,1.9900000000000002,3.623031866645242,4.139995322465056,3.4507649890838668,-1.9498848793096135,-2.934061480993269,-3.5676950404601095
440,3,0.8571428571428571,2.4423470353692043,-0.7893333333333334,"(1, 0, 0, 0, 0, 1, 0, 0, 0, 0, 1, 1, 0, 0, 0, 0, 1, 1, 0, 0, 1, 1, 0, 0, 0)",4,5,7,8,4.226,5.015333333333333,9.183333333333334,8.133333333333333,0.0,0.7265168314544921,6.62288531862139,6.180820505219565,1,1,1,1,1,3,4,0.7893333333333334,4.957333333333334,3.907333333333333,0.7265168314544921,6.62288531862139,6.180820505219565,0.15341969713605225,-4.067855953521577,-5.552644654206254
440,4,1.1428571428571428,2.4423470353692043,3.196,"(1, 0, 0, 0, 0, 0, 0, 0, 0, 0, 0, 0, 1, 0, 0, 0, 1, 1, 1, 1, 0, 0, 0, 1, 1)",6,9,11,14,6.208666666666667,9.455333333333334,3.0126666666666666,6.3406666666666665,0.0,4.566103468569136,-6.18755052816147,0.8084711430857701,1,1,1,1,3,5,8,3.246666666666667,-3.196,0.13199999999999967,4.566103468569136,-6.18755052816147,0.8084711430857701,-3.2225225614835202,7.306404563612343,-1.652177290828348
440,5,1.4285714285714284,2.4423470353692043,-1.496666666666667,"(0, 0, 1, 0, 1, 1, 0, 1, 0, 0, 0, 1, 0, 0, 0, 0, 1, 0, 1, 0, 0, 0, 1, 0, 0)",6,11,7,12,6.365333333333333,7.862,7.18,8.167333333333334,0.0,1.2618793016074221,1.7608236637440693,3.530222679301212,1,1,1,1,5,1,6,1.496666666666667,0.8146666666666667,1.8020000000000005,1.2618793016074221,1.7608236637440693,3.530222679301212,0.5734322249945939,-2.3108437368058232,-4.220919537249137
440,6,1.7142857142857142,2.4423470353692043,4.8146666666666675,"(1, 0, 0, 0, 1, 1, 1, 0, 0, 0, 1, 0, 1, 1, 1, 1, 0, 1, 1, 1, 0, 0, 1, 1, 0)",7,10,12,15,8.96,6.168,4.145333333333333,7.154,0.0,-2.59024471695545,-6.602749524174235,-2.0340951598126007,1,1,1,1,3,5,8,-2.7920000000000007,-4.8146666666666675,-1.806000000000001,-2.59024471695545,-6.602749524174235,-2.0340951598126007,-0.4927564174139334,4.367118866028102,0.5570875373503679
440,7,2.0,2.4423470353692043,3.099333333333333,"(0, 0, 0, 1, 0, 1, 0, 0, 0, 1, 1, 0, 1, 0, 1, 0, 0, 0, 0, 0, 0, 1, 1, 0, 0)",6,11,9,14,6.204666666666666,7.747333333333334,3.1053333333333333,6.129333333333333,0.0,3.2137487778959266,-5.956558772994106,0.13801974468764255,1,1,1,1,5,3,8,1.5426666666666673,-3.099333333333333,-0.07533333333333303,3.2137487778959266,-5.956558772994106,0.13801974468764255,-4.0813624402192925,6.978336081936961,-0.5210822575914242
450,0,0.0,2.4423470353692043,-0.7846666666666655,"(1, 1, 1, 1, 0, 1, 0, 1, 0, 1, 1, 1, 1, 0, 1, 0, 0, 0, 0, 1, 0, 0, 0, 1, 1)",7,10,10,13,7.488,8.272666666666666,8.549333333333333,9.040666666666667,0.0,0.7474124672015406,1.3381890778680685,2.5904618144697062,1,1,1,1,3,3,6,0.7846666666666655,1.0613333333333328,1.5526666666666662,0.7474124672015406,1.3381890778680685,2.5904618144697062,0.09098768361870073,-0.6761778068893456,-2.5346559025573
450,1,0.2857142857142857,2.4423470353692043,-5.208223641356982,"(0, 1, 0, 0, 0, 0, 0, 0, 0, 0, 1, 1, 1, 0, 0, 1, 0, 0, 0, 0, 0, 1, 0, 0, 0)",3,8,8,13,3.1553333333333335,6.257333333333333,6.57,8.294666666666666,0.0,5.208223641356982,6.309233684901421,9.769279592719691,1,1,1,1,5,5,10,3.102,3.4146666666666667,5.139333333333333,5.208223641356982,6.309233684901421,9.769279592719691,-5.144129066292756,-7.069537175663129,-11.307935520531009
450,2,0.5714285714285714,2.4423470353692043,-5.5898267970387785,"(0, 0, 0, 0, 0, 0, 0, 0, 0, 0, 1, 1, 0, 0, 0, 0, 1, 1, 0, 0, 0, 0, 0, 0, 0)",2,5,7,10,2.124,5.065333333333333,7.457333333333334,8.053333333333333,0.0,5.5898267970387785,8.482162705080118,11.386221878891233,1,1,1,1,3,5,8,2.941333333333333,5.333333333333334,5.929333333333332,5.5898267970387785,8.482162705080118,11.386221878891233,-6.46854015927571,-7.690534080969231,-13.327615561583507
450,3,0.8571428571428571,2.4423470353692043,-2.347855342289699,"(1, 0, 0, 0, 0, 1, 1, 1, 1, 0, 1, 0, 0, 0, 0, 0, 0, 0, 0, 1, 0, 0, 0, 0, 1)",5,8,8,11,5.12,8.156,6.475333333333333,7.185333333333333,0.0,4.464718929412033,2.347855342289699,3.04810337451933,1,1,1,1,3,3,6,3.0360000000000005,1.3553333333333333,2.0653333333333332,4.464718929412033,2.347855342289699,3.04810337451933,-3.4894274416253412,-2.424083186113266,-2.40026549654029
450,4,1.1428571428571428,2.4423470353692043,2.1493333333333338,"(1, 1, 1, 0, 1, 0, 0, 1, 0, 0, 1, 1, 0, 0, 0, 1, 0, 0, 1, 0, 0, 0, 1, 0, 0)",7,12,12,17,7.230666666666667,8.232666666666667,6.14,5.081333333333333,0.0,0.5025807455004172,-1.279247102747825,-2.5598510649597457,1,1,1,1,5,5,10,1.0019999999999998,-1.0906666666666673,-2.1493333333333338,0.5025807455004172,-1.279247102747825,-2.5598510649597457,1.2197551356333536,0.460578868991447,1.0026267648042577
450,5,1.4285714285714284,2.4423470353692043,3.196,"(1, 0, 0, 0, 0, 0, 0, 0, 0, 0, 0, 0, 1, 0, 0, 0, 1, 1, 1, 1, 0, 0, 0, 1, 1)",6,9,11,14,6.208666666666667,9.455333333333334,3.0126666666666666,6.3406666666666665,0.0,4.566103468569136,-6.18755052816147,0.8084711430857701,1,1,1,1,3,5,8,3.246666666666667,-3.196,0.13199999999999967,4.566103468569136,-6.18755052816147,0.8084711430857701,-3.2225225614835202,7.306404563612343,-1.652177290828348
450,6,1.7142857142857142,2.4423470353692043,3.099333333333333,"(0, 0, 0, 1, 0, 1, 0, 0, 0, 1, 1, 0, 1, 0, 1, 0, 0, 0, 0, 0, 0, 1, 1, 0, 0)",6,11,9,14,6.204666666666666,7.747333333333334,3.1053333333333333,6.129333333333333,0.0,3.2137487778959266,-5.956558772994106,0.13801974468764255,1,1,1,1,5,3,8,1.5426666666666673,-3.099333333333333,-0.07533333333333303,3.2137487778959266,-5.956558772994106,0.13801974468764255,-4.0813624402192925,6.978336081936961,-0.5210822575914242
450,7,2.0,2.4423470353692043,4.8146666666666675,"(1, 0, 0, 0, 1, 1, 1, 0, 0, 0, 1, 0, 1, 1, 1, 1, 0, 1, 1, 1, 0, 0, 1, 1, 0)",7,10,12,15,8.96,6.168,4.145333333333333,7.154,0.0,-2.59024471695545,-6.602749524174235,-2.0340951598126007,1,1,1,1,3,5,8,-2.7920000000000007,-4.8146666666666675,-1.806000000000001,-2.59024471695545,-6.602749524174235,-2.0340951598126007,-0.4927564174139334,4.367118866028102,0.5570875373503679
460,0,0.0,2.4423470353692043,-2.880721191028695,"(0, 1, 0, 0, 0, 1, 1, 0, 0, 0, 1, 1, 1, 0, 0, 1, 0, 0, 0, 0, 0, 1, 0, 0, 0)",4,7,9,12,4.152,5.367333333333334,7.907333333333334,8.381333333333334,0.0,2.880721191028695,4.843119896758569,5.837535060803781,1,1,1,1,3,5,8,1.2153333333333336,3.7553333333333336,4.229333333333334,2.880721191028695,4.843119896758569,5.837535060803781,-4.067455096982136,-2.6567522882960795,-3.927786721363079
460,1,0.2857142857142857,2.4423470353692043,-5.185374127981639,"(0, 0, 0, 0, 0, 0, 0, 0, 0, 0, 0, 0, 0, 0, 0, 0, 1, 1, 0, 0, 1, 1, 0, 0, 0)",2,5,7,10,2.0433333333333334,5.036,7.244,8.162,0.0,5.185374127981639,8.81372488372613,10.83929896610422,1,1,1,1,3,5,8,2.992666666666666,5.200666666666667,6.118666666666668,5.185374127981639,8.81372488372613,10.83929896610422,-5.355352567574558,-8.824342025051521,-11.529422301599416
460,2,0.5714285714285714,2.4423470353692043,0.06733333333333391,"(1, 0, 0, 0, 0, 0, 0, 1, 1, 0, 0, 0, 1, 1, 1, 0, 0, 0, 0, 1, 0, 0, 0, 0, 1)",5,10,10,15,5.142666666666667,8.364,6.066666666666666,5.075333333333333,0.0,4.28859857097263,1.4280674487696552,-0.43148130958189196,1,1,1,1,5,5,10,3.221333333333334,0.9239999999999995,-0.06733333333333391,4.28859857097263,1.4280674487696552,-0.43148130958189196,-2.606632089100945,-1.2311076391286868,0.8893757302263612
460,3,0.8571428571428571,2.4423470353692043,2.0426666666666664,"(0, 0, 1, 0, 1, 0, 0, 1, 0, 0, 1, 1, 0, 0, 0, 1, 0, 0, 1, 0, 0, 0, 1, 0, 0)",7,12,12,17,7.146,8.443333333333333,6.169333333333333,5.1033333333333335,0.0,1.3204413560777186,-1.5224505930920353,-3.0919570723988494,1,1,1,1,5,5,10,1.2973333333333334,-0.9766666666666666,-2.0426666666666664,1.3204413560777186,-1.5224505930920353,-3.0919570723988494,-0.05643781084299326,1.3329937546571633,2.562731311681347
460,4,1.1428571428571428,2.4423470353692043,-0.7846666666666655,"(1, 1, 1, 1, 0, 1, 0, 1, 0, 1, 1, 1, 1, 0, 1, 0, 0, 0, 0, 1, 0, 0, 0, 1, 1)",7,10,10,13,7.488,8.272666666666666,8.549333333333333,9.040666666666667,0.0,0.7474124672015406,1.3381890778680685,2.5904618144697062,1,1,1,1,3,3,6,0.7846666666666655,1.0613333333333328,1.5526666666666662,0.7474124672015406,1.3381890778680685,2.5904618144697062,0.09098768361870073,-0.6761778068893456,-2.5346559025573
460,5,1.4285714285714284,2.4423470353692043,3.099333333333333,"(0, 0, 0, 1, 0, 1, 0, 0, 0, 1, 1, 0, 1, 0, 1, 0, 0, 0, 0, 0, 0, 1, 1, 0, 0)",6,11,9,14,6.204666666666666,7.747333333333334,3.1053333333333333,6.129333333333333,0.0,3.2137487778959266,-5.956558772994106,0.13801974468764255,1,1,1,1,5,3,8,1.5426666666666673,-3.099333333333333,-0.07533333333333303,3.2137487778959266,-5.956558772994106,0.13801974468764255,-4.0813624402192925,6.978336081936961,-0.5210822575914242
460,6,1.7142857142857142,2.4423470353692043,3.386000000000001,"(1, 0, 0, 0, 1, 0, 1, 0, 0, 1, 1, 0, 1, 1, 1, 1, 0, 1, 1, 1, 0, 0, 1, 1, 0)",8,11,13,16,8.477333333333334,7.988666666666667,5.091333333333333,7.748666666666667,0.0,-0.6239925303475506,-4.377554277438634,-1.915885563300732,1,1,1,1,3,5,8,-0.488666666666667,-3.386000000000001,-0.7286666666666672,-0.6239925303475506,-4.377554277438634,-1.915885563300732,0.33051272196978315,2.4217196499098983,2.8996005525285056
460,7,2.0,2.4423470353692043,3.196,"(1, 0, 0, 0, 0, 0, 0, 0, 0, 0, 0, 0, 1, 0, 0, 0, 1, 1, 1, 1, 0, 0, 0, 1, 1)",6,9,11,14,6.208666666666667,9.455333333333334,3.0126666666666666,6.3406666666666665,0.0,4.566103468569136,-6.18755052816147,0.8084711430857701,1,1,1,1,3,5,8,3.246666666666667,-3.196,0.13199999999999967,4.566103468569136,-6.18755052816147,0.8084711430857701,-3.2225225614835202,7.306404563612343,-1.652177290828348
470,0,0.0,2.4423470353692043,-2.2155886817298147,"(0, 1, 0, 0, 0, 0, 1, 0, 0, 0, 0, 0, 0, 0, 0, 0, 1, 1, 0, 0, 1, 1, 0, 0, 0)",3,6,6,9,3.0593333333333335,4.110666666666667,6.176,9.182666666666666,0.0,2.2155886817298147,6.9389792993767285,9.448789387300687,1,1,1,1,3,3,6,1.0513333333333335,3.1166666666666667,6.123333333333333,2.2155886817298147,6.9389792993767285,9.448789387300687,-2.843515598568886,-9.335413926753677,-8.12191773465774
470,1,0.2857142857142857,2.4423470353692043,-0.3906127025233814,"(1, 0, 0, 0, 0, 0, 0, 1, 1, 0, 1, 0, 1, 1, 1, 1, 0, 0, 0, 1, 0, 0, 0, 0, 1)",6,11,11,16,6.728666666666666,7.669333333333333,7.074,8.232,0.0,2.900748436718723,0.3906127025233814,2.469158578379701,1,1,1,1,5,5,10,0.940666666666667,0.3453333333333335,1.503333333333333,2.900748436718723,0.3906127025233814,2.469158578379701,-4.787199900167861,-0.11058793310470126,-2.3588804239237326
470,2,0.5714285714285714,2.4423470353692043,2.0426666666666664,"(0, 0, 1, 0, 1, 0, 0, 1, 0, 0, 1, 1, 0, 0, 0, 1, 0, 0, 1, 0, 0, 0, 1, 0, 0)",7,12,12,17,7.146,8.443333333333333,6.169333333333333,5.1033333333333335,0.0,1.3204413560777186,-1.5224505930920353,-3.0919570723988494,1,1,1,1,5,5,10,1.2973333333333334,-0.9766666666666666,-2.0426666666666664,1.3204413560777186,-1.5224505930920353,-3.0919570723988494,-0.05643781084299326,1.3329937546571633,2.562731311681347
470,3,0.8571428571428571,2.4423470353692043,1.1066666666666674,"(1, 0, 0, 1, 0, 1, 0, 1, 0, 1, 1, 1, 1, 0, 1, 1, 1, 0, 0, 1, 0, 1, 1, 0, 0)",8,9,9,10,8.422,7.315333333333333,7.773333333333333,8.214666666666666,0.0,-1.1492599660876202,-2.355779401560009,-1.0676855751062888,1,1,1,1,1,1,2,-1.1066666666666674,-0.6486666666666672,-0.20733333333333448,-1.1492599660876202,-2.355779401560009,-1.0676855751062888,0.10402761856735691,4.169361727107767,2.1012787470674237
470,4,1.1428571428571428,2.4423470353692043,0.9706666666666668,"(0, 1, 0, 0, 0, 0, 0, 0, 0, 0, 1, 1, 1, 0, 0, 1, 1, 1, 0, 0, 0, 1, 0, 0, 0)",4,9,9,14,4.102,7.446,3.1313333333333335,8.132,0.0,4.118122747903861,-1.804840184759277,5.7872769862537385,1,1,1,1,5,5,10,3.3439999999999994,-0.9706666666666668,4.029999999999999,4.118122747903861,-1.804840184759277,5.7872769862537385,-1.8906763983548585,2.037341218896986,-4.29188023769935
470,5,1.4285714285714284,2.4423470353692043,3.386000000000001,"(1, 0, 0, 0, 1, 0, 1, 0, 0, 1, 1, 0, 1, 1, 1, 1, 0, 1, 1, 1, 0, 0, 1, 1, 0)",8,11,13,16,8.477333333333334,7.988666666666667,5.091333333333333,7.748666666666667,0.0,-0.6239925303475506,-4.377554277438634,-1.915885563300732,1,1,1,1,3,5,8,-0.488666666666667,-3.386000000000001,-0.7286666666666672,-0.6239925303475506,-4.377554277438634,-1.915885563300732,0.33051272196978315,2.4217196499098983,2.8996005525285056
470,6,1.7142857142857142,2.4423470353692043,3.099333333333333,"(0, 0, 0, 1, 0, 1, 0, 0, 0, 1, 1, 0, 1, 0, 1, 0, 0, 0, 0, 0, 0, 1, 1, 0, 0)",6,11,9,14,6.204666666666666,7.747333333333334,3.1053333333333333,6.129333333333333,0.0,3.2137487778959266,-5.956558772994106,0.13801974468764255,1,1,1,1,5,3,8,1.5426666666666673,-3.099333333333333,-0.07533333333333303,3.2137487778959266,-5.956558772994106,0.13801974468764255,-4.0813624402192925,6.978336081936961,-0.5210822575914242
470,7,2.0,2.4423470353692043,3.6226666666666665,"(1, 0, 0, 0, 0, 0, 0, 0, 1, 0, 0, 0, 1, 1, 0, 0, 1, 1, 1, 1, 0, 0, 0, 1, 1)",7,10,12,15,7.751333333333333,8.362,4.128666666666667,7.509333333333333,0.0,2.3611525650378202,-5.95574465731565,0.26382775419843857,1,1,1,1,3,5,8,0.6106666666666669,-3.6226666666666665,-0.242,2.3611525650378202,-5.95574465731565,0.26382775419843857,-4.275294044342385,5.698186113746685,-1.235406915874019
480,0,0.0,2.4423470353692043,1.1086666666666671,"(1, 0, 0, 0, 0, 0, 0, 1, 1, 0, 1, 0, 1, 1, 1, 1, 0, 0, 0, 1, 1, 0, 0, 0, 0)",5,10,10,15,5.167333333333334,8.502,4.058666666666666,7.392666666666667,0.0,4.201108272727851,-2.521804725586549,2.382536670191941,1,1,1,1,5,5,10,3.334666666666667,-1.1086666666666671,2.2253333333333334,4.201108272727851,-2.521804725586549,2.382536670191941,-2.1161510878840635,3.4513735487703654,-0.38394510372676677
480,1,0.2857142857142857,2.4423470353692043,1.2759999999999998,"(0, 0, 1, 0, 1, 0, 0, 1, 0, 0, 1, 1, 0, 0, 0, 0, 1, 0, 0, 0, 0, 0, 0, 0, 0)",5,10,6,11,5.333333333333333,8.078,4.057333333333333,5.581333333333333,0.0,4.450770414121147,-2.201694440817491,1.4129791715289308,1,1,1,1,5,1,6,2.7446666666666664,-1.2759999999999998,0.24800000000000022,4.450770414121147,-2.201694440817491,1.4129791715289308,-4.166897429627739,2.2608670731883533,-2.8452834258505555
480,2,0.5714285714285714,2.4423470353692043,-1.3296680004335584,"(0, 1, 1, 0, 0, 0, 1, 1, 0, 0, 0, 0, 0, 0, 0, 0, 1, 1, 0, 0, 1, 1, 0, 0, 0)",4,7,5,8,4.237333333333333,5.315333333333333,5.561333333333334,8.074,0.0,1.3296680004335584,1.9356414370979405,5.876015595205487,1,1,1,1,3,1,4,1.0780000000000003,1.3240000000000007,3.836666666666667,1.3296680004335584,1.9356414370979405,5.876015595205487,-0.6146605947561962,-1.4938406506051127,-4.980797809700151
480,3,0.8571428571428571,2.4423470353692043,0.9140000000000006,"(1, 0, 0, 1, 0, 1, 0, 0, 0, 1, 1, 1, 0, 1, 1, 1, 1, 0, 1, 1, 1, 1, 0, 0, 0)",8,11,9,12,6.312666666666667,7.537333333333334,5.398666666666666,8.126,0.0,1.5252185863987868,-2.5227816644006973,2.837410236934813,1,1,1,1,3,1,4,1.2246666666666668,-0.9140000000000006,1.8133333333333326,1.5252185863987868,-2.5227816644006973,2.837410236934813,-0.7340520901322664,3.929203128605376,-2.50115118950115
480,4,1.1428571428571428,2.4423470353692043,3.386000000000001,"(1, 0, 0, 0, 1, 0, 1, 0, 0, 1, 1, 0, 1, 1, 1, 1, 0, 1, 1, 1, 0, 0, 1, 1, 0)",8,11,13,16,8.477333333333334,7.988666666666667,5.091333333333333,7.748666666666667,0.0,-0.6239925303475506,-4.377554277438634,-1.915885563300732,1,1,1,1,3,5,8,-0.488666666666667,-3.386000000000001,-0.7286666666666672,-0.6239925303475506,-4.377554277438634,-1.915885563300732,0.33051272196978315,2.4217196499098983,2.8996005525285056
480,5,1.4285714285714284,2.4423470353692043,1.6173333333333328,"(1, 0, 0, 0, 0, 0, 0, 0, 1, 0, 1, 1, 1, 1, 0, 1, 1, 1, 0, 0, 1, 0, 0, 0, 0)",5,10,10,15,5.654,8.334666666666667,4.036666666666667,7.042,0.0,4.291746484929329,-2.910572099238762,2.282834636770313,1,1,1,1,5,5,10,2.680666666666667,-1.6173333333333328,1.388,4.291746484929329,-2.910572099238762,2.282834636770313,-3.9348160178769693,3.1585378659336527,-2.1854967222616533
480,6,1.7142857142857142,2.4423470353692043,3.148,"(0, 0, 0, 1, 0, 1, 0, 0, 0, 1, 1, 0, 1, 0, 1, 0, 0, 0, 0, 0, 0, 0, 0, 0, 0)",5,10,8,13,5.185333333333333,8.072666666666667,2.037333333333333,7.13,0.0,5.96122636955059,-5.047300108915435,0.8245906335192079,1,1,1,1,5,3,8,2.8873333333333333,-3.148,1.9446666666666665,5.96122636955059,-5.047300108915435,0.8245906335192079,-7.507513544047259,4.638749990286018,2.7356143789457943
480,7,2.0,2.4423470353692043,3.6226666666666665,"(1, 0, 0, 0, 0, 0, 0, 0, 1, 0, 0, 0, 1, 1, 0, 0, 1, 1, 1, 1, 0, 0, 0, 1, 1)",7,10,12,15,7.751333333333333,8.362,4.128666666666667,7.509333333333333,0.0,2.3611525650378202,-5.95574465731565,0.26382775419843857,1,1,1,1,3,5,8,0.6106666666666669,-3.6226666666666665,-0.242,2.3611525650378202,-5.95574465731565,0.26382775419843857,-4.275294044342385,5.698186113746685,-1.235406915874019
490,0,0.0,2.4423470353692043,1.2759999999999998,"(0, 0, 1, 0, 1, 0, 0, 1, 0, 0, 1, 1, 0, 0, 0, 0, 1, 0, 0, 0, 0, 0, 0, 0, 0)",5,10,6,11,5.333333333333333,8.078,4.057333333333333,5.581333333333333,0.0,4.450770414121147,-2.201694440817491,1.4129791715289308,1,1,1,1,5,1,6,2.7446666666666664,-1.2759999999999998,0.24800000000000022,4.450770414121147,-2.201694440817491,1.4129791715289308,-4.166897429627739,2.2608670731883533,-2.8452834258505555
490,1,0.2857142857142857,2.4423470353692043,-1.1273333333333335,"(1, 1, 0, 0, 0, 0, 1, 1, 1, 0, 1, 1, 0, 0, 1, 1, 0, 0, 0, 1, 0, 0, 0, 0, 0)",5,8,10,13,5.205333333333333,8.129333333333333,6.332666666666666,7.316666666666666,0.0,4.623851407360977,-0.4469495074725644,2.378520366178222,1,1,1,1,3,5,8,2.9240000000000004,1.1273333333333335,2.1113333333333335,4.623851407360977,-0.4469495074725644,2.378520366178222,-4.151627045336251,3.844945029074894,-0.6525634575578074
490,2,0.5714285714285714,2.4423470353692043,-0.9226666666666672,"(1, 0, 1, 0, 0, 1, 0, 0, 0, 1, 0, 0, 0, 0, 1, 1, 1, 0, 0, 1, 1, 1, 0, 0, 0)",6,9,11,14,6.108666666666666,7.031333333333333,7.163333333333333,8.251333333333333,0.0,0.44293320345884574,1.1410645349244923,1.9626158032441283,1,1,1,1,3,5,8,0.9226666666666672,1.0546666666666669,2.142666666666667,0.44293320345884574,1.1410645349244923,1.9626158032441283,1.1716756016330239,-0.2110135774017191,0.4397466924957027
490,3,0.8571428571428571,2.4423470353692043,-1.1895858293604933,"(0, 0, 0, 0, 0, 0, 1, 0, 0, 1, 1, 0, 1, 1, 1, 1, 0, 1, 0, 1, 0, 0, 1, 0, 0)",6,9,11,14,6.1866666666666665,9.273333333333333,7.206,9.119333333333334,0.0,4.726429982846484,1.1895858293604933,4.608383209470307,1,1,1,1,3,5,8,3.086666666666667,1.0193333333333339,2.932666666666667,4.726429982846484,1.1895858293604933,4.608383209470307,-4.004871073978951,-0.41581567893614,-4.092681330435602
490,4,1.1428571428571428,2.4423470353692043,2.0886666666666667,"(1, 0, 0, 0, 0, 0, 0, 0, 1, 0, 1, 1, 1, 1, 0, 1, 1, 1, 1, 0, 1, 0, 0, 1, 0)",6,11,11,16,7.141333333333334,9.153333333333334,5.052666666666667,8.150666666666666,0.0,3.5969801649346373,-4.41256125161226,1.0692595320846385,1,1,1,1,5,5,10,2.0120000000000005,-2.0886666666666667,1.0093333333333323,3.5969801649346373,-4.41256125161226,1.0692595320846385,-3.871071606947103,5.675757050052417,-0.14636057386119847
490,5,1.4285714285714284,2.4423470353692043,3.148,"(0, 0, 0, 1, 0, 1, 0, 0, 0, 1, 1, 0, 1, 0, 1, 0, 0, 0, 0, 0, 0, 0, 0, 0, 0)",5,10,8,13,5.185333333333333,8.072666666666667,2.037333333333333,7.13,0.0,5.96122636955059,-5.047300108915435,0.8245906335192079,1,1,1,1,5,3,8,2.8873333333333333,-3.148,1.9446666666666665,5.96122636955059,-5.047300108915435,0.8245906335192079,-7.507513544047259,4.638749990286018,2.7356143789457943
490,6,1.7142857142857142,2.4423470353692043,3.6226666666666665,"(1, 0, 0, 0, 0, 0, 0, 0, 1, 0, 0, 0, 1, 1, 0, 0, 1, 1, 1, 1, 0, 0, 0, 1, 1)",7,10,12,15,7.751333333333333,8.362,4.128666666666667,7.509333333333333,0.0,2.3611525650378202,-5.95574465731565,0.26382775419843857,1,1,1,1,3,5,8,0.6106666666666669,-3.6226666666666665,-0.242,2.3611525650378202,-5.95574465731565,0.26382775419843857,-4.275294044342385,5.698186113746685,-1.235406915874019
490,7,2.0,2.4423470353692043,1.3646666666666665,"(0, 1, 1, 0, 1, 0, 1, 1, 0, 1, 0, 0, 0, 0, 0, 0, 1, 1, 0, 0, 1, 1, 0, 0, 0)",5,8,4,7,5.419333333333333,6.348,4.054666666666667,7.152666666666667,0.0,0.860411723371288,-2.31800443407963,2.9945345628768987,1,1,1,1,3,-1,2,0.9286666666666665,-1.3646666666666665,1.7333333333333334,0.860411723371288,-2.31800443407963,2.9945345628768987,0.16670225840676087,2.328381669946548,-3.080291083979722
499,0,0.0,2.4423470353692043,1.2759999999999998,"(0, 0, 1, 0, 1, 0, 0, 1, 0, 0, 1, 1, 0, 0, 0, 0, 1, 0, 0, 0, 0, 0, 0, 0, 0)",5,10,6,11,5.333333333333333,8.078,4.057333333333333,5.581333333333333,0.0,4.450770414121147,-2.201694440817491,1.4129791715289308,1,1,1,1,5,1,6,2.7446666666666664,-1.2759999999999998,0.24800000000000022,4.450770414121147,-2.201694440817491,1.4129791715289308,-4.166897429627739,2.2608670731883533,-2.8452834258505555
499,1,0.2857142857142857,2.4423470353692043,0.7999999999999998,"(0, 0, 0, 1, 0, 0, 1, 1, 0, 0, 1, 1, 0, 0, 1, 1, 0, 0, 0, 1, 0, 0, 0, 1, 1)",6,11,9,14,6.124,7.184666666666667,5.418666666666667,5.324,0.0,1.0246459929052272,-1.7605522918512504,-4.152912624563231,1,1,1,1,5,3,8,1.060666666666667,-0.7053333333333329,-0.7999999999999998,1.0246459929052272,-1.7605522918512504,-4.152912624563231,0.08797498577325406,2.577210895001615,8.188976208453985
499,2,0.5714285714285714,2.4423470353692043,-4.005503412384059,"(1, 0, 1, 0, 0, 0, 0, 0, 0, 0, 0, 0, 0, 0, 1, 1, 1, 0, 0, 1, 0, 0, 0, 0, 0)",4,5,9,10,4.114,5.454666666666666,7.519333333333333,8.203333333333333,0.0,4.005503412384059,5.6990268467090655,7.104407605239069,1,1,1,1,1,5,6,1.3406666666666665,3.405333333333333,4.089333333333333,4.005503412384059,5.6990268467090655,7.104407605239069,-6.508456125645793,-5.601995552438794,-7.363857709406935
499,3,0.8571428571428571,2.4423470353692043,1.9299999999999997,"(0, 0, 0, 0, 0, 1, 1, 1, 1, 0, 1, 0, 1, 1, 1, 1, 0, 0, 0, 1, 0, 0, 0, 0, 0)",5,8,10,13,6.114,9.222,4.184,6.771333333333334,0.0,5.190638742702325,-3.616301843703335,0.7814425025610188,1,1,1,1,3,5,8,3.1079999999999997,-1.9299999999999997,0.6573333333333338,5.190638742702325,-3.616301843703335,0.7814425025610188,-5.086526558984072,4.118534308706464,-0.30311766152537134
499,4,1.1428571428571428,2.4423470353692043,3.582666666666667,"(0, 0, 0, 1, 0, 0, 0, 0, 1, 0, 1, 1, 1, 1, 0, 1, 1, 1, 1, 0, 0, 0, 0, 0, 0)",5,10,8,13,5.641333333333334,8.243333333333334,2.058666666666667,7.234666666666667,0.0,5.067327354605463,-6.499085461117452,1.8631851417153202,1,1,1,1,5,3,8,2.6020000000000003,-3.582666666666667,1.5933333333333328,5.067327354605463,-6.499085461117452,1.8631851417153202,-6.021184955735254,7.122906796521903,-0.6590717641907655
499,5,1.4285714285714284,2.4423470353692043,3.148,"(0, 0, 0, 1, 0, 1, 0, 0, 0, 1, 1, 0, 1, 0, 1, 0, 0, 0, 0, 0, 0, 0, 0, 0, 0)",5,10,8,13,5.185333333333333,8.072666666666667,2.037333333333333,7.13,0.0,5.96122636955059,-5.047300108915435,0.8245906335192079,1,1,1,1,5,3,8,2.8873333333333333,-3.148,1.9446666666666665,5.96122636955059,-5.047300108915435,0.8245906335192079,-7.507513544047259,4.638749990286018,2.7356143789457943
499,6,1.7142857142857142,2.4423470353692043,3.6226666666666665,"(1, 0, 0, 0, 0, 0, 0, 0, 1, 0, 0, 0, 1, 1, 0, 0, 1, 1, 1, 1, 0, 0, 0, 1, 1)",7,10,12,15,7.751333333333333,8.362,4.128666666666667,7.509333333333333,0.0,2.3611525650378202,-5.95574465731565,0.26382775419843857,1,1,1,1,3,5,8,0.6106666666666669,-3.6226666666666665,-0.242,2.3611525650378202,-5.95574465731565,0.26382775419843857,-4.275294044342385,5.698186113746685,-1.235406915874019
499,7,2.0,2.4423470353692043,3.026,"(0, 1, 1, 1, 1, 0, 1, 1, 1, 1, 0, 0, 0, 0, 0, 0, 1, 1, 0, 0, 0, 0, 0, 0, 0)",5,10,2,7,5.089333333333333,8.089333333333334,2.0633333333333335,5.772,0.0,3.9306047699660702,-7.076347751521603,0.6758245618759406,1,1,1,1,5,-3,2,3.000000000000001,-3.026,0.682666666666667,3.9306047699660702,-7.076347751521603,0.6758245618759406,-2.27285980102707,9.89235482314311,0.01671079435131589
