step,replica,lambda,beta,phi,syndrome,E0_II,E0_IX,E0_XI,E0_XX,U_II,U_IX,U_XI,U_XX,F_II,F_IX,F_XI,F_XX,g_II,g_IX,g_XI,g_XX,delta_E0_IX,delta_E0_XI,delta_E0_XX,delta_U_IX,delta_U_XI,delta_U_XX,delta_F_IX,delta_F_XI,delta_F_XX,delta_S_IX,delta_S_XI,delta_S_XX
0,0,0.0,1.9924301646902063,1.2019999999999995,"(0, 0, 0, 0, 0, 1, 0, 1, 0, 0, 1, 0, 0, 0, 0, 0, 0, 0, 1, 0, 0, 0, 0, 0, 0)",4,9,9,14,4.341333333333333,7.320666666666667,3.1393333333333335,6.510666666666666,0.0,4.637403346429396,-2.3682024937507777,3.1527772163798993,1,1,1,1,5,5,10,2.979333333333334,-1.2019999999999995,2.1693333333333333,4.637403346429396,-2.3682024937507777,3.1527772163798993,-3.30358870926088,2.3235770266859923,-1.9594432578620453
0,1,0.2857142857142857,1.9924301646902063,-1.8413154057549244,"(0, 1, 0, 1, 0, 0, 1, 0, 1, 0, 0, 1, 0, 0, 0, 0, 1, 0, 1, 0, 1, 1, 0, 1, 0)",5,8,6,9,6.922,6.918,8.411333333333333,10.028666666666666,0.0,2.35518528334147,1.8413154057549244,3.4193643724154503,1,1,1,1,3,1,4,-0.0039999999999995595,1.4893333333333336,3.1066666666666665,2.35518528334147,1.8413154057549244,3.4193643724154503,-4.700511922622755,-0.7012996985229502,-0.6230283413632991
0,2,0.5714285714285714,1.9924301646902063,-4.700364139633608,"(0, 0, 0, 0, 0, 0, 0, 0, 0, 0, 0, 0, 0, 0, 0, 1, 0, 0, 0, 0, 1, 0, 0, 0, 0)",1,6,6,11,1.062,6.283333333333333,4.82,9.531333333333333,0.0,7.055815080330368,4.700364139633608,10.245164459288805,1,1,1,1,5,5,10,5.221333333333333,3.758,8.469333333333333,7.055815080330368,4.700364139633608,10.245164459288805,-3.65507676929048,-1.8775947379283346,-3.5382195027494556
0,3,0.8571428571428571,1.9924301646902063,-1.8780000000000001,"(1, 0, 0, 1, 0, 0, 1, 1, 0, 0, 1, 0, 0, 0, 1, 1, 0, 0, 0, 0, 1, 0, 0, 0, 0)",5,10,10,15,5.342,7.22,8.666666666666666,9.670666666666667,0.0,1.5377576011079015,4.016207897304871,4.734589662240396,1,1,1,1,5,5,10,1.8780000000000001,3.3246666666666664,4.328666666666668,1.5377576011079015,4.016207897304871,4.734589662240396,0.6779092188591749,-1.3778476080505457,-0.8087732209225044
0,4,1.1428571428571428,1.9924301646902063,0.0039999999999995595,"(0, 1, 1, 1, 1, 0, 1, 1, 0, 0, 1, 1, 1, 0, 0, 1, 1, 1, 1, 0, 1, 1, 0, 0, 1)",8,13,13,18,9.5,9.496,10.322666666666667,8.768666666666666,0.0,-0.0248389627198039,0.8172063011041587,0.39304005715455476,1,1,1,1,5,5,10,-0.0039999999999995595,0.8226666666666667,-0.7313333333333336,-0.0248389627198039,0.8172063011041587,0.39304005715455476,0.04152017792379283,0.010879397056976449,-2.240235459583069
0,5,1.4285714285714284,1.9924301646902063,-1.2479999999999993,"(0, 0, 0, 1, 0, 0, 1, 1, 1, 0, 0, 1, 1, 0, 0, 1, 0, 0, 0, 0, 1, 1, 0, 1, 0)",6,11,9,14,6.9013333333333335,9.366666666666667,8.149333333333333,9.399333333333333,0.0,1.8843076210863496,-0.3892765779545847,2.60499174976774,1,1,1,1,5,3,8,2.4653333333333336,1.2479999999999993,2.4979999999999993,1.8843076210863496,-0.3892765779545847,2.60499174976774,1.1576531555415026,3.2621592418574696,-0.21317358961023278
0,6,1.7142857142857142,1.9924301646902063,-0.26756123300495394,"(1, 1, 0, 0, 0, 0, 0, 0, 0, 0, 1, 0, 0, 0, 1, 1, 1, 0, 1, 1, 1, 0, 0, 1, 0)",6,11,11,16,6.481333333333334,8.334,5.908,9.320666666666666,0.0,3.098450287222681,0.26756123300495394,3.4332228311165185,1,1,1,1,5,5,10,1.852666666666666,-0.5733333333333333,2.8393333333333324,3.098450287222681,0.26756123300495394,3.4332228311165185,-2.4821368642727824,-1.675423699296493,-1.1832833498759374
0,7,2.0,1.9924301646902063,1.097386258485485,"(0, 1, 0, 0, 0, 0, 0, 0, 0, 1, 0, 0, 1, 0, 1, 0, 0, 0, 1, 0, 0, 1, 1, 0, 1)",6,11,11,16,6.494666666666666,8.722666666666667,5.290666666666667,8.826,0.0,1.0167149749284712,-1.097386258485485,1.6040391112532626,1,1,1,1,5,5,10,2.2280000000000006,-1.2039999999999997,2.331333333333334,1.0167149749284712,-1.097386258485485,1.6040391112532626,2.4134008219900482,-0.2124204345640037,1.4490829466772324
10,0,0.0,1.9924301646902063,-3.9294707708020247,"(0, 1, 0, 0, 0, 0, 1, 0, 0, 1, 0, 0, 0, 0, 1, 0, 0, 0, 0, 0, 1, 1, 0, 0, 0)",3,6,6,9,3.36,6.886666666666667,6.668666666666667,7.686,0.0,4.393839827852488,3.9294707708020247,4.582855036142767,1,1,1,1,3,3,6,3.526666666666667,3.308666666666667,4.3260000000000005,4.393839827852488,3.9294707708020247,4.582855036142767,-1.7277819643563919,-1.236908823442767,-0.5117657219634418
10,1,0.2857142857142857,1.9924301646902063,1.2180000000000004,"(0, 0, 0, 0, 0, 0, 1, 0, 1, 1, 0, 1, 0, 1, 1, 1, 0, 0, 0, 0, 1, 0, 0, 0, 0)",4,9,9,14,4.618666666666667,9.524666666666667,3.4006666666666665,6.536666666666667,0.0,4.698991576631265,-1.929602200163642,3.8405198330050787,1,1,1,1,5,5,10,4.906,-1.2180000000000004,1.9180000000000001,4.698991576631265,-1.929602200163642,3.8405198330050787,0.41244982706482824,1.4178176888659575,-3.8304865074944967
10,2,0.5714285714285714,1.9924301646902063,-1.4256059209487835,"(1, 1, 0, 1, 0, 0, 1, 0, 1, 0, 0, 0, 0, 0, 0, 0, 0, 0, 0, 0, 0, 0, 1, 0, 0)",5,8,6,9,5.286666666666667,8.648666666666667,6.265333333333333,8.204666666666666,0.0,4.473049995955395,1.4256059209487835,4.056632091535142,1,1,1,1,3,1,4,3.362,0.9786666666666664,2.9179999999999993,4.473049995955395,1.4256059209487835,4.056632091535142,-2.2136895264204606,-0.8904952520158366,-2.268644925658918
10,3,0.8571428571428571,1.9924301646902063,0.33835891819027997,"(0, 0, 1, 1, 1, 0, 1, 1, 0, 0, 1, 1, 0, 1, 0, 1, 1, 1, 1, 0, 1, 1, 1, 0, 1)",8,11,13,16,8.980666666666666,8.324,8.968666666666667,8.977333333333334,0.0,-0.33835891819027997,0.16351210218224302,-0.8035692235325008,1,1,1,1,3,5,8,-0.6566666666666663,-0.011999999999998678,-0.003333333333332078,-0.33835891819027997,0.16351210218224302,-0.8035692235325008,-0.6342059597189752,-0.3496956066560881,1.5944141265005436
10,4,1.1428571428571428,1.9924301646902063,1.2019999999999995,"(0, 0, 0, 0, 0, 1, 0, 1, 0, 0, 1, 0, 0, 0, 0, 0, 0, 0, 1, 0, 0, 0, 0, 0, 0)",4,9,9,14,4.341333333333333,7.320666666666667,3.1393333333333335,6.510666666666666,0.0,4.637403346429396,-2.3682024937507777,3.1527772163798993,1,1,1,1,5,5,10,2.979333333333334,-1.2019999999999995,2.1693333333333333,4.637403346429396,-2.3682024937507777,3.1527772163798993,-3.30358870926088,2.3235770266859923,-1.9594432578620453
10,5,1.4285714285714284,1.9924301646902063,0.6443519152608128,"(0, 0, 0, 0, 0, 0, 0, 0, 0, 0, 1, 0, 0, 1, 0, 1, 1, 0, 1, 1, 1, 0, 1, 0, 0)",6,11,11,16,6.332,7.732,5.228666666666666,6.8053333333333335,0.0,2.0636263359084692,-0.6443519152608128,0.9144811693669226,1,1,1,1,5,5,10,1.4000000000000004,-1.1033333333333335,0.4733333333333336,2.0636263359084692,-0.6443519152608128,0.9144811693669226,-1.3222291297468687,-0.9144884223999769,-0.8789562556011318
10,6,1.7142857142857142,1.9924301646902063,-1.9029036359567926,"(0, 1, 0, 0, 0, 0, 0, 0, 0, 1, 1, 0, 0, 0, 0, 0, 0, 0, 0, 0, 0, 1, 1, 0, 1)",5,10,10,15,5.479333333333333,6.819333333333334,7.008666666666667,8.648,0.0,1.9029036359567926,3.0183103183762507,3.9613053772111866,1,1,1,1,5,5,10,1.3400000000000007,1.5293333333333337,3.1686666666666667,1.9029036359567926,3.0183103183762507,3.9613053772111866,-1.1215461840941066,-2.966682659528986,-1.5792772765900505
10,7,2.0,1.9924301646902063,1.591333333333333,"(0, 0, 0, 0, 0, 0, 1, 1, 0, 0, 0, 1, 1, 1, 1, 1, 0, 0, 0, 0, 0, 0, 0, 1, 0)",6,11,11,16,6.758,8.334,5.166666666666667,6.662,0.0,1.565651623413565,-1.7948696448047017,0.972173091691173,1,1,1,1,5,5,10,1.5759999999999996,-1.591333333333333,-0.09600000000000009,1.565651623413565,-1.7948696448047017,0.972173091691173,0.020618417666386418,0.4055318865853361,-2.128260288995891
20,0,0.0,1.9924301646902063,-3.9294707708020247,"(0, 1, 0, 0, 0, 0, 1, 0, 0, 1, 0, 0, 0, 0, 1, 0, 0, 0, 0, 0, 1, 1, 0, 0, 0)",3,6,6,9,3.36,6.886666666666667,6.668666666666667,7.686,0.0,4.393839827852488,3.9294707708020247,4.582855036142767,1,1,1,1,3,3,6,3.526666666666667,3.308666666666667,4.3260000000000005,4.393839827852488,3.9294707708020247,4.582855036142767,-1.7277819643563919,-1.236908823442767,-0.5117657219634418
20,1,0.2857142857142857,1.9924301646902063,1.1239999999999997,"(1, 1, 0, 1, 0, 0, 1, 1, 1, 1, 0, 0, 0, 1, 0, 0, 0, 0, 0, 1, 0, 0, 1, 0, 0)",7,10,12,15,7.887333333333333,6.763333333333334,8.552666666666667,7.871333333333333,0.0,-1.2429664891855152,0.4002128057474402,-0.4398400279118323,1,1,1,1,3,5,8,-1.1239999999999997,0.6653333333333338,-0.016000000000000014,-1.2429664891855152,0.4002128057474402,-0.4398400279118323,0.23703242164051241,0.5282341364407163,0.8444716566146736
20,2,0.5714285714285714,1.9924301646902063,-0.14333333333333442,"(0, 0, 1, 1, 1, 0, 1, 1, 0, 0, 0, 1, 0, 1, 0, 0, 1, 1, 1, 0, 1, 1, 1, 0, 1)",7,10,12,15,8.310666666666666,10.057333333333334,8.454,8.471333333333334,0.0,-0.06929229350533797,-0.5868370978400894,-0.27300720878844054,1,1,1,1,3,5,8,1.746666666666668,0.14333333333333442,0.16066666666666762,-0.06929229350533797,-0.5868370978400894,-0.27300720878844054,3.6181714100861653,1.4548135924347838,0.8640649110948612
20,3,0.8571428571428571,1.9924301646902063,1.1353333333333335,"(1, 0, 0, 0, 0, 1, 1, 1, 0, 0, 0, 1, 0, 0, 0, 0, 0, 0, 1, 0, 0, 0, 0, 0, 0)",5,10,8,13,5.44,8.724666666666666,4.304666666666667,5.326666666666667,0.0,3.32239943773386,-2.1513818156066025,-0.5302963573887695,1,1,1,1,5,3,8,3.2846666666666655,-1.1353333333333335,-0.11333333333333329,3.32239943773386,-2.1513818156066025,-0.5302963573887695,-0.07517991127162846,2.0244056448689633,0.8307697066884991
20,4,1.1428571428571428,1.9924301646902063,1.1413333333333329,"(0, 0, 0, 0, 0, 0, 0, 0, 0, 0, 0, 0, 0, 1, 1, 1, 1, 0, 1, 1, 1, 0, 1, 0, 0)",5,10,10,15,5.38,9.292,4.238666666666667,7.664,0.0,4.298424561076769,-1.1839462800848022,3.236105073489833,1,1,1,1,5,5,10,3.912,-1.1413333333333329,2.284,4.298424561076769,-1.1839462800848022,3.236105073489833,-0.7699239518665274,0.084903320513965,-1.8970028683757296
20,5,1.4285714285714284,1.9924301646902063,1.1318331622216824,"(0, 1, 0, 1, 0, 1, 1, 0, 0, 1, 1, 0, 0, 0, 0, 0, 0, 1, 0, 0, 0, 1, 0, 1, 1)",7,12,8,13,7.744666666666666,9.239333333333333,6.576,9.174666666666667,0.0,2.371080448433109,-1.1318331622216824,1.2702849205547104,1,1,1,1,5,1,6,1.4946666666666664,-1.1686666666666667,1.4300000000000006,2.371080448433109,-1.1318331622216824,1.2702849205547104,-1.7461932555416797,-0.0733881853274376,0.31822114204268886
20,6,1.7142857142857142,1.9924301646902063,0.3026666666666671,"(1, 1, 0, 1, 0, 0, 1, 1, 1, 0, 0, 1, 1, 1, 1, 1, 0, 0, 0, 0, 0, 0, 0, 1, 0)",7,10,12,15,7.844666666666667,8.534666666666666,7.542,8.499333333333333,0.0,0.7998500205584123,-0.39188887528162186,1.4957394627458775,1,1,1,1,3,5,8,0.6899999999999995,-0.3026666666666671,0.6546666666666656,0.7998500205584123,-0.39188887528162186,1.4957394627458775,-0.21886849455242086,0.1777690198047183,-1.6757788096085564
20,7,2.0,1.9924301646902063,0.9720000000000004,"(0, 1, 0, 0, 0, 0, 1, 1, 0, 1, 0, 1, 1, 0, 1, 1, 0, 0, 0, 0, 1, 1, 0, 0, 0)",5,10,10,15,5.376,9.186666666666667,4.404,7.8886666666666665,0.0,3.1108033542437603,-2.332250198334592,2.1464228783078187,1,1,1,1,5,5,10,3.810666666666667,-0.9720000000000004,2.512666666666666,3.1108033542437603,-2.332250198334592,2.1464228783078187,1.3944287748314055,2.710203526687676,0.7297151715565834
30,0,0.0,1.9924301646902063,-4.892390131283862,"(0, 0, 0, 0, 0, 0, 0, 0, 0, 1, 0, 0, 0, 0, 1, 0, 0, 0, 1, 1, 0, 0, 0, 0, 0)",2,7,7,12,2.31,5.3693333333333335,6.450666666666667,9.068666666666667,0.0,4.892390131283862,6.231613135536853,8.24259503887162,1,1,1,1,5,5,10,3.0593333333333335,4.140666666666666,6.758666666666667,4.892390131283862,6.231613135536853,8.24259503887162,-3.652237657827073,-4.166064817329432,-2.9566236510207857
30,1,0.2857142857142857,1.9924301646902063,-0.8186666666666662,"(1, 0, 0, 0, 0, 0, 0, 0, 0, 0, 0, 1, 0, 1, 0, 0, 1, 1, 1, 0, 0, 1, 1, 0, 0)",5,8,10,13,5.362666666666667,8.374,6.181333333333333,8.696666666666667,0.0,3.6011182796610792,0.3063029306517066,1.897147726592132,1,1,1,1,3,5,8,3.011333333333334,0.8186666666666662,3.3340000000000005,3.6011182796610792,0.3063029306517066,1.897147726592132,-1.1751053177435942,1.0208489629295752,2.862827811741537
30,2,0.5714285714285714,1.9924301646902063,1.8353333333333337,"(1, 0, 0, 0, 1, 1, 1, 0, 0, 1, 0, 1, 1, 0, 0, 0, 0, 0, 1, 0, 0, 0, 0, 0, 0)",5,10,6,11,6.174666666666667,9.008,4.339333333333333,5.31,0.0,3.8399442420686114,-2.476147932451107,0.9533114194654415,1,1,1,1,5,1,6,2.833333333333332,-1.8353333333333337,-0.8646666666666674,3.8399442420686114,-2.476147932451107,0.9533114194654415,-2.0056019386703907,1.2767783372561137,-3.6221943775553838
30,3,0.8571428571428571,1.9924301646902063,1.2726666666666668,"(0, 0, 0, 0, 0, 0, 0, 0, 0, 0, 0, 0, 0, 1, 1, 1, 1, 0, 1, 1, 1, 0, 1, 0, 0)",5,10,10,15,5.424,9.203333333333333,4.1513333333333335,7.448666666666667,0.0,3.9791044200157515,-1.647695469972919,2.58599724886436,1,1,1,1,5,5,10,3.7793333333333328,-1.2726666666666668,2.0246666666666666,3.9791044200157515,-1.647695469972919,2.58599724886436,-0.398029939138993,0.7472187003350469,-1.1184119843337998
30,4,1.1428571428571428,1.9924301646902063,-0.6159999999999997,"(1, 0, 0, 1, 0, 0, 0, 0, 0, 1, 1, 0, 0, 0, 0, 0, 1, 0, 0, 0, 0, 1, 0, 1, 1)",6,11,11,16,6.214,7.654,7.542666666666666,6.83,0.0,1.635298126725958,-0.6288552362021101,0.5447746832521834,1,1,1,1,5,5,10,1.4399999999999995,1.328666666666666,0.6159999999999997,1.635298126725958,-0.6288552362021101,0.5447746832521834,-0.38911787879629045,3.9002256873175214,0.14191146957796372
30,5,1.4285714285714284,1.9924301646902063,2.5700000000000003,"(1, 1, 0, 1, 0, 0, 1, 1, 1, 0, 1, 1, 1, 1, 1, 0, 0, 0, 0, 0, 1, 0, 0, 1, 1)",7,10,12,15,8.112,6.66,7.078666666666667,5.542,0.0,-0.7661558126622084,-1.411968843377126,-2.791261832053333,1,1,1,1,3,5,8,-1.452,-1.0333333333333332,-2.5700000000000003,-0.7661558126622084,-1.411968843377126,-2.791261832053333,-1.3664966471292566,0.7544048116341143,0.44084874847767824
30,6,1.7142857142857142,1.9924301646902063,2.3486666666666665,"(0, 1, 0, 0, 0, 0, 1, 1, 0, 1, 0, 1, 1, 0, 1, 0, 0, 1, 0, 0, 0, 1, 0, 1, 0)",6,11,11,16,7.624,8.866,5.275333333333333,7.582,0.0,1.2032064383434742,-2.470790509119383,1.0423066334882705,1,1,1,1,5,5,10,1.242,-2.3486666666666665,-0.041999999999999815,1.2032064383434742,-2.470790509119383,1.0423066334882705,0.07729346244023139,0.2433232275306671,-2.1604052443357173
30,7,2.0,1.9924301646902063,1.0540000000000003,"(1, 1, 0, 0, 1, 0, 1, 1, 0, 0, 0, 1, 0, 1, 0, 0, 1, 0, 0, 1, 0, 0, 1, 0, 0)",7,12,12,17,7.5473333333333334,6.493333333333333,8.387333333333334,8.326,0.0,-1.6384417387635792,0.24776976003569773,0.652543017048984,1,1,1,1,5,5,10,-1.0540000000000003,0.8400000000000007,0.7786666666666671,-1.6384417387635792,0.24776976003569773,0.652543017048984,1.164459349816548,1.1799773945465966,0.25129256397909017
40,0,0.0,1.9924301646902063,-2.724803217004444,"(0, 0, 0, 0, 0, 0, 0, 1, 1, 1, 0, 0, 0, 0, 1, 0, 0, 0, 1, 1, 0, 0, 0, 1, 1)",4,9,9,14,4.326,6.074666666666666,7.978666666666666,8.528666666666666,0.0,2.724803217004444,1.7451031669133292,5.640171310205037,1,1,1,1,5,5,10,1.7486666666666668,3.6526666666666667,4.2026666666666666,2.724803217004444,1.7451031669133292,5.640171310205037,-1.944883907749627,3.8006870579705687,-2.864127613668092
40,1,0.2857142857142857,1.9924301646902063,-1.6446666666666667,"(0, 0, 0, 0, 1, 0, 1, 0, 0, 1, 0, 1, 1, 0, 0, 0, 0, 1, 1, 0, 1, 1, 0, 0, 1)",6,7,11,12,6.468666666666667,8.113333333333333,9.222,8.908,0.0,1.5375362199784917,2.867107006989207,3.0521373549501045,1,1,1,1,1,5,6,1.6446666666666667,2.753333333333333,2.439333333333333,1.5375362199784917,2.867107006989207,3.0521373549501045,0.213449933538256,-0.22668609933958256,-1.220969217712725
40,2,0.5714285714285714,1.9924301646902063,0.9164293233057316,"(0, 0, 0, 1, 0, 1, 0, 0, 1, 0, 0, 0, 0, 1, 1, 1, 1, 0, 0, 0, 0, 0, 1, 1, 1)",7,10,12,15,7.709333333333333,6.666,8.860666666666667,7.716,0.0,-0.9164293233057316,1.0520474031823113,0.475836599553902,1,1,1,1,3,5,8,-1.043333333333333,1.1513333333333335,0.006666666666666821,-0.9164293233057316,1.0520474031823113,0.475836599553902,-0.2528473775991415,0.1978202821622216,-0.9347883266502071
40,3,0.8571428571428571,1.9924301646902063,-0.49031492541731875,"(1, 0, 0, 0, 0, 0, 0, 0, 0, 0, 0, 1, 0, 1, 0, 1, 1, 1, 1, 0, 1, 1, 1, 0, 0)",6,9,11,14,6.586,8.093333333333334,7.316,6.667333333333334,0.0,1.9313289729730398,0.030063557373882107,0.49031492541731875,1,1,1,1,3,5,8,1.5073333333333334,0.7299999999999995,0.08133333333333326,1.9313289729730398,0.030063557373882107,0.49031492541731875,-0.8447817021152696,1.3945744816542323,-0.814867260871158
40,4,1.1428571428571428,1.9924301646902063,0.8226080006617632,"(1, 0, 0, 0, 0, 0, 0, 0, 0, 1, 0, 1, 1, 0, 0, 0, 1, 1, 0, 0, 0, 1, 0, 0, 1)",6,9,9,12,6.434666666666667,7.527333333333333,5.488666666666667,6.402,0.0,0.9719517105617649,-0.8226080006617632,-0.012353067021078449,1,1,1,1,3,3,6,1.0926666666666662,-0.9459999999999997,-0.03266666666666662,0.9719517105617649,-0.8226080006617632,-0.012353067021078449,0.2405161198726596,-0.24584994156293644,-0.040473428687310166
40,5,1.4285714285714284,1.9924301646902063,3.0300000000000002,"(0, 0, 0, 0, 0, 1, 1, 1, 0, 1, 1, 1, 1, 0, 1, 0, 1, 1, 1, 0, 0, 0, 0, 1, 0)",6,11,11,16,6.367333333333334,9.472666666666667,3.3373333333333335,6.6386666666666665,0.0,2.661930976251998,-3.5070312996618194,-0.11746482726495838,1,1,1,1,5,5,10,3.1053333333333333,-3.0300000000000002,0.27133333333333276,2.661930976251998,-3.5070312996618194,-0.11746482726495838,0.8834482313435909,0.9504515509475814,0.7746531831521025
40,6,1.7142857142857142,1.9924301646902063,1.299999999999999,"(1, 1, 0, 0, 0, 0, 1, 1, 0, 1, 0, 1, 0, 1, 0, 0, 1, 0, 0, 1, 0, 0, 1, 0, 0)",8,13,11,16,8.781333333333333,7.481333333333334,9.57,9.726666666666667,0.0,-1.733547071958126,0.45883452881521364,-0.5778490239860413,1,1,1,1,5,3,8,-1.299999999999999,0.7886666666666677,0.945333333333334,-1.733547071958126,0.45883452881521364,-0.5778490239860413,0.863812263982488,0.6571675007394955,3.0348344750470595
40,7,2.0,1.9924301646902063,2.071684609018994,"(1, 1, 0, 1, 0, 0, 1, 1, 1, 0, 1, 1, 0, 1, 1, 0, 0, 1, 0, 0, 1, 0, 0, 1, 1)",8,11,13,16,8.858666666666666,8.174,8.869333333333334,6.720666666666666,0.0,-0.9582260805383417,-1.162605139209676,-2.071684609018994,1,1,1,1,3,5,8,-0.6846666666666668,0.010666666666667268,-2.138,-0.9582260805383417,-1.162605139209676,-2.071684609018994,0.5450480280328975,2.337662137408578,-0.1321287853737806
50,0,0.0,1.9924301646902063,-2.496470720130947,"(0, 0, 0, 0, 1, 0, 1, 0, 0, 1, 0, 1, 1, 0, 0, 0, 0, 1, 1, 0, 0, 0, 0, 0, 1)",5,8,10,13,5.758,8.828666666666667,9.018666666666666,7.712,0.0,1.5317360343879485,3.7879196766572565,2.496470720130947,1,1,1,1,3,5,8,3.070666666666667,3.2606666666666664,1.9539999999999997,1.5317360343879485,3.7879196766572565,2.496470720130947,3.0662118131178904,-1.0505148015289585,-1.0808350262501178
50,1,0.2857142857142857,1.9924301646902063,-1.3921773704078706,"(0, 0, 0, 0, 0, 1, 1, 1, 0, 0, 1, 0, 0, 1, 1, 0, 1, 1, 1, 0, 0, 0, 1, 1, 1)",7,10,10,13,8.476666666666667,9.197333333333333,9.741333333333333,8.504666666666667,0.0,1.3921773704078706,2.166081522599429,1.4967578159411659,1,1,1,1,3,3,6,0.7206666666666663,1.2646666666666668,0.02800000000000047,1.3921773704078706,2.166081522599429,1.4967578159411659,-1.3379381820463239,-1.7960061498603124,-2.9263973771056837
50,2,0.5714285714285714,1.9924301646902063,-0.6873333333333331,"(0, 1, 1, 0, 0, 0, 0, 0, 1, 1, 0, 0, 1, 0, 1, 0, 0, 0, 1, 1, 0, 0, 0, 1, 1)",6,11,11,16,6.588,7.275333333333333,8.688,8.584,0.0,0.5224151891817718,2.3512004230120893,2.425717311171504,1,1,1,1,5,5,10,0.6873333333333331,2.1000000000000005,1.9959999999999996,0.5224151891817718,2.3512004230120893,2.425717311171504,0.3285878851122986,-0.5004993001922255,-0.8561817330676729
50,3,0.8571428571428571,1.9924301646902063,0.7373319896130228,"(1, 0, 0, 1, 0, 0, 0, 0, 1, 0, 0, 1, 1, 0, 1, 0, 1, 1, 0, 0, 0, 1, 0, 1, 0)",7,10,12,15,7.678,8.979333333333333,6.820666666666667,7.476666666666667,0.0,-0.2805341671883811,-0.7373319896130228,-2.064644689103757,1,1,1,1,3,5,8,1.301333333333333,-0.8573333333333331,-0.20133333333333336,-0.2805341671883811,-0.7373319896130228,-2.064644689103757,3.151760524582564,-0.2390942970317038,3.712517751446797
50,4,1.1428571428571428,1.9924301646902063,1.0106666666666668,"(0, 0, 0, 0, 0, 1, 0, 1, 0, 1, 1, 0, 1, 0, 1, 0, 0, 0, 0, 0, 0, 0, 0, 0, 0)",3,8,8,13,3.21,8.6,2.199333333333333,7.685333333333333,0.0,6.228469523499231,-1.1534842366779825,5.423837670545562,1,1,1,1,5,5,10,5.39,-1.0106666666666668,4.475333333333333,6.228469523499231,-1.1534842366779825,5.423837670545562,-1.6705919707932924,0.28455403453830075,-1.8898286528011357
50,5,1.4285714285714284,1.9924301646902063,1.299999999999999,"(1, 1, 0, 0, 0, 0, 1, 1, 0, 1, 0, 1, 0, 1, 0, 0, 1, 0, 0, 1, 0, 0, 1, 0, 0)",8,13,11,16,8.781333333333333,7.481333333333334,9.57,9.726666666666667,0.0,-1.733547071958126,0.45883452881521364,-0.5778490239860413,1,1,1,1,5,3,8,-1.299999999999999,0.7886666666666677,0.945333333333334,-1.733547071958126,0.45883452881521364,-0.5778490239860413,0.863812263982488,0.6571675007394955,3.0348344750470595
50,6,1.7142857142857142,1.9924301646902063,1.0553333333333335,"(1, 0, 0, 0, 0, 0, 0, 0, 1, 1, 0, 0, 0, 1, 0, 1, 0, 1, 0, 1, 1, 1, 1, 0, 0)",6,9,9,12,6.730666666666667,5.675333333333334,8.787333333333333,6.6593333333333335,0.0,-1.6622623482880976,0.005401699557603728,0.31723915844456346,1,1,1,1,3,3,6,-1.0553333333333335,2.0566666666666658,-0.07133333333333347,-1.6622623482880976,0.005401699557603728,0.31723915844456346,1.2092636772215855,4.087002196240359,-0.774203553787119
50,7,2.0,1.9924301646902063,2.7640000000000002,"(1, 1, 0, 0, 0, 0, 1, 1, 1, 0, 1, 1, 1, 1, 1, 0, 0, 0, 0, 0, 1, 0, 0, 0, 1)",6,9,11,14,6.933333333333334,8.560666666666666,5.497333333333334,4.169333333333333,0.0,0.16435335047400096,-2.7671312889476414,-3.4631978360386353,1,1,1,1,3,5,8,1.6273333333333326,-1.436,-2.7640000000000002,0.16435335047400096,-2.7671312889476414,-3.4631978360386353,2.9148854481868933,2.652186133262236,1.3931028596094934
60,0,0.0,1.9924301646902063,-2.139333333333334,"(0, 0, 0, 0, 1, 0, 1, 0, 0, 1, 0, 0, 1, 0, 0, 0, 1, 1, 1, 0, 0, 0, 0, 0, 1)",6,9,11,14,6.338,8.477333333333334,9.063333333333333,10.062,0.0,1.9583374707610632,2.460252767359467,2.937151996334538,1,1,1,1,3,5,8,2.139333333333334,2.7253333333333325,3.7239999999999993,1.9583374707610632,2.460252767359467,2.937151996334538,0.36062161627311534,0.5281545157194816,1.567739697529335
60,1,0.2857142857142857,1.9924301646902063,0.26016710328265846,"(0, 1, 0, 1, 1, 0, 0, 1, 1, 1, 0, 0, 0, 0, 1, 0, 0, 0, 0, 0, 0, 1, 0, 1, 1)",5,10,10,15,5.439333333333333,6.700666666666667,4.348,7.9366666666666665,0.0,2.9730600155248426,-0.26016710328265846,3.806028653042995,1,1,1,1,5,5,10,1.2613333333333339,-1.091333333333333,2.4973333333333336,2.9730600155248426,-0.26016710328265846,3.806028653042995,-3.410495875303448,-1.6560406686248035,-2.6074840313784233
60,2,0.5714285714285714,1.9924301646902063,1.516,"(1, 0, 0, 1, 0, 0, 0, 0, 1, 0, 0, 1, 1, 0, 1, 0, 1, 1, 0, 1, 0, 1, 0, 0, 0)",6,9,9,12,6.926666666666667,9.443333333333333,5.410666666666667,6.441333333333334,0.0,2.54468753011645,-1.9836634719655695,0.2768592404401747,1,1,1,1,3,3,6,2.5166666666666666,-1.516,-0.4853333333333332,2.54468753011645,-1.9836634719655695,0.2768592404401747,-0.05582961357801369,0.9317868084679533,-1.5186154752892023
60,3,0.8571428571428571,1.9924301646902063,5.174666666666666,"(0, 0, 0, 0, 0, 1, 1, 1, 1, 1, 1, 1, 1, 1, 1, 0, 0, 0, 0, 0, 0, 0, 1, 1, 0)",6,11,11,16,6.438,9.605333333333334,1.2633333333333334,4.45,0.0,3.7120302254955013,-6.522286558452214,-1.6857287480055605,1,1,1,1,5,5,10,3.1673333333333344,-5.174666666666666,-1.9879999999999995,3.7120302254955013,-6.522286558452214,-1.6857287480055605,-1.0852705185569096,2.6850385229300766,-0.602254360392395
60,4,1.1428571428571428,1.9924301646902063,1.299999999999999,"(1, 1, 0, 0, 0, 0, 1, 1, 0, 1, 0, 1, 0, 1, 0, 0, 1, 0, 0, 1, 0, 0, 1, 0, 0)",8,13,11,16,8.781333333333333,7.481333333333334,9.57,9.726666666666667,0.0,-1.733547071958126,0.45883452881521364,-0.5778490239860413,1,1,1,1,5,3,8,-1.299999999999999,0.7886666666666677,0.945333333333334,-1.733547071958126,0.45883452881521364,-0.5778490239860413,0.863812263982488,0.6571675007394955,3.0348344750470595
60,5,1.4285714285714284,1.9924301646902063,-0.4983289223019625,"(1, 0, 0, 0, 0, 0, 0, 0, 1, 1, 0, 0, 0, 1, 0, 1, 0, 1, 0, 1, 1, 0, 0, 1, 1)",6,11,11,16,6.963333333333333,7.428,9.431333333333333,6.854666666666667,0.0,0.5787345485036837,1.486707112665951,0.4983289223019625,1,1,1,1,5,5,10,0.464666666666667,2.468,-0.10866666666666625,0.5787345485036837,1.486707112665951,0.4983289223019625,-0.22727228859439008,1.9551575491203073,-1.2093963212949936
60,6,1.7142857142857142,1.9924301646902063,1.095482380772558,"(0, 0, 0, 0, 0, 1, 1, 1, 0, 0, 1, 1, 0, 1, 1, 0, 0, 1, 1, 1, 0, 0, 1, 1, 0)",7,12,12,17,7.674,9.154,6.491333333333333,7.545333333333334,0.0,1.0263671921707478,-1.095482380772558,0.09466257093572635,1,1,1,1,5,5,10,1.4799999999999995,-1.182666666666667,-0.1286666666666667,1.0263671921707478,-1.095482380772558,0.09466257093572635,0.9038316900121167,-0.17370860110239758,-0.4449679096562742
60,7,2.0,1.9924301646902063,3.227471209442842,"(1, 0, 0, 0, 0, 0, 1, 1, 1, 0, 0, 1, 1, 1, 1, 1, 0, 0, 0, 0, 0, 1, 0, 0, 0)",7,10,12,15,8.123333333333333,6.6866666666666665,4.446,5.272,0.0,0.5925487309788673,-3.227471209442842,-3.030751937849096,1,1,1,1,3,5,8,-1.4366666666666665,-3.6773333333333333,-2.851333333333333,0.5925487309788673,-3.227471209442842,-3.030751937849096,-4.043069968922794,-0.8963188655910174,0.3574790397438293
70,0,0.0,1.9924301646902063,-2.767219841399405,"(0, 0, 0, 0, 1, 0, 1, 0, 0, 1, 0, 1, 1, 0, 0, 0, 0, 1, 1, 0, 0, 0, 0, 0, 1)",5,8,10,13,6.008,8.552,8.954666666666666,8.196666666666667,0.0,2.767219841399405,3.5835406179859226,3.067811138912335,1,1,1,1,3,5,8,2.5439999999999996,2.9466666666666663,2.188666666666667,2.767219841399405,3.5835406179859226,3.067811138912335,-0.4447499453615393,-1.2689268717139282,-1.75163396562292
70,1,0.2857142857142857,1.9924301646902063,-1.3734928030856637,"(1, 0, 0, 0, 0, 0, 0, 0, 1, 0, 1, 1, 1, 0, 0, 0, 0, 0, 0, 1, 0, 1, 0, 1, 0)",7,8,12,13,5.67,6.473333333333334,8.343333333333334,7.915333333333334,0.0,1.3734928030856637,3.2024994180453916,3.0807397968698784,1,1,1,1,1,5,6,0.8033333333333337,2.673333333333334,2.245333333333334,1.3734928030856637,3.2024994180453916,3.0807397968698784,-1.1360029262183156,-1.054326469311317,-1.6644890377273802
70,2,0.5714285714285714,1.9924301646902063,0.4004784631027325,"(0, 1, 0, 1, 1, 1, 1, 1, 1, 1, 0, 0, 0, 0, 1, 0, 0, 0, 0, 0, 0, 1, 0, 1, 1)",6,9,11,14,6.528666666666667,9.419333333333332,5.528666666666667,9.008666666666667,0.0,2.63084906568283,-0.4004784631027325,3.0366406758914035,1,1,1,1,3,5,8,2.8906666666666654,-1.0,2.4799999999999995,2.63084906568283,-0.4004784631027325,3.0366406758914035,0.5176684255176378,-1.1945047944955482,-1.1090676735395777
70,3,0.8571428571428571,1.9924301646902063,1.0533333333333328,"(1, 1, 0, 1, 0, 0, 1, 1, 1, 1, 0, 0, 0, 1, 0, 0, 0, 0, 0, 1, 0, 0, 1, 0, 0)",7,10,12,15,7.744666666666666,6.691333333333334,8.692666666666666,7.502,0.0,-1.1306819803487502,0.3503577754043027,0.2960751224729649,1,1,1,1,3,5,8,-1.0533333333333328,0.9479999999999995,-0.2426666666666666,-1.1306819803487502,0.3503577754043027,0.2960751224729649,0.1541117775114928,1.1907603959770254,-1.0734053916609725
70,4,1.1428571428571428,1.9924301646902063,0.5393333333333326,"(1, 0, 0, 0, 0, 0, 0, 0, 1, 1, 0, 0, 0, 1, 0, 1, 0, 1, 0, 1, 1, 0, 1, 0, 1)",6,11,9,14,6.656666666666666,7.9093333333333335,6.117333333333334,8.602,0.0,1.1722130802260708,-1.5892065755827904,2.294039815398422,1,1,1,1,5,3,8,1.2526666666666673,-0.5393333333333326,1.945333333333334,1.1722130802260708,-1.5892065755827904,2.294039815398422,0.16029815248175527,2.0917991169589283,-0.6947733134894853
70,5,1.4285714285714284,1.9924301646902063,2.4879999999999995,"(0, 0, 0, 0, 0, 1, 1, 1, 0, 0, 1, 1, 0, 1, 1, 0, 1, 0, 1, 1, 0, 0, 1, 1, 0)",6,11,11,16,8.049333333333333,9.480666666666666,5.561333333333334,6.3933333333333335,0.0,1.8174505200045246,-2.873704164645625,-1.2521759441689715,1,1,1,1,5,5,10,1.431333333333333,-2.4879999999999995,-1.6559999999999997,1.8174505200045246,-2.873704164645625,-1.2521759441689715,-0.7693115298290015,0.7684886122865823,-0.8045912300652825
70,6,1.7142857142857142,1.9924301646902063,3.227471209442842,"(1, 0, 0, 0, 0, 0, 1, 1, 1, 0, 0, 1, 1, 1, 1, 1, 0, 0, 0, 0, 0, 1, 0, 0, 0)",7,10,12,15,8.123333333333333,6.6866666666666665,4.446,5.272,0.0,0.5925487309788673,-3.227471209442842,-3.030751937849096,1,1,1,1,3,5,8,-1.4366666666666665,-3.6773333333333333,-2.851333333333333,0.5925487309788673,-3.227471209442842,-3.030751937849096,-4.043069968922794,-0.8963188655910174,0.3574790397438293
70,7,2.0,1.9924301646902063,5.174666666666666,"(0, 0, 0, 0, 0, 1, 1, 1, 1, 1, 1, 1, 1, 1, 1, 0, 0, 0, 0, 0, 0, 0, 1, 1, 0)",6,11,11,16,6.438,9.605333333333334,1.2633333333333334,4.45,0.0,3.7120302254955013,-6.522286558452214,-1.6857287480055605,1,1,1,1,5,5,10,3.1673333333333344,-5.174666666666666,-1.9879999999999995,3.7120302254955013,-6.522286558452214,-1.6857287480055605,-1.0852705185569096,2.6850385229300766,-0.602254360392395
80,0,0.0,1.9924301646902063,-0.635186736503238,"(1, 1, 0, 0, 0, 0, 0, 0, 1, 0, 0, 1, 1, 0, 0, 0, 1, 0, 0, 1, 0, 1, 1, 1, 0)",7,10,12,15,7.838,9.407333333333334,9.582666666666666,8.296666666666667,0.0,1.248013978936064,0.257643358407385,0.635186736503238,1,1,1,1,3,5,8,1.5693333333333337,1.7446666666666664,0.4586666666666668,1.248013978936064,0.257643358407385,0.635186736503238,0.6402063741999028,2.9627900949732155,-0.3517039118156063
80,1,0.2857142857142857,1.9924301646902063,-4.0919202435630995,"(0, 0, 0, 1, 1, 1, 1, 1, 1, 0, 0, 0, 0, 0, 0, 0, 0, 0, 0, 0, 0, 0, 0, 0, 0)",3,6,8,11,3.0993333333333335,6.759333333333333,6.6066666666666665,9.504666666666667,0.0,4.0919202435630995,4.660117050306864,7.443409161701436,1,1,1,1,3,5,8,3.6599999999999997,3.507333333333333,6.405333333333333,4.0919202435630995,4.660117050306864,7.443409161701436,-0.8605709220154609,-2.2968410510617607,-2.068293593676382
80,2,0.5714285714285714,1.9924301646902063,-3.332,"(0, 0, 0, 0, 1, 1, 1, 0, 0, 0, 0, 0, 1, 1, 0, 0, 1, 1, 0, 0, 0, 0, 0, 0, 1)",4,7,9,12,4.442666666666667,7.774666666666667,9.052666666666667,8.494666666666667,0.0,2.9150138833935357,4.231567459994941,4.396540677631291,1,1,1,1,3,5,8,3.332,4.61,4.0520000000000005,2.9150138833935357,4.231567459994941,4.396540677631291,0.8308157169837469,0.7540004080064137,-0.6864732390753883
80,3,0.8571428571428571,1.9924301646902063,-2.3260000000000005,"(1, 0, 0, 1, 0, 0, 1, 1, 1, 0, 0, 0, 0, 1, 1, 0, 0, 0, 0, 0, 0, 0, 0, 0, 1)",5,10,8,13,5.334666666666666,8.304666666666666,8.400666666666666,7.660666666666667,0.0,3.2652831063460726,2.8413382435258803,1.470634842670783,1,1,1,1,5,3,8,2.9699999999999998,3.066,2.3260000000000005,3.2652831063460726,2.8413382435258803,1.470634842670783,-0.5883309682073415,0.44762286045132105,1.7042553412877173
80,4,1.1428571428571428,1.9924301646902063,1.8466666666666667,"(0, 0, 0, 0, 1, 0, 0, 0, 1, 1, 0, 1, 0, 1, 0, 1, 1, 1, 0, 1, 1, 0, 1, 0, 1)",6,11,9,14,7.442666666666667,9.635333333333334,5.596,8.697333333333333,0.0,3.212328740191197,-2.4590130330347697,1.8561036651995149,1,1,1,1,5,3,8,2.1926666666666668,-1.8466666666666667,1.2546666666666662,3.212328740191197,-2.4590130330347697,1.8561036651995149,-2.031605473080837,1.220057371590249,-1.198321218037587
80,5,1.4285714285714284,1.9924301646902063,3.227471209442842,"(1, 0, 0, 0, 0, 0, 1, 1, 1, 0, 0, 1, 1, 1, 1, 1, 0, 0, 0, 0, 0, 1, 0, 0, 0)",7,10,12,15,8.123333333333333,6.6866666666666665,4.446,5.272,0.0,0.5925487309788673,-3.227471209442842,-3.030751937849096,1,1,1,1,3,5,8,-1.4366666666666665,-3.6773333333333333,-2.851333333333333,0.5925487309788673,-3.227471209442842,-3.030751937849096,-4.043069968922794,-0.8963188655910174,0.3574790397438293
80,6,1.7142857142857142,1.9924301646902063,5.725333333333333,"(0, 0, 0, 0, 0, 1, 1, 1, 1, 1, 1, 1, 1, 1, 1, 0, 0, 0, 0, 0, 0, 0, 0, 0, 0)",5,10,10,15,5.764,10.287333333333333,0.03866666666666667,5.591333333333333,0.0,4.61827601684837,-7.896886267184928,-0.8731714506190132,1,1,1,1,5,5,10,4.5233333333333325,-5.725333333333333,-0.1726666666666672,4.61827601684837,-7.896886267184928,-0.8731714506190132,-0.1891666665519955,4.326667569627433,1.3957068620564501
80,7,2.0,1.9924301646902063,3.533333333333333,"(0, 0, 0, 0, 0, 1, 1, 1, 0, 0, 0, 0, 0, 1, 1, 0, 1, 0, 1, 1, 0, 0, 1, 1, 0)",7,10,12,15,7.930666666666666,8.916666666666666,4.397333333333333,5.376,0.0,0.9318374499126686,-3.958560251206501,-2.42146679348683,1,1,1,1,3,5,8,0.9859999999999998,-3.533333333333333,-2.554666666666666,0.9318374499126686,-3.958560251206501,-2.42146679348683,0.1079150985905428,0.847234938008744,-0.2653914452564149
90,0,0.0,1.9924301646902063,-0.9739999999999993,"(1, 1, 0, 0, 0, 1, 0, 0, 1, 0, 1, 1, 1, 0, 0, 0, 1, 0, 0, 1, 0, 1, 1, 1, 0)",8,11,13,16,6.788,7.677333333333333,7.762,8.799333333333333,0.0,1.189303703416525,0.6624608916465526,2.3152038513700193,1,1,1,1,3,5,8,0.8893333333333331,0.9739999999999993,2.011333333333333,1.189303703416525,0.6624608916465526,2.3152038513700193,-0.5976700138670362,0.6207199169640978,-0.6054407862963331
90,1,0.2857142857142857,1.9924301646902063,-0.5280000000000005,"(0, 0, 1, 1, 0, 1, 1, 1, 1, 0, 0, 1, 1, 0, 0, 0, 0, 1, 1, 1, 0, 0, 0, 0, 1)",6,9,7,10,6.931333333333333,7.459333333333333,7.527333333333333,8.765333333333333,0.0,-0.24816824606863502,1.4985288649764446,1.0046718414885665,1,1,1,1,3,1,4,0.5280000000000005,0.5960000000000001,1.8339999999999996,-0.24816824606863502,1.4985288649764446,1.0046718414885665,1.54646102634184,-1.7982257350826822,1.6523784394451602
90,2,0.5714285714285714,1.9924301646902063,-0.9819999999999993,"(1, 0, 0, 0, 0, 0, 1, 1, 0, 1, 0, 0, 0, 1, 0, 0, 0, 0, 0, 0, 0, 0, 0, 0, 1)",5,10,10,15,5.238,6.22,8.622,7.980666666666667,0.0,0.6818096023569886,3.2608554837578754,3.77676206773499,1,1,1,1,5,5,10,0.9819999999999993,3.3839999999999995,2.7426666666666666,0.6818096023569886,3.2608554837578754,3.77676206773499,0.5981084034142823,0.24535684877699107,-2.0603628702559442
90,3,0.8571428571428571,1.9924301646902063,0.5005870098219434,"(0, 0, 0, 1, 1, 1, 1, 1, 1, 0, 0, 0, 0, 0, 0, 0, 1, 1, 1, 0, 0, 1, 1, 1, 0)",6,9,11,14,7.445333333333333,7.852,6.094,6.403333333333333,0.0,0.5256473536711582,-0.5005870098219434,-0.26804827148965676,1,1,1,1,3,5,8,0.4066666666666672,-1.3513333333333328,-1.0419999999999998,0.5256473536711582,-0.5005870098219434,-0.26804827148965676,-0.23706070980331198,-1.6950526374633852,-1.5420447698981326
90,4,1.1428571428571428,1.9924301646902063,1.8466666666666667,"(0, 0, 0, 0, 1, 0, 0, 0, 1, 1, 0, 1, 0, 1, 0, 1, 1, 1, 0, 1, 1, 0, 1, 0, 1)",6,11,9,14,7.442666666666667,9.635333333333334,5.596,8.697333333333333,0.0,3.212328740191197,-2.4590130330347697,1.8561036651995149,1,1,1,1,5,3,8,2.1926666666666668,-1.8466666666666667,1.2546666666666662,3.212328740191197,-2.4590130330347697,1.8561036651995149,-2.031605473080837,1.220057371590249,-1.198321218037587
90,5,1.4285714285714284,1.9924301646902063,3.227471209442842,"(1, 0, 0, 0, 0, 0, 1, 1, 1, 0, 0, 1, 1, 1, 1, 1, 0, 0, 0, 0, 0, 1, 0, 0, 0)",7,10,12,15,8.123333333333333,6.6866666666666665,4.446,5.272,0.0,0.5925487309788673,-3.227471209442842,-3.030751937849096,1,1,1,1,3,5,8,-1.4366666666666665,-3.6773333333333333,-2.851333333333333,0.5925487309788673,-3.227471209442842,-3.030751937849096,-4.043069968922794,-0.8963188655910174,0.3574790397438293
90,6,1.7142857142857142,1.9924301646902063,3.533333333333333,"(0, 0, 0, 0, 0, 1, 1, 1, 0, 0, 0, 0, 0, 1, 1, 0, 1, 0, 1, 1, 0, 0, 1, 1, 0)",7,10,12,15,7.930666666666666,8.916666666666666,4.397333333333333,5.376,0.0,0.9318374499126686,-3.958560251206501,-2.42146679348683,1,1,1,1,3,5,8,0.9859999999999998,-3.533333333333333,-2.554666666666666,0.9318374499126686,-3.958560251206501,-2.42146679348683,0.1079150985905428,0.847234938008744,-0.2653914452564149
90,7,2.0,1.9924301646902063,5.725333333333333,"(0, 0, 0, 0, 0, 1, 1, 1, 1, 1, 1, 1, 1, 1, 1, 0, 0, 0, 0, 0, 0, 0, 0, 0, 0)",5,10,10,15,5.764,10.287333333333333,0.03866666666666667,5.591333333333333,0.0,4.61827601684837,-7.896886267184928,-0.8731714506190132,1,1,1,1,5,5,10,4.5233333333333325,-5.725333333333333,-0.1726666666666672,4.61827601684837,-7.896886267184928,-0.8731714506190132,-0.1891666665519955,4.326667569627433,1.3957068620564501
100,0,0.0,1.9924301646902063,0.8899078640024102,"(0, 0, 1, 0, 1, 1, 1, 1, 1, 0, 1, 1, 1, 0, 0, 1, 1, 1, 0, 1, 0, 0, 0, 0, 1)",8,13,11,16,8.730666666666666,7.698,7.890666666666666,8.75,0.0,-0.8899078640024102,-0.1760422741068503,0.12069699175434383,1,1,1,1,5,3,8,-1.0326666666666657,-0.8399999999999999,0.01933333333333387,-0.8899078640024102,-0.1760422741068503,0.12069699175434383,-0.28443694470331937,-1.3228894011486227,-0.2019600106413747
100,1,0.2857142857142857,1.9924301646902063,1.3920000000000003,"(1, 0, 0, 0, 1, 1, 1, 1, 0, 1, 0, 0, 0, 1, 0, 0, 0, 0, 0, 0, 0, 0, 0, 0, 1)",5,10,8,13,5.556,8.546,4.164,7.968,0.0,3.388326738072166,-1.7196443370311754,4.2746482277781315,1,1,1,1,5,3,8,2.9899999999999993,-1.3920000000000003,2.412,3.388326738072166,-1.7196443370311754,4.2746482277781315,-0.7936382083376393,0.6528084603908375,-3.7111965152319035
100,2,0.5714285714285714,1.9924301646902063,-0.9573333333333336,"(1, 1, 0, 0, 0, 1, 0, 1, 0, 0, 0, 0, 0, 0, 0, 0, 1, 1, 1, 0, 1, 1, 0, 1, 0)",6,9,7,10,6.718666666666667,7.676,7.676666666666667,9.278666666666666,0.0,0.43753766416597084,0.9488395206513593,1.8524730146771888,1,1,1,1,3,1,4,0.9573333333333336,0.9580000000000002,2.5599999999999996,0.43753766416597084,0.9488395206513593,1.8524730146771888,1.0356565707243846,0.0182516153772537,1.409698107889493
100,3,0.8571428571428571,1.9924301646902063,0.6379999999999999,"(0, 0, 0, 0, 1, 0, 0, 0, 1, 1, 0, 0, 1, 1, 0, 1, 1, 1, 0, 1, 1, 0, 1, 0, 1)",7,12,10,15,7.3933333333333335,9.664666666666667,6.755333333333334,7.37,0.0,1.3043776144838557,-2.7102806149151464,0.5474312568051052,1,1,1,1,5,3,8,2.2713333333333336,-0.6379999999999999,-0.023333333333333428,1.3043776144838557,-2.7102806149151464,0.5474312568051052,1.9265917421554022,4.128874406859707,-1.1372085863288672
100,4,1.1428571428571428,1.9924301646902063,-0.43600000000000083,"(1, 1, 0, 1, 0, 1, 0, 0, 0, 0, 1, 1, 1, 0, 0, 0, 1, 0, 0, 1, 0, 1, 1, 1, 0)",7,8,12,13,7.89,8.326,8.947333333333333,9.854,0.0,-0.3163093577010407,0.4498021787352855,1.5992130026321232,1,1,1,1,1,5,6,0.43600000000000083,1.0573333333333332,1.9639999999999995,-0.3163093577010407,0.4498021787352855,1.5992130026321232,1.4989238574622696,1.2104633984102193,0.7268126172425237
100,5,1.4285714285714284,1.9924301646902063,3.533333333333333,"(0, 0, 0, 0, 0, 1, 1, 1, 0, 0, 0, 0, 0, 1, 1, 0, 1, 0, 1, 1, 0, 0, 1, 1, 0)",7,10,12,15,7.930666666666666,8.916666666666666,4.397333333333333,5.376,0.0,0.9318374499126686,-3.958560251206501,-2.42146679348683,1,1,1,1,3,5,8,0.9859999999999998,-3.533333333333333,-2.554666666666666,0.9318374499126686,-3.958560251206501,-2.42146679348683,0.1079150985905428,0.847234938008744,-0.2653914452564149
100,6,1.7142857142857142,1.9924301646902063,5.725333333333333,"(0, 0, 0, 0, 0, 1, 1, 1, 1, 1, 1, 1, 1, 1, 1, 0, 0, 0, 0, 0, 0, 0, 0, 0, 0)",5,10,10,15,5.764,10.287333333333333,0.03866666666666667,5.591333333333333,0.0,4.61827601684837,-7.896886267184928,-0.8731714506190132,1,1,1,1,5,5,10,4.5233333333333325,-5.725333333333333,-0.1726666666666672,4.61827601684837,-7.896886267184928,-0.8731714506190132,-0.1891666665519955,4.326667569627433,1.3957068620564501
100,7,2.0,1.9924301646902063,3.552666666666666,"(1, 0, 0, 0, 1, 0, 1, 1, 1, 1, 0, 1, 1, 1, 1, 1, 0, 0, 0, 0, 0, 1, 0, 0, 0)",7,10,12,15,8.03,8.704,4.477333333333333,5.212,0.0,1.233314271943237,-4.729807829845139,-2.749465074820722,1,1,1,1,3,5,8,0.6740000000000013,-3.552666666666666,-2.8179999999999996,1.233314271943237,-4.729807829845139,-2.749465074820722,-1.1143946269614442,2.3453715616153064,-0.13655105226197928
110,0,0.0,1.9924301646902063,-2.077927556868357,"(1, 0, 0, 0, 0, 1, 1, 1, 0, 0, 0, 0, 0, 1, 0, 0, 0, 0, 0, 0, 0, 0, 0, 0, 1)",5,8,10,13,5.190666666666667,7.764,6.317333333333333,8.416,0.0,3.1160722251237174,2.077927556868357,3.6327757811667127,1,1,1,1,3,5,8,2.5733333333333333,1.126666666666666,3.2253333333333334,3.1160722251237174,2.077927556868357,3.6327757811667127,-1.0813693395536952,-1.8953208921279074,-0.8118006234384408
110,1,0.2857142857142857,1.9924301646902063,-0.4776076485891822,"(1, 1, 0, 0, 0, 1, 0, 1, 0, 0, 0, 0, 0, 0, 0, 0, 1, 1, 0, 1, 0, 0, 0, 1, 0)",6,11,7,12,6.745333333333333,8.125333333333334,7.213333333333333,8.404666666666667,0.0,1.288526725618097,0.4776076485891822,2.383300686776544,1,1,1,1,5,1,6,1.3800000000000008,0.46799999999999997,1.6593333333333344,1.288526725618097,0.4776076485891822,2.383300686776544,0.18225411114148898,-0.019142568860829972,-1.4424543932511864
110,2,0.5714285714285714,1.9924301646902063,0.46521030534222324,"(1, 0, 0, 0, 1, 1, 0, 0, 1, 1, 0, 0, 1, 1, 0, 1, 1, 1, 0, 1, 1, 0, 1, 0, 1)",8,11,11,14,9.132666666666667,9.740666666666666,9.642,8.608666666666666,0.0,0.016426479802223247,0.20955937709952815,-0.46521030534222324,1,1,1,1,3,3,6,0.6079999999999988,0.5093333333333323,-0.5240000000000009,0.016426479802223247,0.20955937709952815,-0.46521030534222324,1.178668926274019,0.5972786729887531,-0.11713436100908291
110,3,0.8571428571428571,1.9924301646902063,-1.987333333333333,"(0, 0, 1, 0, 1, 1, 0, 1, 0, 0, 1, 1, 0, 1, 0, 1, 0, 0, 0, 1, 0, 0, 0, 0, 1)",6,11,9,14,6.467333333333333,9.54,9.165333333333333,8.454666666666666,0.0,3.4198956871260338,2.479999964102841,1.66673424710218,1,1,1,1,5,3,8,3.0726666666666658,2.6979999999999995,1.987333333333333,3.4198956871260338,2.479999964102841,1.66673424710218,-0.6918295744190776,0.4343498474250465,0.6387712901790658
110,4,1.1428571428571428,1.9924301646902063,3.084666666666667,"(0, 0, 0, 0, 0, 1, 1, 1, 0, 0, 0, 0, 0, 1, 1, 0, 1, 0, 1, 1, 1, 0, 1, 1, 1)",8,11,13,16,8.386666666666667,9.696666666666667,5.302,6.3486666666666665,0.0,0.8339427144875561,-3.293354233555264,-2.722146643451523,1,1,1,1,3,5,8,1.3100000000000005,-3.084666666666667,-2.0380000000000003,0.8339427144875561,-3.293354233555264,-2.722146643451523,0.9485108957755322,0.41579540326464537,1.3631144094843695
110,5,1.4285714285714284,1.9924301646902063,1.3286666666666669,"(1, 1, 0, 1, 0, 0, 0, 1, 0, 0, 0, 1, 0, 0, 0, 0, 1, 0, 0, 1, 1, 1, 1, 1, 1)",7,12,10,15,7.530666666666667,9.148666666666667,6.202,8.71,0.0,2.129420807569128,-1.3442704940035408,0.5746168594966563,1,1,1,1,5,3,8,1.6180000000000003,-1.3286666666666669,1.179333333333334,2.129420807569128,-1.3442704940035408,0.5746168594966563,-1.0189702438509556,0.031089536270605272,1.2048553435572926
110,6,1.7142857142857142,1.9924301646902063,4.76536163922839,"(1, 0, 0, 0, 1, 0, 1, 1, 1, 1, 0, 1, 1, 1, 1, 0, 0, 0, 0, 0, 1, 1, 0, 0, 0)",6,9,11,14,8.230666666666666,9.426666666666666,3.252666666666667,4.150666666666667,0.0,1.3960294020596036,-4.76536163922839,-3.3139869548162793,1,1,1,1,3,5,8,1.1959999999999997,-4.978,-4.079999999999999,1.3960294020596036,-4.76536163922839,-3.3139869548162793,-0.3985446144885,-0.42366708417163446,-1.5262274977702455
110,7,2.0,1.9924301646902063,4.370666666666667,"(0, 0, 0, 0, 0, 1, 1, 1, 1, 0, 1, 1, 1, 1, 0, 0, 0, 0, 0, 0, 0, 0, 0, 0, 0)",4,9,9,14,5.446666666666666,9.451333333333332,1.076,6.631333333333333,0.0,4.486864178430579,-6.030599070032551,1.6631035965798566,1,1,1,1,5,5,10,4.004666666666666,-4.370666666666667,1.1846666666666668,4.486864178430579,-6.030599070032551,1.6631035965798566,-0.9607448677769813,3.3072993918128986,-0.9532521710608136
120,0,0.0,1.9924301646902063,-0.4776076485891822,"(1, 1, 0, 0, 0, 1, 0, 1, 0, 0, 0, 0, 0, 0, 0, 0, 1, 1, 0, 1, 0, 0, 0, 1, 0)",6,11,7,12,6.745333333333333,8.125333333333334,7.213333333333333,8.404666666666667,0.0,1.288526725618097,0.4776076485891822,2.383300686776544,1,1,1,1,5,1,6,1.3800000000000008,0.46799999999999997,1.6593333333333344,1.288526725618097,0.4776076485891822,2.383300686776544,0.18225411114148898,-0.019142568860829972,-1.4424543932511864
120,1,0.2857142857142857,1.9924301646902063,-1.1166666666666663,"(1, 1, 1, 0, 0, 1, 0, 0, 1, 1, 0, 0, 0, 0, 0, 1, 1, 1, 0, 1, 1, 0, 1, 0, 0)",7,10,10,13,7.896,9.058666666666667,9.012666666666666,10.540666666666667,0.0,-0.2883267829436141,0.9770434765381957,1.0307505385330664,1,1,1,1,3,3,6,1.1626666666666674,1.1166666666666663,2.6446666666666667,-0.2883267829436141,0.9770434765381957,1.0307505385330664,2.8910031177714237,0.27818945570224063,3.2156151769734094
120,2,0.5714285714285714,1.9924301646902063,-1.1600000000000001,"(0, 1, 1, 0, 1, 1, 1, 1, 0, 0, 1, 0, 1, 1, 0, 0, 0, 0, 0, 1, 1, 0, 0, 0, 1)",7,12,8,13,5.32,9.101333333333333,6.48,7.250666666666667,0.0,2.4373619585784705,0.8253531266664476,1.63627220369536,1,1,1,1,5,1,6,3.7813333333333325,1.1600000000000001,1.9306666666666663,2.4373619585784705,0.8253531266664476,1.63627220369536,2.677769107541753,0.6667605249490328,0.5865604083418045
120,3,0.8571428571428571,1.9924301646902063,-1.1959999999999997,"(1, 0, 0, 0, 0, 1, 0, 0, 0, 0, 0, 0, 0, 1, 0, 0, 0, 0, 0, 0, 0, 0, 0, 0, 1)",4,9,7,12,4.216666666666667,7.315333333333333,5.4126666666666665,6.832,0.0,3.9313303722890685,0.3915789417004479,3.502692229525384,1,1,1,1,5,3,8,3.0986666666666665,1.1959999999999997,2.615333333333333,3.9313303722890685,0.3915789417004479,3.502692229525384,-1.6590242841247997,1.6027527816680462,-1.768000631679248
120,4,1.1428571428571428,1.9924301646902063,1.2253333333333343,"(1, 1, 0, 1, 0, 0, 0, 1, 0, 0, 0, 1, 0, 0, 0, 0, 1, 0, 0, 1, 1, 1, 1, 1, 1)",7,12,10,15,8.115333333333334,8.558,6.89,8.420666666666667,0.0,1.5799971205993324,-2.0704891509201806,0.4899607156102627,1,1,1,1,5,3,8,0.4426666666666659,-1.2253333333333343,0.30533333333333346,1.5799971205993324,-2.0704891509201806,0.4899607156102627,-2.2660515036362496,1.6839139448234461,-0.36785716567634386
120,5,1.4285714285714284,1.9924301646902063,4.76536163922839,"(1, 0, 0, 0, 1, 0, 1, 1, 1, 1, 0, 1, 1, 1, 1, 0, 0, 0, 0, 0, 1, 1, 0, 0, 0)",6,9,11,14,8.230666666666666,9.426666666666666,3.252666666666667,4.150666666666667,0.0,1.3960294020596036,-4.76536163922839,-3.3139869548162793,1,1,1,1,3,5,8,1.1959999999999997,-4.978,-4.079999999999999,1.3960294020596036,-4.76536163922839,-3.3139869548162793,-0.3985446144885,-0.42366708417163446,-1.5262274977702455
120,6,1.7142857142857142,1.9924301646902063,4.370666666666667,"(0, 0, 0, 0, 0, 1, 1, 1, 1, 0, 1, 1, 1, 1, 0, 0, 0, 0, 0, 0, 0, 0, 0, 0, 0)",4,9,9,14,5.446666666666666,9.451333333333332,1.076,6.631333333333333,0.0,4.486864178430579,-6.030599070032551,1.6631035965798566,1,1,1,1,5,5,10,4.004666666666666,-4.370666666666667,1.1846666666666668,4.486864178430579,-6.030599070032551,1.6631035965798566,-0.9607448677769813,3.3072993918128986,-0.9532521710608136
120,7,2.0,1.9924301646902063,3.084666666666667,"(0, 0, 0, 0, 0, 1, 1, 1, 0, 0, 0, 0, 0, 1, 1, 0, 1, 0, 1, 1, 1, 0, 1, 1, 1)",8,11,13,16,8.386666666666667,9.696666666666667,5.302,6.3486666666666665,0.0,0.8339427144875561,-3.293354233555264,-2.722146643451523,1,1,1,1,3,5,8,1.3100000000000005,-3.084666666666667,-2.0380000000000003,0.8339427144875561,-3.293354233555264,-2.722146643451523,0.9485108957755322,0.41579540326464537,1.3631144094843695
130,0,0.0,1.9924301646902063,-0.9940000000000007,"(1, 0, 0, 0, 0, 1, 0, 0, 1, 1, 0, 0, 0, 0, 0, 1, 1, 1, 0, 1, 1, 0, 0, 1, 0)",6,11,9,14,6.824666666666666,7.818666666666667,9.264,9.888666666666667,0.0,0.4618453121751902,2.596756371753687,3.211576044351202,1,1,1,1,5,3,8,0.9940000000000007,2.439333333333333,3.064000000000001,0.4618453121751902,2.596756371753687,3.211576044351202,1.0602810523034525,-0.3136544103658988,-0.2940349623509923
130,1,0.2857142857142857,1.9924301646902063,1.5854873726087022,"(0, 1, 1, 0, 1, 0, 1, 1, 0, 1, 1, 0, 1, 1, 0, 0, 0, 0, 0, 1, 1, 0, 0, 0, 1)",7,12,6,11,7.84,8.912,6.161333333333333,8.235333333333333,0.0,1.1619409958214453,-1.5854873726087022,0.4422309441094626,1,1,1,1,5,-1,4,1.072000000000001,-1.6786666666666665,0.3953333333333333,1.1619409958214453,-1.5854873726087022,0.4422309441094626,-0.17920115311692147,-0.18565323620562701,-0.0934402143622605
130,2,0.5714285714285714,1.9924301646902063,-0.844666666666666,"(0, 0, 0, 1, 1, 0, 0, 0, 1, 1, 1, 0, 0, 1, 0, 1, 0, 0, 0, 1, 0, 0, 0, 0, 0)",5,10,10,15,5.399333333333334,6.244,6.600666666666666,7.389333333333333,0.0,0.6305377327856274,1.5495350771925138,2.673797004788375,1,1,1,1,5,5,10,0.844666666666666,1.2013333333333325,1.9899999999999993,0.6305377327856274,1.5495350771925138,2.673797004788375,0.426636946997536,-0.6937676578627657,-1.3624177788651732
130,3,0.8571428571428571,1.9924301646902063,-1.5888080895498533,"(1, 1, 0, 0, 0, 1, 0, 1, 0, 0, 0, 0, 0, 0, 0, 0, 1, 1, 0, 1, 0, 0, 1, 0, 0)",6,9,7,10,6.179333333333333,7.985333333333333,7.758666666666667,9.674,0.0,2.616946330755882,1.5888080895498533,3.144896048172903,1,1,1,1,3,1,4,1.806,1.5793333333333335,3.4946666666666664,2.616946330755882,1.5888080895498533,3.144896048172903,-1.61575393134286,-0.018877790088880162,0.6968935310093239
130,4,1.1428571428571428,1.9924301646902063,4.287355504606268,"(1, 0, 0, 0, 1, 0, 1, 1, 1, 1, 0, 1, 1, 1, 1, 0, 1, 1, 0, 0, 1, 1, 0, 0, 0)",7,10,12,15,9.474666666666666,8.537333333333333,4.308666666666666,5.227333333333333,0.0,-0.3069670740399374,-4.287355504606268,-4.001109704279109,1,1,1,1,3,5,8,-0.9373333333333331,-5.1659999999999995,-4.247333333333333,-0.3069670740399374,-4.287355504606268,-4.001109704279109,-1.2559607498190897,-1.7506377966614763,-0.4905833857871267
130,5,1.4285714285714284,1.9924301646902063,4.370666666666667,"(0, 0, 0, 0, 0, 1, 1, 1, 1, 0, 1, 1, 1, 1, 0, 0, 0, 0, 0, 0, 0, 0, 0, 0, 0)",4,9,9,14,5.446666666666666,9.451333333333332,1.076,6.631333333333333,0.0,4.486864178430579,-6.030599070032551,1.6631035965798566,1,1,1,1,5,5,10,4.004666666666666,-4.370666666666667,1.1846666666666668,4.486864178430579,-6.030599070032551,1.6631035965798566,-0.9607448677769813,3.3072993918128986,-0.9532521710608136
130,6,1.7142857142857142,1.9924301646902063,3.084666666666667,"(0, 0, 0, 0, 0, 1, 1, 1, 0, 0, 0, 0, 0, 1, 1, 0, 1, 0, 1, 1, 1, 0, 1, 1, 1)",8,11,13,16,8.386666666666667,9.696666666666667,5.302,6.3486666666666665,0.0,0.8339427144875561,-3.293354233555264,-2.722146643451523,1,1,1,1,3,5,8,1.3100000000000005,-3.084666666666667,-2.0380000000000003,0.8339427144875561,-3.293354233555264,-2.722146643451523,0.9485108957755322,0.41579540326464537,1.3631144094843695
130,7,2.0,1.9924301646902063,3.495333333333334,"(1, 1, 1, 1, 1, 0, 0, 0, 0, 1, 0, 0, 0, 0, 0, 1, 1, 0, 0, 1, 1, 1, 1, 1, 1)",7,10,10,13,7.682,9.092666666666666,4.1866666666666665,7.878666666666667,0.0,1.5383331920443672,-3.847028438209732,-1.2659901266441569,1,1,1,1,3,3,6,1.4106666666666658,-3.495333333333334,0.19666666666666632,1.5383331920443672,-3.847028438209732,-1.2659901266441569,-0.25436663618372,0.7007279357296212,2.9142415155815327
140,0,0.0,1.9924301646902063,0.4553333333333329,"(1, 0, 1, 0, 1, 0, 1, 1, 0, 1, 1, 0, 1, 1, 0, 0, 0, 0, 0, 1, 1, 0, 0, 1, 0)",8,13,11,16,8.408,7.9526666666666666,10.014,9.185333333333332,0.0,-1.1493665476709574,0.7484010460835236,0.11440976767909987,1,1,1,1,5,3,8,-0.4553333333333329,1.6059999999999999,0.777333333333333,-1.1493665476709574,0.7484010460835236,0.11440976767909987,1.3828127115431863,1.7087060249899533,1.3208289090934826
140,1,0.2857142857142857,1.9924301646902063,-0.7913333333333332,"(1, 0, 0, 1, 1, 1, 0, 0, 1, 0, 1, 0, 0, 1, 1, 1, 0, 0, 0, 1, 0, 0, 0, 0, 0)",5,10,8,13,5.426666666666667,6.218,8.994666666666667,7.488,0.0,-0.2635763726755727,2.4779632577122683,1.5840705333804785,1,1,1,1,5,3,8,0.7913333333333332,3.5680000000000005,2.0613333333333337,-0.2635763726755727,2.4779632577122683,1.5840705333804785,2.1018339192766216,2.171822085954722,0.9509127991105761
140,2,0.5714285714285714,1.9924301646902063,-1.8207712369456743,"(1, 1, 0, 0, 0, 0, 1, 1, 0, 0, 0, 0, 0, 0, 0, 0, 1, 0, 1, 0, 0, 0, 0, 0, 0)",4,7,9,12,4.548666666666667,5.568,8.782,9.247333333333334,0.0,1.8207712369456743,5.659697125819,5.374248297557717,1,1,1,1,3,5,8,1.019333333333333,4.233333333333333,4.698666666666667,1.8207712369456743,5.659697125819,5.374248297557717,-1.5968090542833109,-2.841930245970364,-1.3460492200979326
140,3,0.8571428571428571,1.9924301646902063,-0.8015767933678111,"(1, 0, 0, 1, 0, 1, 0, 0, 1, 1, 0, 0, 0, 0, 0, 0, 0, 0, 0, 1, 0, 0, 1, 0, 1)",5,10,8,13,5.655333333333333,6.299333333333333,7.335333333333334,9.598,0.0,0.8015767933678111,1.8728843548087946,3.385271678486307,1,1,1,1,5,3,8,0.6440000000000001,1.6800000000000006,3.9426666666666677,0.8015767933678111,1.8728843548087946,3.385271678486307,-0.31396075636118215,-0.3843086068178495,1.1105705880976915
140,4,1.1428571428571428,1.9924301646902063,4.700666666666667,"(0, 0, 0, 0, 0, 1, 1, 1, 1, 0, 1, 1, 1, 1, 0, 0, 1, 1, 0, 0, 0, 0, 0, 0, 0)",5,10,10,15,6.775333333333333,8.616,2.074666666666667,5.985333333333333,0.0,2.0503434681438675,-5.1004441167034,-1.0295108042083707,1,1,1,1,5,5,10,1.8406666666666665,-4.700666666666667,-0.79,2.0503434681438675,-5.1004441167034,-1.0295108042083707,-0.41776638409893535,0.7965286506161197,0.47720855107396776
140,5,1.4285714285714284,1.9924301646902063,2.0379999999999994,"(0, 0, 0, 0, 0, 1, 0, 0, 0, 0, 0, 0, 0, 1, 1, 0, 1, 0, 1, 1, 1, 0, 1, 1, 1)",7,10,12,15,7.566666666666666,8.916666666666666,5.528666666666667,5.667333333333334,0.0,1.775299552964856,-3.1247503653965913,-1.2827265400275543,1,1,1,1,3,5,8,1.3499999999999996,-2.0379999999999994,-1.8993333333333329,1.775299552964856,-3.1247503653965913,-1.2827265400275543,-0.84737965835644,2.1652742095042736,-1.2285459747353324
140,6,1.7142857142857142,1.9924301646902063,3.495333333333334,"(1, 1, 1, 1, 1, 0, 0, 0, 0, 1, 0, 0, 0, 0, 0, 1, 1, 0, 0, 1, 1, 1, 1, 1, 1)",7,10,10,13,7.682,9.092666666666666,4.1866666666666665,7.878666666666667,0.0,1.5383331920443672,-3.847028438209732,-1.2659901266441569,1,1,1,1,3,3,6,1.4106666666666658,-3.495333333333334,0.19666666666666632,1.5383331920443672,-3.847028438209732,-1.2659901266441569,-0.25436663618372,0.7007279357296212,2.9142415155815327
140,7,2.0,1.9924301646902063,4.287355504606268,"(1, 0, 0, 0, 1, 0, 1, 1, 1, 1, 0, 1, 1, 1, 1, 0, 1, 1, 0, 0, 1, 1, 0, 0, 0)",7,10,12,15,9.474666666666666,8.537333333333333,4.308666666666666,5.227333333333333,0.0,-0.3069670740399374,-4.287355504606268,-4.001109704279109,1,1,1,1,3,5,8,-0.9373333333333331,-5.1659999999999995,-4.247333333333333,-0.3069670740399374,-4.287355504606268,-4.001109704279109,-1.2559607498190897,-1.7506377966614763,-0.4905833857871267
150,0,0.0,1.9924301646902063,-0.20154538021488613,"(1, 0, 0, 1, 1, 1, 0, 0, 1, 0, 1, 0, 1, 0, 1, 1, 0, 0, 0, 1, 0, 0, 0, 0, 0)",6,11,9,14,6.644666666666667,8.488666666666667,7.648666666666666,6.6066666666666665,0.0,1.143787743209824,0.3220209908398194,0.20154538021488613,1,1,1,1,5,3,8,1.8440000000000003,1.0039999999999996,-0.038000000000000256,1.143787743209824,0.3220209908398194,0.20154538021488613,1.395124022114552,1.3587955495362816,-0.4772774413523242
150,1,0.2857142857142857,1.9924301646902063,-3.4584602798692603,"(1, 1, 0, 0, 0, 0, 0, 0, 0, 0, 0, 0, 0, 0, 0, 0, 0, 1, 0, 0, 0, 0, 0, 1, 0)",3,6,8,11,3.211333333333333,6.292,6.244666666666666,8.47,0.0,3.763346371292743,3.4584602798692603,6.480578353671365,1,1,1,1,3,5,8,3.0806666666666667,3.033333333333333,5.2586666666666675,3.763346371292743,3.4584602798692603,6.480578353671365,-1.3601916363187947,-0.8470357521008217,-2.4345737037756563
150,2,0.5714285714285714,1.9924301646902063,0.4586666666666668,"(0, 0, 0, 0, 0, 1, 0, 0, 1, 1, 0, 0, 0, 0, 0, 0, 1, 1, 0, 1, 0, 0, 1, 0, 1)",6,9,11,14,6.442666666666667,8.358666666666666,5.984,6.3773333333333335,0.0,0.9411354573478898,-1.4407041139745462,-1.15627363890855,1,1,1,1,3,5,8,1.9159999999999995,-0.4586666666666668,-0.06533333333333324,0.9411354573478898,-1.4407041139745462,-1.15627363890855,1.9423495212669855,1.956641032871588,2.173622372704413
150,3,0.8571428571428571,1.9924301646902063,-1.58,"(1, 0, 0, 0, 1, 0, 1, 0, 0, 1, 1, 0, 1, 1, 0, 0, 0, 0, 1, 0, 1, 0, 0, 1, 0)",6,9,9,12,6.243333333333333,10.820666666666666,7.823333333333333,9.411333333333333,0.0,3.805054576073591,1.3406398434812157,1.6886067026878917,1,1,1,1,3,3,6,4.577333333333333,1.58,3.168,3.805054576073591,1.3406398434812157,1.6886067026878917,1.5387114915137747,0.4769083960729951,2.9475878310051518
150,4,1.1428571428571428,1.9924301646902063,2.0379999999999994,"(0, 0, 0, 0, 0, 1, 0, 0, 0, 0, 0, 0, 0, 1, 1, 0, 1, 0, 1, 1, 1, 0, 1, 1, 1)",7,10,12,15,7.566666666666666,8.916666666666666,5.528666666666667,5.667333333333334,0.0,1.775299552964856,-3.1247503653965913,-1.2827265400275543,1,1,1,1,3,5,8,1.3499999999999996,-2.0379999999999994,-1.8993333333333329,1.775299552964856,-3.1247503653965913,-1.2827265400275543,-0.84737965835644,2.1652742095042736,-1.2285459747353324
150,5,1.4285714285714284,1.9924301646902063,1.2526666666666664,"(1, 1, 0, 0, 1, 0, 0, 1, 0, 1, 0, 0, 0, 0, 0, 1, 1, 0, 0, 0, 1, 1, 1, 1, 1)",7,10,8,11,7.942666666666667,8.946,6.69,7.778666666666667,0.0,1.501628200788186,-1.7943826063199997,1.4600528246849838,1,1,1,1,3,1,4,1.003333333333333,-1.2526666666666664,-0.1639999999999997,1.501628200788186,-1.7943826063199997,1.4600528246849838,-0.9928177248273574,1.0793311788588007,-3.2358118369526965
150,6,1.7142857142857142,1.9924301646902063,1.4293333333333331,"(1, 1, 0, 0, 0, 1, 1, 1, 1, 0, 1, 1, 1, 1, 0, 0, 0, 0, 0, 0, 1, 1, 0, 0, 0)",6,11,11,16,4.783333333333333,7.422666666666666,3.354,8.364,0.0,3.10327639584382,-1.7356723308004627,3.392311598401544,1,1,1,1,5,5,10,2.639333333333333,-1.4293333333333331,3.5806666666666676,3.10327639584382,-1.7356723308004627,3.392311598401544,-0.9243741524446483,0.6103590591744656,0.37528431968371484
150,7,2.0,1.9924301646902063,4.287355504606268,"(1, 0, 0, 0, 1, 0, 1, 1, 1, 1, 0, 1, 1, 1, 1, 0, 1, 1, 0, 0, 1, 1, 0, 0, 0)",7,10,12,15,9.474666666666666,8.537333333333333,4.308666666666666,5.227333333333333,0.0,-0.3069670740399374,-4.287355504606268,-4.001109704279109,1,1,1,1,3,5,8,-0.9373333333333331,-5.1659999999999995,-4.247333333333333,-0.3069670740399374,-4.287355504606268,-4.001109704279109,-1.2559607498190897,-1.7506377966614763,-0.4905833857871267
160,0,0.0,1.9924301646902063,-1.548,"(0, 0, 1, 0, 0, 0, 0, 0, 0, 0, 0, 0, 0, 0, 0, 0, 0, 1, 0, 1, 0, 0, 1, 1, 1)",4,9,9,14,4.166666666666667,7.443333333333333,5.714666666666667,6.746666666666667,0.0,3.9960179383026784,0.5064314716383697,4.100775488739502,1,1,1,1,5,5,10,3.2766666666666664,1.548,2.58,3.9960179383026784,0.5064314716383697,4.100775488739502,-1.4332571726158487,2.075252554499699,-3.030038957486074
160,1,0.2857142857142857,1.9924301646902063,1.1319999999999997,"(0, 0, 0, 1, 1, 1, 0, 0, 0, 0, 0, 0, 0, 0, 0, 0, 0, 1, 0, 1, 0, 1, 1, 0, 1)",6,9,9,12,6.349333333333333,9.564,5.217333333333333,7.027333333333333,0.0,3.3110647239080673,-1.6984803010595777,2.0636706121343513,1,1,1,1,3,3,6,3.214666666666667,-1.1319999999999997,0.6779999999999999,3.3110647239080673,-1.6984803010595777,2.0636706121343513,-0.19206639706529907,1.1286724395338927,-2.7608519259412247
160,2,0.5714285714285714,1.9924301646902063,-2.729333333333333,"(1, 0, 0, 0, 1, 0, 1, 0, 0, 1, 0, 1, 1, 1, 0, 1, 0, 0, 1, 0, 0, 0, 0, 1, 0)",6,11,9,14,6.440666666666667,8.49,9.454666666666666,9.17,0.0,3.6158622628797854,1.8429536261125592,1.6541597989516912,1,1,1,1,5,3,8,2.0493333333333332,3.0139999999999993,2.729333333333333,3.6158622628797854,1.8429536261125592,1.6541597989516912,-3.12119949308821,2.333228119584421,2.1422081821785657
160,3,0.8571428571428571,1.9924301646902063,2.6356308980780887,"(0, 0, 1, 0, 0, 1, 0, 1, 0, 0, 0, 0, 0, 1, 1, 0, 1, 0, 1, 1, 1, 0, 1, 1, 1)",8,11,11,14,8.732,9.766666666666667,5.903333333333333,6.787333333333334,0.0,1.5285481461244448,-2.6356308980780887,-1.9653331144504198,1,1,1,1,3,3,6,1.0346666666666682,-2.828666666666666,-1.9446666666666657,1.5285481461244448,-2.6356308980780887,-1.9653331144504198,-0.9840243574535006,-0.3846102882000396,0.04117645396134683
160,4,1.1428571428571428,1.9924301646902063,0.9640705423547682,"(1, 0, 1, 1, 1, 1, 0, 1, 1, 0, 1, 0, 1, 1, 0, 1, 0, 0, 1, 0, 0, 0, 0, 0, 0)",7,12,8,13,7.891333333333334,8.948666666666666,6.240666666666667,7.866666666666666,0.0,1.5413882516302253,-0.9640705423547682,1.1386517010075112,1,1,1,1,5,1,6,1.0573333333333323,-1.650666666666667,-0.024666666666667503,1.5413882516302253,-0.9640705423547682,1.1386517010075112,-0.9644456205813827,-1.3679948290384139,-2.3178306068922057
160,5,1.4285714285714284,1.9924301646902063,1.7119999999999997,"(1, 1, 0, 0, 0, 1, 1, 1, 1, 0, 1, 1, 1, 1, 0, 0, 0, 0, 0, 0, 0, 0, 0, 0, 0)",5,8,6,9,5.959333333333333,8.547333333333333,4.247333333333334,7.458,0.0,3.0630293065170764,-2.820616969813103,1.8899749779992465,1,1,1,1,3,1,4,2.587999999999999,-1.7119999999999997,1.4986666666666668,3.0630293065170764,-2.820616969813103,1.8899749779992465,-0.9464627194164946,2.2088418917430785,-0.7796544831930183
160,6,1.7142857142857142,1.9924301646902063,4.287355504606268,"(1, 0, 0, 0, 1, 0, 1, 1, 1, 1, 0, 1, 1, 1, 1, 0, 1, 1, 0, 0, 1, 1, 0, 0, 0)",7,10,12,15,9.474666666666666,8.537333333333333,4.308666666666666,5.227333333333333,0.0,-0.3069670740399374,-4.287355504606268,-4.001109704279109,1,1,1,1,3,5,8,-0.9373333333333331,-5.1659999999999995,-4.247333333333333,-0.3069670740399374,-4.287355504606268,-4.001109704279109,-1.2559607498190897,-1.7506377966614763,-0.4905833857871267
160,7,2.0,1.9924301646902063,2.9320000000000004,"(1, 1, 0, 0, 1, 0, 0, 0, 0, 0, 0, 0, 1, 0, 1, 0, 1, 0, 0, 1, 1, 1, 1, 1, 1)",7,12,12,17,7.602,9.41,4.67,7.503333333333333,0.0,2.308783798617129,-3.0522701836277504,0.0952824380980731,1,1,1,1,5,5,10,1.8079999999999998,-2.9320000000000004,-0.09866666666666735,2.308783798617129,-3.0522701836277504,0.0952824380980731,-0.9977767463529136,0.23962994177275926,-0.3864300467479299
170,0,0.0,1.9924301646902063,-0.9513333333333334,"(1, 0, 0, 1, 1, 0, 0, 0, 0, 0, 0, 0, 0, 0, 0, 1, 1, 1, 1, 1, 0, 1, 1, 1, 1)",6,9,11,14,6.819333333333334,9.51,7.770666666666667,9.398,0.0,1.9118917098108397,0.6557751815383691,2.0083253297818455,1,1,1,1,3,5,8,2.690666666666666,0.9513333333333334,2.578666666666666,1.9118917098108397,0.6557751815383691,2.0083253297818455,1.5516547155448626,0.5888789770563736,1.1363652837790552
170,1,0.2857142857142857,1.9924301646902063,-1.548,"(0, 0, 1, 0, 0, 0, 0, 0, 0, 0, 0, 0, 0, 0, 0, 0, 0, 1, 0, 1, 0, 0, 1, 1, 1)",4,9,9,14,4.166666666666667,7.443333333333333,5.714666666666667,6.746666666666667,0.0,3.9960179383026784,0.5064314716383697,4.100775488739502,1,1,1,1,5,5,10,3.2766666666666664,1.548,2.58,3.9960179383026784,0.5064314716383697,4.100775488739502,-1.4332571726158487,2.075252554499699,-3.030038957486074
170,2,0.5714285714285714,1.9924301646902063,0.8940000000000001,"(1, 0, 0, 0, 1, 0, 1, 0, 0, 1, 0, 1, 1, 1, 1, 0, 0, 1, 1, 0, 1, 1, 1, 1, 0)",7,10,12,15,7.933333333333334,10.448666666666666,7.039333333333333,7.382,0.0,1.5281496600915065,-1.1813782589836457,-0.4567092699728768,1,1,1,1,3,5,8,2.5153333333333325,-0.8940000000000001,-0.5513333333333339,1.5281496600915065,-1.1813782589836457,-0.4567092699728768,1.9668945286566941,0.5725811118751697,-0.18853183814493205
170,3,0.8571428571428571,1.9924301646902063,-0.37399999999999967,"(0, 0, 0, 1, 1, 1, 0, 0, 0, 1, 1, 0, 1, 0, 0, 1, 0, 0, 1, 0, 0, 0, 0, 0, 0)",5,10,10,15,5.432,8.207333333333333,6.726,5.806,0.0,2.890352025577261,1.3873512617867312,0.2791616041860383,1,1,1,1,5,5,10,2.7753333333333323,1.2939999999999996,0.37399999999999967,2.890352025577261,1.3873512617867312,0.2791616041860383,-0.22916671193002255,-0.18599586989577618,0.188958880590566
170,4,1.1428571428571428,1.9924301646902063,1.1580000000000004,"(1, 1, 0, 0, 0, 0, 1, 1, 1, 0, 0, 1, 1, 1, 0, 0, 0, 0, 1, 1, 0, 0, 0, 0, 0)",5,8,10,13,5.636,8.592,4.478,5.73,0.0,1.129265141120527,-2.0033221162571797,-1.2400442582773017,1,1,1,1,3,5,8,2.9560000000000004,-1.1580000000000004,0.0940000000000003,1.129265141120527,-2.0033221162571797,-1.2400442582773017,3.63964163572257,1.6842452833105654,2.657990021223469
170,5,1.4285714285714284,1.9924301646902063,4.287355504606268,"(1, 0, 0, 0, 1, 0, 1, 1, 1, 1, 0, 1, 1, 1, 1, 0, 1, 1, 0, 0, 1, 1, 0, 0, 0)",7,10,12,15,9.474666666666666,8.537333333333333,4.308666666666666,5.227333333333333,0.0,-0.3069670740399374,-4.287355504606268,-4.001109704279109,1,1,1,1,3,5,8,-0.9373333333333331,-5.1659999999999995,-4.247333333333333,-0.3069670740399374,-4.287355504606268,-4.001109704279109,-1.2559607498190897,-1.7506377966614763,-0.4905833857871267
170,6,1.7142857142857142,1.9924301646902063,2.3660329586825624,"(1, 1, 0, 0, 1, 1, 0, 0, 0, 1, 0, 0, 1, 0, 1, 0, 1, 0, 0, 1, 1, 1, 0, 0, 1)",7,12,12,17,7.649333333333334,8.536,6.480666666666667,5.202,0.0,0.2645504496449771,-1.9720188245586008,-2.3660329586825624,1,1,1,1,5,5,10,0.8866666666666658,-1.1686666666666667,-2.447333333333334,0.2645504496449771,-1.9720188245586008,-2.3660329586825624,1.2395231167369714,1.6006230722528587,-0.16198531885481202
170,7,2.0,1.9924301646902063,2.6356308980780887,"(0, 0, 1, 0, 0, 1, 0, 1, 0, 0, 0, 0, 0, 1, 1, 0, 1, 0, 1, 1, 1, 0, 1, 1, 1)",8,11,11,14,8.732,9.766666666666667,5.903333333333333,6.787333333333334,0.0,1.5285481461244448,-2.6356308980780887,-1.9653331144504198,1,1,1,1,3,3,6,1.0346666666666682,-2.828666666666666,-1.9446666666666657,1.5285481461244448,-2.6356308980780887,-1.9653331144504198,-0.9840243574535006,-0.3846102882000396,0.04117645396134683
180,0,0.0,1.9924301646902063,-1.548,"(0, 0, 1, 0, 0, 0, 0, 0, 0, 0, 0, 0, 0, 0, 0, 0, 0, 1, 0, 1, 0, 0, 1, 1, 1)",4,9,9,14,4.166666666666667,7.443333333333333,5.714666666666667,6.746666666666667,0.0,3.9960179383026784,0.5064314716383697,4.100775488739502,1,1,1,1,5,5,10,3.2766666666666664,1.548,2.58,3.9960179383026784,0.5064314716383697,4.100775488739502,-1.4332571726158487,2.075252554499699,-3.030038957486074
180,1,0.2857142857142857,1.9924301646902063,-0.38808111985577076,"(1, 0, 0, 0, 0, 0, 1, 0, 1, 1, 1, 0, 1, 1, 1, 0, 0, 1, 1, 0, 1, 1, 1, 1, 0)",8,11,13,16,9.026,10.762666666666666,9.111333333333333,9.7,0.0,1.043944853845904,0.38808111985577076,0.025148896300978076,1,1,1,1,3,5,8,1.7366666666666664,0.08533333333333282,0.6739999999999995,1.043944853845904,0.38808111985577076,0.025148896300978076,1.3801998356029699,-0.6032038221604964,1.2927905114024634
180,2,0.5714285714285714,1.9924301646902063,-0.18333333333333357,"(0, 1, 0, 1, 1, 1, 0, 0, 0, 1, 1, 0, 1, 0, 0, 1, 0, 0, 1, 0, 0, 1, 0, 0, 0)",6,11,11,16,6.3,7.514666666666667,9.552,6.483333333333333,0.0,1.705475944748935,1.7774690880330737,-0.8823366293765863,1,1,1,1,5,5,10,1.214666666666667,3.252,0.18333333333333357,1.705475944748935,1.7774690880330737,-0.8823366293765863,-0.9779032107609343,2.937899867771063,2.123272979307532
180,3,0.8571428571428571,1.9924301646902063,2.846,"(1, 1, 0, 0, 0, 0, 1, 1, 1, 0, 1, 0, 1, 1, 0, 0, 1, 0, 1, 1, 1, 1, 0, 0, 1)",8,9,13,14,9.873333333333333,8.053333333333333,8.312,7.027333333333333,0.0,-1.5929700547827603,-1.7365135790922201,-3.407941106137892,1,1,1,1,1,5,6,-1.8200000000000003,-1.5613333333333337,-2.846,-1.5929700547827603,-1.7365135790922201,-3.407941106137892,-0.45234131113879394,0.34903440590784895,1.1196284106485166
180,4,1.1428571428571428,1.9924301646902063,4.287355504606268,"(1, 0, 0, 0, 1, 0, 1, 1, 1, 1, 0, 1, 1, 1, 1, 0, 1, 1, 0, 0, 1, 1, 0, 0, 0)",7,10,12,15,9.474666666666666,8.537333333333333,4.308666666666666,5.227333333333333,0.0,-0.3069670740399374,-4.287355504606268,-4.001109704279109,1,1,1,1,3,5,8,-0.9373333333333331,-5.1659999999999995,-4.247333333333333,-0.3069670740399374,-4.287355504606268,-4.001109704279109,-1.2559607498190897,-1.7506377966614763,-0.4905833857871267
180,5,1.4285714285714284,1.9924301646902063,0.11361279561322322,"(1, 1, 0, 0, 1, 0, 0, 0, 0, 0, 0, 0, 1, 0, 1, 0, 1, 1, 1, 0, 1, 1, 1, 0, 1)",8,13,13,18,8.438666666666666,9.286666666666667,7.9206666666666665,8.994,0.0,0.8913689794565159,-0.11361279561322322,0.6885395886910533,1,1,1,1,5,5,10,0.8480000000000008,-0.5179999999999998,0.5553333333333335,0.8913689794565159,-0.11361279561322322,0.6885395886910533,-0.08640966288099074,-0.8057132642349574,-0.2654041613001473
180,6,1.7142857142857142,1.9924301646902063,1.6113333333333326,"(0, 0, 1, 0, 0, 1, 0, 1, 0, 0, 0, 0, 0, 1, 1, 0, 0, 1, 1, 1, 1, 0, 1, 1, 1)",7,12,8,13,8.220666666666666,6.609333333333334,9.328,7.538666666666667,0.0,-2.193842716227445,1.0026794113238746,-0.8297807492546476,1,1,1,1,5,1,6,-1.6113333333333326,1.107333333333333,-0.6819999999999995,-2.193842716227445,1.0026794113238746,-0.8297807492546476,1.1606092656933067,0.2085156310647813,0.29444282257548066
180,7,2.0,1.9924301646902063,2.66,"(1, 0, 0, 1, 1, 0, 0, 0, 0, 0, 1, 1, 0, 0, 0, 1, 1, 1, 1, 1, 0, 1, 1, 1, 1)",7,12,12,17,9.112,10.132,6.452,7.478666666666666,0.0,0.9797886025428793,-2.9004027288524736,-0.657147744540711,1,1,1,1,5,5,10,1.0199999999999996,-2.66,-1.6333333333333337,0.9797886025428793,-2.9004027288524736,-0.657147744540711,0.08011840125791359,0.47898564863950877,-1.9449816134462914
190,0,0.0,1.9924301646902063,-1.3509562041117247,"(0, 0, 1, 0, 1, 0, 0, 0, 0, 0, 0, 0, 0, 0, 0, 0, 0, 1, 0, 1, 0, 0, 1, 1, 0)",5,10,10,15,5.342,6.578,6.697333333333333,8.718666666666667,0.0,1.3509562041117247,1.231631775359722,4.366211462902117,1,1,1,1,5,5,10,1.2360000000000007,1.3553333333333333,3.376666666666668,1.3509562041117247,1.231631775359722,4.366211462902117,-0.22904220869048328,0.2464667155257976,-1.9715989013317334
190,1,0.2857142857142857,1.9924301646902063,-0.9766666666666666,"(0, 1, 0, 1, 0, 1, 0, 0, 0, 1, 1, 0, 1, 1, 0, 1, 0, 0, 0, 0, 0, 1, 0, 0, 1)",6,11,11,16,6.37,7.808666666666666,7.346666666666667,8.786666666666667,0.0,1.4234363858805648,0.7529172211234871,1.504638984148161,1,1,1,1,5,5,10,1.4386666666666663,0.9766666666666666,2.416666666666667,1.4234363858805648,0.7529172211234871,1.504638984148161,0.030345270854930412,0.44580514463293935,1.8171514656823737
190,2,0.5714285714285714,1.9924301646902063,0.4219999999999997,"(1, 1, 0, 0, 0, 0, 1, 1, 0, 0, 0, 1, 1, 0, 0, 0, 1, 0, 1, 1, 1, 1, 0, 0, 1)",6,9,11,14,7.067333333333333,7.91,9.596666666666666,6.645333333333333,0.0,0.14132971301535804,1.3718545827280304,-0.5661601003531922,1,1,1,1,3,5,8,0.8426666666666671,2.5293333333333328,-0.4219999999999997,0.14132971301535804,1.3718545827280304,-0.5661601003531922,1.3973649020668053,2.306195577693937,0.287228932488468
190,3,0.8571428571428571,1.9924301646902063,0.6250474807762584,"(1, 1, 0, 0, 1, 0, 1, 0, 1, 0, 1, 0, 1, 1, 1, 0, 0, 0, 1, 0, 1, 0, 0, 1, 0)",7,12,8,13,8.768,6.542,7.504666666666667,9.651333333333334,0.0,-0.6250474807762584,-0.4918645933231884,1.3368320880553641,1,1,1,1,5,1,6,-2.226000000000001,-1.2633333333333336,0.8833333333333329,-0.6250474807762584,-0.4918645933231884,1.3368320880553641,-3.189786091538162,-1.5370975887117595,-0.9035645985576203
190,4,1.1428571428571428,1.9924301646902063,1.0326666666666657,"(1, 1, 0, 0, 1, 0, 0, 0, 1, 0, 0, 0, 1, 1, 1, 0, 1, 0, 1, 0, 1, 1, 0, 0, 1)",8,11,11,14,8.886,7.8533333333333335,8.649333333333333,8.95,0.0,-1.1062857798877668,-0.3297693303691712,0.04587017001375724,1,1,1,1,3,3,6,-1.0326666666666657,-0.23666666666666636,0.06400000000000006,-1.1062857798877668,-0.3297693303691712,0.04587017001375724,0.1466809418794653,0.18550055557387865,0.036122420145295216
190,5,1.4285714285714284,1.9924301646902063,1.299994268121536,"(0, 0, 1, 0, 0, 1, 0, 0, 0, 0, 0, 0, 1, 1, 1, 0, 0, 1, 1, 1, 1, 0, 1, 1, 1)",7,12,10,15,8.057333333333334,8.65,6.316666666666666,9.769333333333334,0.0,2.2717245975538916,-1.299994268121536,2.0134613719841594,1,1,1,1,5,3,8,0.5926666666666662,-1.7406666666666677,1.7119999999999997,2.2717245975538916,-1.299994268121536,2.0134613719841594,-3.3454056697620316,-0.8780089796077051,-0.6006407310301348
190,6,1.7142857142857142,1.9924301646902063,2.66,"(1, 0, 0, 1, 1, 0, 0, 0, 0, 0, 1, 1, 0, 0, 0, 1, 1, 1, 1, 1, 0, 1, 1, 1, 1)",7,12,12,17,9.112,10.132,6.452,7.478666666666666,0.0,0.9797886025428793,-2.9004027288524736,-0.657147744540711,1,1,1,1,5,5,10,1.0199999999999996,-2.66,-1.6333333333333337,0.9797886025428793,-2.9004027288524736,-0.657147744540711,0.08011840125791359,0.47898564863950877,-1.9449816134462914
190,7,2.0,1.9924301646902063,4.974,"(1, 0, 0, 0, 1, 1, 1, 1, 1, 1, 1, 1, 1, 1, 1, 0, 1, 1, 0, 0, 1, 1, 0, 0, 0)",8,11,13,16,8.227333333333334,7.842666666666666,3.2533333333333334,6.768666666666666,0.0,0.10546597005093444,-5.76835098413344,-3.2176861635229197,1,1,1,1,3,5,8,-0.3846666666666678,-4.974,-1.4586666666666677,0.10546597005093444,-5.76835098413344,-3.2176861635229197,-0.9765550500952973,1.5826888621388178,3.504723505814586
200,0,0.0,1.9924301646902063,0.3488081074984328,"(0, 1, 0, 1, 0, 0, 1, 0, 0, 1, 1, 0, 1, 1, 0, 1, 0, 1, 1, 0, 0, 1, 0, 0, 1)",8,11,13,16,8.434666666666667,7.808666666666666,7.55,8.944666666666667,0.0,-0.3488081074984328,0.19933156892078402,1.2188802223057038,1,1,1,1,3,5,8,-0.6260000000000003,-0.8846666666666669,0.5099999999999998,-0.3488081074984328,0.19933156892078402,1.2188802223057038,-0.5522854880276882,-2.159790783055398,-1.412394338074184
200,1,0.2857142857142857,1.9924301646902063,-0.993292851436891,"(0, 0, 1, 0, 1, 0, 0, 0, 0, 0, 0, 0, 1, 0, 1, 0, 0, 1, 0, 1, 0, 0, 1, 1, 0)",5,10,10,15,5.685333333333333,8.362,6.55,9.870666666666667,0.0,2.614156928525314,0.993292851436891,4.98913368483604,1,1,1,1,5,5,10,2.6766666666666667,0.8646666666666665,4.185333333333333,2.614156928525314,0.993292851436891,4.98913368483604,0.12454628785971734,-0.25627869050521124,-1.6015160667225838
200,2,0.5714285714285714,1.9924301646902063,0.9488837968772397,"(0, 0, 0, 1, 1, 0, 1, 0, 0, 0, 1, 1, 1, 1, 1, 0, 1, 0, 1, 0, 1, 0, 0, 1, 0)",7,10,12,15,8.16,8.834,7.1353333333333335,8.076,0.0,0.901685340087022,-0.9488837968772397,0.6509047966913504,1,1,1,1,3,5,8,0.6739999999999995,-1.0246666666666666,-0.08399999999999963,0.901685340087022,-0.9488837968772397,0.6509047966913504,-0.45364713964713177,-0.1509920757352444,-1.464246485103369
200,3,0.8571428571428571,1.9924301646902063,0.1789202287891794,"(1, 1, 1, 0, 1, 0, 0, 1, 0, 1, 0, 0, 1, 1, 1, 1, 1, 0, 1, 1, 1, 0, 1, 0, 1)",8,9,11,12,9.590666666666667,7.617333333333334,9.476,9.670666666666667,0.0,-0.1789202287891794,0.614554015242224,0.011157608922266285,1,1,1,1,1,3,4,-1.9733333333333336,-0.11466666666666647,0.08000000000000007,-0.1789202287891794,0.614554015242224,0.011157608922266285,-3.5752427974091736,-1.452921283351235,0.1371636565926767
200,4,1.1428571428571428,1.9924301646902063,1.1820000000000004,"(0, 0, 1, 0, 0, 1, 0, 0, 0, 0, 0, 0, 1, 0, 0, 0, 0, 1, 1, 1, 1, 0, 1, 1, 1)",6,11,9,14,6.95,9.301333333333334,5.768,8.848,0.0,2.5227265220789747,-1.3518860048552461,1.5371377339455539,1,1,1,1,5,3,8,2.3513333333333337,-1.1820000000000004,1.8980000000000006,2.5227265220789747,-1.3518860048552461,1.5371377339455539,-0.34148895927925715,0.33848600063229844,0.7189928641853423
200,5,1.4285714285714284,1.9924301646902063,2.2780000000000005,"(0, 0, 0, 0, 1, 0, 0, 0, 0, 0, 1, 1, 0, 0, 0, 1, 1, 1, 1, 1, 0, 1, 1, 1, 1)",6,9,11,14,7.448666666666667,9.472666666666667,5.1706666666666665,6.334,0.0,2.1375676331314173,-2.9509219025838425,-1.7011811508383805,1,1,1,1,3,5,8,2.024,-2.2780000000000005,-1.1146666666666674,2.1375676331314173,-2.9509219025838425,-1.7011811508383805,-0.22627557798350664,1.3407498971887712,1.1685891502914378
200,6,1.7142857142857142,1.9924301646902063,4.974,"(1, 0, 0, 0, 1, 1, 1, 1, 1, 1, 1, 1, 1, 1, 1, 0, 1, 1, 0, 0, 1, 1, 0, 0, 0)",8,11,13,16,8.227333333333334,7.842666666666666,3.2533333333333334,6.768666666666666,0.0,0.10546597005093444,-5.76835098413344,-3.2176861635229197,1,1,1,1,3,5,8,-0.3846666666666678,-4.974,-1.4586666666666677,0.10546597005093444,-5.76835098413344,-3.2176861635229197,-0.9765550500952973,1.5826888621388178,3.504723505814586
200,7,2.0,1.9924301646902063,2.995333333333333,"(1, 1, 0, 0, 0, 0, 1, 1, 0, 0, 0, 1, 1, 1, 0, 0, 1, 1, 1, 1, 1, 1, 0, 0, 1)",7,8,12,13,8.646666666666667,6.634,8.787333333333333,5.6513333333333335,0.0,-2.4797785829734313,-0.8717988876166705,-3.5382460389086314,1,1,1,1,1,5,6,-2.012666666666666,0.14066666666666627,-2.995333333333333,-2.4797785829734313,-0.8717988876166705,-3.5382460389086314,0.930687872335846,2.0172669110639094,1.0817156513817974
210,0,0.0,1.9924301646902063,1.0419999999999998,"(0, 0, 1, 0, 1, 0, 0, 0, 0, 0, 0, 0, 0, 1, 1, 0, 0, 0, 0, 1, 0, 0, 0, 1, 0)",5,10,10,15,5.266666666666667,4.224666666666667,8.475333333333333,7.81,0.0,-1.352151662210539,3.97441114007226,2.891326102546663,1,1,1,1,5,5,10,-1.0419999999999998,3.208666666666667,2.543333333333333,-1.352151662210539,3.97441114007226,2.891326102546663,0.6179555274170857,-1.5256923872581212,-0.693351290474716
210,1,0.2857142857142857,1.9924301646902063,-0.9299999999999988,"(0, 1, 0, 1, 1, 0, 1, 0, 0, 0, 1, 1, 0, 0, 0, 0, 0, 1, 1, 1, 1, 1, 0, 1, 0)",7,8,10,11,7.892,8.822,8.714666666666666,9.135333333333334,0.0,0.9290480476821019,1.482456594981278,0.12499178566489898,1,1,1,1,1,3,4,0.9299999999999988,0.8226666666666658,1.2433333333333332,0.9290480476821019,1.482456594981278,0.12499178566489898,0.0018966985135245623,-1.3145853555328222,2.2282174340009187
210,2,0.5714285714285714,1.9924301646902063,0.5773333333333328,"(1, 1, 0, 0, 1, 0, 0, 1, 0, 0, 0, 0, 1, 0, 0, 1, 1, 0, 1, 1, 1, 0, 1, 0, 1)",7,10,12,15,8.056,8.396666666666667,7.62,7.478666666666666,0.0,1.6266642626789662,-1.0232235801331266,-1.3129672023049623,1,1,1,1,3,5,8,0.34066666666666734,-0.43599999999999905,-0.5773333333333328,1.6266642626789662,-1.0232235801331266,-1.3129672023049623,-2.562260402013994,1.17000197447462,1.4656991107068373
210,3,0.8571428571428571,1.9924301646902063,1.1820000000000004,"(0, 0, 1, 0, 0, 1, 0, 0, 0, 0, 0, 0, 1, 0, 0, 0, 0, 1, 1, 1, 1, 0, 1, 1, 1)",6,11,9,14,6.95,9.301333333333334,5.768,8.848,0.0,2.5227265220789747,-1.3518860048552461,1.5371377339455539,1,1,1,1,5,3,8,2.3513333333333337,-1.1820000000000004,1.8980000000000006,2.5227265220789747,-1.3518860048552461,1.5371377339455539,-0.34148895927925715,0.33848600063229844,0.7189928641853423
210,4,1.1428571428571428,1.9924301646902063,-1.2979575617309649,"(0, 1, 0, 1, 1, 0, 1, 1, 0, 0, 1, 0, 0, 1, 0, 1, 0, 0, 0, 0, 0, 1, 0, 0, 1)",6,11,9,14,6.403333333333333,9.56,7.6033333333333335,9.726,0.0,3.190899046864307,1.2979575617309649,3.0332756827243696,1,1,1,1,5,3,8,3.156666666666667,1.2000000000000002,3.3226666666666675,3.190899046864307,1.2979575617309649,3.0332756827243696,-0.06820562691492134,-0.19517360085227706,0.5765913257960135
210,5,1.4285714285714284,1.9924301646902063,2.9880000000000004,"(0, 0, 0, 0, 1, 0, 0, 1, 0, 0, 0, 0, 1, 0, 0, 1, 1, 1, 1, 1, 0, 1, 1, 1, 1)",6,11,11,16,8.173333333333334,9.35,5.185333333333333,7.851333333333334,0.0,1.68479894726204,-3.5196500240381905,0.5942755037882654,1,1,1,1,5,5,10,1.1766666666666659,-2.9880000000000004,-0.32200000000000006,1.68479894726204,-3.5196500240381905,0.5942755037882654,-1.0124180835110512,1.059275544951963,-1.8256149529144556
210,6,1.7142857142857142,1.9924301646902063,1.5146666666666668,"(1, 1, 0, 0, 0, 0, 1, 0, 0, 0, 0, 1, 0, 1, 0, 0, 1, 1, 1, 1, 1, 1, 0, 0, 1)",6,7,11,12,7.117333333333334,5.602666666666667,7.6706666666666665,6.721333333333333,0.0,-2.6121202221347417,-0.06951367463474774,-1.104249073497195,1,1,1,1,1,5,6,-1.5146666666666668,0.5533333333333328,-0.3960000000000008,-2.6121202221347417,-0.06951367463474774,-1.104249073497195,2.186599568261109,1.240979166662645,1.4111368181497008
210,7,2.0,1.9924301646902063,4.974,"(1, 0, 0, 0, 1, 1, 1, 1, 1, 1, 1, 1, 1, 1, 1, 0, 1, 1, 0, 0, 1, 1, 0, 0, 0)",8,11,13,16,8.227333333333334,7.842666666666666,3.2533333333333334,6.768666666666666,0.0,0.10546597005093444,-5.76835098413344,-3.2176861635229197,1,1,1,1,3,5,8,-0.3846666666666678,-4.974,-1.4586666666666677,0.10546597005093444,-5.76835098413344,-3.2176861635229197,-0.9765550500952973,1.5826888621388178,3.504723505814586
220,0,0.0,1.9924301646902063,-0.7306666666666661,"(0, 0, 0, 1, 1, 0, 1, 0, 0, 0, 0, 0, 0, 0, 1, 1, 1, 1, 1, 1, 1, 1, 0, 1, 0)",7,12,10,15,7.856,10.462,8.586666666666666,10.186666666666667,0.0,2.1527101023830633,0.6016253572846779,1.3375405076694753,1,1,1,1,5,3,8,2.606,0.7306666666666661,2.3306666666666676,2.1527101023830633,0.6016253572846779,1.3375405076694753,0.9031484653613198,0.2571057973037946,1.9787345165289278
220,1,0.2857142857142857,1.9924301646902063,-0.762666666666667,"(1, 1, 0, 0, 1, 0, 0, 1, 1, 1, 0, 0, 1, 0, 0, 1, 1, 1, 0, 0, 1, 0, 0, 0, 1)",6,9,11,14,6.6626666666666665,9.908666666666667,7.988,7.425333333333334,0.0,2.3728957736942706,0.112373061288528,0.382812248975811,1,1,1,1,3,5,8,3.2460000000000004,1.325333333333334,0.762666666666667,2.3728957736942706,0.112373061288528,0.382812248975811,1.7395991974100404,2.41673863459291,0.7568333999980947
220,2,0.5714285714285714,1.9924301646902063,-1.3748653660880061,"(1, 0, 1, 0, 0, 1, 0, 1, 0, 0, 0, 0, 0, 0, 0, 1, 0, 0, 0, 0, 0, 0, 1, 1, 1)",5,10,6,11,5.392,8.407333333333334,6.265333333333333,9.609333333333334,0.0,2.908903764221819,1.3748653660880061,4.734412557336869,1,1,1,1,5,1,6,3.0153333333333334,0.8733333333333331,4.217333333333333,2.908903764221819,1.3748653660880061,4.734412557336869,0.21205348391276202,-0.9992675506188072,-1.0302442434392485
220,3,0.8571428571428571,1.9924301646902063,0.458967357492858,"(0, 1, 1, 0, 1, 0, 1, 0, 0, 0, 1, 0, 1, 1, 0, 1, 0, 0, 1, 1, 0, 1, 0, 0, 1)",7,12,10,15,8.840666666666667,9.481333333333334,8.404,7.397333333333333,0.0,-0.11529529219674103,0.6864586060745986,-0.458967357492858,1,1,1,1,5,3,8,0.6406666666666663,-0.4366666666666674,-1.4433333333333342,-0.11529529219674103,0.6864586060745986,-0.458967357492858,1.5062014101977497,-2.2377486721356132,-1.9612804633592757
220,4,1.1428571428571428,1.9924301646902063,0.28854816407302364,"(0, 0, 1, 0, 0, 0, 0, 1, 0, 0, 0, 0, 1, 0, 0, 0, 0, 0, 0, 1, 1, 1, 0, 1, 1)",5,8,10,13,5.634,6.726666666666667,4.436,9.234666666666667,0.0,2.839655746942363,-0.28854816407302364,4.877823252968681,1,1,1,1,3,5,8,1.0926666666666662,-1.1980000000000004,3.600666666666667,2.839655746942363,-0.28854816407302364,4.877823252968681,-3.4807537409256986,-1.8120192712337968,-2.544645307580903
220,5,1.4285714285714284,1.9924301646902063,1.0580000000000007,"(1, 0, 0, 0, 0, 0, 0, 0, 0, 0, 1, 0, 0, 1, 1, 0, 1, 1, 0, 1, 1, 1, 0, 0, 1)",6,11,11,16,6.884,8.045333333333334,5.826,6.44,0.0,2.2948367874642988,-1.3575533617681428,0.3252974315550881,1,1,1,1,5,5,10,1.1613333333333333,-1.0580000000000007,-0.44399999999999995,2.2948367874642988,-1.3575533617681428,0.3252974315550881,-2.258426473791077,0.5968391539212042,-1.5327714082490567
220,6,1.7142857142857142,1.9924301646902063,4.974,"(1, 0, 0, 0, 1, 1, 1, 1, 1, 1, 1, 1, 1, 1, 1, 0, 1, 1, 0, 0, 1, 1, 0, 0, 0)",8,11,13,16,8.227333333333334,7.842666666666666,3.2533333333333334,6.768666666666666,0.0,0.10546597005093444,-5.76835098413344,-3.2176861635229197,1,1,1,1,3,5,8,-0.3846666666666678,-4.974,-1.4586666666666677,0.10546597005093444,-5.76835098413344,-3.2176861635229197,-0.9765550500952973,1.5826888621388178,3.504723505814586
220,7,2.0,1.9924301646902063,2.59,"(0, 0, 0, 0, 1, 1, 1, 1, 0, 0, 0, 0, 1, 0, 0, 1, 1, 1, 1, 1, 0, 1, 1, 1, 1)",7,10,12,15,8.968,8.822,6.378,7.392,0.0,0.2150496291088954,-2.7812554050039995,-0.9428622301572877,1,1,1,1,3,5,8,-0.1460000000000008,-2.59,-1.5759999999999996,0.2150496291088954,-2.7812554050039995,-0.9428622301572877,-0.719366171986776,0.3810630380900111,-1.2614827910393045
230,0,0.0,1.9924301646902063,-0.20066666666666588,"(1, 1, 0, 0, 0, 0, 0, 1, 1, 1, 0, 0, 1, 0, 1, 1, 1, 1, 0, 1, 1, 0, 0, 1, 1)",7,10,12,15,7.855333333333333,9.323333333333334,8.823333333333334,8.056,0.0,0.3041776718093715,0.30134399335292467,-0.08691423140637433,1,1,1,1,3,5,8,1.4680000000000009,0.9680000000000009,0.20066666666666588,0.3041776718093715,0.30134399335292467,-0.08691423140637433,2.318834713026995,1.3282655371155492,0.572984856109425
230,1,0.2857142857142857,1.9924301646902063,-0.6513333333333335,"(1, 0, 1, 0, 0, 1, 0, 1, 1, 0, 0, 1, 1, 1, 0, 1, 1, 1, 0, 0, 0, 0, 1, 1, 1)",7,10,8,11,7.888,8.539333333333333,9.381333333333334,10.072666666666667,0.0,0.5771406043719306,0.8175605109112163,1.8881596527380837,1,1,1,1,3,1,4,0.6513333333333335,1.493333333333334,2.1846666666666668,0.5771406043719306,0.8175605109112163,1.8881596527380837,0.1478238311833839,1.3464301558716656,0.590769518593528
230,2,0.5714285714285714,1.9924301646902063,1.5336841883267562,"(0, 0, 1, 0, 0, 0, 1, 0, 0, 0, 1, 0, 1, 1, 0, 1, 0, 1, 1, 1, 0, 0, 1, 0, 0)",6,9,11,14,7.286,7.586666666666667,5.219333333333333,8.230666666666666,0.0,1.7474498068850741,-1.5336841883267562,1.230347764809144,1,1,1,1,3,5,8,0.3006666666666673,-2.0666666666666664,0.9446666666666665,1.7474498068850741,-1.5336841883267562,1.230347764809144,-2.8826143703363742,-1.0619303670957816,-0.5691996374208955
230,3,0.8571428571428571,1.9924301646902063,-0.04471898814082478,"(0, 0, 0, 0, 0, 0, 0, 1, 0, 0, 0, 1, 0, 0, 0, 1, 0, 0, 0, 1, 1, 0, 1, 1, 1)",5,10,10,15,5.639333333333333,6.523333333333333,6.274,5.354,0.0,2.16944651576646,-0.31387416527753015,0.04471898814082478,1,1,1,1,5,5,10,0.8840000000000003,0.6346666666666669,-0.285333333333333,2.16944651576646,-0.31387416527753015,0.04471898814082478,-2.561162413109019,1.8899013660059618,-0.657606201231141
230,4,1.1428571428571428,1.9924301646902063,0.7759999999999998,"(1, 0, 0, 0, 0, 1, 0, 0, 0, 1, 0, 0, 1, 0, 0, 0, 0, 0, 1, 1, 0, 1, 0, 0, 1)",6,9,11,14,6.226,7.506666666666667,5.45,6.577333333333334,0.0,0.972173091691175,-0.7959094364549145,0.0647761184653746,1,1,1,1,3,5,8,1.2806666666666668,-0.7759999999999998,0.3513333333333337,0.972173091691175,-0.7959094364549145,0.0647761184653746,0.6146519043942896,0.03966816175475493,0.5709452388125347
230,5,1.4285714285714284,1.9924301646902063,4.974,"(1, 0, 0, 0, 1, 1, 1, 1, 1, 1, 1, 1, 1, 1, 1, 0, 1, 1, 0, 0, 1, 1, 0, 0, 0)",8,11,13,16,8.227333333333334,7.842666666666666,3.2533333333333334,6.768666666666666,0.0,0.10546597005093444,-5.76835098413344,-3.2176861635229197,1,1,1,1,3,5,8,-0.3846666666666678,-4.974,-1.4586666666666677,0.10546597005093444,-5.76835098413344,-3.2176861635229197,-0.9765550500952973,1.5826888621388178,3.504723505814586
230,6,1.7142857142857142,1.9924301646902063,1.2144525997175037,"(0, 1, 1, 0, 0, 0, 1, 0, 0, 0, 0, 0, 0, 0, 1, 1, 1, 1, 1, 1, 1, 1, 0, 1, 0)",7,8,10,11,8.122,8.595333333333333,6.554666666666667,8.980666666666666,0.0,0.8697179050002157,-1.2144525997175037,0.5343697701699152,1,1,1,1,1,3,4,0.4733333333333327,-1.567333333333333,0.8586666666666662,0.8697179050002157,-1.2144525997175037,0.5343697701699152,-0.7897685774069046,-0.7030902181941875,0.6461389188955445
230,7,2.0,1.9924301646902063,3.876666666666667,"(1, 0, 0, 0, 0, 0, 0, 1, 0, 0, 0, 0, 1, 0, 0, 0, 1, 1, 1, 0, 0, 1, 1, 1, 1)",6,11,11,16,7.08,7.445333333333333,3.203333333333333,7.758,0.0,2.239801438692966,-4.807733987397468,1.4567763839697152,1,1,1,1,5,5,10,0.36533333333333307,-3.876666666666667,0.6779999999999999,2.239801438692966,-4.807733987397468,1.4567763839697152,-3.734746795868232,1.8550866151813383,-1.551657558969623
240,0,0.0,1.9924301646902063,0.4080939739544376,"(1, 0, 1, 1, 0, 1, 0, 1, 1, 1, 0, 1, 1, 1, 0, 1, 1, 1, 0, 1, 0, 0, 1, 1, 0)",8,13,9,14,10.752666666666666,10.634666666666666,9.558,10.650666666666666,0.0,-0.5235220948288237,-0.4080939739544376,0.06796400672887609,1,1,1,1,5,1,6,-0.11800000000000033,-1.1946666666666665,-0.10200000000000031,-0.5235220948288237,-0.4080939739544376,0.06796400672887609,0.8079744541853101,-1.5671911596814454,-0.33864141391822256
240,1,0.2857142857142857,1.9924301646902063,-0.6460786880702107,"(0, 0, 1, 0, 0, 1, 0, 0, 0, 0, 1, 0, 1, 1, 0, 1, 0, 1, 1, 1, 0, 0, 1, 0, 0)",5,10,10,15,6.633333333333334,8.929333333333334,6.208,9.496666666666666,0.0,3.3935513327262417,0.6460786880702107,2.733038595018497,1,1,1,1,5,5,10,2.2960000000000003,-0.42533333333333356,2.8633333333333324,3.3935513327262417,0.6460786880702107,2.733038595018497,-2.1867943826197007,-2.1347136302561305,0.2596031669188944
240,2,0.5714285714285714,1.9924301646902063,2.574,"(0, 0, 1, 0, 0, 0, 0, 0, 0, 0, 0, 1, 0, 0, 0, 1, 0, 0, 0, 1, 1, 0, 1, 1, 1)",6,11,9,14,6.914,7.540666666666667,5.441333333333334,4.34,0.0,1.1027436818172058,-1.4074526683371613,-2.7289651822373537,1,1,1,1,5,3,8,0.6266666666666669,-1.4726666666666661,-2.574,1.1027436818172058,-1.4074526683371613,-2.7289651822373537,-0.9485502057016101,-0.1299343374317621,0.30875730356641884
240,3,0.8571428571428571,1.9924301646902063,0.7759999999999998,"(1, 0, 0, 0, 0, 1, 0, 0, 0, 1, 0, 0, 1, 0, 0, 0, 0, 0, 1, 1, 0, 1, 0, 0, 1)",6,9,11,14,6.226,7.506666666666667,5.45,6.577333333333334,0.0,0.972173091691175,-0.7959094364549145,0.0647761184653746,1,1,1,1,3,5,8,1.2806666666666668,-0.7759999999999998,0.3513333333333337,0.972173091691175,-0.7959094364549145,0.0647761184653746,0.6146519043942896,0.03966816175475493,0.5709452388125347
240,4,1.1428571428571428,1.9924301646902063,-0.17046346964571715,"(1, 1, 0, 0, 1, 0, 0, 1, 1, 0, 1, 1, 1, 0, 1, 0, 0, 1, 0, 1, 1, 0, 0, 1, 1)",8,9,13,14,10.071333333333333,10.054,10.382,10.758666666666667,0.0,0.17046346964571715,-0.33871312799733466,0.29957294431764236,1,1,1,1,1,5,6,-0.0173333333333332,0.3106666666666662,0.6873333333333331,0.17046346964571715,-0.33871312799733466,0.29957294431764236,-0.37417201508784353,1.2938438912288877,0.7725854957468712
240,5,1.4285714285714284,1.9924301646902063,0.22866666666666724,"(0, 0, 0, 0, 0, 0, 1, 0, 0, 0, 0, 0, 0, 0, 1, 1, 1, 1, 1, 1, 1, 1, 0, 1, 0)",6,11,9,14,7.642,8.444,7.413333333333333,8.71,0.0,2.8216795992342694,-0.40959936563442373,1.9045418563144276,1,1,1,1,5,3,8,0.8020000000000005,-0.22866666666666724,1.0680000000000005,2.8216795992342694,-0.40959936563442373,1.9045418563144276,-4.024070556523784,0.3604957672021706,-1.666751228546805
240,6,1.7142857142857142,1.9924301646902063,3.876666666666667,"(1, 0, 0, 0, 0, 0, 0, 1, 0, 0, 0, 0, 1, 0, 0, 0, 1, 1, 1, 0, 0, 1, 1, 1, 1)",6,11,11,16,7.08,7.445333333333333,3.203333333333333,7.758,0.0,2.239801438692966,-4.807733987397468,1.4567763839697152,1,1,1,1,5,5,10,0.36533333333333307,-3.876666666666667,0.6779999999999999,2.239801438692966,-4.807733987397468,1.4567763839697152,-3.734746795868232,1.8550866151813383,-1.551657558969623
240,7,2.0,1.9924301646902063,5.064666666666667,"(1, 0, 0, 0, 1, 1, 0, 1, 1, 1, 1, 0, 1, 1, 1, 0, 1, 1, 0, 0, 1, 1, 0, 0, 0)",7,10,12,15,9.545333333333334,8.75,4.480666666666667,5.746,0.0,0.08368206691698918,-5.170046343789913,-3.8074454922712206,1,1,1,1,3,5,8,-0.7953333333333337,-5.064666666666667,-3.7993333333333332,0.08368206691698918,-5.170046343789913,-3.8074454922712206,-1.7513767986859785,0.20996164744567072,0.01616291016860815
250,0,0.0,1.9924301646902063,-1.5313333333333334,"(0, 0, 1, 1, 0, 1, 0, 0, 0, 1, 1, 0, 0, 0, 1, 1, 0, 1, 1, 0, 0, 0, 1, 0, 0)",6,11,11,16,6.5633333333333335,9.688,8.094666666666667,8.345333333333333,0.0,2.8695864756385987,1.1520231212238774,2.2939955391725397,1,1,1,1,5,5,10,3.124666666666667,1.5313333333333334,1.7819999999999991,2.8695864756385987,1.1520231212238774,2.2939955391725397,0.5082294670192637,0.7557491083819206,-1.020115356434196
250,1,0.2857142857142857,1.9924301646902063,0.31466666666666665,"(0, 0, 1, 0, 0, 0, 0, 1, 0, 0, 0, 1, 1, 0, 0, 1, 0, 0, 0, 1, 1, 0, 1, 1, 1)",5,10,8,13,5.744666666666666,6.31,6.704666666666666,5.43,0.0,1.1583103452991215,1.315358118502592,-1.0818895794267809,1,1,1,1,5,3,8,0.5653333333333332,0.96,-0.31466666666666665,1.1583103452991215,1.315358118502592,-1.0818895794267809,-1.181465285608502,-0.7080262345721212,1.528638074424734
250,2,0.5714285714285714,1.9924301646902063,0.620531305736294,"(1, 0, 0, 0, 0, 0, 0, 0, 0, 0, 0, 0, 1, 0, 0, 0, 0, 0, 1, 1, 0, 1, 0, 0, 1)",5,8,10,13,5.075333333333333,8.442666666666666,4.1946666666666665,7.612666666666667,0.0,3.0031678491246065,-0.620531305736294,3.415600893215479,1,1,1,1,3,5,8,3.367333333333333,-0.8806666666666665,2.5373333333333337,3.0031678491246065,-0.620531305736294,3.415600893215479,0.7255742956764812,-0.5183015400202483,-1.7498867789780481
250,3,0.8571428571428571,1.9924301646902063,-0.49466666666666637,"(1, 0, 0, 0, 1, 0, 0, 0, 1, 0, 1, 0, 0, 0, 1, 0, 0, 0, 0, 1, 0, 1, 0, 1, 0)",7,10,10,13,7.464666666666667,8.797333333333333,8.939333333333334,7.959333333333333,0.0,0.2316532138146464,1.3610069073869397,0.25542954711328464,1,1,1,1,3,3,6,1.3326666666666656,1.4746666666666668,0.49466666666666637,0.2316532138146464,1.3610069073869397,0.25542954711328464,2.1936924151920816,0.22645913290035577,0.4766632535117549
250,4,1.1428571428571428,1.9924301646902063,1.2556737660136499,"(0, 0, 1, 0, 0, 0, 1, 0, 0, 0, 0, 0, 0, 0, 1, 1, 1, 1, 1, 1, 0, 0, 1, 1, 0)",6,9,9,12,7.0713333333333335,7.744666666666666,5.300666666666666,8.509333333333334,0.0,1.0781703764526938,-1.2556737660136499,1.422993623621746,1,1,1,1,3,3,6,0.6733333333333329,-1.770666666666667,1.4380000000000006,1.0781703764526938,-1.2556737660136499,1.422993623621746,-0.8066095364950043,-1.0260873898623781,0.02989915695872911
250,5,1.4285714285714284,1.9924301646902063,0.049500820536081215,"(1, 0, 1, 1, 0, 1, 0, 1, 0, 1, 0, 1, 1, 0, 0, 1, 1, 1, 0, 1, 0, 0, 1, 1, 0)",8,13,11,16,9.029333333333334,8.282666666666668,7.803333333333334,8.992,0.0,0.1261872437637132,-0.049500820536081215,-0.2997500492211708,1,1,1,1,5,3,8,-0.7466666666666661,-1.226,-0.037333333333332774,0.1261872437637132,-0.049500820536081215,-0.2997500492211708,-1.7391004605092915,-2.344092453897188,0.5228469804538682
250,6,1.7142857142857142,1.9924301646902063,5.298666666666666,"(1, 0, 0, 0, 1, 1, 1, 1, 1, 1, 1, 1, 1, 1, 1, 0, 1, 1, 0, 0, 1, 1, 0, 0, 0)",8,11,13,16,8.442666666666666,7.207333333333334,3.144,6.382,0.0,-0.6761422454440915,-5.3194786061416774,-2.4844275866910412,1,1,1,1,3,5,8,-1.2353333333333323,-5.298666666666666,-2.060666666666666,-0.6761422454440915,-5.3194786061416774,-2.4844275866910412,-1.1141491913364556,0.041466335995720166,0.8443140396734389
250,7,2.0,1.9924301646902063,3.876666666666667,"(1, 0, 0, 0, 0, 0, 0, 1, 0, 0, 0, 0, 1, 0, 0, 0, 1, 1, 1, 0, 0, 1, 1, 1, 1)",6,11,11,16,7.08,7.445333333333333,3.203333333333333,7.758,0.0,2.239801438692966,-4.807733987397468,1.4567763839697152,1,1,1,1,5,5,10,0.36533333333333307,-3.876666666666667,0.6779999999999999,2.239801438692966,-4.807733987397468,1.4567763839697152,-3.734746795868232,1.8550866151813383,-1.551657558969623
260,0,0.0,1.9924301646902063,2.1833333333333336,"(0, 1, 1, 0, 0, 0, 0, 1, 0, 0, 0, 1, 1, 0, 0, 1, 0, 0, 0, 1, 1, 1, 1, 1, 1)",6,11,9,14,7.687333333333333,7.9206666666666665,5.504,6.5953333333333335,0.0,1.1219595638499968,-3.294505415428197,-0.853645635005049,1,1,1,1,5,3,8,0.2333333333333334,-2.1833333333333336,-1.0919999999999996,1.1219595638499968,-3.294505415428197,-0.853645635005049,-1.770525706816353,2.2139327745274286,-0.4749044267015191
260,1,0.2857142857142857,1.9924301646902063,0.620531305736294,"(1, 0, 0, 0, 0, 0, 0, 0, 0, 0, 0, 0, 1, 0, 0, 0, 0, 0, 1, 1, 0, 1, 0, 0, 1)",5,8,10,13,5.075333333333333,8.442666666666666,4.1946666666666665,7.612666666666667,0.0,3.0031678491246065,-0.620531305736294,3.415600893215479,1,1,1,1,3,5,8,3.367333333333333,-0.8806666666666665,2.5373333333333337,3.0031678491246065,-0.620531305736294,3.415600893215479,0.7255742956764812,-0.5183015400202483,-1.7498867789780481
260,2,0.5714285714285714,1.9924301646902063,0.9386666666666663,"(1, 0, 0, 1, 1, 0, 0, 1, 0, 0, 0, 1, 1, 1, 1, 0, 0, 0, 0, 1, 0, 1, 0, 0, 0)",7,10,12,15,7.3806666666666665,6.442,8.89,8.538666666666666,0.0,-1.454208362868558,1.7839776932377276,0.2998828778988165,1,1,1,1,3,5,8,-0.9386666666666663,1.509333333333334,1.1579999999999995,-1.454208362868558,1.7839776932377276,0.2998828778988165,1.0271808266682034,-0.5472097072355471,1.7097384389115458
260,3,0.8571428571428571,1.9924301646902063,-0.702,"(0, 0, 1, 1, 0, 1, 0, 0, 1, 1, 1, 0, 1, 0, 1, 1, 0, 1, 1, 0, 0, 0, 1, 0, 0)",7,12,10,15,7.554,8.256,8.937333333333333,9.199333333333334,0.0,0.6256230717127242,0.5650974709320238,1.268381042841785,1,1,1,1,5,3,8,0.702,1.3833333333333329,1.6453333333333333,0.6256230717127242,0.5650974709320238,1.268381042841785,0.15217569580594884,1.6302778140796732,0.7510511142244262
260,4,1.1428571428571428,1.9924301646902063,1.0130400481802644,"(1, 0, 1, 1, 0, 1, 0, 1, 0, 1, 0, 0, 1, 1, 0, 1, 0, 0, 1, 1, 0, 1, 1, 1, 0)",8,13,11,16,9.122,7.752666666666666,10.249333333333333,9.566,0.0,-1.0130400481802644,1.4736456260307587,0.9379475690843841,1,1,1,1,5,3,8,-1.3693333333333335,1.1273333333333326,0.44400000000000084,-1.0130400481802644,1.4736456260307587,0.9379475690843841,-0.7098894888155441,-0.6900030583733755,-0.9841560364191249
260,5,1.4285714285714284,1.9924301646902063,1.7693333333333339,"(0, 1, 1, 0, 0, 1, 1, 0, 0, 0, 0, 0, 0, 0, 1, 1, 1, 1, 1, 1, 0, 0, 1, 1, 0)",6,7,11,12,7.415333333333334,8.076666666666666,5.646,6.543333333333333,0.0,0.2393130008922351,-2.284741807963201,-1.4369849110004584,1,1,1,1,1,5,6,0.6613333333333324,-1.7693333333333339,-0.8720000000000008,0.2393130008922351,-2.284741807963201,-1.4369849110004584,0.8408460404682313,1.0269153919895144,1.1256929792721233
260,6,1.7142857142857142,1.9924301646902063,2.8473333333333333,"(1, 0, 0, 1, 1, 0, 0, 1, 0, 0, 0, 0, 1, 0, 0, 0, 1, 1, 1, 0, 0, 1, 1, 1, 1)",7,12,12,17,7.644666666666667,8.54,4.7973333333333334,8.56,0.0,1.502513725305825,-3.1609683181680723,-0.058046132131307514,1,1,1,1,5,5,10,0.8953333333333324,-2.8473333333333333,0.9153333333333338,1.502513725305825,-3.1609683181680723,-0.058046132131307514,-1.2097645283744172,0.6248958044868895,1.9393906086817803
260,7,2.0,1.9924301646902063,5.298666666666666,"(1, 0, 0, 0, 1, 1, 1, 1, 1, 1, 1, 1, 1, 1, 1, 0, 1, 1, 0, 0, 1, 1, 0, 0, 0)",8,11,13,16,8.442666666666666,7.207333333333334,3.144,6.382,0.0,-0.6761422454440915,-5.3194786061416774,-2.4844275866910412,1,1,1,1,3,5,8,-1.2353333333333323,-5.298666666666666,-2.060666666666666,-0.6761422454440915,-5.3194786061416774,-2.4844275866910412,-1.1141491913364556,0.041466335995720166,0.8443140396734389
270,0,0.0,1.9924301646902063,-0.9813333333333336,"(1, 0, 0, 1, 0, 0, 0, 0, 1, 0, 0, 0, 1, 1, 0, 0, 0, 0, 0, 1, 0, 1, 0, 0, 1)",5,8,8,11,5.523333333333333,6.504666666666667,7.827333333333334,8.430666666666667,0.0,0.47512817993979284,2.659628612506134,3.482502270523189,1,1,1,1,3,3,6,0.9813333333333336,2.3040000000000003,2.9073333333333338,0.47512817993979284,2.659628612506134,3.482502270523189,1.0085784171429235,-0.7085651749841454,-1.1459839402498742
270,1,0.2857142857142857,1.9924301646902063,0.9386666666666663,"(1, 0, 0, 1, 1, 0, 0, 1, 0, 0, 0, 1, 1, 1, 1, 0, 0, 0, 0, 1, 0, 1, 0, 0, 0)",7,10,12,15,7.3806666666666665,6.442,8.89,8.538666666666666,0.0,-1.454208362868558,1.7839776932377276,0.2998828778988165,1,1,1,1,3,5,8,-0.9386666666666663,1.509333333333334,1.1579999999999995,-1.454208362868558,1.7839776932377276,0.2998828778988165,1.0271808266682034,-0.5472097072355471,1.7097384389115458
270,2,0.5714285714285714,1.9924301646902063,-1.4319999999999995,"(0, 1, 0, 0, 0, 0, 0, 0, 0, 0, 0, 1, 0, 0, 1, 1, 0, 0, 0, 1, 1, 1, 1, 1, 1)",6,9,11,14,6.554,7.584666666666666,7.986,9.985333333333333,0.0,2.922363736889948,1.198070396141162,4.227494047213797,1,1,1,1,3,5,8,1.030666666666666,1.4319999999999995,3.431333333333333,2.922363736889948,1.198070396141162,4.227494047213797,-3.7690743051689544,0.4660883991423782,-1.586294622276726
270,3,0.8571428571428571,1.9924301646902063,0.5967549724376598,"(1, 0, 1, 1, 0, 0, 0, 1, 0, 1, 0, 0, 1, 1, 0, 1, 0, 0, 1, 1, 1, 1, 1, 1, 0)",8,13,9,14,9.056666666666667,9.864,7.752666666666666,8.786,0.0,0.44006140904124197,-0.5967549724376598,-0.05029779260195792,1,1,1,1,5,1,6,0.8073333333333341,-1.3040000000000003,-0.27066666666666706,0.44006140904124197,-0.5967549724376598,-0.05029779260195792,0.7317636606033822,-1.4091363267423633,-0.43906959204534374
270,4,1.1428571428571428,1.9924301646902063,3.3316974451690804,"(0, 1, 1, 0, 0, 1, 0, 0, 0, 0, 0, 1, 0, 0, 1, 1, 1, 1, 1, 1, 0, 0, 1, 1, 0)",7,12,12,17,8.030666666666667,8.602,4.406,6.842666666666666,0.0,-0.15027351064352487,-3.3316974451690804,-1.9612597016692757,1,1,1,1,5,5,10,0.5713333333333335,-3.624666666666667,-1.1880000000000006,-0.15027351064352487,-3.3316974451690804,-1.9612597016692757,1.437751242986392,-0.5837207142375983,1.5406659547452135
270,5,1.4285714285714284,1.9924301646902063,1.1392272919439768,"(1, 0, 0, 1, 1, 0, 0, 1, 0, 0, 0, 0, 1, 0, 0, 0, 0, 1, 1, 0, 0, 0, 1, 1, 1)",6,11,11,16,7.716666666666667,7.764,5.672666666666666,9.234,0.0,1.7293408304993358,-1.1392272919439768,1.1533956842262183,1,1,1,1,5,5,10,0.04733333333333345,-2.0440000000000005,1.5173333333333332,1.7293408304993358,-1.1392272919439768,1.1533956842262183,-3.35128247458862,-1.8026964357192672,0.7251203501474555
270,6,1.7142857142857142,1.9924301646902063,5.298666666666666,"(1, 0, 0, 0, 1, 1, 1, 1, 1, 1, 1, 1, 1, 1, 1, 0, 1, 1, 0, 0, 1, 1, 0, 0, 0)",8,11,13,16,8.442666666666666,7.207333333333334,3.144,6.382,0.0,-0.6761422454440915,-5.3194786061416774,-2.4844275866910412,1,1,1,1,3,5,8,-1.2353333333333323,-5.298666666666666,-2.060666666666666,-0.6761422454440915,-5.3194786061416774,-2.4844275866910412,-1.1141491913364556,0.041466335995720166,0.8443140396734389
270,7,2.0,1.9924301646902063,2.946666666666667,"(0, 0, 1, 1, 0, 1, 0, 0, 1, 1, 1, 0, 1, 0, 1, 1, 1, 1, 1, 0, 0, 1, 1, 0, 0)",8,11,13,16,9.439333333333334,7.862,7.796666666666667,6.492666666666667,0.0,-2.0650874513625763,-1.2905191557827866,-3.090569119015684,1,1,1,1,3,5,8,-1.5773333333333337,-1.642666666666667,-2.946666666666667,-2.0650874513625763,-1.2905191557827866,-3.090569119015684,0.9718160177133301,-0.7016293231056159,0.28671558683307585
280,0,0.0,1.9924301646902063,-3.086894192267477,"(1, 0, 0, 1, 0, 0, 0, 0, 1, 0, 0, 0, 1, 1, 0, 0, 0, 0, 0, 1, 1, 0, 0, 0, 1)",4,9,7,12,4.532666666666667,7.991333333333333,7.311333333333334,8.348,0.0,2.951674598423835,3.086894192267477,3.700474130540296,1,1,1,1,5,3,8,3.458666666666667,2.778666666666667,3.815333333333334,2.951674598423835,3.086894192267477,3.700474130540296,1.0101462900256934,-0.6141218195948767,0.22884894033711842
280,1,0.2857142857142857,1.9924301646902063,-0.8873333333333333,"(0, 1, 0, 0, 0, 0, 0, 0, 1, 0, 0, 1, 0, 1, 1, 1, 0, 0, 0, 1, 1, 1, 0, 0, 1)",6,9,11,14,6.558,9.668666666666667,7.445333333333333,9.212,0.0,3.2891037158705916,0.007704063303469306,2.6285909781628476,1,1,1,1,3,5,8,3.110666666666667,0.8873333333333333,2.654,3.2891037158705916,0.007704063303469306,2.6285909781628476,-0.3555233593322101,1.7525998913519278,0.05062570156361445
280,2,0.5714285714285714,1.9924301646902063,-0.6123402039481232,"(1, 0, 1, 1, 0, 0, 0, 1, 1, 0, 0, 0, 1, 1, 0, 1, 0, 0, 1, 1, 1, 0, 1, 0, 0)",6,11,9,14,7.674666666666667,9.482,7.794,8.540666666666667,0.0,2.2432549843117635,0.6123402039481232,1.6608897852857551,1,1,1,1,5,3,8,1.8073333333333323,0.11933333333333263,0.8659999999999997,2.2432549843117635,0.6123402039481232,1.6608897852857551,-0.8685434468509823,-0.9822817604124303,-1.5837623858074605
280,3,0.8571428571428571,1.9924301646902063,-0.19399999999999906,"(1, 0, 0, 1, 1, 0, 1, 0, 0, 0, 0, 1, 0, 1, 1, 1, 0, 1, 0, 1, 1, 1, 0, 0, 0)",7,12,12,17,8.019333333333334,8.759333333333334,9.289333333333333,8.213333333333333,0.0,0.40517174304622394,-0.09643361997100633,-0.9199714213762903,1,1,1,1,5,5,10,0.7400000000000002,1.2699999999999996,0.19399999999999906,0.40517174304622394,-0.09643361997100633,-0.9199714213762903,0.6671219191453471,2.722523562477066,2.219510262552943
280,4,1.1428571428571428,1.9924301646902063,1.1392272919439768,"(1, 0, 0, 1, 1, 0, 0, 1, 0, 0, 0, 0, 1, 0, 0, 0, 0, 1, 1, 0, 0, 0, 1, 1, 1)",6,11,11,16,7.716666666666667,7.764,5.672666666666666,9.234,0.0,1.7293408304993358,-1.1392272919439768,1.1533956842262183,1,1,1,1,5,5,10,0.04733333333333345,-2.0440000000000005,1.5173333333333332,1.7293408304993358,-1.1392272919439768,1.1533956842262183,-3.35128247458862,-1.8026964357192672,0.7251203501474555
280,5,1.4285714285714284,1.9924301646902063,4.586,"(1, 0, 0, 0, 1, 0, 1, 1, 1, 1, 0, 1, 1, 1, 1, 0, 1, 1, 0, 0, 1, 1, 0, 0, 0)",7,10,12,15,9.104666666666667,8.44,4.518666666666666,5.201333333333333,0.0,-0.06969077953827627,-4.851168964987714,-3.8024422787465544,1,1,1,1,3,5,8,-0.6646666666666672,-4.586,-3.9033333333333333,-0.06969077953827627,-4.851168964987714,-3.8024422787465544,-1.1854479047779214,0.5283306445812022,-0.20101838050610454
280,6,1.7142857142857142,1.9924301646902063,2.946666666666667,"(0, 0, 1, 1, 0, 1, 0, 0, 1, 1, 1, 0, 1, 0, 1, 1, 1, 1, 1, 0, 0, 1, 1, 0, 0)",8,11,13,16,9.439333333333334,7.862,7.796666666666667,6.492666666666667,0.0,-2.0650874513625763,-1.2905191557827866,-3.090569119015684,1,1,1,1,3,5,8,-1.5773333333333337,-1.642666666666667,-2.946666666666667,-2.0650874513625763,-1.2905191557827866,-3.090569119015684,0.9718160177133301,-0.7016293231056159,0.28671558683307585
280,7,2.0,1.9924301646902063,1.147333333333334,"(0, 1, 0, 0, 0, 1, 0, 0, 0, 0, 0, 1, 0, 0, 1, 0, 0, 1, 1, 1, 0, 0, 0, 1, 0)",6,9,9,12,6.432666666666667,5.760666666666666,5.285333333333333,8.364666666666666,0.0,-0.4423637727871074,-1.8110304672516317,1.4796671927507112,1,1,1,1,3,3,6,-0.6720000000000006,-1.147333333333334,1.9319999999999995,-0.4423637727871074,-1.8110304672516317,1.4796671927507112,-0.4575341460046224,1.322370189837252,0.9012415296424827
290,0,0.0,1.9924301646902063,-1.110666666666667,"(0, 1, 0, 0, 1, 0, 0, 0, 0, 0, 0, 1, 0, 1, 0, 1, 0, 0, 0, 1, 1, 1, 0, 0, 0)",6,11,11,16,6.450666666666667,7.561333333333334,7.702,8.484666666666667,0.0,0.9306862680397355,1.8532699867430655,2.699123005992881,1,1,1,1,5,5,10,1.110666666666667,1.2513333333333332,2.0340000000000007,0.9306862680397355,1.8532699867430655,2.699123005992881,0.35859837527726585,-1.1993167454862246,-1.3252111403696396
290,1,0.2857142857142857,1.9924301646902063,-3.086894192267477,"(1, 0, 0, 1, 0, 0, 0, 0, 1, 0, 0, 0, 1, 1, 0, 0, 0, 0, 0, 1, 1, 0, 0, 0, 1)",4,9,7,12,4.532666666666667,7.991333333333333,7.311333333333334,8.348,0.0,2.951674598423835,3.086894192267477,3.700474130540296,1,1,1,1,5,3,8,3.458666666666667,2.778666666666667,3.815333333333334,2.951674598423835,3.086894192267477,3.700474130540296,1.0101462900256934,-0.6141218195948767,0.22884894033711842
290,2,0.5714285714285714,1.9924301646902063,-1.200000000000001,"(1, 0, 0, 1, 1, 0, 1, 0, 0, 0, 0, 1, 1, 1, 1, 1, 0, 0, 0, 1, 1, 1, 0, 0, 0)",7,10,12,15,7.566666666666666,9.021333333333333,8.766666666666667,10.01,0.0,0.8810526188260089,0.48571019792558984,2.1582446306183134,1,1,1,1,3,5,8,1.4546666666666663,1.200000000000001,2.4433333333333334,0.8810526188260089,0.48571019792558984,2.1582446306183134,1.1428859318077769,1.4231725479836541,0.5680193309018045
290,3,0.8571428571428571,1.9924301646902063,1.2620000000000005,"(1, 0, 0, 0, 0, 0, 0, 1, 0, 0, 0, 0, 1, 0, 0, 0, 0, 1, 1, 0, 0, 0, 1, 1, 1)",5,10,10,15,5.585333333333334,8.832,4.323333333333333,7.5906666666666665,0.0,3.037393371731396,-1.269443672262953,1.9772434192126789,1,1,1,1,5,5,10,3.246666666666667,-1.2620000000000005,2.0053333333333327,3.037393371731396,-1.269443672262953,1.9772434192126789,0.41696242549314394,0.01483099715277438,0.05596719221754814
290,4,1.1428571428571428,1.9924301646902063,0.5739527161084258,"(1, 0, 1, 1, 0, 0, 0, 1, 1, 0, 1, 0, 1, 1, 1, 1, 0, 0, 1, 1, 1, 0, 1, 0, 0)",7,12,10,15,8.037333333333333,10.172666666666666,6.716666666666667,10.021333333333333,0.0,0.9498135976207618,-0.5739527161084258,1.963650617866903,1,1,1,1,5,3,8,2.1353333333333335,-1.320666666666666,1.984,0.9498135976207618,-0.5739527161084258,1.963650617866903,2.362065282269289,-1.4877753994872291,0.04054472279479018
290,5,1.4285714285714284,1.9924301646902063,0.4935913661325878,"(0, 0, 1, 1, 0, 0, 0, 0, 1, 0, 1, 0, 1, 0, 1, 1, 1, 0, 1, 0, 1, 1, 0, 0, 1)",8,13,13,18,9.438666666666666,9.003333333333334,9.54,8.713333333333333,0.0,-0.4017181974274267,0.07695208058292458,-0.4935913661325878,1,1,1,1,5,5,10,-0.43533333333333246,0.10133333333333283,-0.7253333333333334,-0.4017181974274267,0.07695208058292458,-0.4935913661325878,-0.06697581076908747,0.04857794343284946,-0.4617296858754139
290,6,1.7142857142857142,1.9924301646902063,2.7733333333333334,"(0, 1, 0, 0, 0, 1, 0, 0, 0, 0, 0, 1, 0, 1, 1, 0, 1, 1, 0, 1, 0, 1, 0, 1, 0)",7,10,12,15,7.482666666666667,8.733333333333333,4.709333333333333,7.889333333333333,0.0,3.075205268634627,-3.0936241786015417,1.7702520632143077,1,1,1,1,3,5,8,1.2506666666666657,-2.7733333333333334,0.4066666666666663,3.075205268634627,-3.0936241786015417,1.7702520632143077,-3.6352657472026637,0.6381571415865016,-2.7168486762125776
290,7,2.0,1.9924301646902063,4.586,"(1, 0, 0, 0, 1, 0, 1, 1, 1, 1, 0, 1, 1, 1, 1, 0, 1, 1, 0, 0, 1, 1, 0, 0, 0)",7,10,12,15,9.104666666666667,8.44,4.518666666666666,5.201333333333333,0.0,-0.06969077953827627,-4.851168964987714,-3.8024422787465544,1,1,1,1,3,5,8,-0.6646666666666672,-4.586,-3.9033333333333333,-0.06969077953827627,-4.851168964987714,-3.8024422787465544,-1.1854479047779214,0.5283306445812022,-0.20101838050610454
300,0,0.0,1.9924301646902063,-3.2184831355887957,"(1, 0, 0, 1, 0, 0, 0, 0, 1, 0, 0, 0, 0, 0, 0, 0, 0, 0, 0, 1, 1, 0, 0, 0, 1)",3,8,6,11,3.3766666666666665,8.45,6.16,8.541333333333334,0.0,6.0147924573926765,3.2184831355887957,5.681658133856474,1,1,1,1,5,3,8,5.073333333333332,2.7833333333333337,5.164666666666667,6.0147924573926765,3.2184831355887957,5.681658133856474,-1.8757915575986566,-0.867005592172761,-1.030069394116418
300,1,0.2857142857142857,1.9924301646902063,0.9168720855645507,"(1, 0, 1, 1, 0, 0, 0, 0, 0, 1, 1, 1, 1, 1, 0, 1, 0, 0, 0, 1, 1, 1, 0, 1, 1)",8,9,11,12,8.570666666666666,7.497333333333334,10.156,9.154,0.0,-0.9168720855645507,2.5860858013161234,1.482810804788333,1,1,1,1,1,3,4,-1.0733333333333324,1.5853333333333346,0.5833333333333339,-0.9168720855645507,2.5860858013161234,1.482810804788333,-0.31173810965958887,-1.9939294045970783,-1.7921460465862142
300,2,0.5714285714285714,1.9924301646902063,2.3713461057884015,"(1, 0, 0, 0, 0, 0, 0, 1, 0, 0, 0, 0, 1, 0, 0, 0, 1, 1, 1, 0, 0, 1, 1, 1, 1)",6,11,11,16,6.790666666666667,8.026,3.485333333333333,7.220666666666666,0.0,1.438003264195745,-2.3713461057884015,0.9362207962749874,1,1,1,1,5,5,10,1.2353333333333332,-3.3053333333333335,0.4299999999999997,1.438003264195745,-2.3713461057884015,0.9362207962749874,-0.4038056837259479,-1.860904325595898,-1.008609584491781
300,3,0.8571428571428571,1.9924301646902063,0.8266666666666662,"(0, 1, 1, 1, 0, 0, 0, 1, 1, 0, 1, 0, 1, 1, 1, 1, 0, 1, 1, 1, 1, 0, 0, 0, 0)",8,13,11,16,10.079333333333333,10.491333333333333,9.564666666666668,9.252666666666666,0.0,0.478980211591525,-0.2875298108777375,-1.2717460360088169,1,1,1,1,5,3,8,0.4120000000000008,-0.514666666666665,-0.8266666666666662,0.478980211591525,-0.2875298108777375,-1.2717460360088169,-0.13345339401228537,-0.4525543229867486,0.8867895611585943
300,4,1.1428571428571428,1.9924301646902063,0.1120000000000001,"(1, 0, 0, 1, 0, 1, 1, 0, 0, 0, 0, 0, 1, 1, 1, 0, 0, 0, 1, 0, 1, 0, 0, 0, 1)",7,12,10,15,7.610666666666667,8.692666666666666,8.852,7.498666666666667,0.0,0.9345825759173515,0.04613582736904865,-0.12468185208372509,1,1,1,1,5,3,8,1.081999999999999,1.2413333333333334,-0.1120000000000001,0.9345825759173515,0.04613582736904865,-0.12468185208372509,0.29371892254319526,2.3813475636457437,0.02526770463575302
300,5,1.4285714285714284,1.9924301646902063,0.6699999999999999,"(0, 1, 0, 0, 0, 0, 0, 0, 0, 0, 0, 1, 1, 1, 0, 1, 0, 1, 0, 1, 1, 1, 0, 0, 1)",6,11,11,16,6.058,9.796,5.388,6.791333333333333,0.0,1.7046346964571766,-1.6780246847020912,0.3759051577382172,1,1,1,1,5,5,10,3.7379999999999995,-0.6699999999999999,0.7333333333333334,1.7046346964571766,-1.6780246847020912,0.3759051577382172,4.0513383666131775,2.008418788552781,0.7121506787658973
300,6,1.7142857142857142,1.9924301646902063,4.586,"(1, 0, 0, 0, 1, 0, 1, 1, 1, 1, 0, 1, 1, 1, 1, 0, 1, 1, 0, 0, 1, 1, 0, 0, 0)",7,10,12,15,9.104666666666667,8.44,4.518666666666666,5.201333333333333,0.0,-0.06969077953827627,-4.851168964987714,-3.8024422787465544,1,1,1,1,3,5,8,-0.6646666666666672,-4.586,-3.9033333333333333,-0.06969077953827627,-4.851168964987714,-3.8024422787465544,-1.1854479047779214,0.5283306445812022,-0.20101838050610454
300,7,2.0,1.9924301646902063,2.7733333333333334,"(0, 1, 0, 0, 0, 1, 0, 0, 0, 0, 0, 1, 0, 1, 1, 0, 1, 1, 0, 1, 0, 1, 0, 1, 0)",7,10,12,15,7.482666666666667,8.733333333333333,4.709333333333333,7.889333333333333,0.0,3.075205268634627,-3.0936241786015417,1.7702520632143077,1,1,1,1,3,5,8,1.2506666666666657,-2.7733333333333334,0.4066666666666663,3.075205268634627,-3.0936241786015417,1.7702520632143077,-3.6352657472026637,0.6381571415865016,-2.7168486762125776
310,0,0.0,1.9924301646902063,-3.913929815517441,"(1, 0, 0, 0, 0, 0, 0, 0, 0, 0, 0, 0, 0, 0, 0, 0, 0, 0, 0, 1, 1, 0, 0, 0, 1)",2,7,7,12,2.292666666666667,7.492,5.384,8.250666666666667,0.0,5.402717910799846,3.913929815517441,7.935140926346978,1,1,1,1,5,5,10,5.199333333333334,3.0913333333333335,5.958,5.402717910799846,3.913929815517441,7.935140926346978,-0.4052295671770518,-1.6389660444716658,-3.9393152214972567
310,1,0.2857142857142857,1.9924301646902063,-2.470790509119385,"(0, 0, 0, 0, 0, 0, 0, 1, 0, 0, 0, 0, 1, 0, 0, 0, 1, 1, 0, 0, 0, 1, 1, 0, 0)",3,8,8,13,3.2006666666666668,6.582666666666666,4.717333333333333,9.577333333333334,0.0,3.742359440224675,2.470790509119385,6.710859004483671,1,1,1,1,5,5,10,3.3819999999999997,1.5166666666666666,6.376666666666667,3.742359440224675,2.470790509119385,6.710859004483671,-0.7179910188345202,-1.901025124552922,-0.6658548946749392
310,2,0.5714285714285714,1.9924301646902063,0.6251803094539057,"(1, 0, 0, 1, 0, 0, 0, 0, 0, 1, 1, 1, 0, 0, 0, 1, 0, 0, 0, 1, 1, 0, 0, 1, 1)",6,9,9,12,6.521333333333334,7.261333333333333,5.510666666666666,8.658,0.0,0.5598286000520661,-0.6251803094539057,2.7684595757241017,1,1,1,1,3,3,6,0.7399999999999993,-1.0106666666666673,2.136666666666666,0.5598286000520661,-0.6251803094539057,2.7684595757241017,0.35897893207072556,-0.7680546461872503,-1.2588032498434116
310,3,0.8571428571428571,1.9924301646902063,1.895376677556852,"(1, 0, 1, 0, 0, 0, 1, 0, 0, 0, 0, 0, 1, 1, 1, 0, 0, 0, 1, 1, 1, 0, 0, 0, 1)",7,10,8,11,8.035333333333334,7.051333333333333,9.01,5.206666666666667,0.0,-1.2418153073125826,0.6386402821220334,-1.895376677556852,1,1,1,1,3,1,4,-0.9840000000000009,0.9746666666666659,-2.828666666666667,-1.2418153073125826,0.6386402821220334,-1.895376677556852,0.5136789952084634,0.6695091046985168,-1.8595151267057894
310,4,1.1428571428571428,1.9924301646902063,1.9973333333333336,"(0, 1, 0, 0, 0, 0, 1, 0, 0, 0, 0, 0, 1, 1, 0, 1, 0, 1, 0, 1, 1, 1, 0, 0, 1)",6,11,9,14,7.307333333333333,8.018,5.31,7.8773333333333335,0.0,0.8123801924830205,-2.0597300280308533,0.028469613242128995,1,1,1,1,5,3,8,0.7106666666666674,-1.9973333333333336,0.5700000000000003,0.8123801924830205,-2.0597300280308533,0.028469613242128995,-0.2026570969934979,0.12432105669230355,1.0789614776727365
310,5,1.4285714285714284,1.9924301646902063,1.9973333333333336,"(0, 1, 1, 1, 0, 0, 0, 1, 1, 0, 1, 0, 1, 1, 1, 1, 0, 1, 1, 1, 1, 1, 1, 0, 0)",8,11,11,14,9.167333333333334,9.699333333333334,8.156666666666666,7.17,0.0,0.3469042297855059,-1.908393887966162,-2.600165641146603,1,1,1,1,3,3,6,0.532,-1.0106666666666673,-1.9973333333333336,0.3469042297855059,-1.908393887966162,-2.600165641146603,0.36879039593192514,1.7886587953806334,1.2011012743369693
310,6,1.7142857142857142,1.9924301646902063,2.7733333333333334,"(0, 1, 0, 0, 0, 1, 0, 0, 0, 0, 0, 1, 0, 1, 1, 0, 1, 1, 0, 1, 0, 1, 0, 1, 0)",7,10,12,15,7.482666666666667,8.733333333333333,4.709333333333333,7.889333333333333,0.0,3.075205268634627,-3.0936241786015417,1.7702520632143077,1,1,1,1,3,5,8,1.2506666666666657,-2.7733333333333334,0.4066666666666663,3.075205268634627,-3.0936241786015417,1.7702520632143077,-3.6352657472026637,0.6381571415865016,-2.7168486762125776
310,7,2.0,1.9924301646902063,4.586,"(1, 0, 0, 0, 1, 0, 1, 1, 1, 1, 0, 1, 1, 1, 1, 0, 1, 1, 0, 0, 1, 1, 0, 0, 0)",7,10,12,15,9.104666666666667,8.44,4.518666666666666,5.201333333333333,0.0,-0.06969077953827627,-4.851168964987714,-3.8024422787465544,1,1,1,1,3,5,8,-0.6646666666666672,-4.586,-3.9033333333333333,-0.06969077953827627,-4.851168964987714,-3.8024422787465544,-1.1854479047779214,0.5283306445812022,-0.20101838050610454
320,0,0.0,1.9924301646902063,-5.242836459139927,"(1, 0, 0, 0, 0, 0, 1, 0, 0, 0, 0, 1, 0, 0, 0, 0, 0, 0, 0, 0, 1, 0, 0, 0, 0)",2,7,7,12,2.175333333333333,7.467333333333333,5.8853333333333335,8.689333333333334,0.0,5.871780247793802,5.242836459139927,8.273057082278438,1,1,1,1,5,5,10,5.292,3.7100000000000004,6.514000000000001,5.871780247793802,5.242836459139927,8.273057082278438,-1.1551716545959334,-3.054069598727316,-3.5047983921434995
320,1,0.2857142857142857,1.9924301646902063,3.04,"(1, 0, 0, 1, 1, 0, 0, 0, 0, 0, 1, 1, 0, 0, 1, 1, 0, 0, 0, 0, 1, 0, 0, 1, 1)",6,9,11,14,8.396666666666667,8.373333333333333,5.3566666666666665,6.416,0.0,0.8353152774898981,-3.185763004661994,0.001682496583515989,1,1,1,1,3,5,8,-0.023333333333333428,-3.04,-1.9806666666666661,0.8353152774898981,-3.185763004661994,0.001682496583515989,-1.710797393073548,0.290422607384436,-3.949692269808053
320,2,0.5714285714285714,1.9924301646902063,-0.7093333333333334,"(0, 0, 0, 0, 0, 0, 0, 1, 0, 0, 0, 0, 1, 0, 1, 0, 1, 1, 0, 1, 0, 1, 1, 0, 0)",4,9,9,14,4.498666666666667,8.225333333333333,5.208,8.637333333333334,0.0,4.161123984616674,0.1369463666530395,4.391493187880742,1,1,1,1,5,5,10,3.7266666666666666,0.7093333333333334,4.138666666666667,4.161123984616674,0.1369463666530395,4.391493187880742,-0.8656258655539992,1.1404410582893456,-0.5037391873006101
320,3,0.8571428571428571,1.9924301646902063,0.18135542121269205,"(0, 0, 1, 0, 0, 1, 1, 0, 0, 0, 0, 0, 1, 1, 1, 0, 0, 0, 1, 1, 1, 0, 0, 0, 1)",6,9,9,12,6.930666666666666,7.976666666666667,7.5553333333333335,6.382,0.0,1.0363736192200828,0.8057387586007192,-0.18135542121269205,1,1,1,1,3,3,6,1.0460000000000003,0.6246666666666671,-0.5486666666666666,1.0363736192200828,0.8057387586007192,-0.18135542121269205,0.01917989144270168,-0.3607734979529635,-0.7318420052724274
320,4,1.1428571428571428,1.9924301646902063,1.9973333333333336,"(0, 1, 1, 1, 0, 0, 0, 1, 1, 0, 1, 0, 1, 1, 1, 1, 0, 1, 1, 1, 1, 1, 1, 0, 0)",8,11,11,14,9.167333333333334,9.699333333333334,8.156666666666666,7.17,0.0,0.3469042297855059,-1.908393887966162,-2.600165641146603,1,1,1,1,3,3,6,0.532,-1.0106666666666673,-1.9973333333333336,0.3469042297855059,-1.908393887966162,-2.600165641146603,0.36879039593192514,1.7886587953806334,1.2011012743369693
320,5,1.4285714285714284,1.9924301646902063,2.7733333333333334,"(0, 1, 0, 0, 0, 1, 0, 0, 0, 0, 0, 1, 0, 1, 1, 0, 1, 1, 0, 1, 0, 1, 0, 1, 0)",7,10,12,15,7.482666666666667,8.733333333333333,4.709333333333333,7.889333333333333,0.0,3.075205268634627,-3.0936241786015417,1.7702520632143077,1,1,1,1,3,5,8,1.2506666666666657,-2.7733333333333334,0.4066666666666663,3.075205268634627,-3.0936241786015417,1.7702520632143077,-3.6352657472026637,0.6381571415865016,-2.7168486762125776
320,6,1.7142857142857142,1.9924301646902063,1.9973333333333336,"(0, 1, 0, 0, 0, 0, 1, 0, 0, 0, 0, 0, 1, 1, 0, 1, 0, 1, 0, 1, 1, 1, 0, 0, 1)",6,11,9,14,7.307333333333333,8.018,5.31,7.8773333333333335,0.0,0.8123801924830205,-2.0597300280308533,0.028469613242128995,1,1,1,1,5,3,8,0.7106666666666674,-1.9973333333333336,0.5700000000000003,0.8123801924830205,-2.0597300280308533,0.028469613242128995,-0.2026570969934979,0.12432105669230355,1.0789614776727365
320,7,2.0,1.9924301646902063,4.586,"(1, 0, 0, 0, 1, 0, 1, 1, 1, 1, 0, 1, 1, 1, 1, 0, 1, 1, 0, 0, 1, 1, 0, 0, 0)",7,10,12,15,9.104666666666667,8.44,4.518666666666666,5.201333333333333,0.0,-0.06969077953827627,-4.851168964987714,-3.8024422787465544,1,1,1,1,3,5,8,-0.6646666666666672,-4.586,-3.9033333333333333,-0.06969077953827627,-4.851168964987714,-3.8024422787465544,-1.1854479047779214,0.5283306445812022,-0.20101838050610454
330,0,0.0,1.9924301646902063,-3.074319744116987,"(1, 0, 0, 0, 0, 0, 1, 0, 0, 0, 0, 1, 0, 0, 0, 1, 0, 0, 0, 1, 1, 0, 0, 0, 0)",3,8,8,13,3.1413333333333333,6.191333333333334,7.050666666666666,7.791333333333333,0.0,3.074319744116987,4.1760450727389085,6.789316476746583,1,1,1,1,5,5,10,3.0500000000000003,3.909333333333333,4.65,3.074319744116987,4.1760450727389085,6.789316476746583,-0.04845539177623188,-0.5314045148686619,-4.262438680088666
330,1,0.2857142857142857,1.9924301646902063,0.2737599046284348,"(0, 0, 0, 1, 1, 0, 0, 1, 0, 0, 0, 0, 1, 0, 1, 0, 1, 1, 0, 0, 0, 1, 1, 0, 1)",6,11,11,16,6.418,9.005333333333333,5.518,9.272,0.0,1.8743011940370184,-0.2737599046284348,1.9813611082197053,1,1,1,1,5,5,10,2.5873333333333326,-0.9000000000000004,2.854,1.8743011940370184,-0.2737599046284348,1.9813611082197053,1.4206667427275652,-1.2477396563567789,1.7386720508648918
330,2,0.5714285714285714,1.9924301646902063,-0.47047917622217994,"(0, 1, 0, 0, 1, 0, 1, 0, 0, 1, 0, 1, 0, 1, 0, 1, 0, 0, 1, 0, 1, 0, 0, 0, 1)",6,9,7,10,6.580666666666667,7.334,7.583333333333333,6.915333333333334,0.0,0.49620366345962624,0.7039919915238732,0.47047917622217994,1,1,1,1,3,1,4,0.753333333333333,1.0026666666666664,0.3346666666666671,0.49620366345962624,0.7039919915238732,0.47047917622217994,0.5123129104932078,0.5950884321835493,-0.27059694078068064
330,3,0.8571428571428571,1.9924301646902063,-1.1446666666666667,"(1, 0, 0, 1, 0, 0, 0, 0, 0, 0, 1, 1, 0, 0, 1, 0, 0, 0, 0, 0, 0, 0, 0, 1, 0)",5,8,8,11,5.218666666666667,8.905333333333333,6.363333333333333,7.259333333333333,0.0,2.974653959656597,0.9766892667311395,2.6802170575412645,1,1,1,1,3,3,6,3.6866666666666665,1.1446666666666667,2.0406666666666666,2.974653959656597,0.9766892667311395,2.6802170575412645,1.4186355950895928,0.33468323861777505,-1.2742594906179607
330,4,1.1428571428571428,1.9924301646902063,2.6819999999999995,"(0, 1, 1, 0, 0, 1, 0, 0, 0, 0, 0, 1, 0, 1, 1, 0, 0, 0, 0, 1, 0, 1, 1, 1, 0)",7,10,12,15,7.4526666666666666,8.493333333333334,4.770666666666667,7.1226666666666665,0.0,0.48500177831147717,-3.673421356526392,-0.9690294796535527,1,1,1,1,3,5,8,1.0406666666666675,-2.6819999999999995,-0.33000000000000007,0.48500177831147717,-3.673421356526392,-0.9690294796535527,1.107123485018097,1.9753378166612676,1.2732216113880246
330,5,1.4285714285714284,1.9924301646902063,1.1600000000000001,"(0, 1, 0, 0, 0, 0, 1, 0, 0, 0, 0, 1, 0, 1, 0, 1, 0, 1, 0, 1, 1, 1, 0, 0, 1)",6,11,11,16,6.375333333333334,8.056666666666667,5.215333333333334,8.378666666666666,0.0,2.449360815792493,-1.3757066143797647,1.565873004542974,1,1,1,1,5,5,10,1.681333333333333,-1.1600000000000001,2.003333333333332,2.449360815792493,-1.3757066143797647,1.565873004542974,-1.5302411233627091,0.42978036521344115,0.8716091549372048
330,6,1.7142857142857142,1.9924301646902063,1.8294493772185476,"(0, 1, 1, 1, 0, 0, 0, 1, 1, 0, 1, 0, 1, 1, 1, 1, 0, 1, 1, 1, 1, 1, 1, 0, 0)",8,11,11,14,10.148,9.326666666666666,8.032,6.709333333333333,0.0,-0.15864171733522353,-1.8294493772185476,-1.5123430474516315,1,1,1,1,3,3,6,-0.8213333333333335,-2.1159999999999997,-3.4386666666666663,-0.15864171733522353,-1.8294493772185476,-1.5123430474516315,-1.3203667656019333,-0.5709321045405297,-3.838065285879246
330,7,2.0,1.9924301646902063,4.586,"(1, 0, 0, 0, 1, 0, 1, 1, 1, 1, 0, 1, 1, 1, 1, 0, 1, 1, 0, 0, 1, 1, 0, 0, 0)",7,10,12,15,9.104666666666667,8.44,4.518666666666666,5.201333333333333,0.0,-0.06969077953827627,-4.851168964987714,-3.8024422787465544,1,1,1,1,3,5,8,-0.6646666666666672,-4.586,-3.9033333333333333,-0.06969077953827627,-4.851168964987714,-3.8024422787465544,-1.1854479047779214,0.5283306445812022,-0.20101838050610454
340,0,0.0,1.9924301646902063,-0.6919045818580849,"(0, 0, 0, 1, 1, 1, 0, 1, 0, 1, 0, 1, 1, 0, 1, 0, 1, 1, 0, 1, 0, 0, 1, 0, 0)",6,11,11,16,7.3373333333333335,8.863333333333333,7.711333333333333,8.451333333333332,0.0,1.4639491325625984,0.6919045818580849,1.2465085872560742,1,1,1,1,5,5,10,1.5259999999999998,0.37399999999999967,1.113999999999999,1.4639491325625984,0.6919045818580849,1.2465085872560742,0.12363202002747184,-0.6334026783872759,-0.2640141063294884
340,1,0.2857142857142857,1.9924301646902063,-0.5743512021413638,"(0, 0, 0, 0, 0, 0, 1, 0, 0, 1, 1, 1, 1, 1, 1, 1, 0, 0, 1, 0, 1, 1, 0, 0, 1)",7,10,12,15,7.288666666666667,8.274,7.416,7.434,0.0,1.2318974327150125,0.5743512021413638,2.1236206219785854,1,1,1,1,3,5,8,0.9853333333333323,0.12733333333333352,0.14533333333333331,1.2318974327150125,0.5743512021413638,2.1236206219785854,-0.4912617491377335,-0.8906518859686489,-3.9415992683200014
340,2,0.5714285714285714,1.9924301646902063,1.3107091147849814,"(1, 0, 0, 1, 0, 0, 0, 1, 1, 0, 1, 1, 0, 0, 1, 0, 0, 0, 0, 0, 0, 0, 0, 1, 0)",6,9,9,12,6.685333333333333,9.308,5.3646666666666665,7.976,0.0,2.6820766590283096,-1.3107091147849814,-0.21854745095357472,1,1,1,1,3,3,6,2.6226666666666665,-1.3206666666666669,1.2906666666666666,2.6820766590283096,-1.3107091147849814,-0.21854745095357472,-0.11837026086535252,-0.019839726735537827,3.007003732922882
340,3,0.8571428571428571,1.9924301646902063,-1.9843718915796815,"(0, 0, 0, 0, 0, 0, 1, 1, 0, 0, 0, 1, 1, 0, 0, 1, 0, 0, 0, 1, 1, 1, 0, 0, 0)",4,7,9,12,4.979333333333333,7.261333333333333,6.318666666666667,7.173333333333333,0.0,2.062696535164947,1.9843718915796815,2.1907876566415863,1,1,1,1,3,5,8,2.282,1.3393333333333342,2.194,2.062696535164947,1.9843718915796815,2.1907876566415863,0.4369468385584378,-1.285194280838303,0.006400369806645686
340,4,1.1428571428571428,1.9924301646902063,1.0246666666666666,"(0, 0, 0, 0, 0, 0, 0, 0, 0, 0, 0, 1, 0, 1, 0, 1, 0, 1, 0, 1, 1, 1, 0, 0, 1)",6,11,11,16,6.458666666666667,7.692,5.434,6.314666666666667,0.0,1.0860072684338082,-1.4063457626901117,0.8629436424402692,1,1,1,1,5,5,10,1.2333333333333334,-1.0246666666666666,-0.14400000000000013,1.0860072684338082,-1.4063457626901117,0.8629436424402692,0.2935368957509209,0.7604689441488017,-2.0062648873410223
340,5,1.4285714285714284,1.9924301646902063,2.506666666666666,"(0, 1, 1, 1, 0, 1, 0, 1, 1, 0, 0, 0, 1, 1, 1, 1, 0, 1, 1, 1, 1, 1, 1, 0, 0)",9,14,14,19,10.184,8.758,10.005333333333333,7.677333333333333,0.0,-1.5561765110748156,-0.10121545236626277,-2.8097692944720105,1,1,1,1,5,5,10,-1.4260000000000002,-0.17866666666666653,-2.506666666666666,-1.5561765110748156,-0.10121545236626277,-2.8097692944720105,0.25936760739959097,-0.15431613566400992,0.603910818636237
340,6,1.7142857142857142,1.9924301646902063,2.6819999999999995,"(0, 1, 1, 0, 0, 1, 0, 0, 0, 0, 0, 1, 0, 1, 1, 0, 0, 0, 0, 1, 0, 1, 1, 1, 0)",7,10,12,15,7.4526666666666666,8.493333333333334,4.770666666666667,7.1226666666666665,0.0,0.48500177831147717,-3.673421356526392,-0.9690294796535527,1,1,1,1,3,5,8,1.0406666666666675,-2.6819999999999995,-0.33000000000000007,0.48500177831147717,-3.673421356526392,-0.9690294796535527,1.107123485018097,1.9753378166612676,1.2732216113880246
340,7,2.0,1.9924301646902063,4.586,"(1, 0, 0, 0, 1, 0, 1, 1, 1, 1, 0, 1, 1, 1, 1, 0, 1, 1, 0, 0, 1, 1, 0, 0, 0)",7,10,12,15,9.104666666666667,8.44,4.518666666666666,5.201333333333333,0.0,-0.06969077953827627,-4.851168964987714,-3.8024422787465544,1,1,1,1,3,5,8,-0.6646666666666672,-4.586,-3.9033333333333333,-0.06969077953827627,-4.851168964987714,-3.8024422787465544,-1.1854479047779214,0.5283306445812022,-0.20101838050610454
350,0,0.0,1.9924301646902063,-1.612,"(0, 0, 0, 0, 0, 0, 1, 0, 0, 1, 1, 0, 0, 0, 1, 0, 1, 0, 1, 1, 1, 1, 0, 0, 1)",6,9,11,14,6.344666666666667,8.502,7.956666666666667,9.166,0.0,1.7145082948288626,1.4636834752073085,2.3131228687535663,1,1,1,1,3,5,8,2.1573333333333338,1.612,2.8213333333333335,1.7145082948288626,1.4636834752073085,2.3131228687535663,0.8822979643964105,0.2955103179189817,1.0125738596399516
350,1,0.2857142857142857,1.9924301646902063,-1.2000000000000002,"(1, 0, 0, 1, 0, 0, 1, 1, 1, 0, 1, 0, 0, 0, 1, 0, 0, 0, 0, 0, 0, 0, 0, 1, 0)",5,8,8,11,5.772,7.018666666666666,6.972,7.645333333333333,0.0,2.246575701252912,0.8892879968400625,3.3811539894792797,1,1,1,1,3,3,6,1.2466666666666661,1.2000000000000002,1.873333333333333,2.246575701252912,0.8892879968400625,3.3811539894792797,-1.9922489224558992,0.6190719676271784,-3.0042273582481633
350,2,0.5714285714285714,1.9924301646902063,1.091187586862002,"(1, 1, 0, 1, 1, 1, 0, 1, 1, 1, 0, 1, 1, 1, 1, 0, 1, 1, 0, 1, 0, 0, 1, 0, 0)",8,11,13,16,9.746,9.896,8.384,9.221333333333334,0.0,0.733214300605997,-1.091187586862002,-0.5747054119484184,1,1,1,1,3,5,8,0.15000000000000036,-1.362,-0.5246666666666666,0.733214300605997,-1.091187586862002,-0.5747054119484184,-1.1620137650060893,-0.5395748209086937,0.09969870550261199
350,3,0.8571428571428571,1.9924301646902063,1.4799999999999995,"(0, 0, 0, 0, 0, 0, 0, 0, 0, 0, 0, 1, 0, 1, 0, 1, 1, 0, 0, 1, 1, 1, 0, 0, 1)",5,10,10,15,5.775333333333333,9.252666666666666,4.295333333333334,7.85,0.0,3.203163561433622,-1.9307976582624546,1.6066956848061824,1,1,1,1,5,5,10,3.477333333333333,-1.4799999999999995,2.0746666666666664,3.203163561433622,-1.9307976582624546,1.6066956848061824,0.5462641237792182,0.8981828524938228,0.9323995004585217
350,4,1.1428571428571428,1.9924301646902063,1.2273333333333332,"(0, 1, 0, 1, 0, 1, 0, 0, 1, 0, 0, 0, 1, 1, 1, 1, 0, 1, 1, 1, 1, 0, 0, 0, 0)",7,10,8,11,7.455333333333333,8.37,6.228,7.3453333333333335,0.0,1.2778118789546524,-1.5660058332206197,0.6702535074017861,1,1,1,1,3,1,4,0.9146666666666663,-1.2273333333333332,-0.10999999999999943,1.2778118789546524,-1.5660058332206197,0.6702535074017861,-0.7235414751254121,0.6747813047264701,-1.5546006242526507
350,5,1.4285714285714284,1.9924301646902063,2.6819999999999995,"(0, 1, 1, 0, 0, 1, 0, 0, 0, 0, 0, 1, 0, 1, 1, 0, 0, 0, 0, 1, 0, 1, 1, 1, 0)",7,10,12,15,7.4526666666666666,8.493333333333334,4.770666666666667,7.1226666666666665,0.0,0.48500177831147717,-3.673421356526392,-0.9690294796535527,1,1,1,1,3,5,8,1.0406666666666675,-2.6819999999999995,-0.33000000000000007,0.48500177831147717,-3.673421356526392,-0.9690294796535527,1.107123485018097,1.9753378166612676,1.2732216113880246
350,6,1.7142857142857142,1.9924301646902063,4.586,"(1, 0, 0, 0, 1, 0, 1, 1, 1, 1, 0, 1, 1, 1, 1, 0, 1, 1, 0, 0, 1, 1, 0, 0, 0)",7,10,12,15,9.104666666666667,8.44,4.518666666666666,5.201333333333333,0.0,-0.06969077953827627,-4.851168964987714,-3.8024422787465544,1,1,1,1,3,5,8,-0.6646666666666672,-4.586,-3.9033333333333333,-0.06969077953827627,-4.851168964987714,-3.8024422787465544,-1.1854479047779214,0.5283306445812022,-0.20101838050610454
350,7,2.0,1.9924301646902063,3.163333333333333,"(1, 0, 0, 0, 0, 1, 1, 1, 1, 0, 1, 1, 1, 1, 0, 0, 0, 0, 0, 1, 0, 0, 0, 0, 0)",6,11,9,14,6.317333333333333,9.974666666666666,3.154,6.456,0.0,3.544046224499175,-4.8069370153315925,-0.5579689985650211,1,1,1,1,5,3,8,3.657333333333333,-3.163333333333333,0.13866666666666738,3.544046224499175,-4.8069370153315925,-0.5579689985650211,0.22571665291171839,3.274765554809221,1.3879979132066447
360,0,0.0,1.9924301646902063,-2.1375676331314173,"(1, 1, 0, 1, 0, 0, 1, 0, 1, 0, 0, 0, 0, 0, 0, 0, 0, 0, 0, 0, 0, 0, 0, 1, 0)",4,7,9,12,4.336,7.99,5.846,9.439333333333334,0.0,3.7851745506525734,2.1375676331314173,6.1012196503143485,1,1,1,1,3,5,8,3.654,1.5099999999999998,5.1033333333333335,3.7851745506525734,2.1375676331314173,6.1012196503143485,-0.2613561315598707,-1.250384682634273,-1.9882187988845872
360,1,0.2857142857142857,1.9924301646902063,0.4872155896055782,"(1, 1, 0, 1, 1, 0, 0, 1, 1, 0, 0, 1, 1, 1, 1, 0, 1, 1, 0, 1, 0, 0, 1, 0, 0)",7,10,12,15,8.194,10.115333333333334,6.989333333333334,8.597333333333333,0.0,0.6528086744042746,-0.4872155896055782,-0.06557309053124917,1,1,1,1,3,5,8,1.9213333333333331,-1.2046666666666672,0.40333333333333243,0.6528086744042746,-0.4872155896055782,-0.06557309053124917,2.527446795103612,-1.4294711676259915,0.934263303324804
360,2,0.5714285714285714,1.9924301646902063,-1.4378704355180987,"(0, 0, 0, 0, 0, 0, 1, 0, 0, 1, 1, 0, 0, 0, 1, 0, 1, 0, 1, 1, 0, 1, 0, 0, 0)",5,8,10,13,5.578666666666667,6.422,6.864,9.678,0.0,2.52285935075662,1.4378704355180987,5.101019707639866,1,1,1,1,3,5,8,0.8433333333333328,1.285333333333333,4.099333333333334,2.52285935075662,1.4378704355180987,5.101019707639866,-3.346338299496167,-0.3039195236273595,-1.9957901477274989
360,3,0.8571428571428571,1.9924301646902063,1.802617984334053,"(1, 1, 0, 1, 0, 1, 0, 0, 1, 0, 0, 0, 1, 1, 1, 1, 0, 1, 1, 1, 0, 1, 1, 0, 0)",8,11,11,14,8.420666666666667,9.382,9.506666666666666,6.343333333333334,0.0,-0.057293436291313636,0.13353709726012597,-1.802617984334053,1,1,1,1,3,3,6,0.9613333333333323,1.0859999999999985,-2.0773333333333337,-0.057293436291313636,0.13353709726012597,-1.802617984334053,2.029542702361086,1.8977158181673162,-0.5473511480495642
360,4,1.1428571428571428,1.9924301646902063,0.6263757675527192,"(0, 1, 1, 0, 0, 1, 0, 0, 1, 0, 0, 1, 1, 0, 1, 0, 1, 0, 1, 1, 0, 1, 1, 0, 0)",8,11,11,14,8.388,9.528666666666666,7.474666666666667,9.092666666666666,0.0,0.854619711974452,-0.6263757675527192,0.11861600913789014,1,1,1,1,3,3,6,1.1406666666666663,-0.9133333333333331,0.7046666666666663,0.854619711974452,-0.6263757675527192,0.11861600913789014,0.5699285810465405,-0.5717429100473693,1.1676650080968631
360,5,1.4285714285714284,1.9924301646902063,4.586,"(1, 0, 0, 0, 1, 0, 1, 1, 1, 1, 0, 1, 1, 1, 1, 0, 1, 1, 0, 0, 1, 1, 0, 0, 0)",7,10,12,15,9.104666666666667,8.44,4.518666666666666,5.201333333333333,0.0,-0.06969077953827627,-4.851168964987714,-3.8024422787465544,1,1,1,1,3,5,8,-0.6646666666666672,-4.586,-3.9033333333333333,-0.06969077953827627,-4.851168964987714,-3.8024422787465544,-1.1854479047779214,0.5283306445812022,-0.20101838050610454
360,6,1.7142857142857142,1.9924301646902063,3.826882755433421,"(0, 0, 0, 0, 0, 1, 1, 1, 1, 0, 1, 1, 1, 1, 0, 0, 0, 0, 0, 1, 1, 0, 0, 0, 0)",6,11,11,16,7.082666666666666,9.335333333333333,3.0693333333333332,4.684666666666667,0.0,2.798213199516807,-3.826882755433421,-2.316443585694717,1,1,1,1,5,5,10,2.2526666666666664,-4.013333333333334,-2.3979999999999997,2.798213199516807,-3.826882755433421,-2.316443585694717,-1.086963368292777,-0.371489755631707,-0.1624954599858167
360,7,2.0,1.9924301646902063,1.3866666666666667,"(0, 1, 1, 0, 0, 0, 0, 1, 0, 0, 0, 1, 0, 1, 0, 1, 1, 0, 1, 0, 1, 0, 0, 0, 1)",6,9,11,14,6.636666666666667,5.25,9.564,6.618,0.0,-2.5682424822856764,1.8734156695193787,-0.22217810147589864,1,1,1,1,3,5,8,-1.3866666666666667,2.9273333333333333,-0.018666666666666387,-2.5682424822856764,1.8734156695193787,-0.22217810147589864,2.3542072969077483,2.0998573444827553,0.4054823215732988
370,0,0.0,1.9924301646902063,-0.5438448825086627,"(1, 1, 0, 1, 0, 0, 0, 1, 1, 0, 0, 0, 0, 1, 1, 0, 1, 1, 0, 1, 0, 0, 1, 0, 1)",7,10,12,15,8.242,8.423333333333334,9.319333333333333,9.611333333333333,0.0,0.5438448825086627,1.7908405082494399,0.6549782094724931,1,1,1,1,3,5,8,0.1813333333333329,1.077333333333332,1.3693333333333317,0.5438448825086627,1.7908405082494399,0.6549782094724931,-0.7222789456255042,-1.4216132180257448,1.4233026970813434
370,1,0.2857142857142857,1.9924301646902063,0.14399999999999924,"(0, 0, 0, 0, 0, 0, 1, 0, 0, 1, 1, 1, 1, 1, 1, 0, 0, 0, 1, 1, 0, 0, 1, 0, 0)",7,10,10,13,7.487333333333333,9.066666666666666,8.47,7.343333333333334,0.0,0.37324858418529877,-0.0800071401687838,-1.4821466614001026,1,1,1,1,3,3,6,1.5793333333333335,0.9826666666666677,-0.14399999999999924,0.37324858418529877,-0.0800071401687838,-1.4821466614001026,2.403039635375365,2.117303347965127,2.6661637729530576
370,2,0.5714285714285714,1.9924301646902063,-2.1375676331314173,"(1, 1, 0, 1, 0, 0, 1, 0, 1, 0, 0, 0, 0, 0, 0, 0, 0, 0, 0, 0, 0, 0, 0, 1, 0)",4,7,9,12,4.336,7.99,5.846,9.439333333333334,0.0,3.7851745506525734,2.1375676331314173,6.1012196503143485,1,1,1,1,3,5,8,3.654,1.5099999999999998,5.1033333333333335,3.7851745506525734,2.1375676331314173,6.1012196503143485,-0.2613561315598707,-1.250384682634273,-1.9882187988845872
370,3,0.8571428571428571,1.9924301646902063,-1.357333333333333,"(0, 1, 1, 0, 0, 1, 0, 0, 1, 0, 0, 0, 0, 0, 1, 0, 1, 0, 1, 1, 0, 1, 1, 0, 0)",7,12,12,17,7.466666666666667,9.045333333333334,8.824,9.235333333333333,0.0,1.0068413765567843,-0.17728200843154576,1.5929257785568787,1,1,1,1,5,5,10,1.5786666666666669,1.357333333333333,1.7686666666666664,1.0068413765567843,-0.17728200843154576,1.5929257785568787,1.1393219569476583,3.057613898128715,0.35015144663938746
370,4,1.1428571428571428,1.9924301646902063,4.586,"(1, 0, 0, 0, 1, 0, 1, 1, 1, 1, 0, 1, 1, 1, 1, 0, 1, 1, 0, 0, 1, 1, 0, 0, 0)",7,10,12,15,9.104666666666667,8.44,4.518666666666666,5.201333333333333,0.0,-0.06969077953827627,-4.851168964987714,-3.8024422787465544,1,1,1,1,3,5,8,-0.6646666666666672,-4.586,-3.9033333333333333,-0.06969077953827627,-4.851168964987714,-3.8024422787465544,-1.1854479047779214,0.5283306445812022,-0.20101838050610454
370,5,1.4285714285714284,1.9924301646902063,-0.10933333333333284,"(1, 1, 0, 0, 0, 1, 0, 0, 0, 0, 0, 0, 1, 1, 1, 1, 0, 0, 0, 1, 0, 1, 1, 0, 0)",6,9,11,14,6.666,7.275333333333333,9.403333333333334,6.775333333333333,0.0,-0.2450246340310138,2.0261686488122943,-0.32883952962564855,1,1,1,1,3,5,8,0.6093333333333328,2.737333333333334,0.10933333333333284,-0.2450246340310138,2.0261686488122943,-0.32883952962564855,1.702248585620135,1.4169459695021134,0.8730288295081425
370,6,1.7142857142857142,1.9924301646902063,1.3866666666666667,"(0, 1, 1, 0, 0, 0, 0, 1, 0, 0, 0, 1, 0, 1, 0, 1, 1, 0, 1, 0, 1, 0, 0, 0, 1)",6,9,11,14,6.636666666666667,5.25,9.564,6.618,0.0,-2.5682424822856764,1.8734156695193787,-0.22217810147589864,1,1,1,1,3,5,8,-1.3866666666666667,2.9273333333333333,-0.018666666666666387,-2.5682424822856764,1.8734156695193787,-0.22217810147589864,2.3542072969077483,2.0998573444827553,0.4054823215732988
370,7,2.0,1.9924301646902063,3.826882755433421,"(0, 0, 0, 0, 0, 1, 1, 1, 1, 0, 1, 1, 1, 1, 0, 0, 0, 0, 0, 1, 1, 0, 0, 0, 0)",6,11,11,16,7.082666666666666,9.335333333333333,3.0693333333333332,4.684666666666667,0.0,2.798213199516807,-3.826882755433421,-2.316443585694717,1,1,1,1,5,5,10,2.2526666666666664,-4.013333333333334,-2.3979999999999997,2.798213199516807,-3.826882755433421,-2.316443585694717,-1.086963368292777,-0.371489755631707,-0.1624954599858167
380,0,0.0,1.9924301646902063,-1.8826666666666663,"(0, 1, 0, 0, 0, 0, 0, 0, 0, 1, 1, 1, 0, 0, 1, 0, 0, 0, 1, 1, 0, 0, 1, 0, 0)",5,8,10,13,5.298,7.180666666666666,6.666,7.839333333333333,0.0,1.6967978044760623,2.800736944392082,3.12537023255894,1,1,1,1,3,5,8,1.8826666666666663,1.3680000000000003,2.541333333333333,1.6967978044760623,2.800736944392082,3.12537023255894,0.37033072770520625,-2.854628306072858,-1.1636527353092327
380,1,0.2857142857142857,1.9924301646902063,-1.0020000000000007,"(0, 0, 1, 0, 0, 0, 0, 1, 1, 1, 0, 0, 0, 1, 0, 0, 1, 1, 0, 1, 0, 0, 1, 0, 1)",6,11,11,16,6.357333333333333,7.359333333333334,7.712666666666666,9.564,0.0,0.6325301629503173,1.9922087835607962,3.135686593189447,1,1,1,1,5,5,10,1.0020000000000007,1.3553333333333333,3.206666666666667,0.6325301629503173,1.9922087835607962,3.135686593189447,0.7361428482809643,-1.2689298581838533,0.1414228394879402
380,2,0.5714285714285714,1.9924301646902063,0.4713333333333338,"(1, 1, 1, 0, 0, 1, 1, 1, 0, 1, 1, 0, 0, 0, 0, 0, 1, 0, 1, 1, 1, 1, 1, 0, 0)",8,11,13,16,9.946666666666667,9.475333333333333,11.262666666666666,10.894,0.0,-0.48145968024091684,1.2875969248745756,1.1934213924235517,1,1,1,1,3,5,8,-0.4713333333333338,1.315999999999999,0.9473333333333329,-0.48145968024091684,1.2875969248745756,1.1934213924235517,0.020176039036785793,0.05659114364985563,-0.49031327210141784
380,3,0.8571428571428571,1.9924301646902063,1.4126666666666665,"(1, 1, 0, 1, 0, 0, 1, 1, 0, 0, 0, 0, 0, 0, 0, 0, 0, 0, 0, 0, 1, 1, 0, 1, 0)",4,9,9,14,4.6866666666666665,7.3,3.274,6.362,0.0,3.8264399931746005,-2.9814282222165436,2.4011882820328734,1,1,1,1,5,5,10,2.6133333333333333,-1.4126666666666665,1.6753333333333336,3.8264399931746005,-2.9814282222165436,2.4011882820328734,-2.417030302054322,3.1256478444839058,-1.4462152949786253
380,4,1.1428571428571428,1.9924301646902063,3.0161407833080327,"(1, 1, 0, 0, 0, 1, 0, 0, 0, 0, 0, 0, 1, 1, 1, 1, 0, 1, 1, 1, 0, 1, 1, 0, 0)",7,10,12,15,8.694,9.174,8.620666666666667,5.240666666666667,0.0,0.8720645449719617,-1.106994199501879,-3.0161407833080327,1,1,1,1,3,5,8,0.47999999999999865,-0.07333333333333414,-3.453333333333334,0.8720645449719617,-1.106994199501879,-3.0161407833080327,-0.7811612259076792,2.0594970898140152,-0.8710756244482424
380,5,1.4285714285714284,1.9924301646902063,0.968586717394733,"(0, 1, 1, 0, 0, 0, 0, 1, 1, 1, 0, 1, 0, 1, 0, 1, 1, 0, 1, 0, 1, 0, 0, 0, 1)",7,10,12,15,9.020666666666667,6.368666666666667,9.07,7.892666666666667,0.0,-0.968586717394733,1.5012297147552485,0.3587702583218825,1,1,1,1,3,5,8,-2.652,0.04933333333333323,-1.1280000000000001,-0.968586717394733,1.5012297147552485,0.3587702583218825,-3.354083403902893,-2.892802146349581,-2.962285910644769
380,6,1.7142857142857142,1.9924301646902063,3.826882755433421,"(0, 0, 0, 0, 0, 1, 1, 1, 1, 0, 1, 1, 1, 1, 0, 0, 0, 0, 0, 1, 1, 0, 0, 0, 0)",6,11,11,16,7.082666666666666,9.335333333333333,3.0693333333333332,4.684666666666667,0.0,2.798213199516807,-3.826882755433421,-2.316443585694717,1,1,1,1,5,5,10,2.2526666666666664,-4.013333333333334,-2.3979999999999997,2.798213199516807,-3.826882755433421,-2.316443585694717,-1.086963368292777,-0.371489755631707,-0.1624954599858167
380,7,2.0,1.9924301646902063,4.586,"(1, 0, 0, 0, 1, 0, 1, 1, 1, 1, 0, 1, 1, 1, 1, 0, 1, 1, 0, 0, 1, 1, 0, 0, 0)",7,10,12,15,9.104666666666667,8.44,4.518666666666666,5.201333333333333,0.0,-0.06969077953827627,-4.851168964987714,-3.8024422787465544,1,1,1,1,3,5,8,-0.6646666666666672,-4.586,-3.9033333333333333,-0.06969077953827627,-4.851168964987714,-3.8024422787465544,-1.1854479047779214,0.5283306445812022,-0.20101838050610454
390,0,0.0,1.9924301646902063,-3.224666666666667,"(0, 1, 0, 0, 0, 0, 0, 0, 0, 1, 1, 1, 0, 0, 1, 0, 0, 0, 1, 1, 0, 1, 0, 0, 0)",4,7,9,12,4.4093333333333335,7.748666666666667,7.634,8.866666666666667,0.0,3.2611654173390474,3.2199885272687845,5.632910009160386,1,1,1,1,3,5,8,3.3393333333333333,3.224666666666667,4.457333333333334,3.2611654173390474,3.2199885272687845,5.632910009160386,0.15574411373798516,0.00932086605096639,-2.3422544298240595
390,1,0.2857142857142857,1.9924301646902063,-1.0326666666666666,"(0, 0, 1, 0, 0, 0, 0, 0, 1, 1, 0, 0, 1, 1, 0, 0, 1, 1, 0, 1, 0, 0, 1, 0, 1)",5,10,10,15,5.564,6.596666666666667,8.908,9.687333333333333,0.0,0.27265299898138434,2.91886591504527,3.2109119009629716,1,1,1,1,5,5,10,1.0326666666666666,3.3439999999999994,4.123333333333333,0.27265299898138434,2.91886591504527,3.2109119009629716,1.5142741570729945,0.8470499749017716,1.817935984764553
390,2,0.5714285714285714,1.9924301646902063,1.004,"(1, 1, 0, 1, 0, 0, 0, 0, 0, 0, 0, 0, 0, 0, 0, 0, 0, 0, 0, 0, 1, 1, 0, 1, 0)",3,8,8,13,3.232,8.819333333333333,2.228,7.822666666666667,0.0,6.110871867556628,-2.503023601561482,4.117201968541724,1,1,1,1,5,5,10,5.587333333333333,-1.004,4.5906666666666665,6.110871867556628,-2.503023601561482,4.117201968541724,-1.0431139679641892,2.98669984133365,0.9433453464600783
390,3,0.8571428571428571,1.9924301646902063,3.0161407833080327,"(1, 1, 0, 0, 0, 1, 0, 0, 0, 0, 0, 0, 1, 1, 1, 1, 0, 1, 1, 1, 0, 1, 1, 0, 0)",7,10,12,15,8.694,9.174,8.620666666666667,5.240666666666667,0.0,0.8720645449719617,-1.106994199501879,-3.0161407833080327,1,1,1,1,3,5,8,0.47999999999999865,-0.07333333333333414,-3.453333333333334,0.8720645449719617,-1.106994199501879,-3.0161407833080327,-0.7811612259076792,2.0594970898140152,-0.8710756244482424
390,4,1.1428571428571428,1.9924301646902063,1.1216496302688241,"(0, 1, 1, 0, 0, 0, 0, 1, 1, 1, 0, 1, 0, 1, 0, 1, 1, 1, 1, 0, 1, 0, 1, 0, 1)",8,11,13,16,9.153333333333334,7.332666666666666,8.542666666666667,8.506666666666666,0.0,-1.1216496302688241,-0.9643361997100597,-1.3087609608461728,1,1,1,1,3,5,8,-1.8206666666666678,-0.6106666666666669,-0.6466666666666683,-1.1216496302688241,-0.9643361997100597,-1.3087609608461728,-1.3927426289514155,0.7046618459675554,1.319176643592516
390,5,1.4285714285714284,1.9924301646902063,1.9595772050857583,"(1, 1, 1, 0, 0, 0, 0, 1, 0, 1, 1, 0, 0, 0, 0, 0, 1, 0, 1, 1, 1, 1, 1, 0, 0)",8,11,13,16,9.87,7.5473333333333334,9.616,9.111333333333333,0.0,-1.9595772050857583,0.5152424405888867,0.04741983791962729,1,1,1,1,3,5,8,-2.3226666666666658,-0.25399999999999956,-0.7586666666666666,-1.9595772050857583,0.5152424405888867,0.04741983791962729,-0.7234303957349258,-1.532661842589211,-1.6060710670874223
390,6,1.7142857142857142,1.9924301646902063,4.586,"(1, 0, 0, 0, 1, 0, 1, 1, 1, 1, 0, 1, 1, 1, 1, 0, 1, 1, 0, 0, 1, 1, 0, 0, 0)",7,10,12,15,9.104666666666667,8.44,4.518666666666666,5.201333333333333,0.0,-0.06969077953827627,-4.851168964987714,-3.8024422787465544,1,1,1,1,3,5,8,-0.6646666666666672,-4.586,-3.9033333333333333,-0.06969077953827627,-4.851168964987714,-3.8024422787465544,-1.1854479047779214,0.5283306445812022,-0.20101838050610454
390,7,2.0,1.9924301646902063,3.409333333333333,"(0, 0, 0, 0, 0, 1, 1, 1, 0, 1, 1, 1, 1, 0, 1, 1, 0, 0, 0, 0, 1, 0, 0, 0, 0)",5,10,10,15,5.663333333333333,8.912666666666667,2.254,7.757333333333333,0.0,2.7086866707833934,-4.685930089996074,2.339777156734532,1,1,1,1,5,5,10,3.2493333333333334,-3.409333333333333,2.0940000000000003,2.7086866707833934,-4.685930089996074,2.339777156734532,1.0772007189035873,2.543529886120527,-0.4896938208696732
400,0,0.0,1.9924301646902063,-0.9153333333333329,"(0, 0, 1, 0, 0, 0, 0, 0, 1, 1, 0, 0, 1, 0, 1, 0, 1, 1, 0, 1, 0, 0, 1, 1, 0)",6,11,9,14,6.496,7.411333333333333,9.891333333333334,9.074666666666667,0.0,0.5080254157701206,2.966241476739015,2.3424780065133333,1,1,1,1,5,3,8,0.9153333333333329,3.3953333333333333,2.578666666666667,0.5080254157701206,2.966241476739015,2.3424780065133333,0.811532581270096,0.8549355585014439,0.47058941104726565
400,1,0.2857142857142857,1.9924301646902063,-2.811407514829646,"(1, 0, 0, 0, 0, 0, 0, 0, 0, 0, 0, 0, 0, 0, 0, 0, 0, 0, 0, 0, 0, 0, 1, 0, 0)",3,6,8,11,3.1646666666666667,6.540666666666667,4.796666666666667,9.437333333333333,0.0,4.546327149790113,2.811407514829646,7.6357008107069815,1,1,1,1,3,5,8,3.376,1.6320000000000001,6.272666666666666,4.546327149790113,2.811407514829646,7.6357008107069815,-2.3317951157977355,-2.349887109008898,-2.71575034408862
400,2,0.5714285714285714,1.9924301646902063,-0.39400000000000013,"(0, 1, 0, 1, 1, 0, 0, 0, 0, 1, 1, 1, 0, 0, 1, 0, 0, 0, 1, 0, 0, 1, 0, 0, 1)",6,9,11,14,6.176,7.658,7.427333333333333,6.57,0.0,0.11347996693557781,1.2976476281497897,-0.5010297720807633,1,1,1,1,3,5,8,1.4820000000000002,1.2513333333333332,0.39400000000000013,0.11347996693557781,1.2976476281497897,-0.5010297720807633,2.726680594860394,-0.09227799804866328,1.783284316189513
400,3,0.8571428571428571,1.9924301646902063,2.253333333333334,"(0, 1, 1, 0, 0, 0, 0, 1, 1, 1, 1, 1, 0, 1, 1, 1, 1, 1, 1, 0, 1, 0, 1, 0, 1)",8,13,13,18,9.868,10.124666666666666,7.6146666666666665,8.796,0.0,-0.5251160389605741,-3.1350667260270986,-2.3444261604521435,1,1,1,1,5,5,10,0.25666666666666593,-2.253333333333334,-1.072000000000001,-0.5251160389605741,-3.1350667260270986,-2.3444261604521435,1.557647444924837,1.756792208817692,2.535220264425789
400,4,1.1428571428571428,1.9924301646902063,1.9595772050857583,"(1, 1, 1, 0, 0, 0, 0, 1, 0, 1, 1, 0, 0, 0, 0, 0, 1, 0, 1, 1, 1, 1, 1, 0, 0)",8,11,13,16,9.87,7.5473333333333334,9.616,9.111333333333333,0.0,-1.9595772050857583,0.5152424405888867,0.04741983791962729,1,1,1,1,3,5,8,-2.3226666666666658,-0.25399999999999956,-0.7586666666666666,-1.9595772050857583,0.5152424405888867,0.04741983791962729,-0.7234303957349258,-1.532661842589211,-1.6060710670874223
400,5,1.4285714285714284,1.9924301646902063,4.586,"(1, 0, 0, 0, 1, 0, 1, 1, 1, 1, 0, 1, 1, 1, 1, 0, 1, 1, 0, 0, 1, 1, 0, 0, 0)",7,10,12,15,9.104666666666667,8.44,4.518666666666666,5.201333333333333,0.0,-0.06969077953827627,-4.851168964987714,-3.8024422787465544,1,1,1,1,3,5,8,-0.6646666666666672,-4.586,-3.9033333333333333,-0.06969077953827627,-4.851168964987714,-3.8024422787465544,-1.1854479047779214,0.5283306445812022,-0.20101838050610454
400,6,1.7142857142857142,1.9924301646902063,3.543333333333333,"(0, 0, 0, 0, 0, 1, 1, 1, 0, 1, 1, 1, 1, 0, 1, 1, 0, 0, 0, 0, 1, 0, 0, 0, 0)",5,10,10,15,5.736,8.638,2.1926666666666668,7.356,0.0,2.5304305853824443,-4.280271308465148,1.5628179449571156,1,1,1,1,5,5,10,2.902,-3.543333333333333,1.62,2.5304305853824443,-4.280271308465148,1.5628179449571156,0.7403261099603005,1.4682974511583484,0.11393125134641888
400,7,2.0,1.9924301646902063,3.0161407833080327,"(1, 1, 0, 0, 0, 1, 0, 0, 0, 0, 0, 0, 1, 1, 1, 1, 0, 1, 1, 1, 0, 1, 1, 0, 0)",7,10,12,15,8.694,9.174,8.620666666666667,5.240666666666667,0.0,0.8720645449719617,-1.106994199501879,-3.0161407833080327,1,1,1,1,3,5,8,0.47999999999999865,-0.07333333333333414,-3.453333333333334,0.8720645449719617,-1.106994199501879,-3.0161407833080327,-0.7811612259076792,2.0594970898140152,-0.8710756244482424
410,0,0.0,1.9924301646902063,-4.711433196104108,"(0, 1, 0, 0, 0, 0, 0, 0, 0, 0, 0, 0, 0, 0, 0, 0, 0, 0, 0, 0, 0, 0, 1, 0, 0)",2,7,7,12,2.054666666666667,5.421333333333333,5.464666666666667,8.394,0.0,5.825378763069461,4.711433196104108,8.548632312168033,1,1,1,1,5,5,10,3.3666666666666663,3.41,6.339333333333333,5.825378763069461,4.711433196104108,8.548632312168033,-4.898812147161622,-2.5930147572470084,-4.401873928249525
410,1,0.2857142857142857,1.9924301646902063,2.3027179556712936,"(1, 1, 1, 1, 1, 0, 0, 0, 0, 1, 1, 1, 0, 0, 1, 0, 0, 0, 1, 1, 1, 1, 1, 0, 0)",7,10,12,15,9.496,8.834,6.4446666666666665,7.458666666666667,0.0,0.6701206787241392,-2.3027179556712936,-2.0484395904309407,1,1,1,1,3,5,8,-0.6620000000000008,-3.051333333333334,-2.0373333333333337,0.6701206787241392,-2.3027179556712936,-2.0484395904309407,-2.6541574232975678,-1.4915638602048,0.02212844165807697
410,2,0.5714285714285714,1.9924301646902063,3.5919999999999996,"(0, 1, 1, 0, 0, 0, 0, 1, 1, 1, 1, 1, 1, 1, 1, 1, 1, 0, 1, 0, 1, 1, 0, 1, 0)",8,11,13,16,9.234,8.04,5.642,6.582,0.0,-0.3912690081192749,-3.650663376423041,-2.071596056567231,1,1,1,1,3,5,8,-1.1940000000000008,-3.5919999999999996,-2.652,-0.3912690081192749,-3.650663376423041,-2.071596056567231,-1.5993854423548475,0.11688268074784376,-1.1564143246005976
410,3,0.8571428571428571,1.9924301646902063,-1.5420081187925747,"(0, 1, 0, 0, 0, 0, 0, 0, 1, 0, 0, 0, 1, 1, 0, 0, 1, 0, 1, 1, 0, 0, 0, 1, 0)",6,11,9,14,6.418,7.275333333333333,9.088666666666667,9.32,0.0,1.5420081187925747,2.365368815294331,3.524830342466385,1,1,1,1,5,3,8,0.8573333333333331,2.6706666666666665,2.902,1.5420081187925747,2.365368815294331,3.524830342466385,-1.3641666955517886,0.6082846482893489,-1.240945961814357
410,4,1.1428571428571428,1.9924301646902063,4.586,"(1, 0, 0, 0, 1, 0, 1, 1, 1, 1, 0, 1, 1, 1, 1, 0, 1, 1, 0, 0, 1, 1, 0, 0, 0)",7,10,12,15,9.104666666666667,8.44,4.518666666666666,5.201333333333333,0.0,-0.06969077953827627,-4.851168964987714,-3.8024422787465544,1,1,1,1,3,5,8,-0.6646666666666672,-4.586,-3.9033333333333333,-0.06969077953827627,-4.851168964987714,-3.8024422787465544,-1.1854479047779214,0.5283306445812022,-0.20101838050610454
410,5,1.4285714285714284,1.9924301646902063,2.1060000000000008,"(0, 0, 0, 0, 0, 0, 1, 1, 0, 1, 1, 1, 1, 0, 1, 1, 1, 0, 0, 0, 0, 1, 0, 0, 0)",5,10,10,15,6.222666666666667,8.284666666666666,4.116666666666666,7.497333333333334,0.0,3.080031377255767,-2.133848430157329,1.8571220183948005,1,1,1,1,5,5,10,2.0619999999999994,-2.1060000000000008,1.2746666666666666,3.080031377255767,-2.133848430157329,1.8571220183948005,-2.028356424645507,0.05548605228472888,-1.1605016123683778
410,6,1.7142857142857142,1.9924301646902063,2.5551367194246017,"(1, 1, 0, 0, 0, 0, 1, 0, 0, 0, 0, 0, 1, 1, 1, 1, 0, 1, 1, 1, 0, 1, 1, 0, 0)",7,10,12,15,9.272,6.366,10.548666666666668,8.513333333333334,0.0,-2.5551367194246017,1.6251145947730963,-0.693587078441602,1,1,1,1,3,5,8,-2.9060000000000006,1.2766666666666673,-0.7586666666666666,-2.5551367194246017,1.6251145947730963,-0.693587078441602,-0.699070583900588,-0.6942581627830535,-0.12966653468523637
410,7,2.0,1.9924301646902063,0.9733333333333336,"(0, 1, 1, 0, 0, 0, 0, 1, 0, 1, 1, 0, 0, 0, 1, 0, 1, 0, 1, 0, 0, 1, 1, 0, 0)",7,12,12,17,7.332,6.358666666666666,8.734666666666667,8.080666666666668,0.0,-1.5511290213242674,2.583517780214967,1.168139667444926,1,1,1,1,5,5,10,-0.9733333333333336,1.4026666666666676,0.7486666666666677,-1.5511290213242674,2.583517780214967,1.168139667444926,1.1512175577810673,-2.3527633786416513,-0.8357706600237202
420,0,0.0,1.9924301646902063,-0.9833333333333334,"(0, 0, 1, 1, 1, 0, 0, 0, 0, 1, 0, 0, 0, 0, 1, 0, 0, 0, 1, 1, 0, 0, 1, 0, 0)",4,9,9,14,4.387333333333333,5.370666666666667,7.531333333333333,8.340666666666667,0.0,0.7446818431094356,4.050300591234015,4.103697719647713,1,1,1,1,5,5,10,0.9833333333333334,3.144,3.953333333333334,0.7446818431094356,4.050300591234015,4.103697719647713,0.47549642797036373,-1.805740636251219,-0.29959053898790056
420,1,0.2857142857142857,1.9924301646902063,-2.1020138237481674,"(0, 1, 0, 0, 0, 0, 0, 1, 0, 0, 0, 1, 0, 0, 0, 0, 0, 0, 0, 0, 0, 0, 1, 0, 0)",4,9,9,14,4.148,5.779333333333334,7.403333333333333,6.404,0.0,2.1020138237481674,4.38857095697253,2.848156782311708,1,1,1,1,5,5,10,1.631333333333334,3.2553333333333336,2.2560000000000002,2.1020138237481674,4.38857095697253,2.848156782311708,-0.9377980070336935,-2.257896825100582,-1.179831035303739
420,2,0.5714285714285714,1.9924301646902063,2.066,"(0, 0, 1, 1, 0, 0, 0, 1, 1, 0, 0, 0, 1, 0, 0, 0, 1, 0, 0, 1, 0, 0, 0, 1, 0)",6,11,11,16,6.673333333333333,5.276,8.784,4.607333333333333,0.0,-1.9467813758058585,1.7170320397041374,-2.6048589210900936,1,1,1,1,5,5,10,-1.397333333333333,2.110666666666668,-2.066,-1.9467813758058585,1.7170320397041374,-2.6048589210900936,1.0947368537522453,0.7842895046267223,1.0736387688923226
420,3,0.8571428571428571,1.9924301646902063,2.8853333333333335,"(0, 1, 1, 0, 0, 0, 0, 1, 1, 1, 1, 1, 1, 1, 1, 0, 1, 0, 0, 0, 0, 1, 0, 1, 1)",7,10,12,15,9.244,8.932,6.358666666666666,5.577333333333334,0.0,0.20690280354660745,-2.898233193784256,-2.8201299313283994,1,1,1,1,3,5,8,-0.3119999999999994,-2.8853333333333335,-3.666666666666666,0.20690280354660745,-2.898233193784256,-2.8201299313283994,-1.0338775983285755,0.02570207108271221,-1.6866653270063323
420,4,1.1428571428571428,1.9924301646902063,1.857874714234794,"(0, 0, 1, 0, 0, 0, 1, 0, 0, 1, 1, 1, 1, 0, 1, 1, 1, 0, 0, 0, 0, 1, 1, 1, 0)",7,12,10,15,9.77,8.843333333333334,6.985333333333333,8.124,0.0,0.49651359704080045,-1.857874714234794,0.27694779289193794,1,1,1,1,5,3,8,-0.9266666666666659,-2.7846666666666664,-1.645999999999999,0.49651359704080045,-1.857874714234794,0.27694779289193794,-2.8355872872025185,-1.8465682424173933,-3.831339187682351
420,5,1.4285714285714284,1.9924301646902063,2.5551367194246017,"(1, 1, 0, 0, 0, 0, 1, 0, 0, 0, 0, 0, 1, 1, 1, 1, 0, 1, 1, 1, 0, 1, 1, 0, 0)",7,10,12,15,9.272,6.366,10.548666666666668,8.513333333333334,0.0,-2.5551367194246017,1.6251145947730963,-0.693587078441602,1,1,1,1,3,5,8,-2.9060000000000006,1.2766666666666673,-0.7586666666666666,-2.5551367194246017,1.6251145947730963,-0.693587078441602,-0.699070583900588,-0.6942581627830535,-0.12966653468523637
420,6,1.7142857142857142,1.9924301646902063,2.1513333333333335,"(0, 1, 0, 0, 0, 0, 0, 0, 0, 1, 1, 0, 0, 0, 1, 0, 0, 0, 1, 0, 0, 0, 1, 0, 0)",6,9,9,12,6.525333333333333,8.846,5.336666666666667,4.374,0.0,1.5044176030187528,-1.5824323130228446,-2.286025818513779,1,1,1,1,3,3,6,2.320666666666667,-1.1886666666666663,-2.1513333333333335,1.5044176030187528,-1.5824323130228446,-2.286025818513779,1.6263192563122402,0.7845505516187858,0.26836537043060804
420,7,2.0,1.9924301646902063,4.586,"(1, 0, 0, 0, 1, 0, 1, 1, 1, 1, 0, 1, 1, 1, 1, 0, 1, 1, 0, 0, 1, 1, 0, 0, 0)",7,10,12,15,9.104666666666667,8.44,4.518666666666666,5.201333333333333,0.0,-0.06969077953827627,-4.851168964987714,-3.8024422787465544,1,1,1,1,3,5,8,-0.6646666666666672,-4.586,-3.9033333333333333,-0.06969077953827627,-4.851168964987714,-3.8024422787465544,-1.1854479047779214,0.5283306445812022,-0.20101838050610454
430,0,0.0,1.9924301646902063,-1.1326666666666663,"(0, 1, 1, 0, 0, 0, 0, 1, 0, 0, 1, 1, 1, 0, 0, 1, 0, 0, 0, 0, 0, 0, 1, 0, 0)",5,10,8,13,5.128666666666667,6.261333333333333,7.275333333333333,7.538,0.0,1.0952609996431466,2.1196800378750873,2.9038562744712713,1,1,1,1,5,3,8,1.1326666666666663,2.1466666666666665,2.4093333333333335,1.0952609996431466,2.1196800378750873,2.9038562744712713,0.0745281793080183,0.053768973247639615,-0.9853024250545465
430,1,0.2857142857142857,1.9924301646902063,-0.7246666666666668,"(0, 0, 1, 1, 1, 0, 0, 0, 0, 1, 0, 0, 0, 0, 1, 0, 0, 0, 1, 1, 1, 0, 1, 0, 1)",5,10,10,15,5.533333333333333,6.258,8.953333333333333,7.986,0.0,0.3581061149336531,2.391403236112949,2.6618867000261153,1,1,1,1,5,5,10,0.7246666666666668,3.42,2.4526666666666666,0.3581061149336531,2.391403236112949,2.6618867000261153,0.7303463004583414,2.04940721967129,-0.41685630552285685
430,2,0.5714285714285714,1.9924301646902063,-0.613999999999999,"(0, 0, 0, 0, 0, 0, 1, 1, 1, 1, 1, 0, 1, 1, 1, 1, 1, 0, 0, 1, 0, 0, 1, 1, 1)",7,10,12,15,9.010666666666667,9.624666666666666,10.508,10.186,0.0,0.06703420598535581,1.6472527077140993,1.3565350085728556,1,1,1,1,3,5,8,0.613999999999999,1.4973333333333319,1.1753333333333327,0.06703420598535581,1.6472527077140993,1.3565350085728556,1.0897911470485049,-0.2987038837877251,-0.3610316836396239
430,3,0.8571428571428571,1.9924301646902063,-0.9453333333333331,"(0, 0, 1, 0, 0, 0, 1, 1, 0, 1, 1, 1, 0, 0, 1, 1, 1, 0, 0, 0, 0, 1, 1, 1, 0)",6,11,9,14,6.913333333333333,7.724666666666667,7.858666666666666,9.149333333333333,0.0,1.5746396972676115,0.799362982073712,1.2590387591806842,1,1,1,1,5,3,8,0.8113333333333337,0.9453333333333331,2.2359999999999998,1.5746396972676115,0.799362982073712,1.2590387591806842,-1.5208346244026558,0.29083573100009413,1.946527045941577
430,4,1.1428571428571428,1.9924301646902063,2.5551367194246017,"(1, 1, 0, 0, 0, 0, 1, 0, 0, 0, 0, 0, 1, 1, 1, 1, 0, 1, 1, 1, 0, 1, 1, 0, 0)",7,10,12,15,9.272,6.366,10.548666666666668,8.513333333333334,0.0,-2.5551367194246017,1.6251145947730963,-0.693587078441602,1,1,1,1,3,5,8,-2.9060000000000006,1.2766666666666673,-0.7586666666666666,-2.5551367194246017,1.6251145947730963,-0.693587078441602,-0.699070583900588,-0.6942581627830535,-0.12966653468523637
430,5,1.4285714285714284,1.9924301646902063,2.1513333333333335,"(0, 1, 0, 0, 0, 0, 0, 0, 0, 1, 1, 0, 0, 0, 1, 0, 0, 0, 1, 0, 0, 0, 1, 0, 0)",6,9,9,12,6.525333333333333,8.846,5.336666666666667,4.374,0.0,1.5044176030187528,-1.5824323130228446,-2.286025818513779,1,1,1,1,3,3,6,2.320666666666667,-1.1886666666666663,-2.1513333333333335,1.5044176030187528,-1.5824323130228446,-2.286025818513779,1.6263192563122402,0.7845505516187858,0.26836537043060804
430,6,1.7142857142857142,1.9924301646902063,2.066,"(0, 0, 1, 1, 0, 0, 0, 1, 1, 0, 0, 0, 1, 0, 0, 0, 1, 0, 0, 1, 0, 0, 0, 1, 0)",6,11,11,16,6.673333333333333,5.276,8.784,4.607333333333333,0.0,-1.9467813758058585,1.7170320397041374,-2.6048589210900936,1,1,1,1,5,5,10,-1.397333333333333,2.110666666666668,-2.066,-1.9467813758058585,1.7170320397041374,-2.6048589210900936,1.0947368537522453,0.7842895046267223,1.0736387688923226
430,7,2.0,1.9924301646902063,4.586,"(1, 0, 0, 0, 1, 0, 1, 1, 1, 1, 0, 1, 1, 1, 1, 0, 1, 1, 0, 0, 1, 1, 0, 0, 0)",7,10,12,15,9.104666666666667,8.44,4.518666666666666,5.201333333333333,0.0,-0.06969077953827627,-4.851168964987714,-3.8024422787465544,1,1,1,1,3,5,8,-0.6646666666666672,-4.586,-3.9033333333333333,-0.06969077953827627,-4.851168964987714,-3.8024422787465544,-1.1854479047779214,0.5283306445812022,-0.20101838050610454
440,0,0.0,1.9924301646902063,-1.496666666666667,"(0, 0, 0, 0, 1, 0, 0, 0, 1, 1, 0, 0, 0, 0, 1, 0, 0, 1, 1, 0, 1, 0, 0, 0, 1)",5,10,8,13,5.261333333333333,6.758,8.710666666666667,8.628,0.0,1.0992458599725277,3.5083153102123976,3.8426008156215317,1,1,1,1,5,3,8,1.496666666666667,3.4493333333333336,3.366666666666667,1.0992458599725277,3.5083153102123976,3.8426008156215317,0.7918332033329187,-0.11751746990690749,-0.9482655547838339
440,1,0.2857142857142857,1.9924301646902063,-3.3998828330273674,"(0, 0, 0, 0, 1, 0, 0, 1, 0, 0, 0, 1, 1, 0, 0, 0, 0, 0, 0, 0, 0, 1, 0, 0, 1)",4,9,9,14,4.126,7.493333333333333,7.440666666666667,8.438666666666666,0.0,5.165397340072301,3.3998828330273674,5.920129886456951,1,1,1,1,5,5,10,3.367333333333333,3.3146666666666667,4.312666666666666,5.165397340072301,3.3998828330273674,5.920129886456951,-3.582516965070454,-0.16978726037631897,-3.202758207740206
440,2,0.5714285714285714,1.9924301646902063,1.1226666666666665,"(0, 0, 1, 0, 0, 0, 1, 1, 1, 0, 1, 1, 0, 1, 0, 1, 1, 0, 0, 0, 0, 0, 0, 1, 0)",6,11,11,16,7.447333333333333,7.408666666666667,7.52,6.324666666666666,0.0,0.583206447317764,0.03581946673854266,-1.204136239086997,1,1,1,1,5,5,10,-0.03866666666666596,0.07266666666666666,-1.1226666666666665,0.583206447317764,0.03581946673854266,-1.204136239086997,-1.2390387509124092,0.07341547262116506,0.16232243359467974
440,3,0.8571428571428571,1.9924301646902063,0.8166666666666664,"(0, 0, 0, 1, 0, 0, 1, 1, 1, 0, 0, 0, 1, 0, 0, 0, 1, 0, 1, 0, 0, 0, 0, 0, 1)",6,11,9,14,6.3566666666666665,5.54,7.470666666666666,6.254666666666667,0.0,-1.0553238438975792,1.8570777421689189,0.601403976155268,1,1,1,1,5,3,8,-0.8166666666666664,1.1139999999999999,-0.10199999999999942,-1.0553238438975792,1.8570777421689189,0.601403976155268,0.4755077589346872,-1.480530508207246,-1.4014833000547853
440,4,1.1428571428571428,1.9924301646902063,0.8220000000000001,"(0, 1, 1, 0, 0, 0, 0, 1, 0, 1, 1, 0, 0, 0, 1, 0, 0, 0, 1, 0, 0, 0, 1, 0, 0)",6,11,11,16,6.416666666666667,5.594666666666667,7.838666666666667,8.934666666666667,0.0,-1.1022123671066228,2.277878992951489,2.208808080575563,1,1,1,1,5,5,10,-0.8220000000000001,1.4219999999999997,2.518,-1.1022123671066228,2.277878992951489,2.208808080575563,0.558303572742481,-1.7052791228812234,0.6160433069397117
440,5,1.4285714285714284,1.9924301646902063,2.066,"(0, 0, 1, 1, 0, 0, 0, 1, 1, 0, 0, 0, 1, 0, 0, 0, 1, 0, 0, 1, 0, 0, 0, 1, 0)",6,11,11,16,6.673333333333333,5.276,8.784,4.607333333333333,0.0,-1.9467813758058585,1.7170320397041374,-2.6048589210900936,1,1,1,1,5,5,10,-1.397333333333333,2.110666666666668,-2.066,-1.9467813758058585,1.7170320397041374,-2.6048589210900936,1.0947368537522453,0.7842895046267223,1.0736387688923226
440,6,1.7142857142857142,1.9924301646902063,4.586,"(1, 0, 0, 0, 1, 0, 1, 1, 1, 1, 0, 1, 1, 1, 1, 0, 1, 1, 0, 0, 1, 1, 0, 0, 0)",7,10,12,15,9.104666666666667,8.44,4.518666666666666,5.201333333333333,0.0,-0.06969077953827627,-4.851168964987714,-3.8024422787465544,1,1,1,1,3,5,8,-0.6646666666666672,-4.586,-3.9033333333333333,-0.06969077953827627,-4.851168964987714,-3.8024422787465544,-1.1854479047779214,0.5283306445812022,-0.20101838050610454
440,7,2.0,1.9924301646902063,2.5551367194246017,"(1, 1, 0, 0, 0, 0, 1, 0, 0, 0, 0, 0, 1, 1, 1, 1, 0, 1, 1, 1, 0, 1, 1, 0, 0)",7,10,12,15,9.272,6.366,10.548666666666668,8.513333333333334,0.0,-2.5551367194246017,1.6251145947730963,-0.693587078441602,1,1,1,1,3,5,8,-2.9060000000000006,1.2766666666666673,-0.7586666666666666,-2.5551367194246017,1.6251145947730963,-0.693587078441602,-0.699070583900588,-0.6942581627830535,-0.12966653468523637
450,0,0.0,1.9924301646902063,-3.0206666666666666,"(0, 0, 1, 0, 1, 0, 0, 1, 0, 0, 0, 0, 0, 0, 0, 0, 0, 0, 0, 0, 0, 1, 1, 0, 1)",3,8,6,11,3.43,6.536,6.450666666666667,9.629333333333333,0.0,3.3869984512957045,2.352528709788549,6.909792087371518,1,1,1,1,5,3,8,3.1059999999999994,3.0206666666666666,6.199333333333334,3.3869984512957045,2.352528709788549,6.909792087371518,-0.5598697905927946,1.3312182194584454,-1.4155394523138993
450,1,0.2857142857142857,1.9924301646902063,-0.7913333333333332,"(0, 0, 1, 0, 0, 0, 1, 1, 0, 1, 1, 1, 0, 1, 0, 1, 0, 1, 0, 0, 0, 0, 1, 0, 0)",6,11,9,14,6.558666666666666,7.676,7.35,8.554,0.0,2.4320930876985107,-0.21048917784304902,2.6167249496264713,1,1,1,1,5,3,8,1.1173333333333337,0.7913333333333332,1.9953333333333338,2.4320930876985107,-0.21048917784304902,2.6167249496264713,-2.6195669939178647,1.9960613909335154,-1.2380794003880493
450,2,0.5714285714285714,1.9924301646902063,0.5198028918547335,"(0, 0, 0, 1, 0, 0, 1, 1, 1, 0, 1, 1, 1, 1, 0, 0, 1, 0, 0, 0, 0, 0, 0, 0, 1)",7,10,12,15,8.089333333333334,8.728,8.243333333333334,7.413333333333333,0.0,-0.5117003425183263,-0.23900306731106083,-0.5198028918547335,1,1,1,1,3,5,8,0.6386666666666656,0.15399999999999991,-0.676000000000001,-0.5117003425183263,-0.23900306731106083,-0.5198028918547335,2.292025929564634,0.783031166126333,-0.3112118299060094
450,3,0.8571428571428571,1.9924301646902063,-0.2091166148407075,"(0, 1, 1, 0, 0, 0, 0, 1, 0, 1, 0, 0, 0, 0, 0, 0, 0, 0, 1, 0, 0, 0, 1, 0, 0)",5,10,10,15,5.252666666666666,4.418666666666667,8.82,7.886,0.0,0.2091166148407075,4.113571318019399,2.912047376259442,1,1,1,1,5,5,10,-0.8339999999999996,3.567333333333334,2.6333333333333337,0.2091166148407075,4.113571318019399,2.912047376259442,-2.0783370086981607,-1.0883410377881024,-0.5553182664487393
450,4,1.1428571428571428,1.9924301646902063,-0.17404984394216066,"(0, 0, 0, 0, 1, 0, 0, 0, 1, 1, 0, 0, 0, 0, 1, 0, 1, 1, 1, 0, 1, 1, 0, 0, 1)",6,11,9,14,6.4046666666666665,7.468666666666667,7.652666666666667,6.273333333333333,0.0,0.514888230781831,0.7472941404364734,0.17404984394216066,1,1,1,1,5,3,8,1.064,1.2480000000000002,-0.13133333333333308,0.514888230781831,0.7472941404364734,0.17404984394216066,1.094066852776687,0.9976214582315092,-0.6084546541926305
450,5,1.4285714285714284,1.9924301646902063,2.050963335306216,"(0, 0, 1, 1, 0, 1, 1, 1, 1, 0, 0, 0, 1, 0, 0, 0, 1, 0, 0, 1, 0, 0, 0, 1, 0)",7,10,12,15,8.362666666666666,6.182666666666667,8.936,5.7026666666666666,0.0,-0.8763150626566353,1.4732471399978204,-2.050963335306216,1,1,1,1,3,5,8,-2.179999999999999,0.5733333333333341,-2.6599999999999993,-0.8763150626566353,1.4732471399978204,-2.050963335306216,-2.597501194415179,-1.793015414019513,-1.2134630221382086
450,6,1.7142857142857142,1.9924301646902063,2.5551367194246017,"(1, 1, 0, 0, 0, 0, 1, 0, 0, 0, 0, 0, 1, 1, 1, 1, 0, 1, 1, 1, 0, 1, 1, 0, 0)",7,10,12,15,9.272,6.366,10.548666666666668,8.513333333333334,0.0,-2.5551367194246017,1.6251145947730963,-0.693587078441602,1,1,1,1,3,5,8,-2.9060000000000006,1.2766666666666673,-0.7586666666666666,-2.5551367194246017,1.6251145947730963,-0.693587078441602,-0.699070583900588,-0.6942581627830535,-0.12966653468523637
450,7,2.0,1.9924301646902063,4.586,"(1, 0, 0, 0, 1, 0, 1, 1, 1, 1, 0, 1, 1, 1, 1, 0, 1, 1, 0, 0, 1, 1, 0, 0, 0)",7,10,12,15,9.104666666666667,8.44,4.518666666666666,5.201333333333333,0.0,-0.06969077953827627,-4.851168964987714,-3.8024422787465544,1,1,1,1,3,5,8,-0.6646666666666672,-4.586,-3.9033333333333333,-0.06969077953827627,-4.851168964987714,-3.8024422787465544,-1.1854479047779214,0.5283306445812022,-0.20101838050610454
460,0,0.0,1.9924301646902063,-4.035246674434134,"(0, 0, 0, 0, 0, 0, 0, 0, 0, 0, 0, 1, 0, 0, 0, 0, 1, 0, 0, 0, 0, 1, 1, 0, 0)",2,7,7,12,2.228,5.389333333333333,6.416666666666667,8.805333333333333,0.0,4.035246674434134,5.396165029369308,7.7273083220568495,1,1,1,1,5,5,10,3.161333333333333,4.188666666666666,6.577333333333334,4.035246674434134,5.396165029369308,7.7273083220568495,-1.741211302134438,-2.4058561616627783,-2.2912448561720127
460,1,0.2857142857142857,1.9924301646902063,-1.59297005478276,"(0, 0, 0, 0, 0, 0, 1, 1, 0, 0, 1, 1, 1, 1, 0, 1, 0, 0, 0, 0, 0, 0, 0, 0, 1)",5,8,10,13,5.473333333333334,8.339333333333334,6.496,7.968,0.0,2.470037813279389,1.59297005478276,2.7967520840627,1,1,1,1,3,5,8,2.8660000000000005,1.0226666666666668,2.4946666666666664,2.470037813279389,1.59297005478276,2.7967520840627,0.7889270048988418,-1.1362896735075303,-0.6018840979328891
460,2,0.5714285714285714,1.9924301646902063,-0.7973333333333334,"(0, 1, 1, 0, 0, 1, 0, 0, 0, 1, 0, 0, 0, 0, 0, 0, 0, 0, 0, 1, 0, 0, 1, 0, 0)",5,8,8,11,5.394666666666667,8.934666666666667,6.192,7.536666666666667,0.0,3.0578932643147656,0.792942929320819,3.5335970351910215,1,1,1,1,3,3,6,3.54,0.7973333333333334,2.1420000000000003,3.0578932643147656,0.792942929320819,3.5335970351910215,0.9605640027795894,0.008747573389710704,-2.7726599100080493
460,3,0.8571428571428571,1.9924301646902063,-0.012000000000000455,"(0, 0, 1, 0, 1, 0, 0, 0, 1, 1, 0, 0, 0, 0, 1, 0, 1, 1, 1, 0, 1, 1, 1, 0, 1)",7,12,10,15,7.679333333333333,9.518666666666666,8.467333333333332,7.691333333333334,0.0,0.3163979101528052,0.13455545045541287,-0.46795543134690637,1,1,1,1,5,3,8,1.8393333333333333,0.7879999999999994,0.012000000000000455,0.3163979101528052,0.13455545045541287,-0.46795543134690637,3.0343424760201287,1.3019426314650382,0.9562776791224765
460,4,1.1428571428571428,1.9924301646902063,1.5493333333333332,"(0, 0, 1, 1, 0, 1, 1, 1, 1, 0, 0, 0, 1, 0, 1, 0, 1, 0, 0, 0, 0, 0, 0, 1, 0)",7,10,10,13,7.613333333333333,10.129333333333333,6.064,8.566,0.0,1.6860829578126164,-1.6792644190267871,0.9887766763969269,1,1,1,1,3,3,6,2.516,-1.5493333333333332,0.9526666666666674,1.6860829578126164,-1.6792644190267871,0.9887766763969269,1.6535517490446177,0.25887861446658567,-0.07194667263382581
460,5,1.4285714285714284,1.9924301646902063,2.5551367194246017,"(1, 1, 0, 0, 0, 0, 1, 0, 0, 0, 0, 0, 1, 1, 1, 1, 0, 1, 1, 1, 0, 1, 1, 0, 0)",7,10,12,15,9.272,6.366,10.548666666666668,8.513333333333334,0.0,-2.5551367194246017,1.6251145947730963,-0.693587078441602,1,1,1,1,3,5,8,-2.9060000000000006,1.2766666666666673,-0.7586666666666666,-2.5551367194246017,1.6251145947730963,-0.693587078441602,-0.699070583900588,-0.6942581627830535,-0.12966653468523637
460,6,1.7142857142857142,1.9924301646902063,3.865333333333332,"(1, 0, 0, 0, 1, 0, 0, 1, 1, 1, 1, 1, 1, 1, 1, 0, 1, 1, 0, 0, 1, 1, 0, 0, 0)",7,8,12,13,9.088,8.455333333333334,6.446,5.222666666666667,0.0,-0.563326421896744,-3.381950961545156,-4.460962586289607,1,1,1,1,1,5,6,-0.6326666666666654,-2.6419999999999995,-3.865333333333332,-0.563326421896744,-3.381950961545156,-4.460962586289607,-0.13815559530659371,1.474300616174093,1.1867496905619759
460,7,2.0,1.9924301646902063,0.4039999999999999,"(0, 1, 0, 0, 0, 0, 1, 1, 0, 1, 1, 1, 0, 1, 0, 1, 0, 1, 1, 0, 0, 0, 1, 1, 0)",8,13,11,16,7.264,7.626666666666667,9.514,6.86,0.0,1.7880953822447547,1.350159232045848,-1.8857244603145755,1,1,1,1,5,3,8,0.3626666666666667,2.249999999999999,-0.4039999999999999,1.7880953822447547,1.350159232045848,-1.8857244603145755,-2.8400671705333993,1.792869889489851,2.952232510490077
470,0,0.0,1.9924301646902063,-0.940648418863187,"(1, 0, 0, 0, 0, 0, 1, 1, 0, 0, 1, 1, 1, 1, 0, 1, 0, 0, 0, 0, 1, 0, 1, 1, 1)",7,12,10,15,8.130666666666666,9.018666666666666,9.29,9.953333333333333,0.0,0.940648418863187,1.203383543247002,1.8255973455668126,1,1,1,1,5,3,8,0.8879999999999999,1.1593333333333327,1.8226666666666667,0.940648418863187,1.203383543247002,1.8255973455668126,-0.10489829786625875,-0.0877669669929302,-0.005839173043671963
470,1,0.2857142857142857,1.9924301646902063,0.03866666666666685,"(0, 1, 1, 0, 0, 1, 0, 0, 0, 1, 1, 0, 1, 1, 1, 0, 0, 1, 1, 1, 0, 0, 1, 0, 0)",6,11,11,16,6.908,7.908666666666667,7.804666666666667,6.8693333333333335,0.0,1.1017253286219209,-0.6528086744042749,-1.113502804706533,1,1,1,1,5,5,10,1.0006666666666666,0.8966666666666665,-0.03866666666666685,1.1017253286219209,-0.6528086744042749,-1.113502804706533,-0.20135232648287912,3.0872214089933894,2.141535943529756
470,2,0.5714285714285714,1.9924301646902063,-0.20123544663371,"(0, 0, 0, 0, 1, 0, 0, 1, 1, 1, 0, 0, 1, 0, 1, 0, 1, 0, 0, 0, 1, 1, 0, 0, 1)",6,11,9,14,7.174,8.428,7.686,7.136666666666667,0.0,1.4879025707647646,1.470679118896664,0.20123544663371,1,1,1,1,5,3,8,1.2540000000000004,0.5119999999999996,-0.03733333333333366,1.4879025707647646,1.470679118896664,0.20123544663371,-0.4660345375903017,-1.9101011947483428,-0.4753316335596784
470,3,0.8571428571428571,1.9924301646902063,-2.8353333333333337,"(1, 0, 0, 0, 0, 1, 0, 1, 1, 0, 0, 1, 0, 0, 0, 0, 1, 0, 0, 0, 0, 1, 1, 0, 0)",4,9,7,12,4.444,7.279333333333334,8.432,8.406,0.0,2.5863071824455344,3.4727172246032665,5.153752692665334,1,1,1,1,5,3,8,2.8353333333333337,3.9880000000000004,3.9620000000000006,2.5863071824455344,3.4727172246032665,5.153752692665334,0.4961672148255462,1.0266649450457412,-2.3744840137171868
470,4,1.1428571428571428,1.9924301646902063,2.5551367194246017,"(1, 1, 0, 0, 0, 0, 1, 0, 0, 0, 0, 0, 1, 1, 1, 1, 0, 1, 1, 1, 0, 1, 1, 0, 0)",7,10,12,15,9.272,6.366,10.548666666666668,8.513333333333334,0.0,-2.5551367194246017,1.6251145947730963,-0.693587078441602,1,1,1,1,3,5,8,-2.9060000000000006,1.2766666666666673,-0.7586666666666666,-2.5551367194246017,1.6251145947730963,-0.693587078441602,-0.699070583900588,-0.6942581627830535,-0.12966653468523637
470,5,1.4285714285714284,1.9924301646902063,2.882736514725555,"(1, 0, 0, 0, 1, 1, 1, 1, 1, 0, 1, 1, 1, 1, 0, 1, 0, 1, 0, 0, 1, 1, 0, 0, 0)",8,9,13,14,8.516666666666667,7.384666666666667,5.6273333333333335,7.002,0.0,-1.0597514664857786,-2.882736514725555,-1.9775090765679704,1,1,1,1,1,5,6,-1.1320000000000006,-2.889333333333334,-1.5146666666666677,-1.0597514664857786,-2.882736514725555,-1.9775090765679704,-0.14395015752836723,-0.013143700385128416,0.9221811789852644
470,6,1.7142857142857142,1.9924301646902063,-0.4807069844009222,"(0, 1, 0, 0, 0, 0, 1, 1, 0, 0, 1, 1, 0, 0, 0, 1, 0, 1, 1, 0, 0, 0, 1, 1, 0)",6,11,9,14,6.560666666666667,9.153333333333334,7.267333333333333,6.5553333333333335,0.0,2.0453402546192017,1.20201098024466,0.4807069844009222,1,1,1,1,5,3,8,2.592666666666667,0.7066666666666661,-0.005333333333333634,2.0453402546192017,1.20201098024466,0.4807069844009222,1.0905096532950314,-0.9869389522805594,-0.9684013903093435
470,7,2.0,1.9924301646902063,1.5493333333333332,"(0, 0, 1, 1, 0, 1, 1, 1, 1, 0, 0, 0, 1, 0, 1, 0, 1, 0, 0, 0, 0, 0, 0, 1, 0)",7,10,10,13,7.613333333333333,10.129333333333333,6.064,8.566,0.0,1.6860829578126164,-1.6792644190267871,0.9887766763969269,1,1,1,1,3,3,6,2.516,-1.5493333333333332,0.9526666666666674,1.6860829578126164,-1.6792644190267871,0.9887766763969269,1.6535517490446177,0.25887861446658567,-0.07194667263382581
480,0,0.0,1.9924301646902063,-0.6711390319194249,"(1, 1, 0, 0, 0, 0, 0, 0, 0, 1, 1, 0, 1, 1, 1, 0, 0, 1, 1, 0, 0, 0, 0, 0, 1)",6,9,9,12,6.896,8.838,7.302666666666667,8.230666666666666,0.0,2.625137432544051,0.6711390319194249,1.3544097497305208,1,1,1,1,3,3,6,1.9419999999999993,0.4066666666666672,1.3346666666666662,2.625137432544051,0.6711390319194249,1.3544097497305208,-1.3611036272297894,-0.5269427182565605,-0.0393367142404081
480,1,0.2857142857142857,1.9924301646902063,0.7126666666666663,"(0, 0, 0, 1, 1, 0, 0, 1, 0, 0, 0, 0, 1, 0, 0, 1, 1, 0, 0, 1, 1, 1, 0, 0, 1)",5,10,10,15,5.3726666666666665,8.444,4.66,6.03,0.0,2.6118545647794504,-2.2628693523774905,-0.3148482422469351,1,1,1,1,5,5,10,3.0713333333333344,-0.7126666666666663,0.6573333333333338,2.6118545647794504,-2.2628693523774905,-0.3148482422469351,0.9154793585014681,3.0886705923940174,1.9370038967421792
480,2,0.5714285714285714,1.9924301646902063,-1.2553333333333336,"(1, 0, 0, 0, 0, 0, 1, 0, 0, 0, 0, 1, 0, 0, 1, 0, 1, 0, 0, 1, 0, 1, 1, 0, 0)",5,8,8,11,5.550666666666666,6.806,7.248666666666667,7.752666666666666,0.0,0.48956222957732576,1.0459815602364755,3.781455347678483,1,1,1,1,3,3,6,1.2553333333333336,1.6980000000000004,2.202,0.48956222957732576,1.0459815602364755,3.781455347678483,1.5257454463715838,1.2991012073190913,-3.1469544784958674
480,3,0.8571428571428571,1.9924301646902063,-1.0813333333333324,"(1, 0, 1, 0, 0, 0, 1, 0, 0, 0, 1, 1, 1, 1, 0, 1, 0, 1, 0, 0, 1, 0, 0, 1, 1)",7,12,12,17,7.6593333333333335,9.028,8.740666666666666,10.5,0.0,1.6443747530317687,0.3392001664820371,2.5111704271237723,1,1,1,1,5,5,10,1.368666666666667,1.0813333333333324,2.8406666666666665,1.6443747530317687,0.3392001664820371,2.5111704271237723,-0.5493291079228414,1.4786485078515905,0.6564982468172523
480,4,1.1428571428571428,1.9924301646902063,4.299841400304994,"(1, 0, 0, 0, 1, 1, 1, 1, 1, 0, 1, 1, 1, 1, 0, 1, 1, 0, 0, 0, 1, 1, 0, 0, 0)",7,8,12,13,8.548,6.602666666666667,4.188666666666666,5.324666666666666,0.0,-1.8228964957880092,-4.299841400304994,-4.366565672709174,1,1,1,1,1,5,6,-1.9453333333333331,-4.359333333333334,-3.2233333333333336,-1.8228964957880092,-4.299841400304994,-4.366565672709174,-0.24394684839457786,-0.11853352192139308,2.277810598221776
480,5,1.4285714285714284,1.9924301646902063,0.8226666666666658,"(0, 1, 1, 0, 1, 0, 1, 0, 0, 0, 1, 1, 0, 1, 0, 1, 0, 1, 0, 1, 0, 0, 1, 1, 0)",8,13,13,18,8.634666666666666,9.644,7.812,8.928,0.0,0.5252045914123369,-1.0707319705045153,0.054902520093684945,1,1,1,1,5,5,10,1.009333333333334,-0.8226666666666658,0.2933333333333348,0.5252045914123369,-1.0707319705045153,0.054902520093684945,0.9645927089969148,0.4942527941795726,0.4750567444902953
480,6,1.7142857142857142,1.9924301646902063,1.2839999999999998,"(0, 0, 1, 1, 0, 1, 1, 1, 1, 0, 0, 0, 1, 0, 1, 0, 1, 0, 0, 0, 0, 0, 0, 1, 0)",7,10,10,13,7.503333333333333,9.209333333333333,6.219333333333333,8.208,0.0,2.58471323831378,-1.5546711193948268,1.1277597494405378,1,1,1,1,3,3,6,1.7060000000000004,-1.2839999999999998,0.7046666666666672,2.58471323831378,-1.5546711193948268,1.1277597494405378,-1.7507747621289884,0.5392933029927177,-0.8429834205904301
480,7,2.0,1.9924301646902063,4.444000000000001,"(1, 1, 0, 0, 0, 1, 1, 0, 0, 0, 1, 0, 1, 1, 1, 1, 0, 1, 1, 1, 1, 1, 1, 0, 1)",8,9,13,14,8.906,7.713333333333333,6.229333333333333,4.462,0.0,-1.572957200684095,-3.666027226804097,-5.153885521342981,1,1,1,1,1,5,6,-1.1926666666666677,-2.6766666666666676,-4.444000000000001,-1.572957200684095,-3.666027226804097,-5.153885521342981,0.7577023313224693,1.9712318237726132,1.4143973262005871
490,0,0.0,1.9924301646902063,-1.5044618792446325,"(1, 1, 0, 0, 0, 0, 0, 0, 1, 0, 1, 0, 1, 1, 1, 0, 0, 1, 1, 1, 0, 0, 0, 0, 0)",5,8,10,13,5.708666666666667,8.722,7.1433333333333335,9.494666666666667,0.0,3.157381943871628,1.5044618792446325,2.885481640730239,1,1,1,1,3,5,8,3.0133333333333328,1.4346666666666668,3.7860000000000005,3.157381943871628,1.5044618792446325,2.885481640730239,-0.2870067968182109,-0.1390620868913042,1.7942199428664052
490,1,0.2857142857142857,1.9924301646902063,0.07933333333333348,"(1, 1, 0, 1, 1, 0, 0, 1, 0, 0, 0, 0, 1, 0, 0, 1, 1, 0, 0, 1, 1, 1, 0, 0, 1)",6,9,11,14,7.341333333333333,9.896,7.262,8.408666666666667,0.0,1.3175719297966935,-0.48880953373733066,0.981249717996984,1,1,1,1,3,5,8,2.5546666666666678,-0.07933333333333348,1.067333333333334,1.3175719297966935,-0.48880953373733066,0.981249717996984,2.46482487031923,0.8158527334076561,0.171515591881732
490,2,0.5714285714285714,1.9924301646902063,-0.8286666666666669,"(0, 1, 1, 0, 0, 0, 0, 0, 0, 0, 0, 0, 1, 1, 0, 1, 0, 1, 0, 0, 0, 0, 0, 1, 1)",5,8,10,13,5.484,6.312666666666667,9.214,9.638,0.0,0.7488438083423439,4.247152691505409,4.053577031949283,1,1,1,1,3,5,8,0.8286666666666669,3.7300000000000004,4.154,0.7488438083423439,4.247152691505409,4.053577031949283,0.1590414707571739,-1.030390622306105,0.20008575077196927
490,3,0.8571428571428571,1.9924301646902063,1.5360000000000005,"(1, 0, 0, 0, 0, 0, 1, 0, 0, 0, 0, 1, 1, 0, 1, 0, 1, 1, 0, 1, 0, 1, 1, 0, 0)",6,9,9,12,7.167333333333334,7.849333333333333,5.631333333333333,7.176666666666667,0.0,0.8550624742332729,-2.425274548912682,0.29541097908473435,1,1,1,1,3,3,6,0.6819999999999995,-1.5360000000000005,0.009333333333333194,0.8550624742332729,-2.425274548912682,0.29541097908473435,-0.34481489403829546,1.7718174359449028,-0.5699897308386507
490,4,1.1428571428571428,1.9924301646902063,0.7402099442953524,"(0, 1, 1, 0, 1, 1, 1, 0, 0, 1, 1, 1, 0, 1, 0, 1, 1, 0, 1, 1, 0, 0, 0, 1, 0)",8,13,9,14,9.650666666666666,10.566,7.716,9.663333333333334,0.0,0.9031907317670118,-0.7402099442953524,0.9934699563404185,1,1,1,1,5,1,6,0.9153333333333347,-1.9346666666666659,0.012666666666667936,0.9031907317670118,-0.7402099442953524,0.9934699563404185,0.0241932856385562,-2.3798716040696,-1.9541820599733668
490,5,1.4285714285714284,1.9924301646902063,-0.36733333333333285,"(0, 0, 1, 1, 0, 1, 1, 1, 1, 0, 0, 0, 1, 0, 1, 0, 1, 0, 0, 1, 1, 0, 0, 1, 0)",8,9,11,12,8.962666666666667,9.821333333333333,9.33,8.768666666666666,0.0,-0.15262015061526957,0.17099478435630244,0.4073412781144433,1,1,1,1,1,3,4,0.8586666666666662,0.36733333333333285,-0.19400000000000084,-0.15262015061526957,0.17099478435630244,0.4073412781144433,2.014918359906082,0.3911908474733408,-1.198130501788581
490,6,1.7142857142857142,1.9924301646902063,3.3591929814418067,"(1, 1, 0, 0, 0, 1, 1, 0, 0, 0, 1, 0, 1, 0, 1, 1, 0, 1, 0, 1, 1, 1, 1, 0, 1)",7,8,12,13,9.829333333333333,7.050666666666666,6.976,5.3966666666666665,0.0,-2.2910290320384465,-1.2851174562251835,-3.3591929814418067,1,1,1,1,1,5,6,-2.778666666666666,-2.8533333333333326,-4.432666666666666,-2.2910290320384465,-1.2851174562251835,-3.3591929814418067,-0.9715839326714463,-3.124560618296386,-2.1388213514431693
490,7,2.0,1.9924301646902063,4.299841400304994,"(1, 0, 0, 0, 1, 1, 1, 1, 1, 0, 1, 1, 1, 1, 0, 1, 1, 0, 0, 0, 1, 1, 0, 0, 0)",7,8,12,13,8.548,6.602666666666667,4.188666666666666,5.324666666666666,0.0,-1.8228964957880092,-4.299841400304994,-4.366565672709174,1,1,1,1,1,5,6,-1.9453333333333331,-4.359333333333334,-3.2233333333333336,-1.8228964957880092,-4.299841400304994,-4.366565672709174,-0.24394684839457786,-0.11853352192139308,2.277810598221776
499,0,0.0,1.9924301646902063,-0.8486866977062636,"(1, 1, 0, 1, 1, 0, 0, 0, 0, 1, 1, 0, 1, 0, 1, 0, 1, 1, 0, 1, 0, 1, 0, 0, 0)",7,10,12,15,7.684666666666667,9.300666666666666,9.323333333333334,8.210666666666667,0.0,2.068673825659018,0.015718060188113198,0.8486866977062636,1,1,1,1,3,5,8,1.6159999999999997,1.6386666666666674,0.5259999999999998,2.068673825659018,0.015718060188113198,0.8486866977062636,-0.9019209850087437,3.2336117592898064,-0.64293071025423
499,1,0.2857142857142857,1.9924301646902063,-1.0504534590505588,"(1, 1, 0, 0, 0, 0, 0, 1, 0, 0, 0, 0, 1, 0, 0, 1, 1, 0, 0, 1, 1, 1, 0, 0, 1)",5,8,10,13,6.02,8.880666666666666,6.982666666666667,8.940666666666667,0.0,2.624429012929939,1.0504534590505588,2.381573913967143,1,1,1,1,3,5,8,2.860666666666667,0.9626666666666672,2.9206666666666674,2.624429012929939,1.0504534590505588,2.381573913967143,0.4706870273406967,-0.17490905320706196,1.0741046620444106
499,2,0.5714285714285714,1.9924301646902063,-0.8286666666666669,"(0, 1, 1, 0, 0, 0, 0, 0, 0, 0, 0, 0, 1, 1, 0, 1, 0, 1, 0, 0, 0, 0, 0, 1, 1)",5,8,10,13,5.484,6.312666666666667,9.214,9.638,0.0,0.7488438083423439,4.247152691505409,4.053577031949283,1,1,1,1,3,5,8,0.8286666666666669,3.7300000000000004,4.154,0.7488438083423439,4.247152691505409,4.053577031949283,0.1590414707571739,-1.030390622306105,0.20008575077196927
499,3,0.8571428571428571,1.9924301646902063,1.5360000000000005,"(1, 0, 0, 0, 0, 0, 1, 0, 0, 0, 0, 1, 1, 0, 1, 0, 1, 1, 0, 1, 0, 1, 1, 0, 0)",6,9,9,12,7.167333333333334,7.849333333333333,5.631333333333333,7.176666666666667,0.0,0.8550624742332729,-2.425274548912682,0.29541097908473435,1,1,1,1,3,3,6,0.6819999999999995,-1.5360000000000005,0.009333333333333194,0.8550624742332729,-2.425274548912682,0.29541097908473435,-0.34481489403829546,1.7718174359449028,-0.5699897308386507
499,4,1.1428571428571428,1.9924301646902063,0.8046666666666669,"(0, 1, 1, 0, 0, 1, 1, 0, 0, 1, 1, 0, 1, 1, 0, 1, 1, 0, 1, 0, 0, 0, 0, 1, 0)",7,8,12,13,7.389333333333333,6.584666666666666,6.697333333333333,7.815333333333333,0.0,-0.983419253065204,-0.23001499345701318,0.23780760921224603,1,1,1,1,1,5,6,-0.8046666666666669,-0.6920000000000002,0.42600000000000016,-0.983419253065204,-0.23001499345701318,0.23780760921224603,0.35615204515683757,-0.9204728626708496,0.3749601961706886
499,5,1.4285714285714284,1.9924301646902063,-0.4380000000000006,"(0, 0, 1, 0, 0, 1, 1, 1, 1, 1, 0, 0, 1, 1, 0, 0, 1, 0, 0, 1, 1, 0, 0, 0, 1)",7,8,10,11,7.998666666666667,8.436666666666667,9.19,9.610666666666667,0.0,0.267871166586127,0.2229750735417746,1.4196286304547119,1,1,1,1,1,3,4,0.4380000000000006,1.1913333333333327,1.612,0.267871166586127,0.2229750735417746,1.4196286304547119,0.33896981957735695,1.9293862070356156,0.38328651950479914
499,6,1.7142857142857142,1.9924301646902063,5.442345132964239,"(1, 1, 0, 0, 0, 1, 1, 0, 0, 0, 1, 0, 1, 1, 1, 1, 0, 1, 1, 1, 1, 1, 1, 0, 1)",8,9,13,14,9.928,7.46,6.136666666666667,4.234,0.0,-1.628789521521302,-3.2372562553627655,-5.442345132964239,1,1,1,1,1,5,6,-2.468000000000001,-3.791333333333334,-5.694000000000001,-1.628789521521302,-3.2372562553627655,-5.442345132964239,-1.6720682718450608,-1.1039598837119682,-0.5014047481731546
499,7,2.0,1.9924301646902063,2.419208705966849,"(1, 0, 0, 0, 1, 1, 1, 0, 0, 0, 1, 1, 1, 1, 0, 1, 1, 0, 0, 0, 1, 1, 0, 0, 0)",6,7,11,12,8.032,5.504,7.937333333333333,8.074666666666667,0.0,-2.419208705966849,0.5815682269601289,0.04241662439496132,1,1,1,1,1,5,6,-2.5280000000000005,-0.0946666666666669,0.0426666666666673,-2.419208705966849,0.5815682269601289,0.04241662439496132,-0.21675905588733307,-1.347350800478101,0.0004981917645946513
