step,replica,lambda,beta,phi,syndrome,E0_II,E0_IX,E0_XI,E0_XX,U_II,U_IX,U_XI,U_XX,F_II,F_IX,F_XI,F_XX,g_II,g_IX,g_XI,g_XX,Z_II,Z_IX,Z_XI,Z_XX,delta_E0_IX,delta_E0_XI,delta_E0_XX,delta_U_IX,delta_U_XI,delta_U_XX,delta_F_IX,delta_F_XI,delta_F_XX,delta_S_IX,delta_S_XI,delta_S_XX
0,0,0.0,2.4423470353692043,-3.1226666666666665,"(0, 1, 1, 0, 1, 0, 0, 0, 1, 0, 0, 1, 1, 1, 0, 0, 0, 1, 0, 0, 0, 0, 1, 0, 1)",5.0,8.0,9.0,11.0,5.350666666666666,8.473333333333333,9.807333333333334,13.199333333333334,0.0,8.205471923162069,7.926962949562134,12.86762747319442,1.0,2.0,7.0,2.0,0.17782384711645408,0.21831164150901133,0.0243899487244127,0.013203569283613593,3.0,4.0,6.0,3.1226666666666665,4.456666666666668,7.848666666666667,8.205471923162069,7.926962949562134,12.86762747319442,-12.413974349560554,-8.475667838382511,-12.258044046457286
0,1,0.2857142857142857,2.4423470353692043,-5.433666666666667,"(0, 0, 0, 0, 0, 0, 0, 0, 0, 1, 0, 0, 0, 1, 0, 0, 0, 0, 0, 0, 0, 0, 0, 0, 0)",2.0,7.0,6.0,10.0,2.005333333333333,7.478,7.439,10.148666666666667,0.0,10.25468249740468,9.189629229658735,14.319765608857105,2.0,2.0,2.0,59.0,0.19060111941955576,0.11403815109876608,0.0637454045195152,0.0034838210160288625,5.0,4.0,8.0,5.472666666666667,5.433666666666667,8.143333333333334,10.25468249740468,9.189629229658735,14.319765608857105,-11.679342187291589,-9.173364030681395,-15.084991057284151
0,2,0.5714285714285714,2.4423470353692043,-5.117333333333333,"(1, 0, 0, 0, 0, 1, 1, 0, 1, 0, 1, 0, 0, 0, 1, 0, 0, 0, 1, 1, 0, 0, 0, 0, 0)",5.0,9.0,9.0,12.0,5.077333333333334,10.385,10.194666666666667,13.124666666666666,0.0,8.431443298312285,6.634947799257184,11.716495041046352,1.0,3.0,6.0,25.0,0.28284267621318404,0.12361301834322869,0.004061388515233262,0.0013062361525747056,4.0,4.0,7.0,5.307666666666666,5.117333333333333,8.047333333333333,8.431443298312285,6.634947799257184,11.716495041046352,-7.629346595455276,-3.706541191682537,-8.9613662191231
0,3,0.8571428571428571,2.4423470353692043,-4.452333333333333,"(0, 0, 0, 0, 0, 0, 0, 0, 0, 0, 0, 0, 0, 0, 0, 0, 0, 1, 0, 0, 1, 0, 0, 0, 0)",3.0,7.0,7.0,11.0,3.104,7.556333333333333,8.070666666666666,12.462666666666667,0.0,7.821385714660981,6.780457408186625,12.929866616812411,3.0,10.0,6.0,8.0,0.30434844146952367,0.0030864044804938774,0.07583940001023419,0.00020946944438083665,4.0,4.0,8.0,4.452333333333333,4.966666666666666,9.358666666666668,7.821385714660981,6.780457408186625,12.929866616812411,-8.22839509553914,-4.429906440331383,-8.722109610949106
0,4,1.1428571428571428,2.4423470353692043,-3.3459999999999996,"(1, 0, 0, 0, 1, 0, 0, 0, 0, 0, 0, 0, 0, 0, 0, 0, 0, 0, 0, 0, 1, 0, 0, 0, 1)",2.0,5.0,7.0,10.0,2.002666666666667,5.3486666666666665,7.6866666666666665,10.444,0.0,9.40296824319823,9.531815617908599,16.242069117423004,2.0,1.0,5.0,91.0,0.5402662108580164,0.11768346305065296,0.12018428472557192,0.0027885056077793075,3.0,5.0,8.0,3.3459999999999996,5.683999999999999,8.441333333333334,9.40296824319823,9.531815617908599,16.242069117423004,-14.793218432100616,-9.397701067046391,-19.05210391596987
0,5,1.4285714285714284,2.4423470353692043,-4.165333333333334,"(0, 1, 0, 0, 0, 0, 0, 0, 0, 1, 1, 0, 0, 0, 0, 0, 0, 0, 1, 0, 1, 1, 0, 1, 1)",5.0,8.0,9.0,11.0,5.2973333333333334,9.462666666666667,9.601666666666667,11.485,0.0,7.181246556690713,7.0267545381089676,11.111498543196118,2.0,2.0,10.0,6.0,0.1864890677629381,0.02883852751870235,0.13792323333778628,0.05696459093938231,3.0,4.0,6.0,4.165333333333334,4.304333333333333,6.187666666666666,7.181246556690713,7.0267545381089676,11.111498543196118,-7.3659067199976755,-6.649097358510028,-12.025706186298095
0,6,1.7142857142857142,2.4423470353692043,-4.617666666666667,"(1, 0, 1, 0, 0, 1, 0, 0, 1, 1, 1, 0, 0, 0, 1, 0, 0, 0, 0, 0, 0, 0, 1, 0, 0)",4.0,8.0,8.0,11.0,4.068,8.871,8.685666666666666,12.271,0.0,7.574450860790515,7.843095466086487,13.391863695741778,1.0,3.0,3.0,16.0,0.31899654221941043,0.13796994857038958,0.059365237842992545,0.010801104234289741,4.0,4.0,7.0,4.803000000000001,4.617666666666667,8.203000000000001,7.574450860790515,7.843095466086487,13.391863695741778,-6.768844793523142,-7.877616466057449,-12.673005864229822
0,7,2.0,2.4423470353692043,-2.844333333333334,"(0, 0, 0, 1, 1, 1, 1, 0, 0, 0, 1, 0, 0, 0, 0, 1, 0, 0, 0, 0, 0, 1, 0, 0, 1)",5.0,8.0,9.0,11.0,6.225666666666666,9.07,10.230666666666666,12.558666666666667,0.0,6.463291508454652,8.451945444814745,11.868395458051676,1.0,2.0,1.0,3.0,0.3721423071707034,0.02176634964616327,0.0913162937766542,0.0040534107005812964,3.0,4.0,6.0,2.844333333333334,4.005,6.333000000000001,6.463291508454652,8.451945444814745,11.868395458051676,-8.838751770132696,-10.86098402359188,-13.519356686568667
1,0,0.0,2.4423470353692043,-3.1226666666666665,"(0, 1, 1, 0, 1, 0, 0, 0, 1, 0, 0, 1, 1, 1, 0, 0, 0, 1, 0, 0, 0, 0, 1, 0, 1)",5.0,8.0,9.0,11.0,5.350666666666666,8.473333333333333,9.807333333333334,13.199333333333334,0.0,8.205471923162069,7.926962949562134,12.86762747319442,1.0,2.0,7.0,2.0,0.17782384711645408,0.21831164150901133,0.0243899487244127,0.013203569283613593,3.0,4.0,6.0,3.1226666666666665,4.456666666666668,7.848666666666667,8.205471923162069,7.926962949562134,12.86762747319442,-12.413974349560554,-8.475667838382511,-12.258044046457286
1,1,0.2857142857142857,2.4423470353692043,-5.433666666666667,"(0, 0, 0, 0, 0, 0, 0, 0, 0, 1, 0, 0, 0, 1, 0, 0, 0, 0, 0, 0, 0, 0, 0, 0, 0)",2.0,7.0,6.0,10.0,2.005333333333333,7.478,7.439,10.148666666666667,0.0,10.25468249740468,9.189629229658735,14.319765608857105,2.0,2.0,2.0,59.0,0.19060111941955576,0.11403815109876608,0.0637454045195152,0.0034838210160288625,5.0,4.0,8.0,5.472666666666667,5.433666666666667,8.143333333333334,10.25468249740468,9.189629229658735,14.319765608857105,-11.679342187291589,-9.173364030681395,-15.084991057284151
1,2,0.5714285714285714,2.4423470353692043,-3.2880000000000003,"(1, 0, 0, 1, 0, 1, 1, 0, 0, 0, 1, 0, 0, 0, 1, 0, 0, 0, 1, 1, 0, 0, 0, 0, 0)",5.0,8.0,9.0,12.0,5.672666666666666,8.960666666666667,10.492,12.971666666666666,0.0,5.61420956160855,5.447492239255317,10.431820500442152,1.0,1.0,1.0,14.0,0.3933416952618753,0.0798879845974136,0.0510640405823932,0.03808898039713653,3.0,4.0,7.0,3.2880000000000003,4.819333333333335,7.2989999999999995,5.61420956160855,5.447492239255317,10.431820500442152,-5.681411026442137,-1.5341820416193175,-7.651434861598758
1,3,0.8571428571428571,2.4423470353692043,-4.452333333333333,"(0, 0, 0, 0, 0, 0, 0, 0, 0, 0, 0, 0, 0, 0, 0, 0, 0, 1, 0, 0, 1, 0, 0, 0, 0)",3.0,7.0,7.0,11.0,3.104,7.556333333333333,8.070666666666666,12.462666666666667,0.0,7.821385714660981,6.780457408186625,12.929866616812411,3.0,10.0,6.0,8.0,0.30434844146952367,0.0030864044804938774,0.07583940001023419,0.00020946944438083665,4.0,4.0,8.0,4.452333333333333,4.966666666666666,9.358666666666668,7.821385714660981,6.780457408186625,12.929866616812411,-8.22839509553914,-4.429906440331383,-8.722109610949106
1,4,1.1428571428571428,2.4423470353692043,-3.3459999999999996,"(1, 0, 0, 0, 1, 0, 0, 0, 0, 0, 0, 0, 0, 0, 0, 0, 0, 0, 0, 0, 1, 0, 0, 0, 1)",2.0,5.0,7.0,10.0,2.002666666666667,5.3486666666666665,7.6866666666666665,10.444,0.0,9.40296824319823,9.531815617908599,16.242069117423004,2.0,1.0,5.0,91.0,0.5402662108580164,0.11768346305065296,0.12018428472557192,0.0027885056077793075,3.0,5.0,8.0,3.3459999999999996,5.683999999999999,8.441333333333334,9.40296824319823,9.531815617908599,16.242069117423004,-14.793218432100616,-9.397701067046391,-19.05210391596987
1,5,1.4285714285714284,2.4423470353692043,-4.165333333333334,"(0, 1, 0, 0, 0, 0, 0, 0, 0, 1, 1, 0, 0, 0, 0, 0, 0, 0, 1, 0, 1, 1, 0, 1, 1)",5.0,8.0,9.0,11.0,5.2973333333333334,9.462666666666667,9.601666666666667,11.485,0.0,7.181246556690713,7.0267545381089676,11.111498543196118,2.0,2.0,10.0,6.0,0.1864890677629381,0.02883852751870235,0.13792323333778628,0.05696459093938231,3.0,4.0,6.0,4.165333333333334,4.304333333333333,6.187666666666666,7.181246556690713,7.0267545381089676,11.111498543196118,-7.3659067199976755,-6.649097358510028,-12.025706186298095
1,6,1.7142857142857142,2.4423470353692043,-4.617666666666667,"(1, 0, 1, 0, 0, 1, 0, 0, 1, 1, 1, 0, 0, 0, 1, 0, 0, 0, 0, 0, 0, 0, 1, 0, 0)",4.0,8.0,8.0,11.0,4.068,8.871,8.685666666666666,12.271,0.0,7.574450860790515,7.843095466086487,13.391863695741778,1.0,3.0,3.0,16.0,0.31899654221941043,0.13796994857038958,0.059365237842992545,0.010801104234289741,4.0,4.0,7.0,4.803000000000001,4.617666666666667,8.203000000000001,7.574450860790515,7.843095466086487,13.391863695741778,-6.768844793523142,-7.877616466057449,-12.673005864229822
1,7,2.0,2.4423470353692043,-2.844333333333334,"(0, 0, 0, 1, 1, 1, 1, 0, 0, 0, 1, 0, 0, 0, 0, 1, 0, 0, 0, 0, 0, 1, 0, 0, 1)",5.0,8.0,9.0,11.0,6.225666666666666,9.07,10.230666666666666,12.558666666666667,0.0,6.463291508454652,8.451945444814745,11.868395458051676,1.0,2.0,1.0,3.0,0.3721423071707034,0.02176634964616327,0.0913162937766542,0.0040534107005812964,3.0,4.0,6.0,2.844333333333334,4.005,6.333000000000001,6.463291508454652,8.451945444814745,11.868395458051676,-8.838751770132696,-10.86098402359188,-13.519356686568667
2,0,0.0,2.4423470353692043,-3.1226666666666665,"(0, 1, 1, 0, 1, 0, 0, 0, 1, 0, 0, 1, 1, 1, 0, 0, 0, 1, 0, 0, 0, 0, 1, 0, 1)",5.0,8.0,9.0,11.0,5.350666666666666,8.473333333333333,9.807333333333334,13.199333333333334,0.0,8.205471923162069,7.926962949562134,12.86762747319442,1.0,2.0,7.0,2.0,0.17782384711645408,0.21831164150901133,0.0243899487244127,0.013203569283613593,3.0,4.0,6.0,3.1226666666666665,4.456666666666668,7.848666666666667,8.205471923162069,7.926962949562134,12.86762747319442,-12.413974349560554,-8.475667838382511,-12.258044046457286
2,1,0.2857142857142857,2.4423470353692043,-5.433666666666667,"(0, 0, 0, 0, 0, 0, 0, 0, 0, 1, 0, 0, 0, 1, 0, 0, 0, 0, 0, 0, 0, 0, 0, 0, 0)",2.0,7.0,6.0,10.0,2.005333333333333,7.478,7.439,10.148666666666667,0.0,10.25468249740468,9.189629229658735,14.319765608857105,2.0,2.0,2.0,59.0,0.19060111941955576,0.11403815109876608,0.0637454045195152,0.0034838210160288625,5.0,4.0,8.0,5.472666666666667,5.433666666666667,8.143333333333334,10.25468249740468,9.189629229658735,14.319765608857105,-11.679342187291589,-9.173364030681395,-15.084991057284151
2,2,0.5714285714285714,2.4423470353692043,-3.2880000000000003,"(1, 0, 0, 1, 0, 1, 1, 0, 0, 0, 1, 0, 0, 0, 1, 0, 0, 0, 1, 1, 0, 0, 0, 0, 0)",5.0,8.0,9.0,12.0,5.672666666666666,8.960666666666667,10.492,12.971666666666666,0.0,5.61420956160855,5.447492239255317,10.431820500442152,1.0,1.0,1.0,14.0,0.3933416952618753,0.0798879845974136,0.0510640405823932,0.03808898039713653,3.0,4.0,7.0,3.2880000000000003,4.819333333333335,7.2989999999999995,5.61420956160855,5.447492239255317,10.431820500442152,-5.681411026442137,-1.5341820416193175,-7.651434861598758
2,3,0.8571428571428571,2.4423470353692043,-4.452333333333333,"(0, 0, 0, 0, 0, 0, 0, 0, 0, 0, 0, 0, 0, 0, 0, 0, 0, 1, 0, 0, 1, 0, 0, 0, 0)",3.0,7.0,7.0,11.0,3.104,7.556333333333333,8.070666666666666,12.462666666666667,0.0,7.821385714660981,6.780457408186625,12.929866616812411,3.0,10.0,6.0,8.0,0.30434844146952367,0.0030864044804938774,0.07583940001023419,0.00020946944438083665,4.0,4.0,8.0,4.452333333333333,4.966666666666666,9.358666666666668,7.821385714660981,6.780457408186625,12.929866616812411,-8.22839509553914,-4.429906440331383,-8.722109610949106
2,4,1.1428571428571428,2.4423470353692043,-3.3459999999999996,"(1, 0, 0, 0, 1, 0, 0, 0, 0, 0, 0, 0, 0, 0, 0, 0, 0, 0, 0, 0, 1, 0, 0, 0, 1)",2.0,5.0,7.0,10.0,2.002666666666667,5.3486666666666665,7.6866666666666665,10.444,0.0,9.40296824319823,9.531815617908599,16.242069117423004,2.0,1.0,5.0,91.0,0.5402662108580164,0.11768346305065296,0.12018428472557192,0.0027885056077793075,3.0,5.0,8.0,3.3459999999999996,5.683999999999999,8.441333333333334,9.40296824319823,9.531815617908599,16.242069117423004,-14.793218432100616,-9.397701067046391,-19.05210391596987
2,5,1.4285714285714284,2.4423470353692043,-4.165333333333334,"(0, 1, 0, 0, 0, 0, 0, 0, 0, 1, 1, 0, 0, 0, 0, 0, 0, 0, 1, 0, 1, 1, 0, 1, 1)",5.0,8.0,9.0,11.0,5.2973333333333334,9.462666666666667,9.601666666666667,11.485,0.0,7.181246556690713,7.0267545381089676,11.111498543196118,2.0,2.0,10.0,6.0,0.1864890677629381,0.02883852751870235,0.13792323333778628,0.05696459093938231,3.0,4.0,6.0,4.165333333333334,4.304333333333333,6.187666666666666,7.181246556690713,7.0267545381089676,11.111498543196118,-7.3659067199976755,-6.649097358510028,-12.025706186298095
2,6,1.7142857142857142,2.4423470353692043,-4.617666666666667,"(1, 0, 1, 0, 0, 1, 0, 0, 1, 1, 1, 0, 0, 0, 1, 0, 0, 0, 0, 0, 0, 0, 1, 0, 0)",4.0,8.0,8.0,11.0,4.068,8.871,8.685666666666666,12.271,0.0,7.574450860790515,7.843095466086487,13.391863695741778,1.0,3.0,3.0,16.0,0.31899654221941043,0.13796994857038958,0.059365237842992545,0.010801104234289741,4.0,4.0,7.0,4.803000000000001,4.617666666666667,8.203000000000001,7.574450860790515,7.843095466086487,13.391863695741778,-6.768844793523142,-7.877616466057449,-12.673005864229822
2,7,2.0,2.4423470353692043,-2.844333333333334,"(0, 0, 0, 1, 1, 1, 1, 0, 0, 0, 1, 0, 0, 0, 0, 1, 0, 0, 0, 0, 0, 1, 0, 0, 1)",5.0,8.0,9.0,11.0,6.225666666666666,9.07,10.230666666666666,12.558666666666667,0.0,6.463291508454652,8.451945444814745,11.868395458051676,1.0,2.0,1.0,3.0,0.3721423071707034,0.02176634964616327,0.0913162937766542,0.0040534107005812964,3.0,4.0,6.0,2.844333333333334,4.005,6.333000000000001,6.463291508454652,8.451945444814745,11.868395458051676,-8.838751770132696,-10.86098402359188,-13.519356686568667
3,0,0.0,2.4423470353692043,-3.1226666666666665,"(0, 1, 1, 0, 1, 0, 0, 0, 1, 0, 0, 1, 1, 1, 0, 0, 0, 1, 0, 0, 0, 0, 1, 0, 1)",5.0,8.0,9.0,11.0,5.350666666666666,8.473333333333333,9.807333333333334,13.199333333333334,0.0,8.205471923162069,7.926962949562134,12.86762747319442,1.0,2.0,7.0,2.0,0.17782384711645408,0.21831164150901133,0.0243899487244127,0.013203569283613593,3.0,4.0,6.0,3.1226666666666665,4.456666666666668,7.848666666666667,8.205471923162069,7.926962949562134,12.86762747319442,-12.413974349560554,-8.475667838382511,-12.258044046457286
3,1,0.2857142857142857,2.4423470353692043,-5.433666666666667,"(0, 0, 0, 0, 0, 0, 0, 0, 0, 1, 0, 0, 0, 1, 0, 0, 0, 0, 0, 0, 0, 0, 0, 0, 0)",2.0,7.0,6.0,10.0,2.005333333333333,7.478,7.439,10.148666666666667,0.0,10.25468249740468,9.189629229658735,14.319765608857105,2.0,2.0,2.0,59.0,0.19060111941955576,0.11403815109876608,0.0637454045195152,0.0034838210160288625,5.0,4.0,8.0,5.472666666666667,5.433666666666667,8.143333333333334,10.25468249740468,9.189629229658735,14.319765608857105,-11.679342187291589,-9.173364030681395,-15.084991057284151
3,2,0.5714285714285714,2.4423470353692043,-3.2880000000000003,"(1, 0, 0, 1, 0, 1, 1, 0, 0, 0, 1, 0, 0, 0, 1, 0, 0, 0, 1, 1, 0, 0, 0, 0, 0)",5.0,8.0,9.0,12.0,5.672666666666666,8.960666666666667,10.492,12.971666666666666,0.0,5.61420956160855,5.447492239255317,10.431820500442152,1.0,1.0,1.0,14.0,0.3933416952618753,0.0798879845974136,0.0510640405823932,0.03808898039713653,3.0,4.0,7.0,3.2880000000000003,4.819333333333335,7.2989999999999995,5.61420956160855,5.447492239255317,10.431820500442152,-5.681411026442137,-1.5341820416193175,-7.651434861598758
3,3,0.8571428571428571,2.4423470353692043,-4.452333333333333,"(0, 0, 0, 0, 0, 0, 0, 0, 0, 0, 0, 0, 0, 0, 0, 0, 0, 1, 0, 0, 1, 0, 0, 0, 0)",3.0,7.0,7.0,11.0,3.104,7.556333333333333,8.070666666666666,12.462666666666667,0.0,7.821385714660981,6.780457408186625,12.929866616812411,3.0,10.0,6.0,8.0,0.30434844146952367,0.0030864044804938774,0.07583940001023419,0.00020946944438083665,4.0,4.0,8.0,4.452333333333333,4.966666666666666,9.358666666666668,7.821385714660981,6.780457408186625,12.929866616812411,-8.22839509553914,-4.429906440331383,-8.722109610949106
3,4,1.1428571428571428,2.4423470353692043,-3.3459999999999996,"(1, 0, 0, 0, 1, 0, 0, 0, 0, 0, 0, 0, 0, 0, 0, 0, 0, 0, 0, 0, 1, 0, 0, 0, 1)",2.0,5.0,7.0,10.0,2.002666666666667,5.3486666666666665,7.6866666666666665,10.444,0.0,9.40296824319823,9.531815617908599,16.242069117423004,2.0,1.0,5.0,91.0,0.5402662108580164,0.11768346305065296,0.12018428472557192,0.0027885056077793075,3.0,5.0,8.0,3.3459999999999996,5.683999999999999,8.441333333333334,9.40296824319823,9.531815617908599,16.242069117423004,-14.793218432100616,-9.397701067046391,-19.05210391596987
3,5,1.4285714285714284,2.4423470353692043,-4.165333333333334,"(0, 1, 0, 0, 0, 0, 0, 0, 0, 1, 1, 0, 0, 0, 0, 0, 0, 0, 1, 0, 1, 1, 0, 1, 1)",5.0,8.0,9.0,11.0,5.2973333333333334,9.462666666666667,9.601666666666667,11.485,0.0,7.181246556690713,7.0267545381089676,11.111498543196118,2.0,2.0,10.0,6.0,0.1864890677629381,0.02883852751870235,0.13792323333778628,0.05696459093938231,3.0,4.0,6.0,4.165333333333334,4.304333333333333,6.187666666666666,7.181246556690713,7.0267545381089676,11.111498543196118,-7.3659067199976755,-6.649097358510028,-12.025706186298095
3,6,1.7142857142857142,2.4423470353692043,-4.617666666666667,"(1, 0, 1, 0, 0, 1, 0, 0, 1, 1, 1, 0, 0, 0, 1, 0, 0, 0, 0, 0, 0, 0, 1, 0, 0)",4.0,8.0,8.0,11.0,4.068,8.871,8.685666666666666,12.271,0.0,7.574450860790515,7.843095466086487,13.391863695741778,1.0,3.0,3.0,16.0,0.31899654221941043,0.13796994857038958,0.059365237842992545,0.010801104234289741,4.0,4.0,7.0,4.803000000000001,4.617666666666667,8.203000000000001,7.574450860790515,7.843095466086487,13.391863695741778,-6.768844793523142,-7.877616466057449,-12.673005864229822
3,7,2.0,2.4423470353692043,-2.844333333333334,"(0, 0, 0, 1, 1, 1, 1, 0, 0, 0, 1, 0, 0, 0, 0, 1, 0, 0, 0, 0, 0, 1, 0, 0, 1)",5.0,8.0,9.0,11.0,6.225666666666666,9.07,10.230666666666666,12.558666666666667,0.0,6.463291508454652,8.451945444814745,11.868395458051676,1.0,2.0,1.0,3.0,0.3721423071707034,0.02176634964616327,0.0913162937766542,0.0040534107005812964,3.0,4.0,6.0,2.844333333333334,4.005,6.333000000000001,6.463291508454652,8.451945444814745,11.868395458051676,-8.838751770132696,-10.86098402359188,-13.519356686568667
4,0,0.0,2.4423470353692043,-3.1226666666666665,"(0, 1, 1, 0, 1, 0, 0, 0, 1, 0, 0, 1, 1, 1, 0, 0, 0, 1, 0, 0, 0, 0, 1, 0, 1)",5.0,8.0,9.0,11.0,5.350666666666666,8.473333333333333,9.807333333333334,13.199333333333334,0.0,8.205471923162069,7.926962949562134,12.86762747319442,1.0,2.0,7.0,2.0,0.17782384711645408,0.21831164150901133,0.0243899487244127,0.013203569283613593,3.0,4.0,6.0,3.1226666666666665,4.456666666666668,7.848666666666667,8.205471923162069,7.926962949562134,12.86762747319442,-12.413974349560554,-8.475667838382511,-12.258044046457286
4,1,0.2857142857142857,2.4423470353692043,-5.433666666666667,"(0, 0, 0, 0, 0, 0, 0, 0, 0, 1, 0, 0, 0, 1, 0, 0, 0, 0, 0, 0, 0, 0, 0, 0, 0)",2.0,7.0,6.0,10.0,2.005333333333333,7.478,7.439,10.148666666666667,0.0,10.25468249740468,9.189629229658735,14.319765608857105,2.0,2.0,2.0,59.0,0.19060111941955576,0.11403815109876608,0.0637454045195152,0.0034838210160288625,5.0,4.0,8.0,5.472666666666667,5.433666666666667,8.143333333333334,10.25468249740468,9.189629229658735,14.319765608857105,-11.679342187291589,-9.173364030681395,-15.084991057284151
4,2,0.5714285714285714,2.4423470353692043,-3.2880000000000003,"(1, 0, 0, 1, 0, 1, 1, 0, 0, 0, 1, 0, 0, 0, 1, 0, 0, 0, 1, 1, 0, 0, 0, 0, 0)",5.0,8.0,9.0,12.0,5.672666666666666,8.960666666666667,10.492,12.971666666666666,0.0,5.61420956160855,5.447492239255317,10.431820500442152,1.0,1.0,1.0,14.0,0.3933416952618753,0.0798879845974136,0.0510640405823932,0.03808898039713653,3.0,4.0,7.0,3.2880000000000003,4.819333333333335,7.2989999999999995,5.61420956160855,5.447492239255317,10.431820500442152,-5.681411026442137,-1.5341820416193175,-7.651434861598758
4,3,0.8571428571428571,2.4423470353692043,-4.452333333333333,"(0, 0, 0, 0, 0, 0, 0, 0, 0, 0, 0, 0, 0, 0, 0, 0, 0, 1, 0, 0, 1, 0, 0, 0, 0)",3.0,7.0,7.0,11.0,3.104,7.556333333333333,8.070666666666666,12.462666666666667,0.0,7.821385714660981,6.780457408186625,12.929866616812411,3.0,10.0,6.0,8.0,0.30434844146952367,0.0030864044804938774,0.07583940001023419,0.00020946944438083665,4.0,4.0,8.0,4.452333333333333,4.966666666666666,9.358666666666668,7.821385714660981,6.780457408186625,12.929866616812411,-8.22839509553914,-4.429906440331383,-8.722109610949106
4,4,1.1428571428571428,2.4423470353692043,-3.3459999999999996,"(1, 0, 0, 0, 1, 0, 0, 0, 0, 0, 0, 0, 0, 0, 0, 0, 0, 0, 0, 0, 1, 0, 0, 0, 1)",2.0,5.0,7.0,10.0,2.002666666666667,5.3486666666666665,7.6866666666666665,10.444,0.0,9.40296824319823,9.531815617908599,16.242069117423004,2.0,1.0,5.0,91.0,0.5402662108580164,0.11768346305065296,0.12018428472557192,0.0027885056077793075,3.0,5.0,8.0,3.3459999999999996,5.683999999999999,8.441333333333334,9.40296824319823,9.531815617908599,16.242069117423004,-14.793218432100616,-9.397701067046391,-19.05210391596987
4,5,1.4285714285714284,2.4423470353692043,-4.165333333333334,"(0, 1, 0, 0, 0, 0, 0, 0, 0, 1, 1, 0, 0, 0, 0, 0, 0, 0, 1, 0, 1, 1, 0, 1, 1)",5.0,8.0,9.0,11.0,5.2973333333333334,9.462666666666667,9.601666666666667,11.485,0.0,7.181246556690713,7.0267545381089676,11.111498543196118,2.0,2.0,10.0,6.0,0.1864890677629381,0.02883852751870235,0.13792323333778628,0.05696459093938231,3.0,4.0,6.0,4.165333333333334,4.304333333333333,6.187666666666666,7.181246556690713,7.0267545381089676,11.111498543196118,-7.3659067199976755,-6.649097358510028,-12.025706186298095
4,6,1.7142857142857142,2.4423470353692043,-4.617666666666667,"(1, 0, 1, 0, 0, 1, 0, 0, 1, 1, 1, 0, 0, 0, 1, 0, 0, 0, 0, 0, 0, 0, 1, 0, 0)",4.0,8.0,8.0,11.0,4.068,8.871,8.685666666666666,12.271,0.0,7.574450860790515,7.843095466086487,13.391863695741778,1.0,3.0,3.0,16.0,0.31899654221941043,0.13796994857038958,0.059365237842992545,0.010801104234289741,4.0,4.0,7.0,4.803000000000001,4.617666666666667,8.203000000000001,7.574450860790515,7.843095466086487,13.391863695741778,-6.768844793523142,-7.877616466057449,-12.673005864229822
4,7,2.0,2.4423470353692043,-2.844333333333334,"(0, 0, 0, 1, 1, 1, 1, 0, 0, 0, 1, 0, 0, 0, 0, 1, 0, 0, 0, 0, 0, 1, 0, 0, 1)",5.0,8.0,9.0,11.0,6.225666666666666,9.07,10.230666666666666,12.558666666666667,0.0,6.463291508454652,8.451945444814745,11.868395458051676,1.0,2.0,1.0,3.0,0.3721423071707034,0.02176634964616327,0.0913162937766542,0.0040534107005812964,3.0,4.0,6.0,2.844333333333334,4.005,6.333000000000001,6.463291508454652,8.451945444814745,11.868395458051676,-8.838751770132696,-10.86098402359188,-13.519356686568667
5,0,0.0,2.4423470353692043,-3.1226666666666665,"(0, 1, 1, 0, 1, 0, 0, 0, 1, 0, 0, 1, 1, 1, 0, 0, 0, 1, 0, 0, 0, 0, 1, 0, 1)",5.0,8.0,9.0,11.0,5.350666666666666,8.473333333333333,9.807333333333334,13.199333333333334,0.0,8.205471923162069,7.926962949562134,12.86762747319442,1.0,2.0,7.0,2.0,0.17782384711645408,0.21831164150901133,0.0243899487244127,0.013203569283613593,3.0,4.0,6.0,3.1226666666666665,4.456666666666668,7.848666666666667,8.205471923162069,7.926962949562134,12.86762747319442,-12.413974349560554,-8.475667838382511,-12.258044046457286
5,1,0.2857142857142857,2.4423470353692043,-5.433666666666667,"(0, 0, 0, 0, 0, 0, 0, 0, 0, 1, 0, 0, 0, 1, 0, 0, 0, 0, 0, 0, 0, 0, 0, 0, 0)",2.0,7.0,6.0,10.0,2.005333333333333,7.478,7.439,10.148666666666667,0.0,10.25468249740468,9.189629229658735,14.319765608857105,2.0,2.0,2.0,59.0,0.19060111941955576,0.11403815109876608,0.0637454045195152,0.0034838210160288625,5.0,4.0,8.0,5.472666666666667,5.433666666666667,8.143333333333334,10.25468249740468,9.189629229658735,14.319765608857105,-11.679342187291589,-9.173364030681395,-15.084991057284151
5,2,0.5714285714285714,2.4423470353692043,-3.2880000000000003,"(1, 0, 0, 1, 0, 1, 1, 0, 0, 0, 1, 0, 0, 0, 1, 0, 0, 0, 1, 1, 0, 0, 0, 0, 0)",5.0,8.0,9.0,12.0,5.672666666666666,8.960666666666667,10.492,12.971666666666666,0.0,5.61420956160855,5.447492239255317,10.431820500442152,1.0,1.0,1.0,14.0,0.3933416952618753,0.0798879845974136,0.0510640405823932,0.03808898039713653,3.0,4.0,7.0,3.2880000000000003,4.819333333333335,7.2989999999999995,5.61420956160855,5.447492239255317,10.431820500442152,-5.681411026442137,-1.5341820416193175,-7.651434861598758
5,3,0.8571428571428571,2.4423470353692043,-4.452333333333333,"(0, 0, 0, 0, 0, 0, 0, 0, 0, 0, 0, 0, 0, 0, 0, 0, 0, 1, 0, 0, 1, 0, 0, 0, 0)",3.0,7.0,7.0,11.0,3.104,7.556333333333333,8.070666666666666,12.462666666666667,0.0,7.821385714660981,6.780457408186625,12.929866616812411,3.0,10.0,6.0,8.0,0.30434844146952367,0.0030864044804938774,0.07583940001023419,0.00020946944438083665,4.0,4.0,8.0,4.452333333333333,4.966666666666666,9.358666666666668,7.821385714660981,6.780457408186625,12.929866616812411,-8.22839509553914,-4.429906440331383,-8.722109610949106
5,4,1.1428571428571428,2.4423470353692043,-3.3459999999999996,"(1, 0, 0, 0, 1, 0, 0, 0, 0, 0, 0, 0, 0, 0, 0, 0, 0, 0, 0, 0, 1, 0, 0, 0, 1)",2.0,5.0,7.0,10.0,2.002666666666667,5.3486666666666665,7.6866666666666665,10.444,0.0,9.40296824319823,9.531815617908599,16.242069117423004,2.0,1.0,5.0,91.0,0.5402662108580164,0.11768346305065296,0.12018428472557192,0.0027885056077793075,3.0,5.0,8.0,3.3459999999999996,5.683999999999999,8.441333333333334,9.40296824319823,9.531815617908599,16.242069117423004,-14.793218432100616,-9.397701067046391,-19.05210391596987
5,5,1.4285714285714284,2.4423470353692043,-4.165333333333334,"(0, 1, 0, 0, 0, 0, 0, 0, 0, 1, 1, 0, 0, 0, 0, 0, 0, 0, 1, 0, 1, 1, 0, 1, 1)",5.0,8.0,9.0,11.0,5.2973333333333334,9.462666666666667,9.601666666666667,11.485,0.0,7.181246556690713,7.0267545381089676,11.111498543196118,2.0,2.0,10.0,6.0,0.1864890677629381,0.02883852751870235,0.13792323333778628,0.05696459093938231,3.0,4.0,6.0,4.165333333333334,4.304333333333333,6.187666666666666,7.181246556690713,7.0267545381089676,11.111498543196118,-7.3659067199976755,-6.649097358510028,-12.025706186298095
5,6,1.7142857142857142,2.4423470353692043,-4.617666666666667,"(1, 0, 1, 0, 0, 1, 0, 0, 1, 1, 1, 0, 0, 0, 1, 0, 0, 0, 0, 0, 0, 0, 1, 0, 0)",4.0,8.0,8.0,11.0,4.068,8.871,8.685666666666666,12.271,0.0,7.574450860790515,7.843095466086487,13.391863695741778,1.0,3.0,3.0,16.0,0.31899654221941043,0.13796994857038958,0.059365237842992545,0.010801104234289741,4.0,4.0,7.0,4.803000000000001,4.617666666666667,8.203000000000001,7.574450860790515,7.843095466086487,13.391863695741778,-6.768844793523142,-7.877616466057449,-12.673005864229822
5,7,2.0,2.4423470353692043,-2.844333333333334,"(0, 0, 0, 1, 1, 1, 1, 0, 0, 0, 1, 0, 0, 0, 0, 1, 0, 0, 0, 0, 0, 1, 0, 0, 1)",5.0,8.0,9.0,11.0,6.225666666666666,9.07,10.230666666666666,12.558666666666667,0.0,6.463291508454652,8.451945444814745,11.868395458051676,1.0,2.0,1.0,3.0,0.3721423071707034,0.02176634964616327,0.0913162937766542,0.0040534107005812964,3.0,4.0,6.0,2.844333333333334,4.005,6.333000000000001,6.463291508454652,8.451945444814745,11.868395458051676,-8.838751770132696,-10.86098402359188,-13.519356686568667
6,0,0.0,2.4423470353692043,-3.458333333333332,"(0, 1, 1, 1, 1, 0, 0, 0, 1, 0, 0, 1, 1, 1, 0, 0, 0, 1, 0, 0, 0, 0, 1, 1, 1)",6.0,9.0,9.0,11.0,6.714,10.172333333333333,10.585333333333333,12.448,0.0,5.9312804811780335,6.343806464046534,10.801035529216767,2.0,4.0,4.0,1.0,0.20755625937226257,0.11864079330629086,0.01134888027291943,0.0862858965461395,3.0,3.0,5.0,3.458333333333332,3.8713333333333324,5.734,5.9312804811780335,6.343806464046534,10.801035529216767,-6.039795135163236,-6.038637420827404,-12.375459202892998
6,1,0.2857142857142857,2.4423470353692043,-5.433666666666667,"(0, 0, 0, 0, 0, 0, 0, 0, 0, 1, 0, 0, 0, 1, 0, 0, 0, 0, 0, 0, 0, 0, 0, 0, 0)",2.0,7.0,6.0,10.0,2.005333333333333,7.478,7.439,10.148666666666667,0.0,10.25468249740468,9.189629229658735,14.319765608857105,2.0,2.0,2.0,59.0,0.19060111941955576,0.11403815109876608,0.0637454045195152,0.0034838210160288625,5.0,4.0,8.0,5.472666666666667,5.433666666666667,8.143333333333334,10.25468249740468,9.189629229658735,14.319765608857105,-11.679342187291589,-9.173364030681395,-15.084991057284151
6,2,0.5714285714285714,2.4423470353692043,-3.2880000000000003,"(1, 0, 0, 1, 0, 1, 1, 0, 0, 0, 1, 0, 0, 0, 1, 0, 0, 0, 1, 1, 0, 0, 0, 0, 0)",5.0,8.0,9.0,12.0,5.672666666666666,8.960666666666667,10.492,12.971666666666666,0.0,5.61420956160855,5.447492239255317,10.431820500442152,1.0,1.0,1.0,14.0,0.3933416952618753,0.0798879845974136,0.0510640405823932,0.03808898039713653,3.0,4.0,7.0,3.2880000000000003,4.819333333333335,7.2989999999999995,5.61420956160855,5.447492239255317,10.431820500442152,-5.681411026442137,-1.5341820416193175,-7.651434861598758
6,3,0.8571428571428571,2.4423470353692043,-4.452333333333333,"(0, 0, 0, 0, 0, 0, 0, 0, 0, 0, 0, 0, 0, 0, 0, 0, 0, 1, 0, 0, 1, 0, 0, 0, 0)",3.0,7.0,7.0,11.0,3.104,7.556333333333333,8.070666666666666,12.462666666666667,0.0,7.821385714660981,6.780457408186625,12.929866616812411,3.0,10.0,6.0,8.0,0.30434844146952367,0.0030864044804938774,0.07583940001023419,0.00020946944438083665,4.0,4.0,8.0,4.452333333333333,4.966666666666666,9.358666666666668,7.821385714660981,6.780457408186625,12.929866616812411,-8.22839509553914,-4.429906440331383,-8.722109610949106
6,4,1.1428571428571428,2.4423470353692043,-3.3459999999999996,"(1, 0, 0, 0, 1, 0, 0, 0, 0, 0, 0, 0, 0, 0, 0, 0, 0, 0, 0, 0, 1, 0, 0, 0, 1)",2.0,5.0,7.0,10.0,2.002666666666667,5.3486666666666665,7.6866666666666665,10.444,0.0,9.40296824319823,9.531815617908599,16.242069117423004,2.0,1.0,5.0,91.0,0.5402662108580164,0.11768346305065296,0.12018428472557192,0.0027885056077793075,3.0,5.0,8.0,3.3459999999999996,5.683999999999999,8.441333333333334,9.40296824319823,9.531815617908599,16.242069117423004,-14.793218432100616,-9.397701067046391,-19.05210391596987
6,5,1.4285714285714284,2.4423470353692043,-4.165333333333334,"(0, 1, 0, 0, 0, 0, 0, 0, 0, 1, 1, 0, 0, 0, 0, 0, 0, 0, 1, 0, 1, 1, 0, 1, 1)",5.0,8.0,9.0,11.0,5.2973333333333334,9.462666666666667,9.601666666666667,11.485,0.0,7.181246556690713,7.0267545381089676,11.111498543196118,2.0,2.0,10.0,6.0,0.1864890677629381,0.02883852751870235,0.13792323333778628,0.05696459093938231,3.0,4.0,6.0,4.165333333333334,4.304333333333333,6.187666666666666,7.181246556690713,7.0267545381089676,11.111498543196118,-7.3659067199976755,-6.649097358510028,-12.025706186298095
6,6,1.7142857142857142,2.4423470353692043,-4.617666666666667,"(1, 0, 1, 0, 0, 1, 0, 0, 1, 1, 1, 0, 0, 0, 1, 0, 0, 0, 0, 0, 0, 0, 1, 0, 0)",4.0,8.0,8.0,11.0,4.068,8.871,8.685666666666666,12.271,0.0,7.574450860790515,7.843095466086487,13.391863695741778,1.0,3.0,3.0,16.0,0.31899654221941043,0.13796994857038958,0.059365237842992545,0.010801104234289741,4.0,4.0,7.0,4.803000000000001,4.617666666666667,8.203000000000001,7.574450860790515,7.843095466086487,13.391863695741778,-6.768844793523142,-7.877616466057449,-12.673005864229822
6,7,2.0,2.4423470353692043,-2.844333333333334,"(0, 0, 0, 1, 1, 1, 1, 0, 0, 0, 1, 0, 0, 0, 0, 1, 0, 0, 0, 0, 0, 1, 0, 0, 1)",5.0,8.0,9.0,11.0,6.225666666666666,9.07,10.230666666666666,12.558666666666667,0.0,6.463291508454652,8.451945444814745,11.868395458051676,1.0,2.0,1.0,3.0,0.3721423071707034,0.02176634964616327,0.0913162937766542,0.0040534107005812964,3.0,4.0,6.0,2.844333333333334,4.005,6.333000000000001,6.463291508454652,8.451945444814745,11.868395458051676,-8.838751770132696,-10.86098402359188,-13.519356686568667
7,0,0.0,2.4423470353692043,-3.2893333333333326,"(0, 1, 1, 1, 1, 0, 0, 0, 1, 0, 0, 1, 1, 1, 0, 0, 0, 0, 0, 0, 0, 0, 0, 1, 1)",5.0,8.0,9.0,11.0,5.104,8.393333333333333,9.765,12.013666666666667,0.0,7.249265921625745,7.128736095430277,11.223602272119566,2.0,2.0,6.0,11.0,0.20493390330921812,0.15151625538718408,0.05461404055524115,0.01500146295249316,3.0,4.0,6.0,3.2893333333333326,4.6610000000000005,6.909666666666667,7.249265921625745,7.128736095430277,11.223602272119566,-9.671529617277873,-6.027067936747712,-10.53612783675154
7,1,0.2857142857142857,2.4423470353692043,-5.433666666666667,"(0, 0, 0, 0, 0, 0, 0, 0, 0, 1, 0, 0, 0, 1, 0, 0, 0, 0, 0, 0, 0, 0, 0, 0, 0)",2.0,7.0,6.0,10.0,2.005333333333333,7.478,7.439,10.148666666666667,0.0,10.25468249740468,9.189629229658735,14.319765608857105,2.0,2.0,2.0,59.0,0.19060111941955576,0.11403815109876608,0.0637454045195152,0.0034838210160288625,5.0,4.0,8.0,5.472666666666667,5.433666666666667,8.143333333333334,10.25468249740468,9.189629229658735,14.319765608857105,-11.679342187291589,-9.173364030681395,-15.084991057284151
7,2,0.5714285714285714,2.4423470353692043,-3.2880000000000003,"(1, 0, 0, 1, 0, 1, 1, 0, 0, 0, 1, 0, 0, 0, 1, 0, 0, 0, 1, 1, 0, 0, 0, 0, 0)",5.0,8.0,9.0,12.0,5.672666666666666,8.960666666666667,10.492,12.971666666666666,0.0,5.61420956160855,5.447492239255317,10.431820500442152,1.0,1.0,1.0,14.0,0.3933416952618753,0.0798879845974136,0.0510640405823932,0.03808898039713653,3.0,4.0,7.0,3.2880000000000003,4.819333333333335,7.2989999999999995,5.61420956160855,5.447492239255317,10.431820500442152,-5.681411026442137,-1.5341820416193175,-7.651434861598758
7,3,0.8571428571428571,2.4423470353692043,-4.452333333333333,"(0, 0, 0, 0, 0, 0, 0, 0, 0, 0, 0, 0, 0, 0, 0, 0, 0, 1, 0, 0, 1, 0, 0, 0, 0)",3.0,7.0,7.0,11.0,3.104,7.556333333333333,8.070666666666666,12.462666666666667,0.0,7.821385714660981,6.780457408186625,12.929866616812411,3.0,10.0,6.0,8.0,0.30434844146952367,0.0030864044804938774,0.07583940001023419,0.00020946944438083665,4.0,4.0,8.0,4.452333333333333,4.966666666666666,9.358666666666668,7.821385714660981,6.780457408186625,12.929866616812411,-8.22839509553914,-4.429906440331383,-8.722109610949106
7,4,1.1428571428571428,2.4423470353692043,-3.3459999999999996,"(1, 0, 0, 0, 1, 0, 0, 0, 0, 0, 0, 0, 0, 0, 0, 0, 0, 0, 0, 0, 1, 0, 0, 0, 1)",2.0,5.0,7.0,10.0,2.002666666666667,5.3486666666666665,7.6866666666666665,10.444,0.0,9.40296824319823,9.531815617908599,16.242069117423004,2.0,1.0,5.0,91.0,0.5402662108580164,0.11768346305065296,0.12018428472557192,0.0027885056077793075,3.0,5.0,8.0,3.3459999999999996,5.683999999999999,8.441333333333334,9.40296824319823,9.531815617908599,16.242069117423004,-14.793218432100616,-9.397701067046391,-19.05210391596987
7,5,1.4285714285714284,2.4423470353692043,-4.165333333333334,"(0, 1, 0, 0, 0, 0, 0, 0, 0, 1, 1, 0, 0, 0, 0, 0, 0, 0, 1, 0, 1, 1, 0, 1, 1)",5.0,8.0,9.0,11.0,5.2973333333333334,9.462666666666667,9.601666666666667,11.485,0.0,7.181246556690713,7.0267545381089676,11.111498543196118,2.0,2.0,10.0,6.0,0.1864890677629381,0.02883852751870235,0.13792323333778628,0.05696459093938231,3.0,4.0,6.0,4.165333333333334,4.304333333333333,6.187666666666666,7.181246556690713,7.0267545381089676,11.111498543196118,-7.3659067199976755,-6.649097358510028,-12.025706186298095
7,6,1.7142857142857142,2.4423470353692043,-4.617666666666667,"(1, 0, 1, 0, 0, 1, 0, 0, 1, 1, 1, 0, 0, 0, 1, 0, 0, 0, 0, 0, 0, 0, 1, 0, 0)",4.0,8.0,8.0,11.0,4.068,8.871,8.685666666666666,12.271,0.0,7.574450860790515,7.843095466086487,13.391863695741778,1.0,3.0,3.0,16.0,0.31899654221941043,0.13796994857038958,0.059365237842992545,0.010801104234289741,4.0,4.0,7.0,4.803000000000001,4.617666666666667,8.203000000000001,7.574450860790515,7.843095466086487,13.391863695741778,-6.768844793523142,-7.877616466057449,-12.673005864229822
7,7,2.0,2.4423470353692043,-2.844333333333334,"(0, 0, 0, 1, 1, 1, 1, 0, 0, 0, 1, 0, 0, 0, 0, 1, 0, 0, 0, 0, 0, 1, 0, 0, 1)",5.0,8.0,9.0,11.0,6.225666666666666,9.07,10.230666666666666,12.558666666666667,0.0,6.463291508454652,8.451945444814745,11.868395458051676,1.0,2.0,1.0,3.0,0.3721423071707034,0.02176634964616327,0.0913162937766542,0.0040534107005812964,3.0,4.0,6.0,2.844333333333334,4.005,6.333000000000001,6.463291508454652,8.451945444814745,11.868395458051676,-8.838751770132696,-10.86098402359188,-13.519356686568667
8,0,0.0,2.4423470353692043,-3.2893333333333326,"(0, 1, 1, 1, 1, 0, 0, 0, 1, 0, 0, 1, 1, 1, 0, 0, 0, 0, 0, 0, 0, 0, 0, 1, 1)",5.0,8.0,9.0,11.0,5.104,8.393333333333333,9.765,12.013666666666667,0.0,7.249265921625745,7.128736095430277,11.223602272119566,2.0,2.0,6.0,11.0,0.20493390330921812,0.15151625538718408,0.05461404055524115,0.01500146295249316,3.0,4.0,6.0,3.2893333333333326,4.6610000000000005,6.909666666666667,7.249265921625745,7.128736095430277,11.223602272119566,-9.671529617277873,-6.027067936747712,-10.53612783675154
8,1,0.2857142857142857,2.4423470353692043,-5.433666666666667,"(0, 0, 0, 0, 0, 0, 0, 0, 0, 1, 0, 0, 0, 1, 0, 0, 0, 0, 0, 0, 0, 0, 0, 0, 0)",2.0,7.0,6.0,10.0,2.005333333333333,7.478,7.439,10.148666666666667,0.0,10.25468249740468,9.189629229658735,14.319765608857105,2.0,2.0,2.0,59.0,0.19060111941955576,0.11403815109876608,0.0637454045195152,0.0034838210160288625,5.0,4.0,8.0,5.472666666666667,5.433666666666667,8.143333333333334,10.25468249740468,9.189629229658735,14.319765608857105,-11.679342187291589,-9.173364030681395,-15.084991057284151
8,2,0.5714285714285714,2.4423470353692043,-3.2316666666666674,"(1, 0, 0, 1, 0, 0, 1, 0, 0, 1, 1, 0, 0, 0, 1, 0, 0, 0, 1, 1, 0, 0, 0, 0, 0)",6.0,8.0,9.0,11.0,6.33,9.561666666666667,10.271333333333333,12.512666666666666,0.0,4.930474509056941,6.15247571101464,10.277314913265768,7.0,1.0,6.0,4.0,0.3180064359171816,0.0640506242424157,0.0006202424764463208,0.06482139482891826,2.0,3.0,5.0,3.2316666666666674,3.9413333333333327,6.182666666666666,4.930474509056941,6.15247571101464,10.277314913265768,-4.149078297523839,-5.400377030909154,-10.000552005961026
8,3,0.8571428571428571,2.4423470353692043,-4.452333333333333,"(0, 0, 0, 0, 0, 0, 0, 0, 0, 0, 0, 0, 0, 0, 0, 0, 0, 1, 0, 0, 1, 0, 0, 0, 0)",3.0,7.0,7.0,11.0,3.104,7.556333333333333,8.070666666666666,12.462666666666667,0.0,7.821385714660981,6.780457408186625,12.929866616812411,3.0,10.0,6.0,8.0,0.30434844146952367,0.0030864044804938774,0.07583940001023419,0.00020946944438083665,4.0,4.0,8.0,4.452333333333333,4.966666666666666,9.358666666666668,7.821385714660981,6.780457408186625,12.929866616812411,-8.22839509553914,-4.429906440331383,-8.722109610949106
8,4,1.1428571428571428,2.4423470353692043,-2.9276666666666666,"(1, 0, 0, 0, 1, 1, 0, 0, 0, 0, 1, 0, 0, 0, 0, 0, 0, 0, 0, 0, 1, 0, 0, 0, 1)",3.0,6.0,6.0,10.0,3.260666666666667,6.1883333333333335,6.658666666666667,12.613333333333333,0.0,7.044488691304678,9.200687634291098,14.168380798448137,2.0,2.0,1.0,10.0,0.43827133443283106,0.09993979026474047,0.15565992817448634,0.020963746647044514,3.0,3.0,7.0,2.9276666666666666,3.398,9.352666666666666,7.044488691304678,9.200687634291098,14.168380798448137,-10.054708067017293,-14.172176940784405,-11.761645132942057
8,5,1.4285714285714284,2.4423470353692043,-4.165333333333334,"(0, 1, 0, 0, 0, 0, 0, 0, 0, 1, 1, 0, 0, 0, 0, 0, 0, 0, 1, 0, 1, 1, 0, 1, 1)",5.0,8.0,9.0,11.0,5.2973333333333334,9.462666666666667,9.601666666666667,11.485,0.0,7.181246556690713,7.0267545381089676,11.111498543196118,2.0,2.0,10.0,6.0,0.1864890677629381,0.02883852751870235,0.13792323333778628,0.05696459093938231,3.0,4.0,6.0,4.165333333333334,4.304333333333333,6.187666666666666,7.181246556690713,7.0267545381089676,11.111498543196118,-7.3659067199976755,-6.649097358510028,-12.025706186298095
8,6,1.7142857142857142,2.4423470353692043,-2.996333333333334,"(1, 0, 0, 0, 0, 1, 0, 1, 1, 1, 1, 0, 0, 0, 1, 0, 0, 0, 0, 0, 0, 0, 1, 0, 0)",5.0,9.0,8.0,11.0,5.26,10.760333333333334,8.256333333333334,12.656666666666666,0.0,6.951543818014239,4.5216120467414935,10.770438348301447,1.0,1.0,2.0,1.0,0.31330141353745483,0.06289326646398909,0.017517063969116512,0.026248365993545745,4.0,3.0,6.0,5.500333333333334,2.996333333333334,7.3966666666666665,6.951543818014239,4.5216120467414935,10.770438348301447,-3.544359624957114,-3.725259943804172,-8.23992126465328
8,7,2.0,2.4423470353692043,-2.844333333333334,"(0, 0, 0, 1, 1, 1, 1, 0, 0, 0, 1, 0, 0, 0, 0, 1, 0, 0, 0, 0, 0, 1, 0, 0, 1)",5.0,8.0,9.0,11.0,6.225666666666666,9.07,10.230666666666666,12.558666666666667,0.0,6.463291508454652,8.451945444814745,11.868395458051676,1.0,2.0,1.0,3.0,0.3721423071707034,0.02176634964616327,0.0913162937766542,0.0040534107005812964,3.0,4.0,6.0,2.844333333333334,4.005,6.333000000000001,6.463291508454652,8.451945444814745,11.868395458051676,-8.838751770132696,-10.86098402359188,-13.519356686568667
9,0,0.0,2.4423470353692043,-3.2893333333333326,"(0, 1, 1, 1, 1, 0, 0, 0, 1, 0, 0, 1, 1, 1, 0, 0, 0, 0, 0, 0, 0, 0, 0, 1, 1)",5.0,8.0,9.0,11.0,5.104,8.393333333333333,9.765,12.013666666666667,0.0,7.249265921625745,7.128736095430277,11.223602272119566,2.0,2.0,6.0,11.0,0.20493390330921812,0.15151625538718408,0.05461404055524115,0.01500146295249316,3.0,4.0,6.0,3.2893333333333326,4.6610000000000005,6.909666666666667,7.249265921625745,7.128736095430277,11.223602272119566,-9.671529617277873,-6.027067936747712,-10.53612783675154
9,1,0.2857142857142857,2.4423470353692043,-5.433666666666667,"(0, 0, 0, 0, 0, 0, 0, 0, 0, 1, 0, 0, 0, 1, 0, 0, 0, 0, 0, 0, 0, 0, 0, 0, 0)",2.0,7.0,6.0,10.0,2.005333333333333,7.478,7.439,10.148666666666667,0.0,10.25468249740468,9.189629229658735,14.319765608857105,2.0,2.0,2.0,59.0,0.19060111941955576,0.11403815109876608,0.0637454045195152,0.0034838210160288625,5.0,4.0,8.0,5.472666666666667,5.433666666666667,8.143333333333334,10.25468249740468,9.189629229658735,14.319765608857105,-11.679342187291589,-9.173364030681395,-15.084991057284151
9,2,0.5714285714285714,2.4423470353692043,-3.2316666666666674,"(1, 0, 0, 1, 0, 0, 1, 0, 0, 1, 1, 0, 0, 0, 1, 0, 0, 0, 1, 1, 0, 0, 0, 0, 0)",6.0,8.0,9.0,11.0,6.33,9.561666666666667,10.271333333333333,12.512666666666666,0.0,4.930474509056941,6.15247571101464,10.277314913265768,7.0,1.0,6.0,4.0,0.3180064359171816,0.0640506242424157,0.0006202424764463208,0.06482139482891826,2.0,3.0,5.0,3.2316666666666674,3.9413333333333327,6.182666666666666,4.930474509056941,6.15247571101464,10.277314913265768,-4.149078297523839,-5.400377030909154,-10.000552005961026
9,3,0.8571428571428571,2.4423470353692043,-4.452333333333333,"(0, 0, 0, 0, 0, 0, 0, 0, 0, 0, 0, 0, 0, 0, 0, 0, 0, 1, 0, 0, 1, 0, 0, 0, 0)",3.0,7.0,7.0,11.0,3.104,7.556333333333333,8.070666666666666,12.462666666666667,0.0,7.821385714660981,6.780457408186625,12.929866616812411,3.0,10.0,6.0,8.0,0.30434844146952367,0.0030864044804938774,0.07583940001023419,0.00020946944438083665,4.0,4.0,8.0,4.452333333333333,4.966666666666666,9.358666666666668,7.821385714660981,6.780457408186625,12.929866616812411,-8.22839509553914,-4.429906440331383,-8.722109610949106
9,4,1.1428571428571428,2.4423470353692043,-1.128333333333333,"(1, 0, 0, 0, 1, 1, 0, 0, 0, 1, 1, 0, 0, 0, 1, 0, 0, 0, 0, 0, 1, 0, 0, 0, 1)",4.0,5.0,7.0,10.0,4.054666666666667,5.183,7.266,10.701,0.0,2.913217975193746,6.414946605748985,11.883931498915551,5.0,1.0,1.0,10.0,0.3396653472350382,0.24786550902719623,0.065725893447962,0.11795144486580311,1.0,3.0,6.0,1.128333333333333,3.211333333333333,6.646333333333334,2.913217975193746,6.414946605748985,11.883931498915551,-4.359307713523804,-7.824335378353802,-12.792032352164911
9,5,1.4285714285714284,2.4423470353692043,-4.165333333333334,"(0, 1, 0, 0, 0, 0, 0, 0, 0, 1, 1, 0, 0, 0, 0, 0, 0, 0, 1, 0, 1, 1, 0, 1, 1)",5.0,8.0,9.0,11.0,5.2973333333333334,9.462666666666667,9.601666666666667,11.485,0.0,7.181246556690713,7.0267545381089676,11.111498543196118,2.0,2.0,10.0,6.0,0.1864890677629381,0.02883852751870235,0.13792323333778628,0.05696459093938231,3.0,4.0,6.0,4.165333333333334,4.304333333333333,6.187666666666666,7.181246556690713,7.0267545381089676,11.111498543196118,-7.3659067199976755,-6.649097358510028,-12.025706186298095
9,6,1.7142857142857142,2.4423470353692043,-2.996333333333334,"(1, 0, 0, 0, 0, 1, 0, 1, 1, 1, 1, 0, 0, 0, 1, 0, 0, 0, 0, 0, 0, 0, 1, 0, 0)",5.0,9.0,8.0,11.0,5.26,10.760333333333334,8.256333333333334,12.656666666666666,0.0,6.951543818014239,4.5216120467414935,10.770438348301447,1.0,1.0,2.0,1.0,0.31330141353745483,0.06289326646398909,0.017517063969116512,0.026248365993545745,4.0,3.0,6.0,5.500333333333334,2.996333333333334,7.3966666666666665,6.951543818014239,4.5216120467414935,10.770438348301447,-3.544359624957114,-3.725259943804172,-8.23992126465328
9,7,2.0,2.4423470353692043,-2.844333333333334,"(0, 0, 0, 1, 1, 1, 1, 0, 0, 0, 1, 0, 0, 0, 0, 1, 0, 0, 0, 0, 0, 1, 0, 0, 1)",5.0,8.0,9.0,11.0,6.225666666666666,9.07,10.230666666666666,12.558666666666667,0.0,6.463291508454652,8.451945444814745,11.868395458051676,1.0,2.0,1.0,3.0,0.3721423071707034,0.02176634964616327,0.0913162937766542,0.0040534107005812964,3.0,4.0,6.0,2.844333333333334,4.005,6.333000000000001,6.463291508454652,8.451945444814745,11.868395458051676,-8.838751770132696,-10.86098402359188,-13.519356686568667
10,0,0.0,2.4423470353692043,-5.433666666666667,"(0, 0, 0, 0, 0, 0, 0, 0, 0, 1, 0, 0, 0, 1, 0, 0, 0, 0, 0, 0, 0, 0, 0, 0, 0)",2.0,7.0,6.0,10.0,2.005333333333333,7.478,7.439,10.148666666666667,0.0,10.25468249740468,9.189629229658735,14.319765608857105,2.0,2.0,2.0,59.0,0.19060111941955576,0.11403815109876608,0.0637454045195152,0.0034838210160288625,5.0,4.0,8.0,5.472666666666667,5.433666666666667,8.143333333333334,10.25468249740468,9.189629229658735,14.319765608857105,-11.679342187291589,-9.173364030681395,-15.084991057284151
10,1,0.2857142857142857,2.4423470353692043,-3.2316666666666674,"(1, 0, 0, 1, 0, 0, 1, 0, 0, 1, 1, 0, 0, 0, 1, 0, 0, 0, 1, 1, 0, 0, 0, 0, 0)",6.0,8.0,9.0,11.0,6.33,9.561666666666667,10.271333333333333,12.512666666666666,0.0,4.930474509056941,6.15247571101464,10.277314913265768,7.0,1.0,6.0,4.0,0.3180064359171816,0.0640506242424157,0.0006202424764463208,0.06482139482891826,2.0,3.0,5.0,3.2316666666666674,3.9413333333333327,6.182666666666666,4.930474509056941,6.15247571101464,10.277314913265768,-4.149078297523839,-5.400377030909154,-10.000552005961026
10,2,0.5714285714285714,2.4423470353692043,-4.452333333333333,"(0, 0, 0, 0, 0, 0, 0, 0, 0, 0, 0, 0, 0, 0, 0, 0, 0, 1, 0, 0, 1, 0, 0, 0, 0)",3.0,7.0,7.0,11.0,3.104,7.556333333333333,8.070666666666666,12.462666666666667,0.0,7.821385714660981,6.780457408186625,12.929866616812411,3.0,10.0,6.0,8.0,0.30434844146952367,0.0030864044804938774,0.07583940001023419,0.00020946944438083665,4.0,4.0,8.0,4.452333333333333,4.966666666666666,9.358666666666668,7.821385714660981,6.780457408186625,12.929866616812411,-8.22839509553914,-4.429906440331383,-8.722109610949106
10,3,0.8571428571428571,2.4423470353692043,-1.128333333333333,"(1, 0, 0, 0, 1, 1, 0, 0, 0, 1, 1, 0, 0, 0, 1, 0, 0, 0, 0, 0, 1, 0, 0, 0, 1)",4.0,5.0,7.0,10.0,4.054666666666667,5.183,7.266,10.701,0.0,2.913217975193746,6.414946605748985,11.883931498915551,5.0,1.0,1.0,10.0,0.3396653472350382,0.24786550902719623,0.065725893447962,0.11795144486580311,1.0,3.0,6.0,1.128333333333333,3.211333333333333,6.646333333333334,2.913217975193746,6.414946605748985,11.883931498915551,-4.359307713523804,-7.824335378353802,-12.792032352164911
10,4,1.1428571428571428,2.4423470353692043,-4.165333333333334,"(0, 1, 0, 0, 0, 0, 0, 0, 0, 1, 1, 0, 0, 0, 0, 0, 0, 0, 1, 0, 1, 1, 0, 1, 1)",5.0,8.0,9.0,11.0,5.2973333333333334,9.462666666666667,9.601666666666667,11.485,0.0,7.181246556690713,7.0267545381089676,11.111498543196118,2.0,2.0,10.0,6.0,0.1864890677629381,0.02883852751870235,0.13792323333778628,0.05696459093938231,3.0,4.0,6.0,4.165333333333334,4.304333333333333,6.187666666666666,7.181246556690713,7.0267545381089676,11.111498543196118,-7.3659067199976755,-6.649097358510028,-12.025706186298095
10,5,1.4285714285714284,2.4423470353692043,-2.996333333333334,"(1, 0, 0, 0, 0, 1, 0, 1, 1, 1, 1, 0, 0, 0, 1, 0, 0, 0, 0, 0, 0, 0, 1, 0, 0)",5.0,9.0,8.0,11.0,5.26,10.760333333333334,8.256333333333334,12.656666666666666,0.0,6.951543818014239,4.5216120467414935,10.770438348301447,1.0,1.0,2.0,1.0,0.31330141353745483,0.06289326646398909,0.017517063969116512,0.026248365993545745,4.0,3.0,6.0,5.500333333333334,2.996333333333334,7.3966666666666665,6.951543818014239,4.5216120467414935,10.770438348301447,-3.544359624957114,-3.725259943804172,-8.23992126465328
10,6,1.7142857142857142,2.4423470353692043,-2.844333333333334,"(0, 0, 0, 1, 1, 1, 1, 0, 0, 0, 1, 0, 0, 0, 0, 1, 0, 0, 0, 0, 0, 1, 0, 0, 1)",5.0,8.0,9.0,11.0,6.225666666666666,9.07,10.230666666666666,12.558666666666667,0.0,6.463291508454652,8.451945444814745,11.868395458051676,1.0,2.0,1.0,3.0,0.3721423071707034,0.02176634964616327,0.0913162937766542,0.0040534107005812964,3.0,4.0,6.0,2.844333333333334,4.005,6.333000000000001,6.463291508454652,8.451945444814745,11.868395458051676,-8.838751770132696,-10.86098402359188,-13.519356686568667
10,7,2.0,2.4423470353692043,-3.2893333333333326,"(0, 1, 1, 1, 1, 0, 0, 0, 1, 0, 0, 1, 1, 1, 0, 0, 0, 0, 0, 0, 0, 0, 0, 1, 1)",5.0,8.0,9.0,11.0,5.104,8.393333333333333,9.765,12.013666666666667,0.0,7.249265921625745,7.128736095430277,11.223602272119566,2.0,2.0,6.0,11.0,0.20493390330921812,0.15151625538718408,0.05461404055524115,0.01500146295249316,3.0,4.0,6.0,3.2893333333333326,4.6610000000000005,6.909666666666667,7.249265921625745,7.128736095430277,11.223602272119566,-9.671529617277873,-6.027067936747712,-10.53612783675154
11,0,0.0,2.4423470353692043,-5.433666666666667,"(0, 0, 0, 0, 0, 0, 0, 0, 0, 1, 0, 0, 0, 1, 0, 0, 0, 0, 0, 0, 0, 0, 0, 0, 0)",2.0,7.0,6.0,10.0,2.005333333333333,7.478,7.439,10.148666666666667,0.0,10.25468249740468,9.189629229658735,14.319765608857105,2.0,2.0,2.0,59.0,0.19060111941955576,0.11403815109876608,0.0637454045195152,0.0034838210160288625,5.0,4.0,8.0,5.472666666666667,5.433666666666667,8.143333333333334,10.25468249740468,9.189629229658735,14.319765608857105,-11.679342187291589,-9.173364030681395,-15.084991057284151
11,1,0.2857142857142857,2.4423470353692043,-3.2316666666666674,"(1, 0, 0, 1, 0, 0, 1, 0, 0, 1, 1, 0, 0, 0, 1, 0, 0, 0, 1, 1, 0, 0, 0, 0, 0)",6.0,8.0,9.0,11.0,6.33,9.561666666666667,10.271333333333333,12.512666666666666,0.0,4.930474509056941,6.15247571101464,10.277314913265768,7.0,1.0,6.0,4.0,0.3180064359171816,0.0640506242424157,0.0006202424764463208,0.06482139482891826,2.0,3.0,5.0,3.2316666666666674,3.9413333333333327,6.182666666666666,4.930474509056941,6.15247571101464,10.277314913265768,-4.149078297523839,-5.400377030909154,-10.000552005961026
11,2,0.5714285714285714,2.4423470353692043,-4.452333333333333,"(0, 0, 0, 0, 0, 0, 0, 0, 0, 0, 0, 0, 0, 0, 0, 0, 0, 1, 0, 0, 1, 0, 0, 0, 0)",3.0,7.0,7.0,11.0,3.104,7.556333333333333,8.070666666666666,12.462666666666667,0.0,7.821385714660981,6.780457408186625,12.929866616812411,3.0,10.0,6.0,8.0,0.30434844146952367,0.0030864044804938774,0.07583940001023419,0.00020946944438083665,4.0,4.0,8.0,4.452333333333333,4.966666666666666,9.358666666666668,7.821385714660981,6.780457408186625,12.929866616812411,-8.22839509553914,-4.429906440331383,-8.722109610949106
11,3,0.8571428571428571,2.4423470353692043,-1.128333333333333,"(1, 0, 0, 0, 1, 1, 0, 0, 0, 1, 1, 0, 0, 0, 1, 0, 0, 0, 0, 0, 1, 0, 0, 0, 1)",4.0,5.0,7.0,10.0,4.054666666666667,5.183,7.266,10.701,0.0,2.913217975193746,6.414946605748985,11.883931498915551,5.0,1.0,1.0,10.0,0.3396653472350382,0.24786550902719623,0.065725893447962,0.11795144486580311,1.0,3.0,6.0,1.128333333333333,3.211333333333333,6.646333333333334,2.913217975193746,6.414946605748985,11.883931498915551,-4.359307713523804,-7.824335378353802,-12.792032352164911
11,4,1.1428571428571428,2.4423470353692043,-3.2410000000000005,"(0, 1, 1, 0, 0, 0, 0, 1, 0, 1, 1, 0, 0, 0, 0, 0, 0, 0, 1, 0, 1, 1, 0, 1, 1)",6.0,9.0,10.0,12.0,6.171,9.412,10.571,13.78,0.0,6.660483894371433,5.436908735435384,9.67405519552957,2.0,2.0,9.0,2.0,0.2965689897612628,0.06495589731050745,0.06283290201185351,0.07401192338198942,3.0,4.0,6.0,3.2410000000000005,4.3999999999999995,7.608999999999999,6.660483894371433,5.436908735435384,9.67405519552957,-8.35156635191081,-2.532490975939043,-5.043581434675421
11,5,1.4285714285714284,2.4423470353692043,-2.996333333333334,"(1, 0, 0, 0, 0, 1, 0, 1, 1, 1, 1, 0, 0, 0, 1, 0, 0, 0, 0, 0, 0, 0, 1, 0, 0)",5.0,9.0,8.0,11.0,5.26,10.760333333333334,8.256333333333334,12.656666666666666,0.0,6.951543818014239,4.5216120467414935,10.770438348301447,1.0,1.0,2.0,1.0,0.31330141353745483,0.06289326646398909,0.017517063969116512,0.026248365993545745,4.0,3.0,6.0,5.500333333333334,2.996333333333334,7.3966666666666665,6.951543818014239,4.5216120467414935,10.770438348301447,-3.544359624957114,-3.725259943804172,-8.23992126465328
11,6,1.7142857142857142,2.4423470353692043,-2.844333333333334,"(0, 0, 0, 1, 1, 1, 1, 0, 0, 0, 1, 0, 0, 0, 0, 1, 0, 0, 0, 0, 0, 1, 0, 0, 1)",5.0,8.0,9.0,11.0,6.225666666666666,9.07,10.230666666666666,12.558666666666667,0.0,6.463291508454652,8.451945444814745,11.868395458051676,1.0,2.0,1.0,3.0,0.3721423071707034,0.02176634964616327,0.0913162937766542,0.0040534107005812964,3.0,4.0,6.0,2.844333333333334,4.005,6.333000000000001,6.463291508454652,8.451945444814745,11.868395458051676,-8.838751770132696,-10.86098402359188,-13.519356686568667
11,7,2.0,2.4423470353692043,-3.2893333333333326,"(0, 1, 1, 1, 1, 0, 0, 0, 1, 0, 0, 1, 1, 1, 0, 0, 0, 0, 0, 0, 0, 0, 0, 1, 1)",5.0,8.0,9.0,11.0,5.104,8.393333333333333,9.765,12.013666666666667,0.0,7.249265921625745,7.128736095430277,11.223602272119566,2.0,2.0,6.0,11.0,0.20493390330921812,0.15151625538718408,0.05461404055524115,0.01500146295249316,3.0,4.0,6.0,3.2893333333333326,4.6610000000000005,6.909666666666667,7.249265921625745,7.128736095430277,11.223602272119566,-9.671529617277873,-6.027067936747712,-10.53612783675154
12,0,0.0,2.4423470353692043,-5.433666666666667,"(0, 0, 0, 0, 0, 0, 0, 0, 0, 1, 0, 0, 0, 1, 0, 0, 0, 0, 0, 0, 0, 0, 0, 0, 0)",2.0,7.0,6.0,10.0,2.005333333333333,7.478,7.439,10.148666666666667,0.0,10.25468249740468,9.189629229658735,14.319765608857105,2.0,2.0,2.0,59.0,0.19060111941955576,0.11403815109876608,0.0637454045195152,0.0034838210160288625,5.0,4.0,8.0,5.472666666666667,5.433666666666667,8.143333333333334,10.25468249740468,9.189629229658735,14.319765608857105,-11.679342187291589,-9.173364030681395,-15.084991057284151
12,1,0.2857142857142857,2.4423470353692043,-2.8370000000000006,"(1, 0, 0, 1, 1, 0, 1, 0, 0, 1, 1, 0, 0, 0, 1, 0, 0, 0, 1, 1, 0, 0, 0, 0, 1)",7.0,9.0,10.0,12.0,7.102333333333333,9.939333333333334,11.401,13.799666666666667,0.0,5.569826688538031,7.122698070815055,10.184234354028915,20.0,6.0,2.0,5.0,0.20560685260056577,0.08032311789950042,0.037000114155644005,0.010632077056363298,2.0,3.0,5.0,2.8370000000000006,4.298666666666667,6.697333333333334,5.569826688538031,7.122698070815055,10.184234354028915,-6.674511160928698,-6.897264727711347,-8.516222370521705
12,2,0.5714285714285714,2.4423470353692043,-4.452333333333333,"(0, 0, 0, 0, 0, 0, 0, 0, 0, 0, 0, 0, 0, 0, 0, 0, 0, 1, 0, 0, 1, 0, 0, 0, 0)",3.0,7.0,7.0,11.0,3.104,7.556333333333333,8.070666666666666,12.462666666666667,0.0,7.821385714660981,6.780457408186625,12.929866616812411,3.0,10.0,6.0,8.0,0.30434844146952367,0.0030864044804938774,0.07583940001023419,0.00020946944438083665,4.0,4.0,8.0,4.452333333333333,4.966666666666666,9.358666666666668,7.821385714660981,6.780457408186625,12.929866616812411,-8.22839509553914,-4.429906440331383,-8.722109610949106
12,3,0.8571428571428571,2.4423470353692043,-1.128333333333333,"(1, 0, 0, 0, 1, 1, 0, 0, 0, 1, 1, 0, 0, 0, 1, 0, 0, 0, 0, 0, 1, 0, 0, 0, 1)",4.0,5.0,7.0,10.0,4.054666666666667,5.183,7.266,10.701,0.0,2.913217975193746,6.414946605748985,11.883931498915551,5.0,1.0,1.0,10.0,0.3396653472350382,0.24786550902719623,0.065725893447962,0.11795144486580311,1.0,3.0,6.0,1.128333333333333,3.211333333333333,6.646333333333334,2.913217975193746,6.414946605748985,11.883931498915551,-4.359307713523804,-7.824335378353802,-12.792032352164911
12,4,1.1428571428571428,2.4423470353692043,-3.2410000000000005,"(0, 1, 1, 0, 0, 0, 0, 1, 0, 1, 1, 0, 0, 0, 0, 0, 0, 0, 1, 0, 1, 1, 0, 1, 1)",6.0,9.0,10.0,12.0,6.171,9.412,10.571,13.78,0.0,6.660483894371433,5.436908735435384,9.67405519552957,2.0,2.0,9.0,2.0,0.2965689897612628,0.06495589731050745,0.06283290201185351,0.07401192338198942,3.0,4.0,6.0,3.2410000000000005,4.3999999999999995,7.608999999999999,6.660483894371433,5.436908735435384,9.67405519552957,-8.35156635191081,-2.532490975939043,-5.043581434675421
12,5,1.4285714285714284,2.4423470353692043,-2.996333333333334,"(1, 0, 0, 0, 0, 1, 0, 1, 1, 1, 1, 0, 0, 0, 1, 0, 0, 0, 0, 0, 0, 0, 1, 0, 0)",5.0,9.0,8.0,11.0,5.26,10.760333333333334,8.256333333333334,12.656666666666666,0.0,6.951543818014239,4.5216120467414935,10.770438348301447,1.0,1.0,2.0,1.0,0.31330141353745483,0.06289326646398909,0.017517063969116512,0.026248365993545745,4.0,3.0,6.0,5.500333333333334,2.996333333333334,7.3966666666666665,6.951543818014239,4.5216120467414935,10.770438348301447,-3.544359624957114,-3.725259943804172,-8.23992126465328
12,6,1.7142857142857142,2.4423470353692043,-2.844333333333334,"(0, 0, 0, 1, 1, 1, 1, 0, 0, 0, 1, 0, 0, 0, 0, 1, 0, 0, 0, 0, 0, 1, 0, 0, 1)",5.0,8.0,9.0,11.0,6.225666666666666,9.07,10.230666666666666,12.558666666666667,0.0,6.463291508454652,8.451945444814745,11.868395458051676,1.0,2.0,1.0,3.0,0.3721423071707034,0.02176634964616327,0.0913162937766542,0.0040534107005812964,3.0,4.0,6.0,2.844333333333334,4.005,6.333000000000001,6.463291508454652,8.451945444814745,11.868395458051676,-8.838751770132696,-10.86098402359188,-13.519356686568667
12,7,2.0,2.4423470353692043,-3.2893333333333326,"(0, 1, 1, 1, 1, 0, 0, 0, 1, 0, 0, 1, 1, 1, 0, 0, 0, 0, 0, 0, 0, 0, 0, 1, 1)",5.0,8.0,9.0,11.0,5.104,8.393333333333333,9.765,12.013666666666667,0.0,7.249265921625745,7.128736095430277,11.223602272119566,2.0,2.0,6.0,11.0,0.20493390330921812,0.15151625538718408,0.05461404055524115,0.01500146295249316,3.0,4.0,6.0,3.2893333333333326,4.6610000000000005,6.909666666666667,7.249265921625745,7.128736095430277,11.223602272119566,-9.671529617277873,-6.027067936747712,-10.53612783675154
13,0,0.0,2.4423470353692043,-5.433666666666667,"(0, 0, 0, 0, 0, 0, 0, 0, 0, 1, 0, 0, 0, 1, 0, 0, 0, 0, 0, 0, 0, 0, 0, 0, 0)",2.0,7.0,6.0,10.0,2.005333333333333,7.478,7.439,10.148666666666667,0.0,10.25468249740468,9.189629229658735,14.319765608857105,2.0,2.0,2.0,59.0,0.19060111941955576,0.11403815109876608,0.0637454045195152,0.0034838210160288625,5.0,4.0,8.0,5.472666666666667,5.433666666666667,8.143333333333334,10.25468249740468,9.189629229658735,14.319765608857105,-11.679342187291589,-9.173364030681395,-15.084991057284151
13,1,0.2857142857142857,2.4423470353692043,-2.8370000000000006,"(1, 0, 0, 1, 1, 0, 1, 0, 0, 1, 1, 0, 0, 0, 1, 0, 0, 0, 1, 1, 0, 0, 0, 0, 1)",7.0,9.0,10.0,12.0,7.102333333333333,9.939333333333334,11.401,13.799666666666667,0.0,5.569826688538031,7.122698070815055,10.184234354028915,20.0,6.0,2.0,5.0,0.20560685260056577,0.08032311789950042,0.037000114155644005,0.010632077056363298,2.0,3.0,5.0,2.8370000000000006,4.298666666666667,6.697333333333334,5.569826688538031,7.122698070815055,10.184234354028915,-6.674511160928698,-6.897264727711347,-8.516222370521705
13,2,0.5714285714285714,2.4423470353692043,-4.452333333333333,"(0, 0, 0, 0, 0, 0, 0, 0, 0, 0, 0, 0, 0, 0, 0, 0, 0, 1, 0, 0, 1, 0, 0, 0, 0)",3.0,7.0,7.0,11.0,3.104,7.556333333333333,8.070666666666666,12.462666666666667,0.0,7.821385714660981,6.780457408186625,12.929866616812411,3.0,10.0,6.0,8.0,0.30434844146952367,0.0030864044804938774,0.07583940001023419,0.00020946944438083665,4.0,4.0,8.0,4.452333333333333,4.966666666666666,9.358666666666668,7.821385714660981,6.780457408186625,12.929866616812411,-8.22839509553914,-4.429906440331383,-8.722109610949106
13,3,0.8571428571428571,2.4423470353692043,-1.128333333333333,"(1, 0, 0, 0, 1, 1, 0, 0, 0, 1, 1, 0, 0, 0, 1, 0, 0, 0, 0, 0, 1, 0, 0, 0, 1)",4.0,5.0,7.0,10.0,4.054666666666667,5.183,7.266,10.701,0.0,2.913217975193746,6.414946605748985,11.883931498915551,5.0,1.0,1.0,10.0,0.3396653472350382,0.24786550902719623,0.065725893447962,0.11795144486580311,1.0,3.0,6.0,1.128333333333333,3.211333333333333,6.646333333333334,2.913217975193746,6.414946605748985,11.883931498915551,-4.359307713523804,-7.824335378353802,-12.792032352164911
13,4,1.1428571428571428,2.4423470353692043,-3.2410000000000005,"(0, 1, 1, 0, 0, 0, 0, 1, 0, 1, 1, 0, 0, 0, 0, 0, 0, 0, 1, 0, 1, 1, 0, 1, 1)",6.0,9.0,10.0,12.0,6.171,9.412,10.571,13.78,0.0,6.660483894371433,5.436908735435384,9.67405519552957,2.0,2.0,9.0,2.0,0.2965689897612628,0.06495589731050745,0.06283290201185351,0.07401192338198942,3.0,4.0,6.0,3.2410000000000005,4.3999999999999995,7.608999999999999,6.660483894371433,5.436908735435384,9.67405519552957,-8.35156635191081,-2.532490975939043,-5.043581434675421
13,5,1.4285714285714284,2.4423470353692043,-2.996333333333334,"(1, 0, 0, 0, 0, 1, 0, 1, 1, 1, 1, 0, 0, 0, 1, 0, 0, 0, 0, 0, 0, 0, 1, 0, 0)",5.0,9.0,8.0,11.0,5.26,10.760333333333334,8.256333333333334,12.656666666666666,0.0,6.951543818014239,4.5216120467414935,10.770438348301447,1.0,1.0,2.0,1.0,0.31330141353745483,0.06289326646398909,0.017517063969116512,0.026248365993545745,4.0,3.0,6.0,5.500333333333334,2.996333333333334,7.3966666666666665,6.951543818014239,4.5216120467414935,10.770438348301447,-3.544359624957114,-3.725259943804172,-8.23992126465328
13,6,1.7142857142857142,2.4423470353692043,-2.844333333333334,"(0, 0, 0, 1, 1, 1, 1, 0, 0, 0, 1, 0, 0, 0, 0, 1, 0, 0, 0, 0, 0, 1, 0, 0, 1)",5.0,8.0,9.0,11.0,6.225666666666666,9.07,10.230666666666666,12.558666666666667,0.0,6.463291508454652,8.451945444814745,11.868395458051676,1.0,2.0,1.0,3.0,0.3721423071707034,0.02176634964616327,0.0913162937766542,0.0040534107005812964,3.0,4.0,6.0,2.844333333333334,4.005,6.333000000000001,6.463291508454652,8.451945444814745,11.868395458051676,-8.838751770132696,-10.86098402359188,-13.519356686568667
13,7,2.0,2.4423470353692043,-3.2893333333333326,"(0, 1, 1, 1, 1, 0, 0, 0, 1, 0, 0, 1, 1, 1, 0, 0, 0, 0, 0, 0, 0, 0, 0, 1, 1)",5.0,8.0,9.0,11.0,5.104,8.393333333333333,9.765,12.013666666666667,0.0,7.249265921625745,7.128736095430277,11.223602272119566,2.0,2.0,6.0,11.0,0.20493390330921812,0.15151625538718408,0.05461404055524115,0.01500146295249316,3.0,4.0,6.0,3.2893333333333326,4.6610000000000005,6.909666666666667,7.249265921625745,7.128736095430277,11.223602272119566,-9.671529617277873,-6.027067936747712,-10.53612783675154
14,0,0.0,2.4423470353692043,-5.433666666666667,"(0, 0, 0, 0, 0, 0, 0, 0, 0, 1, 0, 0, 0, 1, 0, 0, 0, 0, 0, 0, 0, 0, 0, 0, 0)",2.0,7.0,6.0,10.0,2.005333333333333,7.478,7.439,10.148666666666667,0.0,10.25468249740468,9.189629229658735,14.319765608857105,2.0,2.0,2.0,59.0,0.19060111941955576,0.11403815109876608,0.0637454045195152,0.0034838210160288625,5.0,4.0,8.0,5.472666666666667,5.433666666666667,8.143333333333334,10.25468249740468,9.189629229658735,14.319765608857105,-11.679342187291589,-9.173364030681395,-15.084991057284151
14,1,0.2857142857142857,2.4423470353692043,-2.8370000000000006,"(1, 0, 0, 1, 1, 0, 1, 0, 0, 1, 1, 0, 0, 0, 1, 0, 0, 0, 1, 1, 0, 0, 0, 0, 1)",7.0,9.0,10.0,12.0,7.102333333333333,9.939333333333334,11.401,13.799666666666667,0.0,5.569826688538031,7.122698070815055,10.184234354028915,20.0,6.0,2.0,5.0,0.20560685260056577,0.08032311789950042,0.037000114155644005,0.010632077056363298,2.0,3.0,5.0,2.8370000000000006,4.298666666666667,6.697333333333334,5.569826688538031,7.122698070815055,10.184234354028915,-6.674511160928698,-6.897264727711347,-8.516222370521705
14,2,0.5714285714285714,2.4423470353692043,-4.895333333333333,"(0, 0, 0, 1, 1, 0, 0, 0, 0, 0, 0, 0, 0, 0, 0, 0, 0, 1, 0, 0, 1, 0, 0, 0, 0)",4.0,8.0,8.0,12.0,4.045333333333334,8.940666666666667,9.385333333333334,12.849666666666666,0.0,9.286983896207474,8.072024794868424,13.274359666151238,3.0,13.0,5.0,85.0,0.3291694194675789,0.0011896529527252232,0.09358577112942702,0.0009097890165685077,4.0,4.0,8.0,4.895333333333333,5.34,8.804333333333332,9.286983896207474,8.072024794868424,13.274359666151238,-10.725934732613155,-6.672552658302055,-10.917355561980088
14,3,0.8571428571428571,2.4423470353692043,-1.128333333333333,"(1, 0, 0, 0, 1, 1, 0, 0, 0, 1, 1, 0, 0, 0, 1, 0, 0, 0, 0, 0, 1, 0, 0, 0, 1)",4.0,5.0,7.0,10.0,4.054666666666667,5.183,7.266,10.701,0.0,2.913217975193746,6.414946605748985,11.883931498915551,5.0,1.0,1.0,10.0,0.3396653472350382,0.24786550902719623,0.065725893447962,0.11795144486580311,1.0,3.0,6.0,1.128333333333333,3.211333333333333,6.646333333333334,2.913217975193746,6.414946605748985,11.883931498915551,-4.359307713523804,-7.824335378353802,-12.792032352164911
14,4,1.1428571428571428,2.4423470353692043,-3.2410000000000005,"(0, 1, 1, 0, 0, 0, 0, 1, 0, 1, 1, 0, 0, 0, 0, 0, 0, 0, 1, 0, 1, 1, 0, 1, 1)",6.0,9.0,10.0,12.0,6.171,9.412,10.571,13.78,0.0,6.660483894371433,5.436908735435384,9.67405519552957,2.0,2.0,9.0,2.0,0.2965689897612628,0.06495589731050745,0.06283290201185351,0.07401192338198942,3.0,4.0,6.0,3.2410000000000005,4.3999999999999995,7.608999999999999,6.660483894371433,5.436908735435384,9.67405519552957,-8.35156635191081,-2.532490975939043,-5.043581434675421
14,5,1.4285714285714284,2.4423470353692043,-2.996333333333334,"(1, 0, 0, 0, 0, 1, 0, 1, 1, 1, 1, 0, 0, 0, 1, 0, 0, 0, 0, 0, 0, 0, 1, 0, 0)",5.0,9.0,8.0,11.0,5.26,10.760333333333334,8.256333333333334,12.656666666666666,0.0,6.951543818014239,4.5216120467414935,10.770438348301447,1.0,1.0,2.0,1.0,0.31330141353745483,0.06289326646398909,0.017517063969116512,0.026248365993545745,4.0,3.0,6.0,5.500333333333334,2.996333333333334,7.3966666666666665,6.951543818014239,4.5216120467414935,10.770438348301447,-3.544359624957114,-3.725259943804172,-8.23992126465328
14,6,1.7142857142857142,2.4423470353692043,-2.844333333333334,"(0, 0, 0, 1, 1, 1, 1, 0, 0, 0, 1, 0, 0, 0, 0, 1, 0, 0, 0, 0, 0, 1, 0, 0, 1)",5.0,8.0,9.0,11.0,6.225666666666666,9.07,10.230666666666666,12.558666666666667,0.0,6.463291508454652,8.451945444814745,11.868395458051676,1.0,2.0,1.0,3.0,0.3721423071707034,0.02176634964616327,0.0913162937766542,0.0040534107005812964,3.0,4.0,6.0,2.844333333333334,4.005,6.333000000000001,6.463291508454652,8.451945444814745,11.868395458051676,-8.838751770132696,-10.86098402359188,-13.519356686568667
14,7,2.0,2.4423470353692043,-3.2893333333333326,"(0, 1, 1, 1, 1, 0, 0, 0, 1, 0, 0, 1, 1, 1, 0, 0, 0, 0, 0, 0, 0, 0, 0, 1, 1)",5.0,8.0,9.0,11.0,5.104,8.393333333333333,9.765,12.013666666666667,0.0,7.249265921625745,7.128736095430277,11.223602272119566,2.0,2.0,6.0,11.0,0.20493390330921812,0.15151625538718408,0.05461404055524115,0.01500146295249316,3.0,4.0,6.0,3.2893333333333326,4.6610000000000005,6.909666666666667,7.249265921625745,7.128736095430277,11.223602272119566,-9.671529617277873,-6.027067936747712,-10.53612783675154
15,0,0.0,2.4423470353692043,-5.433666666666667,"(0, 0, 0, 0, 0, 0, 0, 0, 0, 1, 0, 0, 0, 1, 0, 0, 0, 0, 0, 0, 0, 0, 0, 0, 0)",2.0,7.0,6.0,10.0,2.005333333333333,7.478,7.439,10.148666666666667,0.0,10.25468249740468,9.189629229658735,14.319765608857105,2.0,2.0,2.0,59.0,0.19060111941955576,0.11403815109876608,0.0637454045195152,0.0034838210160288625,5.0,4.0,8.0,5.472666666666667,5.433666666666667,8.143333333333334,10.25468249740468,9.189629229658735,14.319765608857105,-11.679342187291589,-9.173364030681395,-15.084991057284151
15,1,0.2857142857142857,2.4423470353692043,-2.8370000000000006,"(1, 0, 0, 1, 1, 0, 1, 0, 0, 1, 1, 0, 0, 0, 1, 0, 0, 0, 1, 1, 0, 0, 0, 0, 1)",7.0,9.0,10.0,12.0,7.102333333333333,9.939333333333334,11.401,13.799666666666667,0.0,5.569826688538031,7.122698070815055,10.184234354028915,20.0,6.0,2.0,5.0,0.20560685260056577,0.08032311789950042,0.037000114155644005,0.010632077056363298,2.0,3.0,5.0,2.8370000000000006,4.298666666666667,6.697333333333334,5.569826688538031,7.122698070815055,10.184234354028915,-6.674511160928698,-6.897264727711347,-8.516222370521705
15,2,0.5714285714285714,2.4423470353692043,-4.895333333333333,"(0, 0, 0, 1, 1, 0, 0, 0, 0, 0, 0, 0, 0, 0, 0, 0, 0, 1, 0, 0, 1, 0, 0, 0, 0)",4.0,8.0,8.0,12.0,4.045333333333334,8.940666666666667,9.385333333333334,12.849666666666666,0.0,9.286983896207474,8.072024794868424,13.274359666151238,3.0,13.0,5.0,85.0,0.3291694194675789,0.0011896529527252232,0.09358577112942702,0.0009097890165685077,4.0,4.0,8.0,4.895333333333333,5.34,8.804333333333332,9.286983896207474,8.072024794868424,13.274359666151238,-10.725934732613155,-6.672552658302055,-10.917355561980088
15,3,0.8571428571428571,2.4423470353692043,-1.128333333333333,"(1, 0, 0, 0, 1, 1, 0, 0, 0, 1, 1, 0, 0, 0, 1, 0, 0, 0, 0, 0, 1, 0, 0, 0, 1)",4.0,5.0,7.0,10.0,4.054666666666667,5.183,7.266,10.701,0.0,2.913217975193746,6.414946605748985,11.883931498915551,5.0,1.0,1.0,10.0,0.3396653472350382,0.24786550902719623,0.065725893447962,0.11795144486580311,1.0,3.0,6.0,1.128333333333333,3.211333333333333,6.646333333333334,2.913217975193746,6.414946605748985,11.883931498915551,-4.359307713523804,-7.824335378353802,-12.792032352164911
15,4,1.1428571428571428,2.4423470353692043,-3.2410000000000005,"(0, 1, 1, 0, 0, 0, 0, 1, 0, 1, 1, 0, 0, 0, 0, 0, 0, 0, 1, 0, 1, 1, 0, 1, 1)",6.0,9.0,10.0,12.0,6.171,9.412,10.571,13.78,0.0,6.660483894371433,5.436908735435384,9.67405519552957,2.0,2.0,9.0,2.0,0.2965689897612628,0.06495589731050745,0.06283290201185351,0.07401192338198942,3.0,4.0,6.0,3.2410000000000005,4.3999999999999995,7.608999999999999,6.660483894371433,5.436908735435384,9.67405519552957,-8.35156635191081,-2.532490975939043,-5.043581434675421
15,5,1.4285714285714284,2.4423470353692043,-2.996333333333334,"(1, 0, 0, 0, 0, 1, 0, 1, 1, 1, 1, 0, 0, 0, 1, 0, 0, 0, 0, 0, 0, 0, 1, 0, 0)",5.0,9.0,8.0,11.0,5.26,10.760333333333334,8.256333333333334,12.656666666666666,0.0,6.951543818014239,4.5216120467414935,10.770438348301447,1.0,1.0,2.0,1.0,0.31330141353745483,0.06289326646398909,0.017517063969116512,0.026248365993545745,4.0,3.0,6.0,5.500333333333334,2.996333333333334,7.3966666666666665,6.951543818014239,4.5216120467414935,10.770438348301447,-3.544359624957114,-3.725259943804172,-8.23992126465328
15,6,1.7142857142857142,2.4423470353692043,-2.844333333333334,"(0, 0, 0, 1, 1, 1, 1, 0, 0, 0, 1, 0, 0, 0, 0, 1, 0, 0, 0, 0, 0, 1, 0, 0, 1)",5.0,8.0,9.0,11.0,6.225666666666666,9.07,10.230666666666666,12.558666666666667,0.0,6.463291508454652,8.451945444814745,11.868395458051676,1.0,2.0,1.0,3.0,0.3721423071707034,0.02176634964616327,0.0913162937766542,0.0040534107005812964,3.0,4.0,6.0,2.844333333333334,4.005,6.333000000000001,6.463291508454652,8.451945444814745,11.868395458051676,-8.838751770132696,-10.86098402359188,-13.519356686568667
15,7,2.0,2.4423470353692043,-3.2893333333333326,"(0, 1, 1, 1, 1, 0, 0, 0, 1, 0, 0, 1, 1, 1, 0, 0, 0, 0, 0, 0, 0, 0, 0, 1, 1)",5.0,8.0,9.0,11.0,5.104,8.393333333333333,9.765,12.013666666666667,0.0,7.249265921625745,7.128736095430277,11.223602272119566,2.0,2.0,6.0,11.0,0.20493390330921812,0.15151625538718408,0.05461404055524115,0.01500146295249316,3.0,4.0,6.0,3.2893333333333326,4.6610000000000005,6.909666666666667,7.249265921625745,7.128736095430277,11.223602272119566,-9.671529617277873,-6.027067936747712,-10.53612783675154
16,0,0.0,2.4423470353692043,-5.433666666666667,"(0, 0, 0, 0, 0, 0, 0, 0, 0, 1, 0, 0, 0, 1, 0, 0, 0, 0, 0, 0, 0, 0, 0, 0, 0)",2.0,7.0,6.0,10.0,2.005333333333333,7.478,7.439,10.148666666666667,0.0,10.25468249740468,9.189629229658735,14.319765608857105,2.0,2.0,2.0,59.0,0.19060111941955576,0.11403815109876608,0.0637454045195152,0.0034838210160288625,5.0,4.0,8.0,5.472666666666667,5.433666666666667,8.143333333333334,10.25468249740468,9.189629229658735,14.319765608857105,-11.679342187291589,-9.173364030681395,-15.084991057284151
16,1,0.2857142857142857,2.4423470353692043,-3.9606666666666674,"(1, 0, 0, 1, 1, 0, 1, 0, 0, 1, 1, 0, 0, 0, 1, 0, 0, 0, 1, 0, 0, 0, 0, 0, 0)",6.0,8.0,9.0,12.0,6.057333333333333,10.018,10.060333333333332,12.676,0.0,5.778973006333484,5.940479988344593,9.8834593166232,5.0,1.0,2.0,33.0,0.20806915922935781,0.045139645696171266,0.03114009922872062,0.043415168649574724,2.0,3.0,6.0,3.9606666666666674,4.002999999999999,6.618666666666667,5.778973006333484,5.940479988344593,9.8834593166232,-4.440935098078278,-4.731998505620578,-7.973756649716509
16,2,0.5714285714285714,2.4423470353692043,-4.895333333333333,"(0, 0, 0, 1, 1, 0, 0, 0, 0, 0, 0, 0, 0, 0, 0, 0, 0, 1, 0, 0, 1, 0, 0, 0, 0)",4.0,8.0,8.0,12.0,4.045333333333334,8.940666666666667,9.385333333333334,12.849666666666666,0.0,9.286983896207474,8.072024794868424,13.274359666151238,3.0,13.0,5.0,85.0,0.3291694194675789,0.0011896529527252232,0.09358577112942702,0.0009097890165685077,4.0,4.0,8.0,4.895333333333333,5.34,8.804333333333332,9.286983896207474,8.072024794868424,13.274359666151238,-10.725934732613155,-6.672552658302055,-10.917355561980088
16,3,0.8571428571428571,2.4423470353692043,-1.128333333333333,"(1, 0, 0, 0, 1, 1, 0, 0, 0, 1, 1, 0, 0, 0, 1, 0, 0, 0, 0, 0, 1, 0, 0, 0, 1)",4.0,5.0,7.0,10.0,4.054666666666667,5.183,7.266,10.701,0.0,2.913217975193746,6.414946605748985,11.883931498915551,5.0,1.0,1.0,10.0,0.3396653472350382,0.24786550902719623,0.065725893447962,0.11795144486580311,1.0,3.0,6.0,1.128333333333333,3.211333333333333,6.646333333333334,2.913217975193746,6.414946605748985,11.883931498915551,-4.359307713523804,-7.824335378353802,-12.792032352164911
16,4,1.1428571428571428,2.4423470353692043,-3.2410000000000005,"(0, 1, 1, 0, 0, 0, 0, 1, 0, 1, 1, 0, 0, 0, 0, 0, 0, 0, 1, 0, 1, 1, 0, 1, 1)",6.0,9.0,10.0,12.0,6.171,9.412,10.571,13.78,0.0,6.660483894371433,5.436908735435384,9.67405519552957,2.0,2.0,9.0,2.0,0.2965689897612628,0.06495589731050745,0.06283290201185351,0.07401192338198942,3.0,4.0,6.0,3.2410000000000005,4.3999999999999995,7.608999999999999,6.660483894371433,5.436908735435384,9.67405519552957,-8.35156635191081,-2.532490975939043,-5.043581434675421
16,5,1.4285714285714284,2.4423470353692043,-2.996333333333334,"(1, 0, 0, 0, 0, 1, 0, 1, 1, 1, 1, 0, 0, 0, 1, 0, 0, 0, 0, 0, 0, 0, 1, 0, 0)",5.0,9.0,8.0,11.0,5.26,10.760333333333334,8.256333333333334,12.656666666666666,0.0,6.951543818014239,4.5216120467414935,10.770438348301447,1.0,1.0,2.0,1.0,0.31330141353745483,0.06289326646398909,0.017517063969116512,0.026248365993545745,4.0,3.0,6.0,5.500333333333334,2.996333333333334,7.3966666666666665,6.951543818014239,4.5216120467414935,10.770438348301447,-3.544359624957114,-3.725259943804172,-8.23992126465328
16,6,1.7142857142857142,2.4423470353692043,-2.844333333333334,"(0, 0, 0, 1, 1, 1, 1, 0, 0, 0, 1, 0, 0, 0, 0, 1, 0, 0, 0, 0, 0, 1, 0, 0, 1)",5.0,8.0,9.0,11.0,6.225666666666666,9.07,10.230666666666666,12.558666666666667,0.0,6.463291508454652,8.451945444814745,11.868395458051676,1.0,2.0,1.0,3.0,0.3721423071707034,0.02176634964616327,0.0913162937766542,0.0040534107005812964,3.0,4.0,6.0,2.844333333333334,4.005,6.333000000000001,6.463291508454652,8.451945444814745,11.868395458051676,-8.838751770132696,-10.86098402359188,-13.519356686568667
16,7,2.0,2.4423470353692043,-3.2893333333333326,"(0, 1, 1, 1, 1, 0, 0, 0, 1, 0, 0, 1, 1, 1, 0, 0, 0, 0, 0, 0, 0, 0, 0, 1, 1)",5.0,8.0,9.0,11.0,5.104,8.393333333333333,9.765,12.013666666666667,0.0,7.249265921625745,7.128736095430277,11.223602272119566,2.0,2.0,6.0,11.0,0.20493390330921812,0.15151625538718408,0.05461404055524115,0.01500146295249316,3.0,4.0,6.0,3.2893333333333326,4.6610000000000005,6.909666666666667,7.249265921625745,7.128736095430277,11.223602272119566,-9.671529617277873,-6.027067936747712,-10.53612783675154
17,0,0.0,2.4423470353692043,-5.433666666666667,"(0, 0, 0, 0, 0, 0, 0, 0, 0, 1, 0, 0, 0, 1, 0, 0, 0, 0, 0, 0, 0, 0, 0, 0, 0)",2.0,7.0,6.0,10.0,2.005333333333333,7.478,7.439,10.148666666666667,0.0,10.25468249740468,9.189629229658735,14.319765608857105,2.0,2.0,2.0,59.0,0.19060111941955576,0.11403815109876608,0.0637454045195152,0.0034838210160288625,5.0,4.0,8.0,5.472666666666667,5.433666666666667,8.143333333333334,10.25468249740468,9.189629229658735,14.319765608857105,-11.679342187291589,-9.173364030681395,-15.084991057284151
17,1,0.2857142857142857,2.4423470353692043,-3.7553333333333327,"(1, 0, 0, 1, 1, 0, 1, 0, 1, 0, 1, 0, 0, 0, 1, 0, 0, 0, 1, 0, 0, 0, 0, 0, 0)",6.0,9.0,11.0,12.0,6.356,10.111333333333333,12.274666666666667,14.394,0.0,5.9752291592200395,5.935310353786395,9.975685054397669,1.0,1.0,39.0,2.0,0.11713882033643672,0.09499507159680542,0.0038361467280088684,0.0022585285899059536,3.0,5.0,6.0,3.7553333333333327,5.918666666666667,8.038,5.9752291592200395,5.935310353786395,9.975685054397669,-5.42175598918287,-0.0406496598944813,-4.732499348087361
17,2,0.5714285714285714,2.4423470353692043,-4.895333333333333,"(0, 0, 0, 1, 1, 0, 0, 0, 0, 0, 0, 0, 0, 0, 0, 0, 0, 1, 0, 0, 1, 0, 0, 0, 0)",4.0,8.0,8.0,12.0,4.045333333333334,8.940666666666667,9.385333333333334,12.849666666666666,0.0,9.286983896207474,8.072024794868424,13.274359666151238,3.0,13.0,5.0,85.0,0.3291694194675789,0.0011896529527252232,0.09358577112942702,0.0009097890165685077,4.0,4.0,8.0,4.895333333333333,5.34,8.804333333333332,9.286983896207474,8.072024794868424,13.274359666151238,-10.725934732613155,-6.672552658302055,-10.917355561980088
17,3,0.8571428571428571,2.4423470353692043,-3.4673333333333334,"(1, 0, 0, 0, 1, 0, 0, 0, 0, 1, 0, 0, 0, 0, 1, 0, 0, 0, 0, 0, 1, 0, 0, 0, 1)",3.0,6.0,7.0,10.0,3.016,6.483333333333333,7.826333333333333,11.210333333333333,0.0,7.019644594517118,7.499877864643906,13.202541094716741,2.0,2.0,2.0,6.0,0.15140307978135883,0.1453994936375186,0.06380530210573393,0.07136539909309111,3.0,4.0,7.0,3.4673333333333334,4.810333333333333,8.194333333333333,7.019644594517118,7.499877864643906,13.202541094716741,-8.675976877460855,-6.568801112539834,-12.231781378527806
17,4,1.1428571428571428,2.4423470353692043,-3.2410000000000005,"(0, 1, 1, 0, 0, 0, 0, 1, 0, 1, 1, 0, 0, 0, 0, 0, 0, 0, 1, 0, 1, 1, 0, 1, 1)",6.0,9.0,10.0,12.0,6.171,9.412,10.571,13.78,0.0,6.660483894371433,5.436908735435384,9.67405519552957,2.0,2.0,9.0,2.0,0.2965689897612628,0.06495589731050745,0.06283290201185351,0.07401192338198942,3.0,4.0,6.0,3.2410000000000005,4.3999999999999995,7.608999999999999,6.660483894371433,5.436908735435384,9.67405519552957,-8.35156635191081,-2.532490975939043,-5.043581434675421
17,5,1.4285714285714284,2.4423470353692043,-2.996333333333334,"(1, 0, 0, 0, 0, 1, 0, 1, 1, 1, 1, 0, 0, 0, 1, 0, 0, 0, 0, 0, 0, 0, 1, 0, 0)",5.0,9.0,8.0,11.0,5.26,10.760333333333334,8.256333333333334,12.656666666666666,0.0,6.951543818014239,4.5216120467414935,10.770438348301447,1.0,1.0,2.0,1.0,0.31330141353745483,0.06289326646398909,0.017517063969116512,0.026248365993545745,4.0,3.0,6.0,5.500333333333334,2.996333333333334,7.3966666666666665,6.951543818014239,4.5216120467414935,10.770438348301447,-3.544359624957114,-3.725259943804172,-8.23992126465328
17,6,1.7142857142857142,2.4423470353692043,-2.844333333333334,"(0, 0, 0, 1, 1, 1, 1, 0, 0, 0, 1, 0, 0, 0, 0, 1, 0, 0, 0, 0, 0, 1, 0, 0, 1)",5.0,8.0,9.0,11.0,6.225666666666666,9.07,10.230666666666666,12.558666666666667,0.0,6.463291508454652,8.451945444814745,11.868395458051676,1.0,2.0,1.0,3.0,0.3721423071707034,0.02176634964616327,0.0913162937766542,0.0040534107005812964,3.0,4.0,6.0,2.844333333333334,4.005,6.333000000000001,6.463291508454652,8.451945444814745,11.868395458051676,-8.838751770132696,-10.86098402359188,-13.519356686568667
17,7,2.0,2.4423470353692043,-3.2893333333333326,"(0, 1, 1, 1, 1, 0, 0, 0, 1, 0, 0, 1, 1, 1, 0, 0, 0, 0, 0, 0, 0, 0, 0, 1, 1)",5.0,8.0,9.0,11.0,5.104,8.393333333333333,9.765,12.013666666666667,0.0,7.249265921625745,7.128736095430277,11.223602272119566,2.0,2.0,6.0,11.0,0.20493390330921812,0.15151625538718408,0.05461404055524115,0.01500146295249316,3.0,4.0,6.0,3.2893333333333326,4.6610000000000005,6.909666666666667,7.249265921625745,7.128736095430277,11.223602272119566,-9.671529617277873,-6.027067936747712,-10.53612783675154
18,0,0.0,2.4423470353692043,-5.433666666666667,"(0, 0, 0, 0, 0, 0, 0, 0, 0, 1, 0, 0, 0, 1, 0, 0, 0, 0, 0, 0, 0, 0, 0, 0, 0)",2.0,7.0,6.0,10.0,2.005333333333333,7.478,7.439,10.148666666666667,0.0,10.25468249740468,9.189629229658735,14.319765608857105,2.0,2.0,2.0,59.0,0.19060111941955576,0.11403815109876608,0.0637454045195152,0.0034838210160288625,5.0,4.0,8.0,5.472666666666667,5.433666666666667,8.143333333333334,10.25468249740468,9.189629229658735,14.319765608857105,-11.679342187291589,-9.173364030681395,-15.084991057284151
18,1,0.2857142857142857,2.4423470353692043,-3.7553333333333327,"(1, 0, 0, 1, 1, 0, 1, 0, 1, 0, 1, 0, 0, 0, 1, 0, 0, 0, 1, 0, 0, 0, 0, 0, 0)",6.0,9.0,11.0,12.0,6.356,10.111333333333333,12.274666666666667,14.394,0.0,5.9752291592200395,5.935310353786395,9.975685054397669,1.0,1.0,39.0,2.0,0.11713882033643672,0.09499507159680542,0.0038361467280088684,0.0022585285899059536,3.0,5.0,6.0,3.7553333333333327,5.918666666666667,8.038,5.9752291592200395,5.935310353786395,9.975685054397669,-5.42175598918287,-0.0406496598944813,-4.732499348087361
18,2,0.5714285714285714,2.4423470353692043,-4.895333333333333,"(0, 0, 0, 1, 1, 0, 0, 0, 0, 0, 0, 0, 0, 0, 0, 0, 0, 1, 0, 0, 1, 0, 0, 0, 0)",4.0,8.0,8.0,12.0,4.045333333333334,8.940666666666667,9.385333333333334,12.849666666666666,0.0,9.286983896207474,8.072024794868424,13.274359666151238,3.0,13.0,5.0,85.0,0.3291694194675789,0.0011896529527252232,0.09358577112942702,0.0009097890165685077,4.0,4.0,8.0,4.895333333333333,5.34,8.804333333333332,9.286983896207474,8.072024794868424,13.274359666151238,-10.725934732613155,-6.672552658302055,-10.917355561980088
18,3,0.8571428571428571,2.4423470353692043,-3.4673333333333334,"(1, 0, 0, 0, 1, 0, 0, 0, 0, 1, 0, 0, 0, 0, 1, 0, 0, 0, 0, 0, 1, 0, 0, 0, 1)",3.0,6.0,7.0,10.0,3.016,6.483333333333333,7.826333333333333,11.210333333333333,0.0,7.019644594517118,7.499877864643906,13.202541094716741,2.0,2.0,2.0,6.0,0.15140307978135883,0.1453994936375186,0.06380530210573393,0.07136539909309111,3.0,4.0,7.0,3.4673333333333334,4.810333333333333,8.194333333333333,7.019644594517118,7.499877864643906,13.202541094716741,-8.675976877460855,-6.568801112539834,-12.231781378527806
18,4,1.1428571428571428,2.4423470353692043,-3.2410000000000005,"(0, 1, 1, 0, 0, 0, 0, 1, 0, 1, 1, 0, 0, 0, 0, 0, 0, 0, 1, 0, 1, 1, 0, 1, 1)",6.0,9.0,10.0,12.0,6.171,9.412,10.571,13.78,0.0,6.660483894371433,5.436908735435384,9.67405519552957,2.0,2.0,9.0,2.0,0.2965689897612628,0.06495589731050745,0.06283290201185351,0.07401192338198942,3.0,4.0,6.0,3.2410000000000005,4.3999999999999995,7.608999999999999,6.660483894371433,5.436908735435384,9.67405519552957,-8.35156635191081,-2.532490975939043,-5.043581434675421
18,5,1.4285714285714284,2.4423470353692043,-2.996333333333334,"(1, 0, 0, 0, 0, 1, 0, 1, 1, 1, 1, 0, 0, 0, 1, 0, 0, 0, 0, 0, 0, 0, 1, 0, 0)",5.0,9.0,8.0,11.0,5.26,10.760333333333334,8.256333333333334,12.656666666666666,0.0,6.951543818014239,4.5216120467414935,10.770438348301447,1.0,1.0,2.0,1.0,0.31330141353745483,0.06289326646398909,0.017517063969116512,0.026248365993545745,4.0,3.0,6.0,5.500333333333334,2.996333333333334,7.3966666666666665,6.951543818014239,4.5216120467414935,10.770438348301447,-3.544359624957114,-3.725259943804172,-8.23992126465328
18,6,1.7142857142857142,2.4423470353692043,-2.844333333333334,"(0, 0, 0, 1, 1, 1, 1, 0, 0, 0, 1, 0, 0, 0, 0, 1, 0, 0, 0, 0, 0, 1, 0, 0, 1)",5.0,8.0,9.0,11.0,6.225666666666666,9.07,10.230666666666666,12.558666666666667,0.0,6.463291508454652,8.451945444814745,11.868395458051676,1.0,2.0,1.0,3.0,0.3721423071707034,0.02176634964616327,0.0913162937766542,0.0040534107005812964,3.0,4.0,6.0,2.844333333333334,4.005,6.333000000000001,6.463291508454652,8.451945444814745,11.868395458051676,-8.838751770132696,-10.86098402359188,-13.519356686568667
18,7,2.0,2.4423470353692043,-3.2893333333333326,"(0, 1, 1, 1, 1, 0, 0, 0, 1, 0, 0, 1, 1, 1, 0, 0, 0, 0, 0, 0, 0, 0, 0, 1, 1)",5.0,8.0,9.0,11.0,5.104,8.393333333333333,9.765,12.013666666666667,0.0,7.249265921625745,7.128736095430277,11.223602272119566,2.0,2.0,6.0,11.0,0.20493390330921812,0.15151625538718408,0.05461404055524115,0.01500146295249316,3.0,4.0,6.0,3.2893333333333326,4.6610000000000005,6.909666666666667,7.249265921625745,7.128736095430277,11.223602272119566,-9.671529617277873,-6.027067936747712,-10.53612783675154
19,0,0.0,2.4423470353692043,-5.350666666666666,"(0, 0, 0, 0, 0, 0, 0, 0, 0, 0, 0, 0, 0, 1, 1, 0, 0, 0, 0, 0, 0, 0, 0, 0, 0)",1.0,6.0,6.0,10.0,1.1106666666666667,6.4783333333333335,6.461333333333333,11.108666666666666,0.0,8.57570459653476,9.705222257419813,15.135495950075775,1.0,2.0,2.0,44.0,0.31612484259591356,0.06223973566513253,0.00020758023923039007,0.05838040293068974,5.0,5.0,9.0,5.367666666666667,5.350666666666666,9.998,8.57570459653476,9.705222257419813,15.135495950075775,-7.835141927365296,-10.63533593742634,-12.547548002888865
19,1,0.2857142857142857,2.4423470353692043,-3.7553333333333327,"(1, 0, 0, 1, 1, 0, 1, 0, 1, 0, 1, 0, 0, 0, 1, 0, 0, 0, 1, 0, 0, 0, 0, 0, 0)",6.0,9.0,11.0,12.0,6.356,10.111333333333333,12.274666666666667,14.394,0.0,5.9752291592200395,5.935310353786395,9.975685054397669,1.0,1.0,39.0,2.0,0.11713882033643672,0.09499507159680542,0.0038361467280088684,0.0022585285899059536,3.0,5.0,6.0,3.7553333333333327,5.918666666666667,8.038,5.9752291592200395,5.935310353786395,9.975685054397669,-5.42175598918287,-0.0406496598944813,-4.732499348087361
19,2,0.5714285714285714,2.4423470353692043,-4.895333333333333,"(0, 0, 0, 1, 1, 0, 0, 0, 0, 0, 0, 0, 0, 0, 0, 0, 0, 1, 0, 0, 1, 0, 0, 0, 0)",4.0,8.0,8.0,12.0,4.045333333333334,8.940666666666667,9.385333333333334,12.849666666666666,0.0,9.286983896207474,8.072024794868424,13.274359666151238,3.0,13.0,5.0,85.0,0.3291694194675789,0.0011896529527252232,0.09358577112942702,0.0009097890165685077,4.0,4.0,8.0,4.895333333333333,5.34,8.804333333333332,9.286983896207474,8.072024794868424,13.274359666151238,-10.725934732613155,-6.672552658302055,-10.917355561980088
19,3,0.8571428571428571,2.4423470353692043,-3.4673333333333334,"(1, 0, 0, 0, 1, 0, 0, 0, 0, 1, 0, 0, 0, 0, 1, 0, 0, 0, 0, 0, 1, 0, 0, 0, 1)",3.0,6.0,7.0,10.0,3.016,6.483333333333333,7.826333333333333,11.210333333333333,0.0,7.019644594517118,7.499877864643906,13.202541094716741,2.0,2.0,2.0,6.0,0.15140307978135883,0.1453994936375186,0.06380530210573393,0.07136539909309111,3.0,4.0,7.0,3.4673333333333334,4.810333333333333,8.194333333333333,7.019644594517118,7.499877864643906,13.202541094716741,-8.675976877460855,-6.568801112539834,-12.231781378527806
19,4,1.1428571428571428,2.4423470353692043,-4.130666666666667,"(0, 0, 1, 0, 0, 0, 0, 1, 0, 1, 1, 0, 0, 0, 0, 0, 0, 0, 1, 0, 1, 0, 0, 1, 1)",5.0,8.0,9.0,12.0,5.265,10.537,9.395666666666667,13.407,0.0,7.3635813314756655,7.526214506841973,10.844224365958885,2.0,2.0,8.0,19.0,0.2738965897818931,0.14818475565807745,0.006788116651137755,0.014856412704105931,3.0,4.0,7.0,5.272000000000001,4.130666666666667,8.142,7.3635813314756655,7.526214506841973,10.844224365958885,-5.108367464163162,-8.293106200906463,-6.599769669102112
19,5,1.4285714285714284,2.4423470353692043,-2.996333333333334,"(1, 0, 0, 0, 0, 1, 0, 1, 1, 1, 1, 0, 0, 0, 1, 0, 0, 0, 0, 0, 0, 0, 1, 0, 0)",5.0,9.0,8.0,11.0,5.26,10.760333333333334,8.256333333333334,12.656666666666666,0.0,6.951543818014239,4.5216120467414935,10.770438348301447,1.0,1.0,2.0,1.0,0.31330141353745483,0.06289326646398909,0.017517063969116512,0.026248365993545745,4.0,3.0,6.0,5.500333333333334,2.996333333333334,7.3966666666666665,6.951543818014239,4.5216120467414935,10.770438348301447,-3.544359624957114,-3.725259943804172,-8.23992126465328
19,6,1.7142857142857142,2.4423470353692043,-2.844333333333334,"(0, 0, 0, 1, 1, 1, 1, 0, 0, 0, 1, 0, 0, 0, 0, 1, 0, 0, 0, 0, 0, 1, 0, 0, 1)",5.0,8.0,9.0,11.0,6.225666666666666,9.07,10.230666666666666,12.558666666666667,0.0,6.463291508454652,8.451945444814745,11.868395458051676,1.0,2.0,1.0,3.0,0.3721423071707034,0.02176634964616327,0.0913162937766542,0.0040534107005812964,3.0,4.0,6.0,2.844333333333334,4.005,6.333000000000001,6.463291508454652,8.451945444814745,11.868395458051676,-8.838751770132696,-10.86098402359188,-13.519356686568667
19,7,2.0,2.4423470353692043,-3.2893333333333326,"(0, 1, 1, 1, 1, 0, 0, 0, 1, 0, 0, 1, 1, 1, 0, 0, 0, 0, 0, 0, 0, 0, 0, 1, 1)",5.0,8.0,9.0,11.0,5.104,8.393333333333333,9.765,12.013666666666667,0.0,7.249265921625745,7.128736095430277,11.223602272119566,2.0,2.0,6.0,11.0,0.20493390330921812,0.15151625538718408,0.05461404055524115,0.01500146295249316,3.0,4.0,6.0,3.2893333333333326,4.6610000000000005,6.909666666666667,7.249265921625745,7.128736095430277,11.223602272119566,-9.671529617277873,-6.027067936747712,-10.53612783675154
20,0,0.0,2.4423470353692043,-5.350666666666666,"(0, 0, 0, 0, 0, 0, 0, 0, 0, 0, 0, 0, 0, 1, 1, 0, 0, 0, 0, 0, 0, 0, 0, 0, 0)",1.0,6.0,6.0,10.0,1.1106666666666667,6.4783333333333335,6.461333333333333,11.108666666666666,0.0,8.57570459653476,9.705222257419813,15.135495950075775,1.0,2.0,2.0,44.0,0.31612484259591356,0.06223973566513253,0.00020758023923039007,0.05838040293068974,5.0,5.0,9.0,5.367666666666667,5.350666666666666,9.998,8.57570459653476,9.705222257419813,15.135495950075775,-7.835141927365296,-10.63533593742634,-12.547548002888865
20,1,0.2857142857142857,2.4423470353692043,-4.895333333333333,"(0, 0, 0, 1, 1, 0, 0, 0, 0, 0, 0, 0, 0, 0, 0, 0, 0, 1, 0, 0, 1, 0, 0, 0, 0)",4.0,8.0,8.0,12.0,4.045333333333334,8.940666666666667,9.385333333333334,12.849666666666666,0.0,9.286983896207474,8.072024794868424,13.274359666151238,3.0,13.0,5.0,85.0,0.3291694194675789,0.0011896529527252232,0.09358577112942702,0.0009097890165685077,4.0,4.0,8.0,4.895333333333333,5.34,8.804333333333332,9.286983896207474,8.072024794868424,13.274359666151238,-10.725934732613155,-6.672552658302055,-10.917355561980088
20,2,0.5714285714285714,2.4423470353692043,-3.4673333333333334,"(1, 0, 0, 0, 1, 0, 0, 0, 0, 1, 0, 0, 0, 0, 1, 0, 0, 0, 0, 0, 1, 0, 0, 0, 1)",3.0,6.0,7.0,10.0,3.016,6.483333333333333,7.826333333333333,11.210333333333333,0.0,7.019644594517118,7.499877864643906,13.202541094716741,2.0,2.0,2.0,6.0,0.15140307978135883,0.1453994936375186,0.06380530210573393,0.07136539909309111,3.0,4.0,7.0,3.4673333333333334,4.810333333333333,8.194333333333333,7.019644594517118,7.499877864643906,13.202541094716741,-8.675976877460855,-6.568801112539834,-12.231781378527806
20,3,0.8571428571428571,2.4423470353692043,-2.8869999999999996,"(0, 0, 1, 0, 0, 0, 0, 1, 0, 1, 1, 0, 0, 0, 0, 0, 0, 0, 0, 0, 1, 0, 0, 0, 1)",4.0,7.0,8.0,10.0,4.343333333333334,7.230333333333333,8.265666666666666,10.974333333333334,0.0,7.584070994390939,9.038312262222968,13.13967779574527,2.0,2.0,6.0,6.0,0.27823516413219745,0.2445082642935521,0.004244253762095598,0.005634927278408191,3.0,4.0,6.0,2.8869999999999996,3.9223333333333326,6.631,7.584070994390939,9.038312262222968,13.13967779574527,-11.471877418069392,-12.494995969984918,-15.896449918611825
20,4,1.1428571428571428,2.4423470353692043,-2.996333333333334,"(1, 0, 0, 0, 0, 1, 0, 1, 1, 1, 1, 0, 0, 0, 1, 0, 0, 0, 0, 0, 0, 0, 1, 0, 0)",5.0,9.0,8.0,11.0,5.26,10.760333333333334,8.256333333333334,12.656666666666666,0.0,6.951543818014239,4.5216120467414935,10.770438348301447,1.0,1.0,2.0,1.0,0.31330141353745483,0.06289326646398909,0.017517063969116512,0.026248365993545745,4.0,3.0,6.0,5.500333333333334,2.996333333333334,7.3966666666666665,6.951543818014239,4.5216120467414935,10.770438348301447,-3.544359624957114,-3.725259943804172,-8.23992126465328
20,5,1.4285714285714284,2.4423470353692043,-2.844333333333334,"(0, 0, 0, 1, 1, 1, 1, 0, 0, 0, 1, 0, 0, 0, 0, 1, 0, 0, 0, 0, 0, 1, 0, 0, 1)",5.0,8.0,9.0,11.0,6.225666666666666,9.07,10.230666666666666,12.558666666666667,0.0,6.463291508454652,8.451945444814745,11.868395458051676,1.0,2.0,1.0,3.0,0.3721423071707034,0.02176634964616327,0.0913162937766542,0.0040534107005812964,3.0,4.0,6.0,2.844333333333334,4.005,6.333000000000001,6.463291508454652,8.451945444814745,11.868395458051676,-8.838751770132696,-10.86098402359188,-13.519356686568667
20,6,1.7142857142857142,2.4423470353692043,-3.2893333333333326,"(0, 1, 1, 1, 1, 0, 0, 0, 1, 0, 0, 1, 1, 1, 0, 0, 0, 0, 0, 0, 0, 0, 0, 1, 1)",5.0,8.0,9.0,11.0,5.104,8.393333333333333,9.765,12.013666666666667,0.0,7.249265921625745,7.128736095430277,11.223602272119566,2.0,2.0,6.0,11.0,0.20493390330921812,0.15151625538718408,0.05461404055524115,0.01500146295249316,3.0,4.0,6.0,3.2893333333333326,4.6610000000000005,6.909666666666667,7.249265921625745,7.128736095430277,11.223602272119566,-9.671529617277873,-6.027067936747712,-10.53612783675154
20,7,2.0,2.4423470353692043,-3.7553333333333327,"(1, 0, 0, 1, 1, 0, 1, 0, 1, 0, 1, 0, 0, 0, 1, 0, 0, 0, 1, 0, 0, 0, 0, 0, 0)",6.0,9.0,11.0,12.0,6.356,10.111333333333333,12.274666666666667,14.394,0.0,5.9752291592200395,5.935310353786395,9.975685054397669,1.0,1.0,39.0,2.0,0.11713882033643672,0.09499507159680542,0.0038361467280088684,0.0022585285899059536,3.0,5.0,6.0,3.7553333333333327,5.918666666666667,8.038,5.9752291592200395,5.935310353786395,9.975685054397669,-5.42175598918287,-0.0406496598944813,-4.732499348087361
21,0,0.0,2.4423470353692043,-5.350666666666666,"(0, 0, 0, 0, 0, 0, 0, 0, 0, 0, 0, 0, 0, 1, 1, 0, 0, 0, 0, 0, 0, 0, 0, 0, 0)",1.0,6.0,6.0,10.0,1.1106666666666667,6.4783333333333335,6.461333333333333,11.108666666666666,0.0,8.57570459653476,9.705222257419813,15.135495950075775,1.0,2.0,2.0,44.0,0.31612484259591356,0.06223973566513253,0.00020758023923039007,0.05838040293068974,5.0,5.0,9.0,5.367666666666667,5.350666666666666,9.998,8.57570459653476,9.705222257419813,15.135495950075775,-7.835141927365296,-10.63533593742634,-12.547548002888865
21,1,0.2857142857142857,2.4423470353692043,-4.027666666666667,"(0, 0, 0, 1, 1, 0, 0, 0, 0, 0, 0, 0, 0, 0, 0, 0, 1, 1, 0, 0, 1, 1, 0, 0, 0)",3.0,7.0,8.0,10.0,3.2706666666666666,7.298333333333333,8.460333333333333,11.603666666666667,0.0,7.1780307997608075,8.517373208173357,12.292956784366687,1.0,2.0,3.0,6.0,0.5157592509591344,0.006708574300178897,0.09797320621178061,0.0017285446525997698,4.0,5.0,7.0,4.027666666666667,5.189666666666666,8.333,7.1780307997608075,8.517373208173357,12.292956784366687,-7.694282500795948,-8.127414206227575,-9.671588712488147
21,2,0.5714285714285714,2.4423470353692043,-3.2766666666666664,"(1, 0, 0, 0, 1, 0, 0, 0, 0, 1, 0, 0, 0, 0, 1, 0, 0, 1, 0, 0, 1, 0, 1, 0, 1)",4.0,7.0,7.0,10.0,4.009333333333333,7.286,8.437,11.3,0.0,7.597341079949781,6.918829936334934,12.649132393691362,2.0,2.0,1.0,3.0,0.1744195885581982,0.11860340147576945,0.05537493197000698,0.06167080231276512,3.0,3.0,6.0,3.2766666666666664,4.427666666666666,7.2906666666666675,7.597341079949781,6.918829936334934,12.649132393691362,-10.552586344077591,-6.084285226294947,-13.08723288252625
21,3,0.8571428571428571,2.4423470353692043,-2.8869999999999996,"(0, 0, 1, 0, 0, 0, 0, 1, 0, 1, 1, 0, 0, 0, 0, 0, 0, 0, 0, 0, 1, 0, 0, 0, 1)",4.0,7.0,8.0,10.0,4.343333333333334,7.230333333333333,8.265666666666666,10.974333333333334,0.0,7.584070994390939,9.038312262222968,13.13967779574527,2.0,2.0,6.0,6.0,0.27823516413219745,0.2445082642935521,0.004244253762095598,0.005634927278408191,3.0,4.0,6.0,2.8869999999999996,3.9223333333333326,6.631,7.584070994390939,9.038312262222968,13.13967779574527,-11.471877418069392,-12.494995969984918,-15.896449918611825
21,4,1.1428571428571428,2.4423470353692043,-2.996333333333334,"(1, 0, 0, 0, 0, 1, 0, 1, 1, 1, 1, 0, 0, 0, 1, 0, 0, 0, 0, 0, 0, 0, 1, 0, 0)",5.0,9.0,8.0,11.0,5.26,10.760333333333334,8.256333333333334,12.656666666666666,0.0,6.951543818014239,4.5216120467414935,10.770438348301447,1.0,1.0,2.0,1.0,0.31330141353745483,0.06289326646398909,0.017517063969116512,0.026248365993545745,4.0,3.0,6.0,5.500333333333334,2.996333333333334,7.3966666666666665,6.951543818014239,4.5216120467414935,10.770438348301447,-3.544359624957114,-3.725259943804172,-8.23992126465328
21,5,1.4285714285714284,2.4423470353692043,-2.844333333333334,"(0, 0, 0, 1, 1, 1, 1, 0, 0, 0, 1, 0, 0, 0, 0, 1, 0, 0, 0, 0, 0, 1, 0, 0, 1)",5.0,8.0,9.0,11.0,6.225666666666666,9.07,10.230666666666666,12.558666666666667,0.0,6.463291508454652,8.451945444814745,11.868395458051676,1.0,2.0,1.0,3.0,0.3721423071707034,0.02176634964616327,0.0913162937766542,0.0040534107005812964,3.0,4.0,6.0,2.844333333333334,4.005,6.333000000000001,6.463291508454652,8.451945444814745,11.868395458051676,-8.838751770132696,-10.86098402359188,-13.519356686568667
21,6,1.7142857142857142,2.4423470353692043,-3.2893333333333326,"(0, 1, 1, 1, 1, 0, 0, 0, 1, 0, 0, 1, 1, 1, 0, 0, 0, 0, 0, 0, 0, 0, 0, 1, 1)",5.0,8.0,9.0,11.0,5.104,8.393333333333333,9.765,12.013666666666667,0.0,7.249265921625745,7.128736095430277,11.223602272119566,2.0,2.0,6.0,11.0,0.20493390330921812,0.15151625538718408,0.05461404055524115,0.01500146295249316,3.0,4.0,6.0,3.2893333333333326,4.6610000000000005,6.909666666666667,7.249265921625745,7.128736095430277,11.223602272119566,-9.671529617277873,-6.027067936747712,-10.53612783675154
21,7,2.0,2.4423470353692043,-3.7553333333333327,"(1, 0, 0, 1, 1, 0, 1, 0, 1, 0, 1, 0, 0, 0, 1, 0, 0, 0, 1, 0, 0, 0, 0, 0, 0)",6.0,9.0,11.0,12.0,6.356,10.111333333333333,12.274666666666667,14.394,0.0,5.9752291592200395,5.935310353786395,9.975685054397669,1.0,1.0,39.0,2.0,0.11713882033643672,0.09499507159680542,0.0038361467280088684,0.0022585285899059536,3.0,5.0,6.0,3.7553333333333327,5.918666666666667,8.038,5.9752291592200395,5.935310353786395,9.975685054397669,-5.42175598918287,-0.0406496598944813,-4.732499348087361
22,0,0.0,2.4423470353692043,-5.350666666666666,"(0, 0, 0, 0, 0, 0, 0, 0, 0, 0, 0, 0, 0, 1, 1, 0, 0, 0, 0, 0, 0, 0, 0, 0, 0)",1.0,6.0,6.0,10.0,1.1106666666666667,6.4783333333333335,6.461333333333333,11.108666666666666,0.0,8.57570459653476,9.705222257419813,15.135495950075775,1.0,2.0,2.0,44.0,0.31612484259591356,0.06223973566513253,0.00020758023923039007,0.05838040293068974,5.0,5.0,9.0,5.367666666666667,5.350666666666666,9.998,8.57570459653476,9.705222257419813,15.135495950075775,-7.835141927365296,-10.63533593742634,-12.547548002888865
22,1,0.2857142857142857,2.4423470353692043,-4.027666666666667,"(0, 0, 0, 1, 1, 0, 0, 0, 0, 0, 0, 0, 0, 0, 0, 0, 1, 1, 0, 0, 1, 1, 0, 0, 0)",3.0,7.0,8.0,10.0,3.2706666666666666,7.298333333333333,8.460333333333333,11.603666666666667,0.0,7.1780307997608075,8.517373208173357,12.292956784366687,1.0,2.0,3.0,6.0,0.5157592509591344,0.006708574300178897,0.09797320621178061,0.0017285446525997698,4.0,5.0,7.0,4.027666666666667,5.189666666666666,8.333,7.1780307997608075,8.517373208173357,12.292956784366687,-7.694282500795948,-8.127414206227575,-9.671588712488147
22,2,0.5714285714285714,2.4423470353692043,-3.2766666666666664,"(1, 0, 0, 0, 1, 0, 0, 0, 0, 1, 0, 0, 0, 0, 1, 0, 0, 1, 0, 0, 1, 0, 1, 0, 1)",4.0,7.0,7.0,10.0,4.009333333333333,7.286,8.437,11.3,0.0,7.597341079949781,6.918829936334934,12.649132393691362,2.0,2.0,1.0,3.0,0.1744195885581982,0.11860340147576945,0.05537493197000698,0.06167080231276512,3.0,3.0,6.0,3.2766666666666664,4.427666666666666,7.2906666666666675,7.597341079949781,6.918829936334934,12.649132393691362,-10.552586344077591,-6.084285226294947,-13.08723288252625
22,3,0.8571428571428571,2.4423470353692043,-2.8869999999999996,"(0, 0, 1, 0, 0, 0, 0, 1, 0, 1, 1, 0, 0, 0, 0, 0, 0, 0, 0, 0, 1, 0, 0, 0, 1)",4.0,7.0,8.0,10.0,4.343333333333334,7.230333333333333,8.265666666666666,10.974333333333334,0.0,7.584070994390939,9.038312262222968,13.13967779574527,2.0,2.0,6.0,6.0,0.27823516413219745,0.2445082642935521,0.004244253762095598,0.005634927278408191,3.0,4.0,6.0,2.8869999999999996,3.9223333333333326,6.631,7.584070994390939,9.038312262222968,13.13967779574527,-11.471877418069392,-12.494995969984918,-15.896449918611825
22,4,1.1428571428571428,2.4423470353692043,-2.996333333333334,"(1, 0, 0, 0, 0, 1, 0, 1, 1, 1, 1, 0, 0, 0, 1, 0, 0, 0, 0, 0, 0, 0, 1, 0, 0)",5.0,9.0,8.0,11.0,5.26,10.760333333333334,8.256333333333334,12.656666666666666,0.0,6.951543818014239,4.5216120467414935,10.770438348301447,1.0,1.0,2.0,1.0,0.31330141353745483,0.06289326646398909,0.017517063969116512,0.026248365993545745,4.0,3.0,6.0,5.500333333333334,2.996333333333334,7.3966666666666665,6.951543818014239,4.5216120467414935,10.770438348301447,-3.544359624957114,-3.725259943804172,-8.23992126465328
22,5,1.4285714285714284,2.4423470353692043,-2.844333333333334,"(0, 0, 0, 1, 1, 1, 1, 0, 0, 0, 1, 0, 0, 0, 0, 1, 0, 0, 0, 0, 0, 1, 0, 0, 1)",5.0,8.0,9.0,11.0,6.225666666666666,9.07,10.230666666666666,12.558666666666667,0.0,6.463291508454652,8.451945444814745,11.868395458051676,1.0,2.0,1.0,3.0,0.3721423071707034,0.02176634964616327,0.0913162937766542,0.0040534107005812964,3.0,4.0,6.0,2.844333333333334,4.005,6.333000000000001,6.463291508454652,8.451945444814745,11.868395458051676,-8.838751770132696,-10.86098402359188,-13.519356686568667
22,6,1.7142857142857142,2.4423470353692043,-3.2893333333333326,"(0, 1, 1, 1, 1, 0, 0, 0, 1, 0, 0, 1, 1, 1, 0, 0, 0, 0, 0, 0, 0, 0, 0, 1, 1)",5.0,8.0,9.0,11.0,5.104,8.393333333333333,9.765,12.013666666666667,0.0,7.249265921625745,7.128736095430277,11.223602272119566,2.0,2.0,6.0,11.0,0.20493390330921812,0.15151625538718408,0.05461404055524115,0.01500146295249316,3.0,4.0,6.0,3.2893333333333326,4.6610000000000005,6.909666666666667,7.249265921625745,7.128736095430277,11.223602272119566,-9.671529617277873,-6.027067936747712,-10.53612783675154
22,7,2.0,2.4423470353692043,-3.7553333333333327,"(1, 0, 0, 1, 1, 0, 1, 0, 1, 0, 1, 0, 0, 0, 1, 0, 0, 0, 1, 0, 0, 0, 0, 0, 0)",6.0,9.0,11.0,12.0,6.356,10.111333333333333,12.274666666666667,14.394,0.0,5.9752291592200395,5.935310353786395,9.975685054397669,1.0,1.0,39.0,2.0,0.11713882033643672,0.09499507159680542,0.0038361467280088684,0.0022585285899059536,3.0,5.0,6.0,3.7553333333333327,5.918666666666667,8.038,5.9752291592200395,5.935310353786395,9.975685054397669,-5.42175598918287,-0.0406496598944813,-4.732499348087361
23,0,0.0,2.4423470353692043,-5.350666666666666,"(0, 0, 0, 0, 0, 0, 0, 0, 0, 0, 0, 0, 0, 1, 1, 0, 0, 0, 0, 0, 0, 0, 0, 0, 0)",1.0,6.0,6.0,10.0,1.1106666666666667,6.4783333333333335,6.461333333333333,11.108666666666666,0.0,8.57570459653476,9.705222257419813,15.135495950075775,1.0,2.0,2.0,44.0,0.31612484259591356,0.06223973566513253,0.00020758023923039007,0.05838040293068974,5.0,5.0,9.0,5.367666666666667,5.350666666666666,9.998,8.57570459653476,9.705222257419813,15.135495950075775,-7.835141927365296,-10.63533593742634,-12.547548002888865
23,1,0.2857142857142857,2.4423470353692043,-4.027666666666667,"(0, 0, 0, 1, 1, 0, 0, 0, 0, 0, 0, 0, 0, 0, 0, 0, 1, 1, 0, 0, 1, 1, 0, 0, 0)",3.0,7.0,8.0,10.0,3.2706666666666666,7.298333333333333,8.460333333333333,11.603666666666667,0.0,7.1780307997608075,8.517373208173357,12.292956784366687,1.0,2.0,3.0,6.0,0.5157592509591344,0.006708574300178897,0.09797320621178061,0.0017285446525997698,4.0,5.0,7.0,4.027666666666667,5.189666666666666,8.333,7.1780307997608075,8.517373208173357,12.292956784366687,-7.694282500795948,-8.127414206227575,-9.671588712488147
23,2,0.5714285714285714,2.4423470353692043,-3.2766666666666664,"(1, 0, 0, 0, 1, 0, 0, 0, 0, 1, 0, 0, 0, 0, 1, 0, 0, 1, 0, 0, 1, 0, 1, 0, 1)",4.0,7.0,7.0,10.0,4.009333333333333,7.286,8.437,11.3,0.0,7.597341079949781,6.918829936334934,12.649132393691362,2.0,2.0,1.0,3.0,0.1744195885581982,0.11860340147576945,0.05537493197000698,0.06167080231276512,3.0,3.0,6.0,3.2766666666666664,4.427666666666666,7.2906666666666675,7.597341079949781,6.918829936334934,12.649132393691362,-10.552586344077591,-6.084285226294947,-13.08723288252625
23,3,0.8571428571428571,2.4423470353692043,-2.8869999999999996,"(0, 0, 1, 0, 0, 0, 0, 1, 0, 1, 1, 0, 0, 0, 0, 0, 0, 0, 0, 0, 1, 0, 0, 0, 1)",4.0,7.0,8.0,10.0,4.343333333333334,7.230333333333333,8.265666666666666,10.974333333333334,0.0,7.584070994390939,9.038312262222968,13.13967779574527,2.0,2.0,6.0,6.0,0.27823516413219745,0.2445082642935521,0.004244253762095598,0.005634927278408191,3.0,4.0,6.0,2.8869999999999996,3.9223333333333326,6.631,7.584070994390939,9.038312262222968,13.13967779574527,-11.471877418069392,-12.494995969984918,-15.896449918611825
23,4,1.1428571428571428,2.4423470353692043,-2.996333333333334,"(1, 0, 0, 0, 0, 1, 0, 1, 1, 1, 1, 0, 0, 0, 1, 0, 0, 0, 0, 0, 0, 0, 1, 0, 0)",5.0,9.0,8.0,11.0,5.26,10.760333333333334,8.256333333333334,12.656666666666666,0.0,6.951543818014239,4.5216120467414935,10.770438348301447,1.0,1.0,2.0,1.0,0.31330141353745483,0.06289326646398909,0.017517063969116512,0.026248365993545745,4.0,3.0,6.0,5.500333333333334,2.996333333333334,7.3966666666666665,6.951543818014239,4.5216120467414935,10.770438348301447,-3.544359624957114,-3.725259943804172,-8.23992126465328
23,5,1.4285714285714284,2.4423470353692043,-2.844333333333334,"(0, 0, 0, 1, 1, 1, 1, 0, 0, 0, 1, 0, 0, 0, 0, 1, 0, 0, 0, 0, 0, 1, 0, 0, 1)",5.0,8.0,9.0,11.0,6.225666666666666,9.07,10.230666666666666,12.558666666666667,0.0,6.463291508454652,8.451945444814745,11.868395458051676,1.0,2.0,1.0,3.0,0.3721423071707034,0.02176634964616327,0.0913162937766542,0.0040534107005812964,3.0,4.0,6.0,2.844333333333334,4.005,6.333000000000001,6.463291508454652,8.451945444814745,11.868395458051676,-8.838751770132696,-10.86098402359188,-13.519356686568667
23,6,1.7142857142857142,2.4423470353692043,-3.2893333333333326,"(0, 1, 1, 1, 1, 0, 0, 0, 1, 0, 0, 1, 1, 1, 0, 0, 0, 0, 0, 0, 0, 0, 0, 1, 1)",5.0,8.0,9.0,11.0,5.104,8.393333333333333,9.765,12.013666666666667,0.0,7.249265921625745,7.128736095430277,11.223602272119566,2.0,2.0,6.0,11.0,0.20493390330921812,0.15151625538718408,0.05461404055524115,0.01500146295249316,3.0,4.0,6.0,3.2893333333333326,4.6610000000000005,6.909666666666667,7.249265921625745,7.128736095430277,11.223602272119566,-9.671529617277873,-6.027067936747712,-10.53612783675154
23,7,2.0,2.4423470353692043,-3.7553333333333327,"(1, 0, 0, 1, 1, 0, 1, 0, 1, 0, 1, 0, 0, 0, 1, 0, 0, 0, 1, 0, 0, 0, 0, 0, 0)",6.0,9.0,11.0,12.0,6.356,10.111333333333333,12.274666666666667,14.394,0.0,5.9752291592200395,5.935310353786395,9.975685054397669,1.0,1.0,39.0,2.0,0.11713882033643672,0.09499507159680542,0.0038361467280088684,0.0022585285899059536,3.0,5.0,6.0,3.7553333333333327,5.918666666666667,8.038,5.9752291592200395,5.935310353786395,9.975685054397669,-5.42175598918287,-0.0406496598944813,-4.732499348087361
24,0,0.0,2.4423470353692043,-4.506666666666667,"(0, 0, 0, 0, 0, 0, 0, 0, 0, 0, 0, 0, 0, 1, 1, 0, 0, 0, 0, 0, 0, 1, 1, 0, 0)",2.0,6.0,7.0,10.0,2.096,6.602666666666667,7.674,11.436333333333334,0.0,8.077628624455134,10.372254369968424,15.478279356489844,1.0,1.0,2.0,15.0,0.22802839693264296,0.08389926706604178,0.08774632022713298,0.016571373322464777,4.0,5.0,8.0,4.506666666666667,5.578,9.340333333333334,8.077628624455134,10.372254369968424,15.478279356489844,-8.721528351020872,-11.709232947298231,-14.990994272912502
24,1,0.2857142857142857,2.4423470353692043,-4.027666666666667,"(0, 0, 0, 1, 1, 0, 0, 0, 0, 0, 0, 0, 0, 0, 0, 0, 1, 1, 0, 0, 1, 1, 0, 0, 0)",3.0,7.0,8.0,10.0,3.2706666666666666,7.298333333333333,8.460333333333333,11.603666666666667,0.0,7.1780307997608075,8.517373208173357,12.292956784366687,1.0,2.0,3.0,6.0,0.5157592509591344,0.006708574300178897,0.09797320621178061,0.0017285446525997698,4.0,5.0,7.0,4.027666666666667,5.189666666666666,8.333,7.1780307997608075,8.517373208173357,12.292956784366687,-7.694282500795948,-8.127414206227575,-9.671588712488147
24,2,0.5714285714285714,2.4423470353692043,-3.2766666666666664,"(1, 0, 0, 0, 1, 0, 0, 0, 0, 1, 0, 0, 0, 0, 1, 0, 0, 1, 0, 0, 1, 0, 1, 0, 1)",4.0,7.0,7.0,10.0,4.009333333333333,7.286,8.437,11.3,0.0,7.597341079949781,6.918829936334934,12.649132393691362,2.0,2.0,1.0,3.0,0.1744195885581982,0.11860340147576945,0.05537493197000698,0.06167080231276512,3.0,3.0,6.0,3.2766666666666664,4.427666666666666,7.2906666666666675,7.597341079949781,6.918829936334934,12.649132393691362,-10.552586344077591,-6.084285226294947,-13.08723288252625
24,3,0.8571428571428571,2.4423470353692043,-2.8869999999999996,"(0, 0, 1, 0, 0, 0, 0, 1, 0, 1, 1, 0, 0, 0, 0, 0, 0, 0, 0, 0, 1, 0, 0, 0, 1)",4.0,7.0,8.0,10.0,4.343333333333334,7.230333333333333,8.265666666666666,10.974333333333334,0.0,7.584070994390939,9.038312262222968,13.13967779574527,2.0,2.0,6.0,6.0,0.27823516413219745,0.2445082642935521,0.004244253762095598,0.005634927278408191,3.0,4.0,6.0,2.8869999999999996,3.9223333333333326,6.631,7.584070994390939,9.038312262222968,13.13967779574527,-11.471877418069392,-12.494995969984918,-15.896449918611825
24,4,1.1428571428571428,2.4423470353692043,-2.996333333333334,"(1, 0, 0, 0, 0, 1, 0, 1, 1, 1, 1, 0, 0, 0, 1, 0, 0, 0, 0, 0, 0, 0, 1, 0, 0)",5.0,9.0,8.0,11.0,5.26,10.760333333333334,8.256333333333334,12.656666666666666,0.0,6.951543818014239,4.5216120467414935,10.770438348301447,1.0,1.0,2.0,1.0,0.31330141353745483,0.06289326646398909,0.017517063969116512,0.026248365993545745,4.0,3.0,6.0,5.500333333333334,2.996333333333334,7.3966666666666665,6.951543818014239,4.5216120467414935,10.770438348301447,-3.544359624957114,-3.725259943804172,-8.23992126465328
24,5,1.4285714285714284,2.4423470353692043,-2.844333333333334,"(0, 0, 0, 1, 1, 1, 1, 0, 0, 0, 1, 0, 0, 0, 0, 1, 0, 0, 0, 0, 0, 1, 0, 0, 1)",5.0,8.0,9.0,11.0,6.225666666666666,9.07,10.230666666666666,12.558666666666667,0.0,6.463291508454652,8.451945444814745,11.868395458051676,1.0,2.0,1.0,3.0,0.3721423071707034,0.02176634964616327,0.0913162937766542,0.0040534107005812964,3.0,4.0,6.0,2.844333333333334,4.005,6.333000000000001,6.463291508454652,8.451945444814745,11.868395458051676,-8.838751770132696,-10.86098402359188,-13.519356686568667
24,6,1.7142857142857142,2.4423470353692043,-3.2893333333333326,"(0, 1, 1, 1, 1, 0, 0, 0, 1, 0, 0, 1, 1, 1, 0, 0, 0, 0, 0, 0, 0, 0, 0, 1, 1)",5.0,8.0,9.0,11.0,5.104,8.393333333333333,9.765,12.013666666666667,0.0,7.249265921625745,7.128736095430277,11.223602272119566,2.0,2.0,6.0,11.0,0.20493390330921812,0.15151625538718408,0.05461404055524115,0.01500146295249316,3.0,4.0,6.0,3.2893333333333326,4.6610000000000005,6.909666666666667,7.249265921625745,7.128736095430277,11.223602272119566,-9.671529617277873,-6.027067936747712,-10.53612783675154
24,7,2.0,2.4423470353692043,-4.631,"(0, 1, 0, 1, 1, 0, 1, 0, 1, 0, 1, 0, 0, 0, 1, 0, 0, 0, 1, 0, 0, 0, 0, 0, 0)",5.0,10.0,9.0,12.0,5.184333333333333,11.192333333333334,9.815333333333333,13.425666666666666,0.0,6.534445218751743,7.442821924178753,11.944583116960555,1.0,4.0,6.0,6.0,0.34912155153783947,0.019107488994434,0.038522400419122145,0.04538139572969655,5.0,4.0,7.0,6.008000000000001,4.631,8.241333333333333,6.534445218751743,7.442821924178753,11.944583116960555,-1.285761919302609,-6.867444940504109,-9.04462113027359
25,0,0.0,2.4423470353692043,-4.506666666666667,"(0, 0, 0, 0, 0, 0, 0, 0, 0, 0, 0, 0, 0, 1, 1, 0, 0, 0, 0, 0, 0, 1, 1, 0, 0)",2.0,6.0,7.0,10.0,2.096,6.602666666666667,7.674,11.436333333333334,0.0,8.077628624455134,10.372254369968424,15.478279356489844,1.0,1.0,2.0,15.0,0.22802839693264296,0.08389926706604178,0.08774632022713298,0.016571373322464777,4.0,5.0,8.0,4.506666666666667,5.578,9.340333333333334,8.077628624455134,10.372254369968424,15.478279356489844,-8.721528351020872,-11.709232947298231,-14.990994272912502
25,1,0.2857142857142857,2.4423470353692043,-4.027666666666667,"(0, 0, 0, 1, 1, 0, 0, 0, 0, 0, 0, 0, 0, 0, 0, 0, 1, 1, 0, 0, 1, 1, 0, 0, 0)",3.0,7.0,8.0,10.0,3.2706666666666666,7.298333333333333,8.460333333333333,11.603666666666667,0.0,7.1780307997608075,8.517373208173357,12.292956784366687,1.0,2.0,3.0,6.0,0.5157592509591344,0.006708574300178897,0.09797320621178061,0.0017285446525997698,4.0,5.0,7.0,4.027666666666667,5.189666666666666,8.333,7.1780307997608075,8.517373208173357,12.292956784366687,-7.694282500795948,-8.127414206227575,-9.671588712488147
25,2,0.5714285714285714,2.4423470353692043,-3.2766666666666664,"(1, 0, 0, 0, 1, 0, 0, 0, 0, 1, 0, 0, 0, 0, 1, 0, 0, 1, 0, 0, 1, 0, 1, 0, 1)",4.0,7.0,7.0,10.0,4.009333333333333,7.286,8.437,11.3,0.0,7.597341079949781,6.918829936334934,12.649132393691362,2.0,2.0,1.0,3.0,0.1744195885581982,0.11860340147576945,0.05537493197000698,0.06167080231276512,3.0,3.0,6.0,3.2766666666666664,4.427666666666666,7.2906666666666675,7.597341079949781,6.918829936334934,12.649132393691362,-10.552586344077591,-6.084285226294947,-13.08723288252625
25,3,0.8571428571428571,2.4423470353692043,-2.8869999999999996,"(0, 0, 1, 0, 0, 0, 0, 1, 0, 1, 1, 0, 0, 0, 0, 0, 0, 0, 0, 0, 1, 0, 0, 0, 1)",4.0,7.0,8.0,10.0,4.343333333333334,7.230333333333333,8.265666666666666,10.974333333333334,0.0,7.584070994390939,9.038312262222968,13.13967779574527,2.0,2.0,6.0,6.0,0.27823516413219745,0.2445082642935521,0.004244253762095598,0.005634927278408191,3.0,4.0,6.0,2.8869999999999996,3.9223333333333326,6.631,7.584070994390939,9.038312262222968,13.13967779574527,-11.471877418069392,-12.494995969984918,-15.896449918611825
25,4,1.1428571428571428,2.4423470353692043,-2.996333333333334,"(1, 0, 0, 0, 0, 1, 0, 1, 1, 1, 1, 0, 0, 0, 1, 0, 0, 0, 0, 0, 0, 0, 1, 0, 0)",5.0,9.0,8.0,11.0,5.26,10.760333333333334,8.256333333333334,12.656666666666666,0.0,6.951543818014239,4.5216120467414935,10.770438348301447,1.0,1.0,2.0,1.0,0.31330141353745483,0.06289326646398909,0.017517063969116512,0.026248365993545745,4.0,3.0,6.0,5.500333333333334,2.996333333333334,7.3966666666666665,6.951543818014239,4.5216120467414935,10.770438348301447,-3.544359624957114,-3.725259943804172,-8.23992126465328
25,5,1.4285714285714284,2.4423470353692043,-2.844333333333334,"(0, 0, 0, 1, 1, 1, 1, 0, 0, 0, 1, 0, 0, 0, 0, 1, 0, 0, 0, 0, 0, 1, 0, 0, 1)",5.0,8.0,9.0,11.0,6.225666666666666,9.07,10.230666666666666,12.558666666666667,0.0,6.463291508454652,8.451945444814745,11.868395458051676,1.0,2.0,1.0,3.0,0.3721423071707034,0.02176634964616327,0.0913162937766542,0.0040534107005812964,3.0,4.0,6.0,2.844333333333334,4.005,6.333000000000001,6.463291508454652,8.451945444814745,11.868395458051676,-8.838751770132696,-10.86098402359188,-13.519356686568667
25,6,1.7142857142857142,2.4423470353692043,-3.2046666666666663,"(0, 1, 1, 1, 1, 0, 0, 0, 0, 0, 0, 1, 1, 0, 0, 0, 0, 0, 0, 0, 0, 0, 0, 1, 1)",4.0,7.0,7.0,10.0,4.318666666666667,7.523333333333333,8.627333333333333,10.953,0.0,5.883356204906236,6.0564779039299905,10.983899479192718,2.0,2.0,2.0,8.0,0.3001554671849656,0.11561132706527566,0.04896105947853105,0.06625647965928737,3.0,3.0,6.0,3.2046666666666663,4.3086666666666655,6.634333333333332,5.883356204906236,6.0564779039299905,10.983899479192718,-6.5422894523939155,-4.2687615937150625,-10.623149981481928
25,7,2.0,2.4423470353692043,-4.631,"(0, 1, 0, 1, 1, 0, 1, 0, 1, 0, 1, 0, 0, 0, 1, 0, 0, 0, 1, 0, 0, 0, 0, 0, 0)",5.0,10.0,9.0,12.0,5.184333333333333,11.192333333333334,9.815333333333333,13.425666666666666,0.0,6.534445218751743,7.442821924178753,11.944583116960555,1.0,4.0,6.0,6.0,0.34912155153783947,0.019107488994434,0.038522400419122145,0.04538139572969655,5.0,4.0,7.0,6.008000000000001,4.631,8.241333333333333,6.534445218751743,7.442821924178753,11.944583116960555,-1.285761919302609,-6.867444940504109,-9.04462113027359
26,0,0.0,2.4423470353692043,-4.05,"(0, 0, 0, 0, 0, 0, 0, 0, 0, 0, 0, 0, 0, 1, 1, 0, 0, 0, 1, 1, 0, 1, 1, 0, 0)",3.0,6.0,6.0,10.0,3.0073333333333334,7.057333333333333,7.830333333333333,11.458666666666666,0.0,6.461731120070946,7.919988691916692,12.780978427817379,2.0,1.0,1.0,6.0,0.3012661679648187,0.061041184991941236,0.05449715673135433,0.010944842994227169,3.0,3.0,7.0,4.05,4.8229999999999995,8.451333333333332,6.461731120070946,7.919988691916692,12.780978427817379,-5.890284351212927,-7.563921150274684,-10.57449586071393
26,1,0.2857142857142857,2.4423470353692043,-4.027666666666667,"(0, 0, 0, 1, 1, 0, 0, 0, 0, 0, 0, 0, 0, 0, 0, 0, 1, 1, 0, 0, 1, 1, 0, 0, 0)",3.0,7.0,8.0,10.0,3.2706666666666666,7.298333333333333,8.460333333333333,11.603666666666667,0.0,7.1780307997608075,8.517373208173357,12.292956784366687,1.0,2.0,3.0,6.0,0.5157592509591344,0.006708574300178897,0.09797320621178061,0.0017285446525997698,4.0,5.0,7.0,4.027666666666667,5.189666666666666,8.333,7.1780307997608075,8.517373208173357,12.292956784366687,-7.694282500795948,-8.127414206227575,-9.671588712488147
26,2,0.5714285714285714,2.4423470353692043,-3.2766666666666664,"(1, 0, 0, 0, 1, 0, 0, 0, 0, 1, 0, 0, 0, 0, 1, 0, 0, 1, 0, 0, 1, 0, 1, 0, 1)",4.0,7.0,7.0,10.0,4.009333333333333,7.286,8.437,11.3,0.0,7.597341079949781,6.918829936334934,12.649132393691362,2.0,2.0,1.0,3.0,0.1744195885581982,0.11860340147576945,0.05537493197000698,0.06167080231276512,3.0,3.0,6.0,3.2766666666666664,4.427666666666666,7.2906666666666675,7.597341079949781,6.918829936334934,12.649132393691362,-10.552586344077591,-6.084285226294947,-13.08723288252625
26,3,0.8571428571428571,2.4423470353692043,-2.8869999999999996,"(0, 0, 1, 0, 0, 0, 0, 1, 0, 1, 1, 0, 0, 0, 0, 0, 0, 0, 0, 0, 1, 0, 0, 0, 1)",4.0,7.0,8.0,10.0,4.343333333333334,7.230333333333333,8.265666666666666,10.974333333333334,0.0,7.584070994390939,9.038312262222968,13.13967779574527,2.0,2.0,6.0,6.0,0.27823516413219745,0.2445082642935521,0.004244253762095598,0.005634927278408191,3.0,4.0,6.0,2.8869999999999996,3.9223333333333326,6.631,7.584070994390939,9.038312262222968,13.13967779574527,-11.471877418069392,-12.494995969984918,-15.896449918611825
26,4,1.1428571428571428,2.4423470353692043,-2.996333333333334,"(1, 0, 0, 0, 0, 1, 0, 1, 1, 1, 1, 0, 0, 0, 1, 0, 0, 0, 0, 0, 0, 0, 1, 0, 0)",5.0,9.0,8.0,11.0,5.26,10.760333333333334,8.256333333333334,12.656666666666666,0.0,6.951543818014239,4.5216120467414935,10.770438348301447,1.0,1.0,2.0,1.0,0.31330141353745483,0.06289326646398909,0.017517063969116512,0.026248365993545745,4.0,3.0,6.0,5.500333333333334,2.996333333333334,7.3966666666666665,6.951543818014239,4.5216120467414935,10.770438348301447,-3.544359624957114,-3.725259943804172,-8.23992126465328
26,5,1.4285714285714284,2.4423470353692043,-4.988,"(0, 0, 0, 1, 1, 1, 1, 0, 0, 0, 1, 0, 0, 0, 0, 1, 0, 0, 0, 0, 1, 0, 0, 0, 1)",4.0,8.0,9.0,11.0,4.28,9.268,9.298333333333334,12.709,0.0,7.782281024905791,8.716980803936227,11.796386926292202,1.0,4.0,8.0,7.0,0.40740760476920856,0.09758388958570244,0.032125484421218195,0.00680540429254907,4.0,5.0,7.0,4.988,5.0183333333333335,8.428999999999998,7.782281024905791,8.716980803936227,11.796386926292202,-6.82460397716708,-9.033380684702784,-8.22432747637078
26,6,1.7142857142857142,2.4423470353692043,-3.2046666666666663,"(0, 1, 1, 1, 1, 0, 0, 0, 0, 0, 0, 1, 1, 0, 0, 0, 0, 0, 0, 0, 0, 0, 0, 1, 1)",4.0,7.0,7.0,10.0,4.318666666666667,7.523333333333333,8.627333333333333,10.953,0.0,5.883356204906236,6.0564779039299905,10.983899479192718,2.0,2.0,2.0,8.0,0.3001554671849656,0.11561132706527566,0.04896105947853105,0.06625647965928737,3.0,3.0,6.0,3.2046666666666663,4.3086666666666655,6.634333333333332,5.883356204906236,6.0564779039299905,10.983899479192718,-6.5422894523939155,-4.2687615937150625,-10.623149981481928
26,7,2.0,2.4423470353692043,-4.631,"(0, 1, 0, 1, 1, 0, 1, 0, 1, 0, 1, 0, 0, 0, 1, 0, 0, 0, 1, 0, 0, 0, 0, 0, 0)",5.0,10.0,9.0,12.0,5.184333333333333,11.192333333333334,9.815333333333333,13.425666666666666,0.0,6.534445218751743,7.442821924178753,11.944583116960555,1.0,4.0,6.0,6.0,0.34912155153783947,0.019107488994434,0.038522400419122145,0.04538139572969655,5.0,4.0,7.0,6.008000000000001,4.631,8.241333333333333,6.534445218751743,7.442821924178753,11.944583116960555,-1.285761919302609,-6.867444940504109,-9.04462113027359
27,0,0.0,2.4423470353692043,-3.7119999999999997,"(0, 0, 0, 0, 0, 0, 0, 0, 0, 0, 0, 1, 1, 1, 1, 0, 0, 0, 1, 1, 0, 1, 1, 0, 0)",4.0,7.0,7.0,10.0,4.072,8.11,7.784,11.805666666666667,0.0,8.517033993307335,8.587970606090169,13.821201167370406,2.0,2.0,3.0,5.0,0.19051615864593444,2.5744797881145945e-05,0.13246447702250966,0.0026807314174807826,3.0,3.0,6.0,4.037999999999999,3.7119999999999997,7.733666666666667,8.517033993307335,8.587970606090169,13.821201167370406,-10.93935539487206,-11.908812354331706,-14.867871840501525
27,1,0.2857142857142857,2.4423470353692043,-4.027666666666667,"(0, 0, 0, 1, 1, 0, 0, 0, 0, 0, 0, 0, 0, 0, 0, 0, 1, 1, 0, 0, 1, 1, 0, 0, 0)",3.0,7.0,8.0,10.0,3.2706666666666666,7.298333333333333,8.460333333333333,11.603666666666667,0.0,7.1780307997608075,8.517373208173357,12.292956784366687,1.0,2.0,3.0,6.0,0.5157592509591344,0.006708574300178897,0.09797320621178061,0.0017285446525997698,4.0,5.0,7.0,4.027666666666667,5.189666666666666,8.333,7.1780307997608075,8.517373208173357,12.292956784366687,-7.694282500795948,-8.127414206227575,-9.671588712488147
27,2,0.5714285714285714,2.4423470353692043,-3.2766666666666664,"(1, 0, 0, 0, 1, 0, 0, 0, 0, 1, 0, 0, 0, 0, 1, 0, 0, 1, 0, 0, 1, 0, 1, 0, 1)",4.0,7.0,7.0,10.0,4.009333333333333,7.286,8.437,11.3,0.0,7.597341079949781,6.918829936334934,12.649132393691362,2.0,2.0,1.0,3.0,0.1744195885581982,0.11860340147576945,0.05537493197000698,0.06167080231276512,3.0,3.0,6.0,3.2766666666666664,4.427666666666666,7.2906666666666675,7.597341079949781,6.918829936334934,12.649132393691362,-10.552586344077591,-6.084285226294947,-13.08723288252625
27,3,0.8571428571428571,2.4423470353692043,-2.8869999999999996,"(0, 0, 1, 0, 0, 0, 0, 1, 0, 1, 1, 0, 0, 0, 0, 0, 0, 0, 0, 0, 1, 0, 0, 0, 1)",4.0,7.0,8.0,10.0,4.343333333333334,7.230333333333333,8.265666666666666,10.974333333333334,0.0,7.584070994390939,9.038312262222968,13.13967779574527,2.0,2.0,6.0,6.0,0.27823516413219745,0.2445082642935521,0.004244253762095598,0.005634927278408191,3.0,4.0,6.0,2.8869999999999996,3.9223333333333326,6.631,7.584070994390939,9.038312262222968,13.13967779574527,-11.471877418069392,-12.494995969984918,-15.896449918611825
27,4,1.1428571428571428,2.4423470353692043,-2.996333333333334,"(1, 0, 0, 0, 0, 1, 0, 1, 1, 1, 1, 0, 0, 0, 1, 0, 0, 0, 0, 0, 0, 0, 1, 0, 0)",5.0,9.0,8.0,11.0,5.26,10.760333333333334,8.256333333333334,12.656666666666666,0.0,6.951543818014239,4.5216120467414935,10.770438348301447,1.0,1.0,2.0,1.0,0.31330141353745483,0.06289326646398909,0.017517063969116512,0.026248365993545745,4.0,3.0,6.0,5.500333333333334,2.996333333333334,7.3966666666666665,6.951543818014239,4.5216120467414935,10.770438348301447,-3.544359624957114,-3.725259943804172,-8.23992126465328
27,5,1.4285714285714284,2.4423470353692043,-4.988,"(0, 0, 0, 1, 1, 1, 1, 0, 0, 0, 1, 0, 0, 0, 0, 1, 0, 0, 0, 0, 1, 0, 0, 0, 1)",4.0,8.0,9.0,11.0,4.28,9.268,9.298333333333334,12.709,0.0,7.782281024905791,8.716980803936227,11.796386926292202,1.0,4.0,8.0,7.0,0.40740760476920856,0.09758388958570244,0.032125484421218195,0.00680540429254907,4.0,5.0,7.0,4.988,5.0183333333333335,8.428999999999998,7.782281024905791,8.716980803936227,11.796386926292202,-6.82460397716708,-9.033380684702784,-8.22432747637078
27,6,1.7142857142857142,2.4423470353692043,-3.2046666666666663,"(0, 1, 1, 1, 1, 0, 0, 0, 0, 0, 0, 1, 1, 0, 0, 0, 0, 0, 0, 0, 0, 0, 0, 1, 1)",4.0,7.0,7.0,10.0,4.318666666666667,7.523333333333333,8.627333333333333,10.953,0.0,5.883356204906236,6.0564779039299905,10.983899479192718,2.0,2.0,2.0,8.0,0.3001554671849656,0.11561132706527566,0.04896105947853105,0.06625647965928737,3.0,3.0,6.0,3.2046666666666663,4.3086666666666655,6.634333333333332,5.883356204906236,6.0564779039299905,10.983899479192718,-6.5422894523939155,-4.2687615937150625,-10.623149981481928
27,7,2.0,2.4423470353692043,-3.315666666666666,"(0, 0, 0, 1, 1, 0, 0, 0, 1, 0, 1, 0, 0, 0, 1, 0, 0, 0, 1, 0, 0, 0, 0, 0, 0)",4.0,8.0,8.0,12.0,5.166333333333333,9.372666666666667,8.482,13.191,0.0,7.731643029705803,8.704375579514794,12.475481519476613,1.0,7.0,4.0,69.0,0.2852572938357706,0.06111620554326765,0.06786806746844117,0.0021965075249965613,4.0,4.0,8.0,4.206333333333334,3.315666666666666,8.024666666666668,7.731643029705803,8.704375579514794,12.475481519476613,-8.61002968569361,-13.161097237762233,-10.87043446073759
28,0,0.0,2.4423470353692043,-3.7119999999999997,"(0, 0, 0, 0, 0, 0, 0, 0, 0, 0, 0, 1, 1, 1, 1, 0, 0, 0, 1, 1, 0, 1, 1, 0, 0)",4.0,7.0,7.0,10.0,4.072,8.11,7.784,11.805666666666667,0.0,8.517033993307335,8.587970606090169,13.821201167370406,2.0,2.0,3.0,5.0,0.19051615864593444,2.5744797881145945e-05,0.13246447702250966,0.0026807314174807826,3.0,3.0,6.0,4.037999999999999,3.7119999999999997,7.733666666666667,8.517033993307335,8.587970606090169,13.821201167370406,-10.93935539487206,-11.908812354331706,-14.867871840501525
28,1,0.2857142857142857,2.4423470353692043,-4.027666666666667,"(0, 0, 0, 1, 1, 0, 0, 0, 0, 0, 0, 0, 0, 0, 0, 0, 1, 1, 0, 0, 1, 1, 0, 0, 0)",3.0,7.0,8.0,10.0,3.2706666666666666,7.298333333333333,8.460333333333333,11.603666666666667,0.0,7.1780307997608075,8.517373208173357,12.292956784366687,1.0,2.0,3.0,6.0,0.5157592509591344,0.006708574300178897,0.09797320621178061,0.0017285446525997698,4.0,5.0,7.0,4.027666666666667,5.189666666666666,8.333,7.1780307997608075,8.517373208173357,12.292956784366687,-7.694282500795948,-8.127414206227575,-9.671588712488147
28,2,0.5714285714285714,2.4423470353692043,-3.2766666666666664,"(1, 0, 0, 0, 1, 0, 0, 0, 0, 1, 0, 0, 0, 0, 1, 0, 0, 1, 0, 0, 1, 0, 1, 0, 1)",4.0,7.0,7.0,10.0,4.009333333333333,7.286,8.437,11.3,0.0,7.597341079949781,6.918829936334934,12.649132393691362,2.0,2.0,1.0,3.0,0.1744195885581982,0.11860340147576945,0.05537493197000698,0.06167080231276512,3.0,3.0,6.0,3.2766666666666664,4.427666666666666,7.2906666666666675,7.597341079949781,6.918829936334934,12.649132393691362,-10.552586344077591,-6.084285226294947,-13.08723288252625
28,3,0.8571428571428571,2.4423470353692043,-2.8869999999999996,"(0, 0, 1, 0, 0, 0, 0, 1, 0, 1, 1, 0, 0, 0, 0, 0, 0, 0, 0, 0, 1, 0, 0, 0, 1)",4.0,7.0,8.0,10.0,4.343333333333334,7.230333333333333,8.265666666666666,10.974333333333334,0.0,7.584070994390939,9.038312262222968,13.13967779574527,2.0,2.0,6.0,6.0,0.27823516413219745,0.2445082642935521,0.004244253762095598,0.005634927278408191,3.0,4.0,6.0,2.8869999999999996,3.9223333333333326,6.631,7.584070994390939,9.038312262222968,13.13967779574527,-11.471877418069392,-12.494995969984918,-15.896449918611825
28,4,1.1428571428571428,2.4423470353692043,-2.996333333333334,"(1, 0, 0, 0, 0, 1, 0, 1, 1, 1, 1, 0, 0, 0, 1, 0, 0, 0, 0, 0, 0, 0, 1, 0, 0)",5.0,9.0,8.0,11.0,5.26,10.760333333333334,8.256333333333334,12.656666666666666,0.0,6.951543818014239,4.5216120467414935,10.770438348301447,1.0,1.0,2.0,1.0,0.31330141353745483,0.06289326646398909,0.017517063969116512,0.026248365993545745,4.0,3.0,6.0,5.500333333333334,2.996333333333334,7.3966666666666665,6.951543818014239,4.5216120467414935,10.770438348301447,-3.544359624957114,-3.725259943804172,-8.23992126465328
28,5,1.4285714285714284,2.4423470353692043,-4.988,"(0, 0, 0, 1, 1, 1, 1, 0, 0, 0, 1, 0, 0, 0, 0, 1, 0, 0, 0, 0, 1, 0, 0, 0, 1)",4.0,8.0,9.0,11.0,4.28,9.268,9.298333333333334,12.709,0.0,7.782281024905791,8.716980803936227,11.796386926292202,1.0,4.0,8.0,7.0,0.40740760476920856,0.09758388958570244,0.032125484421218195,0.00680540429254907,4.0,5.0,7.0,4.988,5.0183333333333335,8.428999999999998,7.782281024905791,8.716980803936227,11.796386926292202,-6.82460397716708,-9.033380684702784,-8.22432747637078
28,6,1.7142857142857142,2.4423470353692043,-3.2046666666666663,"(0, 1, 1, 1, 1, 0, 0, 0, 0, 0, 0, 1, 1, 0, 0, 0, 0, 0, 0, 0, 0, 0, 0, 1, 1)",4.0,7.0,7.0,10.0,4.318666666666667,7.523333333333333,8.627333333333333,10.953,0.0,5.883356204906236,6.0564779039299905,10.983899479192718,2.0,2.0,2.0,8.0,0.3001554671849656,0.11561132706527566,0.04896105947853105,0.06625647965928737,3.0,3.0,6.0,3.2046666666666663,4.3086666666666655,6.634333333333332,5.883356204906236,6.0564779039299905,10.983899479192718,-6.5422894523939155,-4.2687615937150625,-10.623149981481928
28,7,2.0,2.4423470353692043,-3.315666666666666,"(0, 0, 0, 1, 1, 0, 0, 0, 1, 0, 1, 0, 0, 0, 1, 0, 0, 0, 1, 0, 0, 0, 0, 0, 0)",4.0,8.0,8.0,12.0,5.166333333333333,9.372666666666667,8.482,13.191,0.0,7.731643029705803,8.704375579514794,12.475481519476613,1.0,7.0,4.0,69.0,0.2852572938357706,0.06111620554326765,0.06786806746844117,0.0021965075249965613,4.0,4.0,8.0,4.206333333333334,3.315666666666666,8.024666666666668,7.731643029705803,8.704375579514794,12.475481519476613,-8.61002968569361,-13.161097237762233,-10.87043446073759
29,0,0.0,2.4423470353692043,-2.902333333333334,"(0, 0, 0, 0, 0, 0, 0, 0, 0, 1, 0, 1, 1, 1, 0, 0, 0, 0, 1, 1, 0, 1, 1, 0, 0)",5.0,8.0,9.0,11.0,5.147666666666667,8.05,9.462666666666667,12.408666666666667,0.0,6.370970790517696,6.443481360278879,11.146505517369745,3.0,3.0,11.0,8.0,0.06332926188695857,0.0691023832657965,0.08109731918108617,0.048732545336226965,3.0,4.0,6.0,2.902333333333334,4.315,7.261,6.370970790517696,6.443481360278879,11.146505517369745,-8.471616410324803,-5.19849014011573,-9.489752881258681
29,1,0.2857142857142857,2.4423470353692043,-4.027666666666667,"(0, 0, 0, 1, 1, 0, 0, 0, 0, 0, 0, 0, 0, 0, 0, 0, 1, 1, 0, 0, 1, 1, 0, 0, 0)",3.0,7.0,8.0,10.0,3.2706666666666666,7.298333333333333,8.460333333333333,11.603666666666667,0.0,7.1780307997608075,8.517373208173357,12.292956784366687,1.0,2.0,3.0,6.0,0.5157592509591344,0.006708574300178897,0.09797320621178061,0.0017285446525997698,4.0,5.0,7.0,4.027666666666667,5.189666666666666,8.333,7.1780307997608075,8.517373208173357,12.292956784366687,-7.694282500795948,-8.127414206227575,-9.671588712488147
29,2,0.5714285714285714,2.4423470353692043,-3.2766666666666664,"(1, 0, 0, 0, 1, 0, 0, 0, 0, 1, 0, 0, 0, 0, 1, 0, 0, 1, 0, 0, 1, 0, 1, 0, 1)",4.0,7.0,7.0,10.0,4.009333333333333,7.286,8.437,11.3,0.0,7.597341079949781,6.918829936334934,12.649132393691362,2.0,2.0,1.0,3.0,0.1744195885581982,0.11860340147576945,0.05537493197000698,0.06167080231276512,3.0,3.0,6.0,3.2766666666666664,4.427666666666666,7.2906666666666675,7.597341079949781,6.918829936334934,12.649132393691362,-10.552586344077591,-6.084285226294947,-13.08723288252625
29,3,0.8571428571428571,2.4423470353692043,-2.8869999999999996,"(0, 0, 1, 0, 0, 0, 0, 1, 0, 1, 1, 0, 0, 0, 0, 0, 0, 0, 0, 0, 1, 0, 0, 0, 1)",4.0,7.0,8.0,10.0,4.343333333333334,7.230333333333333,8.265666666666666,10.974333333333334,0.0,7.584070994390939,9.038312262222968,13.13967779574527,2.0,2.0,6.0,6.0,0.27823516413219745,0.2445082642935521,0.004244253762095598,0.005634927278408191,3.0,4.0,6.0,2.8869999999999996,3.9223333333333326,6.631,7.584070994390939,9.038312262222968,13.13967779574527,-11.471877418069392,-12.494995969984918,-15.896449918611825
29,4,1.1428571428571428,2.4423470353692043,-2.996333333333334,"(1, 0, 0, 0, 0, 1, 0, 1, 1, 1, 1, 0, 0, 0, 1, 0, 0, 0, 0, 0, 0, 0, 1, 0, 0)",5.0,9.0,8.0,11.0,5.26,10.760333333333334,8.256333333333334,12.656666666666666,0.0,6.951543818014239,4.5216120467414935,10.770438348301447,1.0,1.0,2.0,1.0,0.31330141353745483,0.06289326646398909,0.017517063969116512,0.026248365993545745,4.0,3.0,6.0,5.500333333333334,2.996333333333334,7.3966666666666665,6.951543818014239,4.5216120467414935,10.770438348301447,-3.544359624957114,-3.725259943804172,-8.23992126465328
29,5,1.4285714285714284,2.4423470353692043,-4.102999999999999,"(0, 0, 0, 1, 1, 1, 1, 0, 0, 0, 1, 0, 0, 0, 0, 1, 0, 0, 0, 0, 1, 0, 1, 1, 1)",5.0,9.0,10.0,12.0,5.201666666666667,9.304666666666666,10.517,12.753,0.0,7.0759813994663,8.670142015235701,10.713192447511323,1.0,6.0,7.0,14.0,0.32070207096277564,0.0023652705702661247,0.032786298622354,0.06705912198849598,4.0,5.0,7.0,4.102999999999999,5.315333333333332,7.551333333333333,7.0759813994663,8.670142015235701,10.713192447511323,-7.261052307194308,-8.193607038475118,-7.722357233767713
29,6,1.7142857142857142,2.4423470353692043,-3.2046666666666663,"(0, 1, 1, 1, 1, 0, 0, 0, 0, 0, 0, 1, 1, 0, 0, 0, 0, 0, 0, 0, 0, 0, 0, 1, 1)",4.0,7.0,7.0,10.0,4.318666666666667,7.523333333333333,8.627333333333333,10.953,0.0,5.883356204906236,6.0564779039299905,10.983899479192718,2.0,2.0,2.0,8.0,0.3001554671849656,0.11561132706527566,0.04896105947853105,0.06625647965928737,3.0,3.0,6.0,3.2046666666666663,4.3086666666666655,6.634333333333332,5.883356204906236,6.0564779039299905,10.983899479192718,-6.5422894523939155,-4.2687615937150625,-10.623149981481928
29,7,2.0,2.4423470353692043,-3.315666666666666,"(0, 0, 0, 1, 1, 0, 0, 0, 1, 0, 1, 0, 0, 0, 1, 0, 0, 0, 1, 0, 0, 0, 0, 0, 0)",4.0,8.0,8.0,12.0,5.166333333333333,9.372666666666667,8.482,13.191,0.0,7.731643029705803,8.704375579514794,12.475481519476613,1.0,7.0,4.0,69.0,0.2852572938357706,0.06111620554326765,0.06786806746844117,0.0021965075249965613,4.0,4.0,8.0,4.206333333333334,3.315666666666666,8.024666666666668,7.731643029705803,8.704375579514794,12.475481519476613,-8.61002968569361,-13.161097237762233,-10.87043446073759
30,0,0.0,2.4423470353692043,-4.027666666666667,"(0, 0, 0, 1, 1, 0, 0, 0, 0, 0, 0, 0, 0, 0, 0, 0, 1, 1, 0, 0, 1, 1, 0, 0, 0)",3.0,7.0,8.0,10.0,3.2706666666666666,7.298333333333333,8.460333333333333,11.603666666666667,0.0,7.1780307997608075,8.517373208173357,12.292956784366687,1.0,2.0,3.0,6.0,0.5157592509591344,0.006708574300178897,0.09797320621178061,0.0017285446525997698,4.0,5.0,7.0,4.027666666666667,5.189666666666666,8.333,7.1780307997608075,8.517373208173357,12.292956784366687,-7.694282500795948,-8.127414206227575,-9.671588712488147
30,1,0.2857142857142857,2.4423470353692043,-3.2766666666666664,"(1, 0, 0, 0, 1, 0, 0, 0, 0, 1, 0, 0, 0, 0, 1, 0, 0, 1, 0, 0, 1, 0, 1, 0, 1)",4.0,7.0,7.0,10.0,4.009333333333333,7.286,8.437,11.3,0.0,7.597341079949781,6.918829936334934,12.649132393691362,2.0,2.0,1.0,3.0,0.1744195885581982,0.11860340147576945,0.05537493197000698,0.06167080231276512,3.0,3.0,6.0,3.2766666666666664,4.427666666666666,7.2906666666666675,7.597341079949781,6.918829936334934,12.649132393691362,-10.552586344077591,-6.084285226294947,-13.08723288252625
30,2,0.5714285714285714,2.4423470353692043,-2.8869999999999996,"(0, 0, 1, 0, 0, 0, 0, 1, 0, 1, 1, 0, 0, 0, 0, 0, 0, 0, 0, 0, 1, 0, 0, 0, 1)",4.0,7.0,8.0,10.0,4.343333333333334,7.230333333333333,8.265666666666666,10.974333333333334,0.0,7.584070994390939,9.038312262222968,13.13967779574527,2.0,2.0,6.0,6.0,0.27823516413219745,0.2445082642935521,0.004244253762095598,0.005634927278408191,3.0,4.0,6.0,2.8869999999999996,3.9223333333333326,6.631,7.584070994390939,9.038312262222968,13.13967779574527,-11.471877418069392,-12.494995969984918,-15.896449918611825
30,3,0.8571428571428571,2.4423470353692043,-2.996333333333334,"(1, 0, 0, 0, 0, 1, 0, 1, 1, 1, 1, 0, 0, 0, 1, 0, 0, 0, 0, 0, 0, 0, 1, 0, 0)",5.0,9.0,8.0,11.0,5.26,10.760333333333334,8.256333333333334,12.656666666666666,0.0,6.951543818014239,4.5216120467414935,10.770438348301447,1.0,1.0,2.0,1.0,0.31330141353745483,0.06289326646398909,0.017517063969116512,0.026248365993545745,4.0,3.0,6.0,5.500333333333334,2.996333333333334,7.3966666666666665,6.951543818014239,4.5216120467414935,10.770438348301447,-3.544359624957114,-3.725259943804172,-8.23992126465328
30,4,1.1428571428571428,2.4423470353692043,-4.102999999999999,"(0, 0, 0, 1, 1, 1, 1, 0, 0, 0, 1, 0, 0, 0, 0, 1, 0, 0, 0, 0, 1, 0, 1, 1, 1)",5.0,9.0,10.0,12.0,5.201666666666667,9.304666666666666,10.517,12.753,0.0,7.0759813994663,8.670142015235701,10.713192447511323,1.0,6.0,7.0,14.0,0.32070207096277564,0.0023652705702661247,0.032786298622354,0.06705912198849598,4.0,5.0,7.0,4.102999999999999,5.315333333333332,7.551333333333333,7.0759813994663,8.670142015235701,10.713192447511323,-7.261052307194308,-8.193607038475118,-7.722357233767713
30,5,1.4285714285714284,2.4423470353692043,-3.2046666666666663,"(0, 1, 1, 1, 1, 0, 0, 0, 0, 0, 0, 1, 1, 0, 0, 0, 0, 0, 0, 0, 0, 0, 0, 1, 1)",4.0,7.0,7.0,10.0,4.318666666666667,7.523333333333333,8.627333333333333,10.953,0.0,5.883356204906236,6.0564779039299905,10.983899479192718,2.0,2.0,2.0,8.0,0.3001554671849656,0.11561132706527566,0.04896105947853105,0.06625647965928737,3.0,3.0,6.0,3.2046666666666663,4.3086666666666655,6.634333333333332,5.883356204906236,6.0564779039299905,10.983899479192718,-6.5422894523939155,-4.2687615937150625,-10.623149981481928
30,6,1.7142857142857142,2.4423470353692043,-3.315666666666666,"(0, 0, 0, 1, 1, 0, 0, 0, 1, 0, 1, 0, 0, 0, 1, 0, 0, 0, 1, 0, 0, 0, 0, 0, 0)",4.0,8.0,8.0,12.0,5.166333333333333,9.372666666666667,8.482,13.191,0.0,7.731643029705803,8.704375579514794,12.475481519476613,1.0,7.0,4.0,69.0,0.2852572938357706,0.06111620554326765,0.06786806746844117,0.0021965075249965613,4.0,4.0,8.0,4.206333333333334,3.315666666666666,8.024666666666668,7.731643029705803,8.704375579514794,12.475481519476613,-8.61002968569361,-13.161097237762233,-10.87043446073759
30,7,2.0,2.4423470353692043,-2.902333333333334,"(0, 0, 0, 0, 0, 0, 0, 0, 0, 1, 0, 1, 1, 1, 0, 0, 0, 0, 1, 1, 0, 1, 1, 0, 0)",5.0,8.0,9.0,11.0,5.147666666666667,8.05,9.462666666666667,12.408666666666667,0.0,6.370970790517696,6.443481360278879,11.146505517369745,3.0,3.0,11.0,8.0,0.06332926188695857,0.0691023832657965,0.08109731918108617,0.048732545336226965,3.0,4.0,6.0,2.902333333333334,4.315,7.261,6.370970790517696,6.443481360278879,11.146505517369745,-8.471616410324803,-5.19849014011573,-9.489752881258681
31,0,0.0,2.4423470353692043,-4.027666666666667,"(0, 0, 0, 1, 1, 0, 0, 0, 0, 0, 0, 0, 0, 0, 0, 0, 1, 1, 0, 0, 1, 1, 0, 0, 0)",3.0,7.0,8.0,10.0,3.2706666666666666,7.298333333333333,8.460333333333333,11.603666666666667,0.0,7.1780307997608075,8.517373208173357,12.292956784366687,1.0,2.0,3.0,6.0,0.5157592509591344,0.006708574300178897,0.09797320621178061,0.0017285446525997698,4.0,5.0,7.0,4.027666666666667,5.189666666666666,8.333,7.1780307997608075,8.517373208173357,12.292956784366687,-7.694282500795948,-8.127414206227575,-9.671588712488147
31,1,0.2857142857142857,2.4423470353692043,-3.2766666666666664,"(1, 0, 0, 0, 1, 0, 0, 0, 0, 1, 0, 0, 0, 0, 1, 0, 0, 1, 0, 0, 1, 0, 1, 0, 1)",4.0,7.0,7.0,10.0,4.009333333333333,7.286,8.437,11.3,0.0,7.597341079949781,6.918829936334934,12.649132393691362,2.0,2.0,1.0,3.0,0.1744195885581982,0.11860340147576945,0.05537493197000698,0.06167080231276512,3.0,3.0,6.0,3.2766666666666664,4.427666666666666,7.2906666666666675,7.597341079949781,6.918829936334934,12.649132393691362,-10.552586344077591,-6.084285226294947,-13.08723288252625
31,2,0.5714285714285714,2.4423470353692043,-2.8869999999999996,"(0, 0, 1, 0, 0, 0, 0, 1, 0, 1, 1, 0, 0, 0, 0, 0, 0, 0, 0, 0, 1, 0, 0, 0, 1)",4.0,7.0,8.0,10.0,4.343333333333334,7.230333333333333,8.265666666666666,10.974333333333334,0.0,7.584070994390939,9.038312262222968,13.13967779574527,2.0,2.0,6.0,6.0,0.27823516413219745,0.2445082642935521,0.004244253762095598,0.005634927278408191,3.0,4.0,6.0,2.8869999999999996,3.9223333333333326,6.631,7.584070994390939,9.038312262222968,13.13967779574527,-11.471877418069392,-12.494995969984918,-15.896449918611825
31,3,0.8571428571428571,2.4423470353692043,-2.996333333333334,"(1, 0, 0, 0, 0, 1, 0, 1, 1, 1, 1, 0, 0, 0, 1, 0, 0, 0, 0, 0, 0, 0, 1, 0, 0)",5.0,9.0,8.0,11.0,5.26,10.760333333333334,8.256333333333334,12.656666666666666,0.0,6.951543818014239,4.5216120467414935,10.770438348301447,1.0,1.0,2.0,1.0,0.31330141353745483,0.06289326646398909,0.017517063969116512,0.026248365993545745,4.0,3.0,6.0,5.500333333333334,2.996333333333334,7.3966666666666665,6.951543818014239,4.5216120467414935,10.770438348301447,-3.544359624957114,-3.725259943804172,-8.23992126465328
31,4,1.1428571428571428,2.4423470353692043,-4.102999999999999,"(0, 0, 0, 1, 1, 1, 1, 0, 0, 0, 1, 0, 0, 0, 0, 1, 0, 0, 0, 0, 1, 0, 1, 1, 1)",5.0,9.0,10.0,12.0,5.201666666666667,9.304666666666666,10.517,12.753,0.0,7.0759813994663,8.670142015235701,10.713192447511323,1.0,6.0,7.0,14.0,0.32070207096277564,0.0023652705702661247,0.032786298622354,0.06705912198849598,4.0,5.0,7.0,4.102999999999999,5.315333333333332,7.551333333333333,7.0759813994663,8.670142015235701,10.713192447511323,-7.261052307194308,-8.193607038475118,-7.722357233767713
31,5,1.4285714285714284,2.4423470353692043,-3.2046666666666663,"(0, 1, 1, 1, 1, 0, 0, 0, 0, 0, 0, 1, 1, 0, 0, 0, 0, 0, 0, 0, 0, 0, 0, 1, 1)",4.0,7.0,7.0,10.0,4.318666666666667,7.523333333333333,8.627333333333333,10.953,0.0,5.883356204906236,6.0564779039299905,10.983899479192718,2.0,2.0,2.0,8.0,0.3001554671849656,0.11561132706527566,0.04896105947853105,0.06625647965928737,3.0,3.0,6.0,3.2046666666666663,4.3086666666666655,6.634333333333332,5.883356204906236,6.0564779039299905,10.983899479192718,-6.5422894523939155,-4.2687615937150625,-10.623149981481928
31,6,1.7142857142857142,2.4423470353692043,-3.315666666666666,"(0, 0, 0, 1, 1, 0, 0, 0, 1, 0, 1, 0, 0, 0, 1, 0, 0, 0, 1, 0, 0, 0, 0, 0, 0)",4.0,8.0,8.0,12.0,5.166333333333333,9.372666666666667,8.482,13.191,0.0,7.731643029705803,8.704375579514794,12.475481519476613,1.0,7.0,4.0,69.0,0.2852572938357706,0.06111620554326765,0.06786806746844117,0.0021965075249965613,4.0,4.0,8.0,4.206333333333334,3.315666666666666,8.024666666666668,7.731643029705803,8.704375579514794,12.475481519476613,-8.61002968569361,-13.161097237762233,-10.87043446073759
31,7,2.0,2.4423470353692043,-2.902333333333334,"(0, 0, 0, 0, 0, 0, 0, 0, 0, 1, 0, 1, 1, 1, 0, 0, 0, 0, 1, 1, 0, 1, 1, 0, 0)",5.0,8.0,9.0,11.0,5.147666666666667,8.05,9.462666666666667,12.408666666666667,0.0,6.370970790517696,6.443481360278879,11.146505517369745,3.0,3.0,11.0,8.0,0.06332926188695857,0.0691023832657965,0.08109731918108617,0.048732545336226965,3.0,4.0,6.0,2.902333333333334,4.315,7.261,6.370970790517696,6.443481360278879,11.146505517369745,-8.471616410324803,-5.19849014011573,-9.489752881258681
32,0,0.0,2.4423470353692043,-4.027666666666667,"(0, 0, 0, 1, 1, 0, 0, 0, 0, 0, 0, 0, 0, 0, 0, 0, 1, 1, 0, 0, 1, 1, 0, 0, 0)",3.0,7.0,8.0,10.0,3.2706666666666666,7.298333333333333,8.460333333333333,11.603666666666667,0.0,7.1780307997608075,8.517373208173357,12.292956784366687,1.0,2.0,3.0,6.0,0.5157592509591344,0.006708574300178897,0.09797320621178061,0.0017285446525997698,4.0,5.0,7.0,4.027666666666667,5.189666666666666,8.333,7.1780307997608075,8.517373208173357,12.292956784366687,-7.694282500795948,-8.127414206227575,-9.671588712488147
32,1,0.2857142857142857,2.4423470353692043,-5.068999999999999,"(0, 0, 0, 0, 1, 0, 0, 0, 0, 1, 0, 0, 0, 0, 1, 0, 0, 1, 0, 0, 0, 0, 1, 0, 1)",3.0,8.0,7.0,11.0,3.028,8.278333333333334,8.097,12.185,0.0,11.533780345611452,9.407540859592228,15.719895321261063,1.0,8.0,1.0,27.0,0.31286222384695483,0.14270505680981443,0.05902671396950222,0.01384693496841481,5.0,4.0,8.0,5.250333333333334,5.068999999999999,9.157,11.533780345611452,9.407540859592228,15.719895321261063,-15.346358182336948,-10.596222406253238,-16.02886793132038
32,2,0.5714285714285714,2.4423470353692043,-2.8869999999999996,"(0, 0, 1, 0, 0, 0, 0, 1, 0, 1, 1, 0, 0, 0, 0, 0, 0, 0, 0, 0, 1, 0, 0, 0, 1)",4.0,7.0,8.0,10.0,4.343333333333334,7.230333333333333,8.265666666666666,10.974333333333334,0.0,7.584070994390939,9.038312262222968,13.13967779574527,2.0,2.0,6.0,6.0,0.27823516413219745,0.2445082642935521,0.004244253762095598,0.005634927278408191,3.0,4.0,6.0,2.8869999999999996,3.9223333333333326,6.631,7.584070994390939,9.038312262222968,13.13967779574527,-11.471877418069392,-12.494995969984918,-15.896449918611825
32,3,0.8571428571428571,2.4423470353692043,-2.996333333333334,"(1, 0, 0, 0, 0, 1, 0, 1, 1, 1, 1, 0, 0, 0, 1, 0, 0, 0, 0, 0, 0, 0, 1, 0, 0)",5.0,9.0,8.0,11.0,5.26,10.760333333333334,8.256333333333334,12.656666666666666,0.0,6.951543818014239,4.5216120467414935,10.770438348301447,1.0,1.0,2.0,1.0,0.31330141353745483,0.06289326646398909,0.017517063969116512,0.026248365993545745,4.0,3.0,6.0,5.500333333333334,2.996333333333334,7.3966666666666665,6.951543818014239,4.5216120467414935,10.770438348301447,-3.544359624957114,-3.725259943804172,-8.23992126465328
32,4,1.1428571428571428,2.4423470353692043,-4.102999999999999,"(0, 0, 0, 1, 1, 1, 1, 0, 0, 0, 1, 0, 0, 0, 0, 1, 0, 0, 0, 0, 1, 0, 1, 1, 1)",5.0,9.0,10.0,12.0,5.201666666666667,9.304666666666666,10.517,12.753,0.0,7.0759813994663,8.670142015235701,10.713192447511323,1.0,6.0,7.0,14.0,0.32070207096277564,0.0023652705702661247,0.032786298622354,0.06705912198849598,4.0,5.0,7.0,4.102999999999999,5.315333333333332,7.551333333333333,7.0759813994663,8.670142015235701,10.713192447511323,-7.261052307194308,-8.193607038475118,-7.722357233767713
32,5,1.4285714285714284,2.4423470353692043,-3.2046666666666663,"(0, 1, 1, 1, 1, 0, 0, 0, 0, 0, 0, 1, 1, 0, 0, 0, 0, 0, 0, 0, 0, 0, 0, 1, 1)",4.0,7.0,7.0,10.0,4.318666666666667,7.523333333333333,8.627333333333333,10.953,0.0,5.883356204906236,6.0564779039299905,10.983899479192718,2.0,2.0,2.0,8.0,0.3001554671849656,0.11561132706527566,0.04896105947853105,0.06625647965928737,3.0,3.0,6.0,3.2046666666666663,4.3086666666666655,6.634333333333332,5.883356204906236,6.0564779039299905,10.983899479192718,-6.5422894523939155,-4.2687615937150625,-10.623149981481928
32,6,1.7142857142857142,2.4423470353692043,-3.315666666666666,"(0, 0, 0, 1, 1, 0, 0, 0, 1, 0, 1, 0, 0, 0, 1, 0, 0, 0, 1, 0, 0, 0, 0, 0, 0)",4.0,8.0,8.0,12.0,5.166333333333333,9.372666666666667,8.482,13.191,0.0,7.731643029705803,8.704375579514794,12.475481519476613,1.0,7.0,4.0,69.0,0.2852572938357706,0.06111620554326765,0.06786806746844117,0.0021965075249965613,4.0,4.0,8.0,4.206333333333334,3.315666666666666,8.024666666666668,7.731643029705803,8.704375579514794,12.475481519476613,-8.61002968569361,-13.161097237762233,-10.87043446073759
32,7,2.0,2.4423470353692043,-2.902333333333334,"(0, 0, 0, 0, 0, 0, 0, 0, 0, 1, 0, 1, 1, 1, 0, 0, 0, 0, 1, 1, 0, 1, 1, 0, 0)",5.0,8.0,9.0,11.0,5.147666666666667,8.05,9.462666666666667,12.408666666666667,0.0,6.370970790517696,6.443481360278879,11.146505517369745,3.0,3.0,11.0,8.0,0.06332926188695857,0.0691023832657965,0.08109731918108617,0.048732545336226965,3.0,4.0,6.0,2.902333333333334,4.315,7.261,6.370970790517696,6.443481360278879,11.146505517369745,-8.471616410324803,-5.19849014011573,-9.489752881258681
33,0,0.0,2.4423470353692043,-4.027666666666667,"(0, 0, 0, 1, 1, 0, 0, 0, 0, 0, 0, 0, 0, 0, 0, 0, 1, 1, 0, 0, 1, 1, 0, 0, 0)",3.0,7.0,8.0,10.0,3.2706666666666666,7.298333333333333,8.460333333333333,11.603666666666667,0.0,7.1780307997608075,8.517373208173357,12.292956784366687,1.0,2.0,3.0,6.0,0.5157592509591344,0.006708574300178897,0.09797320621178061,0.0017285446525997698,4.0,5.0,7.0,4.027666666666667,5.189666666666666,8.333,7.1780307997608075,8.517373208173357,12.292956784366687,-7.694282500795948,-8.127414206227575,-9.671588712488147
33,1,0.2857142857142857,2.4423470353692043,-5.068999999999999,"(0, 0, 0, 0, 1, 0, 0, 0, 0, 1, 0, 0, 0, 0, 1, 0, 0, 1, 0, 0, 0, 0, 1, 0, 1)",3.0,8.0,7.0,11.0,3.028,8.278333333333334,8.097,12.185,0.0,11.533780345611452,9.407540859592228,15.719895321261063,1.0,8.0,1.0,27.0,0.31286222384695483,0.14270505680981443,0.05902671396950222,0.01384693496841481,5.0,4.0,8.0,5.250333333333334,5.068999999999999,9.157,11.533780345611452,9.407540859592228,15.719895321261063,-15.346358182336948,-10.596222406253238,-16.02886793132038
33,2,0.5714285714285714,2.4423470353692043,-2.8869999999999996,"(0, 0, 1, 0, 0, 0, 0, 1, 0, 1, 1, 0, 0, 0, 0, 0, 0, 0, 0, 0, 1, 0, 0, 0, 1)",4.0,7.0,8.0,10.0,4.343333333333334,7.230333333333333,8.265666666666666,10.974333333333334,0.0,7.584070994390939,9.038312262222968,13.13967779574527,2.0,2.0,6.0,6.0,0.27823516413219745,0.2445082642935521,0.004244253762095598,0.005634927278408191,3.0,4.0,6.0,2.8869999999999996,3.9223333333333326,6.631,7.584070994390939,9.038312262222968,13.13967779574527,-11.471877418069392,-12.494995969984918,-15.896449918611825
33,3,0.8571428571428571,2.4423470353692043,-2.996333333333334,"(1, 0, 0, 0, 0, 1, 0, 1, 1, 1, 1, 0, 0, 0, 1, 0, 0, 0, 0, 0, 0, 0, 1, 0, 0)",5.0,9.0,8.0,11.0,5.26,10.760333333333334,8.256333333333334,12.656666666666666,0.0,6.951543818014239,4.5216120467414935,10.770438348301447,1.0,1.0,2.0,1.0,0.31330141353745483,0.06289326646398909,0.017517063969116512,0.026248365993545745,4.0,3.0,6.0,5.500333333333334,2.996333333333334,7.3966666666666665,6.951543818014239,4.5216120467414935,10.770438348301447,-3.544359624957114,-3.725259943804172,-8.23992126465328
33,4,1.1428571428571428,2.4423470353692043,-2.634999999999999,"(0, 0, 0, 1, 1, 1, 1, 0, 0, 0, 1, 0, 0, 0, 1, 1, 0, 0, 0, 1, 1, 0, 1, 1, 1)",6.0,8.0,11.0,11.0,6.226333333333334,8.861333333333333,11.557,12.924666666666667,0.0,4.330851174684519,6.497782876031923,10.014409823502913,3.0,1.0,27.0,1.0,0.31330245199706636,0.14007122533183114,0.03293512774537454,0.020405051446514038,2.0,5.0,5.0,2.634999999999999,5.330666666666667,6.698333333333333,4.330851174684519,6.497782876031923,10.014409823502913,-4.141857088918121,-2.8505028138745785,-8.099009584823188
33,5,1.4285714285714284,2.4423470353692043,-3.2046666666666663,"(0, 1, 1, 1, 1, 0, 0, 0, 0, 0, 0, 1, 1, 0, 0, 0, 0, 0, 0, 0, 0, 0, 0, 1, 1)",4.0,7.0,7.0,10.0,4.318666666666667,7.523333333333333,8.627333333333333,10.953,0.0,5.883356204906236,6.0564779039299905,10.983899479192718,2.0,2.0,2.0,8.0,0.3001554671849656,0.11561132706527566,0.04896105947853105,0.06625647965928737,3.0,3.0,6.0,3.2046666666666663,4.3086666666666655,6.634333333333332,5.883356204906236,6.0564779039299905,10.983899479192718,-6.5422894523939155,-4.2687615937150625,-10.623149981481928
33,6,1.7142857142857142,2.4423470353692043,-3.315666666666666,"(0, 0, 0, 1, 1, 0, 0, 0, 1, 0, 1, 0, 0, 0, 1, 0, 0, 0, 1, 0, 0, 0, 0, 0, 0)",4.0,8.0,8.0,12.0,5.166333333333333,9.372666666666667,8.482,13.191,0.0,7.731643029705803,8.704375579514794,12.475481519476613,1.0,7.0,4.0,69.0,0.2852572938357706,0.06111620554326765,0.06786806746844117,0.0021965075249965613,4.0,4.0,8.0,4.206333333333334,3.315666666666666,8.024666666666668,7.731643029705803,8.704375579514794,12.475481519476613,-8.61002968569361,-13.161097237762233,-10.87043446073759
33,7,2.0,2.4423470353692043,-2.902333333333334,"(0, 0, 0, 0, 0, 0, 0, 0, 0, 1, 0, 1, 1, 1, 0, 0, 0, 0, 1, 1, 0, 1, 1, 0, 0)",5.0,8.0,9.0,11.0,5.147666666666667,8.05,9.462666666666667,12.408666666666667,0.0,6.370970790517696,6.443481360278879,11.146505517369745,3.0,3.0,11.0,8.0,0.06332926188695857,0.0691023832657965,0.08109731918108617,0.048732545336226965,3.0,4.0,6.0,2.902333333333334,4.315,7.261,6.370970790517696,6.443481360278879,11.146505517369745,-8.471616410324803,-5.19849014011573,-9.489752881258681
34,0,0.0,2.4423470353692043,-4.027666666666667,"(0, 0, 0, 1, 1, 0, 0, 0, 0, 0, 0, 0, 0, 0, 0, 0, 1, 1, 0, 0, 1, 1, 0, 0, 0)",3.0,7.0,8.0,10.0,3.2706666666666666,7.298333333333333,8.460333333333333,11.603666666666667,0.0,7.1780307997608075,8.517373208173357,12.292956784366687,1.0,2.0,3.0,6.0,0.5157592509591344,0.006708574300178897,0.09797320621178061,0.0017285446525997698,4.0,5.0,7.0,4.027666666666667,5.189666666666666,8.333,7.1780307997608075,8.517373208173357,12.292956784366687,-7.694282500795948,-8.127414206227575,-9.671588712488147
34,1,0.2857142857142857,2.4423470353692043,-5.068999999999999,"(0, 0, 0, 0, 1, 0, 0, 0, 0, 1, 0, 0, 0, 0, 1, 0, 0, 1, 0, 0, 0, 0, 1, 0, 1)",3.0,8.0,7.0,11.0,3.028,8.278333333333334,8.097,12.185,0.0,11.533780345611452,9.407540859592228,15.719895321261063,1.0,8.0,1.0,27.0,0.31286222384695483,0.14270505680981443,0.05902671396950222,0.01384693496841481,5.0,4.0,8.0,5.250333333333334,5.068999999999999,9.157,11.533780345611452,9.407540859592228,15.719895321261063,-15.346358182336948,-10.596222406253238,-16.02886793132038
34,2,0.5714285714285714,2.4423470353692043,-2.8869999999999996,"(0, 0, 1, 0, 0, 0, 0, 1, 0, 1, 1, 0, 0, 0, 0, 0, 0, 0, 0, 0, 1, 0, 0, 0, 1)",4.0,7.0,8.0,10.0,4.343333333333334,7.230333333333333,8.265666666666666,10.974333333333334,0.0,7.584070994390939,9.038312262222968,13.13967779574527,2.0,2.0,6.0,6.0,0.27823516413219745,0.2445082642935521,0.004244253762095598,0.005634927278408191,3.0,4.0,6.0,2.8869999999999996,3.9223333333333326,6.631,7.584070994390939,9.038312262222968,13.13967779574527,-11.471877418069392,-12.494995969984918,-15.896449918611825
34,3,0.8571428571428571,2.4423470353692043,-2.5076666666666663,"(1, 0, 0, 0, 0, 1, 0, 1, 1, 1, 1, 0, 0, 0, 1, 0, 0, 0, 1, 0, 0, 0, 1, 1, 0)",6.0,10.0,9.0,12.0,7.1273333333333335,10.871333333333334,9.635,13.748,0.0,4.356780759043357,5.271778938655147,9.669034815512425,1.0,23.0,2.0,14.0,0.1312835495353062,0.10278179595941023,0.02888852446403886,0.006817085149119122,4.0,3.0,6.0,3.7440000000000007,2.5076666666666663,6.620666666666666,4.356780759043357,5.271778938655147,9.669034815512425,-1.4966232701808313,-6.750921412918701,-7.445172911047351
34,4,1.1428571428571428,2.4423470353692043,-2.2880000000000003,"(0, 0, 0, 0, 1, 1, 1, 0, 0, 0, 1, 0, 0, 0, 1, 1, 0, 0, 0, 1, 1, 0, 1, 0, 1)",6.0,9.0,10.0,13.0,7.26,9.548,10.314333333333334,13.925,0.0,4.811043739027387,6.635137759582158,9.784802064988925,2.0,10.0,25.0,53.0,0.23806746190061456,0.0567889878692113,0.05798624691145446,0.0007433242023981495,3.0,4.0,7.0,2.2880000000000003,3.054333333333334,6.665000000000001,4.811043739027387,6.635137759582158,9.784802064988925,-6.16214839612037,-8.745567074685741,-7.619639324364421
34,5,1.4285714285714284,2.4423470353692043,-2.3913333333333338,"(0, 1, 1, 1, 1, 0, 0, 0, 0, 0, 0, 1, 1, 1, 1, 0, 0, 0, 0, 0, 0, 0, 0, 1, 1)",5.0,7.0,8.0,12.0,5.078333333333333,7.469666666666667,8.635333333333334,12.581,0.0,6.546629816739306,6.933728253250683,11.568448104919057,2.0,1.0,2.0,38.0,0.24296921006269132,0.11218423982783828,0.04026009984858553,0.021410681605078634,2.0,3.0,7.0,2.3913333333333338,3.5570000000000004,7.502666666666666,6.546629816739306,6.933728253250683,11.568448104919057,-10.148676047326656,-8.247142238574236,-9.930049242174865
34,6,1.7142857142857142,2.4423470353692043,-3.315666666666666,"(0, 0, 0, 1, 1, 0, 0, 0, 1, 0, 1, 0, 0, 0, 1, 0, 0, 0, 1, 0, 0, 0, 0, 0, 0)",4.0,8.0,8.0,12.0,5.166333333333333,9.372666666666667,8.482,13.191,0.0,7.731643029705803,8.704375579514794,12.475481519476613,1.0,7.0,4.0,69.0,0.2852572938357706,0.06111620554326765,0.06786806746844117,0.0021965075249965613,4.0,4.0,8.0,4.206333333333334,3.315666666666666,8.024666666666668,7.731643029705803,8.704375579514794,12.475481519476613,-8.61002968569361,-13.161097237762233,-10.87043446073759
34,7,2.0,2.4423470353692043,-2.902333333333334,"(0, 0, 0, 0, 0, 0, 0, 0, 0, 1, 0, 1, 1, 1, 0, 0, 0, 0, 1, 1, 0, 1, 1, 0, 0)",5.0,8.0,9.0,11.0,5.147666666666667,8.05,9.462666666666667,12.408666666666667,0.0,6.370970790517696,6.443481360278879,11.146505517369745,3.0,3.0,11.0,8.0,0.06332926188695857,0.0691023832657965,0.08109731918108617,0.048732545336226965,3.0,4.0,6.0,2.902333333333334,4.315,7.261,6.370970790517696,6.443481360278879,11.146505517369745,-8.471616410324803,-5.19849014011573,-9.489752881258681
35,0,0.0,2.4423470353692043,-4.027666666666667,"(0, 0, 0, 1, 1, 0, 0, 0, 0, 0, 0, 0, 0, 0, 0, 0, 1, 1, 0, 0, 1, 1, 0, 0, 0)",3.0,7.0,8.0,10.0,3.2706666666666666,7.298333333333333,8.460333333333333,11.603666666666667,0.0,7.1780307997608075,8.517373208173357,12.292956784366687,1.0,2.0,3.0,6.0,0.5157592509591344,0.006708574300178897,0.09797320621178061,0.0017285446525997698,4.0,5.0,7.0,4.027666666666667,5.189666666666666,8.333,7.1780307997608075,8.517373208173357,12.292956784366687,-7.694282500795948,-8.127414206227575,-9.671588712488147
35,1,0.2857142857142857,2.4423470353692043,-5.068999999999999,"(0, 0, 0, 0, 1, 0, 0, 0, 0, 1, 0, 0, 0, 0, 1, 0, 0, 1, 0, 0, 0, 0, 1, 0, 1)",3.0,8.0,7.0,11.0,3.028,8.278333333333334,8.097,12.185,0.0,11.533780345611452,9.407540859592228,15.719895321261063,1.0,8.0,1.0,27.0,0.31286222384695483,0.14270505680981443,0.05902671396950222,0.01384693496841481,5.0,4.0,8.0,5.250333333333334,5.068999999999999,9.157,11.533780345611452,9.407540859592228,15.719895321261063,-15.346358182336948,-10.596222406253238,-16.02886793132038
35,2,0.5714285714285714,2.4423470353692043,-2.8869999999999996,"(0, 0, 1, 0, 0, 0, 0, 1, 0, 1, 1, 0, 0, 0, 0, 0, 0, 0, 0, 0, 1, 0, 0, 0, 1)",4.0,7.0,8.0,10.0,4.343333333333334,7.230333333333333,8.265666666666666,10.974333333333334,0.0,7.584070994390939,9.038312262222968,13.13967779574527,2.0,2.0,6.0,6.0,0.27823516413219745,0.2445082642935521,0.004244253762095598,0.005634927278408191,3.0,4.0,6.0,2.8869999999999996,3.9223333333333326,6.631,7.584070994390939,9.038312262222968,13.13967779574527,-11.471877418069392,-12.494995969984918,-15.896449918611825
35,3,0.8571428571428571,2.4423470353692043,-2.5076666666666663,"(1, 0, 0, 0, 0, 1, 0, 1, 1, 1, 1, 0, 0, 0, 1, 0, 0, 0, 1, 0, 0, 0, 1, 1, 0)",6.0,10.0,9.0,12.0,7.1273333333333335,10.871333333333334,9.635,13.748,0.0,4.356780759043357,5.271778938655147,9.669034815512425,1.0,23.0,2.0,14.0,0.1312835495353062,0.10278179595941023,0.02888852446403886,0.006817085149119122,4.0,3.0,6.0,3.7440000000000007,2.5076666666666663,6.620666666666666,4.356780759043357,5.271778938655147,9.669034815512425,-1.4966232701808313,-6.750921412918701,-7.445172911047351
35,4,1.1428571428571428,2.4423470353692043,-2.2880000000000003,"(0, 0, 0, 0, 1, 1, 1, 0, 0, 0, 1, 0, 0, 0, 1, 1, 0, 0, 0, 1, 1, 0, 1, 0, 1)",6.0,9.0,10.0,13.0,7.26,9.548,10.314333333333334,13.925,0.0,4.811043739027387,6.635137759582158,9.784802064988925,2.0,10.0,25.0,53.0,0.23806746190061456,0.0567889878692113,0.05798624691145446,0.0007433242023981495,3.0,4.0,7.0,2.2880000000000003,3.054333333333334,6.665000000000001,4.811043739027387,6.635137759582158,9.784802064988925,-6.16214839612037,-8.745567074685741,-7.619639324364421
35,5,1.4285714285714284,2.4423470353692043,-2.862666666666666,"(0, 1, 1, 1, 1, 1, 0, 0, 0, 1, 0, 1, 1, 1, 1, 0, 0, 0, 0, 0, 0, 0, 0, 1, 1)",6.0,9.0,9.0,12.0,6.418666666666667,9.305666666666667,9.281333333333333,14.066333333333333,0.0,6.181498934951611,6.319600091207099,11.08797060008873,2.0,2.0,2.0,5.0,0.12061569929174619,0.17426873243874225,0.06398442813679356,0.02849788028058917,3.0,3.0,6.0,2.8870000000000005,2.862666666666666,7.647666666666666,6.181498934951611,6.319600091207099,11.08797060008873,-8.046309706806067,-8.443031100895038,-8.402416112562388
35,6,1.7142857142857142,2.4423470353692043,-3.315666666666666,"(0, 0, 0, 1, 1, 0, 0, 0, 1, 0, 1, 0, 0, 0, 1, 0, 0, 0, 1, 0, 0, 0, 0, 0, 0)",4.0,8.0,8.0,12.0,5.166333333333333,9.372666666666667,8.482,13.191,0.0,7.731643029705803,8.704375579514794,12.475481519476613,1.0,7.0,4.0,69.0,0.2852572938357706,0.06111620554326765,0.06786806746844117,0.0021965075249965613,4.0,4.0,8.0,4.206333333333334,3.315666666666666,8.024666666666668,7.731643029705803,8.704375579514794,12.475481519476613,-8.61002968569361,-13.161097237762233,-10.87043446073759
35,7,2.0,2.4423470353692043,-2.902333333333334,"(0, 0, 0, 0, 0, 0, 0, 0, 0, 1, 0, 1, 1, 1, 0, 0, 0, 0, 1, 1, 0, 1, 1, 0, 0)",5.0,8.0,9.0,11.0,5.147666666666667,8.05,9.462666666666667,12.408666666666667,0.0,6.370970790517696,6.443481360278879,11.146505517369745,3.0,3.0,11.0,8.0,0.06332926188695857,0.0691023832657965,0.08109731918108617,0.048732545336226965,3.0,4.0,6.0,2.902333333333334,4.315,7.261,6.370970790517696,6.443481360278879,11.146505517369745,-8.471616410324803,-5.19849014011573,-9.489752881258681
36,0,0.0,2.4423470353692043,-4.027666666666667,"(0, 0, 0, 1, 1, 0, 0, 0, 0, 0, 0, 0, 0, 0, 0, 0, 1, 1, 0, 0, 1, 1, 0, 0, 0)",3.0,7.0,8.0,10.0,3.2706666666666666,7.298333333333333,8.460333333333333,11.603666666666667,0.0,7.1780307997608075,8.517373208173357,12.292956784366687,1.0,2.0,3.0,6.0,0.5157592509591344,0.006708574300178897,0.09797320621178061,0.0017285446525997698,4.0,5.0,7.0,4.027666666666667,5.189666666666666,8.333,7.1780307997608075,8.517373208173357,12.292956784366687,-7.694282500795948,-8.127414206227575,-9.671588712488147
36,1,0.2857142857142857,2.4423470353692043,-5.068999999999999,"(0, 0, 0, 0, 1, 0, 0, 0, 0, 1, 0, 0, 0, 0, 1, 0, 0, 1, 0, 0, 0, 0, 1, 0, 1)",3.0,8.0,7.0,11.0,3.028,8.278333333333334,8.097,12.185,0.0,11.533780345611452,9.407540859592228,15.719895321261063,1.0,8.0,1.0,27.0,0.31286222384695483,0.14270505680981443,0.05902671396950222,0.01384693496841481,5.0,4.0,8.0,5.250333333333334,5.068999999999999,9.157,11.533780345611452,9.407540859592228,15.719895321261063,-15.346358182336948,-10.596222406253238,-16.02886793132038
36,2,0.5714285714285714,2.4423470353692043,-2.8869999999999996,"(0, 0, 1, 0, 0, 0, 0, 1, 0, 1, 1, 0, 0, 0, 0, 0, 0, 0, 0, 0, 1, 0, 0, 0, 1)",4.0,7.0,8.0,10.0,4.343333333333334,7.230333333333333,8.265666666666666,10.974333333333334,0.0,7.584070994390939,9.038312262222968,13.13967779574527,2.0,2.0,6.0,6.0,0.27823516413219745,0.2445082642935521,0.004244253762095598,0.005634927278408191,3.0,4.0,6.0,2.8869999999999996,3.9223333333333326,6.631,7.584070994390939,9.038312262222968,13.13967779574527,-11.471877418069392,-12.494995969984918,-15.896449918611825
36,3,0.8571428571428571,2.4423470353692043,-2.5076666666666663,"(1, 0, 0, 0, 0, 1, 0, 1, 1, 1, 1, 0, 0, 0, 1, 0, 0, 0, 1, 0, 0, 0, 1, 1, 0)",6.0,10.0,9.0,12.0,7.1273333333333335,10.871333333333334,9.635,13.748,0.0,4.356780759043357,5.271778938655147,9.669034815512425,1.0,23.0,2.0,14.0,0.1312835495353062,0.10278179595941023,0.02888852446403886,0.006817085149119122,4.0,3.0,6.0,3.7440000000000007,2.5076666666666663,6.620666666666666,4.356780759043357,5.271778938655147,9.669034815512425,-1.4966232701808313,-6.750921412918701,-7.445172911047351
36,4,1.1428571428571428,2.4423470353692043,-2.2880000000000003,"(0, 0, 0, 0, 1, 1, 1, 0, 0, 0, 1, 0, 0, 0, 1, 1, 0, 0, 0, 1, 1, 0, 1, 0, 1)",6.0,9.0,10.0,13.0,7.26,9.548,10.314333333333334,13.925,0.0,4.811043739027387,6.635137759582158,9.784802064988925,2.0,10.0,25.0,53.0,0.23806746190061456,0.0567889878692113,0.05798624691145446,0.0007433242023981495,3.0,4.0,7.0,2.2880000000000003,3.054333333333334,6.665000000000001,4.811043739027387,6.635137759582158,9.784802064988925,-6.16214839612037,-8.745567074685741,-7.619639324364421
36,5,1.4285714285714284,2.4423470353692043,-2.862666666666666,"(0, 1, 1, 1, 1, 1, 0, 0, 0, 1, 0, 1, 1, 1, 1, 0, 0, 0, 0, 0, 0, 0, 0, 1, 1)",6.0,9.0,9.0,12.0,6.418666666666667,9.305666666666667,9.281333333333333,14.066333333333333,0.0,6.181498934951611,6.319600091207099,11.08797060008873,2.0,2.0,2.0,5.0,0.12061569929174619,0.17426873243874225,0.06398442813679356,0.02849788028058917,3.0,3.0,6.0,2.8870000000000005,2.862666666666666,7.647666666666666,6.181498934951611,6.319600091207099,11.08797060008873,-8.046309706806067,-8.443031100895038,-8.402416112562388
36,6,1.7142857142857142,2.4423470353692043,-3.695333333333333,"(0, 0, 1, 1, 1, 0, 0, 1, 1, 0, 1, 0, 0, 0, 1, 0, 0, 0, 1, 0, 0, 0, 0, 0, 0)",5.0,10.0,9.0,12.0,5.673333333333333,10.783666666666667,9.368666666666666,13.397,0.0,7.57078734023746,6.934678054875551,12.34003980777075,1.0,29.0,13.0,8.0,0.19857675348643297,0.12001097432294851,0.00020475296004472126,0.0002926055463430523,5.0,4.0,7.0,5.110333333333334,3.695333333333333,7.723666666666667,7.57078734023746,6.934678054875551,12.34003980777075,-6.0092825494245705,-7.911603977197517,-11.27478525533358
36,7,2.0,2.4423470353692043,-3.0153333333333334,"(0, 0, 0, 0, 0, 0, 0, 0, 0, 0, 0, 1, 1, 1, 1, 0, 0, 0, 1, 1, 0, 1, 1, 0, 0)",4.0,7.0,7.0,11.0,4.225333333333333,7.240666666666667,8.227666666666666,12.487,0.0,5.779461475740558,7.291871308798298,13.135580080163704,2.0,2.0,3.0,13.0,0.13123119385017132,0.1246101508216443,0.015998103506983524,0.001097374604516733,3.0,3.0,7.0,3.0153333333333334,4.002333333333333,8.261666666666667,5.779461475740558,7.291871308798298,13.135580080163704,-6.75096017398887,-8.034193322111271,-11.903787976100688
37,0,0.0,2.4423470353692043,-4.422000000000001,"(0, 0, 1, 0, 1, 0, 0, 0, 0, 0, 0, 0, 0, 0, 0, 0, 1, 1, 0, 0, 1, 1, 0, 0, 0)",4.0,8.0,9.0,12.0,4.129333333333333,8.551333333333334,11.178666666666667,13.299,0.0,8.316083106675014,8.704836911732585,12.668901836083213,1.0,2.0,18.0,44.0,0.2744252650440822,0.04761027813411377,0.009391103970510786,0.0032493607746637903,4.0,5.0,8.0,4.422000000000001,7.049333333333333,9.169666666666666,8.316083106675014,8.704836911732585,12.668901836083213,-9.510702331069021,-4.0433142567465215,-8.54634664208416
37,1,0.2857142857142857,2.4423470353692043,-5.068999999999999,"(0, 0, 0, 0, 1, 0, 0, 0, 0, 1, 0, 0, 0, 0, 1, 0, 0, 1, 0, 0, 0, 0, 1, 0, 1)",3.0,8.0,7.0,11.0,3.028,8.278333333333334,8.097,12.185,0.0,11.533780345611452,9.407540859592228,15.719895321261063,1.0,8.0,1.0,27.0,0.31286222384695483,0.14270505680981443,0.05902671396950222,0.01384693496841481,5.0,4.0,8.0,5.250333333333334,5.068999999999999,9.157,11.533780345611452,9.407540859592228,15.719895321261063,-15.346358182336948,-10.596222406253238,-16.02886793132038
37,2,0.5714285714285714,2.4423470353692043,-2.8869999999999996,"(0, 0, 1, 0, 0, 0, 0, 1, 0, 1, 1, 0, 0, 0, 0, 0, 0, 0, 0, 0, 1, 0, 0, 0, 1)",4.0,7.0,8.0,10.0,4.343333333333334,7.230333333333333,8.265666666666666,10.974333333333334,0.0,7.584070994390939,9.038312262222968,13.13967779574527,2.0,2.0,6.0,6.0,0.27823516413219745,0.2445082642935521,0.004244253762095598,0.005634927278408191,3.0,4.0,6.0,2.8869999999999996,3.9223333333333326,6.631,7.584070994390939,9.038312262222968,13.13967779574527,-11.471877418069392,-12.494995969984918,-15.896449918611825
37,3,0.8571428571428571,2.4423470353692043,-2.5076666666666663,"(1, 0, 0, 0, 0, 1, 0, 1, 1, 1, 1, 0, 0, 0, 1, 0, 0, 0, 1, 0, 0, 0, 1, 1, 0)",6.0,10.0,9.0,12.0,7.1273333333333335,10.871333333333334,9.635,13.748,0.0,4.356780759043357,5.271778938655147,9.669034815512425,1.0,23.0,2.0,14.0,0.1312835495353062,0.10278179595941023,0.02888852446403886,0.006817085149119122,4.0,3.0,6.0,3.7440000000000007,2.5076666666666663,6.620666666666666,4.356780759043357,5.271778938655147,9.669034815512425,-1.4966232701808313,-6.750921412918701,-7.445172911047351
37,4,1.1428571428571428,2.4423470353692043,-3.2920000000000007,"(0, 0, 0, 0, 1, 1, 1, 0, 0, 0, 1, 0, 0, 0, 1, 1, 0, 0, 0, 1, 1, 0, 0, 1, 1)",6.0,8.0,9.0,11.0,6.073333333333333,9.365333333333334,10.559333333333333,11.954,0.0,6.366832369152211,8.097140263548805,11.226424539804881,9.0,3.0,3.0,7.0,0.25818159759388115,0.13125758997657697,0.048622648912572314,0.019475359365130267,2.0,3.0,5.0,3.2920000000000007,4.486,5.880666666666667,6.366832369152211,8.097140263548805,11.226424539804881,-7.509807721056166,-8.819657716980792,-13.0561958932607
37,5,1.4285714285714284,2.4423470353692043,-3.605666666666667,"(0, 1, 1, 1, 1, 1, 0, 0, 0, 1, 0, 1, 1, 1, 1, 0, 0, 0, 0, 0, 0, 0, 1, 0, 1)",7.0,10.0,10.0,12.0,7.207,10.812666666666667,11.128333333333334,13.335666666666667,0.0,7.7780611919724585,7.617246208288037,10.980670153668175,4.0,4.0,4.0,6.0,0.1383408704124115,0.08943380751941507,0.04559533024579192,0.0592688444422411,3.0,3.0,5.0,3.605666666666667,3.921333333333334,6.128666666666667,7.7780611919724585,7.617246208288037,10.980670153668175,-10.190435399271298,-9.026701853128491,-11.850276332079176
37,6,1.7142857142857142,2.4423470353692043,-3.695333333333333,"(0, 0, 1, 1, 1, 0, 0, 1, 1, 0, 1, 0, 0, 0, 1, 0, 0, 0, 1, 0, 0, 0, 0, 0, 0)",5.0,10.0,9.0,12.0,5.673333333333333,10.783666666666667,9.368666666666666,13.397,0.0,7.57078734023746,6.934678054875551,12.34003980777075,1.0,29.0,13.0,8.0,0.19857675348643297,0.12001097432294851,0.00020475296004472126,0.0002926055463430523,5.0,4.0,7.0,5.110333333333334,3.695333333333333,7.723666666666667,7.57078734023746,6.934678054875551,12.34003980777075,-6.0092825494245705,-7.911603977197517,-11.27478525533358
37,7,2.0,2.4423470353692043,-2.006666666666666,"(0, 0, 0, 0, 0, 0, 0, 0, 0, 0, 0, 1, 1, 1, 1, 0, 0, 1, 1, 1, 0, 1, 0, 0, 0)",5.0,8.0,6.0,11.0,5.166,8.689333333333334,7.172666666666666,11.513333333333334,0.0,8.893779592107673,6.046979887681331,13.001115307271988,7.0,4.0,1.0,31.0,0.23628838017772244,0.03648018651785169,0.13299660422210194,0.0001554492753217514,3.0,1.0,6.0,3.5233333333333334,2.006666666666666,6.347333333333333,8.893779592107673,6.046979887681331,13.001115307271988,-13.116493498727143,-9.867847017308168,-16.250844678042125
38,0,0.0,2.4423470353692043,-4.422000000000001,"(0, 0, 1, 0, 1, 0, 0, 0, 0, 0, 0, 0, 0, 0, 0, 0, 1, 1, 0, 0, 1, 1, 0, 0, 0)",4.0,8.0,9.0,12.0,4.129333333333333,8.551333333333334,11.178666666666667,13.299,0.0,8.316083106675014,8.704836911732585,12.668901836083213,1.0,2.0,18.0,44.0,0.2744252650440822,0.04761027813411377,0.009391103970510786,0.0032493607746637903,4.0,5.0,8.0,4.422000000000001,7.049333333333333,9.169666666666666,8.316083106675014,8.704836911732585,12.668901836083213,-9.510702331069021,-4.0433142567465215,-8.54634664208416
38,1,0.2857142857142857,2.4423470353692043,-4.6,"(0, 0, 0, 0, 1, 0, 0, 1, 1, 1, 0, 0, 0, 0, 1, 0, 0, 1, 0, 0, 0, 0, 1, 0, 1)",4.0,9.0,8.0,11.0,4.049333333333333,9.354333333333333,8.649333333333333,13.022,0.0,8.308810339947469,8.244793710431516,13.54529736394153,1.0,5.0,2.0,6.0,0.15182074564153553,0.054058567582207936,0.0627809892031353,0.01404126825192909,5.0,4.0,7.0,5.305,4.6,8.972666666666667,8.308810339947469,8.244793710431516,13.54529736394153,-7.336347278582062,-8.901851113204735,-11.167951027327481
38,2,0.5714285714285714,2.4423470353692043,-4.347666666666667,"(0, 0, 1, 0, 0, 0, 0, 1, 0, 1, 1, 0, 0, 0, 0, 0, 0, 0, 0, 0, 0, 0, 0, 0, 0)",3.0,7.0,7.0,10.0,3.0573333333333332,8.097333333333333,7.405,11.617,0.0,9.653743009352086,7.225385195057692,12.962811164600614,2.0,2.0,7.0,18.0,0.38464861779326825,0.09653175147589103,0.02156949322527237,0.011234246318168554,4.0,4.0,7.0,5.04,4.347666666666667,8.559666666666669,9.653743009352086,7.225385195057692,12.962811164600614,-11.268361560846458,-7.028387316442849,-10.754006910831196
38,3,0.8571428571428571,2.4423470353692043,-3.9833333333333325,"(1, 0, 1, 0, 0, 1, 0, 0, 1, 1, 1, 0, 0, 0, 1, 0, 0, 0, 1, 0, 0, 0, 1, 1, 0)",5.0,9.0,9.0,11.0,5.686333333333334,10.368333333333334,9.669666666666666,12.176,0.0,7.529389557987951,7.881128236865038,9.97310702141589,1.0,3.0,3.0,6.0,0.29199619243894814,0.061811499706819005,0.05433165795575485,0.04122713744068881,4.0,4.0,6.0,4.682,3.9833333333333325,6.4896666666666665,7.529389557987951,7.881128236865038,9.97310702141589,-6.9543134454931,-9.519767827117855,-8.507770223307215
38,4,1.1428571428571428,2.4423470353692043,-2.153666666666666,"(0, 0, 0, 0, 1, 0, 0, 0, 0, 0, 1, 0, 0, 0, 1, 1, 0, 0, 0, 1, 1, 0, 0, 1, 1)",5.0,7.0,8.0,11.0,5.066333333333334,7.22,8.727333333333334,11.92,0.0,4.580160532617151,6.192584476773259,10.829516009368104,9.0,3.0,5.0,28.0,0.1888973331818005,0.24043694984192446,0.1427635113130424,0.012066317573694935,2.0,3.0,6.0,2.153666666666666,3.6610000000000005,6.853666666666666,4.580160532617151,6.192584476773259,10.829516009368104,-5.926340099845725,-6.1830078416338665,-9.710403855221458
38,5,1.4285714285714284,2.4423470353692043,-3.605666666666667,"(0, 1, 1, 1, 1, 1, 0, 0, 0, 1, 0, 1, 1, 1, 1, 0, 0, 0, 0, 0, 0, 0, 1, 0, 1)",7.0,10.0,10.0,12.0,7.207,10.812666666666667,11.128333333333334,13.335666666666667,0.0,7.7780611919724585,7.617246208288037,10.980670153668175,4.0,4.0,4.0,6.0,0.1383408704124115,0.08943380751941507,0.04559533024579192,0.0592688444422411,3.0,3.0,5.0,3.605666666666667,3.921333333333334,6.128666666666667,7.7780611919724585,7.617246208288037,10.980670153668175,-10.190435399271298,-9.026701853128491,-11.850276332079176
38,6,1.7142857142857142,2.4423470353692043,-4.986666666666666,"(0, 0, 1, 0, 1, 0, 0, 1, 0, 0, 1, 0, 0, 0, 1, 0, 0, 0, 1, 0, 0, 0, 0, 0, 0)",5.0,9.0,9.0,12.0,5.247333333333334,10.234,10.771666666666667,12.703333333333333,0.0,5.381331771786096,6.07769918594842,10.24830525792344,3.0,10.0,4.0,84.0,0.18940428063030976,0.11893015762620779,0.00011445842301481675,0.04646736040542431,4.0,4.0,7.0,4.986666666666666,5.524333333333333,7.4559999999999995,5.381331771786096,6.07769918594842,10.24830525792344,-0.9639091494521138,-1.3515114496090106,-6.819778468535154
38,7,2.0,2.4423470353692043,-2.006666666666666,"(0, 0, 0, 0, 0, 0, 0, 0, 0, 0, 0, 1, 1, 1, 1, 0, 0, 1, 1, 1, 0, 1, 0, 0, 0)",5.0,8.0,6.0,11.0,5.166,8.689333333333334,7.172666666666666,11.513333333333334,0.0,8.893779592107673,6.046979887681331,13.001115307271988,7.0,4.0,1.0,31.0,0.23628838017772244,0.03648018651785169,0.13299660422210194,0.0001554492753217514,3.0,1.0,6.0,3.5233333333333334,2.006666666666666,6.347333333333333,8.893779592107673,6.046979887681331,13.001115307271988,-13.116493498727143,-9.867847017308168,-16.250844678042125
39,0,0.0,2.4423470353692043,-4.668666666666667,"(0, 0, 1, 0, 1, 0, 0, 0, 0, 0, 0, 0, 0, 0, 0, 0, 0, 0, 0, 0, 1, 1, 0, 0, 0)",3.0,7.0,8.0,11.0,3.1446666666666667,7.8133333333333335,8.594666666666667,12.264666666666667,0.0,6.545978524196542,9.00949256720561,13.30799621226613,1.0,2.0,20.0,19.0,0.4028064488034579,0.09026436890228046,0.05995323178637484,0.01255962654062899,4.0,5.0,8.0,4.668666666666667,5.45,9.120000000000001,6.545978524196542,9.00949256720561,13.30799621226613,-4.5850470497015445,-8.69351611893334,-10.228540133165636
39,1,0.2857142857142857,2.4423470353692043,-4.6,"(0, 0, 0, 0, 1, 0, 0, 1, 1, 1, 0, 0, 0, 0, 1, 0, 0, 1, 0, 0, 0, 0, 1, 0, 1)",4.0,9.0,8.0,11.0,4.049333333333333,9.354333333333333,8.649333333333333,13.022,0.0,8.308810339947469,8.244793710431516,13.54529736394153,1.0,5.0,2.0,6.0,0.15182074564153553,0.054058567582207936,0.0627809892031353,0.01404126825192909,5.0,4.0,7.0,5.305,4.6,8.972666666666667,8.308810339947469,8.244793710431516,13.54529736394153,-7.336347278582062,-8.901851113204735,-11.167951027327481
39,2,0.5714285714285714,2.4423470353692043,-4.347666666666667,"(0, 0, 1, 0, 0, 0, 0, 1, 0, 1, 1, 0, 0, 0, 0, 0, 0, 0, 0, 0, 0, 0, 0, 0, 0)",3.0,7.0,7.0,10.0,3.0573333333333332,8.097333333333333,7.405,11.617,0.0,9.653743009352086,7.225385195057692,12.962811164600614,2.0,2.0,7.0,18.0,0.38464861779326825,0.09653175147589103,0.02156949322527237,0.011234246318168554,4.0,4.0,7.0,5.04,4.347666666666667,8.559666666666669,9.653743009352086,7.225385195057692,12.962811164600614,-11.268361560846458,-7.028387316442849,-10.754006910831196
39,3,0.8571428571428571,2.4423470353692043,-3.9833333333333325,"(1, 0, 1, 0, 0, 1, 0, 0, 1, 1, 1, 0, 0, 0, 1, 0, 0, 0, 1, 0, 0, 0, 1, 1, 0)",5.0,9.0,9.0,11.0,5.686333333333334,10.368333333333334,9.669666666666666,12.176,0.0,7.529389557987951,7.881128236865038,9.97310702141589,1.0,3.0,3.0,6.0,0.29199619243894814,0.061811499706819005,0.05433165795575485,0.04122713744068881,4.0,4.0,6.0,4.682,3.9833333333333325,6.4896666666666665,7.529389557987951,7.881128236865038,9.97310702141589,-6.9543134454931,-9.519767827117855,-8.507770223307215
39,4,1.1428571428571428,2.4423470353692043,-2.153666666666666,"(0, 0, 0, 0, 1, 0, 0, 0, 0, 0, 1, 0, 0, 0, 1, 1, 0, 0, 0, 1, 1, 0, 0, 1, 1)",5.0,7.0,8.0,11.0,5.066333333333334,7.22,8.727333333333334,11.92,0.0,4.580160532617151,6.192584476773259,10.829516009368104,9.0,3.0,5.0,28.0,0.1888973331818005,0.24043694984192446,0.1427635113130424,0.012066317573694935,2.0,3.0,6.0,2.153666666666666,3.6610000000000005,6.853666666666666,4.580160532617151,6.192584476773259,10.829516009368104,-5.926340099845725,-6.1830078416338665,-9.710403855221458
39,5,1.4285714285714284,2.4423470353692043,-3.605666666666667,"(0, 1, 1, 1, 1, 1, 0, 0, 0, 1, 0, 1, 1, 1, 1, 0, 0, 0, 0, 0, 0, 0, 1, 0, 1)",7.0,10.0,10.0,12.0,7.207,10.812666666666667,11.128333333333334,13.335666666666667,0.0,7.7780611919724585,7.617246208288037,10.980670153668175,4.0,4.0,4.0,6.0,0.1383408704124115,0.08943380751941507,0.04559533024579192,0.0592688444422411,3.0,3.0,5.0,3.605666666666667,3.921333333333334,6.128666666666667,7.7780611919724585,7.617246208288037,10.980670153668175,-10.190435399271298,-9.026701853128491,-11.850276332079176
39,6,1.7142857142857142,2.4423470353692043,-4.986666666666666,"(0, 0, 1, 0, 1, 0, 0, 1, 0, 0, 1, 0, 0, 0, 1, 0, 0, 0, 1, 0, 0, 0, 0, 0, 0)",5.0,9.0,9.0,12.0,5.247333333333334,10.234,10.771666666666667,12.703333333333333,0.0,5.381331771786096,6.07769918594842,10.24830525792344,3.0,10.0,4.0,84.0,0.18940428063030976,0.11893015762620779,0.00011445842301481675,0.04646736040542431,4.0,4.0,7.0,4.986666666666666,5.524333333333333,7.4559999999999995,5.381331771786096,6.07769918594842,10.24830525792344,-0.9639091494521138,-1.3515114496090106,-6.819778468535154
39,7,2.0,2.4423470353692043,-2.006666666666666,"(0, 0, 0, 0, 0, 0, 0, 0, 0, 0, 0, 1, 1, 1, 1, 0, 0, 1, 1, 1, 0, 1, 0, 0, 0)",5.0,8.0,6.0,11.0,5.166,8.689333333333334,7.172666666666666,11.513333333333334,0.0,8.893779592107673,6.046979887681331,13.001115307271988,7.0,4.0,1.0,31.0,0.23628838017772244,0.03648018651785169,0.13299660422210194,0.0001554492753217514,3.0,1.0,6.0,3.5233333333333334,2.006666666666666,6.347333333333333,8.893779592107673,6.046979887681331,13.001115307271988,-13.116493498727143,-9.867847017308168,-16.250844678042125
40,0,0.0,2.4423470353692043,-4.544,"(0, 0, 0, 0, 1, 0, 0, 1, 1, 1, 0, 0, 0, 0, 1, 0, 0, 0, 1, 0, 0, 0, 1, 0, 1)",5.0,10.0,9.0,11.0,5.084666666666666,10.831333333333333,9.628666666666666,12.432666666666666,0.0,6.601446939088703,6.619303209636181,11.232489701609383,2.0,8.0,5.0,6.0,0.1252221317499388,0.1167978849293616,0.06774878546748668,0.01580772773516761,5.0,4.0,6.0,5.746666666666667,4.544,7.348,6.601446939088703,6.619303209636181,11.232489701609383,-2.0876700642420403,-5.068610641547122,-9.487271906647882
40,1,0.2857142857142857,2.4423470353692043,-4.347666666666667,"(0, 0, 1, 0, 0, 0, 0, 1, 0, 1, 1, 0, 0, 0, 0, 0, 0, 0, 0, 0, 0, 0, 0, 0, 0)",3.0,7.0,7.0,10.0,3.0573333333333332,8.097333333333333,7.405,11.617,0.0,9.653743009352086,7.225385195057692,12.962811164600614,2.0,2.0,7.0,18.0,0.38464861779326825,0.09653175147589103,0.02156949322527237,0.011234246318168554,4.0,4.0,7.0,5.04,4.347666666666667,8.559666666666669,9.653743009352086,7.225385195057692,12.962811164600614,-11.268361560846458,-7.028387316442849,-10.754006910831196
40,2,0.5714285714285714,2.4423470353692043,-3.9833333333333325,"(1, 0, 1, 0, 0, 1, 0, 0, 1, 1, 1, 0, 0, 0, 1, 0, 0, 0, 1, 0, 0, 0, 1, 1, 0)",5.0,9.0,9.0,11.0,5.686333333333334,10.368333333333334,9.669666666666666,12.176,0.0,7.529389557987951,7.881128236865038,9.97310702141589,1.0,3.0,3.0,6.0,0.29199619243894814,0.061811499706819005,0.05433165795575485,0.04122713744068881,4.0,4.0,6.0,4.682,3.9833333333333325,6.4896666666666665,7.529389557987951,7.881128236865038,9.97310702141589,-6.9543134454931,-9.519767827117855,-8.507770223307215
40,3,0.8571428571428571,2.4423470353692043,-4.668666666666667,"(0, 0, 1, 0, 1, 0, 0, 0, 0, 0, 0, 0, 0, 0, 0, 0, 0, 0, 0, 0, 1, 1, 0, 0, 0)",3.0,7.0,8.0,11.0,3.1446666666666667,7.8133333333333335,8.594666666666667,12.264666666666667,0.0,6.545978524196542,9.00949256720561,13.30799621226613,1.0,2.0,20.0,19.0,0.4028064488034579,0.09026436890228046,0.05995323178637484,0.01255962654062899,4.0,5.0,8.0,4.668666666666667,5.45,9.120000000000001,6.545978524196542,9.00949256720561,13.30799621226613,-4.5850470497015445,-8.69351611893334,-10.228540133165636
40,4,1.1428571428571428,2.4423470353692043,-3.605666666666667,"(0, 1, 1, 1, 1, 1, 0, 0, 0, 1, 0, 1, 1, 1, 1, 0, 0, 0, 0, 0, 0, 0, 1, 0, 1)",7.0,10.0,10.0,12.0,7.207,10.812666666666667,11.128333333333334,13.335666666666667,0.0,7.7780611919724585,7.617246208288037,10.980670153668175,4.0,4.0,4.0,6.0,0.1383408704124115,0.08943380751941507,0.04559533024579192,0.0592688444422411,3.0,3.0,5.0,3.605666666666667,3.921333333333334,6.128666666666667,7.7780611919724585,7.617246208288037,10.980670153668175,-10.190435399271298,-9.026701853128491,-11.850276332079176
40,5,1.4285714285714284,2.4423470353692043,-2.488666666666667,"(0, 0, 1, 0, 1, 0, 0, 1, 0, 0, 1, 0, 0, 0, 0, 0, 0, 0, 1, 1, 0, 0, 0, 0, 0)",5.0,9.0,8.0,12.0,5.777666666666667,10.605666666666666,8.266333333333334,13.690333333333333,0.0,5.880479662842357,6.908585647381024,11.172380827350016,3.0,14.0,5.0,38.0,0.1398889051458724,0.12069500569820427,0.06395170728639471,0.013180917668248155,4.0,3.0,7.0,4.827999999999999,2.488666666666667,7.9126666666666665,5.880479662842357,6.908585647381024,11.172380827350016,-2.570520584329412,-10.794976019119785,-7.9613532164959935
40,6,1.7142857142857142,2.4423470353692043,-2.006666666666666,"(0, 0, 0, 0, 0, 0, 0, 0, 0, 0, 0, 1, 1, 1, 1, 0, 0, 1, 1, 1, 0, 1, 0, 0, 0)",5.0,8.0,6.0,11.0,5.166,8.689333333333334,7.172666666666666,11.513333333333334,0.0,8.893779592107673,6.046979887681331,13.001115307271988,7.0,4.0,1.0,31.0,0.23628838017772244,0.03648018651785169,0.13299660422210194,0.0001554492753217514,3.0,1.0,6.0,3.5233333333333334,2.006666666666666,6.347333333333333,8.893779592107673,6.046979887681331,13.001115307271988,-13.116493498727143,-9.867847017308168,-16.250844678042125
40,7,2.0,2.4423470353692043,-2.153666666666666,"(0, 0, 0, 0, 1, 0, 0, 0, 0, 0, 1, 0, 0, 0, 1, 1, 0, 0, 0, 1, 1, 0, 0, 1, 1)",5.0,7.0,8.0,11.0,5.066333333333334,7.22,8.727333333333334,11.92,0.0,4.580160532617151,6.192584476773259,10.829516009368104,9.0,3.0,5.0,28.0,0.1888973331818005,0.24043694984192446,0.1427635113130424,0.012066317573694935,2.0,3.0,6.0,2.153666666666666,3.6610000000000005,6.853666666666666,4.580160532617151,6.192584476773259,10.829516009368104,-5.926340099845725,-6.1830078416338665,-9.710403855221458
41,0,0.0,2.4423470353692043,-4.184666666666668,"(0, 0, 0, 0, 1, 0, 0, 1, 1, 1, 0, 0, 0, 0, 1, 0, 0, 0, 0, 1, 0, 0, 1, 0, 1)",5.0,8.0,9.0,12.0,5.429333333333333,10.167666666666667,9.614,13.161666666666667,0.0,6.871068483198824,7.33291630758714,12.387529889014042,2.0,1.0,5.0,18.0,0.1705443554915004,0.06263913042548476,0.00021578285512800183,0.062239124626544615,3.0,4.0,7.0,4.738333333333334,4.184666666666668,7.732333333333334,6.871068483198824,7.33291630758714,12.387529889014042,-5.208879370501675,-7.689118177104277,-11.369605506827707
41,1,0.2857142857142857,2.4423470353692043,-4.347666666666667,"(0, 0, 1, 0, 0, 0, 0, 1, 0, 1, 1, 0, 0, 0, 0, 0, 0, 0, 0, 0, 0, 0, 0, 0, 0)",3.0,7.0,7.0,10.0,3.0573333333333332,8.097333333333333,7.405,11.617,0.0,9.653743009352086,7.225385195057692,12.962811164600614,2.0,2.0,7.0,18.0,0.38464861779326825,0.09653175147589103,0.02156949322527237,0.011234246318168554,4.0,4.0,7.0,5.04,4.347666666666667,8.559666666666669,9.653743009352086,7.225385195057692,12.962811164600614,-11.268361560846458,-7.028387316442849,-10.754006910831196
41,2,0.5714285714285714,2.4423470353692043,-4.265666666666666,"(1, 0, 1, 1, 0, 1, 0, 0, 1, 1, 1, 0, 0, 0, 1, 0, 0, 0, 1, 0, 0, 0, 1, 0, 0)",6.0,10.0,9.0,11.0,6.277333333333333,11.726666666666667,10.543,11.957,0.0,6.253073271682569,6.9231176122414695,10.40380135250861,3.0,20.0,1.0,3.0,0.29401620549650936,0.0972916045562779,0.0033995448099274532,0.013706460062966861,4.0,3.0,5.0,5.449333333333334,4.265666666666666,5.679666666666668,6.253073271682569,6.9231176122414695,10.40380135250861,-1.9630118556350833,-6.49041743856371,-11.537976344650895
41,3,0.8571428571428571,2.4423470353692043,-4.843333333333334,"(0, 0, 1, 0, 1, 0, 0, 0, 0, 0, 0, 0, 0, 0, 0, 0, 0, 0, 0, 0, 0, 0, 0, 0, 0)",2.0,6.0,7.0,11.0,2.013333333333333,6.8566666666666665,7.404,11.414333333333333,0.0,8.104738676547733,8.289814307450154,13.023951252052694,1.0,1.0,12.0,161.0,0.582594564015604,0.07988649712791718,0.005786663536214669,0.004983575402713892,4.0,5.0,9.0,4.843333333333334,5.390666666666666,9.401,8.104738676547733,8.289814307450154,13.023951252052694,-7.96548367113697,-7.080724645565174,-8.848504249738044
41,4,1.1428571428571428,2.4423470353692043,-3.605666666666667,"(0, 1, 1, 1, 1, 1, 0, 0, 0, 1, 0, 1, 1, 1, 1, 0, 0, 0, 0, 0, 0, 0, 1, 0, 1)",7.0,10.0,10.0,12.0,7.207,10.812666666666667,11.128333333333334,13.335666666666667,0.0,7.7780611919724585,7.617246208288037,10.980670153668175,4.0,4.0,4.0,6.0,0.1383408704124115,0.08943380751941507,0.04559533024579192,0.0592688444422411,3.0,3.0,5.0,3.605666666666667,3.921333333333334,6.128666666666667,7.7780611919724585,7.617246208288037,10.980670153668175,-10.190435399271298,-9.026701853128491,-11.850276332079176
41,5,1.4285714285714284,2.4423470353692043,-2.488666666666667,"(0, 0, 1, 0, 1, 0, 0, 1, 0, 0, 1, 0, 0, 0, 0, 0, 0, 0, 1, 1, 0, 0, 0, 0, 0)",5.0,9.0,8.0,12.0,5.777666666666667,10.605666666666666,8.266333333333334,13.690333333333333,0.0,5.880479662842357,6.908585647381024,11.172380827350016,3.0,14.0,5.0,38.0,0.1398889051458724,0.12069500569820427,0.06395170728639471,0.013180917668248155,4.0,3.0,7.0,4.827999999999999,2.488666666666667,7.9126666666666665,5.880479662842357,6.908585647381024,11.172380827350016,-2.570520584329412,-10.794976019119785,-7.9613532164959935
41,6,1.7142857142857142,2.4423470353692043,-2.006666666666666,"(0, 0, 0, 0, 0, 0, 0, 0, 0, 0, 0, 1, 1, 1, 1, 0, 0, 1, 1, 1, 0, 1, 0, 0, 0)",5.0,8.0,6.0,11.0,5.166,8.689333333333334,7.172666666666666,11.513333333333334,0.0,8.893779592107673,6.046979887681331,13.001115307271988,7.0,4.0,1.0,31.0,0.23628838017772244,0.03648018651785169,0.13299660422210194,0.0001554492753217514,3.0,1.0,6.0,3.5233333333333334,2.006666666666666,6.347333333333333,8.893779592107673,6.046979887681331,13.001115307271988,-13.116493498727143,-9.867847017308168,-16.250844678042125
41,7,2.0,2.4423470353692043,-3.0493333333333332,"(0, 0, 0, 0, 1, 0, 0, 0, 0, 0, 1, 0, 0, 0, 1, 1, 0, 0, 0, 1, 0, 0, 0, 1, 0)",4.0,7.0,7.0,10.0,4.021,7.070333333333333,8.093,10.994,0.0,7.17184352060454,7.7280744893152375,12.12408205546555,4.0,4.0,2.0,6.0,0.25420988317157317,0.2073865374479954,0.050935938890919776,0.05029855715975142,3.0,3.0,6.0,3.0493333333333332,4.072,6.973,7.17184352060454,7.7280744893152375,12.12408205546555,-10.068600534161174,-8.929402690068049,-12.580729987109793
42,0,0.0,2.4423470353692043,-4.347666666666667,"(0, 0, 0, 0, 0, 0, 0, 1, 1, 1, 0, 0, 0, 0, 1, 0, 0, 0, 0, 1, 0, 0, 1, 0, 0)",4.0,8.0,8.0,11.0,4.465333333333334,9.267,8.813,11.781666666666666,0.0,6.897160890693354,7.121951798109806,11.816142800089418,1.0,2.0,3.0,31.0,0.3028526523498659,0.1241349291672351,0.0006290028254589006,0.00047034451532721014,4.0,4.0,7.0,4.801666666666666,4.347666666666667,7.316333333333333,6.897160890693354,7.121951798109806,11.816142800089418,-5.117924105684874,-6.7757670660490135,-10.990096310858005
42,1,0.2857142857142857,2.4423470353692043,-4.347666666666667,"(0, 0, 1, 0, 0, 0, 0, 1, 0, 1, 1, 0, 0, 0, 0, 0, 0, 0, 0, 0, 0, 0, 0, 0, 0)",3.0,7.0,7.0,10.0,3.0573333333333332,8.097333333333333,7.405,11.617,0.0,9.653743009352086,7.225385195057692,12.962811164600614,2.0,2.0,7.0,18.0,0.38464861779326825,0.09653175147589103,0.02156949322527237,0.011234246318168554,4.0,4.0,7.0,5.04,4.347666666666667,8.559666666666669,9.653743009352086,7.225385195057692,12.962811164600614,-11.268361560846458,-7.028387316442849,-10.754006910831196
42,2,0.5714285714285714,2.4423470353692043,-4.265666666666666,"(1, 0, 1, 1, 0, 1, 0, 0, 1, 1, 1, 0, 0, 0, 1, 0, 0, 0, 1, 0, 0, 0, 1, 0, 0)",6.0,10.0,9.0,11.0,6.277333333333333,11.726666666666667,10.543,11.957,0.0,6.253073271682569,6.9231176122414695,10.40380135250861,3.0,20.0,1.0,3.0,0.29401620549650936,0.0972916045562779,0.0033995448099274532,0.013706460062966861,4.0,3.0,5.0,5.449333333333334,4.265666666666666,5.679666666666668,6.253073271682569,6.9231176122414695,10.40380135250861,-1.9630118556350833,-6.49041743856371,-11.537976344650895
42,3,0.8571428571428571,2.4423470353692043,-4.843333333333334,"(0, 0, 1, 0, 1, 0, 0, 0, 0, 0, 0, 0, 0, 0, 0, 0, 0, 0, 0, 0, 0, 0, 0, 0, 0)",2.0,6.0,7.0,11.0,2.013333333333333,6.8566666666666665,7.404,11.414333333333333,0.0,8.104738676547733,8.289814307450154,13.023951252052694,1.0,1.0,12.0,161.0,0.582594564015604,0.07988649712791718,0.005786663536214669,0.004983575402713892,4.0,5.0,9.0,4.843333333333334,5.390666666666666,9.401,8.104738676547733,8.289814307450154,13.023951252052694,-7.96548367113697,-7.080724645565174,-8.848504249738044
42,4,1.1428571428571428,2.4423470353692043,-2.5653333333333332,"(0, 0, 0, 1, 1, 1, 0, 0, 0, 1, 0, 1, 1, 1, 1, 0, 0, 0, 0, 0, 0, 0, 1, 0, 1)",6.0,8.0,11.0,13.0,6.058,8.623333333333333,11.598,14.988,0.0,8.12578356683583,8.063259482730379,12.143308754071763,3.0,1.0,32.0,2.0,0.14054190074756046,0.08416387341171107,0.04192335495748474,0.01339654955268597,2.0,5.0,7.0,2.5653333333333332,5.540000000000001,8.93,8.12578356683583,8.063259482730379,12.143308754071763,-13.580549143112822,-6.16267531711377,-7.848015109233081
42,5,1.4285714285714284,2.4423470353692043,-2.488666666666667,"(0, 0, 1, 0, 1, 0, 0, 1, 0, 0, 1, 0, 0, 0, 0, 0, 0, 0, 1, 1, 0, 0, 0, 0, 0)",5.0,9.0,8.0,12.0,5.777666666666667,10.605666666666666,8.266333333333334,13.690333333333333,0.0,5.880479662842357,6.908585647381024,11.172380827350016,3.0,14.0,5.0,38.0,0.1398889051458724,0.12069500569820427,0.06395170728639471,0.013180917668248155,4.0,3.0,7.0,4.827999999999999,2.488666666666667,7.9126666666666665,5.880479662842357,6.908585647381024,11.172380827350016,-2.570520584329412,-10.794976019119785,-7.9613532164959935
42,6,1.7142857142857142,2.4423470353692043,-3.940666666666667,"(0, 0, 0, 0, 0, 0, 0, 0, 0, 0, 0, 1, 1, 0, 0, 0, 0, 1, 1, 1, 0, 1, 0, 0, 0)",4.0,8.0,7.0,10.0,4.077333333333334,8.018,8.306666666666667,11.791,0.0,8.78947780510277,8.915842126993844,13.9311339211513,3.0,3.0,2.0,1.0,0.1536615355571712,0.15294234138746018,0.069910981903674,0.0010389903121973663,4.0,3.0,6.0,3.940666666666667,4.229333333333333,7.713666666666667,8.78947780510277,8.915842126993844,13.9311339211513,-11.842479509024592,-11.446080858428456,-15.18521271649565
42,7,2.0,2.4423470353692043,-3.5476666666666667,"(0, 0, 0, 1, 0, 0, 0, 0, 0, 0, 1, 0, 0, 0, 1, 1, 0, 0, 0, 1, 0, 0, 0, 1, 0)",3.0,6.0,7.0,10.0,3.036,6.583666666666667,7.867666666666667,10.487,0.0,7.825646253378238,8.03396488690059,12.271477699050081,2.0,1.0,2.0,39.0,0.3857572606209424,0.10101866280560441,0.09150072902075439,0.0023159876255802432,3.0,4.0,7.0,3.5476666666666667,4.831666666666667,7.4510000000000005,7.825646253378238,8.03396488690059,12.271477699050081,-10.448310760974982,-7.8211235645564,-11.773279417338328
43,0,0.0,2.4423470353692043,-4.347666666666667,"(0, 0, 0, 0, 0, 0, 0, 1, 1, 1, 0, 0, 0, 0, 1, 0, 0, 0, 0, 1, 0, 0, 1, 0, 0)",4.0,8.0,8.0,11.0,4.465333333333334,9.267,8.813,11.781666666666666,0.0,6.897160890693354,7.121951798109806,11.816142800089418,1.0,2.0,3.0,31.0,0.3028526523498659,0.1241349291672351,0.0006290028254589006,0.00047034451532721014,4.0,4.0,7.0,4.801666666666666,4.347666666666667,7.316333333333333,6.897160890693354,7.121951798109806,11.816142800089418,-5.117924105684874,-6.7757670660490135,-10.990096310858005
43,1,0.2857142857142857,2.4423470353692043,-4.347666666666667,"(0, 0, 1, 0, 0, 0, 0, 1, 0, 1, 1, 0, 0, 0, 0, 0, 0, 0, 0, 0, 0, 0, 0, 0, 0)",3.0,7.0,7.0,10.0,3.0573333333333332,8.097333333333333,7.405,11.617,0.0,9.653743009352086,7.225385195057692,12.962811164600614,2.0,2.0,7.0,18.0,0.38464861779326825,0.09653175147589103,0.02156949322527237,0.011234246318168554,4.0,4.0,7.0,5.04,4.347666666666667,8.559666666666669,9.653743009352086,7.225385195057692,12.962811164600614,-11.268361560846458,-7.028387316442849,-10.754006910831196
43,2,0.5714285714285714,2.4423470353692043,-3.9833333333333325,"(1, 0, 1, 1, 0, 1, 0, 0, 1, 1, 0, 0, 0, 0, 0, 0, 0, 0, 1, 0, 0, 0, 1, 0, 0)",5.0,10.0,9.0,11.0,5.625333333333334,11.829,9.608666666666666,12.853666666666667,0.0,7.648969582558555,7.042453402108537,11.774839998002395,3.0,22.0,12.0,7.0,0.21784490042463642,0.0705372825957918,0.020822817211374252,0.028766051976839933,5.0,4.0,6.0,6.203666666666667,3.9833333333333325,7.2283333333333335,7.648969582558555,7.042453402108537,11.774839998002395,-3.52993129183902,-7.4714328308115565,-11.104147073740812
43,3,0.8571428571428571,2.4423470353692043,-4.843333333333334,"(0, 0, 1, 0, 1, 0, 0, 0, 0, 0, 0, 0, 0, 0, 0, 0, 0, 0, 0, 0, 0, 0, 0, 0, 0)",2.0,6.0,7.0,11.0,2.013333333333333,6.8566666666666665,7.404,11.414333333333333,0.0,8.104738676547733,8.289814307450154,13.023951252052694,1.0,1.0,12.0,161.0,0.582594564015604,0.07988649712791718,0.005786663536214669,0.004983575402713892,4.0,5.0,9.0,4.843333333333334,5.390666666666666,9.401,8.104738676547733,8.289814307450154,13.023951252052694,-7.96548367113697,-7.080724645565174,-8.848504249738044
43,4,1.1428571428571428,2.4423470353692043,-2.5653333333333332,"(0, 0, 0, 1, 1, 1, 0, 0, 0, 1, 0, 1, 1, 1, 1, 0, 0, 0, 0, 0, 0, 0, 1, 0, 1)",6.0,8.0,11.0,13.0,6.058,8.623333333333333,11.598,14.988,0.0,8.12578356683583,8.063259482730379,12.143308754071763,3.0,1.0,32.0,2.0,0.14054190074756046,0.08416387341171107,0.04192335495748474,0.01339654955268597,2.0,5.0,7.0,2.5653333333333332,5.540000000000001,8.93,8.12578356683583,8.063259482730379,12.143308754071763,-13.580549143112822,-6.16267531711377,-7.848015109233081
43,5,1.4285714285714284,2.4423470353692043,-4.232,"(0, 0, 0, 0, 1, 0, 0, 0, 0, 0, 1, 0, 0, 0, 0, 0, 0, 0, 1, 1, 0, 0, 0, 0, 0)",4.0,8.0,8.0,10.0,4.06,8.639,8.292,11.642666666666667,0.0,7.61871161650926,8.18165903956722,12.993869677733729,3.0,20.0,10.0,4.0,0.2705963664947451,0.065607474224437,0.06308977604654707,0.00027086844374273847,4.0,4.0,6.0,4.579,4.232,7.582666666666667,7.61871161650926,8.18165903956722,12.993869677733729,-7.424030654958723,-9.646438046006178,-13.21603563186055
43,6,1.7142857142857142,2.4423470353692043,-3.940666666666667,"(0, 0, 0, 0, 0, 0, 0, 0, 0, 0, 0, 1, 1, 0, 0, 0, 0, 1, 1, 1, 0, 1, 0, 0, 0)",4.0,8.0,7.0,10.0,4.077333333333334,8.018,8.306666666666667,11.791,0.0,8.78947780510277,8.915842126993844,13.9311339211513,3.0,3.0,2.0,1.0,0.1536615355571712,0.15294234138746018,0.069910981903674,0.0010389903121973663,4.0,3.0,6.0,3.940666666666667,4.229333333333333,7.713666666666667,8.78947780510277,8.915842126993844,13.9311339211513,-11.842479509024592,-11.446080858428456,-15.18521271649565
43,7,2.0,2.4423470353692043,-3.5476666666666667,"(0, 0, 0, 1, 0, 0, 0, 0, 0, 0, 1, 0, 0, 0, 1, 1, 0, 0, 0, 1, 0, 0, 0, 1, 0)",3.0,6.0,7.0,10.0,3.036,6.583666666666667,7.867666666666667,10.487,0.0,7.825646253378238,8.03396488690059,12.271477699050081,2.0,1.0,2.0,39.0,0.3857572606209424,0.10101866280560441,0.09150072902075439,0.0023159876255802432,3.0,4.0,7.0,3.5476666666666667,4.831666666666667,7.4510000000000005,7.825646253378238,8.03396488690059,12.271477699050081,-10.448310760974982,-7.8211235645564,-11.773279417338328
44,0,0.0,2.4423470353692043,-3.5620000000000003,"(0, 0, 0, 0, 0, 0, 0, 1, 1, 0, 0, 0, 0, 0, 0, 0, 0, 0, 0, 1, 0, 0, 1, 0, 0)",4.0,7.0,8.0,10.0,4.201333333333333,7.763333333333334,8.805,10.707,0.0,7.488887302984746,7.693990179577194,12.190038994015158,3.0,5.0,6.0,5.0,0.1251459899844841,0.0004066264427891021,0.06306320216303667,0.062107894005800114,3.0,4.0,6.0,3.5620000000000003,4.603666666666666,6.505666666666667,7.488887302984746,7.693990179577194,12.190038994015158,-9.590821562673764,-7.547642470088773,-13.883209901634329
44,1,0.2857142857142857,2.4423470353692043,-4.347666666666667,"(0, 0, 1, 0, 0, 0, 0, 1, 0, 1, 1, 0, 0, 0, 0, 0, 0, 0, 0, 0, 0, 0, 0, 0, 0)",3.0,7.0,7.0,10.0,3.0573333333333332,8.097333333333333,7.405,11.617,0.0,9.653743009352086,7.225385195057692,12.962811164600614,2.0,2.0,7.0,18.0,0.38464861779326825,0.09653175147589103,0.02156949322527237,0.011234246318168554,4.0,4.0,7.0,5.04,4.347666666666667,8.559666666666669,9.653743009352086,7.225385195057692,12.962811164600614,-11.268361560846458,-7.028387316442849,-10.754006910831196
44,2,0.5714285714285714,2.4423470353692043,-3.9833333333333325,"(1, 0, 1, 1, 0, 1, 0, 0, 1, 1, 0, 0, 0, 0, 0, 0, 0, 0, 1, 0, 0, 0, 1, 0, 0)",5.0,10.0,9.0,11.0,5.625333333333334,11.829,9.608666666666666,12.853666666666667,0.0,7.648969582558555,7.042453402108537,11.774839998002395,3.0,22.0,12.0,7.0,0.21784490042463642,0.0705372825957918,0.020822817211374252,0.028766051976839933,5.0,4.0,6.0,6.203666666666667,3.9833333333333325,7.2283333333333335,7.648969582558555,7.042453402108537,11.774839998002395,-3.52993129183902,-7.4714328308115565,-11.104147073740812
44,3,0.8571428571428571,2.4423470353692043,-4.843333333333334,"(0, 0, 1, 0, 1, 0, 0, 0, 0, 0, 0, 0, 0, 0, 0, 0, 0, 0, 0, 0, 0, 0, 0, 0, 0)",2.0,6.0,7.0,11.0,2.013333333333333,6.8566666666666665,7.404,11.414333333333333,0.0,8.104738676547733,8.289814307450154,13.023951252052694,1.0,1.0,12.0,161.0,0.582594564015604,0.07988649712791718,0.005786663536214669,0.004983575402713892,4.0,5.0,9.0,4.843333333333334,5.390666666666666,9.401,8.104738676547733,8.289814307450154,13.023951252052694,-7.96548367113697,-7.080724645565174,-8.848504249738044
44,4,1.1428571428571428,2.4423470353692043,-2.9563333333333324,"(0, 0, 0, 1, 1, 1, 0, 0, 0, 1, 0, 1, 1, 1, 1, 0, 0, 0, 0, 0, 0, 0, 0, 1, 1)",5.0,7.0,8.0,11.0,5.210333333333334,8.166666666666666,10.444666666666667,13.209333333333333,0.0,6.127319536550337,7.777369193645773,11.701895233212701,2.0,1.0,1.0,1.0,0.1424214243704725,0.21335384711602032,0.000152439718300741,0.06097154325057223,2.0,3.0,6.0,2.9563333333333324,5.234333333333333,7.999,6.127319536550337,7.777369193645773,11.701895233212701,-7.744648752623699,-6.210976094271663,-9.0437551951198
44,5,1.4285714285714284,2.4423470353692043,-4.232,"(0, 0, 0, 0, 1, 0, 0, 0, 0, 0, 1, 0, 0, 0, 0, 0, 0, 0, 1, 1, 0, 0, 0, 0, 0)",4.0,8.0,8.0,10.0,4.06,8.639,8.292,11.642666666666667,0.0,7.61871161650926,8.18165903956722,12.993869677733729,3.0,20.0,10.0,4.0,0.2705963664947451,0.065607474224437,0.06308977604654707,0.00027086844374273847,4.0,4.0,6.0,4.579,4.232,7.582666666666667,7.61871161650926,8.18165903956722,12.993869677733729,-7.424030654958723,-9.646438046006178,-13.21603563186055
44,6,1.7142857142857142,2.4423470353692043,-3.573666666666667,"(0, 0, 0, 0, 0, 1, 0, 0, 0, 0, 1, 1, 1, 0, 0, 0, 0, 1, 1, 1, 0, 1, 0, 0, 0)",5.0,8.0,9.0,11.0,5.244666666666666,8.818333333333333,10.898333333333333,13.305333333333333,0.0,8.514998704111195,7.044271593790422,12.928496188753678,3.0,2.0,3.0,1.0,0.21257692754042384,0.03166649397287376,0.04555310004937704,0.0238723743385325,3.0,4.0,6.0,3.573666666666667,5.653666666666667,8.060666666666666,8.514998704111195,7.044271593790422,12.928496188753678,-12.068447652427512,-3.3963398211305122,-11.888929001951904
44,7,2.0,2.4423470353692043,-3.5476666666666667,"(0, 0, 0, 1, 0, 0, 0, 0, 0, 0, 1, 0, 0, 0, 1, 1, 0, 0, 0, 1, 0, 0, 0, 1, 0)",3.0,6.0,7.0,10.0,3.036,6.583666666666667,7.867666666666667,10.487,0.0,7.825646253378238,8.03396488690059,12.271477699050081,2.0,1.0,2.0,39.0,0.3857572606209424,0.10101866280560441,0.09150072902075439,0.0023159876255802432,3.0,4.0,7.0,3.5476666666666667,4.831666666666667,7.4510000000000005,7.825646253378238,8.03396488690059,12.271477699050081,-10.448310760974982,-7.8211235645564,-11.773279417338328
45,0,0.0,2.4423470353692043,-4.658666666666667,"(1, 0, 0, 0, 1, 0, 0, 1, 1, 0, 0, 0, 0, 0, 0, 0, 0, 0, 0, 1, 0, 0, 1, 0, 0)",5.0,8.0,9.0,11.0,5.020666666666667,9.679333333333334,10.079333333333333,13.219,0.0,6.9867271839181955,9.819700490405424,12.635618073428988,3.0,5.0,1.0,3.0,0.22047435212248204,0.07563614210987904,0.04565455534711834,0.00508023128314815,3.0,4.0,6.0,4.658666666666667,5.0586666666666655,8.198333333333332,6.9867271839181955,9.819700490405424,12.635618073428988,-5.685931702469367,-11.628096844700863,-10.837389230061635
45,1,0.2857142857142857,2.4423470353692043,-4.347666666666667,"(0, 0, 1, 0, 0, 0, 0, 1, 0, 1, 1, 0, 0, 0, 0, 0, 0, 0, 0, 0, 0, 0, 0, 0, 0)",3.0,7.0,7.0,10.0,3.0573333333333332,8.097333333333333,7.405,11.617,0.0,9.653743009352086,7.225385195057692,12.962811164600614,2.0,2.0,7.0,18.0,0.38464861779326825,0.09653175147589103,0.02156949322527237,0.011234246318168554,4.0,4.0,7.0,5.04,4.347666666666667,8.559666666666669,9.653743009352086,7.225385195057692,12.962811164600614,-11.268361560846458,-7.028387316442849,-10.754006910831196
45,2,0.5714285714285714,2.4423470353692043,-3.9833333333333325,"(1, 0, 1, 1, 0, 1, 0, 0, 1, 1, 0, 0, 0, 0, 0, 0, 0, 0, 1, 0, 0, 0, 1, 0, 0)",5.0,10.0,9.0,11.0,5.625333333333334,11.829,9.608666666666666,12.853666666666667,0.0,7.648969582558555,7.042453402108537,11.774839998002395,3.0,22.0,12.0,7.0,0.21784490042463642,0.0705372825957918,0.020822817211374252,0.028766051976839933,5.0,4.0,6.0,6.203666666666667,3.9833333333333325,7.2283333333333335,7.648969582558555,7.042453402108537,11.774839998002395,-3.52993129183902,-7.4714328308115565,-11.104147073740812
45,3,0.8571428571428571,2.4423470353692043,-4.843333333333334,"(0, 0, 1, 0, 1, 0, 0, 0, 0, 0, 0, 0, 0, 0, 0, 0, 0, 0, 0, 0, 0, 0, 0, 0, 0)",2.0,6.0,7.0,11.0,2.013333333333333,6.8566666666666665,7.404,11.414333333333333,0.0,8.104738676547733,8.289814307450154,13.023951252052694,1.0,1.0,12.0,161.0,0.582594564015604,0.07988649712791718,0.005786663536214669,0.004983575402713892,4.0,5.0,9.0,4.843333333333334,5.390666666666666,9.401,8.104738676547733,8.289814307450154,13.023951252052694,-7.96548367113697,-7.080724645565174,-8.848504249738044
45,4,1.1428571428571428,2.4423470353692043,-2.9563333333333324,"(0, 0, 0, 1, 1, 1, 0, 0, 0, 1, 0, 1, 1, 1, 1, 0, 0, 0, 0, 0, 0, 0, 0, 1, 1)",5.0,7.0,8.0,11.0,5.210333333333334,8.166666666666666,10.444666666666667,13.209333333333333,0.0,6.127319536550337,7.777369193645773,11.701895233212701,2.0,1.0,1.0,1.0,0.1424214243704725,0.21335384711602032,0.000152439718300741,0.06097154325057223,2.0,3.0,6.0,2.9563333333333324,5.234333333333333,7.999,6.127319536550337,7.777369193645773,11.701895233212701,-7.744648752623699,-6.210976094271663,-9.0437551951198
45,5,1.4285714285714284,2.4423470353692043,-4.232,"(0, 0, 0, 0, 1, 0, 0, 0, 0, 0, 1, 0, 0, 0, 0, 0, 0, 0, 1, 1, 0, 0, 0, 0, 0)",4.0,8.0,8.0,10.0,4.06,8.639,8.292,11.642666666666667,0.0,7.61871161650926,8.18165903956722,12.993869677733729,3.0,20.0,10.0,4.0,0.2705963664947451,0.065607474224437,0.06308977604654707,0.00027086844374273847,4.0,4.0,6.0,4.579,4.232,7.582666666666667,7.61871161650926,8.18165903956722,12.993869677733729,-7.424030654958723,-9.646438046006178,-13.21603563186055
45,6,1.7142857142857142,2.4423470353692043,-3.573666666666667,"(0, 0, 0, 0, 0, 1, 0, 0, 0, 0, 1, 1, 1, 0, 0, 0, 0, 1, 1, 1, 0, 1, 0, 0, 0)",5.0,8.0,9.0,11.0,5.244666666666666,8.818333333333333,10.898333333333333,13.305333333333333,0.0,8.514998704111195,7.044271593790422,12.928496188753678,3.0,2.0,3.0,1.0,0.21257692754042384,0.03166649397287376,0.04555310004937704,0.0238723743385325,3.0,4.0,6.0,3.573666666666667,5.653666666666667,8.060666666666666,8.514998704111195,7.044271593790422,12.928496188753678,-12.068447652427512,-3.3963398211305122,-11.888929001951904
45,7,2.0,2.4423470353692043,-3.5476666666666667,"(0, 0, 0, 1, 0, 0, 0, 0, 0, 0, 1, 0, 0, 0, 1, 1, 0, 0, 0, 1, 0, 0, 0, 1, 0)",3.0,6.0,7.0,10.0,3.036,6.583666666666667,7.867666666666667,10.487,0.0,7.825646253378238,8.03396488690059,12.271477699050081,2.0,1.0,2.0,39.0,0.3857572606209424,0.10101866280560441,0.09150072902075439,0.0023159876255802432,3.0,4.0,7.0,3.5476666666666667,4.831666666666667,7.4510000000000005,7.825646253378238,8.03396488690059,12.271477699050081,-10.448310760974982,-7.8211235645564,-11.773279417338328
46,0,0.0,2.4423470353692043,-4.658666666666667,"(1, 0, 0, 0, 1, 0, 0, 1, 1, 0, 0, 0, 0, 0, 0, 0, 0, 0, 0, 1, 0, 0, 1, 0, 0)",5.0,8.0,9.0,11.0,5.020666666666667,9.679333333333334,10.079333333333333,13.219,0.0,6.9867271839181955,9.819700490405424,12.635618073428988,3.0,5.0,1.0,3.0,0.22047435212248204,0.07563614210987904,0.04565455534711834,0.00508023128314815,3.0,4.0,6.0,4.658666666666667,5.0586666666666655,8.198333333333332,6.9867271839181955,9.819700490405424,12.635618073428988,-5.685931702469367,-11.628096844700863,-10.837389230061635
46,1,0.2857142857142857,2.4423470353692043,-4.347666666666667,"(0, 0, 1, 0, 0, 0, 0, 1, 0, 1, 1, 0, 0, 0, 0, 0, 0, 0, 0, 0, 0, 0, 0, 0, 0)",3.0,7.0,7.0,10.0,3.0573333333333332,8.097333333333333,7.405,11.617,0.0,9.653743009352086,7.225385195057692,12.962811164600614,2.0,2.0,7.0,18.0,0.38464861779326825,0.09653175147589103,0.02156949322527237,0.011234246318168554,4.0,4.0,7.0,5.04,4.347666666666667,8.559666666666669,9.653743009352086,7.225385195057692,12.962811164600614,-11.268361560846458,-7.028387316442849,-10.754006910831196
46,2,0.5714285714285714,2.4423470353692043,-3.9833333333333325,"(1, 0, 1, 1, 0, 1, 0, 0, 1, 1, 0, 0, 0, 0, 0, 0, 0, 0, 1, 0, 0, 0, 1, 0, 0)",5.0,10.0,9.0,11.0,5.625333333333334,11.829,9.608666666666666,12.853666666666667,0.0,7.648969582558555,7.042453402108537,11.774839998002395,3.0,22.0,12.0,7.0,0.21784490042463642,0.0705372825957918,0.020822817211374252,0.028766051976839933,5.0,4.0,6.0,6.203666666666667,3.9833333333333325,7.2283333333333335,7.648969582558555,7.042453402108537,11.774839998002395,-3.52993129183902,-7.4714328308115565,-11.104147073740812
46,3,0.8571428571428571,2.4423470353692043,-4.843333333333334,"(0, 0, 1, 0, 1, 0, 0, 0, 0, 0, 0, 0, 0, 0, 0, 0, 0, 0, 0, 0, 0, 0, 0, 0, 0)",2.0,6.0,7.0,11.0,2.013333333333333,6.8566666666666665,7.404,11.414333333333333,0.0,8.104738676547733,8.289814307450154,13.023951252052694,1.0,1.0,12.0,161.0,0.582594564015604,0.07988649712791718,0.005786663536214669,0.004983575402713892,4.0,5.0,9.0,4.843333333333334,5.390666666666666,9.401,8.104738676547733,8.289814307450154,13.023951252052694,-7.96548367113697,-7.080724645565174,-8.848504249738044
46,4,1.1428571428571428,2.4423470353692043,-2.9563333333333324,"(0, 0, 0, 1, 1, 1, 0, 0, 0, 1, 0, 1, 1, 1, 1, 0, 0, 0, 0, 0, 0, 0, 0, 1, 1)",5.0,7.0,8.0,11.0,5.210333333333334,8.166666666666666,10.444666666666667,13.209333333333333,0.0,6.127319536550337,7.777369193645773,11.701895233212701,2.0,1.0,1.0,1.0,0.1424214243704725,0.21335384711602032,0.000152439718300741,0.06097154325057223,2.0,3.0,6.0,2.9563333333333324,5.234333333333333,7.999,6.127319536550337,7.777369193645773,11.701895233212701,-7.744648752623699,-6.210976094271663,-9.0437551951198
46,5,1.4285714285714284,2.4423470353692043,-4.232,"(0, 0, 0, 0, 1, 0, 0, 0, 0, 0, 1, 0, 0, 0, 0, 0, 0, 0, 1, 1, 0, 0, 0, 0, 0)",4.0,8.0,8.0,10.0,4.06,8.639,8.292,11.642666666666667,0.0,7.61871161650926,8.18165903956722,12.993869677733729,3.0,20.0,10.0,4.0,0.2705963664947451,0.065607474224437,0.06308977604654707,0.00027086844374273847,4.0,4.0,6.0,4.579,4.232,7.582666666666667,7.61871161650926,8.18165903956722,12.993869677733729,-7.424030654958723,-9.646438046006178,-13.21603563186055
46,6,1.7142857142857142,2.4423470353692043,-3.573666666666667,"(0, 0, 0, 0, 0, 1, 0, 0, 0, 0, 1, 1, 1, 0, 0, 0, 0, 1, 1, 1, 0, 1, 0, 0, 0)",5.0,8.0,9.0,11.0,5.244666666666666,8.818333333333333,10.898333333333333,13.305333333333333,0.0,8.514998704111195,7.044271593790422,12.928496188753678,3.0,2.0,3.0,1.0,0.21257692754042384,0.03166649397287376,0.04555310004937704,0.0238723743385325,3.0,4.0,6.0,3.573666666666667,5.653666666666667,8.060666666666666,8.514998704111195,7.044271593790422,12.928496188753678,-12.068447652427512,-3.3963398211305122,-11.888929001951904
46,7,2.0,2.4423470353692043,-3.5476666666666667,"(0, 0, 0, 1, 0, 0, 0, 0, 0, 0, 1, 0, 0, 0, 1, 1, 0, 0, 0, 1, 0, 0, 0, 1, 0)",3.0,6.0,7.0,10.0,3.036,6.583666666666667,7.867666666666667,10.487,0.0,7.825646253378238,8.03396488690059,12.271477699050081,2.0,1.0,2.0,39.0,0.3857572606209424,0.10101866280560441,0.09150072902075439,0.0023159876255802432,3.0,4.0,7.0,3.5476666666666667,4.831666666666667,7.4510000000000005,7.825646253378238,8.03396488690059,12.271477699050081,-10.448310760974982,-7.8211235645564,-11.773279417338328
47,0,0.0,2.4423470353692043,-4.658666666666667,"(1, 0, 0, 0, 1, 0, 0, 1, 1, 0, 0, 0, 0, 0, 0, 0, 0, 0, 0, 1, 0, 0, 1, 0, 0)",5.0,8.0,9.0,11.0,5.020666666666667,9.679333333333334,10.079333333333333,13.219,0.0,6.9867271839181955,9.819700490405424,12.635618073428988,3.0,5.0,1.0,3.0,0.22047435212248204,0.07563614210987904,0.04565455534711834,0.00508023128314815,3.0,4.0,6.0,4.658666666666667,5.0586666666666655,8.198333333333332,6.9867271839181955,9.819700490405424,12.635618073428988,-5.685931702469367,-11.628096844700863,-10.837389230061635
47,1,0.2857142857142857,2.4423470353692043,-4.347666666666667,"(0, 0, 1, 0, 0, 0, 0, 1, 0, 1, 1, 0, 0, 0, 0, 0, 0, 0, 0, 0, 0, 0, 0, 0, 0)",3.0,7.0,7.0,10.0,3.0573333333333332,8.097333333333333,7.405,11.617,0.0,9.653743009352086,7.225385195057692,12.962811164600614,2.0,2.0,7.0,18.0,0.38464861779326825,0.09653175147589103,0.02156949322527237,0.011234246318168554,4.0,4.0,7.0,5.04,4.347666666666667,8.559666666666669,9.653743009352086,7.225385195057692,12.962811164600614,-11.268361560846458,-7.028387316442849,-10.754006910831196
47,2,0.5714285714285714,2.4423470353692043,-3.9833333333333325,"(1, 0, 1, 1, 0, 1, 0, 0, 1, 1, 0, 0, 0, 0, 0, 0, 0, 0, 1, 0, 0, 0, 1, 0, 0)",5.0,10.0,9.0,11.0,5.625333333333334,11.829,9.608666666666666,12.853666666666667,0.0,7.648969582558555,7.042453402108537,11.774839998002395,3.0,22.0,12.0,7.0,0.21784490042463642,0.0705372825957918,0.020822817211374252,0.028766051976839933,5.0,4.0,6.0,6.203666666666667,3.9833333333333325,7.2283333333333335,7.648969582558555,7.042453402108537,11.774839998002395,-3.52993129183902,-7.4714328308115565,-11.104147073740812
47,3,0.8571428571428571,2.4423470353692043,-4.843333333333334,"(0, 0, 1, 0, 1, 0, 0, 0, 0, 0, 0, 0, 0, 0, 0, 0, 0, 0, 0, 0, 0, 0, 0, 0, 0)",2.0,6.0,7.0,11.0,2.013333333333333,6.8566666666666665,7.404,11.414333333333333,0.0,8.104738676547733,8.289814307450154,13.023951252052694,1.0,1.0,12.0,161.0,0.582594564015604,0.07988649712791718,0.005786663536214669,0.004983575402713892,4.0,5.0,9.0,4.843333333333334,5.390666666666666,9.401,8.104738676547733,8.289814307450154,13.023951252052694,-7.96548367113697,-7.080724645565174,-8.848504249738044
47,4,1.1428571428571428,2.4423470353692043,-2.9563333333333324,"(0, 0, 0, 1, 1, 1, 0, 0, 0, 1, 0, 1, 1, 1, 1, 0, 0, 0, 0, 0, 0, 0, 0, 1, 1)",5.0,7.0,8.0,11.0,5.210333333333334,8.166666666666666,10.444666666666667,13.209333333333333,0.0,6.127319536550337,7.777369193645773,11.701895233212701,2.0,1.0,1.0,1.0,0.1424214243704725,0.21335384711602032,0.000152439718300741,0.06097154325057223,2.0,3.0,6.0,2.9563333333333324,5.234333333333333,7.999,6.127319536550337,7.777369193645773,11.701895233212701,-7.744648752623699,-6.210976094271663,-9.0437551951198
47,5,1.4285714285714284,2.4423470353692043,-4.232,"(0, 0, 0, 0, 1, 0, 0, 0, 0, 0, 1, 0, 0, 0, 0, 0, 0, 0, 1, 1, 0, 0, 0, 0, 0)",4.0,8.0,8.0,10.0,4.06,8.639,8.292,11.642666666666667,0.0,7.61871161650926,8.18165903956722,12.993869677733729,3.0,20.0,10.0,4.0,0.2705963664947451,0.065607474224437,0.06308977604654707,0.00027086844374273847,4.0,4.0,6.0,4.579,4.232,7.582666666666667,7.61871161650926,8.18165903956722,12.993869677733729,-7.424030654958723,-9.646438046006178,-13.21603563186055
47,6,1.7142857142857142,2.4423470353692043,-3.573666666666667,"(0, 0, 0, 0, 0, 1, 0, 0, 0, 0, 1, 1, 1, 0, 0, 0, 0, 1, 1, 1, 0, 1, 0, 0, 0)",5.0,8.0,9.0,11.0,5.244666666666666,8.818333333333333,10.898333333333333,13.305333333333333,0.0,8.514998704111195,7.044271593790422,12.928496188753678,3.0,2.0,3.0,1.0,0.21257692754042384,0.03166649397287376,0.04555310004937704,0.0238723743385325,3.0,4.0,6.0,3.573666666666667,5.653666666666667,8.060666666666666,8.514998704111195,7.044271593790422,12.928496188753678,-12.068447652427512,-3.3963398211305122,-11.888929001951904
47,7,2.0,2.4423470353692043,-3.5476666666666667,"(0, 0, 0, 1, 0, 0, 0, 0, 0, 0, 1, 0, 0, 0, 1, 1, 0, 0, 0, 1, 0, 0, 0, 1, 0)",3.0,6.0,7.0,10.0,3.036,6.583666666666667,7.867666666666667,10.487,0.0,7.825646253378238,8.03396488690059,12.271477699050081,2.0,1.0,2.0,39.0,0.3857572606209424,0.10101866280560441,0.09150072902075439,0.0023159876255802432,3.0,4.0,7.0,3.5476666666666667,4.831666666666667,7.4510000000000005,7.825646253378238,8.03396488690059,12.271477699050081,-10.448310760974982,-7.8211235645564,-11.773279417338328
48,0,0.0,2.4423470353692043,-4.658666666666667,"(1, 0, 0, 0, 1, 0, 0, 1, 1, 0, 0, 0, 0, 0, 0, 0, 0, 0, 0, 1, 0, 0, 1, 0, 0)",5.0,8.0,9.0,11.0,5.020666666666667,9.679333333333334,10.079333333333333,13.219,0.0,6.9867271839181955,9.819700490405424,12.635618073428988,3.0,5.0,1.0,3.0,0.22047435212248204,0.07563614210987904,0.04565455534711834,0.00508023128314815,3.0,4.0,6.0,4.658666666666667,5.0586666666666655,8.198333333333332,6.9867271839181955,9.819700490405424,12.635618073428988,-5.685931702469367,-11.628096844700863,-10.837389230061635
48,1,0.2857142857142857,2.4423470353692043,-4.347666666666667,"(0, 0, 1, 0, 0, 0, 0, 1, 0, 1, 1, 0, 0, 0, 0, 0, 0, 0, 0, 0, 0, 0, 0, 0, 0)",3.0,7.0,7.0,10.0,3.0573333333333332,8.097333333333333,7.405,11.617,0.0,9.653743009352086,7.225385195057692,12.962811164600614,2.0,2.0,7.0,18.0,0.38464861779326825,0.09653175147589103,0.02156949322527237,0.011234246318168554,4.0,4.0,7.0,5.04,4.347666666666667,8.559666666666669,9.653743009352086,7.225385195057692,12.962811164600614,-11.268361560846458,-7.028387316442849,-10.754006910831196
48,2,0.5714285714285714,2.4423470353692043,-3.9833333333333325,"(1, 0, 1, 1, 0, 1, 0, 0, 1, 1, 0, 0, 0, 0, 0, 0, 0, 0, 1, 0, 0, 0, 1, 0, 0)",5.0,10.0,9.0,11.0,5.625333333333334,11.829,9.608666666666666,12.853666666666667,0.0,7.648969582558555,7.042453402108537,11.774839998002395,3.0,22.0,12.0,7.0,0.21784490042463642,0.0705372825957918,0.020822817211374252,0.028766051976839933,5.0,4.0,6.0,6.203666666666667,3.9833333333333325,7.2283333333333335,7.648969582558555,7.042453402108537,11.774839998002395,-3.52993129183902,-7.4714328308115565,-11.104147073740812
48,3,0.8571428571428571,2.4423470353692043,-4.843333333333334,"(0, 0, 1, 0, 1, 0, 0, 0, 0, 0, 0, 0, 0, 0, 0, 0, 0, 0, 0, 0, 0, 0, 0, 0, 0)",2.0,6.0,7.0,11.0,2.013333333333333,6.8566666666666665,7.404,11.414333333333333,0.0,8.104738676547733,8.289814307450154,13.023951252052694,1.0,1.0,12.0,161.0,0.582594564015604,0.07988649712791718,0.005786663536214669,0.004983575402713892,4.0,5.0,9.0,4.843333333333334,5.390666666666666,9.401,8.104738676547733,8.289814307450154,13.023951252052694,-7.96548367113697,-7.080724645565174,-8.848504249738044
48,4,1.1428571428571428,2.4423470353692043,-2.9563333333333324,"(0, 0, 0, 1, 1, 1, 0, 0, 0, 1, 0, 1, 1, 1, 1, 0, 0, 0, 0, 0, 0, 0, 0, 1, 1)",5.0,7.0,8.0,11.0,5.210333333333334,8.166666666666666,10.444666666666667,13.209333333333333,0.0,6.127319536550337,7.777369193645773,11.701895233212701,2.0,1.0,1.0,1.0,0.1424214243704725,0.21335384711602032,0.000152439718300741,0.06097154325057223,2.0,3.0,6.0,2.9563333333333324,5.234333333333333,7.999,6.127319536550337,7.777369193645773,11.701895233212701,-7.744648752623699,-6.210976094271663,-9.0437551951198
48,5,1.4285714285714284,2.4423470353692043,-4.232,"(0, 0, 0, 0, 1, 0, 0, 0, 0, 0, 1, 0, 0, 0, 0, 0, 0, 0, 1, 1, 0, 0, 0, 0, 0)",4.0,8.0,8.0,10.0,4.06,8.639,8.292,11.642666666666667,0.0,7.61871161650926,8.18165903956722,12.993869677733729,3.0,20.0,10.0,4.0,0.2705963664947451,0.065607474224437,0.06308977604654707,0.00027086844374273847,4.0,4.0,6.0,4.579,4.232,7.582666666666667,7.61871161650926,8.18165903956722,12.993869677733729,-7.424030654958723,-9.646438046006178,-13.21603563186055
48,6,1.7142857142857142,2.4423470353692043,-3.573666666666667,"(0, 0, 0, 0, 0, 1, 0, 0, 0, 0, 1, 1, 1, 0, 0, 0, 0, 1, 1, 1, 0, 1, 0, 0, 0)",5.0,8.0,9.0,11.0,5.244666666666666,8.818333333333333,10.898333333333333,13.305333333333333,0.0,8.514998704111195,7.044271593790422,12.928496188753678,3.0,2.0,3.0,1.0,0.21257692754042384,0.03166649397287376,0.04555310004937704,0.0238723743385325,3.0,4.0,6.0,3.573666666666667,5.653666666666667,8.060666666666666,8.514998704111195,7.044271593790422,12.928496188753678,-12.068447652427512,-3.3963398211305122,-11.888929001951904
48,7,2.0,2.4423470353692043,-1.9980000000000002,"(1, 0, 0, 1, 1, 0, 0, 0, 0, 0, 1, 0, 0, 0, 1, 1, 0, 0, 0, 1, 0, 0, 0, 1, 0)",4.0,6.0,8.0,10.0,4.12,6.118,9.484,11.265,0.0,6.11508066418421,8.112119992032405,12.693868050222544,2.0,1.0,3.0,6.0,0.3647694808429098,0.3121672874535911,0.03047222186769233,0.002745964407232521,2.0,4.0,6.0,1.9980000000000002,5.364,7.1450000000000005,6.11508066418421,8.112119992032405,12.693868050222544,-10.055339754546178,-6.711862715379184,-13.552261432115927
49,0,0.0,2.4423470353692043,-4.860333333333332,"(1, 0, 0, 0, 1, 0, 0, 1, 1, 0, 0, 0, 0, 0, 0, 0, 1, 0, 0, 1, 0, 1, 1, 0, 0)",5.0,9.0,9.0,12.0,5.271333333333334,10.131666666666666,10.445,13.500666666666667,0.0,6.290631141648692,7.044366573952909,11.710049958591904,1.0,2.0,1.0,12.0,0.21079434869712513,0.015353490460997482,0.12864217833223474,0.0005728757616350505,4.0,4.0,7.0,4.860333333333332,5.173666666666667,8.229333333333333,6.290631141648692,7.044366573952909,11.710049958591904,-3.4932836118340895,-4.568898372626,-8.501117930660573
49,1,0.2857142857142857,2.4423470353692043,-4.347666666666667,"(0, 0, 1, 0, 0, 0, 0, 1, 0, 1, 1, 0, 0, 0, 0, 0, 0, 0, 0, 0, 0, 0, 0, 0, 0)",3.0,7.0,7.0,10.0,3.0573333333333332,8.097333333333333,7.405,11.617,0.0,9.653743009352086,7.225385195057692,12.962811164600614,2.0,2.0,7.0,18.0,0.38464861779326825,0.09653175147589103,0.02156949322527237,0.011234246318168554,4.0,4.0,7.0,5.04,4.347666666666667,8.559666666666669,9.653743009352086,7.225385195057692,12.962811164600614,-11.268361560846458,-7.028387316442849,-10.754006910831196
49,2,0.5714285714285714,2.4423470353692043,-3.9833333333333325,"(1, 0, 1, 1, 0, 1, 0, 0, 1, 1, 0, 0, 0, 0, 0, 0, 0, 0, 1, 0, 0, 0, 1, 0, 0)",5.0,10.0,9.0,11.0,5.625333333333334,11.829,9.608666666666666,12.853666666666667,0.0,7.648969582558555,7.042453402108537,11.774839998002395,3.0,22.0,12.0,7.0,0.21784490042463642,0.0705372825957918,0.020822817211374252,0.028766051976839933,5.0,4.0,6.0,6.203666666666667,3.9833333333333325,7.2283333333333335,7.648969582558555,7.042453402108537,11.774839998002395,-3.52993129183902,-7.4714328308115565,-11.104147073740812
49,3,0.8571428571428571,2.4423470353692043,-4.740666666666667,"(0, 0, 1, 0, 1, 0, 0, 0, 0, 0, 0, 0, 1, 0, 0, 0, 0, 1, 0, 0, 0, 0, 0, 0, 0)",3.0,7.0,8.0,11.0,3.018,7.758666666666667,8.182333333333334,12.186666666666667,0.0,8.345377702504802,9.178910039892388,13.63193284072393,1.0,2.0,6.0,49.0,0.34487955852842134,0.13953677864436048,0.009458804073373303,0.06856889614532047,4.0,5.0,8.0,4.740666666666667,5.164333333333334,9.168666666666667,8.345377702504802,9.178910039892388,13.63193284072393,-8.803955311741923,-9.804989517526769,-10.90084490827241
49,4,1.1428571428571428,2.4423470353692043,-2.9563333333333324,"(0, 0, 0, 1, 1, 1, 0, 0, 0, 1, 0, 1, 1, 1, 1, 0, 0, 0, 0, 0, 0, 0, 0, 1, 1)",5.0,7.0,8.0,11.0,5.210333333333334,8.166666666666666,10.444666666666667,13.209333333333333,0.0,6.127319536550337,7.777369193645773,11.701895233212701,2.0,1.0,1.0,1.0,0.1424214243704725,0.21335384711602032,0.000152439718300741,0.06097154325057223,2.0,3.0,6.0,2.9563333333333324,5.234333333333333,7.999,6.127319536550337,7.777369193645773,11.701895233212701,-7.744648752623699,-6.210976094271663,-9.0437551951198
49,5,1.4285714285714284,2.4423470353692043,-4.232,"(0, 0, 0, 0, 1, 0, 0, 0, 0, 0, 1, 0, 0, 0, 0, 0, 0, 0, 1, 1, 0, 0, 0, 0, 0)",4.0,8.0,8.0,10.0,4.06,8.639,8.292,11.642666666666667,0.0,7.61871161650926,8.18165903956722,12.993869677733729,3.0,20.0,10.0,4.0,0.2705963664947451,0.065607474224437,0.06308977604654707,0.00027086844374273847,4.0,4.0,6.0,4.579,4.232,7.582666666666667,7.61871161650926,8.18165903956722,12.993869677733729,-7.424030654958723,-9.646438046006178,-13.21603563186055
49,6,1.7142857142857142,2.4423470353692043,-3.573666666666667,"(0, 0, 0, 0, 0, 1, 0, 0, 0, 0, 1, 1, 1, 0, 0, 0, 0, 1, 1, 1, 0, 1, 0, 0, 0)",5.0,8.0,9.0,11.0,5.244666666666666,8.818333333333333,10.898333333333333,13.305333333333333,0.0,8.514998704111195,7.044271593790422,12.928496188753678,3.0,2.0,3.0,1.0,0.21257692754042384,0.03166649397287376,0.04555310004937704,0.0238723743385325,3.0,4.0,6.0,3.573666666666667,5.653666666666667,8.060666666666666,8.514998704111195,7.044271593790422,12.928496188753678,-12.068447652427512,-3.3963398211305122,-11.888929001951904
49,7,2.0,2.4423470353692043,-1.9980000000000002,"(1, 0, 0, 1, 1, 0, 0, 0, 0, 0, 1, 0, 0, 0, 1, 1, 0, 0, 0, 1, 0, 0, 0, 1, 0)",4.0,6.0,8.0,10.0,4.12,6.118,9.484,11.265,0.0,6.11508066418421,8.112119992032405,12.693868050222544,2.0,1.0,3.0,6.0,0.3647694808429098,0.3121672874535911,0.03047222186769233,0.002745964407232521,2.0,4.0,6.0,1.9980000000000002,5.364,7.1450000000000005,6.11508066418421,8.112119992032405,12.693868050222544,-10.055339754546178,-6.711862715379184,-13.552261432115927
