step,replica,lambda,beta,phi,syndrome,E0_II,E0_IX,E0_XI,E0_XX,U_II,U_IX,U_XI,U_XX,F_II,F_IX,F_XI,F_XX,g_II,g_IX,g_XI,g_XX,Z_II,Z_IX,Z_XI,Z_XX,delta_E0_IX,delta_E0_XI,delta_E0_XX,delta_U_IX,delta_U_XI,delta_U_XX,delta_F_IX,delta_F_XI,delta_F_XX,delta_S_IX,delta_S_XI,delta_S_XX
0,0,0.0,1.9924301646902063,-4.861333333333334,"(0, 1, 0, 0, 0, 0, 0, 1, 0, 0, 0, 0, 1, 0, 0, 0, 0, 0, 0, 0, 1, 1, 0, 0, 1)",3.0,8.0,7.0,11.0,3.1346666666666665,9.219333333333333,7.996,13.324333333333334,0.0,7.211722740717376,5.995631920642238,9.29002664550573,1.0,7.0,2.0,21.0,0.126202467370503,0.1099275963924748,0.09042271167701846,0.028058450538164772,5.0,4.0,8.0,6.084666666666667,4.861333333333334,10.189666666666668,7.211722740717376,5.995631920642238,9.29002664550573,-2.245580519235952,-2.2600107211197478,1.7924699155235877
0,1,0.2857142857142857,1.9924301646902063,-3.7893333333333334,"(0, 0, 1, 0, 1, 0, 1, 1, 1, 1, 0, 0, 0, 0, 0, 1, 1, 1, 0, 1, 1, 1, 0, 1, 1)",8.0,12.0,11.0,13.0,9.878666666666666,15.221,13.668,16.894666666666666,0.0,5.263579870965645,4.994125829304235,6.461672405219747,6.0,4.0,2.0,3.0,0.1872389300759136,0.042188245662878515,0.006562543204718964,0.00898263649041103,4.0,3.0,5.0,5.342333333333334,3.7893333333333334,7.016,5.263579870965645,4.994125829304235,6.461672405219747,0.1569107739951783,-2.400464911164829,1.104459020960346
0,2,0.5714285714285714,1.9924301646902063,-3.546237897680334,"(0, 0, 1, 1, 1, 0, 1, 1, 1, 0, 1, 1, 1, 1, 0, 1, 0, 1, 0, 1, 1, 1, 1, 0, 0)",8.0,12.0,13.0,14.0,10.7,14.799333333333333,15.166666666666666,16.93,0.0,3.8506480196755843,3.546237897680334,6.00246152848454,1.0,7.0,19.0,12.0,0.14641119586554283,0.0039134105506591415,0.028920426781799,0.017807332274751547,4.0,5.0,6.0,4.099333333333334,4.466666666666667,6.23,3.8506480196755843,3.546237897680334,6.00246152848454,0.49548812044714563,1.8338900437770425,0.4533545142749067
0,3,0.8571428571428571,1.9924301646902063,-4.879666666666667,"(0, 0, 0, 0, 0, 0, 0, 0, 1, 0, 0, 0, 0, 1, 0, 1, 0, 0, 0, 0, 0, 1, 1, 1, 0)",4.0,8.0,8.0,10.0,4.486666666666666,9.484333333333334,9.366333333333333,12.738,0.0,6.359161873246437,6.183385256494877,9.460733634393799,2.0,2.0,5.0,3.0,0.18733482498490256,0.004892921455500267,0.1018900250090906,0.06881818631871546,4.0,4.0,6.0,4.997666666666667,4.879666666666667,8.251333333333333,6.359161873246437,6.183385256494877,9.460733634393799,-2.712684118670657,-2.597568244641104,-2.4096456410182894
0,4,1.1428571428571428,1.9924301646902063,-4.888333333333333,"(0, 0, 0, 1, 0, 0, 0, 0, 0, 0, 0, 0, 0, 0, 0, 0, 1, 0, 0, 0, 0, 1, 0, 0, 1)",3.0,7.0,7.0,10.0,3.3613333333333335,8.463333333333333,8.249666666666666,11.978666666666667,0.0,6.6314938695901775,5.351656353301423,9.01170628961145,2.0,2.0,2.0,18.0,0.3674124758982233,0.013628880946764097,0.040330027298855306,0.03540401414279972,4.0,4.0,7.0,5.101999999999999,4.888333333333333,8.617333333333335,6.6314938695901775,5.351656353301423,9.01170628961145,-3.0474097224802192,-0.9231387609797858,-0.7857605742265683
0,5,1.4285714285714284,1.9924301646902063,-3.847666666666667,"(0, 1, 1, 0, 0, 0, 0, 1, 0, 1, 0, 1, 0, 0, 0, 0, 0, 1, 0, 1, 0, 0, 1, 0, 0)",6.0,11.0,9.0,12.0,6.593333333333334,13.353666666666667,10.441,13.648666666666667,0.0,4.452339791299087,4.6885091801537015,6.818051747344004,3.0,23.0,4.0,9.0,0.20206105515575562,0.062291058324921454,0.010750761282980708,0.036305226011333895,5.0,3.0,6.0,6.7603333333333335,3.847666666666667,7.0553333333333335,4.452339791299087,4.6885091801537015,6.818051747344004,4.598515953059226,-1.6753199876254992,0.47276698945067286
0,6,1.7142857142857142,1.9924301646902063,-4.26862666105818,"(0, 0, 0, 0, 1, 1, 1, 0, 0, 1, 0, 0, 0, 0, 0, 0, 0, 0, 1, 1, 0, 0, 0, 0, 0)",3.0,7.0,7.0,10.0,3.4,8.403666666666666,9.077666666666667,13.092333333333332,0.0,4.761066845317836,4.26862666105818,7.551686672095879,1.0,1.0,2.0,2.0,0.44142433211310117,0.04437686891246599,0.09039568919832314,0.004346966831253982,4.0,4.0,7.0,5.003666666666666,5.677666666666667,9.692333333333332,4.761066845317836,4.26862666105818,7.551686672095879,0.4833632020038641,2.807413810429607,4.26508897979288
0,7,2.0,1.9924301646902063,-4.6773958474573165,"(0, 0, 0, 0, 0, 0, 0, 0, 0, 0, 0, 0, 0, 0, 1, 0, 1, 0, 0, 1, 0, 1, 0, 1, 1)",3.0,8.0,7.0,10.0,3.5136666666666665,9.762333333333334,8.839333333333334,12.423666666666668,0.0,5.9459650642591,4.6773958474573165,9.406760915043636,1.0,7.0,3.0,2.0,0.23627736130618887,0.00600197598143317,0.11973003887294503,0.0030558829604158057,5.0,4.0,7.0,6.248666666666668,5.325666666666668,8.91,5.9459650642591,4.6773958474573165,9.406760915043636,0.6031118035368986,1.2916343350811423,-0.9897614317720485
1,0,0.0,1.9924301646902063,-4.861333333333334,"(0, 1, 0, 0, 0, 0, 0, 1, 0, 0, 0, 0, 1, 0, 0, 0, 0, 0, 0, 0, 1, 1, 0, 0, 1)",3.0,8.0,7.0,11.0,3.1346666666666665,9.219333333333333,7.996,13.324333333333334,0.0,7.211722740717376,5.995631920642238,9.29002664550573,1.0,7.0,2.0,21.0,0.126202467370503,0.1099275963924748,0.09042271167701846,0.028058450538164772,5.0,4.0,8.0,6.084666666666667,4.861333333333334,10.189666666666668,7.211722740717376,5.995631920642238,9.29002664550573,-2.245580519235952,-2.2600107211197478,1.7924699155235877
1,1,0.2857142857142857,1.9924301646902063,-2.636859563346312,"(0, 0, 1, 0, 1, 0, 1, 1, 1, 1, 0, 0, 0, 0, 0, 1, 1, 0, 0, 1, 1, 1, 1, 1, 1)",8.0,11.0,11.0,11.0,8.903,12.735666666666667,12.855666666666666,13.367666666666667,0.0,2.636859563346312,2.6842794012659392,4.882394773290998,24.0,17.0,17.0,1.0,0.42436090175177477,0.01745696409777529,0.01045770331070932,0.0027165424907990253,3.0,3.0,3.0,3.8326666666666664,3.9526666666666657,4.464666666666666,2.636859563346312,2.6842794012659392,4.882394773290998,2.3825621438062923,2.5271730480933297,-0.8322940802772457
1,2,0.5714285714285714,1.9924301646902063,-3.546237897680334,"(0, 0, 1, 1, 1, 0, 1, 1, 1, 0, 1, 1, 1, 1, 0, 1, 0, 1, 0, 1, 1, 1, 1, 0, 0)",8.0,12.0,13.0,14.0,10.7,14.799333333333333,15.166666666666666,16.93,0.0,3.8506480196755843,3.546237897680334,6.00246152848454,1.0,7.0,19.0,12.0,0.14641119586554283,0.0039134105506591415,0.028920426781799,0.017807332274751547,4.0,5.0,6.0,4.099333333333334,4.466666666666667,6.23,3.8506480196755843,3.546237897680334,6.00246152848454,0.49548812044714563,1.8338900437770425,0.4533545142749067
1,3,0.8571428571428571,1.9924301646902063,-4.879666666666667,"(0, 0, 0, 0, 0, 0, 0, 0, 1, 0, 0, 0, 0, 1, 0, 1, 0, 0, 0, 0, 0, 1, 1, 1, 0)",4.0,8.0,8.0,10.0,4.486666666666666,9.484333333333334,9.366333333333333,12.738,0.0,6.359161873246437,6.183385256494877,9.460733634393799,2.0,2.0,5.0,3.0,0.18733482498490256,0.004892921455500267,0.1018900250090906,0.06881818631871546,4.0,4.0,6.0,4.997666666666667,4.879666666666667,8.251333333333333,6.359161873246437,6.183385256494877,9.460733634393799,-2.712684118670657,-2.597568244641104,-2.4096456410182894
1,4,1.1428571428571428,1.9924301646902063,-4.888333333333333,"(0, 0, 0, 1, 0, 0, 0, 0, 0, 0, 0, 0, 0, 0, 0, 0, 1, 0, 0, 0, 0, 1, 0, 0, 1)",3.0,7.0,7.0,10.0,3.3613333333333335,8.463333333333333,8.249666666666666,11.978666666666667,0.0,6.6314938695901775,5.351656353301423,9.01170628961145,2.0,2.0,2.0,18.0,0.3674124758982233,0.013628880946764097,0.040330027298855306,0.03540401414279972,4.0,4.0,7.0,5.101999999999999,4.888333333333333,8.617333333333335,6.6314938695901775,5.351656353301423,9.01170628961145,-3.0474097224802192,-0.9231387609797858,-0.7857605742265683
1,5,1.4285714285714284,1.9924301646902063,-3.9578296934794497,"(0, 1, 1, 0, 0, 0, 0, 1, 0, 1, 0, 1, 0, 0, 0, 0, 0, 1, 1, 0, 0, 0, 1, 0, 0)",6.0,10.0,10.0,11.0,8.011333333333333,12.202333333333334,12.406333333333333,13.598333333333333,0.0,4.335395209688241,3.9578296934794497,6.626900211154919,1.0,3.0,3.0,1.0,0.14782406805856318,0.04540770504514601,0.031247117993906795,0.004635130249001114,4.0,4.0,5.0,4.191000000000001,4.395,5.587,4.335395209688241,3.9578296934794497,6.626900211154919,-0.28769737141961765,0.8710313058184072,-2.071928548972777
1,6,1.7142857142857142,1.9924301646902063,-3.306,"(0, 0, 0, 0, 1, 1, 1, 0, 0, 1, 1, 1, 0, 0, 0, 0, 0, 0, 1, 1, 0, 0, 0, 0, 0)",4.0,7.0,7.0,10.0,4.570666666666667,7.876666666666667,11.01,12.111333333333333,0.0,5.660460890715464,6.98981029659677,9.172572887297244,2.0,1.0,1.0,4.0,0.41170195753996786,0.07764373524069736,0.01886699311716616,0.05661471416518911,3.0,3.0,6.0,3.306,6.439333333333333,7.540666666666666,5.660460890715464,6.98981029659677,9.172572887297244,-4.691098900244861,-1.096786906573134,-3.251459179929956
1,7,2.0,1.9924301646902063,-3.5906666666666665,"(0, 0, 0, 0, 0, 0, 0, 0, 0, 0, 0, 0, 0, 0, 1, 0, 1, 0, 0, 0, 0, 1, 0, 1, 0)",4.0,8.0,7.0,11.0,4.6113333333333335,8.982,8.202,13.999666666666666,0.0,6.754515363203327,7.0879928274901145,9.985938225806139,3.0,6.0,5.0,2.0,0.0850933095233046,0.17704052738642345,0.06570419066950839,0.0008590499277557743,4.0,3.0,7.0,4.370666666666666,3.5906666666666665,9.388333333333332,6.754515363203327,7.0879928274901145,9.985938225806139,-4.7496520510370726,-6.96817813858483,-1.1906860143292683
2,0,0.0,1.9924301646902063,-4.861333333333334,"(0, 1, 0, 0, 0, 0, 0, 1, 0, 0, 0, 0, 1, 0, 0, 0, 0, 0, 0, 0, 1, 1, 0, 0, 1)",3.0,8.0,7.0,11.0,3.1346666666666665,9.219333333333333,7.996,13.324333333333334,0.0,7.211722740717376,5.995631920642238,9.29002664550573,1.0,7.0,2.0,21.0,0.126202467370503,0.1099275963924748,0.09042271167701846,0.028058450538164772,5.0,4.0,8.0,6.084666666666667,4.861333333333334,10.189666666666668,7.211722740717376,5.995631920642238,9.29002664550573,-2.245580519235952,-2.2600107211197478,1.7924699155235877
2,1,0.2857142857142857,1.9924301646902063,-2.636859563346312,"(0, 0, 1, 0, 1, 0, 1, 1, 1, 1, 0, 0, 0, 0, 0, 1, 1, 0, 0, 1, 1, 1, 1, 1, 1)",8.0,11.0,11.0,11.0,8.903,12.735666666666667,12.855666666666666,13.367666666666667,0.0,2.636859563346312,2.6842794012659392,4.882394773290998,24.0,17.0,17.0,1.0,0.42436090175177477,0.01745696409777529,0.01045770331070932,0.0027165424907990253,3.0,3.0,3.0,3.8326666666666664,3.9526666666666657,4.464666666666666,2.636859563346312,2.6842794012659392,4.882394773290998,2.3825621438062923,2.5271730480933297,-0.8322940802772457
2,2,0.5714285714285714,1.9924301646902063,-2.136000000000001,"(0, 0, 1, 1, 0, 0, 1, 1, 1, 1, 1, 1, 1, 1, 0, 1, 0, 1, 0, 1, 1, 1, 1, 0, 0)",8.0,11.0,13.0,14.0,11.560333333333332,13.696333333333333,14.159,16.976666666666667,0.0,4.015023508262529,4.11155674974177,5.723189233733795,1.0,1.0,59.0,11.0,0.1415073357637873,0.03815788657779369,0.028798811368943033,0.024055076197627888,3.0,5.0,6.0,2.136000000000001,2.5986666666666682,5.416333333333334,4.015023508262529,4.11155674974177,5.723189233733795,-3.7438231180242783,-3.0143278373795055,-0.611388952171051
2,3,0.8571428571428571,1.9924301646902063,-4.879666666666667,"(0, 0, 0, 0, 0, 0, 0, 0, 1, 0, 0, 0, 0, 1, 0, 1, 0, 0, 0, 0, 0, 1, 1, 1, 0)",4.0,8.0,8.0,10.0,4.486666666666666,9.484333333333334,9.366333333333333,12.738,0.0,6.359161873246437,6.183385256494877,9.460733634393799,2.0,2.0,5.0,3.0,0.18733482498490256,0.004892921455500267,0.1018900250090906,0.06881818631871546,4.0,4.0,6.0,4.997666666666667,4.879666666666667,8.251333333333333,6.359161873246437,6.183385256494877,9.460733634393799,-2.712684118670657,-2.597568244641104,-2.4096456410182894
2,4,1.1428571428571428,1.9924301646902063,-4.665333333333334,"(0, 0, 0, 1, 0, 0, 0, 1, 0, 0, 0, 0, 1, 0, 0, 0, 1, 0, 0, 0, 0, 1, 0, 0, 1)",4.0,9.0,8.0,10.0,4.28,10.734333333333334,8.945333333333334,12.406666666666666,0.0,6.738432024151689,5.171673495091077,8.51471672314242,2.0,17.0,7.0,5.0,0.3485103656697946,0.00784708851523979,0.008263346707467612,0.09298423544298579,5.0,4.0,6.0,6.4543333333333335,4.665333333333334,8.126666666666665,6.738432024151689,5.171673495091077,8.51471672314242,-0.5660468013354882,-1.0088474118802455,-0.7731626379320332
2,5,1.4285714285714284,1.9924301646902063,-3.9578296934794497,"(0, 1, 1, 0, 0, 0, 0, 1, 0, 1, 0, 1, 0, 0, 0, 0, 0, 1, 1, 0, 0, 0, 1, 0, 0)",6.0,10.0,10.0,11.0,8.011333333333333,12.202333333333334,12.406333333333333,13.598333333333333,0.0,4.335395209688241,3.9578296934794497,6.626900211154919,1.0,3.0,3.0,1.0,0.14782406805856318,0.04540770504514601,0.031247117993906795,0.004635130249001114,4.0,4.0,5.0,4.191000000000001,4.395,5.587,4.335395209688241,3.9578296934794497,6.626900211154919,-0.28769737141961765,0.8710313058184072,-2.071928548972777
2,6,1.7142857142857142,1.9924301646902063,-3.306,"(0, 0, 0, 0, 1, 1, 1, 0, 0, 1, 1, 1, 0, 0, 0, 0, 0, 0, 1, 1, 0, 0, 0, 0, 0)",4.0,7.0,7.0,10.0,4.570666666666667,7.876666666666667,11.01,12.111333333333333,0.0,5.660460890715464,6.98981029659677,9.172572887297244,2.0,1.0,1.0,4.0,0.41170195753996786,0.07764373524069736,0.01886699311716616,0.05661471416518911,3.0,3.0,6.0,3.306,6.439333333333333,7.540666666666666,5.660460890715464,6.98981029659677,9.172572887297244,-4.691098900244861,-1.096786906573134,-3.251459179929956
2,7,2.0,1.9924301646902063,-3.5906666666666665,"(0, 0, 0, 0, 0, 0, 0, 0, 0, 0, 0, 0, 0, 0, 1, 0, 1, 0, 0, 0, 0, 1, 0, 1, 0)",4.0,8.0,7.0,11.0,4.6113333333333335,8.982,8.202,13.999666666666666,0.0,6.754515363203327,7.0879928274901145,9.985938225806139,3.0,6.0,5.0,2.0,0.0850933095233046,0.17704052738642345,0.06570419066950839,0.0008590499277557743,4.0,3.0,7.0,4.370666666666666,3.5906666666666665,9.388333333333332,6.754515363203327,7.0879928274901145,9.985938225806139,-4.7496520510370726,-6.96817813858483,-1.1906860143292683
3,0,0.0,1.9924301646902063,-4.861333333333334,"(0, 1, 0, 0, 0, 0, 0, 1, 0, 0, 0, 0, 1, 0, 0, 0, 0, 0, 0, 0, 1, 1, 0, 0, 1)",3.0,8.0,7.0,11.0,3.1346666666666665,9.219333333333333,7.996,13.324333333333334,0.0,7.211722740717376,5.995631920642238,9.29002664550573,1.0,7.0,2.0,21.0,0.126202467370503,0.1099275963924748,0.09042271167701846,0.028058450538164772,5.0,4.0,8.0,6.084666666666667,4.861333333333334,10.189666666666668,7.211722740717376,5.995631920642238,9.29002664550573,-2.245580519235952,-2.2600107211197478,1.7924699155235877
3,1,0.2857142857142857,1.9924301646902063,-4.151471767374396,"(0, 0, 0, 0, 1, 0, 1, 0, 1, 1, 0, 0, 0, 0, 0, 1, 1, 0, 0, 1, 1, 1, 1, 1, 1)",7.0,11.0,12.0,13.0,8.263,12.851666666666667,15.198666666666666,16.163,0.0,4.456546032757878,4.151471767374396,6.081195727159213,1.0,8.0,13.0,2.0,0.137858545820588,0.012650823401355038,0.0024435719441789,0.006986709399534869,4.0,5.0,6.0,4.588666666666667,6.935666666666666,7.9,4.456546032757878,4.151471767374396,6.081195727159213,0.263241136377863,5.547313901726531,3.6238404968754208
3,2,0.5714285714285714,1.9924301646902063,-2.136000000000001,"(0, 0, 1, 1, 0, 0, 1, 1, 1, 1, 1, 1, 1, 1, 0, 1, 0, 1, 0, 1, 1, 1, 1, 0, 0)",8.0,11.0,13.0,14.0,11.560333333333332,13.696333333333333,14.159,16.976666666666667,0.0,4.015023508262529,4.11155674974177,5.723189233733795,1.0,1.0,59.0,11.0,0.1415073357637873,0.03815788657779369,0.028798811368943033,0.024055076197627888,3.0,5.0,6.0,2.136000000000001,2.5986666666666682,5.416333333333334,4.015023508262529,4.11155674974177,5.723189233733795,-3.7438231180242783,-3.0143278373795055,-0.611388952171051
3,3,0.8571428571428571,1.9924301646902063,-4.879666666666667,"(0, 0, 0, 0, 0, 0, 0, 0, 1, 0, 0, 0, 0, 1, 0, 1, 0, 0, 0, 0, 0, 1, 1, 1, 0)",4.0,8.0,8.0,10.0,4.486666666666666,9.484333333333334,9.366333333333333,12.738,0.0,6.359161873246437,6.183385256494877,9.460733634393799,2.0,2.0,5.0,3.0,0.18733482498490256,0.004892921455500267,0.1018900250090906,0.06881818631871546,4.0,4.0,6.0,4.997666666666667,4.879666666666667,8.251333333333333,6.359161873246437,6.183385256494877,9.460733634393799,-2.712684118670657,-2.597568244641104,-2.4096456410182894
3,4,1.1428571428571428,1.9924301646902063,-4.665333333333334,"(0, 0, 0, 1, 0, 0, 0, 1, 0, 0, 0, 0, 1, 0, 0, 0, 1, 0, 0, 0, 0, 1, 0, 0, 1)",4.0,9.0,8.0,10.0,4.28,10.734333333333334,8.945333333333334,12.406666666666666,0.0,6.738432024151689,5.171673495091077,8.51471672314242,2.0,17.0,7.0,5.0,0.3485103656697946,0.00784708851523979,0.008263346707467612,0.09298423544298579,5.0,4.0,6.0,6.4543333333333335,4.665333333333334,8.126666666666665,6.738432024151689,5.171673495091077,8.51471672314242,-0.5660468013354882,-1.0088474118802455,-0.7731626379320332
3,5,1.4285714285714284,1.9924301646902063,-3.9578296934794497,"(0, 1, 1, 0, 0, 0, 0, 1, 0, 1, 0, 1, 0, 0, 0, 0, 0, 1, 1, 0, 0, 0, 1, 0, 0)",6.0,10.0,10.0,11.0,8.011333333333333,12.202333333333334,12.406333333333333,13.598333333333333,0.0,4.335395209688241,3.9578296934794497,6.626900211154919,1.0,3.0,3.0,1.0,0.14782406805856318,0.04540770504514601,0.031247117993906795,0.004635130249001114,4.0,4.0,5.0,4.191000000000001,4.395,5.587,4.335395209688241,3.9578296934794497,6.626900211154919,-0.28769737141961765,0.8710313058184072,-2.071928548972777
3,6,1.7142857142857142,1.9924301646902063,-3.306,"(0, 0, 0, 0, 1, 1, 1, 0, 0, 1, 1, 1, 0, 0, 0, 0, 0, 0, 1, 1, 0, 0, 0, 0, 0)",4.0,7.0,7.0,10.0,4.570666666666667,7.876666666666667,11.01,12.111333333333333,0.0,5.660460890715464,6.98981029659677,9.172572887297244,2.0,1.0,1.0,4.0,0.41170195753996786,0.07764373524069736,0.01886699311716616,0.05661471416518911,3.0,3.0,6.0,3.306,6.439333333333333,7.540666666666666,5.660460890715464,6.98981029659677,9.172572887297244,-4.691098900244861,-1.096786906573134,-3.251459179929956
3,7,2.0,1.9924301646902063,-3.5906666666666665,"(0, 0, 0, 0, 0, 0, 0, 0, 0, 0, 0, 0, 0, 0, 1, 0, 1, 0, 0, 0, 0, 1, 0, 1, 0)",4.0,8.0,7.0,11.0,4.6113333333333335,8.982,8.202,13.999666666666666,0.0,6.754515363203327,7.0879928274901145,9.985938225806139,3.0,6.0,5.0,2.0,0.0850933095233046,0.17704052738642345,0.06570419066950839,0.0008590499277557743,4.0,3.0,7.0,4.370666666666666,3.5906666666666665,9.388333333333332,6.754515363203327,7.0879928274901145,9.985938225806139,-4.7496520510370726,-6.96817813858483,-1.1906860143292683
4,0,0.0,1.9924301646902063,-4.861333333333334,"(0, 1, 0, 0, 0, 0, 0, 1, 0, 0, 0, 0, 1, 0, 0, 0, 0, 0, 0, 0, 1, 1, 0, 0, 1)",3.0,8.0,7.0,11.0,3.1346666666666665,9.219333333333333,7.996,13.324333333333334,0.0,7.211722740717376,5.995631920642238,9.29002664550573,1.0,7.0,2.0,21.0,0.126202467370503,0.1099275963924748,0.09042271167701846,0.028058450538164772,5.0,4.0,8.0,6.084666666666667,4.861333333333334,10.189666666666668,7.211722740717376,5.995631920642238,9.29002664550573,-2.245580519235952,-2.2600107211197478,1.7924699155235877
4,1,0.2857142857142857,1.9924301646902063,-4.231777772067882,"(0, 0, 0, 0, 1, 0, 1, 0, 1, 1, 0, 0, 1, 0, 0, 1, 1, 1, 0, 1, 1, 1, 1, 1, 1)",8.0,11.0,11.0,13.0,9.113666666666667,14.043333333333333,14.534,16.459,0.0,4.345667294092866,4.231777772067882,6.134305060104678,3.0,3.0,1.0,5.0,0.09133147589538573,0.007829812233272136,0.05046586902052094,0.04904357760100782,3.0,3.0,5.0,4.929666666666666,5.420333333333334,7.345333333333333,4.345667294092866,4.231777772067882,6.134305060104678,1.163577966076193,2.3681139526755848,2.4128892618734645
4,2,0.5714285714285714,1.9924301646902063,-2.136000000000001,"(0, 0, 1, 1, 0, 0, 1, 1, 1, 1, 1, 1, 1, 1, 0, 1, 0, 1, 0, 1, 1, 1, 1, 0, 0)",8.0,11.0,13.0,14.0,11.560333333333332,13.696333333333333,14.159,16.976666666666667,0.0,4.015023508262529,4.11155674974177,5.723189233733795,1.0,1.0,59.0,11.0,0.1415073357637873,0.03815788657779369,0.028798811368943033,0.024055076197627888,3.0,5.0,6.0,2.136000000000001,2.5986666666666682,5.416333333333334,4.015023508262529,4.11155674974177,5.723189233733795,-3.7438231180242783,-3.0143278373795055,-0.611388952171051
4,3,0.8571428571428571,1.9924301646902063,-4.402333333333334,"(0, 0, 0, 0, 0, 0, 0, 0, 1, 0, 0, 0, 0, 1, 0, 1, 0, 0, 0, 0, 0, 0, 0, 1, 0)",4.0,8.0,8.0,10.0,4.348,8.750333333333334,9.352333333333334,12.914333333333333,0.0,5.958982274668408,6.1012196503143485,9.37173842037097,3.0,14.0,3.0,2.0,0.12429828992824883,0.09930249619257403,0.05848297566611588,0.020341078678178578,4.0,4.0,6.0,4.402333333333334,5.004333333333334,8.566333333333333,5.958982274668408,6.1012196503143485,9.37173842037097,-3.1015143065490767,-2.185469385188916,-1.604713390208731
4,4,1.1428571428571428,1.9924301646902063,-4.665333333333334,"(0, 0, 0, 1, 0, 0, 0, 1, 0, 0, 0, 0, 1, 0, 0, 0, 1, 0, 0, 0, 0, 1, 0, 0, 1)",4.0,9.0,8.0,10.0,4.28,10.734333333333334,8.945333333333334,12.406666666666666,0.0,6.738432024151689,5.171673495091077,8.51471672314242,2.0,17.0,7.0,5.0,0.3485103656697946,0.00784708851523979,0.008263346707467612,0.09298423544298579,5.0,4.0,6.0,6.4543333333333335,4.665333333333334,8.126666666666665,6.738432024151689,5.171673495091077,8.51471672314242,-0.5660468013354882,-1.0088474118802455,-0.7731626379320332
4,5,1.4285714285714284,1.9924301646902063,-3.9578296934794497,"(0, 1, 1, 0, 0, 0, 0, 1, 0, 1, 0, 1, 0, 0, 0, 0, 0, 1, 1, 0, 0, 0, 1, 0, 0)",6.0,10.0,10.0,11.0,8.011333333333333,12.202333333333334,12.406333333333333,13.598333333333333,0.0,4.335395209688241,3.9578296934794497,6.626900211154919,1.0,3.0,3.0,1.0,0.14782406805856318,0.04540770504514601,0.031247117993906795,0.004635130249001114,4.0,4.0,5.0,4.191000000000001,4.395,5.587,4.335395209688241,3.9578296934794497,6.626900211154919,-0.28769737141961765,0.8710313058184072,-2.071928548972777
4,6,1.7142857142857142,1.9924301646902063,-3.306,"(0, 0, 0, 0, 1, 1, 1, 0, 0, 1, 1, 1, 0, 0, 0, 0, 0, 0, 1, 1, 0, 0, 0, 0, 0)",4.0,7.0,7.0,10.0,4.570666666666667,7.876666666666667,11.01,12.111333333333333,0.0,5.660460890715464,6.98981029659677,9.172572887297244,2.0,1.0,1.0,4.0,0.41170195753996786,0.07764373524069736,0.01886699311716616,0.05661471416518911,3.0,3.0,6.0,3.306,6.439333333333333,7.540666666666666,5.660460890715464,6.98981029659677,9.172572887297244,-4.691098900244861,-1.096786906573134,-3.251459179929956
4,7,2.0,1.9924301646902063,-3.5906666666666665,"(0, 0, 0, 0, 0, 0, 0, 0, 0, 0, 0, 0, 0, 0, 1, 0, 1, 0, 0, 0, 0, 1, 0, 1, 0)",4.0,8.0,7.0,11.0,4.6113333333333335,8.982,8.202,13.999666666666666,0.0,6.754515363203327,7.0879928274901145,9.985938225806139,3.0,6.0,5.0,2.0,0.0850933095233046,0.17704052738642345,0.06570419066950839,0.0008590499277557743,4.0,3.0,7.0,4.370666666666666,3.5906666666666665,9.388333333333332,6.754515363203327,7.0879928274901145,9.985938225806139,-4.7496520510370726,-6.96817813858483,-1.1906860143292683
5,0,0.0,1.9924301646902063,-4.861333333333334,"(0, 1, 0, 0, 0, 0, 0, 1, 0, 0, 0, 0, 1, 0, 0, 0, 0, 0, 0, 0, 1, 1, 0, 0, 1)",3.0,8.0,7.0,11.0,3.1346666666666665,9.219333333333333,7.996,13.324333333333334,0.0,7.211722740717376,5.995631920642238,9.29002664550573,1.0,7.0,2.0,21.0,0.126202467370503,0.1099275963924748,0.09042271167701846,0.028058450538164772,5.0,4.0,8.0,6.084666666666667,4.861333333333334,10.189666666666668,7.211722740717376,5.995631920642238,9.29002664550573,-2.245580519235952,-2.2600107211197478,1.7924699155235877
5,1,0.2857142857142857,1.9924301646902063,-4.231777772067882,"(0, 0, 0, 0, 1, 0, 1, 0, 1, 1, 0, 0, 1, 0, 0, 1, 1, 1, 0, 1, 1, 1, 1, 1, 1)",8.0,11.0,11.0,13.0,9.113666666666667,14.043333333333333,14.534,16.459,0.0,4.345667294092866,4.231777772067882,6.134305060104678,3.0,3.0,1.0,5.0,0.09133147589538573,0.007829812233272136,0.05046586902052094,0.04904357760100782,3.0,3.0,5.0,4.929666666666666,5.420333333333334,7.345333333333333,4.345667294092866,4.231777772067882,6.134305060104678,1.163577966076193,2.3681139526755848,2.4128892618734645
5,2,0.5714285714285714,1.9924301646902063,-1.6226666666666656,"(1, 1, 1, 1, 0, 0, 1, 1, 1, 1, 1, 1, 1, 1, 0, 1, 0, 1, 0, 1, 1, 1, 1, 0, 0)",9.0,13.0,12.0,14.0,12.193666666666667,15.726333333333333,13.816333333333333,17.992,0.0,3.0753270282558045,2.671096155009572,4.4913914225270135,2.0,23.0,14.0,1.0,0.1349873096671063,0.04306321437460067,0.019265982668170794,0.06662127950071668,4.0,3.0,5.0,3.5326666666666657,1.6226666666666656,5.798333333333334,3.0753270282558045,2.671096155009572,4.4913914225270135,0.9112172910783116,-2.088922538125126,2.6039904865883696
5,3,0.8571428571428571,1.9924301646902063,-4.402333333333334,"(0, 0, 0, 0, 0, 0, 0, 0, 1, 0, 0, 0, 0, 1, 0, 1, 0, 0, 0, 0, 0, 0, 0, 1, 0)",4.0,8.0,8.0,10.0,4.348,8.750333333333334,9.352333333333334,12.914333333333333,0.0,5.958982274668408,6.1012196503143485,9.37173842037097,3.0,14.0,3.0,2.0,0.12429828992824883,0.09930249619257403,0.05848297566611588,0.020341078678178578,4.0,4.0,6.0,4.402333333333334,5.004333333333334,8.566333333333333,5.958982274668408,6.1012196503143485,9.37173842037097,-3.1015143065490767,-2.185469385188916,-1.604713390208731
5,4,1.1428571428571428,1.9924301646902063,-4.665333333333334,"(0, 0, 0, 1, 0, 0, 0, 1, 0, 0, 0, 0, 1, 0, 0, 0, 1, 0, 0, 0, 0, 1, 0, 0, 1)",4.0,9.0,8.0,10.0,4.28,10.734333333333334,8.945333333333334,12.406666666666666,0.0,6.738432024151689,5.171673495091077,8.51471672314242,2.0,17.0,7.0,5.0,0.3485103656697946,0.00784708851523979,0.008263346707467612,0.09298423544298579,5.0,4.0,6.0,6.4543333333333335,4.665333333333334,8.126666666666665,6.738432024151689,5.171673495091077,8.51471672314242,-0.5660468013354882,-1.0088474118802455,-0.7731626379320332
5,5,1.4285714285714284,1.9924301646902063,-3.100907617759131,"(1, 1, 1, 0, 0, 0, 0, 1, 0, 1, 0, 1, 0, 0, 0, 0, 0, 1, 1, 0, 1, 0, 1, 0, 0)",7.0,12.0,11.0,13.0,10.004,14.757333333333333,13.333666666666666,15.693333333333333,0.0,4.241618163270156,3.100907617759131,5.96142853614839,1.0,28.0,3.0,22.0,0.21243992908809614,0.009710962333925008,0.08724302836573718,0.0046386139652391176,5.0,4.0,6.0,4.753333333333334,3.3296666666666663,5.689333333333334,4.241618163270156,3.100907617759131,5.96142853614839,1.0195567405634536,0.45578642948921594,-0.5421306897562181
5,6,1.7142857142857142,1.9924301646902063,-3.306,"(0, 0, 0, 0, 1, 1, 1, 0, 0, 1, 1, 1, 0, 0, 0, 0, 0, 0, 1, 1, 0, 0, 0, 0, 0)",4.0,7.0,7.0,10.0,4.570666666666667,7.876666666666667,11.01,12.111333333333333,0.0,5.660460890715464,6.98981029659677,9.172572887297244,2.0,1.0,1.0,4.0,0.41170195753996786,0.07764373524069736,0.01886699311716616,0.05661471416518911,3.0,3.0,6.0,3.306,6.439333333333333,7.540666666666666,5.660460890715464,6.98981029659677,9.172572887297244,-4.691098900244861,-1.096786906573134,-3.251459179929956
5,7,2.0,1.9924301646902063,-3.5906666666666665,"(0, 0, 0, 0, 0, 0, 0, 0, 0, 0, 0, 0, 0, 0, 1, 0, 1, 0, 0, 0, 0, 1, 0, 1, 0)",4.0,8.0,7.0,11.0,4.6113333333333335,8.982,8.202,13.999666666666666,0.0,6.754515363203327,7.0879928274901145,9.985938225806139,3.0,6.0,5.0,2.0,0.0850933095233046,0.17704052738642345,0.06570419066950839,0.0008590499277557743,4.0,3.0,7.0,4.370666666666666,3.5906666666666665,9.388333333333332,6.754515363203327,7.0879928274901145,9.985938225806139,-4.7496520510370726,-6.96817813858483,-1.1906860143292683
6,0,0.0,1.9924301646902063,-4.861333333333334,"(0, 1, 0, 0, 0, 0, 0, 1, 0, 0, 0, 0, 1, 0, 0, 0, 0, 0, 0, 0, 1, 1, 0, 0, 1)",3.0,8.0,7.0,11.0,3.1346666666666665,9.219333333333333,7.996,13.324333333333334,0.0,7.211722740717376,5.995631920642238,9.29002664550573,1.0,7.0,2.0,21.0,0.126202467370503,0.1099275963924748,0.09042271167701846,0.028058450538164772,5.0,4.0,8.0,6.084666666666667,4.861333333333334,10.189666666666668,7.211722740717376,5.995631920642238,9.29002664550573,-2.245580519235952,-2.2600107211197478,1.7924699155235877
6,1,0.2857142857142857,1.9924301646902063,-4.231777772067882,"(0, 0, 0, 0, 1, 0, 1, 0, 1, 1, 0, 0, 1, 0, 0, 1, 1, 1, 0, 1, 1, 1, 1, 1, 1)",8.0,11.0,11.0,13.0,9.113666666666667,14.043333333333333,14.534,16.459,0.0,4.345667294092866,4.231777772067882,6.134305060104678,3.0,3.0,1.0,5.0,0.09133147589538573,0.007829812233272136,0.05046586902052094,0.04904357760100782,3.0,3.0,5.0,4.929666666666666,5.420333333333334,7.345333333333333,4.345667294092866,4.231777772067882,6.134305060104678,1.163577966076193,2.3681139526755848,2.4128892618734645
6,2,0.5714285714285714,1.9924301646902063,-1.6226666666666656,"(1, 1, 1, 1, 0, 0, 1, 1, 1, 1, 1, 1, 1, 1, 0, 1, 0, 1, 0, 1, 1, 1, 1, 0, 0)",9.0,13.0,12.0,14.0,12.193666666666667,15.726333333333333,13.816333333333333,17.992,0.0,3.0753270282558045,2.671096155009572,4.4913914225270135,2.0,23.0,14.0,1.0,0.1349873096671063,0.04306321437460067,0.019265982668170794,0.06662127950071668,4.0,3.0,5.0,3.5326666666666657,1.6226666666666656,5.798333333333334,3.0753270282558045,2.671096155009572,4.4913914225270135,0.9112172910783116,-2.088922538125126,2.6039904865883696
6,3,0.8571428571428571,1.9924301646902063,-4.402333333333334,"(0, 0, 0, 0, 0, 0, 0, 0, 1, 0, 0, 0, 0, 1, 0, 1, 0, 0, 0, 0, 0, 0, 0, 1, 0)",4.0,8.0,8.0,10.0,4.348,8.750333333333334,9.352333333333334,12.914333333333333,0.0,5.958982274668408,6.1012196503143485,9.37173842037097,3.0,14.0,3.0,2.0,0.12429828992824883,0.09930249619257403,0.05848297566611588,0.020341078678178578,4.0,4.0,6.0,4.402333333333334,5.004333333333334,8.566333333333333,5.958982274668408,6.1012196503143485,9.37173842037097,-3.1015143065490767,-2.185469385188916,-1.604713390208731
6,4,1.1428571428571428,1.9924301646902063,-4.665333333333334,"(0, 0, 0, 1, 0, 0, 0, 1, 0, 0, 0, 0, 1, 0, 0, 0, 1, 0, 0, 0, 0, 1, 0, 0, 1)",4.0,9.0,8.0,10.0,4.28,10.734333333333334,8.945333333333334,12.406666666666666,0.0,6.738432024151689,5.171673495091077,8.51471672314242,2.0,17.0,7.0,5.0,0.3485103656697946,0.00784708851523979,0.008263346707467612,0.09298423544298579,5.0,4.0,6.0,6.4543333333333335,4.665333333333334,8.126666666666665,6.738432024151689,5.171673495091077,8.51471672314242,-0.5660468013354882,-1.0088474118802455,-0.7731626379320332
6,5,1.4285714285714284,1.9924301646902063,-3.100907617759131,"(1, 1, 1, 0, 0, 0, 0, 1, 0, 1, 0, 1, 0, 0, 0, 0, 0, 1, 1, 0, 1, 0, 1, 0, 0)",7.0,12.0,11.0,13.0,10.004,14.757333333333333,13.333666666666666,15.693333333333333,0.0,4.241618163270156,3.100907617759131,5.96142853614839,1.0,28.0,3.0,22.0,0.21243992908809614,0.009710962333925008,0.08724302836573718,0.0046386139652391176,5.0,4.0,6.0,4.753333333333334,3.3296666666666663,5.689333333333334,4.241618163270156,3.100907617759131,5.96142853614839,1.0195567405634536,0.45578642948921594,-0.5421306897562181
6,6,1.7142857142857142,1.9924301646902063,-3.306,"(0, 0, 0, 0, 1, 1, 1, 0, 0, 1, 1, 1, 0, 0, 0, 0, 0, 0, 1, 1, 0, 0, 0, 0, 0)",4.0,7.0,7.0,10.0,4.570666666666667,7.876666666666667,11.01,12.111333333333333,0.0,5.660460890715464,6.98981029659677,9.172572887297244,2.0,1.0,1.0,4.0,0.41170195753996786,0.07764373524069736,0.01886699311716616,0.05661471416518911,3.0,3.0,6.0,3.306,6.439333333333333,7.540666666666666,5.660460890715464,6.98981029659677,9.172572887297244,-4.691098900244861,-1.096786906573134,-3.251459179929956
6,7,2.0,1.9924301646902063,-4.857666666666667,"(0, 0, 0, 0, 0, 0, 0, 0, 0, 0, 0, 0, 0, 0, 1, 0, 1, 0, 0, 1, 0, 1, 0, 1, 1)",3.0,8.0,7.0,10.0,3.292666666666667,8.851333333333333,8.150333333333334,12.872,0.0,7.808854061075032,6.932428307853692,10.319006135003518,1.0,4.0,4.0,2.0,0.3059979163620683,0.03441787828829498,0.1648414626186888,0.027682289147195532,5.0,4.0,7.0,5.5586666666666655,4.857666666666667,9.579333333333333,7.808854061075032,6.932428307853692,10.319006135003518,-4.483341240824888,-4.133817678443187,-1.473746402048593
7,0,0.0,1.9924301646902063,-4.861333333333334,"(0, 1, 0, 0, 0, 0, 0, 1, 0, 0, 0, 0, 1, 0, 0, 0, 0, 0, 0, 0, 1, 1, 0, 0, 1)",3.0,8.0,7.0,11.0,3.1346666666666665,9.219333333333333,7.996,13.324333333333334,0.0,7.211722740717376,5.995631920642238,9.29002664550573,1.0,7.0,2.0,21.0,0.126202467370503,0.1099275963924748,0.09042271167701846,0.028058450538164772,5.0,4.0,8.0,6.084666666666667,4.861333333333334,10.189666666666668,7.211722740717376,5.995631920642238,9.29002664550573,-2.245580519235952,-2.2600107211197478,1.7924699155235877
7,1,0.2857142857142857,1.9924301646902063,-4.231777772067882,"(0, 0, 0, 0, 1, 0, 1, 0, 1, 1, 0, 0, 1, 0, 0, 1, 1, 1, 0, 1, 1, 1, 1, 1, 1)",8.0,11.0,11.0,13.0,9.113666666666667,14.043333333333333,14.534,16.459,0.0,4.345667294092866,4.231777772067882,6.134305060104678,3.0,3.0,1.0,5.0,0.09133147589538573,0.007829812233272136,0.05046586902052094,0.04904357760100782,3.0,3.0,5.0,4.929666666666666,5.420333333333334,7.345333333333333,4.345667294092866,4.231777772067882,6.134305060104678,1.163577966076193,2.3681139526755848,2.4128892618734645
7,2,0.5714285714285714,1.9924301646902063,-1.6226666666666656,"(1, 1, 1, 1, 0, 0, 1, 1, 1, 1, 1, 1, 1, 1, 0, 1, 0, 1, 0, 1, 1, 1, 1, 0, 0)",9.0,13.0,12.0,14.0,12.193666666666667,15.726333333333333,13.816333333333333,17.992,0.0,3.0753270282558045,2.671096155009572,4.4913914225270135,2.0,23.0,14.0,1.0,0.1349873096671063,0.04306321437460067,0.019265982668170794,0.06662127950071668,4.0,3.0,5.0,3.5326666666666657,1.6226666666666656,5.798333333333334,3.0753270282558045,2.671096155009572,4.4913914225270135,0.9112172910783116,-2.088922538125126,2.6039904865883696
7,3,0.8571428571428571,1.9924301646902063,-4.402333333333334,"(0, 0, 0, 0, 0, 0, 0, 0, 1, 0, 0, 0, 0, 1, 0, 1, 0, 0, 0, 0, 0, 0, 0, 1, 0)",4.0,8.0,8.0,10.0,4.348,8.750333333333334,9.352333333333334,12.914333333333333,0.0,5.958982274668408,6.1012196503143485,9.37173842037097,3.0,14.0,3.0,2.0,0.12429828992824883,0.09930249619257403,0.05848297566611588,0.020341078678178578,4.0,4.0,6.0,4.402333333333334,5.004333333333334,8.566333333333333,5.958982274668408,6.1012196503143485,9.37173842037097,-3.1015143065490767,-2.185469385188916,-1.604713390208731
7,4,1.1428571428571428,1.9924301646902063,-4.665333333333334,"(0, 0, 0, 1, 0, 0, 0, 1, 0, 0, 0, 0, 1, 0, 0, 0, 1, 0, 0, 0, 0, 1, 0, 0, 1)",4.0,9.0,8.0,10.0,4.28,10.734333333333334,8.945333333333334,12.406666666666666,0.0,6.738432024151689,5.171673495091077,8.51471672314242,2.0,17.0,7.0,5.0,0.3485103656697946,0.00784708851523979,0.008263346707467612,0.09298423544298579,5.0,4.0,6.0,6.4543333333333335,4.665333333333334,8.126666666666665,6.738432024151689,5.171673495091077,8.51471672314242,-0.5660468013354882,-1.0088474118802455,-0.7731626379320332
7,5,1.4285714285714284,1.9924301646902063,-3.368989096418198,"(1, 1, 1, 0, 0, 0, 0, 1, 0, 1, 0, 1, 1, 0, 0, 0, 0, 0, 1, 0, 1, 0, 1, 0, 0)",7.0,10.0,11.0,13.0,9.172,14.239333333333333,13.025,15.600666666666667,0.0,3.368989096418198,4.0063453679896535,5.568167097864426,2.0,2.0,4.0,9.0,0.0878513829858697,0.007249147536855916,0.08479396862008072,0.01455619453501861,3.0,4.0,6.0,5.067333333333332,3.8529999999999998,6.4286666666666665,3.368989096418198,4.0063453679896535,5.568167097864426,3.3838322876574836,-0.305529936798106,1.7144852975845
7,6,1.7142857142857142,1.9924301646902063,-3.306,"(0, 0, 0, 0, 1, 1, 1, 0, 0, 1, 1, 1, 0, 0, 0, 0, 0, 0, 1, 1, 0, 0, 0, 0, 0)",4.0,7.0,7.0,10.0,4.570666666666667,7.876666666666667,11.01,12.111333333333333,0.0,5.660460890715464,6.98981029659677,9.172572887297244,2.0,1.0,1.0,4.0,0.41170195753996786,0.07764373524069736,0.01886699311716616,0.05661471416518911,3.0,3.0,6.0,3.306,6.439333333333333,7.540666666666666,5.660460890715464,6.98981029659677,9.172572887297244,-4.691098900244861,-1.096786906573134,-3.251459179929956
7,7,2.0,1.9924301646902063,-4.259666666666667,"(0, 0, 0, 0, 0, 0, 0, 0, 0, 0, 0, 0, 0, 0, 0, 0, 1, 0, 0, 0, 0, 1, 0, 1, 1)",2.0,6.0,6.0,10.0,2.316,6.575666666666667,6.911333333333333,11.901333333333334,0.0,7.9838337057607145,7.918648032205932,12.129195353963393,1.0,1.0,2.0,7.0,0.26958350258556385,0.05981860872077241,0.09821577073111264,0.005074635419814935,4.0,4.0,8.0,4.259666666666667,4.5953333333333335,9.585333333333335,7.9838337057607145,7.918648032205932,12.129195353963393,-7.4201427470359915,-6.621472452792116,-5.068467424713108
8,0,0.0,1.9924301646902063,-3.72660817286715,"(0, 1, 0, 0, 0, 1, 0, 1, 0, 1, 0, 0, 1, 0, 0, 0, 0, 0, 0, 0, 1, 1, 0, 0, 1)",4.0,9.0,8.0,11.0,4.445,11.916,9.813333333333333,13.321,0.0,3.72660817286715,5.256108257848057,7.215707601046758,1.0,2.0,3.0,5.0,0.21102726231144142,0.045124103602386785,0.07407770993653887,0.010421347148313621,5.0,4.0,7.0,7.471,5.368333333333332,8.876,3.72660817286715,5.256108257848057,7.215707601046758,7.460439224798967,0.22360062563149807,3.308016657880304
8,1,0.2857142857142857,1.9924301646902063,-3.047333384441908,"(0, 0, 0, 0, 0, 0, 1, 0, 1, 0, 0, 0, 1, 0, 0, 1, 1, 1, 0, 1, 1, 1, 1, 1, 1)",7.0,11.0,9.0,12.0,8.040333333333333,13.51,12.145666666666667,14.639666666666667,0.0,3.4576411696904428,3.047333384441908,5.3813878389811896,3.0,21.0,5.0,9.0,0.07400701928687113,0.09058793937934839,0.11887770592980519,0.029470993517523632,4.0,2.0,5.0,5.469666666666667,4.105333333333334,6.599333333333334,3.4576411696904428,3.047333384441908,5.3813878389811896,4.008820292301232,2.107991012411974,2.4266713418957377
8,2,0.5714285714285714,1.9924301646902063,-1.6226666666666656,"(1, 1, 1, 1, 0, 0, 1, 1, 1, 1, 1, 1, 1, 1, 0, 1, 0, 1, 0, 1, 1, 1, 1, 0, 0)",9.0,13.0,12.0,14.0,12.193666666666667,15.726333333333333,13.816333333333333,17.992,0.0,3.0753270282558045,2.671096155009572,4.4913914225270135,2.0,23.0,14.0,1.0,0.1349873096671063,0.04306321437460067,0.019265982668170794,0.06662127950071668,4.0,3.0,5.0,3.5326666666666657,1.6226666666666656,5.798333333333334,3.0753270282558045,2.671096155009572,4.4913914225270135,0.9112172910783116,-2.088922538125126,2.6039904865883696
8,3,0.8571428571428571,1.9924301646902063,-4.402333333333334,"(0, 0, 0, 0, 0, 0, 0, 0, 1, 0, 0, 0, 0, 1, 0, 1, 0, 0, 0, 0, 0, 0, 0, 1, 0)",4.0,8.0,8.0,10.0,4.348,8.750333333333334,9.352333333333334,12.914333333333333,0.0,5.958982274668408,6.1012196503143485,9.37173842037097,3.0,14.0,3.0,2.0,0.12429828992824883,0.09930249619257403,0.05848297566611588,0.020341078678178578,4.0,4.0,6.0,4.402333333333334,5.004333333333334,8.566333333333333,5.958982274668408,6.1012196503143485,9.37173842037097,-3.1015143065490767,-2.185469385188916,-1.604713390208731
8,4,1.1428571428571428,1.9924301646902063,-4.665333333333334,"(0, 0, 0, 1, 0, 0, 0, 1, 0, 0, 0, 0, 1, 0, 0, 0, 1, 0, 0, 0, 0, 1, 0, 0, 1)",4.0,9.0,8.0,10.0,4.28,10.734333333333334,8.945333333333334,12.406666666666666,0.0,6.738432024151689,5.171673495091077,8.51471672314242,2.0,17.0,7.0,5.0,0.3485103656697946,0.00784708851523979,0.008263346707467612,0.09298423544298579,5.0,4.0,6.0,6.4543333333333335,4.665333333333334,8.126666666666665,6.738432024151689,5.171673495091077,8.51471672314242,-0.5660468013354882,-1.0088474118802455,-0.7731626379320332
8,5,1.4285714285714284,1.9924301646902063,-3.368989096418198,"(1, 1, 1, 0, 0, 0, 0, 1, 0, 1, 0, 1, 1, 0, 0, 0, 0, 0, 1, 0, 1, 0, 1, 0, 0)",7.0,10.0,11.0,13.0,9.172,14.239333333333333,13.025,15.600666666666667,0.0,3.368989096418198,4.0063453679896535,5.568167097864426,2.0,2.0,4.0,9.0,0.0878513829858697,0.007249147536855916,0.08479396862008072,0.01455619453501861,3.0,4.0,6.0,5.067333333333332,3.8529999999999998,6.4286666666666665,3.368989096418198,4.0063453679896535,5.568167097864426,3.3838322876574836,-0.305529936798106,1.7144852975845
8,6,1.7142857142857142,1.9924301646902063,-2.844039093304683,"(0, 0, 0, 1, 1, 1, 1, 0, 0, 1, 1, 1, 0, 0, 0, 0, 0, 0, 1, 1, 0, 0, 0, 1, 0)",5.0,8.0,8.0,11.0,7.419666666666667,11.045333333333334,10.617,13.569,0.0,4.043039290189367,2.844039093304683,5.424701056950262,2.0,1.0,1.0,6.0,0.21517760947362402,0.06058486391190173,0.00549687162716948,0.001560876885587493,3.0,3.0,6.0,3.6256666666666666,3.197333333333334,6.149333333333334,4.043039290189367,2.844039093304683,5.424701056950262,-0.8315858050225174,0.7039141008443859,1.4437792057737626
8,7,2.0,1.9924301646902063,-4.259666666666667,"(0, 0, 0, 0, 0, 0, 0, 0, 0, 0, 0, 0, 0, 0, 0, 0, 1, 0, 0, 0, 0, 1, 0, 1, 1)",2.0,6.0,6.0,10.0,2.316,6.575666666666667,6.911333333333333,11.901333333333334,0.0,7.9838337057607145,7.918648032205932,12.129195353963393,1.0,1.0,2.0,7.0,0.26958350258556385,0.05981860872077241,0.09821577073111264,0.005074635419814935,4.0,4.0,8.0,4.259666666666667,4.5953333333333335,9.585333333333335,7.9838337057607145,7.918648032205932,12.129195353963393,-7.4201427470359915,-6.621472452792116,-5.068467424713108
9,0,0.0,1.9924301646902063,-3.535,"(0, 1, 0, 0, 0, 1, 0, 0, 0, 1, 0, 0, 0, 0, 0, 0, 0, 0, 0, 0, 1, 1, 0, 0, 1)",3.0,6.0,7.0,10.0,3.724666666666667,7.259666666666667,8.308666666666667,11.888666666666667,0.0,4.809859246239804,5.378753403541211,8.017085151398097,1.0,1.0,3.0,6.0,0.4184983856022021,0.07222230029040727,0.10495289629228692,0.05364833471315295,3.0,4.0,7.0,3.535,4.5840000000000005,8.164000000000001,4.809859246239804,5.378753403541211,8.017085151398097,-2.5400680179424047,-1.5834906547057155,0.29271757599532844
9,1,0.2857142857142857,1.9924301646902063,-3.476181839278531,"(0, 0, 0, 0, 0, 0, 1, 0, 1, 0, 1, 0, 1, 0, 0, 0, 1, 1, 0, 1, 1, 1, 1, 1, 1)",8.0,12.0,11.0,14.0,9.443,14.473333333333333,14.328,16.023666666666667,0.0,3.717487270335457,3.476181839278531,6.015744396249139,10.0,4.0,1.0,38.0,0.17612048593537044,0.007855782459323484,0.009393553004779615,0.022250700375318937,4.0,3.0,6.0,5.030333333333333,4.885,6.5806666666666676,3.717487270335457,3.476181839278531,6.015744396249139,2.6157540975117475,2.8069717999848294,1.1255681722851616
9,2,0.5714285714285714,1.9924301646902063,-1.6226666666666656,"(1, 1, 1, 1, 0, 0, 1, 1, 1, 1, 1, 1, 1, 1, 0, 1, 0, 1, 0, 1, 1, 1, 1, 0, 0)",9.0,13.0,12.0,14.0,12.193666666666667,15.726333333333333,13.816333333333333,17.992,0.0,3.0753270282558045,2.671096155009572,4.4913914225270135,2.0,23.0,14.0,1.0,0.1349873096671063,0.04306321437460067,0.019265982668170794,0.06662127950071668,4.0,3.0,5.0,3.5326666666666657,1.6226666666666656,5.798333333333334,3.0753270282558045,2.671096155009572,4.4913914225270135,0.9112172910783116,-2.088922538125126,2.6039904865883696
9,3,0.8571428571428571,1.9924301646902063,-4.804,"(0, 0, 0, 0, 0, 0, 0, 0, 1, 0, 0, 0, 0, 0, 1, 1, 0, 0, 0, 0, 0, 0, 0, 1, 0)",4.0,8.0,8.0,12.0,4.164,10.400666666666666,8.968,13.570333333333334,0.0,5.597156956760668,5.591212873436009,8.897982803433523,2.0,2.0,2.0,65.0,0.18756040894747217,0.0663076544470619,0.0665644615176454,0.08091675453153896,4.0,4.0,8.0,6.236666666666666,4.804,9.406333333333334,5.597156956760668,5.591212873436009,8.897982803433523,1.2741784366289943,-1.568466675066358,1.0128529300086344
9,4,1.1428571428571428,1.9924301646902063,-4.665333333333334,"(0, 0, 0, 1, 0, 0, 0, 1, 0, 0, 0, 0, 1, 0, 0, 0, 1, 0, 0, 0, 0, 1, 0, 0, 1)",4.0,9.0,8.0,10.0,4.28,10.734333333333334,8.945333333333334,12.406666666666666,0.0,6.738432024151689,5.171673495091077,8.51471672314242,2.0,17.0,7.0,5.0,0.3485103656697946,0.00784708851523979,0.008263346707467612,0.09298423544298579,5.0,4.0,6.0,6.4543333333333335,4.665333333333334,8.126666666666665,6.738432024151689,5.171673495091077,8.51471672314242,-0.5660468013354882,-1.0088474118802455,-0.7731626379320332
9,5,1.4285714285714284,1.9924301646902063,-3.368989096418198,"(1, 1, 1, 0, 0, 0, 0, 1, 0, 1, 0, 1, 1, 0, 0, 0, 0, 0, 1, 0, 1, 0, 1, 0, 0)",7.0,10.0,11.0,13.0,9.172,14.239333333333333,13.025,15.600666666666667,0.0,3.368989096418198,4.0063453679896535,5.568167097864426,2.0,2.0,4.0,9.0,0.0878513829858697,0.007249147536855916,0.08479396862008072,0.01455619453501861,3.0,4.0,6.0,5.067333333333332,3.8529999999999998,6.4286666666666665,3.368989096418198,4.0063453679896535,5.568167097864426,3.3838322876574836,-0.305529936798106,1.7144852975845
9,6,1.7142857142857142,1.9924301646902063,-2.844039093304683,"(0, 0, 0, 1, 1, 1, 1, 0, 0, 1, 1, 1, 0, 0, 0, 0, 0, 0, 1, 1, 0, 0, 0, 1, 0)",5.0,8.0,8.0,11.0,7.419666666666667,11.045333333333334,10.617,13.569,0.0,4.043039290189367,2.844039093304683,5.424701056950262,2.0,1.0,1.0,6.0,0.21517760947362402,0.06058486391190173,0.00549687162716948,0.001560876885587493,3.0,3.0,6.0,3.6256666666666666,3.197333333333334,6.149333333333334,4.043039290189367,2.844039093304683,5.424701056950262,-0.8315858050225174,0.7039141008443859,1.4437792057737626
9,7,2.0,1.9924301646902063,-4.259666666666667,"(0, 0, 0, 0, 0, 0, 0, 0, 0, 0, 0, 0, 0, 0, 0, 0, 1, 0, 0, 0, 0, 1, 0, 1, 1)",2.0,6.0,6.0,10.0,2.316,6.575666666666667,6.911333333333333,11.901333333333334,0.0,7.9838337057607145,7.918648032205932,12.129195353963393,1.0,1.0,2.0,7.0,0.26958350258556385,0.05981860872077241,0.09821577073111264,0.005074635419814935,4.0,4.0,8.0,4.259666666666667,4.5953333333333335,9.585333333333335,7.9838337057607145,7.918648032205932,12.129195353963393,-7.4201427470359915,-6.621472452792116,-5.068467424713108
10,0,0.0,1.9924301646902063,-3.476181839278531,"(0, 0, 0, 0, 0, 0, 1, 0, 1, 0, 1, 0, 1, 0, 0, 0, 1, 1, 0, 1, 1, 1, 1, 1, 1)",8.0,12.0,11.0,14.0,9.443,14.473333333333333,14.328,16.023666666666667,0.0,3.717487270335457,3.476181839278531,6.015744396249139,10.0,4.0,1.0,38.0,0.17612048593537044,0.007855782459323484,0.009393553004779615,0.022250700375318937,4.0,3.0,6.0,5.030333333333333,4.885,6.5806666666666676,3.717487270335457,3.476181839278531,6.015744396249139,2.6157540975117475,2.8069717999848294,1.1255681722851616
10,1,0.2857142857142857,1.9924301646902063,-3.535,"(0, 1, 0, 0, 0, 1, 0, 0, 0, 1, 0, 0, 0, 0, 0, 0, 0, 0, 0, 0, 1, 1, 0, 0, 1)",3.0,6.0,7.0,10.0,3.724666666666667,7.259666666666667,8.308666666666667,11.888666666666667,0.0,4.809859246239804,5.378753403541211,8.017085151398097,1.0,1.0,3.0,6.0,0.4184983856022021,0.07222230029040727,0.10495289629228692,0.05364833471315295,3.0,4.0,7.0,3.535,4.5840000000000005,8.164000000000001,4.809859246239804,5.378753403541211,8.017085151398097,-2.5400680179424047,-1.5834906547057155,0.29271757599532844
10,2,0.5714285714285714,1.9924301646902063,-4.804,"(0, 0, 0, 0, 0, 0, 0, 0, 1, 0, 0, 0, 0, 0, 1, 1, 0, 0, 0, 0, 0, 0, 0, 1, 0)",4.0,8.0,8.0,12.0,4.164,10.400666666666666,8.968,13.570333333333334,0.0,5.597156956760668,5.591212873436009,8.897982803433523,2.0,2.0,2.0,65.0,0.18756040894747217,0.0663076544470619,0.0665644615176454,0.08091675453153896,4.0,4.0,8.0,6.236666666666666,4.804,9.406333333333334,5.597156956760668,5.591212873436009,8.897982803433523,1.2741784366289943,-1.568466675066358,1.0128529300086344
10,3,0.8571428571428571,1.9924301646902063,-4.944946011405799,"(0, 0, 0, 1, 0, 0, 0, 1, 0, 0, 0, 0, 1, 0, 0, 0, 1, 0, 0, 0, 0, 1, 0, 1, 0)",3.0,8.0,7.0,11.0,3.2916666666666665,9.617333333333333,8.722666666666667,13.682333333333334,0.0,5.892634350184227,4.944946011405799,9.073936525088609,1.0,7.0,3.0,13.0,0.2391755480632426,0.021857781630832924,0.12513544883110322,0.02997726880264319,5.0,4.0,8.0,6.325666666666667,5.431000000000001,10.390666666666668,5.892634350184227,4.944946011405799,9.073936525088609,0.8627866496452897,0.9684286285430778,2.623492852836931
10,4,1.1428571428571428,1.9924301646902063,-3.368989096418198,"(1, 1, 1, 0, 0, 0, 0, 1, 0, 1, 0, 1, 1, 0, 0, 0, 0, 0, 1, 0, 1, 0, 1, 0, 0)",7.0,10.0,11.0,13.0,9.172,14.239333333333333,13.025,15.600666666666667,0.0,3.368989096418198,4.0063453679896535,5.568167097864426,2.0,2.0,4.0,9.0,0.0878513829858697,0.007249147536855916,0.08479396862008072,0.01455619453501861,3.0,4.0,6.0,5.067333333333332,3.8529999999999998,6.4286666666666665,3.368989096418198,4.0063453679896535,5.568167097864426,3.3838322876574836,-0.305529936798106,1.7144852975845
10,5,1.4285714285714284,1.9924301646902063,-2.844039093304683,"(0, 0, 0, 1, 1, 1, 1, 0, 0, 1, 1, 1, 0, 0, 0, 0, 0, 0, 1, 1, 0, 0, 0, 1, 0)",5.0,8.0,8.0,11.0,7.419666666666667,11.045333333333334,10.617,13.569,0.0,4.043039290189367,2.844039093304683,5.424701056950262,2.0,1.0,1.0,6.0,0.21517760947362402,0.06058486391190173,0.00549687162716948,0.001560876885587493,3.0,3.0,6.0,3.6256666666666666,3.197333333333334,6.149333333333334,4.043039290189367,2.844039093304683,5.424701056950262,-0.8315858050225174,0.7039141008443859,1.4437792057737626
10,6,1.7142857142857142,1.9924301646902063,-4.259666666666667,"(0, 0, 0, 0, 0, 0, 0, 0, 0, 0, 0, 0, 0, 0, 0, 0, 1, 0, 0, 0, 0, 1, 0, 1, 1)",2.0,6.0,6.0,10.0,2.316,6.575666666666667,6.911333333333333,11.901333333333334,0.0,7.9838337057607145,7.918648032205932,12.129195353963393,1.0,1.0,2.0,7.0,0.26958350258556385,0.05981860872077241,0.09821577073111264,0.005074635419814935,4.0,4.0,8.0,4.259666666666667,4.5953333333333335,9.585333333333335,7.9838337057607145,7.918648032205932,12.129195353963393,-7.4201427470359915,-6.621472452792116,-5.068467424713108
10,7,2.0,1.9924301646902063,-0.2476666666666656,"(1, 1, 1, 1, 0, 0, 1, 1, 1, 1, 0, 1, 1, 1, 0, 0, 0, 1, 0, 1, 1, 1, 1, 0, 0)",9.0,12.0,10.0,15.0,10.692333333333334,15.285666666666666,10.94,17.667,0.0,3.5729143237742425,3.2405880413603874,6.163372402396215,16.0,16.0,2.0,9.0,0.12771054726447967,0.017929263021287115,0.09822316825711468,0.03780935466314943,3.0,1.0,6.0,4.593333333333332,0.2476666666666656,6.974666666666668,3.5729143237742425,3.2405880413603874,6.163372402396215,2.033113615268834,-5.963186827485851,1.616447164572598
11,0,0.0,1.9924301646902063,-3.476181839278531,"(0, 0, 0, 0, 0, 0, 1, 0, 1, 0, 1, 0, 1, 0, 0, 0, 1, 1, 0, 1, 1, 1, 1, 1, 1)",8.0,12.0,11.0,14.0,9.443,14.473333333333333,14.328,16.023666666666667,0.0,3.717487270335457,3.476181839278531,6.015744396249139,10.0,4.0,1.0,38.0,0.17612048593537044,0.007855782459323484,0.009393553004779615,0.022250700375318937,4.0,3.0,6.0,5.030333333333333,4.885,6.5806666666666676,3.717487270335457,3.476181839278531,6.015744396249139,2.6157540975117475,2.8069717999848294,1.1255681722851616
11,1,0.2857142857142857,1.9924301646902063,-3.535,"(0, 1, 0, 0, 0, 1, 0, 0, 0, 1, 0, 0, 0, 0, 0, 0, 0, 0, 0, 0, 1, 1, 0, 0, 1)",3.0,6.0,7.0,10.0,3.724666666666667,7.259666666666667,8.308666666666667,11.888666666666667,0.0,4.809859246239804,5.378753403541211,8.017085151398097,1.0,1.0,3.0,6.0,0.4184983856022021,0.07222230029040727,0.10495289629228692,0.05364833471315295,3.0,4.0,7.0,3.535,4.5840000000000005,8.164000000000001,4.809859246239804,5.378753403541211,8.017085151398097,-2.5400680179424047,-1.5834906547057155,0.29271757599532844
11,2,0.5714285714285714,1.9924301646902063,-4.322400137391874,"(0, 0, 0, 0, 0, 0, 0, 0, 1, 0, 0, 0, 1, 1, 1, 1, 0, 0, 0, 0, 0, 0, 0, 1, 0)",5.0,9.0,9.0,12.0,5.832,12.097333333333333,10.297666666666666,14.005,0.0,4.322400137391874,5.19649031969794,7.611470646093054,2.0,6.0,4.0,30.0,0.1266029889371238,0.05465102429128257,0.01855637595785731,0.004717738505486305,4.0,4.0,7.0,6.265333333333333,4.4656666666666665,8.173000000000002,4.322400137391874,5.19649031969794,7.611470646093054,3.871158707571711,-1.4561150913685985,1.1188080230832045
11,3,0.8571428571428571,1.9924301646902063,-4.944946011405799,"(0, 0, 0, 1, 0, 0, 0, 1, 0, 0, 0, 0, 1, 0, 0, 0, 1, 0, 0, 0, 0, 1, 0, 1, 0)",3.0,8.0,7.0,11.0,3.2916666666666665,9.617333333333333,8.722666666666667,13.682333333333334,0.0,5.892634350184227,4.944946011405799,9.073936525088609,1.0,7.0,3.0,13.0,0.2391755480632426,0.021857781630832924,0.12513544883110322,0.02997726880264319,5.0,4.0,8.0,6.325666666666667,5.431000000000001,10.390666666666668,5.892634350184227,4.944946011405799,9.073936525088609,0.8627866496452897,0.9684286285430778,2.623492852836931
11,4,1.1428571428571428,1.9924301646902063,-3.368989096418198,"(1, 1, 1, 0, 0, 0, 0, 1, 0, 1, 0, 1, 1, 0, 0, 0, 0, 0, 1, 0, 1, 0, 1, 0, 0)",7.0,10.0,11.0,13.0,9.172,14.239333333333333,13.025,15.600666666666667,0.0,3.368989096418198,4.0063453679896535,5.568167097864426,2.0,2.0,4.0,9.0,0.0878513829858697,0.007249147536855916,0.08479396862008072,0.01455619453501861,3.0,4.0,6.0,5.067333333333332,3.8529999999999998,6.4286666666666665,3.368989096418198,4.0063453679896535,5.568167097864426,3.3838322876574836,-0.305529936798106,1.7144852975845
11,5,1.4285714285714284,1.9924301646902063,-2.844039093304683,"(0, 0, 0, 1, 1, 1, 1, 0, 0, 1, 1, 1, 0, 0, 0, 0, 0, 0, 1, 1, 0, 0, 0, 1, 0)",5.0,8.0,8.0,11.0,7.419666666666667,11.045333333333334,10.617,13.569,0.0,4.043039290189367,2.844039093304683,5.424701056950262,2.0,1.0,1.0,6.0,0.21517760947362402,0.06058486391190173,0.00549687162716948,0.001560876885587493,3.0,3.0,6.0,3.6256666666666666,3.197333333333334,6.149333333333334,4.043039290189367,2.844039093304683,5.424701056950262,-0.8315858050225174,0.7039141008443859,1.4437792057737626
11,6,1.7142857142857142,1.9924301646902063,-4.259666666666667,"(0, 0, 0, 0, 0, 0, 0, 0, 0, 0, 0, 0, 0, 0, 0, 0, 1, 0, 0, 0, 0, 1, 0, 1, 1)",2.0,6.0,6.0,10.0,2.316,6.575666666666667,6.911333333333333,11.901333333333334,0.0,7.9838337057607145,7.918648032205932,12.129195353963393,1.0,1.0,2.0,7.0,0.26958350258556385,0.05981860872077241,0.09821577073111264,0.005074635419814935,4.0,4.0,8.0,4.259666666666667,4.5953333333333335,9.585333333333335,7.9838337057607145,7.918648032205932,12.129195353963393,-7.4201427470359915,-6.621472452792116,-5.068467424713108
11,7,2.0,1.9924301646902063,-0.2476666666666656,"(1, 1, 1, 1, 0, 0, 1, 1, 1, 1, 0, 1, 1, 1, 0, 0, 0, 1, 0, 1, 1, 1, 1, 0, 0)",9.0,12.0,10.0,15.0,10.692333333333334,15.285666666666666,10.94,17.667,0.0,3.5729143237742425,3.2405880413603874,6.163372402396215,16.0,16.0,2.0,9.0,0.12771054726447967,0.017929263021287115,0.09822316825711468,0.03780935466314943,3.0,1.0,6.0,4.593333333333332,0.2476666666666656,6.974666666666668,3.5729143237742425,3.2405880413603874,6.163372402396215,2.033113615268834,-5.963186827485851,1.616447164572598
12,0,0.0,1.9924301646902063,-1.0013333333333332,"(0, 0, 0, 0, 0, 1, 1, 0, 1, 0, 0, 0, 1, 0, 0, 0, 1, 1, 0, 1, 1, 1, 1, 1, 1)",7.0,10.0,11.0,14.0,10.7,11.701333333333332,13.269,17.045,0.0,4.787278371039981,4.388083918487829,7.310038100288367,2.0,5.0,21.0,16.0,0.1864823798804603,0.0184104441269627,0.0320734185471299,0.029189110797913368,3.0,4.0,7.0,1.0013333333333332,2.569000000000001,6.345000000000002,4.787278371039981,4.388083918487829,7.310038100288367,-7.5432310949859245,-3.624397671298009,-1.922771021089871
12,1,0.2857142857142857,1.9924301646902063,-4.869,"(0, 1, 0, 0, 0, 0, 0, 0, 0, 0, 0, 0, 0, 0, 0, 0, 0, 0, 0, 0, 1, 1, 0, 0, 1)",2.0,6.0,6.0,10.0,2.1746666666666665,8.335,7.043666666666667,12.265333333333333,0.0,5.969464671145973,5.8245375147777025,9.766029280906691,1.0,1.0,2.0,23.0,0.3513306365726203,0.12405008157516073,0.13984299008853798,0.014297083549206186,4.0,4.0,8.0,6.160333333333334,4.869,10.090666666666666,5.969464671145973,5.8245375147777025,9.766029280906691,0.380292480036163,-1.9038417679362087,0.6468173199743436
12,2,0.5714285714285714,1.9924301646902063,-4.322400137391874,"(0, 0, 0, 0, 0, 0, 0, 0, 1, 0, 0, 0, 1, 1, 1, 1, 0, 0, 0, 0, 0, 0, 0, 1, 0)",5.0,9.0,9.0,12.0,5.832,12.097333333333333,10.297666666666666,14.005,0.0,4.322400137391874,5.19649031969794,7.611470646093054,2.0,6.0,4.0,30.0,0.1266029889371238,0.05465102429128257,0.01855637595785731,0.004717738505486305,4.0,4.0,7.0,6.265333333333333,4.4656666666666665,8.173000000000002,4.322400137391874,5.19649031969794,7.611470646093054,3.871158707571711,-1.4561150913685985,1.1188080230832045
12,3,0.8571428571428571,1.9924301646902063,-4.944946011405799,"(0, 0, 0, 1, 0, 0, 0, 1, 0, 0, 0, 0, 1, 0, 0, 0, 1, 0, 0, 0, 0, 1, 0, 1, 0)",3.0,8.0,7.0,11.0,3.2916666666666665,9.617333333333333,8.722666666666667,13.682333333333334,0.0,5.892634350184227,4.944946011405799,9.073936525088609,1.0,7.0,3.0,13.0,0.2391755480632426,0.021857781630832924,0.12513544883110322,0.02997726880264319,5.0,4.0,8.0,6.325666666666667,5.431000000000001,10.390666666666668,5.892634350184227,4.944946011405799,9.073936525088609,0.8627866496452897,0.9684286285430778,2.623492852836931
12,4,1.1428571428571428,1.9924301646902063,-3.8021987595042024,"(1, 1, 1, 0, 0, 0, 0, 1, 0, 1, 0, 0, 0, 0, 0, 0, 0, 0, 1, 0, 1, 0, 1, 0, 0)",6.0,9.0,10.0,12.0,7.743333333333333,12.383,12.860333333333333,15.622666666666667,0.0,3.8021987595042024,4.92752331652123,7.110164147600529,2.0,2.0,14.0,4.0,0.16963865005259332,0.10419466692082044,0.0033571840762541263,0.023847411148884654,3.0,4.0,6.0,4.639666666666666,5.117,7.879333333333334,3.8021987595042024,4.92752331652123,7.110164147600529,1.6685963201904697,0.3775190596685589,1.5325158874042444
12,5,1.4285714285714284,1.9924301646902063,-2.844039093304683,"(0, 0, 0, 1, 1, 1, 1, 0, 0, 1, 1, 1, 0, 0, 0, 0, 0, 0, 1, 1, 0, 0, 0, 1, 0)",5.0,8.0,8.0,11.0,7.419666666666667,11.045333333333334,10.617,13.569,0.0,4.043039290189367,2.844039093304683,5.424701056950262,2.0,1.0,1.0,6.0,0.21517760947362402,0.06058486391190173,0.00549687162716948,0.001560876885587493,3.0,3.0,6.0,3.6256666666666666,3.197333333333334,6.149333333333334,4.043039290189367,2.844039093304683,5.424701056950262,-0.8315858050225174,0.7039141008443859,1.4437792057737626
12,6,1.7142857142857142,1.9924301646902063,-4.259666666666667,"(0, 0, 0, 0, 0, 0, 0, 0, 0, 0, 0, 0, 0, 0, 0, 0, 1, 0, 0, 0, 0, 1, 0, 1, 1)",2.0,6.0,6.0,10.0,2.316,6.575666666666667,6.911333333333333,11.901333333333334,0.0,7.9838337057607145,7.918648032205932,12.129195353963393,1.0,1.0,2.0,7.0,0.26958350258556385,0.05981860872077241,0.09821577073111264,0.005074635419814935,4.0,4.0,8.0,4.259666666666667,4.5953333333333335,9.585333333333335,7.9838337057607145,7.918648032205932,12.129195353963393,-7.4201427470359915,-6.621472452792116,-5.068467424713108
12,7,2.0,1.9924301646902063,-0.2476666666666656,"(1, 1, 1, 1, 0, 0, 1, 1, 1, 1, 0, 1, 1, 1, 0, 0, 0, 1, 0, 1, 1, 1, 1, 0, 0)",9.0,12.0,10.0,15.0,10.692333333333334,15.285666666666666,10.94,17.667,0.0,3.5729143237742425,3.2405880413603874,6.163372402396215,16.0,16.0,2.0,9.0,0.12771054726447967,0.017929263021287115,0.09822316825711468,0.03780935466314943,3.0,1.0,6.0,4.593333333333332,0.2476666666666656,6.974666666666668,3.5729143237742425,3.2405880413603874,6.163372402396215,2.033113615268834,-5.963186827485851,1.616447164572598
13,0,0.0,1.9924301646902063,-1.0013333333333332,"(0, 0, 0, 0, 0, 1, 1, 0, 1, 0, 0, 0, 1, 0, 0, 0, 1, 1, 0, 1, 1, 1, 1, 1, 1)",7.0,10.0,11.0,14.0,10.7,11.701333333333332,13.269,17.045,0.0,4.787278371039981,4.388083918487829,7.310038100288367,2.0,5.0,21.0,16.0,0.1864823798804603,0.0184104441269627,0.0320734185471299,0.029189110797913368,3.0,4.0,7.0,1.0013333333333332,2.569000000000001,6.345000000000002,4.787278371039981,4.388083918487829,7.310038100288367,-7.5432310949859245,-3.624397671298009,-1.922771021089871
13,1,0.2857142857142857,1.9924301646902063,-5.058999999999999,"(0, 0, 0, 0, 0, 0, 1, 0, 0, 0, 0, 0, 0, 0, 0, 0, 0, 0, 0, 0, 1, 1, 0, 0, 1)",3.0,8.0,7.0,11.0,3.298,9.465666666666667,8.357,12.795666666666667,0.0,6.85685985932958,6.448942990278671,10.573406259865045,1.0,17.0,3.0,23.0,0.2878799464288499,0.0026703331127988176,0.014669223370649792,0.05079479221989041,5.0,4.0,8.0,6.167666666666667,5.058999999999999,9.497666666666667,6.85685985932958,6.448942990278671,10.573406259865045,-1.3731693063607362,-2.7693643410309323,-2.1433360148400196
13,2,0.5714285714285714,1.9924301646902063,-4.322400137391874,"(0, 0, 0, 0, 0, 0, 0, 0, 1, 0, 0, 0, 1, 1, 1, 1, 0, 0, 0, 0, 0, 0, 0, 1, 0)",5.0,9.0,9.0,12.0,5.832,12.097333333333333,10.297666666666666,14.005,0.0,4.322400137391874,5.19649031969794,7.611470646093054,2.0,6.0,4.0,30.0,0.1266029889371238,0.05465102429128257,0.01855637595785731,0.004717738505486305,4.0,4.0,7.0,6.265333333333333,4.4656666666666665,8.173000000000002,4.322400137391874,5.19649031969794,7.611470646093054,3.871158707571711,-1.4561150913685985,1.1188080230832045
13,3,0.8571428571428571,1.9924301646902063,-4.944946011405799,"(0, 0, 0, 1, 0, 0, 0, 1, 0, 0, 0, 0, 1, 0, 0, 0, 1, 0, 0, 0, 0, 1, 0, 1, 0)",3.0,8.0,7.0,11.0,3.2916666666666665,9.617333333333333,8.722666666666667,13.682333333333334,0.0,5.892634350184227,4.944946011405799,9.073936525088609,1.0,7.0,3.0,13.0,0.2391755480632426,0.021857781630832924,0.12513544883110322,0.02997726880264319,5.0,4.0,8.0,6.325666666666667,5.431000000000001,10.390666666666668,5.892634350184227,4.944946011405799,9.073936525088609,0.8627866496452897,0.9684286285430778,2.623492852836931
13,4,1.1428571428571428,1.9924301646902063,-4.418678790572294,"(1, 1, 1, 0, 0, 0, 1, 0, 0, 1, 0, 0, 0, 0, 0, 0, 0, 0, 1, 0, 1, 0, 1, 0, 0)",6.0,11.0,9.0,11.0,6.782666666666667,12.798,11.729,13.991333333333333,0.0,5.6191290338546125,4.418678790572294,7.788841206976364,3.0,30.0,2.0,2.0,0.18730189959155016,0.0736231369569823,0.04585301241601444,0.028703994848883488,5.0,3.0,5.0,6.015333333333333,4.946333333333333,7.208666666666667,5.6191290338546125,4.418678790572294,7.788841206976364,0.7894093976613558,1.051314827532912,-1.1559572548983141
13,5,1.4285714285714284,1.9924301646902063,-2.844039093304683,"(0, 0, 0, 1, 1, 1, 1, 0, 0, 1, 1, 1, 0, 0, 0, 0, 0, 0, 1, 1, 0, 0, 0, 1, 0)",5.0,8.0,8.0,11.0,7.419666666666667,11.045333333333334,10.617,13.569,0.0,4.043039290189367,2.844039093304683,5.424701056950262,2.0,1.0,1.0,6.0,0.21517760947362402,0.06058486391190173,0.00549687162716948,0.001560876885587493,3.0,3.0,6.0,3.6256666666666666,3.197333333333334,6.149333333333334,4.043039290189367,2.844039093304683,5.424701056950262,-0.8315858050225174,0.7039141008443859,1.4437792057737626
13,6,1.7142857142857142,1.9924301646902063,-3.6189999999999998,"(0, 0, 0, 0, 0, 0, 0, 0, 0, 0, 0, 0, 0, 0, 0, 0, 1, 0, 0, 1, 0, 1, 0, 1, 0)",3.0,8.0,6.0,10.0,3.4816666666666665,8.782,7.100666666666666,12.450333333333333,0.0,6.845691181350845,6.524456093520432,9.982064056041464,2.0,15.0,2.0,12.0,0.20163480750331156,0.06043052064859961,0.0714083602556663,0.012105983023641818,5.0,3.0,7.0,5.300333333333334,3.6189999999999998,8.968666666666667,6.845691181350845,6.524456093520432,9.982064056041464,-3.079017591630833,-5.788918362913078,-2.0191235274086514
13,7,2.0,1.9924301646902063,-1.4283333333333346,"(1, 0, 1, 1, 0, 0, 1, 1, 1, 1, 0, 1, 1, 1, 0, 0, 0, 1, 0, 1, 1, 0, 1, 0, 0)",8.0,11.0,9.0,13.0,9.209,13.164333333333333,10.637333333333334,15.913333333333334,0.0,4.894426837674433,4.000777632584995,6.824604628774541,8.0,6.0,1.0,4.0,0.15404965164148174,0.07927909146576746,0.0371093123518434,0.05170306648141286,3.0,1.0,5.0,3.955333333333334,1.4283333333333346,6.704333333333334,4.894426837674433,4.000777632584995,6.824604628774541,-1.8710782255138394,-5.125415618814369,-0.23963215698342732
14,0,0.0,1.9924301646902063,-3.099,"(0, 0, 0, 0, 0, 1, 1, 0, 1, 0, 0, 0, 0, 0, 0, 0, 1, 0, 0, 1, 1, 1, 1, 1, 1)",7.0,11.0,11.0,14.0,9.297666666666666,13.468666666666667,12.396666666666667,16.530666666666665,0.0,4.692051278224262,5.216647071530721,6.618354899559693,1.0,29.0,10.0,15.0,0.13483428003104528,0.06937889266838505,0.06062190266325881,0.010553175073385034,4.0,4.0,7.0,4.171000000000001,3.099,7.232999999999999,4.692051278224262,5.216647071530721,6.618354899559693,-1.0381582840844057,-4.219263903485687,1.2246374386963077
14,1,0.2857142857142857,1.9924301646902063,-5.058999999999999,"(0, 0, 0, 0, 0, 0, 1, 0, 0, 0, 0, 0, 0, 0, 0, 0, 0, 0, 0, 0, 1, 1, 0, 0, 1)",3.0,8.0,7.0,11.0,3.298,9.465666666666667,8.357,12.795666666666667,0.0,6.85685985932958,6.448942990278671,10.573406259865045,1.0,17.0,3.0,23.0,0.2878799464288499,0.0026703331127988176,0.014669223370649792,0.05079479221989041,5.0,4.0,8.0,6.167666666666667,5.058999999999999,9.497666666666667,6.85685985932958,6.448942990278671,10.573406259865045,-1.3731693063607362,-2.7693643410309323,-2.1433360148400196
14,2,0.5714285714285714,1.9924301646902063,-4.322400137391874,"(0, 0, 0, 0, 0, 0, 0, 0, 1, 0, 0, 0, 1, 1, 1, 1, 0, 0, 0, 0, 0, 0, 0, 1, 0)",5.0,9.0,9.0,12.0,5.832,12.097333333333333,10.297666666666666,14.005,0.0,4.322400137391874,5.19649031969794,7.611470646093054,2.0,6.0,4.0,30.0,0.1266029889371238,0.05465102429128257,0.01855637595785731,0.004717738505486305,4.0,4.0,7.0,6.265333333333333,4.4656666666666665,8.173000000000002,4.322400137391874,5.19649031969794,7.611470646093054,3.871158707571711,-1.4561150913685985,1.1188080230832045
14,3,0.8571428571428571,1.9924301646902063,-4.944946011405799,"(0, 0, 0, 1, 0, 0, 0, 1, 0, 0, 0, 0, 1, 0, 0, 0, 1, 0, 0, 0, 0, 1, 0, 1, 0)",3.0,8.0,7.0,11.0,3.2916666666666665,9.617333333333333,8.722666666666667,13.682333333333334,0.0,5.892634350184227,4.944946011405799,9.073936525088609,1.0,7.0,3.0,13.0,0.2391755480632426,0.021857781630832924,0.12513544883110322,0.02997726880264319,5.0,4.0,8.0,6.325666666666667,5.431000000000001,10.390666666666668,5.892634350184227,4.944946011405799,9.073936525088609,0.8627866496452897,0.9684286285430778,2.623492852836931
14,4,1.1428571428571428,1.9924301646902063,-4.418678790572294,"(1, 1, 1, 0, 0, 0, 1, 0, 0, 1, 0, 0, 0, 0, 0, 0, 0, 0, 1, 0, 1, 0, 1, 0, 0)",6.0,11.0,9.0,11.0,6.782666666666667,12.798,11.729,13.991333333333333,0.0,5.6191290338546125,4.418678790572294,7.788841206976364,3.0,30.0,2.0,2.0,0.18730189959155016,0.0736231369569823,0.04585301241601444,0.028703994848883488,5.0,3.0,5.0,6.015333333333333,4.946333333333333,7.208666666666667,5.6191290338546125,4.418678790572294,7.788841206976364,0.7894093976613558,1.051314827532912,-1.1559572548983141
14,5,1.4285714285714284,1.9924301646902063,-3.2716666666666674,"(0, 0, 0, 0, 1, 1, 1, 0, 0, 1, 1, 1, 0, 0, 0, 0, 0, 0, 1, 1, 0, 0, 0, 0, 0)",4.0,7.0,7.0,10.0,4.531666666666666,7.803333333333334,8.188666666666666,11.934,0.0,5.411683846540952,5.3732963587012526,8.891341369551219,2.0,1.0,1.0,4.0,0.34214181214862127,0.03379464262717464,0.014980606412624954,0.03837654241106587,3.0,3.0,6.0,3.2716666666666674,3.657,7.402333333333333,5.411683846540952,5.3732963587012526,8.891341369551219,-4.263834782136792,-3.419600636624338,-2.9667445268266426
14,6,1.7142857142857142,1.9924301646902063,-3.6189999999999998,"(0, 0, 0, 0, 0, 0, 0, 0, 0, 0, 0, 0, 0, 0, 0, 0, 1, 0, 0, 1, 0, 1, 0, 1, 0)",3.0,8.0,6.0,10.0,3.4816666666666665,8.782,7.100666666666666,12.450333333333333,0.0,6.845691181350845,6.524456093520432,9.982064056041464,2.0,15.0,2.0,12.0,0.20163480750331156,0.06043052064859961,0.0714083602556663,0.012105983023641818,5.0,3.0,7.0,5.300333333333334,3.6189999999999998,8.968666666666667,6.845691181350845,6.524456093520432,9.982064056041464,-3.079017591630833,-5.788918362913078,-2.0191235274086514
14,7,2.0,1.9924301646902063,-1.4283333333333346,"(1, 0, 1, 1, 0, 0, 1, 1, 1, 1, 0, 1, 1, 1, 0, 0, 0, 1, 0, 1, 1, 0, 1, 0, 0)",8.0,11.0,9.0,13.0,9.209,13.164333333333333,10.637333333333334,15.913333333333334,0.0,4.894426837674433,4.000777632584995,6.824604628774541,8.0,6.0,1.0,4.0,0.15404965164148174,0.07927909146576746,0.0371093123518434,0.05170306648141286,3.0,1.0,5.0,3.955333333333334,1.4283333333333346,6.704333333333334,4.894426837674433,4.000777632584995,6.824604628774541,-1.8710782255138394,-5.125415618814369,-0.23963215698342732
15,0,0.0,1.9924301646902063,-3.099,"(0, 0, 0, 0, 0, 1, 1, 0, 1, 0, 0, 0, 0, 0, 0, 0, 1, 0, 0, 1, 1, 1, 1, 1, 1)",7.0,11.0,11.0,14.0,9.297666666666666,13.468666666666667,12.396666666666667,16.530666666666665,0.0,4.692051278224262,5.216647071530721,6.618354899559693,1.0,29.0,10.0,15.0,0.13483428003104528,0.06937889266838505,0.06062190266325881,0.010553175073385034,4.0,4.0,7.0,4.171000000000001,3.099,7.232999999999999,4.692051278224262,5.216647071530721,6.618354899559693,-1.0381582840844057,-4.219263903485687,1.2246374386963077
15,1,0.2857142857142857,1.9924301646902063,-5.058999999999999,"(0, 0, 0, 0, 0, 0, 1, 0, 0, 0, 0, 0, 0, 0, 0, 0, 0, 0, 0, 0, 1, 1, 0, 0, 1)",3.0,8.0,7.0,11.0,3.298,9.465666666666667,8.357,12.795666666666667,0.0,6.85685985932958,6.448942990278671,10.573406259865045,1.0,17.0,3.0,23.0,0.2878799464288499,0.0026703331127988176,0.014669223370649792,0.05079479221989041,5.0,4.0,8.0,6.167666666666667,5.058999999999999,9.497666666666667,6.85685985932958,6.448942990278671,10.573406259865045,-1.3731693063607362,-2.7693643410309323,-2.1433360148400196
15,2,0.5714285714285714,1.9924301646902063,-4.322400137391874,"(0, 0, 0, 0, 0, 0, 0, 0, 1, 0, 0, 0, 1, 1, 1, 1, 0, 0, 0, 0, 0, 0, 0, 1, 0)",5.0,9.0,9.0,12.0,5.832,12.097333333333333,10.297666666666666,14.005,0.0,4.322400137391874,5.19649031969794,7.611470646093054,2.0,6.0,4.0,30.0,0.1266029889371238,0.05465102429128257,0.01855637595785731,0.004717738505486305,4.0,4.0,7.0,6.265333333333333,4.4656666666666665,8.173000000000002,4.322400137391874,5.19649031969794,7.611470646093054,3.871158707571711,-1.4561150913685985,1.1188080230832045
15,3,0.8571428571428571,1.9924301646902063,-4.944946011405799,"(0, 0, 0, 1, 0, 0, 0, 1, 0, 0, 0, 0, 1, 0, 0, 0, 1, 0, 0, 0, 0, 1, 0, 1, 0)",3.0,8.0,7.0,11.0,3.2916666666666665,9.617333333333333,8.722666666666667,13.682333333333334,0.0,5.892634350184227,4.944946011405799,9.073936525088609,1.0,7.0,3.0,13.0,0.2391755480632426,0.021857781630832924,0.12513544883110322,0.02997726880264319,5.0,4.0,8.0,6.325666666666667,5.431000000000001,10.390666666666668,5.892634350184227,4.944946011405799,9.073936525088609,0.8627866496452897,0.9684286285430778,2.623492852836931
15,4,1.1428571428571428,1.9924301646902063,-4.418678790572294,"(1, 1, 1, 0, 0, 0, 1, 0, 0, 1, 0, 0, 0, 0, 0, 0, 0, 0, 1, 0, 1, 0, 1, 0, 0)",6.0,11.0,9.0,11.0,6.782666666666667,12.798,11.729,13.991333333333333,0.0,5.6191290338546125,4.418678790572294,7.788841206976364,3.0,30.0,2.0,2.0,0.18730189959155016,0.0736231369569823,0.04585301241601444,0.028703994848883488,5.0,3.0,5.0,6.015333333333333,4.946333333333333,7.208666666666667,5.6191290338546125,4.418678790572294,7.788841206976364,0.7894093976613558,1.051314827532912,-1.1559572548983141
15,5,1.4285714285714284,1.9924301646902063,-3.2716666666666674,"(0, 0, 0, 0, 1, 1, 1, 0, 0, 1, 1, 1, 0, 0, 0, 0, 0, 0, 1, 1, 0, 0, 0, 0, 0)",4.0,7.0,7.0,10.0,4.531666666666666,7.803333333333334,8.188666666666666,11.934,0.0,5.411683846540952,5.3732963587012526,8.891341369551219,2.0,1.0,1.0,4.0,0.34214181214862127,0.03379464262717464,0.014980606412624954,0.03837654241106587,3.0,3.0,6.0,3.2716666666666674,3.657,7.402333333333333,5.411683846540952,5.3732963587012526,8.891341369551219,-4.263834782136792,-3.419600636624338,-2.9667445268266426
15,6,1.7142857142857142,1.9924301646902063,-3.6189999999999998,"(0, 0, 0, 0, 0, 0, 0, 0, 0, 0, 0, 0, 0, 0, 0, 0, 1, 0, 0, 1, 0, 1, 0, 1, 0)",3.0,8.0,6.0,10.0,3.4816666666666665,8.782,7.100666666666666,12.450333333333333,0.0,6.845691181350845,6.524456093520432,9.982064056041464,2.0,15.0,2.0,12.0,0.20163480750331156,0.06043052064859961,0.0714083602556663,0.012105983023641818,5.0,3.0,7.0,5.300333333333334,3.6189999999999998,8.968666666666667,6.845691181350845,6.524456093520432,9.982064056041464,-3.079017591630833,-5.788918362913078,-2.0191235274086514
15,7,2.0,1.9924301646902063,-1.4283333333333346,"(1, 0, 1, 1, 0, 0, 1, 1, 1, 1, 0, 1, 1, 1, 0, 0, 0, 1, 0, 1, 1, 0, 1, 0, 0)",8.0,11.0,9.0,13.0,9.209,13.164333333333333,10.637333333333334,15.913333333333334,0.0,4.894426837674433,4.000777632584995,6.824604628774541,8.0,6.0,1.0,4.0,0.15404965164148174,0.07927909146576746,0.0371093123518434,0.05170306648141286,3.0,1.0,5.0,3.955333333333334,1.4283333333333346,6.704333333333334,4.894426837674433,4.000777632584995,6.824604628774541,-1.8710782255138394,-5.125415618814369,-0.23963215698342732
16,0,0.0,1.9924301646902063,-3.099,"(0, 0, 0, 0, 0, 1, 1, 0, 1, 0, 0, 0, 0, 0, 0, 0, 1, 0, 0, 1, 1, 1, 1, 1, 1)",7.0,11.0,11.0,14.0,9.297666666666666,13.468666666666667,12.396666666666667,16.530666666666665,0.0,4.692051278224262,5.216647071530721,6.618354899559693,1.0,29.0,10.0,15.0,0.13483428003104528,0.06937889266838505,0.06062190266325881,0.010553175073385034,4.0,4.0,7.0,4.171000000000001,3.099,7.232999999999999,4.692051278224262,5.216647071530721,6.618354899559693,-1.0381582840844057,-4.219263903485687,1.2246374386963077
16,1,0.2857142857142857,1.9924301646902063,-5.058999999999999,"(0, 0, 0, 0, 0, 0, 1, 0, 0, 0, 0, 0, 0, 0, 0, 0, 0, 0, 0, 0, 1, 1, 0, 0, 1)",3.0,8.0,7.0,11.0,3.298,9.465666666666667,8.357,12.795666666666667,0.0,6.85685985932958,6.448942990278671,10.573406259865045,1.0,17.0,3.0,23.0,0.2878799464288499,0.0026703331127988176,0.014669223370649792,0.05079479221989041,5.0,4.0,8.0,6.167666666666667,5.058999999999999,9.497666666666667,6.85685985932958,6.448942990278671,10.573406259865045,-1.3731693063607362,-2.7693643410309323,-2.1433360148400196
16,2,0.5714285714285714,1.9924301646902063,-4.118,"(0, 0, 0, 0, 0, 0, 0, 0, 1, 1, 0, 0, 1, 1, 0, 1, 0, 0, 0, 0, 0, 0, 0, 1, 0)",5.0,8.0,9.0,10.0,5.358666666666666,9.476666666666667,10.930333333333333,12.335,0.0,4.360588382215104,5.264011564167997,7.730861489183881,3.0,5.0,5.0,1.0,0.07796451986807687,0.10275064437767471,0.06640421858276079,0.05437808264058835,3.0,4.0,5.0,4.118,5.571666666666667,6.976333333333335,4.360588382215104,5.264011564167997,7.730861489183881,-0.48334041032876957,0.6129813065392082,-1.5033446578247016
16,3,0.8571428571428571,1.9924301646902063,-4.944946011405799,"(0, 0, 0, 1, 0, 0, 0, 1, 0, 0, 0, 0, 1, 0, 0, 0, 1, 0, 0, 0, 0, 1, 0, 1, 0)",3.0,8.0,7.0,11.0,3.2916666666666665,9.617333333333333,8.722666666666667,13.682333333333334,0.0,5.892634350184227,4.944946011405799,9.073936525088609,1.0,7.0,3.0,13.0,0.2391755480632426,0.021857781630832924,0.12513544883110322,0.02997726880264319,5.0,4.0,8.0,6.325666666666667,5.431000000000001,10.390666666666668,5.892634350184227,4.944946011405799,9.073936525088609,0.8627866496452897,0.9684286285430778,2.623492852836931
16,4,1.1428571428571428,1.9924301646902063,-4.418678790572294,"(1, 1, 1, 0, 0, 0, 1, 0, 0, 1, 0, 0, 0, 0, 0, 0, 0, 0, 1, 0, 1, 0, 1, 0, 0)",6.0,11.0,9.0,11.0,6.782666666666667,12.798,11.729,13.991333333333333,0.0,5.6191290338546125,4.418678790572294,7.788841206976364,3.0,30.0,2.0,2.0,0.18730189959155016,0.0736231369569823,0.04585301241601444,0.028703994848883488,5.0,3.0,5.0,6.015333333333333,4.946333333333333,7.208666666666667,5.6191290338546125,4.418678790572294,7.788841206976364,0.7894093976613558,1.051314827532912,-1.1559572548983141
16,5,1.4285714285714284,1.9924301646902063,-3.870333333333333,"(0, 0, 0, 0, 1, 1, 1, 0, 0, 1, 1, 1, 0, 0, 0, 0, 0, 0, 0, 0, 0, 0, 0, 0, 0)",3.0,6.0,7.0,10.0,3.4026666666666667,7.273,8.901,11.767,0.0,6.186296418346621,6.150388399156316,9.845549382590772,2.0,1.0,3.0,20.0,0.4425616533578013,0.042054068148885494,0.10269375792539728,0.015365729218158368,3.0,4.0,7.0,3.870333333333333,5.498333333333333,8.364333333333333,6.186296418346621,6.150388399156316,9.845549382590772,-4.614394710889464,-1.29917418218477,-2.9512195369637757
16,6,1.7142857142857142,1.9924301646902063,-3.6189999999999998,"(0, 0, 0, 0, 0, 0, 0, 0, 0, 0, 0, 0, 0, 0, 0, 0, 1, 0, 0, 1, 0, 1, 0, 1, 0)",3.0,8.0,6.0,10.0,3.4816666666666665,8.782,7.100666666666666,12.450333333333333,0.0,6.845691181350845,6.524456093520432,9.982064056041464,2.0,15.0,2.0,12.0,0.20163480750331156,0.06043052064859961,0.0714083602556663,0.012105983023641818,5.0,3.0,7.0,5.300333333333334,3.6189999999999998,8.968666666666667,6.845691181350845,6.524456093520432,9.982064056041464,-3.079017591630833,-5.788918362913078,-2.0191235274086514
16,7,2.0,1.9924301646902063,-1.4283333333333346,"(1, 0, 1, 1, 0, 0, 1, 1, 1, 1, 0, 1, 1, 1, 0, 0, 0, 1, 0, 1, 1, 0, 1, 0, 0)",8.0,11.0,9.0,13.0,9.209,13.164333333333333,10.637333333333334,15.913333333333334,0.0,4.894426837674433,4.000777632584995,6.824604628774541,8.0,6.0,1.0,4.0,0.15404965164148174,0.07927909146576746,0.0371093123518434,0.05170306648141286,3.0,1.0,5.0,3.955333333333334,1.4283333333333346,6.704333333333334,4.894426837674433,4.000777632584995,6.824604628774541,-1.8710782255138394,-5.125415618814369,-0.23963215698342732
17,0,0.0,1.9924301646902063,-3.099,"(0, 0, 0, 0, 0, 1, 1, 0, 1, 0, 0, 0, 0, 0, 0, 0, 1, 0, 0, 1, 1, 1, 1, 1, 1)",7.0,11.0,11.0,14.0,9.297666666666666,13.468666666666667,12.396666666666667,16.530666666666665,0.0,4.692051278224262,5.216647071530721,6.618354899559693,1.0,29.0,10.0,15.0,0.13483428003104528,0.06937889266838505,0.06062190266325881,0.010553175073385034,4.0,4.0,7.0,4.171000000000001,3.099,7.232999999999999,4.692051278224262,5.216647071530721,6.618354899559693,-1.0381582840844057,-4.219263903485687,1.2246374386963077
17,1,0.2857142857142857,1.9924301646902063,-5.058999999999999,"(0, 0, 0, 0, 0, 0, 1, 0, 0, 0, 0, 0, 0, 0, 0, 0, 0, 0, 0, 0, 1, 1, 0, 0, 1)",3.0,8.0,7.0,11.0,3.298,9.465666666666667,8.357,12.795666666666667,0.0,6.85685985932958,6.448942990278671,10.573406259865045,1.0,17.0,3.0,23.0,0.2878799464288499,0.0026703331127988176,0.014669223370649792,0.05079479221989041,5.0,4.0,8.0,6.167666666666667,5.058999999999999,9.497666666666667,6.85685985932958,6.448942990278671,10.573406259865045,-1.3731693063607362,-2.7693643410309323,-2.1433360148400196
17,2,0.5714285714285714,1.9924301646902063,-4.118,"(0, 0, 0, 0, 0, 0, 0, 0, 1, 1, 0, 0, 1, 1, 0, 1, 0, 0, 0, 0, 0, 0, 0, 1, 0)",5.0,8.0,9.0,10.0,5.358666666666666,9.476666666666667,10.930333333333333,12.335,0.0,4.360588382215104,5.264011564167997,7.730861489183881,3.0,5.0,5.0,1.0,0.07796451986807687,0.10275064437767471,0.06640421858276079,0.05437808264058835,3.0,4.0,5.0,4.118,5.571666666666667,6.976333333333335,4.360588382215104,5.264011564167997,7.730861489183881,-0.48334041032876957,0.6129813065392082,-1.5033446578247016
17,3,0.8571428571428571,1.9924301646902063,-4.944946011405799,"(0, 0, 0, 1, 0, 0, 0, 1, 0, 0, 0, 0, 1, 0, 0, 0, 1, 0, 0, 0, 0, 1, 0, 1, 0)",3.0,8.0,7.0,11.0,3.2916666666666665,9.617333333333333,8.722666666666667,13.682333333333334,0.0,5.892634350184227,4.944946011405799,9.073936525088609,1.0,7.0,3.0,13.0,0.2391755480632426,0.021857781630832924,0.12513544883110322,0.02997726880264319,5.0,4.0,8.0,6.325666666666667,5.431000000000001,10.390666666666668,5.892634350184227,4.944946011405799,9.073936525088609,0.8627866496452897,0.9684286285430778,2.623492852836931
17,4,1.1428571428571428,1.9924301646902063,-4.588046423627432,"(1, 1, 1, 0, 0, 0, 1, 0, 0, 1, 0, 0, 0, 1, 0, 0, 0, 0, 0, 0, 1, 0, 1, 0, 0)",5.0,9.0,8.0,11.0,6.020333333333333,12.616333333333333,11.465,15.214333333333334,0.0,5.888129244200732,4.588046423627432,7.507288686592697,2.0,2.0,2.0,3.0,0.35993727648476775,0.028690011392252242,0.002366459779765176,0.010965765809003537,4.0,3.0,6.0,6.596,5.4446666666666665,9.194,5.888129244200732,4.588046423627432,7.507288686592697,1.4103830465565168,1.7067560119156264,3.360654499956948
17,5,1.4285714285714284,1.9924301646902063,-4.0840000000000005,"(1, 0, 0, 0, 0, 1, 1, 0, 0, 1, 1, 1, 0, 0, 0, 0, 0, 0, 0, 0, 0, 0, 0, 0, 0)",4.0,7.0,8.0,11.0,4.198333333333333,8.282333333333334,9.369333333333334,12.872666666666667,0.0,5.993783388211666,6.537871789962678,9.804306078181686,6.0,3.0,10.0,20.0,0.42516458168404114,0.03006368454399556,0.14527503554843813,0.008870022392509664,3.0,4.0,7.0,4.0840000000000005,5.171,8.674333333333333,5.993783388211666,6.537871789962678,9.804306078181686,-3.805110030697189,-2.7233965855857356,-2.251391782113647
17,6,1.7142857142857142,1.9924301646902063,-3.6189999999999998,"(0, 0, 0, 0, 0, 0, 0, 0, 0, 0, 0, 0, 0, 0, 0, 0, 1, 0, 0, 1, 0, 1, 0, 1, 0)",3.0,8.0,6.0,10.0,3.4816666666666665,8.782,7.100666666666666,12.450333333333333,0.0,6.845691181350845,6.524456093520432,9.982064056041464,2.0,15.0,2.0,12.0,0.20163480750331156,0.06043052064859961,0.0714083602556663,0.012105983023641818,5.0,3.0,7.0,5.300333333333334,3.6189999999999998,8.968666666666667,6.845691181350845,6.524456093520432,9.982064056041464,-3.079017591630833,-5.788918362913078,-2.0191235274086514
17,7,2.0,1.9924301646902063,-1.4283333333333346,"(1, 0, 1, 1, 0, 0, 1, 1, 1, 1, 0, 1, 1, 1, 0, 0, 0, 1, 0, 1, 1, 0, 1, 0, 0)",8.0,11.0,9.0,13.0,9.209,13.164333333333333,10.637333333333334,15.913333333333334,0.0,4.894426837674433,4.000777632584995,6.824604628774541,8.0,6.0,1.0,4.0,0.15404965164148174,0.07927909146576746,0.0371093123518434,0.05170306648141286,3.0,1.0,5.0,3.955333333333334,1.4283333333333346,6.704333333333334,4.894426837674433,4.000777632584995,6.824604628774541,-1.8710782255138394,-5.125415618814369,-0.23963215698342732
18,0,0.0,1.9924301646902063,-3.099,"(0, 0, 0, 0, 0, 1, 1, 0, 1, 0, 0, 0, 0, 0, 0, 0, 1, 0, 0, 1, 1, 1, 1, 1, 1)",7.0,11.0,11.0,14.0,9.297666666666666,13.468666666666667,12.396666666666667,16.530666666666665,0.0,4.692051278224262,5.216647071530721,6.618354899559693,1.0,29.0,10.0,15.0,0.13483428003104528,0.06937889266838505,0.06062190266325881,0.010553175073385034,4.0,4.0,7.0,4.171000000000001,3.099,7.232999999999999,4.692051278224262,5.216647071530721,6.618354899559693,-1.0381582840844057,-4.219263903485687,1.2246374386963077
18,1,0.2857142857142857,1.9924301646902063,-5.058999999999999,"(0, 0, 0, 0, 0, 0, 1, 0, 0, 0, 0, 0, 0, 0, 0, 0, 0, 0, 0, 0, 1, 1, 0, 0, 1)",3.0,8.0,7.0,11.0,3.298,9.465666666666667,8.357,12.795666666666667,0.0,6.85685985932958,6.448942990278671,10.573406259865045,1.0,17.0,3.0,23.0,0.2878799464288499,0.0026703331127988176,0.014669223370649792,0.05079479221989041,5.0,4.0,8.0,6.167666666666667,5.058999999999999,9.497666666666667,6.85685985932958,6.448942990278671,10.573406259865045,-1.3731693063607362,-2.7693643410309323,-2.1433360148400196
18,2,0.5714285714285714,1.9924301646902063,-4.118,"(0, 0, 0, 0, 0, 0, 0, 0, 1, 1, 0, 0, 1, 1, 0, 1, 0, 0, 0, 0, 0, 0, 0, 1, 0)",5.0,8.0,9.0,10.0,5.358666666666666,9.476666666666667,10.930333333333333,12.335,0.0,4.360588382215104,5.264011564167997,7.730861489183881,3.0,5.0,5.0,1.0,0.07796451986807687,0.10275064437767471,0.06640421858276079,0.05437808264058835,3.0,4.0,5.0,4.118,5.571666666666667,6.976333333333335,4.360588382215104,5.264011564167997,7.730861489183881,-0.48334041032876957,0.6129813065392082,-1.5033446578247016
18,3,0.8571428571428571,1.9924301646902063,-4.944946011405799,"(0, 0, 0, 1, 0, 0, 0, 1, 0, 0, 0, 0, 1, 0, 0, 0, 1, 0, 0, 0, 0, 1, 0, 1, 0)",3.0,8.0,7.0,11.0,3.2916666666666665,9.617333333333333,8.722666666666667,13.682333333333334,0.0,5.892634350184227,4.944946011405799,9.073936525088609,1.0,7.0,3.0,13.0,0.2391755480632426,0.021857781630832924,0.12513544883110322,0.02997726880264319,5.0,4.0,8.0,6.325666666666667,5.431000000000001,10.390666666666668,5.892634350184227,4.944946011405799,9.073936525088609,0.8627866496452897,0.9684286285430778,2.623492852836931
18,4,1.1428571428571428,1.9924301646902063,-4.588046423627432,"(1, 1, 1, 0, 0, 0, 1, 0, 0, 1, 0, 0, 0, 1, 0, 0, 0, 0, 0, 0, 1, 0, 1, 0, 0)",5.0,9.0,8.0,11.0,6.020333333333333,12.616333333333333,11.465,15.214333333333334,0.0,5.888129244200732,4.588046423627432,7.507288686592697,2.0,2.0,2.0,3.0,0.35993727648476775,0.028690011392252242,0.002366459779765176,0.010965765809003537,4.0,3.0,6.0,6.596,5.4446666666666665,9.194,5.888129244200732,4.588046423627432,7.507288686592697,1.4103830465565168,1.7067560119156264,3.360654499956948
18,5,1.4285714285714284,1.9924301646902063,-4.437666666666667,"(1, 0, 0, 0, 0, 1, 0, 0, 0, 1, 1, 0, 0, 0, 0, 0, 0, 0, 0, 0, 0, 0, 0, 0, 0)",3.0,7.0,7.0,10.0,3.655666666666667,8.093333333333334,9.082,12.613333333333333,0.0,6.056378902552348,5.584316851254887,8.814987018017701,3.0,5.0,6.0,1.0,0.487444651886447,0.1591414364952216,0.030118216805913294,0.005101569099179933,4.0,4.0,7.0,4.437666666666667,5.426333333333334,8.957666666666666,6.056378902552348,5.584316851254887,8.814987018017701,-3.2251710867317596,-0.31477112663077883,0.28427923585559806
18,6,1.7142857142857142,1.9924301646902063,-2.8503333333333334,"(0, 0, 0, 0, 0, 0, 0, 0, 0, 0, 0, 0, 0, 0, 0, 0, 1, 1, 0, 1, 0, 1, 1, 1, 0)",4.0,7.0,6.0,10.0,4.601333333333334,8.068,7.451666666666667,12.682333333333334,0.0,3.717022369963695,3.932570106613765,7.4423022560543854,5.0,2.0,2.0,9.0,0.12669451948574015,0.0022306594400316082,0.18757932667274183,0.004783087639126717,3.0,2.0,6.0,3.466666666666666,2.8503333333333334,8.081,3.717022369963695,3.932570106613765,7.4423022560543854,-0.4988162551512318,-2.156281192420928,1.272560651156823
18,7,2.0,1.9924301646902063,-1.4283333333333346,"(1, 0, 1, 1, 0, 0, 1, 1, 1, 1, 0, 1, 1, 1, 0, 0, 0, 1, 0, 1, 1, 0, 1, 0, 0)",8.0,11.0,9.0,13.0,9.209,13.164333333333333,10.637333333333334,15.913333333333334,0.0,4.894426837674433,4.000777632584995,6.824604628774541,8.0,6.0,1.0,4.0,0.15404965164148174,0.07927909146576746,0.0371093123518434,0.05170306648141286,3.0,1.0,5.0,3.955333333333334,1.4283333333333346,6.704333333333334,4.894426837674433,4.000777632584995,6.824604628774541,-1.8710782255138394,-5.125415618814369,-0.23963215698342732
19,0,0.0,1.9924301646902063,-3.099,"(0, 0, 0, 0, 0, 1, 1, 0, 1, 0, 0, 0, 0, 0, 0, 0, 1, 0, 0, 1, 1, 1, 1, 1, 1)",7.0,11.0,11.0,14.0,9.297666666666666,13.468666666666667,12.396666666666667,16.530666666666665,0.0,4.692051278224262,5.216647071530721,6.618354899559693,1.0,29.0,10.0,15.0,0.13483428003104528,0.06937889266838505,0.06062190266325881,0.010553175073385034,4.0,4.0,7.0,4.171000000000001,3.099,7.232999999999999,4.692051278224262,5.216647071530721,6.618354899559693,-1.0381582840844057,-4.219263903485687,1.2246374386963077
19,1,0.2857142857142857,1.9924301646902063,-5.105333333333333,"(0, 0, 0, 0, 0, 0, 1, 0, 0, 0, 0, 0, 0, 0, 0, 0, 0, 0, 0, 0, 1, 1, 1, 1, 1)",4.0,8.0,8.0,11.0,5.243333333333333,10.348666666666666,10.883,13.647333333333334,0.0,6.56945180807302,6.559655693096625,9.851294222898964,1.0,1.0,4.0,2.0,0.3007058810639455,0.002101845592256592,0.0041521354132649435,0.004086812694326482,4.0,4.0,7.0,5.105333333333333,5.639666666666666,8.404,6.56945180807302,6.559655693096625,9.851294222898964,-2.917153813751568,-1.8330138874430255,-2.883632666885768
19,2,0.5714285714285714,1.9924301646902063,-4.118,"(0, 0, 0, 0, 0, 0, 0, 0, 1, 1, 0, 0, 1, 1, 0, 1, 0, 0, 0, 0, 0, 0, 0, 1, 0)",5.0,8.0,9.0,10.0,5.358666666666666,9.476666666666667,10.930333333333333,12.335,0.0,4.360588382215104,5.264011564167997,7.730861489183881,3.0,5.0,5.0,1.0,0.07796451986807687,0.10275064437767471,0.06640421858276079,0.05437808264058835,3.0,4.0,5.0,4.118,5.571666666666667,6.976333333333335,4.360588382215104,5.264011564167997,7.730861489183881,-0.48334041032876957,0.6129813065392082,-1.5033446578247016
19,3,0.8571428571428571,1.9924301646902063,-5.184,"(1, 1, 0, 1, 0, 0, 0, 1, 0, 0, 0, 0, 1, 0, 0, 0, 1, 0, 0, 0, 0, 1, 0, 1, 0)",4.0,8.0,8.0,11.0,4.330666666666667,9.514666666666667,9.741,13.734,0.0,6.8644643011248165,5.990506947496399,9.015669011827889,1.0,2.0,4.0,2.0,0.26240581275375785,0.0875349690563574,0.05202265328543267,0.11124403483840933,4.0,4.0,7.0,5.184,5.410333333333333,9.403333333333332,6.8644643011248165,5.990506947496399,9.015669011827889,-3.3482077642461303,-1.1559554096158289,0.7723940879416081
19,4,1.1428571428571428,1.9924301646902063,-4.588046423627432,"(1, 1, 1, 0, 0, 0, 1, 0, 0, 1, 0, 0, 0, 1, 0, 0, 0, 0, 0, 0, 1, 0, 1, 0, 0)",5.0,9.0,8.0,11.0,6.020333333333333,12.616333333333333,11.465,15.214333333333334,0.0,5.888129244200732,4.588046423627432,7.507288686592697,2.0,2.0,2.0,3.0,0.35993727648476775,0.028690011392252242,0.002366459779765176,0.010965765809003537,4.0,3.0,6.0,6.596,5.4446666666666665,9.194,5.888129244200732,4.588046423627432,7.507288686592697,1.4103830465565168,1.7067560119156264,3.360654499956948
19,5,1.4285714285714284,1.9924301646902063,-4.437666666666667,"(1, 0, 0, 0, 0, 1, 0, 0, 0, 1, 1, 0, 0, 0, 0, 0, 0, 0, 0, 0, 0, 0, 0, 0, 0)",3.0,7.0,7.0,10.0,3.655666666666667,8.093333333333334,9.082,12.613333333333333,0.0,6.056378902552348,5.584316851254887,8.814987018017701,3.0,5.0,6.0,1.0,0.487444651886447,0.1591414364952216,0.030118216805913294,0.005101569099179933,4.0,4.0,7.0,4.437666666666667,5.426333333333334,8.957666666666666,6.056378902552348,5.584316851254887,8.814987018017701,-3.2251710867317596,-0.31477112663077883,0.28427923585559806
19,6,1.7142857142857142,1.9924301646902063,-2.8503333333333334,"(0, 0, 0, 0, 0, 0, 0, 0, 0, 0, 0, 0, 0, 0, 0, 0, 1, 1, 0, 1, 0, 1, 1, 1, 0)",4.0,7.0,6.0,10.0,4.601333333333334,8.068,7.451666666666667,12.682333333333334,0.0,3.717022369963695,3.932570106613765,7.4423022560543854,5.0,2.0,2.0,9.0,0.12669451948574015,0.0022306594400316082,0.18757932667274183,0.004783087639126717,3.0,2.0,6.0,3.466666666666666,2.8503333333333334,8.081,3.717022369963695,3.932570106613765,7.4423022560543854,-0.4988162551512318,-2.156281192420928,1.272560651156823
19,7,2.0,1.9924301646902063,-1.4283333333333346,"(1, 0, 1, 1, 0, 0, 1, 1, 1, 1, 0, 1, 1, 1, 0, 0, 0, 1, 0, 1, 1, 0, 1, 0, 0)",8.0,11.0,9.0,13.0,9.209,13.164333333333333,10.637333333333334,15.913333333333334,0.0,4.894426837674433,4.000777632584995,6.824604628774541,8.0,6.0,1.0,4.0,0.15404965164148174,0.07927909146576746,0.0371093123518434,0.05170306648141286,3.0,1.0,5.0,3.955333333333334,1.4283333333333346,6.704333333333334,4.894426837674433,4.000777632584995,6.824604628774541,-1.8710782255138394,-5.125415618814369,-0.23963215698342732
20,0,0.0,1.9924301646902063,-5.105333333333333,"(0, 0, 0, 0, 0, 0, 1, 0, 0, 0, 0, 0, 0, 0, 0, 0, 0, 0, 0, 0, 1, 1, 1, 1, 1)",4.0,8.0,8.0,11.0,5.243333333333333,10.348666666666666,10.883,13.647333333333334,0.0,6.56945180807302,6.559655693096625,9.851294222898964,1.0,1.0,4.0,2.0,0.3007058810639455,0.002101845592256592,0.0041521354132649435,0.004086812694326482,4.0,4.0,7.0,5.105333333333333,5.639666666666666,8.404,6.56945180807302,6.559655693096625,9.851294222898964,-2.917153813751568,-1.8330138874430255,-2.883632666885768
20,1,0.2857142857142857,1.9924301646902063,-4.118,"(0, 0, 0, 0, 0, 0, 0, 0, 1, 1, 0, 0, 1, 1, 0, 1, 0, 0, 0, 0, 0, 0, 0, 1, 0)",5.0,8.0,9.0,10.0,5.358666666666666,9.476666666666667,10.930333333333333,12.335,0.0,4.360588382215104,5.264011564167997,7.730861489183881,3.0,5.0,5.0,1.0,0.07796451986807687,0.10275064437767471,0.06640421858276079,0.05437808264058835,3.0,4.0,5.0,4.118,5.571666666666667,6.976333333333335,4.360588382215104,5.264011564167997,7.730861489183881,-0.48334041032876957,0.6129813065392082,-1.5033446578247016
20,2,0.5714285714285714,1.9924301646902063,-5.184,"(1, 1, 0, 1, 0, 0, 0, 1, 0, 0, 0, 0, 1, 0, 0, 0, 1, 0, 0, 0, 0, 1, 0, 1, 0)",4.0,8.0,8.0,11.0,4.330666666666667,9.514666666666667,9.741,13.734,0.0,6.8644643011248165,5.990506947496399,9.015669011827889,1.0,2.0,4.0,2.0,0.26240581275375785,0.0875349690563574,0.05202265328543267,0.11124403483840933,4.0,4.0,7.0,5.184,5.410333333333333,9.403333333333332,6.8644643011248165,5.990506947496399,9.015669011827889,-3.3482077642461303,-1.1559554096158289,0.7723940879416081
20,3,0.8571428571428571,1.9924301646902063,-2.5473333333333343,"(1, 1, 1, 0, 0, 1, 1, 0, 0, 1, 1, 0, 0, 1, 0, 0, 0, 0, 0, 0, 1, 0, 1, 0, 0)",6.0,11.0,9.0,11.0,7.829666666666666,12.293,10.377,15.561,0.0,4.716303580951129,3.954044076166537,6.5411039544520655,3.0,46.0,3.0,1.0,0.2642845905182462,0.03859791973287619,0.06851607914334872,0.020110310562426233,5.0,3.0,5.0,4.463333333333333,2.5473333333333343,7.731333333333334,4.716303580951129,3.954044076166537,6.5411039544520655,-0.5040255521228475,-2.8027729170146407,2.371448917383527
20,4,1.1428571428571428,1.9924301646902063,-4.437666666666667,"(1, 0, 0, 0, 0, 1, 0, 0, 0, 1, 1, 0, 0, 0, 0, 0, 0, 0, 0, 0, 0, 0, 0, 0, 0)",3.0,7.0,7.0,10.0,3.655666666666667,8.093333333333334,9.082,12.613333333333333,0.0,6.056378902552348,5.584316851254887,8.814987018017701,3.0,5.0,6.0,1.0,0.487444651886447,0.1591414364952216,0.030118216805913294,0.005101569099179933,4.0,4.0,7.0,4.437666666666667,5.426333333333334,8.957666666666666,6.056378902552348,5.584316851254887,8.814987018017701,-3.2251710867317596,-0.31477112663077883,0.28427923585559806
20,5,1.4285714285714284,1.9924301646902063,-2.8503333333333334,"(0, 0, 0, 0, 0, 0, 0, 0, 0, 0, 0, 0, 0, 0, 0, 0, 1, 1, 0, 1, 0, 1, 1, 1, 0)",4.0,7.0,6.0,10.0,4.601333333333334,8.068,7.451666666666667,12.682333333333334,0.0,3.717022369963695,3.932570106613765,7.4423022560543854,5.0,2.0,2.0,9.0,0.12669451948574015,0.0022306594400316082,0.18757932667274183,0.004783087639126717,3.0,2.0,6.0,3.466666666666666,2.8503333333333334,8.081,3.717022369963695,3.932570106613765,7.4423022560543854,-0.4988162551512318,-2.156281192420928,1.272560651156823
20,6,1.7142857142857142,1.9924301646902063,-2.51,"(0, 0, 1, 1, 1, 0, 1, 1, 1, 1, 0, 1, 1, 1, 0, 0, 0, 1, 0, 1, 1, 0, 1, 0, 0)",8.0,10.0,10.0,12.0,10.224,12.734,12.765666666666666,14.637,0.0,5.192416906916796,5.2117766866837005,7.28773395150031,10.0,5.0,2.0,1.0,0.12267081348907966,0.07342284533721825,0.003977086739487116,0.1323674997007389,2.0,2.0,4.0,2.51,2.541666666666666,4.413,5.192416906916796,5.2117766866837005,7.28773395150031,-5.344528359616025,-5.32000774692351,-5.7277066404282895
20,7,2.0,1.9924301646902063,-1.2876666666666665,"(0, 0, 0, 0, 0, 1, 1, 0, 1, 0, 0, 0, 1, 0, 0, 0, 1, 1, 0, 1, 1, 1, 1, 1, 1)",7.0,10.0,11.0,13.0,11.296,12.583666666666666,13.590333333333334,15.786666666666667,0.0,2.828044306704809,3.384651811323959,5.31468570468995,2.0,3.0,6.0,14.0,0.15250151517140714,0.009907151071564136,0.0706664948968159,0.03846891638318265,3.0,4.0,6.0,1.2876666666666665,2.2943333333333342,4.490666666666668,2.828044306704809,3.384651811323959,5.31468570468995,-3.069094875026307,-2.1723834246676357,-1.6418003876365934
21,0,0.0,1.9924301646902063,-3.6959999999999997,"(0, 0, 1, 1, 0, 0, 1, 0, 0, 0, 0, 0, 0, 0, 0, 0, 0, 0, 0, 0, 1, 1, 1, 1, 1)",5.0,8.0,7.0,12.0,6.209333333333333,10.970666666666666,9.905333333333333,14.971333333333334,0.0,5.618708409708733,4.063030006175091,7.632844994137592,4.0,2.0,2.0,14.0,0.1848453355159555,0.02425455597963367,0.051975982147367594,0.015561049397833792,3.0,2.0,7.0,4.761333333333333,3.6959999999999997,8.762,5.618708409708733,4.063030006175091,7.632844994137592,-1.7082599646239174,-0.7312816556496846,2.249762494291209
21,1,0.2857142857142857,1.9924301646902063,-4.118,"(0, 0, 0, 0, 0, 0, 0, 0, 1, 1, 0, 0, 1, 1, 0, 1, 0, 0, 0, 0, 0, 0, 0, 1, 0)",5.0,8.0,9.0,10.0,5.358666666666666,9.476666666666667,10.930333333333333,12.335,0.0,4.360588382215104,5.264011564167997,7.730861489183881,3.0,5.0,5.0,1.0,0.07796451986807687,0.10275064437767471,0.06640421858276079,0.05437808264058835,3.0,4.0,5.0,4.118,5.571666666666667,6.976333333333335,4.360588382215104,5.264011564167997,7.730861489183881,-0.48334041032876957,0.6129813065392082,-1.5033446578247016
21,2,0.5714285714285714,1.9924301646902063,-5.184,"(1, 1, 0, 1, 0, 0, 0, 1, 0, 0, 0, 0, 1, 0, 0, 0, 1, 0, 0, 0, 0, 1, 0, 1, 0)",4.0,8.0,8.0,11.0,4.330666666666667,9.514666666666667,9.741,13.734,0.0,6.8644643011248165,5.990506947496399,9.015669011827889,1.0,2.0,4.0,2.0,0.26240581275375785,0.0875349690563574,0.05202265328543267,0.11124403483840933,4.0,4.0,7.0,5.184,5.410333333333333,9.403333333333332,6.8644643011248165,5.990506947496399,9.015669011827889,-3.3482077642461303,-1.1559554096158289,0.7723940879416081
21,3,0.8571428571428571,1.9924301646902063,-2.5473333333333343,"(1, 1, 1, 0, 0, 1, 1, 0, 0, 1, 1, 0, 0, 1, 0, 0, 0, 0, 0, 0, 1, 0, 1, 0, 0)",6.0,11.0,9.0,11.0,7.829666666666666,12.293,10.377,15.561,0.0,4.716303580951129,3.954044076166537,6.5411039544520655,3.0,46.0,3.0,1.0,0.2642845905182462,0.03859791973287619,0.06851607914334872,0.020110310562426233,5.0,3.0,5.0,4.463333333333333,2.5473333333333343,7.731333333333334,4.716303580951129,3.954044076166537,6.5411039544520655,-0.5040255521228475,-2.8027729170146407,2.371448917383527
21,4,1.1428571428571428,1.9924301646902063,-4.437666666666667,"(1, 0, 0, 0, 0, 1, 0, 0, 0, 1, 1, 0, 0, 0, 0, 0, 0, 0, 0, 0, 0, 0, 0, 0, 0)",3.0,7.0,7.0,10.0,3.655666666666667,8.093333333333334,9.082,12.613333333333333,0.0,6.056378902552348,5.584316851254887,8.814987018017701,3.0,5.0,6.0,1.0,0.487444651886447,0.1591414364952216,0.030118216805913294,0.005101569099179933,4.0,4.0,7.0,4.437666666666667,5.426333333333334,8.957666666666666,6.056378902552348,5.584316851254887,8.814987018017701,-3.2251710867317596,-0.31477112663077883,0.28427923585559806
21,5,1.4285714285714284,1.9924301646902063,-2.8503333333333334,"(0, 0, 0, 0, 0, 0, 0, 0, 0, 0, 0, 0, 0, 0, 0, 0, 1, 1, 0, 1, 0, 1, 1, 1, 0)",4.0,7.0,6.0,10.0,4.601333333333334,8.068,7.451666666666667,12.682333333333334,0.0,3.717022369963695,3.932570106613765,7.4423022560543854,5.0,2.0,2.0,9.0,0.12669451948574015,0.0022306594400316082,0.18757932667274183,0.004783087639126717,3.0,2.0,6.0,3.466666666666666,2.8503333333333334,8.081,3.717022369963695,3.932570106613765,7.4423022560543854,-0.4988162551512318,-2.156281192420928,1.272560651156823
21,6,1.7142857142857142,1.9924301646902063,-2.51,"(0, 0, 1, 1, 1, 0, 1, 1, 1, 1, 0, 1, 1, 1, 0, 0, 0, 1, 0, 1, 1, 0, 1, 0, 0)",8.0,10.0,10.0,12.0,10.224,12.734,12.765666666666666,14.637,0.0,5.192416906916796,5.2117766866837005,7.28773395150031,10.0,5.0,2.0,1.0,0.12267081348907966,0.07342284533721825,0.003977086739487116,0.1323674997007389,2.0,2.0,4.0,2.51,2.541666666666666,4.413,5.192416906916796,5.2117766866837005,7.28773395150031,-5.344528359616025,-5.32000774692351,-5.7277066404282895
21,7,2.0,1.9924301646902063,-1.2876666666666665,"(0, 0, 0, 0, 0, 1, 1, 0, 1, 0, 0, 0, 1, 0, 0, 0, 1, 1, 0, 1, 1, 1, 1, 1, 1)",7.0,10.0,11.0,13.0,11.296,12.583666666666666,13.590333333333334,15.786666666666667,0.0,2.828044306704809,3.384651811323959,5.31468570468995,2.0,3.0,6.0,14.0,0.15250151517140714,0.009907151071564136,0.0706664948968159,0.03846891638318265,3.0,4.0,6.0,1.2876666666666665,2.2943333333333342,4.490666666666668,2.828044306704809,3.384651811323959,5.31468570468995,-3.069094875026307,-2.1723834246676357,-1.6418003876365934
22,0,0.0,1.9924301646902063,-3.6959999999999997,"(0, 0, 1, 1, 0, 0, 1, 0, 0, 0, 0, 0, 0, 0, 0, 0, 0, 0, 0, 0, 1, 1, 1, 1, 1)",5.0,8.0,7.0,12.0,6.209333333333333,10.970666666666666,9.905333333333333,14.971333333333334,0.0,5.618708409708733,4.063030006175091,7.632844994137592,4.0,2.0,2.0,14.0,0.1848453355159555,0.02425455597963367,0.051975982147367594,0.015561049397833792,3.0,2.0,7.0,4.761333333333333,3.6959999999999997,8.762,5.618708409708733,4.063030006175091,7.632844994137592,-1.7082599646239174,-0.7312816556496846,2.249762494291209
22,1,0.2857142857142857,1.9924301646902063,-4.118,"(0, 0, 0, 0, 0, 0, 0, 0, 1, 1, 0, 0, 1, 1, 0, 1, 0, 0, 0, 0, 0, 0, 0, 1, 0)",5.0,8.0,9.0,10.0,5.358666666666666,9.476666666666667,10.930333333333333,12.335,0.0,4.360588382215104,5.264011564167997,7.730861489183881,3.0,5.0,5.0,1.0,0.07796451986807687,0.10275064437767471,0.06640421858276079,0.05437808264058835,3.0,4.0,5.0,4.118,5.571666666666667,6.976333333333335,4.360588382215104,5.264011564167997,7.730861489183881,-0.48334041032876957,0.6129813065392082,-1.5033446578247016
22,2,0.5714285714285714,1.9924301646902063,-5.184,"(1, 1, 0, 1, 0, 0, 0, 1, 0, 0, 0, 0, 1, 0, 0, 0, 1, 0, 0, 0, 0, 1, 0, 1, 0)",4.0,8.0,8.0,11.0,4.330666666666667,9.514666666666667,9.741,13.734,0.0,6.8644643011248165,5.990506947496399,9.015669011827889,1.0,2.0,4.0,2.0,0.26240581275375785,0.0875349690563574,0.05202265328543267,0.11124403483840933,4.0,4.0,7.0,5.184,5.410333333333333,9.403333333333332,6.8644643011248165,5.990506947496399,9.015669011827889,-3.3482077642461303,-1.1559554096158289,0.7723940879416081
22,3,0.8571428571428571,1.9924301646902063,-2.5473333333333343,"(1, 1, 1, 0, 0, 1, 1, 0, 0, 1, 1, 0, 0, 1, 0, 0, 0, 0, 0, 0, 1, 0, 1, 0, 0)",6.0,11.0,9.0,11.0,7.829666666666666,12.293,10.377,15.561,0.0,4.716303580951129,3.954044076166537,6.5411039544520655,3.0,46.0,3.0,1.0,0.2642845905182462,0.03859791973287619,0.06851607914334872,0.020110310562426233,5.0,3.0,5.0,4.463333333333333,2.5473333333333343,7.731333333333334,4.716303580951129,3.954044076166537,6.5411039544520655,-0.5040255521228475,-2.8027729170146407,2.371448917383527
22,4,1.1428571428571428,1.9924301646902063,-4.437666666666667,"(1, 0, 0, 0, 0, 1, 0, 0, 0, 1, 1, 0, 0, 0, 0, 0, 0, 0, 0, 0, 0, 0, 0, 0, 0)",3.0,7.0,7.0,10.0,3.655666666666667,8.093333333333334,9.082,12.613333333333333,0.0,6.056378902552348,5.584316851254887,8.814987018017701,3.0,5.0,6.0,1.0,0.487444651886447,0.1591414364952216,0.030118216805913294,0.005101569099179933,4.0,4.0,7.0,4.437666666666667,5.426333333333334,8.957666666666666,6.056378902552348,5.584316851254887,8.814987018017701,-3.2251710867317596,-0.31477112663077883,0.28427923585559806
22,5,1.4285714285714284,1.9924301646902063,-2.8503333333333334,"(0, 0, 0, 0, 0, 0, 0, 0, 0, 0, 0, 0, 0, 0, 0, 0, 1, 1, 0, 1, 0, 1, 1, 1, 0)",4.0,7.0,6.0,10.0,4.601333333333334,8.068,7.451666666666667,12.682333333333334,0.0,3.717022369963695,3.932570106613765,7.4423022560543854,5.0,2.0,2.0,9.0,0.12669451948574015,0.0022306594400316082,0.18757932667274183,0.004783087639126717,3.0,2.0,6.0,3.466666666666666,2.8503333333333334,8.081,3.717022369963695,3.932570106613765,7.4423022560543854,-0.4988162551512318,-2.156281192420928,1.272560651156823
22,6,1.7142857142857142,1.9924301646902063,-2.51,"(0, 0, 1, 1, 1, 0, 1, 1, 1, 1, 0, 1, 1, 1, 0, 0, 0, 1, 0, 1, 1, 0, 1, 0, 0)",8.0,10.0,10.0,12.0,10.224,12.734,12.765666666666666,14.637,0.0,5.192416906916796,5.2117766866837005,7.28773395150031,10.0,5.0,2.0,1.0,0.12267081348907966,0.07342284533721825,0.003977086739487116,0.1323674997007389,2.0,2.0,4.0,2.51,2.541666666666666,4.413,5.192416906916796,5.2117766866837005,7.28773395150031,-5.344528359616025,-5.32000774692351,-5.7277066404282895
22,7,2.0,1.9924301646902063,-1.2876666666666665,"(0, 0, 0, 0, 0, 1, 1, 0, 1, 0, 0, 0, 1, 0, 0, 0, 1, 1, 0, 1, 1, 1, 1, 1, 1)",7.0,10.0,11.0,13.0,11.296,12.583666666666666,13.590333333333334,15.786666666666667,0.0,2.828044306704809,3.384651811323959,5.31468570468995,2.0,3.0,6.0,14.0,0.15250151517140714,0.009907151071564136,0.0706664948968159,0.03846891638318265,3.0,4.0,6.0,1.2876666666666665,2.2943333333333342,4.490666666666668,2.828044306704809,3.384651811323959,5.31468570468995,-3.069094875026307,-2.1723834246676357,-1.6418003876365934
23,0,0.0,1.9924301646902063,-3.6959999999999997,"(0, 0, 1, 1, 0, 0, 1, 0, 0, 0, 0, 0, 0, 0, 0, 0, 0, 0, 0, 0, 1, 1, 1, 1, 1)",5.0,8.0,7.0,12.0,6.209333333333333,10.970666666666666,9.905333333333333,14.971333333333334,0.0,5.618708409708733,4.063030006175091,7.632844994137592,4.0,2.0,2.0,14.0,0.1848453355159555,0.02425455597963367,0.051975982147367594,0.015561049397833792,3.0,2.0,7.0,4.761333333333333,3.6959999999999997,8.762,5.618708409708733,4.063030006175091,7.632844994137592,-1.7082599646239174,-0.7312816556496846,2.249762494291209
23,1,0.2857142857142857,1.9924301646902063,-4.118,"(0, 0, 0, 0, 0, 0, 0, 0, 1, 1, 0, 0, 1, 1, 0, 1, 0, 0, 0, 0, 0, 0, 0, 1, 0)",5.0,8.0,9.0,10.0,5.358666666666666,9.476666666666667,10.930333333333333,12.335,0.0,4.360588382215104,5.264011564167997,7.730861489183881,3.0,5.0,5.0,1.0,0.07796451986807687,0.10275064437767471,0.06640421858276079,0.05437808264058835,3.0,4.0,5.0,4.118,5.571666666666667,6.976333333333335,4.360588382215104,5.264011564167997,7.730861489183881,-0.48334041032876957,0.6129813065392082,-1.5033446578247016
23,2,0.5714285714285714,1.9924301646902063,-5.184,"(1, 1, 0, 1, 0, 0, 0, 1, 0, 0, 0, 0, 1, 0, 0, 0, 1, 0, 0, 0, 0, 1, 0, 1, 0)",4.0,8.0,8.0,11.0,4.330666666666667,9.514666666666667,9.741,13.734,0.0,6.8644643011248165,5.990506947496399,9.015669011827889,1.0,2.0,4.0,2.0,0.26240581275375785,0.0875349690563574,0.05202265328543267,0.11124403483840933,4.0,4.0,7.0,5.184,5.410333333333333,9.403333333333332,6.8644643011248165,5.990506947496399,9.015669011827889,-3.3482077642461303,-1.1559554096158289,0.7723940879416081
23,3,0.8571428571428571,1.9924301646902063,-2.5473333333333343,"(1, 1, 1, 0, 0, 1, 1, 0, 0, 1, 1, 0, 0, 1, 0, 0, 0, 0, 0, 0, 1, 0, 1, 0, 0)",6.0,11.0,9.0,11.0,7.829666666666666,12.293,10.377,15.561,0.0,4.716303580951129,3.954044076166537,6.5411039544520655,3.0,46.0,3.0,1.0,0.2642845905182462,0.03859791973287619,0.06851607914334872,0.020110310562426233,5.0,3.0,5.0,4.463333333333333,2.5473333333333343,7.731333333333334,4.716303580951129,3.954044076166537,6.5411039544520655,-0.5040255521228475,-2.8027729170146407,2.371448917383527
23,4,1.1428571428571428,1.9924301646902063,-5.425333333333334,"(0, 0, 0, 0, 1, 1, 0, 0, 0, 1, 1, 0, 0, 0, 0, 0, 0, 0, 0, 0, 0, 0, 0, 0, 0)",2.0,7.0,6.0,10.0,2.218,7.998333333333333,7.6433333333333335,11.874666666666666,0.0,7.396896986412391,7.688389519506567,11.65931390679062,1.0,5.0,2.0,19.0,0.5005435591365478,0.11899415724359806,0.007808615512482907,0.034853101077132,5.0,4.0,8.0,5.780333333333333,5.425333333333334,9.656666666666666,7.396896986412391,7.688389519506567,11.65931390679062,-3.2208901855365086,-4.508981409720325,-3.990134770456557
23,5,1.4285714285714284,1.9924301646902063,-2.8503333333333334,"(0, 0, 0, 0, 0, 0, 0, 0, 0, 0, 0, 0, 0, 0, 0, 0, 1, 1, 0, 1, 0, 1, 1, 1, 0)",4.0,7.0,6.0,10.0,4.601333333333334,8.068,7.451666666666667,12.682333333333334,0.0,3.717022369963695,3.932570106613765,7.4423022560543854,5.0,2.0,2.0,9.0,0.12669451948574015,0.0022306594400316082,0.18757932667274183,0.004783087639126717,3.0,2.0,6.0,3.466666666666666,2.8503333333333334,8.081,3.717022369963695,3.932570106613765,7.4423022560543854,-0.4988162551512318,-2.156281192420928,1.272560651156823
23,6,1.7142857142857142,1.9924301646902063,-2.51,"(0, 0, 1, 1, 1, 0, 1, 1, 1, 1, 0, 1, 1, 1, 0, 0, 0, 1, 0, 1, 1, 0, 1, 0, 0)",8.0,10.0,10.0,12.0,10.224,12.734,12.765666666666666,14.637,0.0,5.192416906916796,5.2117766866837005,7.28773395150031,10.0,5.0,2.0,1.0,0.12267081348907966,0.07342284533721825,0.003977086739487116,0.1323674997007389,2.0,2.0,4.0,2.51,2.541666666666666,4.413,5.192416906916796,5.2117766866837005,7.28773395150031,-5.344528359616025,-5.32000774692351,-5.7277066404282895
23,7,2.0,1.9924301646902063,-1.2876666666666665,"(0, 0, 0, 0, 0, 1, 1, 0, 1, 0, 0, 0, 1, 0, 0, 0, 1, 1, 0, 1, 1, 1, 1, 1, 1)",7.0,10.0,11.0,13.0,11.296,12.583666666666666,13.590333333333334,15.786666666666667,0.0,2.828044306704809,3.384651811323959,5.31468570468995,2.0,3.0,6.0,14.0,0.15250151517140714,0.009907151071564136,0.0706664948968159,0.03846891638318265,3.0,4.0,6.0,1.2876666666666665,2.2943333333333342,4.490666666666668,2.828044306704809,3.384651811323959,5.31468570468995,-3.069094875026307,-2.1723834246676357,-1.6418003876365934
24,0,0.0,1.9924301646902063,-2.1436666666666673,"(0, 1, 1, 1, 0, 0, 0, 0, 0, 0, 0, 0, 0, 0, 0, 0, 0, 0, 0, 0, 1, 1, 1, 1, 1)",4.0,8.0,6.0,10.0,4.321,9.706,6.464666666666667,11.796,0.0,5.550689057697506,3.3901199252203864,8.635646165082646,3.0,3.0,2.0,7.0,0.4203646640421245,0.0327706938848881,0.09609467347965013,0.010796798225422318,4.0,2.0,6.0,5.385,2.1436666666666673,7.475,5.550689057697506,3.3901199252203864,8.635646165082646,-0.3301238765156067,-2.483471071218831,-2.312506429842673
24,1,0.2857142857142857,1.9924301646902063,-4.118,"(0, 0, 0, 0, 0, 0, 0, 0, 1, 1, 0, 0, 1, 1, 0, 1, 0, 0, 0, 0, 0, 0, 0, 1, 0)",5.0,8.0,9.0,10.0,5.358666666666666,9.476666666666667,10.930333333333333,12.335,0.0,4.360588382215104,5.264011564167997,7.730861489183881,3.0,5.0,5.0,1.0,0.07796451986807687,0.10275064437767471,0.06640421858276079,0.05437808264058835,3.0,4.0,5.0,4.118,5.571666666666667,6.976333333333335,4.360588382215104,5.264011564167997,7.730861489183881,-0.48334041032876957,0.6129813065392082,-1.5033446578247016
24,2,0.5714285714285714,1.9924301646902063,-5.184,"(1, 1, 0, 1, 0, 0, 0, 1, 0, 0, 0, 0, 1, 0, 0, 0, 1, 0, 0, 0, 0, 1, 0, 1, 0)",4.0,8.0,8.0,11.0,4.330666666666667,9.514666666666667,9.741,13.734,0.0,6.8644643011248165,5.990506947496399,9.015669011827889,1.0,2.0,4.0,2.0,0.26240581275375785,0.0875349690563574,0.05202265328543267,0.11124403483840933,4.0,4.0,7.0,5.184,5.410333333333333,9.403333333333332,6.8644643011248165,5.990506947496399,9.015669011827889,-3.3482077642461303,-1.1559554096158289,0.7723940879416081
24,3,0.8571428571428571,1.9924301646902063,-2.5473333333333343,"(1, 1, 1, 0, 0, 1, 1, 0, 0, 1, 1, 0, 0, 1, 0, 0, 0, 0, 0, 0, 1, 0, 1, 0, 0)",6.0,11.0,9.0,11.0,7.829666666666666,12.293,10.377,15.561,0.0,4.716303580951129,3.954044076166537,6.5411039544520655,3.0,46.0,3.0,1.0,0.2642845905182462,0.03859791973287619,0.06851607914334872,0.020110310562426233,5.0,3.0,5.0,4.463333333333333,2.5473333333333343,7.731333333333334,4.716303580951129,3.954044076166537,6.5411039544520655,-0.5040255521228475,-2.8027729170146407,2.371448917383527
24,4,1.1428571428571428,1.9924301646902063,-3.2960000000000003,"(0, 1, 0, 0, 1, 1, 1, 0, 0, 1, 1, 0, 0, 0, 0, 0, 0, 0, 0, 0, 0, 0, 0, 0, 0)",3.0,8.0,6.0,11.0,3.848,9.036666666666667,7.144,12.641,0.0,6.974302548481596,6.397261565617902,9.952963506580515,1.0,9.0,1.0,25.0,0.5606266630117831,0.08171633949880794,0.009311319298664252,0.004145309227341765,5.0,3.0,8.0,5.188666666666667,3.2960000000000003,8.793,6.974302548481596,6.397261565617902,9.952963506580515,-3.55775479408126,-6.1790470919314835,-2.311146280450846
24,5,1.4285714285714284,1.9924301646902063,-2.8503333333333334,"(0, 0, 0, 0, 0, 0, 0, 0, 0, 0, 0, 0, 0, 0, 0, 0, 1, 1, 0, 1, 0, 1, 1, 1, 0)",4.0,7.0,6.0,10.0,4.601333333333334,8.068,7.451666666666667,12.682333333333334,0.0,3.717022369963695,3.932570106613765,7.4423022560543854,5.0,2.0,2.0,9.0,0.12669451948574015,0.0022306594400316082,0.18757932667274183,0.004783087639126717,3.0,2.0,6.0,3.466666666666666,2.8503333333333334,8.081,3.717022369963695,3.932570106613765,7.4423022560543854,-0.4988162551512318,-2.156281192420928,1.272560651156823
24,6,1.7142857142857142,1.9924301646902063,-2.51,"(0, 0, 1, 1, 1, 0, 1, 1, 1, 1, 0, 1, 1, 1, 0, 0, 0, 1, 0, 1, 1, 0, 1, 0, 0)",8.0,10.0,10.0,12.0,10.224,12.734,12.765666666666666,14.637,0.0,5.192416906916796,5.2117766866837005,7.28773395150031,10.0,5.0,2.0,1.0,0.12267081348907966,0.07342284533721825,0.003977086739487116,0.1323674997007389,2.0,2.0,4.0,2.51,2.541666666666666,4.413,5.192416906916796,5.2117766866837005,7.28773395150031,-5.344528359616025,-5.32000774692351,-5.7277066404282895
24,7,2.0,1.9924301646902063,-1.2876666666666665,"(0, 0, 0, 0, 0, 1, 1, 0, 1, 0, 0, 0, 1, 0, 0, 0, 1, 1, 0, 1, 1, 1, 1, 1, 1)",7.0,10.0,11.0,13.0,11.296,12.583666666666666,13.590333333333334,15.786666666666667,0.0,2.828044306704809,3.384651811323959,5.31468570468995,2.0,3.0,6.0,14.0,0.15250151517140714,0.009907151071564136,0.0706664948968159,0.03846891638318265,3.0,4.0,6.0,1.2876666666666665,2.2943333333333342,4.490666666666668,2.828044306704809,3.384651811323959,5.31468570468995,-3.069094875026307,-2.1723834246676357,-1.6418003876365934
25,0,0.0,1.9924301646902063,-2.226,"(0, 1, 1, 1, 0, 0, 0, 0, 0, 0, 0, 0, 0, 1, 0, 0, 0, 0, 1, 0, 1, 1, 1, 1, 1)",5.0,8.0,7.0,11.0,5.597333333333333,9.075,7.823333333333333,13.183333333333334,0.0,4.450480189812043,3.8719891605507124,7.257603979787603,3.0,2.0,2.0,11.0,0.07348161764575699,0.11616746693455803,0.14828209777671916,0.020527495671616016,3.0,2.0,6.0,3.477666666666666,2.226,7.586,4.450480189812043,3.8719891605507124,7.257603979787603,-1.9382630081334036,-3.2795184542343505,0.6543061366353958
25,1,0.2857142857142857,1.9924301646902063,-4.118,"(0, 0, 0, 0, 0, 0, 0, 0, 1, 1, 0, 0, 1, 1, 0, 1, 0, 0, 0, 0, 0, 0, 0, 1, 0)",5.0,8.0,9.0,10.0,5.358666666666666,9.476666666666667,10.930333333333333,12.335,0.0,4.360588382215104,5.264011564167997,7.730861489183881,3.0,5.0,5.0,1.0,0.07796451986807687,0.10275064437767471,0.06640421858276079,0.05437808264058835,3.0,4.0,5.0,4.118,5.571666666666667,6.976333333333335,4.360588382215104,5.264011564167997,7.730861489183881,-0.48334041032876957,0.6129813065392082,-1.5033446578247016
25,2,0.5714285714285714,1.9924301646902063,-5.184,"(1, 1, 0, 1, 0, 0, 0, 1, 0, 0, 0, 0, 1, 0, 0, 0, 1, 0, 0, 0, 0, 1, 0, 1, 0)",4.0,8.0,8.0,11.0,4.330666666666667,9.514666666666667,9.741,13.734,0.0,6.8644643011248165,5.990506947496399,9.015669011827889,1.0,2.0,4.0,2.0,0.26240581275375785,0.0875349690563574,0.05202265328543267,0.11124403483840933,4.0,4.0,7.0,5.184,5.410333333333333,9.403333333333332,6.8644643011248165,5.990506947496399,9.015669011827889,-3.3482077642461303,-1.1559554096158289,0.7723940879416081
25,3,0.8571428571428571,1.9924301646902063,-2.5473333333333343,"(1, 1, 1, 0, 0, 1, 1, 0, 0, 1, 1, 0, 0, 1, 0, 0, 0, 0, 0, 0, 1, 0, 1, 0, 0)",6.0,11.0,9.0,11.0,7.829666666666666,12.293,10.377,15.561,0.0,4.716303580951129,3.954044076166537,6.5411039544520655,3.0,46.0,3.0,1.0,0.2642845905182462,0.03859791973287619,0.06851607914334872,0.020110310562426233,5.0,3.0,5.0,4.463333333333333,2.5473333333333343,7.731333333333334,4.716303580951129,3.954044076166537,6.5411039544520655,-0.5040255521228475,-2.8027729170146407,2.371448917383527
25,4,1.1428571428571428,1.9924301646902063,-3.2960000000000003,"(0, 1, 0, 0, 1, 1, 1, 0, 0, 1, 1, 0, 0, 0, 0, 0, 0, 0, 0, 0, 0, 0, 0, 0, 0)",3.0,8.0,6.0,11.0,3.848,9.036666666666667,7.144,12.641,0.0,6.974302548481596,6.397261565617902,9.952963506580515,1.0,9.0,1.0,25.0,0.5606266630117831,0.08171633949880794,0.009311319298664252,0.004145309227341765,5.0,3.0,8.0,5.188666666666667,3.2960000000000003,8.793,6.974302548481596,6.397261565617902,9.952963506580515,-3.55775479408126,-6.1790470919314835,-2.311146280450846
25,5,1.4285714285714284,1.9924301646902063,-2.8503333333333334,"(0, 0, 0, 0, 0, 0, 0, 0, 0, 0, 0, 0, 0, 0, 0, 0, 1, 1, 0, 1, 0, 1, 1, 1, 0)",4.0,7.0,6.0,10.0,4.601333333333334,8.068,7.451666666666667,12.682333333333334,0.0,3.717022369963695,3.932570106613765,7.4423022560543854,5.0,2.0,2.0,9.0,0.12669451948574015,0.0022306594400316082,0.18757932667274183,0.004783087639126717,3.0,2.0,6.0,3.466666666666666,2.8503333333333334,8.081,3.717022369963695,3.932570106613765,7.4423022560543854,-0.4988162551512318,-2.156281192420928,1.272560651156823
25,6,1.7142857142857142,1.9924301646902063,-2.6671223637366617,"(0, 0, 1, 1, 1, 0, 1, 1, 1, 1, 0, 1, 1, 1, 0, 0, 0, 1, 0, 1, 1, 0, 0, 1, 0)",8.0,14.0,11.0,15.0,10.329666666666666,17.01,15.537333333333333,17.431,0.0,2.6671223637366617,3.2791747722165527,4.859171892815886,2.0,16.0,1.0,38.0,0.17763886521632202,0.019478829116078716,0.038709942399540946,0.03529479213893329,6.0,3.0,7.0,6.680333333333335,5.207666666666666,7.101333333333335,2.6671223637366617,3.2791747722165527,4.859171892815886,7.996042593090044,3.842385422862968,4.467350088192211
25,7,2.0,1.9924301646902063,-1.2876666666666665,"(0, 0, 0, 0, 0, 1, 1, 0, 1, 0, 0, 0, 1, 0, 0, 0, 1, 1, 0, 1, 1, 1, 1, 1, 1)",7.0,10.0,11.0,13.0,11.296,12.583666666666666,13.590333333333334,15.786666666666667,0.0,2.828044306704809,3.384651811323959,5.31468570468995,2.0,3.0,6.0,14.0,0.15250151517140714,0.009907151071564136,0.0706664948968159,0.03846891638318265,3.0,4.0,6.0,1.2876666666666665,2.2943333333333342,4.490666666666668,2.828044306704809,3.384651811323959,5.31468570468995,-3.069094875026307,-2.1723834246676357,-1.6418003876365934
26,0,0.0,1.9924301646902063,-2.226,"(0, 1, 1, 1, 0, 0, 0, 0, 0, 0, 0, 0, 0, 1, 0, 0, 0, 0, 1, 0, 1, 1, 1, 1, 1)",5.0,8.0,7.0,11.0,5.597333333333333,9.075,7.823333333333333,13.183333333333334,0.0,4.450480189812043,3.8719891605507124,7.257603979787603,3.0,2.0,2.0,11.0,0.07348161764575699,0.11616746693455803,0.14828209777671916,0.020527495671616016,3.0,2.0,6.0,3.477666666666666,2.226,7.586,4.450480189812043,3.8719891605507124,7.257603979787603,-1.9382630081334036,-3.2795184542343505,0.6543061366353958
26,1,0.2857142857142857,1.9924301646902063,-5.428333333333334,"(0, 0, 0, 0, 0, 0, 0, 0, 1, 1, 0, 0, 1, 1, 0, 1, 0, 0, 0, 0, 0, 0, 1, 0, 0)",5.0,9.0,10.0,11.0,5.499333333333333,10.927666666666667,11.752666666666666,14.055,0.0,6.91695376690793,5.832927859582342,8.810625809768325,3.0,9.0,12.0,9.0,0.2188877242150847,0.0014536097222964447,0.013050932500927289,0.06243810953220296,4.0,5.0,6.0,5.428333333333334,6.253333333333333,8.555666666666667,6.91695376690793,5.832927859582342,8.810625809768325,-2.96597225562824,0.8376285473023513,-0.5079882874793104
26,2,0.5714285714285714,1.9924301646902063,-5.184,"(1, 1, 0, 1, 0, 0, 0, 1, 0, 0, 0, 0, 1, 0, 0, 0, 1, 0, 0, 0, 0, 1, 0, 1, 0)",4.0,8.0,8.0,11.0,4.330666666666667,9.514666666666667,9.741,13.734,0.0,6.8644643011248165,5.990506947496399,9.015669011827889,1.0,2.0,4.0,2.0,0.26240581275375785,0.0875349690563574,0.05202265328543267,0.11124403483840933,4.0,4.0,7.0,5.184,5.410333333333333,9.403333333333332,6.8644643011248165,5.990506947496399,9.015669011827889,-3.3482077642461303,-1.1559554096158289,0.7723940879416081
26,3,0.8571428571428571,1.9924301646902063,-2.5473333333333343,"(1, 1, 1, 0, 0, 1, 1, 0, 0, 1, 1, 0, 0, 1, 0, 0, 0, 0, 0, 0, 1, 0, 1, 0, 0)",6.0,11.0,9.0,11.0,7.829666666666666,12.293,10.377,15.561,0.0,4.716303580951129,3.954044076166537,6.5411039544520655,3.0,46.0,3.0,1.0,0.2642845905182462,0.03859791973287619,0.06851607914334872,0.020110310562426233,5.0,3.0,5.0,4.463333333333333,2.5473333333333343,7.731333333333334,4.716303580951129,3.954044076166537,6.5411039544520655,-0.5040255521228475,-2.8027729170146407,2.371448917383527
26,4,1.1428571428571428,1.9924301646902063,-3.2960000000000003,"(0, 1, 0, 0, 1, 1, 1, 0, 0, 1, 1, 0, 0, 0, 0, 0, 0, 0, 0, 0, 0, 0, 0, 0, 0)",3.0,8.0,6.0,11.0,3.848,9.036666666666667,7.144,12.641,0.0,6.974302548481596,6.397261565617902,9.952963506580515,1.0,9.0,1.0,25.0,0.5606266630117831,0.08171633949880794,0.009311319298664252,0.004145309227341765,5.0,3.0,8.0,5.188666666666667,3.2960000000000003,8.793,6.974302548481596,6.397261565617902,9.952963506580515,-3.55775479408126,-6.1790470919314835,-2.311146280450846
26,5,1.4285714285714284,1.9924301646902063,-2.8503333333333334,"(0, 0, 0, 0, 0, 0, 0, 0, 0, 0, 0, 0, 0, 0, 0, 0, 1, 1, 0, 1, 0, 1, 1, 1, 0)",4.0,7.0,6.0,10.0,4.601333333333334,8.068,7.451666666666667,12.682333333333334,0.0,3.717022369963695,3.932570106613765,7.4423022560543854,5.0,2.0,2.0,9.0,0.12669451948574015,0.0022306594400316082,0.18757932667274183,0.004783087639126717,3.0,2.0,6.0,3.466666666666666,2.8503333333333334,8.081,3.717022369963695,3.932570106613765,7.4423022560543854,-0.4988162551512318,-2.156281192420928,1.272560651156823
26,6,1.7142857142857142,1.9924301646902063,-2.6671223637366617,"(0, 0, 1, 1, 1, 0, 1, 1, 1, 1, 0, 1, 1, 1, 0, 0, 0, 1, 0, 1, 1, 0, 0, 1, 0)",8.0,14.0,11.0,15.0,10.329666666666666,17.01,15.537333333333333,17.431,0.0,2.6671223637366617,3.2791747722165527,4.859171892815886,2.0,16.0,1.0,38.0,0.17763886521632202,0.019478829116078716,0.038709942399540946,0.03529479213893329,6.0,3.0,7.0,6.680333333333335,5.207666666666666,7.101333333333335,2.6671223637366617,3.2791747722165527,4.859171892815886,7.996042593090044,3.842385422862968,4.467350088192211
26,7,2.0,1.9924301646902063,-1.2876666666666665,"(0, 0, 0, 0, 0, 1, 1, 0, 1, 0, 0, 0, 1, 0, 0, 0, 1, 1, 0, 1, 1, 1, 1, 1, 1)",7.0,10.0,11.0,13.0,11.296,12.583666666666666,13.590333333333334,15.786666666666667,0.0,2.828044306704809,3.384651811323959,5.31468570468995,2.0,3.0,6.0,14.0,0.15250151517140714,0.009907151071564136,0.0706664948968159,0.03846891638318265,3.0,4.0,6.0,1.2876666666666665,2.2943333333333342,4.490666666666668,2.828044306704809,3.384651811323959,5.31468570468995,-3.069094875026307,-2.1723834246676357,-1.6418003876365934
27,0,0.0,1.9924301646902063,-2.226,"(0, 1, 1, 1, 0, 0, 0, 0, 0, 0, 0, 0, 0, 1, 0, 0, 0, 0, 1, 0, 1, 1, 1, 1, 1)",5.0,8.0,7.0,11.0,5.597333333333333,9.075,7.823333333333333,13.183333333333334,0.0,4.450480189812043,3.8719891605507124,7.257603979787603,3.0,2.0,2.0,11.0,0.07348161764575699,0.11616746693455803,0.14828209777671916,0.020527495671616016,3.0,2.0,6.0,3.477666666666666,2.226,7.586,4.450480189812043,3.8719891605507124,7.257603979787603,-1.9382630081334036,-3.2795184542343505,0.6543061366353958
27,1,0.2857142857142857,1.9924301646902063,-5.428333333333334,"(0, 0, 0, 0, 0, 0, 0, 0, 1, 1, 0, 0, 1, 1, 0, 1, 0, 0, 0, 0, 0, 0, 1, 0, 0)",5.0,9.0,10.0,11.0,5.499333333333333,10.927666666666667,11.752666666666666,14.055,0.0,6.91695376690793,5.832927859582342,8.810625809768325,3.0,9.0,12.0,9.0,0.2188877242150847,0.0014536097222964447,0.013050932500927289,0.06243810953220296,4.0,5.0,6.0,5.428333333333334,6.253333333333333,8.555666666666667,6.91695376690793,5.832927859582342,8.810625809768325,-2.96597225562824,0.8376285473023513,-0.5079882874793104
27,2,0.5714285714285714,1.9924301646902063,-5.184,"(1, 1, 0, 1, 0, 0, 0, 1, 0, 0, 0, 0, 1, 0, 0, 0, 1, 0, 0, 0, 0, 1, 0, 1, 0)",4.0,8.0,8.0,11.0,4.330666666666667,9.514666666666667,9.741,13.734,0.0,6.8644643011248165,5.990506947496399,9.015669011827889,1.0,2.0,4.0,2.0,0.26240581275375785,0.0875349690563574,0.05202265328543267,0.11124403483840933,4.0,4.0,7.0,5.184,5.410333333333333,9.403333333333332,6.8644643011248165,5.990506947496399,9.015669011827889,-3.3482077642461303,-1.1559554096158289,0.7723940879416081
27,3,0.8571428571428571,1.9924301646902063,-2.5473333333333343,"(1, 1, 1, 0, 0, 1, 1, 0, 0, 1, 1, 0, 0, 1, 0, 0, 0, 0, 0, 0, 1, 0, 1, 0, 0)",6.0,11.0,9.0,11.0,7.829666666666666,12.293,10.377,15.561,0.0,4.716303580951129,3.954044076166537,6.5411039544520655,3.0,46.0,3.0,1.0,0.2642845905182462,0.03859791973287619,0.06851607914334872,0.020110310562426233,5.0,3.0,5.0,4.463333333333333,2.5473333333333343,7.731333333333334,4.716303580951129,3.954044076166537,6.5411039544520655,-0.5040255521228475,-2.8027729170146407,2.371448917383527
27,4,1.1428571428571428,1.9924301646902063,-3.955,"(0, 1, 0, 0, 1, 1, 1, 0, 0, 1, 1, 0, 0, 0, 0, 0, 0, 0, 0, 0, 1, 1, 0, 0, 0)",4.0,8.0,7.0,10.0,4.786333333333333,8.741333333333333,9.258333333333333,12.875666666666667,0.0,5.149114758004194,5.833890867495277,8.369501771305915,1.0,7.0,1.0,3.0,0.5626108193200359,0.03053230116391174,0.015074513466297429,0.005230732191600601,4.0,3.0,6.0,3.955,4.4719999999999995,8.089333333333334,5.149114758004194,5.833890867495277,8.369501771305915,-2.379190263949301,-2.713472445413703,-0.5582160470107066
27,5,1.4285714285714284,1.9924301646902063,-2.8503333333333334,"(0, 0, 0, 0, 0, 0, 0, 0, 0, 0, 0, 0, 0, 0, 0, 0, 1, 1, 0, 1, 0, 1, 1, 1, 0)",4.0,7.0,6.0,10.0,4.601333333333334,8.068,7.451666666666667,12.682333333333334,0.0,3.717022369963695,3.932570106613765,7.4423022560543854,5.0,2.0,2.0,9.0,0.12669451948574015,0.0022306594400316082,0.18757932667274183,0.004783087639126717,3.0,2.0,6.0,3.466666666666666,2.8503333333333334,8.081,3.717022369963695,3.932570106613765,7.4423022560543854,-0.4988162551512318,-2.156281192420928,1.272560651156823
27,6,1.7142857142857142,1.9924301646902063,-2.6671223637366617,"(0, 0, 1, 1, 1, 0, 1, 1, 1, 1, 0, 1, 1, 1, 0, 0, 0, 1, 0, 1, 1, 0, 0, 1, 0)",8.0,14.0,11.0,15.0,10.329666666666666,17.01,15.537333333333333,17.431,0.0,2.6671223637366617,3.2791747722165527,4.859171892815886,2.0,16.0,1.0,38.0,0.17763886521632202,0.019478829116078716,0.038709942399540946,0.03529479213893329,6.0,3.0,7.0,6.680333333333335,5.207666666666666,7.101333333333335,2.6671223637366617,3.2791747722165527,4.859171892815886,7.996042593090044,3.842385422862968,4.467350088192211
27,7,2.0,1.9924301646902063,-1.2876666666666665,"(0, 0, 0, 0, 0, 1, 1, 0, 1, 0, 0, 0, 1, 0, 0, 0, 1, 1, 0, 1, 1, 1, 1, 1, 1)",7.0,10.0,11.0,13.0,11.296,12.583666666666666,13.590333333333334,15.786666666666667,0.0,2.828044306704809,3.384651811323959,5.31468570468995,2.0,3.0,6.0,14.0,0.15250151517140714,0.009907151071564136,0.0706664948968159,0.03846891638318265,3.0,4.0,6.0,1.2876666666666665,2.2943333333333342,4.490666666666668,2.828044306704809,3.384651811323959,5.31468570468995,-3.069094875026307,-2.1723834246676357,-1.6418003876365934
28,0,0.0,1.9924301646902063,-2.226,"(0, 1, 1, 1, 0, 0, 0, 0, 0, 0, 0, 0, 0, 1, 0, 0, 0, 0, 1, 0, 1, 1, 1, 1, 1)",5.0,8.0,7.0,11.0,5.597333333333333,9.075,7.823333333333333,13.183333333333334,0.0,4.450480189812043,3.8719891605507124,7.257603979787603,3.0,2.0,2.0,11.0,0.07348161764575699,0.11616746693455803,0.14828209777671916,0.020527495671616016,3.0,2.0,6.0,3.477666666666666,2.226,7.586,4.450480189812043,3.8719891605507124,7.257603979787603,-1.9382630081334036,-3.2795184542343505,0.6543061366353958
28,1,0.2857142857142857,1.9924301646902063,-5.428333333333334,"(0, 0, 0, 0, 0, 0, 0, 0, 1, 1, 0, 0, 1, 1, 0, 1, 0, 0, 0, 0, 0, 0, 1, 0, 0)",5.0,9.0,10.0,11.0,5.499333333333333,10.927666666666667,11.752666666666666,14.055,0.0,6.91695376690793,5.832927859582342,8.810625809768325,3.0,9.0,12.0,9.0,0.2188877242150847,0.0014536097222964447,0.013050932500927289,0.06243810953220296,4.0,5.0,6.0,5.428333333333334,6.253333333333333,8.555666666666667,6.91695376690793,5.832927859582342,8.810625809768325,-2.96597225562824,0.8376285473023513,-0.5079882874793104
28,2,0.5714285714285714,1.9924301646902063,-4.419354003016994,"(1, 1, 0, 1, 0, 0, 0, 1, 0, 0, 0, 0, 1, 1, 1, 0, 1, 0, 0, 0, 0, 1, 0, 1, 0)",5.0,9.0,9.0,12.0,6.844666666666667,11.606666666666667,11.491666666666667,14.697666666666667,0.0,4.419354003016994,5.583619500697245,7.6015417024390155,1.0,2.0,2.0,13.0,0.3676142049069649,0.006211406606916238,0.12760440972360654,0.01787050216241919,4.0,4.0,7.0,4.7620000000000005,4.647,7.853,4.419354003016994,5.583619500697245,7.6015417024390155,0.6826982201992915,-1.8661489460262703,0.5010130972221507
28,3,0.8571428571428571,1.9924301646902063,-2.5473333333333343,"(1, 1, 1, 0, 0, 1, 1, 0, 0, 1, 1, 0, 0, 1, 0, 0, 0, 0, 0, 0, 1, 0, 1, 0, 0)",6.0,11.0,9.0,11.0,7.829666666666666,12.293,10.377,15.561,0.0,4.716303580951129,3.954044076166537,6.5411039544520655,3.0,46.0,3.0,1.0,0.2642845905182462,0.03859791973287619,0.06851607914334872,0.020110310562426233,5.0,3.0,5.0,4.463333333333333,2.5473333333333343,7.731333333333334,4.716303580951129,3.954044076166537,6.5411039544520655,-0.5040255521228475,-2.8027729170146407,2.371448917383527
28,4,1.1428571428571428,1.9924301646902063,-3.955,"(0, 1, 0, 0, 1, 1, 1, 0, 0, 1, 1, 0, 0, 0, 0, 0, 0, 0, 0, 0, 1, 1, 0, 0, 0)",4.0,8.0,7.0,10.0,4.786333333333333,8.741333333333333,9.258333333333333,12.875666666666667,0.0,5.149114758004194,5.833890867495277,8.369501771305915,1.0,7.0,1.0,3.0,0.5626108193200359,0.03053230116391174,0.015074513466297429,0.005230732191600601,4.0,3.0,6.0,3.955,4.4719999999999995,8.089333333333334,5.149114758004194,5.833890867495277,8.369501771305915,-2.379190263949301,-2.713472445413703,-0.5582160470107066
28,5,1.4285714285714284,1.9924301646902063,-2.8503333333333334,"(0, 0, 0, 0, 0, 0, 0, 0, 0, 0, 0, 0, 0, 0, 0, 0, 1, 1, 0, 1, 0, 1, 1, 1, 0)",4.0,7.0,6.0,10.0,4.601333333333334,8.068,7.451666666666667,12.682333333333334,0.0,3.717022369963695,3.932570106613765,7.4423022560543854,5.0,2.0,2.0,9.0,0.12669451948574015,0.0022306594400316082,0.18757932667274183,0.004783087639126717,3.0,2.0,6.0,3.466666666666666,2.8503333333333334,8.081,3.717022369963695,3.932570106613765,7.4423022560543854,-0.4988162551512318,-2.156281192420928,1.272560651156823
28,6,1.7142857142857142,1.9924301646902063,-3.2542029808191018,"(0, 0, 0, 0, 1, 0, 1, 1, 1, 1, 0, 1, 1, 1, 0, 0, 0, 1, 0, 1, 1, 0, 0, 1, 0)",8.0,11.0,10.0,12.0,9.019333333333334,12.370333333333333,12.350333333333333,13.595666666666666,0.0,3.2542029808191018,3.292269466021155,5.357567229456672,18.0,16.0,5.0,15.0,0.20619402160771624,0.10855613292390501,0.005745970600798197,0.019143671930380975,3.0,2.0,4.0,3.350999999999999,3.3309999999999995,4.5763333333333325,3.2542029808191018,3.292269466021155,5.357567229456672,0.19286130086811634,0.07716788419400859,-1.5565539803145967
28,7,2.0,1.9924301646902063,-1.2876666666666665,"(0, 0, 0, 0, 0, 1, 1, 0, 1, 0, 0, 0, 1, 0, 0, 0, 1, 1, 0, 1, 1, 1, 1, 1, 1)",7.0,10.0,11.0,13.0,11.296,12.583666666666666,13.590333333333334,15.786666666666667,0.0,2.828044306704809,3.384651811323959,5.31468570468995,2.0,3.0,6.0,14.0,0.15250151517140714,0.009907151071564136,0.0706664948968159,0.03846891638318265,3.0,4.0,6.0,1.2876666666666665,2.2943333333333342,4.490666666666668,2.828044306704809,3.384651811323959,5.31468570468995,-3.069094875026307,-2.1723834246676357,-1.6418003876365934
29,0,0.0,1.9924301646902063,-2.226,"(0, 1, 1, 1, 0, 0, 0, 0, 0, 0, 0, 0, 0, 1, 0, 0, 0, 0, 1, 0, 1, 1, 1, 1, 1)",5.0,8.0,7.0,11.0,5.597333333333333,9.075,7.823333333333333,13.183333333333334,0.0,4.450480189812043,3.8719891605507124,7.257603979787603,3.0,2.0,2.0,11.0,0.07348161764575699,0.11616746693455803,0.14828209777671916,0.020527495671616016,3.0,2.0,6.0,3.477666666666666,2.226,7.586,4.450480189812043,3.8719891605507124,7.257603979787603,-1.9382630081334036,-3.2795184542343505,0.6543061366353958
29,1,0.2857142857142857,1.9924301646902063,-5.428333333333334,"(0, 0, 0, 0, 0, 0, 0, 0, 1, 1, 0, 0, 1, 1, 0, 1, 0, 0, 0, 0, 0, 0, 1, 0, 0)",5.0,9.0,10.0,11.0,5.499333333333333,10.927666666666667,11.752666666666666,14.055,0.0,6.91695376690793,5.832927859582342,8.810625809768325,3.0,9.0,12.0,9.0,0.2188877242150847,0.0014536097222964447,0.013050932500927289,0.06243810953220296,4.0,5.0,6.0,5.428333333333334,6.253333333333333,8.555666666666667,6.91695376690793,5.832927859582342,8.810625809768325,-2.96597225562824,0.8376285473023513,-0.5079882874793104
29,2,0.5714285714285714,1.9924301646902063,-4.419354003016994,"(1, 1, 0, 1, 0, 0, 0, 1, 0, 0, 0, 0, 1, 1, 1, 0, 1, 0, 0, 0, 0, 1, 0, 1, 0)",5.0,9.0,9.0,12.0,6.844666666666667,11.606666666666667,11.491666666666667,14.697666666666667,0.0,4.419354003016994,5.583619500697245,7.6015417024390155,1.0,2.0,2.0,13.0,0.3676142049069649,0.006211406606916238,0.12760440972360654,0.01787050216241919,4.0,4.0,7.0,4.7620000000000005,4.647,7.853,4.419354003016994,5.583619500697245,7.6015417024390155,0.6826982201992915,-1.8661489460262703,0.5010130972221507
29,3,0.8571428571428571,1.9924301646902063,-2.5473333333333343,"(1, 1, 1, 0, 0, 1, 1, 0, 0, 1, 1, 0, 0, 1, 0, 0, 0, 0, 0, 0, 1, 0, 1, 0, 0)",6.0,11.0,9.0,11.0,7.829666666666666,12.293,10.377,15.561,0.0,4.716303580951129,3.954044076166537,6.5411039544520655,3.0,46.0,3.0,1.0,0.2642845905182462,0.03859791973287619,0.06851607914334872,0.020110310562426233,5.0,3.0,5.0,4.463333333333333,2.5473333333333343,7.731333333333334,4.716303580951129,3.954044076166537,6.5411039544520655,-0.5040255521228475,-2.8027729170146407,2.371448917383527
29,4,1.1428571428571428,1.9924301646902063,-3.01,"(0, 1, 0, 0, 1, 1, 1, 0, 0, 1, 1, 0, 0, 0, 0, 0, 0, 0, 0, 0, 1, 1, 0, 1, 1)",5.0,9.0,8.0,11.0,7.286,10.296,10.74,13.372333333333334,0.0,5.30297464294416,5.946086823880275,8.358986167658939,1.0,7.0,1.0,4.0,0.2683935044323104,0.054527980546833416,0.011831952565033388,0.006492034101005201,4.0,3.0,6.0,3.01,3.4540000000000006,6.086333333333334,5.30297464294416,5.946086823880275,8.358986167658939,-4.5685918454717,-4.965308960926069,-4.5281020609790295
29,5,1.4285714285714284,1.9924301646902063,-2.8503333333333334,"(0, 0, 0, 0, 0, 0, 0, 0, 0, 0, 0, 0, 0, 0, 0, 0, 1, 1, 0, 1, 0, 1, 1, 1, 0)",4.0,7.0,6.0,10.0,4.601333333333334,8.068,7.451666666666667,12.682333333333334,0.0,3.717022369963695,3.932570106613765,7.4423022560543854,5.0,2.0,2.0,9.0,0.12669451948574015,0.0022306594400316082,0.18757932667274183,0.004783087639126717,3.0,2.0,6.0,3.466666666666666,2.8503333333333334,8.081,3.717022369963695,3.932570106613765,7.4423022560543854,-0.4988162551512318,-2.156281192420928,1.272560651156823
29,6,1.7142857142857142,1.9924301646902063,-3.2542029808191018,"(0, 0, 0, 0, 1, 0, 1, 1, 1, 1, 0, 1, 1, 1, 0, 0, 0, 1, 0, 1, 1, 0, 0, 1, 0)",8.0,11.0,10.0,12.0,9.019333333333334,12.370333333333333,12.350333333333333,13.595666666666666,0.0,3.2542029808191018,3.292269466021155,5.357567229456672,18.0,16.0,5.0,15.0,0.20619402160771624,0.10855613292390501,0.005745970600798197,0.019143671930380975,3.0,2.0,4.0,3.350999999999999,3.3309999999999995,4.5763333333333325,3.2542029808191018,3.292269466021155,5.357567229456672,0.19286130086811634,0.07716788419400859,-1.5565539803145967
29,7,2.0,1.9924301646902063,-1.2876666666666665,"(0, 0, 0, 0, 0, 1, 1, 0, 1, 0, 0, 0, 1, 0, 0, 0, 1, 1, 0, 1, 1, 1, 1, 1, 1)",7.0,10.0,11.0,13.0,11.296,12.583666666666666,13.590333333333334,15.786666666666667,0.0,2.828044306704809,3.384651811323959,5.31468570468995,2.0,3.0,6.0,14.0,0.15250151517140714,0.009907151071564136,0.0706664948968159,0.03846891638318265,3.0,4.0,6.0,1.2876666666666665,2.2943333333333342,4.490666666666668,2.828044306704809,3.384651811323959,5.31468570468995,-3.069094875026307,-2.1723834246676357,-1.6418003876365934
30,0,0.0,1.9924301646902063,-4.814666666666667,"(0, 0, 0, 0, 0, 0, 0, 0, 1, 1, 0, 0, 0, 0, 0, 1, 0, 0, 0, 0, 0, 0, 1, 0, 0)",4.0,8.0,8.0,11.0,4.265333333333333,9.08,10.531,12.969,0.0,5.429316853498458,5.744032267067746,8.519432141198852,3.0,10.0,4.0,5.0,0.356869178528713,0.008921579873698115,0.042393131416477534,0.026621312223933408,4.0,4.0,7.0,4.814666666666667,6.265666666666667,8.703666666666667,5.429316853498458,5.744032267067746,8.519432141198852,-1.2246475729761315,1.0393201127009546,0.3670744259194607
30,1,0.2857142857142857,1.9924301646902063,-4.419354003016994,"(1, 1, 0, 1, 0, 0, 0, 1, 0, 0, 0, 0, 1, 1, 1, 0, 1, 0, 0, 0, 0, 1, 0, 1, 0)",5.0,9.0,9.0,12.0,6.844666666666667,11.606666666666667,11.491666666666667,14.697666666666667,0.0,4.419354003016994,5.583619500697245,7.6015417024390155,1.0,2.0,2.0,13.0,0.3676142049069649,0.006211406606916238,0.12760440972360654,0.01787050216241919,4.0,4.0,7.0,4.7620000000000005,4.647,7.853,4.419354003016994,5.583619500697245,7.6015417024390155,0.6826982201992915,-1.8661489460262703,0.5010130972221507
30,2,0.5714285714285714,1.9924301646902063,-2.5473333333333343,"(1, 1, 1, 0, 0, 1, 1, 0, 0, 1, 1, 0, 0, 1, 0, 0, 0, 0, 0, 0, 1, 0, 1, 0, 0)",6.0,11.0,9.0,11.0,7.829666666666666,12.293,10.377,15.561,0.0,4.716303580951129,3.954044076166537,6.5411039544520655,3.0,46.0,3.0,1.0,0.2642845905182462,0.03859791973287619,0.06851607914334872,0.020110310562426233,5.0,3.0,5.0,4.463333333333333,2.5473333333333343,7.731333333333334,4.716303580951129,3.954044076166537,6.5411039544520655,-0.5040255521228475,-2.8027729170146407,2.371448917383527
30,3,0.8571428571428571,1.9924301646902063,-3.01,"(0, 1, 0, 0, 1, 1, 1, 0, 0, 1, 1, 0, 0, 0, 0, 0, 0, 0, 0, 0, 1, 1, 0, 1, 1)",5.0,9.0,8.0,11.0,7.286,10.296,10.74,13.372333333333334,0.0,5.30297464294416,5.946086823880275,8.358986167658939,1.0,7.0,1.0,4.0,0.2683935044323104,0.054527980546833416,0.011831952565033388,0.006492034101005201,4.0,3.0,6.0,3.01,3.4540000000000006,6.086333333333334,5.30297464294416,5.946086823880275,8.358986167658939,-4.5685918454717,-4.965308960926069,-4.5281020609790295
30,4,1.1428571428571428,1.9924301646902063,-2.8503333333333334,"(0, 0, 0, 0, 0, 0, 0, 0, 0, 0, 0, 0, 0, 0, 0, 0, 1, 1, 0, 1, 0, 1, 1, 1, 0)",4.0,7.0,6.0,10.0,4.601333333333334,8.068,7.451666666666667,12.682333333333334,0.0,3.717022369963695,3.932570106613765,7.4423022560543854,5.0,2.0,2.0,9.0,0.12669451948574015,0.0022306594400316082,0.18757932667274183,0.004783087639126717,3.0,2.0,6.0,3.466666666666666,2.8503333333333334,8.081,3.717022369963695,3.932570106613765,7.4423022560543854,-0.4988162551512318,-2.156281192420928,1.272560651156823
30,5,1.4285714285714284,1.9924301646902063,-3.2542029808191018,"(0, 0, 0, 0, 1, 0, 1, 1, 1, 1, 0, 1, 1, 1, 0, 0, 0, 1, 0, 1, 1, 0, 0, 1, 0)",8.0,11.0,10.0,12.0,9.019333333333334,12.370333333333333,12.350333333333333,13.595666666666666,0.0,3.2542029808191018,3.292269466021155,5.357567229456672,18.0,16.0,5.0,15.0,0.20619402160771624,0.10855613292390501,0.005745970600798197,0.019143671930380975,3.0,2.0,4.0,3.350999999999999,3.3309999999999995,4.5763333333333325,3.2542029808191018,3.292269466021155,5.357567229456672,0.19286130086811634,0.07716788419400859,-1.5565539803145967
30,6,1.7142857142857142,1.9924301646902063,-1.2876666666666665,"(0, 0, 0, 0, 0, 1, 1, 0, 1, 0, 0, 0, 1, 0, 0, 0, 1, 1, 0, 1, 1, 1, 1, 1, 1)",7.0,10.0,11.0,13.0,11.296,12.583666666666666,13.590333333333334,15.786666666666667,0.0,2.828044306704809,3.384651811323959,5.31468570468995,2.0,3.0,6.0,14.0,0.15250151517140714,0.009907151071564136,0.0706664948968159,0.03846891638318265,3.0,4.0,6.0,1.2876666666666665,2.2943333333333342,4.490666666666668,2.828044306704809,3.384651811323959,5.31468570468995,-3.069094875026307,-2.1723834246676357,-1.6418003876365934
30,7,2.0,1.9924301646902063,-2.226,"(0, 1, 1, 1, 0, 0, 0, 0, 0, 0, 0, 0, 0, 1, 0, 0, 0, 0, 1, 0, 1, 1, 1, 1, 1)",5.0,8.0,7.0,11.0,5.597333333333333,9.075,7.823333333333333,13.183333333333334,0.0,4.450480189812043,3.8719891605507124,7.257603979787603,3.0,2.0,2.0,11.0,0.07348161764575699,0.11616746693455803,0.14828209777671916,0.020527495671616016,3.0,2.0,6.0,3.477666666666666,2.226,7.586,4.450480189812043,3.8719891605507124,7.257603979787603,-1.9382630081334036,-3.2795184542343505,0.6543061366353958
31,0,0.0,1.9924301646902063,-4.814666666666667,"(0, 0, 0, 0, 0, 0, 0, 0, 1, 1, 0, 0, 0, 0, 0, 1, 0, 0, 0, 0, 0, 0, 1, 0, 0)",4.0,8.0,8.0,11.0,4.265333333333333,9.08,10.531,12.969,0.0,5.429316853498458,5.744032267067746,8.519432141198852,3.0,10.0,4.0,5.0,0.356869178528713,0.008921579873698115,0.042393131416477534,0.026621312223933408,4.0,4.0,7.0,4.814666666666667,6.265666666666667,8.703666666666667,5.429316853498458,5.744032267067746,8.519432141198852,-1.2246475729761315,1.0393201127009546,0.3670744259194607
31,1,0.2857142857142857,1.9924301646902063,-4.419354003016994,"(1, 1, 0, 1, 0, 0, 0, 1, 0, 0, 0, 0, 1, 1, 1, 0, 1, 0, 0, 0, 0, 1, 0, 1, 0)",5.0,9.0,9.0,12.0,6.844666666666667,11.606666666666667,11.491666666666667,14.697666666666667,0.0,4.419354003016994,5.583619500697245,7.6015417024390155,1.0,2.0,2.0,13.0,0.3676142049069649,0.006211406606916238,0.12760440972360654,0.01787050216241919,4.0,4.0,7.0,4.7620000000000005,4.647,7.853,4.419354003016994,5.583619500697245,7.6015417024390155,0.6826982201992915,-1.8661489460262703,0.5010130972221507
31,2,0.5714285714285714,1.9924301646902063,-2.5473333333333343,"(1, 1, 1, 0, 0, 1, 1, 0, 0, 1, 1, 0, 0, 1, 0, 0, 0, 0, 0, 0, 1, 0, 1, 0, 0)",6.0,11.0,9.0,11.0,7.829666666666666,12.293,10.377,15.561,0.0,4.716303580951129,3.954044076166537,6.5411039544520655,3.0,46.0,3.0,1.0,0.2642845905182462,0.03859791973287619,0.06851607914334872,0.020110310562426233,5.0,3.0,5.0,4.463333333333333,2.5473333333333343,7.731333333333334,4.716303580951129,3.954044076166537,6.5411039544520655,-0.5040255521228475,-2.8027729170146407,2.371448917383527
31,3,0.8571428571428571,1.9924301646902063,-3.01,"(0, 1, 0, 0, 1, 1, 1, 0, 0, 1, 1, 0, 0, 0, 0, 0, 0, 0, 0, 0, 1, 1, 0, 1, 1)",5.0,9.0,8.0,11.0,7.286,10.296,10.74,13.372333333333334,0.0,5.30297464294416,5.946086823880275,8.358986167658939,1.0,7.0,1.0,4.0,0.2683935044323104,0.054527980546833416,0.011831952565033388,0.006492034101005201,4.0,3.0,6.0,3.01,3.4540000000000006,6.086333333333334,5.30297464294416,5.946086823880275,8.358986167658939,-4.5685918454717,-4.965308960926069,-4.5281020609790295
31,4,1.1428571428571428,1.9924301646902063,-2.6376666666666666,"(0, 0, 0, 0, 0, 0, 0, 0, 0, 0, 0, 0, 0, 0, 0, 0, 1, 1, 0, 1, 0, 1, 1, 0, 1)",3.0,6.0,5.0,10.0,3.166,7.599666666666667,5.8036666666666665,12.284666666666666,0.0,6.1585795009444855,6.248825518348481,10.822271856491321,2.0,1.0,1.0,5.0,0.21185790423021592,0.1366554785925885,0.13294999664137577,0.003901888927014238,3.0,2.0,7.0,4.433666666666667,2.6376666666666666,9.118666666666666,6.1585795009444855,6.248825518348481,10.822271856491321,-3.436768362476404,-7.194981825578893,-3.394314368929428
31,5,1.4285714285714284,1.9924301646902063,-3.2542029808191018,"(0, 0, 0, 0, 1, 0, 1, 1, 1, 1, 0, 1, 1, 1, 0, 0, 0, 1, 0, 1, 1, 0, 0, 1, 0)",8.0,11.0,10.0,12.0,9.019333333333334,12.370333333333333,12.350333333333333,13.595666666666666,0.0,3.2542029808191018,3.292269466021155,5.357567229456672,18.0,16.0,5.0,15.0,0.20619402160771624,0.10855613292390501,0.005745970600798197,0.019143671930380975,3.0,2.0,4.0,3.350999999999999,3.3309999999999995,4.5763333333333325,3.2542029808191018,3.292269466021155,5.357567229456672,0.19286130086811634,0.07716788419400859,-1.5565539803145967
31,6,1.7142857142857142,1.9924301646902063,-1.2876666666666665,"(0, 0, 0, 0, 0, 1, 1, 0, 1, 0, 0, 0, 1, 0, 0, 0, 1, 1, 0, 1, 1, 1, 1, 1, 1)",7.0,10.0,11.0,13.0,11.296,12.583666666666666,13.590333333333334,15.786666666666667,0.0,2.828044306704809,3.384651811323959,5.31468570468995,2.0,3.0,6.0,14.0,0.15250151517140714,0.009907151071564136,0.0706664948968159,0.03846891638318265,3.0,4.0,6.0,1.2876666666666665,2.2943333333333342,4.490666666666668,2.828044306704809,3.384651811323959,5.31468570468995,-3.069094875026307,-2.1723834246676357,-1.6418003876365934
31,7,2.0,1.9924301646902063,-2.226,"(0, 1, 1, 1, 0, 0, 0, 0, 0, 0, 0, 0, 0, 1, 0, 0, 0, 0, 1, 0, 1, 1, 1, 1, 1)",5.0,8.0,7.0,11.0,5.597333333333333,9.075,7.823333333333333,13.183333333333334,0.0,4.450480189812043,3.8719891605507124,7.257603979787603,3.0,2.0,2.0,11.0,0.07348161764575699,0.11616746693455803,0.14828209777671916,0.020527495671616016,3.0,2.0,6.0,3.477666666666666,2.226,7.586,4.450480189812043,3.8719891605507124,7.257603979787603,-1.9382630081334036,-3.2795184542343505,0.6543061366353958
32,0,0.0,1.9924301646902063,-6.261853797814261,"(0, 0, 0, 0, 0, 0, 0, 0, 1, 1, 0, 0, 0, 0, 0, 1, 0, 0, 0, 0, 0, 0, 0, 1, 0)",4.0,8.0,8.0,10.0,4.349333333333333,11.033,10.716333333333333,11.683666666666667,0.0,6.261853797814261,6.772303336951421,9.311888032034972,3.0,2.0,6.0,5.0,0.23100879199090982,0.07105268226848467,0.0835990323414185,0.017202378315174363,4.0,4.0,6.0,6.683666666666666,6.367,7.334333333333334,6.261853797814261,6.772303336951421,9.311888032034972,0.8404326837560461,-0.8075385943916107,-3.940139634017995
32,1,0.2857142857142857,1.9924301646902063,-4.419354003016994,"(1, 1, 0, 1, 0, 0, 0, 1, 0, 0, 0, 0, 1, 1, 1, 0, 1, 0, 0, 0, 0, 1, 0, 1, 0)",5.0,9.0,9.0,12.0,6.844666666666667,11.606666666666667,11.491666666666667,14.697666666666667,0.0,4.419354003016994,5.583619500697245,7.6015417024390155,1.0,2.0,2.0,13.0,0.3676142049069649,0.006211406606916238,0.12760440972360654,0.01787050216241919,4.0,4.0,7.0,4.7620000000000005,4.647,7.853,4.419354003016994,5.583619500697245,7.6015417024390155,0.6826982201992915,-1.8661489460262703,0.5010130972221507
32,2,0.5714285714285714,1.9924301646902063,-3.158333333333333,"(1, 1, 1, 0, 0, 1, 1, 0, 0, 1, 0, 0, 0, 1, 1, 0, 0, 0, 0, 0, 1, 0, 1, 0, 0)",5.0,10.0,8.0,12.0,6.532,11.249333333333333,9.690333333333333,14.930333333333333,0.0,6.8549891887860674,4.64034771545055,8.495788636577862,1.0,17.0,1.0,14.0,0.3019288218796315,0.09276736827206207,0.013797516351263932,0.015962086217954932,5.0,3.0,7.0,4.7173333333333325,3.158333333333333,8.398333333333333,6.8549891887860674,4.64034771545055,8.495788636577862,-4.259130008130676,-2.9528101594350598,-0.19417288589342938
32,3,0.8571428571428571,1.9924301646902063,-3.01,"(0, 1, 0, 0, 1, 1, 1, 0, 0, 1, 1, 0, 0, 0, 0, 0, 0, 0, 0, 0, 1, 1, 0, 1, 1)",5.0,9.0,8.0,11.0,7.286,10.296,10.74,13.372333333333334,0.0,5.30297464294416,5.946086823880275,8.358986167658939,1.0,7.0,1.0,4.0,0.2683935044323104,0.054527980546833416,0.011831952565033388,0.006492034101005201,4.0,3.0,6.0,3.01,3.4540000000000006,6.086333333333334,5.30297464294416,5.946086823880275,8.358986167658939,-4.5685918454717,-4.965308960926069,-4.5281020609790295
32,4,1.1428571428571428,1.9924301646902063,-2.6376666666666666,"(0, 0, 0, 0, 0, 0, 0, 0, 0, 0, 0, 0, 0, 0, 0, 0, 1, 1, 0, 1, 0, 1, 1, 0, 1)",3.0,6.0,5.0,10.0,3.166,7.599666666666667,5.8036666666666665,12.284666666666666,0.0,6.1585795009444855,6.248825518348481,10.822271856491321,2.0,1.0,1.0,5.0,0.21185790423021592,0.1366554785925885,0.13294999664137577,0.003901888927014238,3.0,2.0,7.0,4.433666666666667,2.6376666666666666,9.118666666666666,6.1585795009444855,6.248825518348481,10.822271856491321,-3.436768362476404,-7.194981825578893,-3.394314368929428
32,5,1.4285714285714284,1.9924301646902063,-3.2542029808191018,"(0, 0, 0, 0, 1, 0, 1, 1, 1, 1, 0, 1, 1, 1, 0, 0, 0, 1, 0, 1, 1, 0, 0, 1, 0)",8.0,11.0,10.0,12.0,9.019333333333334,12.370333333333333,12.350333333333333,13.595666666666666,0.0,3.2542029808191018,3.292269466021155,5.357567229456672,18.0,16.0,5.0,15.0,0.20619402160771624,0.10855613292390501,0.005745970600798197,0.019143671930380975,3.0,2.0,4.0,3.350999999999999,3.3309999999999995,4.5763333333333325,3.2542029808191018,3.292269466021155,5.357567229456672,0.19286130086811634,0.07716788419400859,-1.5565539803145967
32,6,1.7142857142857142,1.9924301646902063,-1.2876666666666665,"(0, 0, 0, 0, 0, 1, 1, 0, 1, 0, 0, 0, 1, 0, 0, 0, 1, 1, 0, 1, 1, 1, 1, 1, 1)",7.0,10.0,11.0,13.0,11.296,12.583666666666666,13.590333333333334,15.786666666666667,0.0,2.828044306704809,3.384651811323959,5.31468570468995,2.0,3.0,6.0,14.0,0.15250151517140714,0.009907151071564136,0.0706664948968159,0.03846891638318265,3.0,4.0,6.0,1.2876666666666665,2.2943333333333342,4.490666666666668,2.828044306704809,3.384651811323959,5.31468570468995,-3.069094875026307,-2.1723834246676357,-1.6418003876365934
32,7,2.0,1.9924301646902063,-2.226,"(0, 1, 1, 1, 0, 0, 0, 0, 0, 0, 0, 0, 0, 1, 0, 0, 0, 0, 1, 0, 1, 1, 1, 1, 1)",5.0,8.0,7.0,11.0,5.597333333333333,9.075,7.823333333333333,13.183333333333334,0.0,4.450480189812043,3.8719891605507124,7.257603979787603,3.0,2.0,2.0,11.0,0.07348161764575699,0.11616746693455803,0.14828209777671916,0.020527495671616016,3.0,2.0,6.0,3.477666666666666,2.226,7.586,4.450480189812043,3.8719891605507124,7.257603979787603,-1.9382630081334036,-3.2795184542343505,0.6543061366353958
33,0,0.0,1.9924301646902063,-6.261853797814261,"(0, 0, 0, 0, 0, 0, 0, 0, 1, 1, 0, 0, 0, 0, 0, 1, 0, 0, 0, 0, 0, 0, 0, 1, 0)",4.0,8.0,8.0,10.0,4.349333333333333,11.033,10.716333333333333,11.683666666666667,0.0,6.261853797814261,6.772303336951421,9.311888032034972,3.0,2.0,6.0,5.0,0.23100879199090982,0.07105268226848467,0.0835990323414185,0.017202378315174363,4.0,4.0,6.0,6.683666666666666,6.367,7.334333333333334,6.261853797814261,6.772303336951421,9.311888032034972,0.8404326837560461,-0.8075385943916107,-3.940139634017995
33,1,0.2857142857142857,1.9924301646902063,-4.419354003016994,"(1, 1, 0, 1, 0, 0, 0, 1, 0, 0, 0, 0, 1, 1, 1, 0, 1, 0, 0, 0, 0, 1, 0, 1, 0)",5.0,9.0,9.0,12.0,6.844666666666667,11.606666666666667,11.491666666666667,14.697666666666667,0.0,4.419354003016994,5.583619500697245,7.6015417024390155,1.0,2.0,2.0,13.0,0.3676142049069649,0.006211406606916238,0.12760440972360654,0.01787050216241919,4.0,4.0,7.0,4.7620000000000005,4.647,7.853,4.419354003016994,5.583619500697245,7.6015417024390155,0.6826982201992915,-1.8661489460262703,0.5010130972221507
33,2,0.5714285714285714,1.9924301646902063,-3.158333333333333,"(1, 1, 1, 0, 0, 1, 1, 0, 0, 1, 0, 0, 0, 1, 1, 0, 0, 0, 0, 0, 1, 0, 1, 0, 0)",5.0,10.0,8.0,12.0,6.532,11.249333333333333,9.690333333333333,14.930333333333333,0.0,6.8549891887860674,4.64034771545055,8.495788636577862,1.0,17.0,1.0,14.0,0.3019288218796315,0.09276736827206207,0.013797516351263932,0.015962086217954932,5.0,3.0,7.0,4.7173333333333325,3.158333333333333,8.398333333333333,6.8549891887860674,4.64034771545055,8.495788636577862,-4.259130008130676,-2.9528101594350598,-0.19417288589342938
33,3,0.8571428571428571,1.9924301646902063,-3.01,"(0, 1, 0, 0, 1, 1, 1, 0, 0, 1, 1, 0, 0, 0, 0, 0, 0, 0, 0, 0, 1, 1, 0, 1, 1)",5.0,9.0,8.0,11.0,7.286,10.296,10.74,13.372333333333334,0.0,5.30297464294416,5.946086823880275,8.358986167658939,1.0,7.0,1.0,4.0,0.2683935044323104,0.054527980546833416,0.011831952565033388,0.006492034101005201,4.0,3.0,6.0,3.01,3.4540000000000006,6.086333333333334,5.30297464294416,5.946086823880275,8.358986167658939,-4.5685918454717,-4.965308960926069,-4.5281020609790295
33,4,1.1428571428571428,1.9924301646902063,-2.6376666666666666,"(0, 0, 0, 0, 0, 0, 0, 0, 0, 0, 0, 0, 0, 0, 0, 0, 1, 1, 0, 1, 0, 1, 1, 0, 1)",3.0,6.0,5.0,10.0,3.166,7.599666666666667,5.8036666666666665,12.284666666666666,0.0,6.1585795009444855,6.248825518348481,10.822271856491321,2.0,1.0,1.0,5.0,0.21185790423021592,0.1366554785925885,0.13294999664137577,0.003901888927014238,3.0,2.0,7.0,4.433666666666667,2.6376666666666666,9.118666666666666,6.1585795009444855,6.248825518348481,10.822271856491321,-3.436768362476404,-7.194981825578893,-3.394314368929428
33,5,1.4285714285714284,1.9924301646902063,-3.2542029808191018,"(0, 0, 0, 0, 1, 0, 1, 1, 1, 1, 0, 1, 1, 1, 0, 0, 0, 1, 0, 1, 1, 0, 0, 1, 0)",8.0,11.0,10.0,12.0,9.019333333333334,12.370333333333333,12.350333333333333,13.595666666666666,0.0,3.2542029808191018,3.292269466021155,5.357567229456672,18.0,16.0,5.0,15.0,0.20619402160771624,0.10855613292390501,0.005745970600798197,0.019143671930380975,3.0,2.0,4.0,3.350999999999999,3.3309999999999995,4.5763333333333325,3.2542029808191018,3.292269466021155,5.357567229456672,0.19286130086811634,0.07716788419400859,-1.5565539803145967
33,6,1.7142857142857142,1.9924301646902063,-1.2876666666666665,"(0, 0, 0, 0, 0, 1, 1, 0, 1, 0, 0, 0, 1, 0, 0, 0, 1, 1, 0, 1, 1, 1, 1, 1, 1)",7.0,10.0,11.0,13.0,11.296,12.583666666666666,13.590333333333334,15.786666666666667,0.0,2.828044306704809,3.384651811323959,5.31468570468995,2.0,3.0,6.0,14.0,0.15250151517140714,0.009907151071564136,0.0706664948968159,0.03846891638318265,3.0,4.0,6.0,1.2876666666666665,2.2943333333333342,4.490666666666668,2.828044306704809,3.384651811323959,5.31468570468995,-3.069094875026307,-2.1723834246676357,-1.6418003876365934
33,7,2.0,1.9924301646902063,-1.1996666666666664,"(0, 1, 1, 1, 0, 0, 1, 0, 0, 0, 0, 1, 0, 1, 0, 0, 0, 0, 1, 0, 1, 1, 1, 1, 1)",6.0,9.0,8.0,13.0,7.527,12.022333333333334,8.726666666666667,15.337,0.0,4.198814121898728,3.8250895682851977,7.108957620445245,3.0,2.0,2.0,21.0,0.15673399426440854,0.026748359496133533,0.14245995610540618,0.0033335479982406742,3.0,2.0,7.0,4.495333333333334,1.1996666666666664,7.81,4.198814121898728,3.8250895682851977,7.108957620445245,0.5907938212724617,-5.230971784253249,1.3967779837510945
34,0,0.0,1.9924301646902063,-6.261853797814261,"(0, 0, 0, 0, 0, 0, 0, 0, 1, 1, 0, 0, 0, 0, 0, 1, 0, 0, 0, 0, 0, 0, 0, 1, 0)",4.0,8.0,8.0,10.0,4.349333333333333,11.033,10.716333333333333,11.683666666666667,0.0,6.261853797814261,6.772303336951421,9.311888032034972,3.0,2.0,6.0,5.0,0.23100879199090982,0.07105268226848467,0.0835990323414185,0.017202378315174363,4.0,4.0,6.0,6.683666666666666,6.367,7.334333333333334,6.261853797814261,6.772303336951421,9.311888032034972,0.8404326837560461,-0.8075385943916107,-3.940139634017995
34,1,0.2857142857142857,1.9924301646902063,-4.419354003016994,"(1, 1, 0, 1, 0, 0, 0, 1, 0, 0, 0, 0, 1, 1, 1, 0, 1, 0, 0, 0, 0, 1, 0, 1, 0)",5.0,9.0,9.0,12.0,6.844666666666667,11.606666666666667,11.491666666666667,14.697666666666667,0.0,4.419354003016994,5.583619500697245,7.6015417024390155,1.0,2.0,2.0,13.0,0.3676142049069649,0.006211406606916238,0.12760440972360654,0.01787050216241919,4.0,4.0,7.0,4.7620000000000005,4.647,7.853,4.419354003016994,5.583619500697245,7.6015417024390155,0.6826982201992915,-1.8661489460262703,0.5010130972221507
34,2,0.5714285714285714,1.9924301646902063,-3.158333333333333,"(1, 1, 1, 0, 0, 1, 1, 0, 0, 1, 0, 0, 0, 1, 1, 0, 0, 0, 0, 0, 1, 0, 1, 0, 0)",5.0,10.0,8.0,12.0,6.532,11.249333333333333,9.690333333333333,14.930333333333333,0.0,6.8549891887860674,4.64034771545055,8.495788636577862,1.0,17.0,1.0,14.0,0.3019288218796315,0.09276736827206207,0.013797516351263932,0.015962086217954932,5.0,3.0,7.0,4.7173333333333325,3.158333333333333,8.398333333333333,6.8549891887860674,4.64034771545055,8.495788636577862,-4.259130008130676,-2.9528101594350598,-0.19417288589342938
34,3,0.8571428571428571,1.9924301646902063,-3.0740000000000007,"(0, 1, 0, 0, 1, 0, 0, 0, 0, 1, 1, 0, 0, 0, 0, 0, 0, 0, 0, 0, 1, 1, 0, 1, 1)",5.0,10.0,9.0,12.0,6.621333333333333,11.799666666666667,9.695333333333334,14.287666666666667,0.0,4.985768691669008,5.554363984445711,8.11144885780912,1.0,25.0,6.0,10.0,0.059324697081037096,0.006580356714731605,0.06344719211883984,0.01601165421220672,5.0,4.0,7.0,5.178333333333334,3.0740000000000007,7.666333333333333,4.985768691669008,5.554363984445711,8.11144885780912,0.38367160070476375,-4.941952022020823,-0.8868615977374611
34,4,1.1428571428571428,1.9924301646902063,-2.6376666666666666,"(0, 0, 0, 0, 0, 0, 0, 0, 0, 0, 0, 0, 0, 0, 0, 0, 1, 1, 0, 1, 0, 1, 1, 0, 1)",3.0,6.0,5.0,10.0,3.166,7.599666666666667,5.8036666666666665,12.284666666666666,0.0,6.1585795009444855,6.248825518348481,10.822271856491321,2.0,1.0,1.0,5.0,0.21185790423021592,0.1366554785925885,0.13294999664137577,0.003901888927014238,3.0,2.0,7.0,4.433666666666667,2.6376666666666666,9.118666666666666,6.1585795009444855,6.248825518348481,10.822271856491321,-3.436768362476404,-7.194981825578893,-3.394314368929428
34,5,1.4285714285714284,1.9924301646902063,-3.2542029808191018,"(0, 0, 0, 0, 1, 0, 1, 1, 1, 1, 0, 1, 1, 1, 0, 0, 0, 1, 0, 1, 1, 0, 0, 1, 0)",8.0,11.0,10.0,12.0,9.019333333333334,12.370333333333333,12.350333333333333,13.595666666666666,0.0,3.2542029808191018,3.292269466021155,5.357567229456672,18.0,16.0,5.0,15.0,0.20619402160771624,0.10855613292390501,0.005745970600798197,0.019143671930380975,3.0,2.0,4.0,3.350999999999999,3.3309999999999995,4.5763333333333325,3.2542029808191018,3.292269466021155,5.357567229456672,0.19286130086811634,0.07716788419400859,-1.5565539803145967
34,6,1.7142857142857142,1.9924301646902063,-1.2876666666666665,"(0, 0, 0, 0, 0, 1, 1, 0, 1, 0, 0, 0, 1, 0, 0, 0, 1, 1, 0, 1, 1, 1, 1, 1, 1)",7.0,10.0,11.0,13.0,11.296,12.583666666666666,13.590333333333334,15.786666666666667,0.0,2.828044306704809,3.384651811323959,5.31468570468995,2.0,3.0,6.0,14.0,0.15250151517140714,0.009907151071564136,0.0706664948968159,0.03846891638318265,3.0,4.0,6.0,1.2876666666666665,2.2943333333333342,4.490666666666668,2.828044306704809,3.384651811323959,5.31468570468995,-3.069094875026307,-2.1723834246676357,-1.6418003876365934
34,7,2.0,1.9924301646902063,-1.1996666666666664,"(0, 1, 1, 1, 0, 0, 1, 0, 0, 0, 0, 1, 0, 1, 0, 0, 0, 0, 1, 0, 1, 1, 1, 1, 1)",6.0,9.0,8.0,13.0,7.527,12.022333333333334,8.726666666666667,15.337,0.0,4.198814121898728,3.8250895682851977,7.108957620445245,3.0,2.0,2.0,21.0,0.15673399426440854,0.026748359496133533,0.14245995610540618,0.0033335479982406742,3.0,2.0,7.0,4.495333333333334,1.1996666666666664,7.81,4.198814121898728,3.8250895682851977,7.108957620445245,0.5907938212724617,-5.230971784253249,1.3967779837510945
35,0,0.0,1.9924301646902063,-6.261853797814261,"(0, 0, 0, 0, 0, 0, 0, 0, 1, 1, 0, 0, 0, 0, 0, 1, 0, 0, 0, 0, 0, 0, 0, 1, 0)",4.0,8.0,8.0,10.0,4.349333333333333,11.033,10.716333333333333,11.683666666666667,0.0,6.261853797814261,6.772303336951421,9.311888032034972,3.0,2.0,6.0,5.0,0.23100879199090982,0.07105268226848467,0.0835990323414185,0.017202378315174363,4.0,4.0,6.0,6.683666666666666,6.367,7.334333333333334,6.261853797814261,6.772303336951421,9.311888032034972,0.8404326837560461,-0.8075385943916107,-3.940139634017995
35,1,0.2857142857142857,1.9924301646902063,-4.419354003016994,"(1, 1, 0, 1, 0, 0, 0, 1, 0, 0, 0, 0, 1, 1, 1, 0, 1, 0, 0, 0, 0, 1, 0, 1, 0)",5.0,9.0,9.0,12.0,6.844666666666667,11.606666666666667,11.491666666666667,14.697666666666667,0.0,4.419354003016994,5.583619500697245,7.6015417024390155,1.0,2.0,2.0,13.0,0.3676142049069649,0.006211406606916238,0.12760440972360654,0.01787050216241919,4.0,4.0,7.0,4.7620000000000005,4.647,7.853,4.419354003016994,5.583619500697245,7.6015417024390155,0.6826982201992915,-1.8661489460262703,0.5010130972221507
35,2,0.5714285714285714,1.9924301646902063,-3.158333333333333,"(1, 1, 1, 0, 0, 1, 1, 0, 0, 1, 0, 0, 0, 1, 1, 0, 0, 0, 0, 0, 1, 0, 1, 0, 0)",5.0,10.0,8.0,12.0,6.532,11.249333333333333,9.690333333333333,14.930333333333333,0.0,6.8549891887860674,4.64034771545055,8.495788636577862,1.0,17.0,1.0,14.0,0.3019288218796315,0.09276736827206207,0.013797516351263932,0.015962086217954932,5.0,3.0,7.0,4.7173333333333325,3.158333333333333,8.398333333333333,6.8549891887860674,4.64034771545055,8.495788636577862,-4.259130008130676,-2.9528101594350598,-0.19417288589342938
35,3,0.8571428571428571,1.9924301646902063,-3.0740000000000007,"(0, 1, 0, 0, 1, 0, 0, 0, 0, 1, 1, 0, 0, 0, 0, 0, 0, 0, 0, 0, 1, 1, 0, 1, 1)",5.0,10.0,9.0,12.0,6.621333333333333,11.799666666666667,9.695333333333334,14.287666666666667,0.0,4.985768691669008,5.554363984445711,8.11144885780912,1.0,25.0,6.0,10.0,0.059324697081037096,0.006580356714731605,0.06344719211883984,0.01601165421220672,5.0,4.0,7.0,5.178333333333334,3.0740000000000007,7.666333333333333,4.985768691669008,5.554363984445711,8.11144885780912,0.38367160070476375,-4.941952022020823,-0.8868615977374611
35,4,1.1428571428571428,1.9924301646902063,-2.6376666666666666,"(0, 0, 0, 0, 0, 0, 0, 0, 0, 0, 0, 0, 0, 0, 0, 0, 1, 1, 0, 1, 0, 1, 1, 0, 1)",3.0,6.0,5.0,10.0,3.166,7.599666666666667,5.8036666666666665,12.284666666666666,0.0,6.1585795009444855,6.248825518348481,10.822271856491321,2.0,1.0,1.0,5.0,0.21185790423021592,0.1366554785925885,0.13294999664137577,0.003901888927014238,3.0,2.0,7.0,4.433666666666667,2.6376666666666666,9.118666666666666,6.1585795009444855,6.248825518348481,10.822271856491321,-3.436768362476404,-7.194981825578893,-3.394314368929428
35,5,1.4285714285714284,1.9924301646902063,-2.184333333333333,"(1, 0, 0, 0, 1, 0, 1, 1, 1, 1, 0, 1, 1, 1, 0, 0, 0, 1, 0, 1, 0, 0, 0, 1, 0)",8.0,10.0,9.0,12.0,8.885333333333334,12.684,11.069666666666667,14.842666666666666,0.0,3.5290697910945865,3.550942246680296,5.503767327319051,29.0,2.0,2.0,1.0,0.10076273315470169,0.07861185944349781,0.10260057923563809,0.025346372030654245,2.0,1.0,4.0,3.7986666666666657,2.184333333333333,5.957333333333333,3.5290697910945865,3.550942246680296,5.503767327319051,0.5371529471960429,-2.722872822286993,0.9036985920609147
35,6,1.7142857142857142,1.9924301646902063,-1.2876666666666665,"(0, 0, 0, 0, 0, 1, 1, 0, 1, 0, 0, 0, 1, 0, 0, 0, 1, 1, 0, 1, 1, 1, 1, 1, 1)",7.0,10.0,11.0,13.0,11.296,12.583666666666666,13.590333333333334,15.786666666666667,0.0,2.828044306704809,3.384651811323959,5.31468570468995,2.0,3.0,6.0,14.0,0.15250151517140714,0.009907151071564136,0.0706664948968159,0.03846891638318265,3.0,4.0,6.0,1.2876666666666665,2.2943333333333342,4.490666666666668,2.828044306704809,3.384651811323959,5.31468570468995,-3.069094875026307,-2.1723834246676357,-1.6418003876365934
35,7,2.0,1.9924301646902063,-1.1996666666666664,"(0, 1, 1, 1, 0, 0, 1, 0, 0, 0, 0, 1, 0, 1, 0, 0, 0, 0, 1, 0, 1, 1, 1, 1, 1)",6.0,9.0,8.0,13.0,7.527,12.022333333333334,8.726666666666667,15.337,0.0,4.198814121898728,3.8250895682851977,7.108957620445245,3.0,2.0,2.0,21.0,0.15673399426440854,0.026748359496133533,0.14245995610540618,0.0033335479982406742,3.0,2.0,7.0,4.495333333333334,1.1996666666666664,7.81,4.198814121898728,3.8250895682851977,7.108957620445245,0.5907938212724617,-5.230971784253249,1.3967779837510945
36,0,0.0,1.9924301646902063,-6.261853797814261,"(0, 0, 0, 0, 0, 0, 0, 0, 1, 1, 0, 0, 0, 0, 0, 1, 0, 0, 0, 0, 0, 0, 0, 1, 0)",4.0,8.0,8.0,10.0,4.349333333333333,11.033,10.716333333333333,11.683666666666667,0.0,6.261853797814261,6.772303336951421,9.311888032034972,3.0,2.0,6.0,5.0,0.23100879199090982,0.07105268226848467,0.0835990323414185,0.017202378315174363,4.0,4.0,6.0,6.683666666666666,6.367,7.334333333333334,6.261853797814261,6.772303336951421,9.311888032034972,0.8404326837560461,-0.8075385943916107,-3.940139634017995
36,1,0.2857142857142857,1.9924301646902063,-1.724333333333334,"(1, 1, 0, 1, 0, 0, 0, 1, 1, 1, 0, 0, 1, 1, 1, 0, 1, 0, 0, 0, 0, 1, 0, 1, 0)",6.0,10.0,8.0,12.0,7.109,12.337666666666667,8.833333333333334,14.336333333333334,0.0,7.0149813310106905,6.3759868390816,8.867664657760818,3.0,6.0,1.0,13.0,0.217343713457418,0.09803735763906014,0.10533064101886667,0.05045638752767918,4.0,2.0,6.0,5.228666666666667,1.724333333333334,7.227333333333334,7.0149813310106905,6.3759868390816,8.867664657760818,-3.5591072208674928,-9.268094760539793,-3.2682456108755558
36,2,0.5714285714285714,1.9924301646902063,-3.158333333333333,"(1, 1, 1, 0, 0, 1, 1, 0, 0, 1, 0, 0, 0, 1, 1, 0, 0, 0, 0, 0, 1, 0, 1, 0, 0)",5.0,10.0,8.0,12.0,6.532,11.249333333333333,9.690333333333333,14.930333333333333,0.0,6.8549891887860674,4.64034771545055,8.495788636577862,1.0,17.0,1.0,14.0,0.3019288218796315,0.09276736827206207,0.013797516351263932,0.015962086217954932,5.0,3.0,7.0,4.7173333333333325,3.158333333333333,8.398333333333333,6.8549891887860674,4.64034771545055,8.495788636577862,-4.259130008130676,-2.9528101594350598,-0.19417288589342938
36,3,0.8571428571428571,1.9924301646902063,-2.8049999999999997,"(0, 1, 0, 0, 1, 0, 1, 0, 0, 1, 1, 1, 0, 0, 0, 0, 0, 0, 0, 0, 1, 1, 0, 1, 1)",5.0,8.0,8.0,11.0,6.252666666666666,9.057666666666666,12.024333333333333,14.786666666666667,0.0,5.7640340521099445,6.15180523838454,8.176667738533315,1.0,3.0,1.0,3.0,0.48868293936502355,0.0055402943886477644,0.015663466727726248,0.000878666661036653,3.0,3.0,6.0,2.8049999999999997,5.7716666666666665,8.534,5.7640340521099445,6.15180523838454,8.176667738533315,-5.895668703769346,-0.7573995570529426,0.7119595765631932
36,4,1.1428571428571428,1.9924301646902063,-4.479666666666667,"(0, 0, 0, 0, 0, 0, 0, 0, 0, 0, 0, 0, 0, 0, 0, 0, 1, 0, 0, 1, 0, 1, 0, 0, 1)",2.0,7.0,5.0,10.0,2.7136666666666667,9.313666666666666,7.193333333333333,11.275,0.0,6.9605105041193545,5.268439186756194,10.728539086299117,1.0,7.0,1.0,33.0,0.24031120569896575,0.07229268486814813,0.11385418019416609,0.0046636908762314275,5.0,3.0,8.0,6.6,4.479666666666667,8.561333333333334,6.9605105041193545,5.268439186756194,10.728539086299117,-0.7182920030950753,-1.5715741621050867,-4.318006115299178
36,5,1.4285714285714284,1.9924301646902063,-2.184333333333333,"(1, 0, 0, 0, 1, 0, 1, 1, 1, 1, 0, 1, 1, 1, 0, 0, 0, 1, 0, 1, 0, 0, 0, 1, 0)",8.0,10.0,9.0,12.0,8.885333333333334,12.684,11.069666666666667,14.842666666666666,0.0,3.5290697910945865,3.550942246680296,5.503767327319051,29.0,2.0,2.0,1.0,0.10076273315470169,0.07861185944349781,0.10260057923563809,0.025346372030654245,2.0,1.0,4.0,3.7986666666666657,2.184333333333333,5.957333333333333,3.5290697910945865,3.550942246680296,5.503767327319051,0.5371529471960429,-2.722872822286993,0.9036985920609147
36,6,1.7142857142857142,1.9924301646902063,-1.2876666666666665,"(0, 0, 0, 0, 0, 1, 1, 0, 1, 0, 0, 0, 1, 0, 0, 0, 1, 1, 0, 1, 1, 1, 1, 1, 1)",7.0,10.0,11.0,13.0,11.296,12.583666666666666,13.590333333333334,15.786666666666667,0.0,2.828044306704809,3.384651811323959,5.31468570468995,2.0,3.0,6.0,14.0,0.15250151517140714,0.009907151071564136,0.0706664948968159,0.03846891638318265,3.0,4.0,6.0,1.2876666666666665,2.2943333333333342,4.490666666666668,2.828044306704809,3.384651811323959,5.31468570468995,-3.069094875026307,-2.1723834246676357,-1.6418003876365934
36,7,2.0,1.9924301646902063,-1.1996666666666664,"(0, 1, 1, 1, 0, 0, 1, 0, 0, 0, 0, 1, 0, 1, 0, 0, 0, 0, 1, 0, 1, 1, 1, 1, 1)",6.0,9.0,8.0,13.0,7.527,12.022333333333334,8.726666666666667,15.337,0.0,4.198814121898728,3.8250895682851977,7.108957620445245,3.0,2.0,2.0,21.0,0.15673399426440854,0.026748359496133533,0.14245995610540618,0.0033335479982406742,3.0,2.0,7.0,4.495333333333334,1.1996666666666664,7.81,4.198814121898728,3.8250895682851977,7.108957620445245,0.5907938212724617,-5.230971784253249,1.3967779837510945
37,0,0.0,1.9924301646902063,-6.261853797814261,"(0, 0, 0, 0, 0, 0, 0, 0, 1, 1, 0, 0, 0, 0, 0, 1, 0, 0, 0, 0, 0, 0, 0, 1, 0)",4.0,8.0,8.0,10.0,4.349333333333333,11.033,10.716333333333333,11.683666666666667,0.0,6.261853797814261,6.772303336951421,9.311888032034972,3.0,2.0,6.0,5.0,0.23100879199090982,0.07105268226848467,0.0835990323414185,0.017202378315174363,4.0,4.0,6.0,6.683666666666666,6.367,7.334333333333334,6.261853797814261,6.772303336951421,9.311888032034972,0.8404326837560461,-0.8075385943916107,-3.940139634017995
37,1,0.2857142857142857,1.9924301646902063,-1.724333333333334,"(1, 1, 0, 1, 0, 0, 0, 1, 1, 1, 0, 0, 1, 1, 1, 0, 1, 0, 0, 0, 0, 1, 0, 1, 0)",6.0,10.0,8.0,12.0,7.109,12.337666666666667,8.833333333333334,14.336333333333334,0.0,7.0149813310106905,6.3759868390816,8.867664657760818,3.0,6.0,1.0,13.0,0.217343713457418,0.09803735763906014,0.10533064101886667,0.05045638752767918,4.0,2.0,6.0,5.228666666666667,1.724333333333334,7.227333333333334,7.0149813310106905,6.3759868390816,8.867664657760818,-3.5591072208674928,-9.268094760539793,-3.2682456108755558
37,2,0.5714285714285714,1.9924301646902063,-3.158333333333333,"(1, 1, 1, 0, 0, 1, 1, 0, 0, 1, 0, 0, 0, 1, 1, 0, 0, 0, 0, 0, 1, 0, 1, 0, 0)",5.0,10.0,8.0,12.0,6.532,11.249333333333333,9.690333333333333,14.930333333333333,0.0,6.8549891887860674,4.64034771545055,8.495788636577862,1.0,17.0,1.0,14.0,0.3019288218796315,0.09276736827206207,0.013797516351263932,0.015962086217954932,5.0,3.0,7.0,4.7173333333333325,3.158333333333333,8.398333333333333,6.8549891887860674,4.64034771545055,8.495788636577862,-4.259130008130676,-2.9528101594350598,-0.19417288589342938
37,3,0.8571428571428571,1.9924301646902063,-2.8049999999999997,"(0, 1, 0, 0, 1, 0, 1, 0, 0, 1, 1, 1, 0, 0, 0, 0, 0, 0, 0, 0, 1, 1, 0, 1, 1)",5.0,8.0,8.0,11.0,6.252666666666666,9.057666666666666,12.024333333333333,14.786666666666667,0.0,5.7640340521099445,6.15180523838454,8.176667738533315,1.0,3.0,1.0,3.0,0.48868293936502355,0.0055402943886477644,0.015663466727726248,0.000878666661036653,3.0,3.0,6.0,2.8049999999999997,5.7716666666666665,8.534,5.7640340521099445,6.15180523838454,8.176667738533315,-5.895668703769346,-0.7573995570529426,0.7119595765631932
37,4,1.1428571428571428,1.9924301646902063,-4.479666666666667,"(0, 0, 0, 0, 0, 0, 0, 0, 0, 0, 0, 0, 0, 0, 0, 0, 1, 0, 0, 1, 0, 1, 0, 0, 1)",2.0,7.0,5.0,10.0,2.7136666666666667,9.313666666666666,7.193333333333333,11.275,0.0,6.9605105041193545,5.268439186756194,10.728539086299117,1.0,7.0,1.0,33.0,0.24031120569896575,0.07229268486814813,0.11385418019416609,0.0046636908762314275,5.0,3.0,8.0,6.6,4.479666666666667,8.561333333333334,6.9605105041193545,5.268439186756194,10.728539086299117,-0.7182920030950753,-1.5715741621050867,-4.318006115299178
37,5,1.4285714285714284,1.9924301646902063,-2.184333333333333,"(1, 0, 0, 0, 1, 0, 1, 1, 1, 1, 0, 1, 1, 1, 0, 0, 0, 1, 0, 1, 0, 0, 0, 1, 0)",8.0,10.0,9.0,12.0,8.885333333333334,12.684,11.069666666666667,14.842666666666666,0.0,3.5290697910945865,3.550942246680296,5.503767327319051,29.0,2.0,2.0,1.0,0.10076273315470169,0.07861185944349781,0.10260057923563809,0.025346372030654245,2.0,1.0,4.0,3.7986666666666657,2.184333333333333,5.957333333333333,3.5290697910945865,3.550942246680296,5.503767327319051,0.5371529471960429,-2.722872822286993,0.9036985920609147
37,6,1.7142857142857142,1.9924301646902063,-1.2876666666666665,"(0, 0, 0, 0, 0, 1, 1, 0, 1, 0, 0, 0, 1, 0, 0, 0, 1, 1, 0, 1, 1, 1, 1, 1, 1)",7.0,10.0,11.0,13.0,11.296,12.583666666666666,13.590333333333334,15.786666666666667,0.0,2.828044306704809,3.384651811323959,5.31468570468995,2.0,3.0,6.0,14.0,0.15250151517140714,0.009907151071564136,0.0706664948968159,0.03846891638318265,3.0,4.0,6.0,1.2876666666666665,2.2943333333333342,4.490666666666668,2.828044306704809,3.384651811323959,5.31468570468995,-3.069094875026307,-2.1723834246676357,-1.6418003876365934
37,7,2.0,1.9924301646902063,-1.1996666666666664,"(0, 1, 1, 1, 0, 0, 1, 0, 0, 0, 0, 1, 0, 1, 0, 0, 0, 0, 1, 0, 1, 1, 1, 1, 1)",6.0,9.0,8.0,13.0,7.527,12.022333333333334,8.726666666666667,15.337,0.0,4.198814121898728,3.8250895682851977,7.108957620445245,3.0,2.0,2.0,21.0,0.15673399426440854,0.026748359496133533,0.14245995610540618,0.0033335479982406742,3.0,2.0,7.0,4.495333333333334,1.1996666666666664,7.81,4.198814121898728,3.8250895682851977,7.108957620445245,0.5907938212724617,-5.230971784253249,1.3967779837510945
38,0,0.0,1.9924301646902063,-5.595333333333333,"(0, 0, 0, 0, 0, 0, 0, 0, 1, 1, 0, 0, 0, 0, 0, 0, 0, 0, 0, 1, 0, 0, 0, 1, 0)",3.0,6.0,7.0,10.0,3.1193333333333335,8.714666666666666,10.536333333333333,13.664,0.0,6.170478736650276,6.6763014101827665,10.485064120173975,2.0,2.0,2.0,7.0,0.12905537306991544,0.07740799375800145,0.1298664884975847,0.007542615998360811,3.0,4.0,7.0,5.595333333333333,7.417,10.544666666666666,6.170478736650276,6.6763014101827665,10.485064120173975,-1.1459370506515927,1.4757902132953538,0.11875391152438808
38,1,0.2857142857142857,1.9924301646902063,-1.724333333333334,"(1, 1, 0, 1, 0, 0, 0, 1, 1, 1, 0, 0, 1, 1, 1, 0, 1, 0, 0, 0, 0, 1, 0, 1, 0)",6.0,10.0,8.0,12.0,7.109,12.337666666666667,8.833333333333334,14.336333333333334,0.0,7.0149813310106905,6.3759868390816,8.867664657760818,3.0,6.0,1.0,13.0,0.217343713457418,0.09803735763906014,0.10533064101886667,0.05045638752767918,4.0,2.0,6.0,5.228666666666667,1.724333333333334,7.227333333333334,7.0149813310106905,6.3759868390816,8.867664657760818,-3.5591072208674928,-9.268094760539793,-3.2682456108755558
38,2,0.5714285714285714,1.9924301646902063,-3.158333333333333,"(1, 1, 1, 0, 0, 1, 1, 0, 0, 1, 0, 0, 0, 1, 1, 0, 0, 0, 0, 0, 1, 0, 1, 0, 0)",5.0,10.0,8.0,12.0,6.532,11.249333333333333,9.690333333333333,14.930333333333333,0.0,6.8549891887860674,4.64034771545055,8.495788636577862,1.0,17.0,1.0,14.0,0.3019288218796315,0.09276736827206207,0.013797516351263932,0.015962086217954932,5.0,3.0,7.0,4.7173333333333325,3.158333333333333,8.398333333333333,6.8549891887860674,4.64034771545055,8.495788636577862,-4.259130008130676,-2.9528101594350598,-0.19417288589342938
38,3,0.8571428571428571,1.9924301646902063,-2.8049999999999997,"(0, 1, 0, 0, 1, 0, 1, 0, 0, 1, 1, 1, 0, 0, 0, 0, 0, 0, 0, 0, 1, 1, 0, 1, 1)",5.0,8.0,8.0,11.0,6.252666666666666,9.057666666666666,12.024333333333333,14.786666666666667,0.0,5.7640340521099445,6.15180523838454,8.176667738533315,1.0,3.0,1.0,3.0,0.48868293936502355,0.0055402943886477644,0.015663466727726248,0.000878666661036653,3.0,3.0,6.0,2.8049999999999997,5.7716666666666665,8.534,5.7640340521099445,6.15180523838454,8.176667738533315,-5.895668703769346,-0.7573995570529426,0.7119595765631932
38,4,1.1428571428571428,1.9924301646902063,-4.479666666666667,"(0, 0, 0, 0, 0, 0, 0, 0, 0, 0, 0, 0, 0, 0, 0, 0, 1, 0, 0, 1, 0, 1, 0, 0, 1)",2.0,7.0,5.0,10.0,2.7136666666666667,9.313666666666666,7.193333333333333,11.275,0.0,6.9605105041193545,5.268439186756194,10.728539086299117,1.0,7.0,1.0,33.0,0.24031120569896575,0.07229268486814813,0.11385418019416609,0.0046636908762314275,5.0,3.0,8.0,6.6,4.479666666666667,8.561333333333334,6.9605105041193545,5.268439186756194,10.728539086299117,-0.7182920030950753,-1.5715741621050867,-4.318006115299178
38,5,1.4285714285714284,1.9924301646902063,-0.3886666666666674,"(1, 0, 0, 0, 1, 0, 1, 1, 1, 1, 0, 1, 1, 1, 0, 0, 0, 1, 1, 1, 0, 0, 0, 0, 0)",7.0,10.0,8.0,13.0,8.758666666666667,13.027666666666667,9.147333333333334,14.499666666666666,0.0,5.112697562216245,3.1375019184506097,6.721916991897702,11.0,9.0,1.0,19.0,0.08994385020709718,0.08175961986826666,0.08838202219471936,0.03643757299682023,3.0,1.0,6.0,4.269,0.3886666666666674,5.741,5.112697562216245,3.1375019184506097,6.721916991897702,-1.6810084728352381,-5.476862273418125,-1.9544086037141608
38,6,1.7142857142857142,1.9924301646902063,-1.2876666666666665,"(0, 0, 0, 0, 0, 1, 1, 0, 1, 0, 0, 0, 1, 0, 0, 0, 1, 1, 0, 1, 1, 1, 1, 1, 1)",7.0,10.0,11.0,13.0,11.296,12.583666666666666,13.590333333333334,15.786666666666667,0.0,2.828044306704809,3.384651811323959,5.31468570468995,2.0,3.0,6.0,14.0,0.15250151517140714,0.009907151071564136,0.0706664948968159,0.03846891638318265,3.0,4.0,6.0,1.2876666666666665,2.2943333333333342,4.490666666666668,2.828044306704809,3.384651811323959,5.31468570468995,-3.069094875026307,-2.1723834246676357,-1.6418003876365934
38,7,2.0,1.9924301646902063,-1.1996666666666664,"(0, 1, 1, 1, 0, 0, 1, 0, 0, 0, 0, 1, 0, 1, 0, 0, 0, 0, 1, 0, 1, 1, 1, 1, 1)",6.0,9.0,8.0,13.0,7.527,12.022333333333334,8.726666666666667,15.337,0.0,4.198814121898728,3.8250895682851977,7.108957620445245,3.0,2.0,2.0,21.0,0.15673399426440854,0.026748359496133533,0.14245995610540618,0.0033335479982406742,3.0,2.0,7.0,4.495333333333334,1.1996666666666664,7.81,4.198814121898728,3.8250895682851977,7.108957620445245,0.5907938212724617,-5.230971784253249,1.3967779837510945
39,0,0.0,1.9924301646902063,-5.595333333333333,"(0, 0, 0, 0, 0, 0, 0, 0, 1, 1, 0, 0, 0, 0, 0, 0, 0, 0, 0, 1, 0, 0, 0, 1, 0)",3.0,6.0,7.0,10.0,3.1193333333333335,8.714666666666666,10.536333333333333,13.664,0.0,6.170478736650276,6.6763014101827665,10.485064120173975,2.0,2.0,2.0,7.0,0.12905537306991544,0.07740799375800145,0.1298664884975847,0.007542615998360811,3.0,4.0,7.0,5.595333333333333,7.417,10.544666666666666,6.170478736650276,6.6763014101827665,10.485064120173975,-1.1459370506515927,1.4757902132953538,0.11875391152438808
39,1,0.2857142857142857,1.9924301646902063,-1.724333333333334,"(1, 1, 0, 1, 0, 0, 0, 1, 1, 1, 0, 0, 1, 1, 1, 0, 1, 0, 0, 0, 0, 1, 0, 1, 0)",6.0,10.0,8.0,12.0,7.109,12.337666666666667,8.833333333333334,14.336333333333334,0.0,7.0149813310106905,6.3759868390816,8.867664657760818,3.0,6.0,1.0,13.0,0.217343713457418,0.09803735763906014,0.10533064101886667,0.05045638752767918,4.0,2.0,6.0,5.228666666666667,1.724333333333334,7.227333333333334,7.0149813310106905,6.3759868390816,8.867664657760818,-3.5591072208674928,-9.268094760539793,-3.2682456108755558
39,2,0.5714285714285714,1.9924301646902063,-3.158333333333333,"(1, 1, 1, 0, 0, 1, 1, 0, 0, 1, 0, 0, 0, 1, 1, 0, 0, 0, 0, 0, 1, 0, 1, 0, 0)",5.0,10.0,8.0,12.0,6.532,11.249333333333333,9.690333333333333,14.930333333333333,0.0,6.8549891887860674,4.64034771545055,8.495788636577862,1.0,17.0,1.0,14.0,0.3019288218796315,0.09276736827206207,0.013797516351263932,0.015962086217954932,5.0,3.0,7.0,4.7173333333333325,3.158333333333333,8.398333333333333,6.8549891887860674,4.64034771545055,8.495788636577862,-4.259130008130676,-2.9528101594350598,-0.19417288589342938
39,3,0.8571428571428571,1.9924301646902063,-2.8049999999999997,"(0, 1, 0, 0, 1, 0, 1, 0, 0, 1, 1, 1, 0, 0, 0, 0, 0, 0, 0, 0, 1, 1, 0, 1, 1)",5.0,8.0,8.0,11.0,6.252666666666666,9.057666666666666,12.024333333333333,14.786666666666667,0.0,5.7640340521099445,6.15180523838454,8.176667738533315,1.0,3.0,1.0,3.0,0.48868293936502355,0.0055402943886477644,0.015663466727726248,0.000878666661036653,3.0,3.0,6.0,2.8049999999999997,5.7716666666666665,8.534,5.7640340521099445,6.15180523838454,8.176667738533315,-5.895668703769346,-0.7573995570529426,0.7119595765631932
39,4,1.1428571428571428,1.9924301646902063,-4.479666666666667,"(0, 0, 0, 0, 0, 0, 0, 0, 0, 0, 0, 0, 0, 0, 0, 0, 1, 0, 0, 1, 0, 1, 0, 0, 1)",2.0,7.0,5.0,10.0,2.7136666666666667,9.313666666666666,7.193333333333333,11.275,0.0,6.9605105041193545,5.268439186756194,10.728539086299117,1.0,7.0,1.0,33.0,0.24031120569896575,0.07229268486814813,0.11385418019416609,0.0046636908762314275,5.0,3.0,8.0,6.6,4.479666666666667,8.561333333333334,6.9605105041193545,5.268439186756194,10.728539086299117,-0.7182920030950753,-1.5715741621050867,-4.318006115299178
39,5,1.4285714285714284,1.9924301646902063,-0.3886666666666674,"(1, 0, 0, 0, 1, 0, 1, 1, 1, 1, 0, 1, 1, 1, 0, 0, 0, 1, 1, 1, 0, 0, 0, 0, 0)",7.0,10.0,8.0,13.0,8.758666666666667,13.027666666666667,9.147333333333334,14.499666666666666,0.0,5.112697562216245,3.1375019184506097,6.721916991897702,11.0,9.0,1.0,19.0,0.08994385020709718,0.08175961986826666,0.08838202219471936,0.03643757299682023,3.0,1.0,6.0,4.269,0.3886666666666674,5.741,5.112697562216245,3.1375019184506097,6.721916991897702,-1.6810084728352381,-5.476862273418125,-1.9544086037141608
39,6,1.7142857142857142,1.9924301646902063,-1.2876666666666665,"(0, 0, 0, 0, 0, 1, 1, 0, 1, 0, 0, 0, 1, 0, 0, 0, 1, 1, 0, 1, 1, 1, 1, 1, 1)",7.0,10.0,11.0,13.0,11.296,12.583666666666666,13.590333333333334,15.786666666666667,0.0,2.828044306704809,3.384651811323959,5.31468570468995,2.0,3.0,6.0,14.0,0.15250151517140714,0.009907151071564136,0.0706664948968159,0.03846891638318265,3.0,4.0,6.0,1.2876666666666665,2.2943333333333342,4.490666666666668,2.828044306704809,3.384651811323959,5.31468570468995,-3.069094875026307,-2.1723834246676357,-1.6418003876365934
39,7,2.0,1.9924301646902063,-1.1996666666666664,"(0, 1, 1, 1, 0, 0, 1, 0, 0, 0, 0, 1, 0, 1, 0, 0, 0, 0, 1, 0, 1, 1, 1, 1, 1)",6.0,9.0,8.0,13.0,7.527,12.022333333333334,8.726666666666667,15.337,0.0,4.198814121898728,3.8250895682851977,7.108957620445245,3.0,2.0,2.0,21.0,0.15673399426440854,0.026748359496133533,0.14245995610540618,0.0033335479982406742,3.0,2.0,7.0,4.495333333333334,1.1996666666666664,7.81,4.198814121898728,3.8250895682851977,7.108957620445245,0.5907938212724617,-5.230971784253249,1.3967779837510945
40,0,0.0,1.9924301646902063,-5.595333333333333,"(0, 0, 0, 0, 0, 0, 0, 0, 1, 1, 0, 0, 0, 0, 0, 0, 0, 0, 0, 1, 0, 0, 0, 1, 0)",3.0,6.0,7.0,10.0,3.1193333333333335,8.714666666666666,10.536333333333333,13.664,0.0,6.170478736650276,6.6763014101827665,10.485064120173975,2.0,2.0,2.0,7.0,0.12905537306991544,0.07740799375800145,0.1298664884975847,0.007542615998360811,3.0,4.0,7.0,5.595333333333333,7.417,10.544666666666666,6.170478736650276,6.6763014101827665,10.485064120173975,-1.1459370506515927,1.4757902132953538,0.11875391152438808
40,1,0.2857142857142857,1.9924301646902063,-3.158333333333333,"(1, 1, 1, 0, 0, 1, 1, 0, 0, 1, 0, 0, 0, 1, 1, 0, 0, 0, 0, 0, 1, 0, 1, 0, 0)",5.0,10.0,8.0,12.0,6.532,11.249333333333333,9.690333333333333,14.930333333333333,0.0,6.8549891887860674,4.64034771545055,8.495788636577862,1.0,17.0,1.0,14.0,0.3019288218796315,0.09276736827206207,0.013797516351263932,0.015962086217954932,5.0,3.0,7.0,4.7173333333333325,3.158333333333333,8.398333333333333,6.8549891887860674,4.64034771545055,8.495788636577862,-4.259130008130676,-2.9528101594350598,-0.19417288589342938
40,2,0.5714285714285714,1.9924301646902063,-2.8049999999999997,"(0, 1, 0, 0, 1, 0, 1, 0, 0, 1, 1, 1, 0, 0, 0, 0, 0, 0, 0, 0, 1, 1, 0, 1, 1)",5.0,8.0,8.0,11.0,6.252666666666666,9.057666666666666,12.024333333333333,14.786666666666667,0.0,5.7640340521099445,6.15180523838454,8.176667738533315,1.0,3.0,1.0,3.0,0.48868293936502355,0.0055402943886477644,0.015663466727726248,0.000878666661036653,3.0,3.0,6.0,2.8049999999999997,5.7716666666666665,8.534,5.7640340521099445,6.15180523838454,8.176667738533315,-5.895668703769346,-0.7573995570529426,0.7119595765631932
40,3,0.8571428571428571,1.9924301646902063,-4.479666666666667,"(0, 0, 0, 0, 0, 0, 0, 0, 0, 0, 0, 0, 0, 0, 0, 0, 1, 0, 0, 1, 0, 1, 0, 0, 1)",2.0,7.0,5.0,10.0,2.7136666666666667,9.313666666666666,7.193333333333333,11.275,0.0,6.9605105041193545,5.268439186756194,10.728539086299117,1.0,7.0,1.0,33.0,0.24031120569896575,0.07229268486814813,0.11385418019416609,0.0046636908762314275,5.0,3.0,8.0,6.6,4.479666666666667,8.561333333333334,6.9605105041193545,5.268439186756194,10.728539086299117,-0.7182920030950753,-1.5715741621050867,-4.318006115299178
40,4,1.1428571428571428,1.9924301646902063,-0.3886666666666674,"(1, 0, 0, 0, 1, 0, 1, 1, 1, 1, 0, 1, 1, 1, 0, 0, 0, 1, 1, 1, 0, 0, 0, 0, 0)",7.0,10.0,8.0,13.0,8.758666666666667,13.027666666666667,9.147333333333334,14.499666666666666,0.0,5.112697562216245,3.1375019184506097,6.721916991897702,11.0,9.0,1.0,19.0,0.08994385020709718,0.08175961986826666,0.08838202219471936,0.03643757299682023,3.0,1.0,6.0,4.269,0.3886666666666674,5.741,5.112697562216245,3.1375019184506097,6.721916991897702,-1.6810084728352381,-5.476862273418125,-1.9544086037141608
40,5,1.4285714285714284,1.9924301646902063,-1.2876666666666665,"(0, 0, 0, 0, 0, 1, 1, 0, 1, 0, 0, 0, 1, 0, 0, 0, 1, 1, 0, 1, 1, 1, 1, 1, 1)",7.0,10.0,11.0,13.0,11.296,12.583666666666666,13.590333333333334,15.786666666666667,0.0,2.828044306704809,3.384651811323959,5.31468570468995,2.0,3.0,6.0,14.0,0.15250151517140714,0.009907151071564136,0.0706664948968159,0.03846891638318265,3.0,4.0,6.0,1.2876666666666665,2.2943333333333342,4.490666666666668,2.828044306704809,3.384651811323959,5.31468570468995,-3.069094875026307,-2.1723834246676357,-1.6418003876365934
40,6,1.7142857142857142,1.9924301646902063,-1.1996666666666664,"(0, 1, 1, 1, 0, 0, 1, 0, 0, 0, 0, 1, 0, 1, 0, 0, 0, 0, 1, 0, 1, 1, 1, 1, 1)",6.0,9.0,8.0,13.0,7.527,12.022333333333334,8.726666666666667,15.337,0.0,4.198814121898728,3.8250895682851977,7.108957620445245,3.0,2.0,2.0,21.0,0.15673399426440854,0.026748359496133533,0.14245995610540618,0.0033335479982406742,3.0,2.0,7.0,4.495333333333334,1.1996666666666664,7.81,4.198814121898728,3.8250895682851977,7.108957620445245,0.5907938212724617,-5.230971784253249,1.3967779837510945
40,7,2.0,1.9924301646902063,-1.724333333333334,"(1, 1, 0, 1, 0, 0, 0, 1, 1, 1, 0, 0, 1, 1, 1, 0, 1, 0, 0, 0, 0, 1, 0, 1, 0)",6.0,10.0,8.0,12.0,7.109,12.337666666666667,8.833333333333334,14.336333333333334,0.0,7.0149813310106905,6.3759868390816,8.867664657760818,3.0,6.0,1.0,13.0,0.217343713457418,0.09803735763906014,0.10533064101886667,0.05045638752767918,4.0,2.0,6.0,5.228666666666667,1.724333333333334,7.227333333333334,7.0149813310106905,6.3759868390816,8.867664657760818,-3.5591072208674928,-9.268094760539793,-3.2682456108755558
41,0,0.0,1.9924301646902063,-5.595333333333333,"(0, 0, 0, 0, 0, 0, 0, 0, 1, 1, 0, 0, 0, 0, 0, 0, 0, 0, 0, 1, 0, 0, 0, 1, 0)",3.0,6.0,7.0,10.0,3.1193333333333335,8.714666666666666,10.536333333333333,13.664,0.0,6.170478736650276,6.6763014101827665,10.485064120173975,2.0,2.0,2.0,7.0,0.12905537306991544,0.07740799375800145,0.1298664884975847,0.007542615998360811,3.0,4.0,7.0,5.595333333333333,7.417,10.544666666666666,6.170478736650276,6.6763014101827665,10.485064120173975,-1.1459370506515927,1.4757902132953538,0.11875391152438808
41,1,0.2857142857142857,1.9924301646902063,-3.158333333333333,"(1, 1, 1, 0, 0, 1, 1, 0, 0, 1, 0, 0, 0, 1, 1, 0, 0, 0, 0, 0, 1, 0, 1, 0, 0)",5.0,10.0,8.0,12.0,6.532,11.249333333333333,9.690333333333333,14.930333333333333,0.0,6.8549891887860674,4.64034771545055,8.495788636577862,1.0,17.0,1.0,14.0,0.3019288218796315,0.09276736827206207,0.013797516351263932,0.015962086217954932,5.0,3.0,7.0,4.7173333333333325,3.158333333333333,8.398333333333333,6.8549891887860674,4.64034771545055,8.495788636577862,-4.259130008130676,-2.9528101594350598,-0.19417288589342938
41,2,0.5714285714285714,1.9924301646902063,-2.8049999999999997,"(0, 1, 0, 0, 1, 0, 1, 0, 0, 1, 1, 1, 0, 0, 0, 0, 0, 0, 0, 0, 1, 1, 0, 1, 1)",5.0,8.0,8.0,11.0,6.252666666666666,9.057666666666666,12.024333333333333,14.786666666666667,0.0,5.7640340521099445,6.15180523838454,8.176667738533315,1.0,3.0,1.0,3.0,0.48868293936502355,0.0055402943886477644,0.015663466727726248,0.000878666661036653,3.0,3.0,6.0,2.8049999999999997,5.7716666666666665,8.534,5.7640340521099445,6.15180523838454,8.176667738533315,-5.895668703769346,-0.7573995570529426,0.7119595765631932
41,3,0.8571428571428571,1.9924301646902063,-4.479666666666667,"(0, 0, 0, 0, 0, 0, 0, 0, 0, 0, 0, 0, 0, 0, 0, 0, 1, 0, 0, 1, 0, 1, 0, 0, 1)",2.0,7.0,5.0,10.0,2.7136666666666667,9.313666666666666,7.193333333333333,11.275,0.0,6.9605105041193545,5.268439186756194,10.728539086299117,1.0,7.0,1.0,33.0,0.24031120569896575,0.07229268486814813,0.11385418019416609,0.0046636908762314275,5.0,3.0,8.0,6.6,4.479666666666667,8.561333333333334,6.9605105041193545,5.268439186756194,10.728539086299117,-0.7182920030950753,-1.5715741621050867,-4.318006115299178
41,4,1.1428571428571428,1.9924301646902063,-0.3886666666666674,"(1, 0, 0, 0, 1, 0, 1, 1, 1, 1, 0, 1, 1, 1, 0, 0, 0, 1, 1, 1, 0, 0, 0, 0, 0)",7.0,10.0,8.0,13.0,8.758666666666667,13.027666666666667,9.147333333333334,14.499666666666666,0.0,5.112697562216245,3.1375019184506097,6.721916991897702,11.0,9.0,1.0,19.0,0.08994385020709718,0.08175961986826666,0.08838202219471936,0.03643757299682023,3.0,1.0,6.0,4.269,0.3886666666666674,5.741,5.112697562216245,3.1375019184506097,6.721916991897702,-1.6810084728352381,-5.476862273418125,-1.9544086037141608
41,5,1.4285714285714284,1.9924301646902063,-1.2876666666666665,"(0, 0, 0, 0, 0, 1, 1, 0, 1, 0, 0, 0, 1, 0, 0, 0, 1, 1, 0, 1, 1, 1, 1, 1, 1)",7.0,10.0,11.0,13.0,11.296,12.583666666666666,13.590333333333334,15.786666666666667,0.0,2.828044306704809,3.384651811323959,5.31468570468995,2.0,3.0,6.0,14.0,0.15250151517140714,0.009907151071564136,0.0706664948968159,0.03846891638318265,3.0,4.0,6.0,1.2876666666666665,2.2943333333333342,4.490666666666668,2.828044306704809,3.384651811323959,5.31468570468995,-3.069094875026307,-2.1723834246676357,-1.6418003876365934
41,6,1.7142857142857142,1.9924301646902063,-1.1996666666666664,"(0, 1, 1, 1, 0, 0, 1, 0, 0, 0, 0, 1, 0, 1, 0, 0, 0, 0, 1, 0, 1, 1, 1, 1, 1)",6.0,9.0,8.0,13.0,7.527,12.022333333333334,8.726666666666667,15.337,0.0,4.198814121898728,3.8250895682851977,7.108957620445245,3.0,2.0,2.0,21.0,0.15673399426440854,0.026748359496133533,0.14245995610540618,0.0033335479982406742,3.0,2.0,7.0,4.495333333333334,1.1996666666666664,7.81,4.198814121898728,3.8250895682851977,7.108957620445245,0.5907938212724617,-5.230971784253249,1.3967779837510945
41,7,2.0,1.9924301646902063,-1.724333333333334,"(1, 1, 0, 1, 0, 0, 0, 1, 1, 1, 0, 0, 1, 1, 1, 0, 1, 0, 0, 0, 0, 1, 0, 1, 0)",6.0,10.0,8.0,12.0,7.109,12.337666666666667,8.833333333333334,14.336333333333334,0.0,7.0149813310106905,6.3759868390816,8.867664657760818,3.0,6.0,1.0,13.0,0.217343713457418,0.09803735763906014,0.10533064101886667,0.05045638752767918,4.0,2.0,6.0,5.228666666666667,1.724333333333334,7.227333333333334,7.0149813310106905,6.3759868390816,8.867664657760818,-3.5591072208674928,-9.268094760539793,-3.2682456108755558
42,0,0.0,1.9924301646902063,-5.595333333333333,"(0, 0, 0, 0, 0, 0, 0, 0, 1, 1, 0, 0, 0, 0, 0, 0, 0, 0, 0, 1, 0, 0, 0, 1, 0)",3.0,6.0,7.0,10.0,3.1193333333333335,8.714666666666666,10.536333333333333,13.664,0.0,6.170478736650276,6.6763014101827665,10.485064120173975,2.0,2.0,2.0,7.0,0.12905537306991544,0.07740799375800145,0.1298664884975847,0.007542615998360811,3.0,4.0,7.0,5.595333333333333,7.417,10.544666666666666,6.170478736650276,6.6763014101827665,10.485064120173975,-1.1459370506515927,1.4757902132953538,0.11875391152438808
42,1,0.2857142857142857,1.9924301646902063,-3.158333333333333,"(1, 1, 1, 0, 0, 1, 1, 0, 0, 1, 0, 0, 0, 1, 1, 0, 0, 0, 0, 0, 1, 0, 1, 0, 0)",5.0,10.0,8.0,12.0,6.532,11.249333333333333,9.690333333333333,14.930333333333333,0.0,6.8549891887860674,4.64034771545055,8.495788636577862,1.0,17.0,1.0,14.0,0.3019288218796315,0.09276736827206207,0.013797516351263932,0.015962086217954932,5.0,3.0,7.0,4.7173333333333325,3.158333333333333,8.398333333333333,6.8549891887860674,4.64034771545055,8.495788636577862,-4.259130008130676,-2.9528101594350598,-0.19417288589342938
42,2,0.5714285714285714,1.9924301646902063,-2.8049999999999997,"(0, 1, 0, 0, 1, 0, 1, 0, 0, 1, 1, 1, 0, 0, 0, 0, 0, 0, 0, 0, 1, 1, 0, 1, 1)",5.0,8.0,8.0,11.0,6.252666666666666,9.057666666666666,12.024333333333333,14.786666666666667,0.0,5.7640340521099445,6.15180523838454,8.176667738533315,1.0,3.0,1.0,3.0,0.48868293936502355,0.0055402943886477644,0.015663466727726248,0.000878666661036653,3.0,3.0,6.0,2.8049999999999997,5.7716666666666665,8.534,5.7640340521099445,6.15180523838454,8.176667738533315,-5.895668703769346,-0.7573995570529426,0.7119595765631932
42,3,0.8571428571428571,1.9924301646902063,-4.479666666666667,"(0, 0, 0, 0, 0, 0, 0, 0, 0, 0, 0, 0, 0, 0, 0, 0, 1, 0, 0, 1, 0, 1, 0, 0, 1)",2.0,7.0,5.0,10.0,2.7136666666666667,9.313666666666666,7.193333333333333,11.275,0.0,6.9605105041193545,5.268439186756194,10.728539086299117,1.0,7.0,1.0,33.0,0.24031120569896575,0.07229268486814813,0.11385418019416609,0.0046636908762314275,5.0,3.0,8.0,6.6,4.479666666666667,8.561333333333334,6.9605105041193545,5.268439186756194,10.728539086299117,-0.7182920030950753,-1.5715741621050867,-4.318006115299178
42,4,1.1428571428571428,1.9924301646902063,-0.3886666666666674,"(1, 0, 0, 0, 1, 0, 1, 1, 1, 1, 0, 1, 1, 1, 0, 0, 0, 1, 1, 1, 0, 0, 0, 0, 0)",7.0,10.0,8.0,13.0,8.758666666666667,13.027666666666667,9.147333333333334,14.499666666666666,0.0,5.112697562216245,3.1375019184506097,6.721916991897702,11.0,9.0,1.0,19.0,0.08994385020709718,0.08175961986826666,0.08838202219471936,0.03643757299682023,3.0,1.0,6.0,4.269,0.3886666666666674,5.741,5.112697562216245,3.1375019184506097,6.721916991897702,-1.6810084728352381,-5.476862273418125,-1.9544086037141608
42,5,1.4285714285714284,1.9924301646902063,-1.2876666666666665,"(0, 0, 0, 0, 0, 1, 1, 0, 1, 0, 0, 0, 1, 0, 0, 0, 1, 1, 0, 1, 1, 1, 1, 1, 1)",7.0,10.0,11.0,13.0,11.296,12.583666666666666,13.590333333333334,15.786666666666667,0.0,2.828044306704809,3.384651811323959,5.31468570468995,2.0,3.0,6.0,14.0,0.15250151517140714,0.009907151071564136,0.0706664948968159,0.03846891638318265,3.0,4.0,6.0,1.2876666666666665,2.2943333333333342,4.490666666666668,2.828044306704809,3.384651811323959,5.31468570468995,-3.069094875026307,-2.1723834246676357,-1.6418003876365934
42,6,1.7142857142857142,1.9924301646902063,-1.1996666666666664,"(0, 1, 1, 1, 0, 0, 1, 0, 0, 0, 0, 1, 0, 1, 0, 0, 0, 0, 1, 0, 1, 1, 1, 1, 1)",6.0,9.0,8.0,13.0,7.527,12.022333333333334,8.726666666666667,15.337,0.0,4.198814121898728,3.8250895682851977,7.108957620445245,3.0,2.0,2.0,21.0,0.15673399426440854,0.026748359496133533,0.14245995610540618,0.0033335479982406742,3.0,2.0,7.0,4.495333333333334,1.1996666666666664,7.81,4.198814121898728,3.8250895682851977,7.108957620445245,0.5907938212724617,-5.230971784253249,1.3967779837510945
42,7,2.0,1.9924301646902063,-1.724333333333334,"(1, 1, 0, 1, 0, 0, 0, 1, 1, 1, 0, 0, 1, 1, 1, 0, 1, 0, 0, 0, 0, 1, 0, 1, 0)",6.0,10.0,8.0,12.0,7.109,12.337666666666667,8.833333333333334,14.336333333333334,0.0,7.0149813310106905,6.3759868390816,8.867664657760818,3.0,6.0,1.0,13.0,0.217343713457418,0.09803735763906014,0.10533064101886667,0.05045638752767918,4.0,2.0,6.0,5.228666666666667,1.724333333333334,7.227333333333334,7.0149813310106905,6.3759868390816,8.867664657760818,-3.5591072208674928,-9.268094760539793,-3.2682456108755558
43,0,0.0,1.9924301646902063,-5.595333333333333,"(0, 0, 0, 0, 0, 0, 0, 0, 1, 1, 0, 0, 0, 0, 0, 0, 0, 0, 0, 1, 0, 0, 0, 1, 0)",3.0,6.0,7.0,10.0,3.1193333333333335,8.714666666666666,10.536333333333333,13.664,0.0,6.170478736650276,6.6763014101827665,10.485064120173975,2.0,2.0,2.0,7.0,0.12905537306991544,0.07740799375800145,0.1298664884975847,0.007542615998360811,3.0,4.0,7.0,5.595333333333333,7.417,10.544666666666666,6.170478736650276,6.6763014101827665,10.485064120173975,-1.1459370506515927,1.4757902132953538,0.11875391152438808
43,1,0.2857142857142857,1.9924301646902063,-3.158333333333333,"(1, 1, 1, 0, 0, 1, 1, 0, 0, 1, 0, 0, 0, 1, 1, 0, 0, 0, 0, 0, 1, 0, 1, 0, 0)",5.0,10.0,8.0,12.0,6.532,11.249333333333333,9.690333333333333,14.930333333333333,0.0,6.8549891887860674,4.64034771545055,8.495788636577862,1.0,17.0,1.0,14.0,0.3019288218796315,0.09276736827206207,0.013797516351263932,0.015962086217954932,5.0,3.0,7.0,4.7173333333333325,3.158333333333333,8.398333333333333,6.8549891887860674,4.64034771545055,8.495788636577862,-4.259130008130676,-2.9528101594350598,-0.19417288589342938
43,2,0.5714285714285714,1.9924301646902063,-4.576666666666666,"(0, 1, 0, 0, 1, 0, 1, 0, 0, 1, 0, 0, 0, 0, 0, 0, 0, 0, 0, 0, 1, 1, 0, 1, 1)",4.0,8.0,7.0,11.0,4.561,9.761666666666667,9.137666666666666,13.116333333333333,0.0,6.9103234020821,6.08709553425799,9.463467691342013,1.0,5.0,1.0,6.0,0.2693289496550903,0.0841820119378872,0.09174435266477461,0.0038239947145060154,4.0,3.0,7.0,5.200666666666667,4.576666666666666,8.555333333333333,6.9103234020821,6.08709553425799,9.463467691342013,-3.406371650907492,-3.009424037407824,-1.8093942884880674
43,3,0.8571428571428571,1.9924301646902063,-4.479666666666667,"(0, 0, 0, 0, 0, 0, 0, 0, 0, 0, 0, 0, 0, 0, 0, 0, 1, 0, 0, 1, 0, 1, 0, 0, 1)",2.0,7.0,5.0,10.0,2.7136666666666667,9.313666666666666,7.193333333333333,11.275,0.0,6.9605105041193545,5.268439186756194,10.728539086299117,1.0,7.0,1.0,33.0,0.24031120569896575,0.07229268486814813,0.11385418019416609,0.0046636908762314275,5.0,3.0,8.0,6.6,4.479666666666667,8.561333333333334,6.9605105041193545,5.268439186756194,10.728539086299117,-0.7182920030950753,-1.5715741621050867,-4.318006115299178
43,4,1.1428571428571428,1.9924301646902063,-0.3886666666666674,"(1, 0, 0, 0, 1, 0, 1, 1, 1, 1, 0, 1, 1, 1, 0, 0, 0, 1, 1, 1, 0, 0, 0, 0, 0)",7.0,10.0,8.0,13.0,8.758666666666667,13.027666666666667,9.147333333333334,14.499666666666666,0.0,5.112697562216245,3.1375019184506097,6.721916991897702,11.0,9.0,1.0,19.0,0.08994385020709718,0.08175961986826666,0.08838202219471936,0.03643757299682023,3.0,1.0,6.0,4.269,0.3886666666666674,5.741,5.112697562216245,3.1375019184506097,6.721916991897702,-1.6810084728352381,-5.476862273418125,-1.9544086037141608
43,5,1.4285714285714284,1.9924301646902063,-1.2876666666666665,"(0, 0, 0, 0, 0, 1, 1, 0, 1, 0, 0, 0, 1, 0, 0, 0, 1, 1, 0, 1, 1, 1, 1, 1, 1)",7.0,10.0,11.0,13.0,11.296,12.583666666666666,13.590333333333334,15.786666666666667,0.0,2.828044306704809,3.384651811323959,5.31468570468995,2.0,3.0,6.0,14.0,0.15250151517140714,0.009907151071564136,0.0706664948968159,0.03846891638318265,3.0,4.0,6.0,1.2876666666666665,2.2943333333333342,4.490666666666668,2.828044306704809,3.384651811323959,5.31468570468995,-3.069094875026307,-2.1723834246676357,-1.6418003876365934
43,6,1.7142857142857142,1.9924301646902063,-1.1996666666666664,"(0, 1, 1, 1, 0, 0, 1, 0, 0, 0, 0, 1, 0, 1, 0, 0, 0, 0, 1, 0, 1, 1, 1, 1, 1)",6.0,9.0,8.0,13.0,7.527,12.022333333333334,8.726666666666667,15.337,0.0,4.198814121898728,3.8250895682851977,7.108957620445245,3.0,2.0,2.0,21.0,0.15673399426440854,0.026748359496133533,0.14245995610540618,0.0033335479982406742,3.0,2.0,7.0,4.495333333333334,1.1996666666666664,7.81,4.198814121898728,3.8250895682851977,7.108957620445245,0.5907938212724617,-5.230971784253249,1.3967779837510945
43,7,2.0,1.9924301646902063,-1.724333333333334,"(1, 1, 0, 1, 0, 0, 0, 1, 1, 1, 0, 0, 1, 1, 1, 0, 1, 0, 0, 0, 0, 1, 0, 1, 0)",6.0,10.0,8.0,12.0,7.109,12.337666666666667,8.833333333333334,14.336333333333334,0.0,7.0149813310106905,6.3759868390816,8.867664657760818,3.0,6.0,1.0,13.0,0.217343713457418,0.09803735763906014,0.10533064101886667,0.05045638752767918,4.0,2.0,6.0,5.228666666666667,1.724333333333334,7.227333333333334,7.0149813310106905,6.3759868390816,8.867664657760818,-3.5591072208674928,-9.268094760539793,-3.2682456108755558
44,0,0.0,1.9924301646902063,-5.595333333333333,"(0, 0, 0, 0, 0, 0, 0, 0, 1, 1, 0, 0, 0, 0, 0, 0, 0, 0, 0, 1, 0, 0, 0, 1, 0)",3.0,6.0,7.0,10.0,3.1193333333333335,8.714666666666666,10.536333333333333,13.664,0.0,6.170478736650276,6.6763014101827665,10.485064120173975,2.0,2.0,2.0,7.0,0.12905537306991544,0.07740799375800145,0.1298664884975847,0.007542615998360811,3.0,4.0,7.0,5.595333333333333,7.417,10.544666666666666,6.170478736650276,6.6763014101827665,10.485064120173975,-1.1459370506515927,1.4757902132953538,0.11875391152438808
44,1,0.2857142857142857,1.9924301646902063,-5.099016208418704,"(1, 1, 1, 0, 0, 1, 1, 0, 0, 1, 1, 0, 0, 1, 0, 0, 0, 0, 0, 0, 1, 0, 1, 0, 0)",6.0,9.0,9.0,13.0,6.909666666666666,14.127,12.504,16.457666666666668,0.0,5.305454111593552,5.099016208418704,7.068134940182037,3.0,1.0,2.0,1.0,0.2336200930356433,0.05462863346631075,0.0038905367677325373,0.02445766004826249,3.0,3.0,7.0,7.217333333333334,5.594333333333333,9.548000000000002,5.305454111593552,5.099016208418704,7.068134940182037,3.809285832638777,0.9868847807675335,4.940957949542597
44,2,0.5714285714285714,1.9924301646902063,-4.576666666666666,"(0, 1, 0, 0, 1, 0, 1, 0, 0, 1, 0, 0, 0, 0, 0, 0, 0, 0, 0, 0, 1, 1, 0, 1, 1)",4.0,8.0,7.0,11.0,4.561,9.761666666666667,9.137666666666666,13.116333333333333,0.0,6.9103234020821,6.08709553425799,9.463467691342013,1.0,5.0,1.0,6.0,0.2693289496550903,0.0841820119378872,0.09174435266477461,0.0038239947145060154,4.0,3.0,7.0,5.200666666666667,4.576666666666666,8.555333333333333,6.9103234020821,6.08709553425799,9.463467691342013,-3.406371650907492,-3.009424037407824,-1.8093942884880674
44,3,0.8571428571428571,1.9924301646902063,-4.479666666666667,"(0, 0, 0, 0, 0, 0, 0, 0, 0, 0, 0, 0, 0, 0, 0, 0, 1, 0, 0, 1, 0, 1, 0, 0, 1)",2.0,7.0,5.0,10.0,2.7136666666666667,9.313666666666666,7.193333333333333,11.275,0.0,6.9605105041193545,5.268439186756194,10.728539086299117,1.0,7.0,1.0,33.0,0.24031120569896575,0.07229268486814813,0.11385418019416609,0.0046636908762314275,5.0,3.0,8.0,6.6,4.479666666666667,8.561333333333334,6.9605105041193545,5.268439186756194,10.728539086299117,-0.7182920030950753,-1.5715741621050867,-4.318006115299178
44,4,1.1428571428571428,1.9924301646902063,-2.7280000000000006,"(1, 0, 0, 0, 1, 0, 0, 1, 1, 1, 0, 0, 1, 1, 0, 0, 0, 1, 1, 1, 0, 0, 0, 0, 0)",6.0,8.0,8.0,12.0,6.537,11.195666666666666,9.265,15.325666666666667,0.0,5.403227087397489,4.849431123121845,7.338474506361083,8.0,1.0,1.0,4.0,0.1614380340479294,0.1324841315299646,0.07339010144788072,0.06420907507532324,2.0,2.0,6.0,4.658666666666666,2.7280000000000006,8.788666666666668,5.403227087397489,4.849431123121845,7.338474506361083,-1.483484641698522,-4.226803362020586,2.889406604790103
44,5,1.4285714285714284,1.9924301646902063,-1.2876666666666665,"(0, 0, 0, 0, 0, 1, 1, 0, 1, 0, 0, 0, 1, 0, 0, 0, 1, 1, 0, 1, 1, 1, 1, 1, 1)",7.0,10.0,11.0,13.0,11.296,12.583666666666666,13.590333333333334,15.786666666666667,0.0,2.828044306704809,3.384651811323959,5.31468570468995,2.0,3.0,6.0,14.0,0.15250151517140714,0.009907151071564136,0.0706664948968159,0.03846891638318265,3.0,4.0,6.0,1.2876666666666665,2.2943333333333342,4.490666666666668,2.828044306704809,3.384651811323959,5.31468570468995,-3.069094875026307,-2.1723834246676357,-1.6418003876365934
44,6,1.7142857142857142,1.9924301646902063,-1.1996666666666664,"(0, 1, 1, 1, 0, 0, 1, 0, 0, 0, 0, 1, 0, 1, 0, 0, 0, 0, 1, 0, 1, 1, 1, 1, 1)",6.0,9.0,8.0,13.0,7.527,12.022333333333334,8.726666666666667,15.337,0.0,4.198814121898728,3.8250895682851977,7.108957620445245,3.0,2.0,2.0,21.0,0.15673399426440854,0.026748359496133533,0.14245995610540618,0.0033335479982406742,3.0,2.0,7.0,4.495333333333334,1.1996666666666664,7.81,4.198814121898728,3.8250895682851977,7.108957620445245,0.5907938212724617,-5.230971784253249,1.3967779837510945
44,7,2.0,1.9924301646902063,-1.001666666666667,"(1, 1, 0, 1, 0, 0, 0, 1, 1, 1, 0, 0, 1, 1, 1, 0, 1, 0, 1, 0, 0, 1, 0, 0, 0)",10.0,11.0,9.0,13.0,10.849,12.415333333333333,11.850666666666667,15.255,0.0,5.227018777443581,4.676919878029085,7.595664033453179,53.0,24.0,1.0,24.0,0.07836185727481818,0.09496697222567319,0.029172506674293466,0.05630459238996939,1.0,-1.0,3.0,1.5663333333333327,1.001666666666667,4.406000000000001,5.227018777443581,4.676919878029085,7.595664033453179,-7.293660102287623,-7.322685361193032,-6.355182835479544
45,0,0.0,1.9924301646902063,-5.595333333333333,"(0, 0, 0, 0, 0, 0, 0, 0, 1, 1, 0, 0, 0, 0, 0, 0, 0, 0, 0, 1, 0, 0, 0, 1, 0)",3.0,6.0,7.0,10.0,3.1193333333333335,8.714666666666666,10.536333333333333,13.664,0.0,6.170478736650276,6.6763014101827665,10.485064120173975,2.0,2.0,2.0,7.0,0.12905537306991544,0.07740799375800145,0.1298664884975847,0.007542615998360811,3.0,4.0,7.0,5.595333333333333,7.417,10.544666666666666,6.170478736650276,6.6763014101827665,10.485064120173975,-1.1459370506515927,1.4757902132953538,0.11875391152438808
45,1,0.2857142857142857,1.9924301646902063,-4.5776666666666666,"(0, 0, 1, 0, 0, 1, 1, 0, 0, 1, 1, 0, 0, 1, 0, 0, 0, 0, 0, 0, 1, 0, 1, 0, 0)",6.0,10.0,10.0,12.0,7.012333333333333,11.59,12.978,15.685333333333332,0.0,5.634979922720372,5.56518952167386,7.0372522726293365,2.0,12.0,8.0,1.0,0.16745243617572658,0.008229278775295622,0.014378316873855865,0.01905525819195465,4.0,4.0,6.0,4.5776666666666666,5.9656666666666665,8.672999999999998,5.634979922720372,5.56518952167386,7.0372522726293365,-2.106622824888222,0.7979227439526814,3.2591131138367584
45,2,0.5714285714285714,1.9924301646902063,-4.576666666666666,"(0, 1, 0, 0, 1, 0, 1, 0, 0, 1, 0, 0, 0, 0, 0, 0, 0, 0, 0, 0, 1, 1, 0, 1, 1)",4.0,8.0,7.0,11.0,4.561,9.761666666666667,9.137666666666666,13.116333333333333,0.0,6.9103234020821,6.08709553425799,9.463467691342013,1.0,5.0,1.0,6.0,0.2693289496550903,0.0841820119378872,0.09174435266477461,0.0038239947145060154,4.0,3.0,7.0,5.200666666666667,4.576666666666666,8.555333333333333,6.9103234020821,6.08709553425799,9.463467691342013,-3.406371650907492,-3.009424037407824,-1.8093942884880674
45,3,0.8571428571428571,1.9924301646902063,-4.479666666666667,"(0, 0, 0, 0, 0, 0, 0, 0, 0, 0, 0, 0, 0, 0, 0, 0, 1, 0, 0, 1, 0, 1, 0, 0, 1)",2.0,7.0,5.0,10.0,2.7136666666666667,9.313666666666666,7.193333333333333,11.275,0.0,6.9605105041193545,5.268439186756194,10.728539086299117,1.0,7.0,1.0,33.0,0.24031120569896575,0.07229268486814813,0.11385418019416609,0.0046636908762314275,5.0,3.0,8.0,6.6,4.479666666666667,8.561333333333334,6.9605105041193545,5.268439186756194,10.728539086299117,-0.7182920030950753,-1.5715741621050867,-4.318006115299178
45,4,1.1428571428571428,1.9924301646902063,-2.7280000000000006,"(1, 0, 0, 0, 1, 0, 0, 1, 1, 1, 0, 0, 1, 1, 0, 0, 0, 1, 1, 1, 0, 0, 0, 0, 0)",6.0,8.0,8.0,12.0,6.537,11.195666666666666,9.265,15.325666666666667,0.0,5.403227087397489,4.849431123121845,7.338474506361083,8.0,1.0,1.0,4.0,0.1614380340479294,0.1324841315299646,0.07339010144788072,0.06420907507532324,2.0,2.0,6.0,4.658666666666666,2.7280000000000006,8.788666666666668,5.403227087397489,4.849431123121845,7.338474506361083,-1.483484641698522,-4.226803362020586,2.889406604790103
45,5,1.4285714285714284,1.9924301646902063,-1.2876666666666665,"(0, 0, 0, 0, 0, 1, 1, 0, 1, 0, 0, 0, 1, 0, 0, 0, 1, 1, 0, 1, 1, 1, 1, 1, 1)",7.0,10.0,11.0,13.0,11.296,12.583666666666666,13.590333333333334,15.786666666666667,0.0,2.828044306704809,3.384651811323959,5.31468570468995,2.0,3.0,6.0,14.0,0.15250151517140714,0.009907151071564136,0.0706664948968159,0.03846891638318265,3.0,4.0,6.0,1.2876666666666665,2.2943333333333342,4.490666666666668,2.828044306704809,3.384651811323959,5.31468570468995,-3.069094875026307,-2.1723834246676357,-1.6418003876365934
45,6,1.7142857142857142,1.9924301646902063,-1.1996666666666664,"(0, 1, 1, 1, 0, 0, 1, 0, 0, 0, 0, 1, 0, 1, 0, 0, 0, 0, 1, 0, 1, 1, 1, 1, 1)",6.0,9.0,8.0,13.0,7.527,12.022333333333334,8.726666666666667,15.337,0.0,4.198814121898728,3.8250895682851977,7.108957620445245,3.0,2.0,2.0,21.0,0.15673399426440854,0.026748359496133533,0.14245995610540618,0.0033335479982406742,3.0,2.0,7.0,4.495333333333334,1.1996666666666664,7.81,4.198814121898728,3.8250895682851977,7.108957620445245,0.5907938212724617,-5.230971784253249,1.3967779837510945
45,7,2.0,1.9924301646902063,-1.001666666666667,"(1, 1, 0, 1, 0, 0, 0, 1, 1, 1, 0, 0, 1, 1, 1, 0, 1, 0, 1, 0, 0, 1, 0, 0, 0)",10.0,11.0,9.0,13.0,10.849,12.415333333333333,11.850666666666667,15.255,0.0,5.227018777443581,4.676919878029085,7.595664033453179,53.0,24.0,1.0,24.0,0.07836185727481818,0.09496697222567319,0.029172506674293466,0.05630459238996939,1.0,-1.0,3.0,1.5663333333333327,1.001666666666667,4.406000000000001,5.227018777443581,4.676919878029085,7.595664033453179,-7.293660102287623,-7.322685361193032,-6.355182835479544
46,0,0.0,1.9924301646902063,-5.595333333333333,"(0, 0, 0, 0, 0, 0, 0, 0, 1, 1, 0, 0, 0, 0, 0, 0, 0, 0, 0, 1, 0, 0, 0, 1, 0)",3.0,6.0,7.0,10.0,3.1193333333333335,8.714666666666666,10.536333333333333,13.664,0.0,6.170478736650276,6.6763014101827665,10.485064120173975,2.0,2.0,2.0,7.0,0.12905537306991544,0.07740799375800145,0.1298664884975847,0.007542615998360811,3.0,4.0,7.0,5.595333333333333,7.417,10.544666666666666,6.170478736650276,6.6763014101827665,10.485064120173975,-1.1459370506515927,1.4757902132953538,0.11875391152438808
46,1,0.2857142857142857,1.9924301646902063,-4.987,"(1, 0, 1, 0, 0, 0, 1, 0, 0, 1, 1, 0, 0, 1, 0, 0, 0, 0, 0, 0, 1, 0, 1, 0, 0)",6.0,9.0,9.0,12.0,7.038,13.451666666666666,12.025,13.827333333333334,0.0,6.076624206836896,6.18139282633019,7.572164426566307,5.0,2.0,4.0,29.0,0.29271951683021946,0.024484272492098065,0.016314132071831657,0.11399117788977443,3.0,3.0,6.0,6.413666666666666,4.987,6.789333333333333,6.076624206836896,6.18139282633019,7.572164426566307,0.6715335637462211,-2.3797442956698607,-1.559736284014787
46,2,0.5714285714285714,1.9924301646902063,-4.576666666666666,"(0, 1, 0, 0, 1, 0, 1, 0, 0, 1, 0, 0, 0, 0, 0, 0, 0, 0, 0, 0, 1, 1, 0, 1, 1)",4.0,8.0,7.0,11.0,4.561,9.761666666666667,9.137666666666666,13.116333333333333,0.0,6.9103234020821,6.08709553425799,9.463467691342013,1.0,5.0,1.0,6.0,0.2693289496550903,0.0841820119378872,0.09174435266477461,0.0038239947145060154,4.0,3.0,7.0,5.200666666666667,4.576666666666666,8.555333333333333,6.9103234020821,6.08709553425799,9.463467691342013,-3.406371650907492,-3.009424037407824,-1.8093942884880674
46,3,0.8571428571428571,1.9924301646902063,-4.058,"(0, 1, 0, 0, 0, 0, 0, 0, 0, 0, 0, 0, 0, 0, 0, 0, 1, 0, 0, 1, 0, 0, 0, 0, 1)",3.0,8.0,6.0,11.0,3.73,9.670666666666667,7.788,12.038666666666666,0.0,6.1764006818619945,5.1150552712444615,9.145376215549224,1.0,7.0,1.0,35.0,0.10175985349162822,0.07697355651031633,0.11189487520173293,0.018727991714892384,5.0,3.0,8.0,5.940666666666667,4.058,8.308666666666666,6.1764006818619945,5.1150552712444615,9.145376215549224,-0.4696835627187101,-2.1061088081722534,-1.6670853442779432
46,4,1.1428571428571428,1.9924301646902063,-2.7280000000000006,"(1, 0, 0, 0, 1, 0, 0, 1, 1, 1, 0, 0, 1, 1, 0, 0, 0, 1, 1, 1, 0, 0, 0, 0, 0)",6.0,8.0,8.0,12.0,6.537,11.195666666666666,9.265,15.325666666666667,0.0,5.403227087397489,4.849431123121845,7.338474506361083,8.0,1.0,1.0,4.0,0.1614380340479294,0.1324841315299646,0.07339010144788072,0.06420907507532324,2.0,2.0,6.0,4.658666666666666,2.7280000000000006,8.788666666666668,5.403227087397489,4.849431123121845,7.338474506361083,-1.483484641698522,-4.226803362020586,2.889406604790103
46,5,1.4285714285714284,1.9924301646902063,-1.2876666666666665,"(0, 0, 0, 0, 0, 1, 1, 0, 1, 0, 0, 0, 1, 0, 0, 0, 1, 1, 0, 1, 1, 1, 1, 1, 1)",7.0,10.0,11.0,13.0,11.296,12.583666666666666,13.590333333333334,15.786666666666667,0.0,2.828044306704809,3.384651811323959,5.31468570468995,2.0,3.0,6.0,14.0,0.15250151517140714,0.009907151071564136,0.0706664948968159,0.03846891638318265,3.0,4.0,6.0,1.2876666666666665,2.2943333333333342,4.490666666666668,2.828044306704809,3.384651811323959,5.31468570468995,-3.069094875026307,-2.1723834246676357,-1.6418003876365934
46,6,1.7142857142857142,1.9924301646902063,-1.1996666666666664,"(0, 1, 1, 1, 0, 0, 1, 0, 0, 0, 0, 1, 0, 1, 0, 0, 0, 0, 1, 0, 1, 1, 1, 1, 1)",6.0,9.0,8.0,13.0,7.527,12.022333333333334,8.726666666666667,15.337,0.0,4.198814121898728,3.8250895682851977,7.108957620445245,3.0,2.0,2.0,21.0,0.15673399426440854,0.026748359496133533,0.14245995610540618,0.0033335479982406742,3.0,2.0,7.0,4.495333333333334,1.1996666666666664,7.81,4.198814121898728,3.8250895682851977,7.108957620445245,0.5907938212724617,-5.230971784253249,1.3967779837510945
46,7,2.0,1.9924301646902063,-1.001666666666667,"(1, 1, 0, 1, 0, 0, 0, 1, 1, 1, 0, 0, 1, 1, 1, 0, 1, 0, 1, 0, 0, 1, 0, 0, 0)",10.0,11.0,9.0,13.0,10.849,12.415333333333333,11.850666666666667,15.255,0.0,5.227018777443581,4.676919878029085,7.595664033453179,53.0,24.0,1.0,24.0,0.07836185727481818,0.09496697222567319,0.029172506674293466,0.05630459238996939,1.0,-1.0,3.0,1.5663333333333327,1.001666666666667,4.406000000000001,5.227018777443581,4.676919878029085,7.595664033453179,-7.293660102287623,-7.322685361193032,-6.355182835479544
47,0,0.0,1.9924301646902063,-5.595333333333333,"(0, 0, 0, 0, 0, 0, 0, 0, 1, 1, 0, 0, 0, 0, 0, 0, 0, 0, 0, 1, 0, 0, 0, 1, 0)",3.0,6.0,7.0,10.0,3.1193333333333335,8.714666666666666,10.536333333333333,13.664,0.0,6.170478736650276,6.6763014101827665,10.485064120173975,2.0,2.0,2.0,7.0,0.12905537306991544,0.07740799375800145,0.1298664884975847,0.007542615998360811,3.0,4.0,7.0,5.595333333333333,7.417,10.544666666666666,6.170478736650276,6.6763014101827665,10.485064120173975,-1.1459370506515927,1.4757902132953538,0.11875391152438808
47,1,0.2857142857142857,1.9924301646902063,-4.987,"(1, 0, 1, 0, 0, 0, 1, 0, 0, 1, 1, 0, 0, 1, 0, 0, 0, 0, 0, 0, 1, 0, 1, 0, 0)",6.0,9.0,9.0,12.0,7.038,13.451666666666666,12.025,13.827333333333334,0.0,6.076624206836896,6.18139282633019,7.572164426566307,5.0,2.0,4.0,29.0,0.29271951683021946,0.024484272492098065,0.016314132071831657,0.11399117788977443,3.0,3.0,6.0,6.413666666666666,4.987,6.789333333333333,6.076624206836896,6.18139282633019,7.572164426566307,0.6715335637462211,-2.3797442956698607,-1.559736284014787
47,2,0.5714285714285714,1.9924301646902063,-4.576666666666666,"(0, 1, 0, 0, 1, 0, 1, 0, 0, 1, 0, 0, 0, 0, 0, 0, 0, 0, 0, 0, 1, 1, 0, 1, 1)",4.0,8.0,7.0,11.0,4.561,9.761666666666667,9.137666666666666,13.116333333333333,0.0,6.9103234020821,6.08709553425799,9.463467691342013,1.0,5.0,1.0,6.0,0.2693289496550903,0.0841820119378872,0.09174435266477461,0.0038239947145060154,4.0,3.0,7.0,5.200666666666667,4.576666666666666,8.555333333333333,6.9103234020821,6.08709553425799,9.463467691342013,-3.406371650907492,-3.009424037407824,-1.8093942884880674
47,3,0.8571428571428571,1.9924301646902063,-4.058,"(0, 1, 0, 0, 0, 0, 0, 0, 0, 0, 0, 0, 0, 0, 0, 0, 1, 0, 0, 1, 0, 0, 0, 0, 1)",3.0,8.0,6.0,11.0,3.73,9.670666666666667,7.788,12.038666666666666,0.0,6.1764006818619945,5.1150552712444615,9.145376215549224,1.0,7.0,1.0,35.0,0.10175985349162822,0.07697355651031633,0.11189487520173293,0.018727991714892384,5.0,3.0,8.0,5.940666666666667,4.058,8.308666666666666,6.1764006818619945,5.1150552712444615,9.145376215549224,-0.4696835627187101,-2.1061088081722534,-1.6670853442779432
47,4,1.1428571428571428,1.9924301646902063,-2.7280000000000006,"(1, 0, 0, 0, 1, 0, 0, 1, 1, 1, 0, 0, 1, 1, 0, 0, 0, 1, 1, 1, 0, 0, 0, 0, 0)",6.0,8.0,8.0,12.0,6.537,11.195666666666666,9.265,15.325666666666667,0.0,5.403227087397489,4.849431123121845,7.338474506361083,8.0,1.0,1.0,4.0,0.1614380340479294,0.1324841315299646,0.07339010144788072,0.06420907507532324,2.0,2.0,6.0,4.658666666666666,2.7280000000000006,8.788666666666668,5.403227087397489,4.849431123121845,7.338474506361083,-1.483484641698522,-4.226803362020586,2.889406604790103
47,5,1.4285714285714284,1.9924301646902063,-1.2876666666666665,"(0, 0, 0, 0, 0, 1, 1, 0, 1, 0, 0, 0, 1, 0, 0, 0, 1, 1, 0, 1, 1, 1, 1, 1, 1)",7.0,10.0,11.0,13.0,11.296,12.583666666666666,13.590333333333334,15.786666666666667,0.0,2.828044306704809,3.384651811323959,5.31468570468995,2.0,3.0,6.0,14.0,0.15250151517140714,0.009907151071564136,0.0706664948968159,0.03846891638318265,3.0,4.0,6.0,1.2876666666666665,2.2943333333333342,4.490666666666668,2.828044306704809,3.384651811323959,5.31468570468995,-3.069094875026307,-2.1723834246676357,-1.6418003876365934
47,6,1.7142857142857142,1.9924301646902063,-1.1996666666666664,"(0, 1, 1, 1, 0, 0, 1, 0, 0, 0, 0, 1, 0, 1, 0, 0, 0, 0, 1, 0, 1, 1, 1, 1, 1)",6.0,9.0,8.0,13.0,7.527,12.022333333333334,8.726666666666667,15.337,0.0,4.198814121898728,3.8250895682851977,7.108957620445245,3.0,2.0,2.0,21.0,0.15673399426440854,0.026748359496133533,0.14245995610540618,0.0033335479982406742,3.0,2.0,7.0,4.495333333333334,1.1996666666666664,7.81,4.198814121898728,3.8250895682851977,7.108957620445245,0.5907938212724617,-5.230971784253249,1.3967779837510945
47,7,2.0,1.9924301646902063,-1.001666666666667,"(1, 1, 0, 1, 0, 0, 0, 1, 1, 1, 0, 0, 1, 1, 1, 0, 1, 0, 1, 0, 0, 1, 0, 0, 0)",10.0,11.0,9.0,13.0,10.849,12.415333333333333,11.850666666666667,15.255,0.0,5.227018777443581,4.676919878029085,7.595664033453179,53.0,24.0,1.0,24.0,0.07836185727481818,0.09496697222567319,0.029172506674293466,0.05630459238996939,1.0,-1.0,3.0,1.5663333333333327,1.001666666666667,4.406000000000001,5.227018777443581,4.676919878029085,7.595664033453179,-7.293660102287623,-7.322685361193032,-6.355182835479544
48,0,0.0,1.9924301646902063,-5.595333333333333,"(0, 0, 0, 0, 0, 0, 0, 0, 1, 1, 0, 0, 0, 0, 0, 0, 0, 0, 0, 1, 0, 0, 0, 1, 0)",3.0,6.0,7.0,10.0,3.1193333333333335,8.714666666666666,10.536333333333333,13.664,0.0,6.170478736650276,6.6763014101827665,10.485064120173975,2.0,2.0,2.0,7.0,0.12905537306991544,0.07740799375800145,0.1298664884975847,0.007542615998360811,3.0,4.0,7.0,5.595333333333333,7.417,10.544666666666666,6.170478736650276,6.6763014101827665,10.485064120173975,-1.1459370506515927,1.4757902132953538,0.11875391152438808
48,1,0.2857142857142857,1.9924301646902063,-3.7313333333333336,"(1, 0, 1, 0, 0, 0, 1, 1, 0, 1, 1, 0, 1, 1, 0, 0, 0, 0, 0, 0, 1, 0, 1, 0, 0)",6.0,10.0,10.0,12.0,8.058,11.789333333333333,12.815,14.913333333333334,0.0,4.811110049620971,4.135333083040404,6.197387612930063,2.0,6.0,5.0,12.0,0.38515690969856664,0.007749667495436482,0.022203205575145678,0.02444147984477491,4.0,4.0,6.0,3.7313333333333336,4.757,6.855333333333334,4.811110049620971,4.135333083040404,6.197387612930063,-2.151379700661627,1.23862791774026,1.3109109000603056
48,2,0.5714285714285714,1.9924301646902063,-3.8916666666666675,"(0, 0, 1, 0, 1, 0, 1, 0, 0, 1, 0, 0, 0, 0, 0, 0, 0, 0, 0, 0, 1, 1, 0, 1, 1)",5.0,9.0,8.0,12.0,5.963666666666667,11.477666666666666,9.855333333333334,14.934,0.0,5.093636646974041,4.922675069787151,7.848492352295895,2.0,5.0,2.0,10.0,0.29701207922556117,0.013873688406263528,0.04687235242528698,0.008338624149728953,4.0,3.0,7.0,5.513999999999999,3.8916666666666675,8.970333333333333,5.093636646974041,4.922675069787151,7.848492352295895,0.8375446246992383,-2.0542122424263316,2.2351898106046444
48,3,0.8571428571428571,1.9924301646902063,-4.058,"(0, 1, 0, 0, 0, 0, 0, 0, 0, 0, 0, 0, 0, 0, 0, 0, 1, 0, 0, 1, 0, 0, 0, 0, 1)",3.0,8.0,6.0,11.0,3.73,9.670666666666667,7.788,12.038666666666666,0.0,6.1764006818619945,5.1150552712444615,9.145376215549224,1.0,7.0,1.0,35.0,0.10175985349162822,0.07697355651031633,0.11189487520173293,0.018727991714892384,5.0,3.0,8.0,5.940666666666667,4.058,8.308666666666666,6.1764006818619945,5.1150552712444615,9.145376215549224,-0.4696835627187101,-2.1061088081722534,-1.6670853442779432
48,4,1.1428571428571428,1.9924301646902063,-2.7280000000000006,"(1, 0, 0, 0, 1, 0, 0, 1, 1, 1, 0, 0, 1, 1, 0, 0, 0, 1, 1, 1, 0, 0, 0, 0, 0)",6.0,8.0,8.0,12.0,6.537,11.195666666666666,9.265,15.325666666666667,0.0,5.403227087397489,4.849431123121845,7.338474506361083,8.0,1.0,1.0,4.0,0.1614380340479294,0.1324841315299646,0.07339010144788072,0.06420907507532324,2.0,2.0,6.0,4.658666666666666,2.7280000000000006,8.788666666666668,5.403227087397489,4.849431123121845,7.338474506361083,-1.483484641698522,-4.226803362020586,2.889406604790103
48,5,1.4285714285714284,1.9924301646902063,-1.2876666666666665,"(0, 0, 0, 0, 0, 1, 1, 0, 1, 0, 0, 0, 1, 0, 0, 0, 1, 1, 0, 1, 1, 1, 1, 1, 1)",7.0,10.0,11.0,13.0,11.296,12.583666666666666,13.590333333333334,15.786666666666667,0.0,2.828044306704809,3.384651811323959,5.31468570468995,2.0,3.0,6.0,14.0,0.15250151517140714,0.009907151071564136,0.0706664948968159,0.03846891638318265,3.0,4.0,6.0,1.2876666666666665,2.2943333333333342,4.490666666666668,2.828044306704809,3.384651811323959,5.31468570468995,-3.069094875026307,-2.1723834246676357,-1.6418003876365934
48,6,1.7142857142857142,1.9924301646902063,-1.1996666666666664,"(0, 1, 1, 1, 0, 0, 1, 0, 0, 0, 0, 1, 0, 1, 0, 0, 0, 0, 1, 0, 1, 1, 1, 1, 1)",6.0,9.0,8.0,13.0,7.527,12.022333333333334,8.726666666666667,15.337,0.0,4.198814121898728,3.8250895682851977,7.108957620445245,3.0,2.0,2.0,21.0,0.15673399426440854,0.026748359496133533,0.14245995610540618,0.0033335479982406742,3.0,2.0,7.0,4.495333333333334,1.1996666666666664,7.81,4.198814121898728,3.8250895682851977,7.108957620445245,0.5907938212724617,-5.230971784253249,1.3967779837510945
48,7,2.0,1.9924301646902063,-1.001666666666667,"(1, 1, 0, 1, 0, 0, 0, 1, 1, 1, 0, 0, 1, 1, 1, 0, 1, 0, 1, 0, 0, 1, 0, 0, 0)",10.0,11.0,9.0,13.0,10.849,12.415333333333333,11.850666666666667,15.255,0.0,5.227018777443581,4.676919878029085,7.595664033453179,53.0,24.0,1.0,24.0,0.07836185727481818,0.09496697222567319,0.029172506674293466,0.05630459238996939,1.0,-1.0,3.0,1.5663333333333327,1.001666666666667,4.406000000000001,5.227018777443581,4.676919878029085,7.595664033453179,-7.293660102287623,-7.322685361193032,-6.355182835479544
49,0,0.0,1.9924301646902063,-5.595333333333333,"(0, 0, 0, 0, 0, 0, 0, 0, 1, 1, 0, 0, 0, 0, 0, 0, 0, 0, 0, 1, 0, 0, 0, 1, 0)",3.0,6.0,7.0,10.0,3.1193333333333335,8.714666666666666,10.536333333333333,13.664,0.0,6.170478736650276,6.6763014101827665,10.485064120173975,2.0,2.0,2.0,7.0,0.12905537306991544,0.07740799375800145,0.1298664884975847,0.007542615998360811,3.0,4.0,7.0,5.595333333333333,7.417,10.544666666666666,6.170478736650276,6.6763014101827665,10.485064120173975,-1.1459370506515927,1.4757902132953538,0.11875391152438808
49,1,0.2857142857142857,1.9924301646902063,-3.7313333333333336,"(1, 0, 1, 0, 0, 0, 1, 1, 0, 1, 1, 0, 1, 1, 0, 0, 0, 0, 0, 0, 1, 0, 1, 0, 0)",6.0,10.0,10.0,12.0,8.058,11.789333333333333,12.815,14.913333333333334,0.0,4.811110049620971,4.135333083040404,6.197387612930063,2.0,6.0,5.0,12.0,0.38515690969856664,0.007749667495436482,0.022203205575145678,0.02444147984477491,4.0,4.0,6.0,3.7313333333333336,4.757,6.855333333333334,4.811110049620971,4.135333083040404,6.197387612930063,-2.151379700661627,1.23862791774026,1.3109109000603056
49,2,0.5714285714285714,1.9924301646902063,-3.8916666666666675,"(0, 0, 1, 0, 1, 0, 1, 0, 0, 1, 0, 0, 0, 0, 0, 0, 0, 0, 0, 0, 1, 1, 0, 1, 1)",5.0,9.0,8.0,12.0,5.963666666666667,11.477666666666666,9.855333333333334,14.934,0.0,5.093636646974041,4.922675069787151,7.848492352295895,2.0,5.0,2.0,10.0,0.29701207922556117,0.013873688406263528,0.04687235242528698,0.008338624149728953,4.0,3.0,7.0,5.513999999999999,3.8916666666666675,8.970333333333333,5.093636646974041,4.922675069787151,7.848492352295895,0.8375446246992383,-2.0542122424263316,2.2351898106046444
49,3,0.8571428571428571,1.9924301646902063,-4.058,"(0, 1, 0, 0, 0, 0, 0, 0, 0, 0, 0, 0, 0, 0, 0, 0, 1, 0, 0, 1, 0, 0, 0, 0, 1)",3.0,8.0,6.0,11.0,3.73,9.670666666666667,7.788,12.038666666666666,0.0,6.1764006818619945,5.1150552712444615,9.145376215549224,1.0,7.0,1.0,35.0,0.10175985349162822,0.07697355651031633,0.11189487520173293,0.018727991714892384,5.0,3.0,8.0,5.940666666666667,4.058,8.308666666666666,6.1764006818619945,5.1150552712444615,9.145376215549224,-0.4696835627187101,-2.1061088081722534,-1.6670853442779432
49,4,1.1428571428571428,1.9924301646902063,-2.7280000000000006,"(1, 0, 0, 0, 1, 0, 0, 1, 1, 1, 0, 0, 1, 1, 0, 0, 0, 1, 1, 1, 0, 0, 0, 0, 0)",6.0,8.0,8.0,12.0,6.537,11.195666666666666,9.265,15.325666666666667,0.0,5.403227087397489,4.849431123121845,7.338474506361083,8.0,1.0,1.0,4.0,0.1614380340479294,0.1324841315299646,0.07339010144788072,0.06420907507532324,2.0,2.0,6.0,4.658666666666666,2.7280000000000006,8.788666666666668,5.403227087397489,4.849431123121845,7.338474506361083,-1.483484641698522,-4.226803362020586,2.889406604790103
49,5,1.4285714285714284,1.9924301646902063,-1.2876666666666665,"(0, 0, 0, 0, 0, 1, 1, 0, 1, 0, 0, 0, 1, 0, 0, 0, 1, 1, 0, 1, 1, 1, 1, 1, 1)",7.0,10.0,11.0,13.0,11.296,12.583666666666666,13.590333333333334,15.786666666666667,0.0,2.828044306704809,3.384651811323959,5.31468570468995,2.0,3.0,6.0,14.0,0.15250151517140714,0.009907151071564136,0.0706664948968159,0.03846891638318265,3.0,4.0,6.0,1.2876666666666665,2.2943333333333342,4.490666666666668,2.828044306704809,3.384651811323959,5.31468570468995,-3.069094875026307,-2.1723834246676357,-1.6418003876365934
49,6,1.7142857142857142,1.9924301646902063,-1.1996666666666664,"(0, 1, 1, 1, 0, 0, 1, 0, 0, 0, 0, 1, 0, 1, 0, 0, 0, 0, 1, 0, 1, 1, 1, 1, 1)",6.0,9.0,8.0,13.0,7.527,12.022333333333334,8.726666666666667,15.337,0.0,4.198814121898728,3.8250895682851977,7.108957620445245,3.0,2.0,2.0,21.0,0.15673399426440854,0.026748359496133533,0.14245995610540618,0.0033335479982406742,3.0,2.0,7.0,4.495333333333334,1.1996666666666664,7.81,4.198814121898728,3.8250895682851977,7.108957620445245,0.5907938212724617,-5.230971784253249,1.3967779837510945
49,7,2.0,1.9924301646902063,-1.001666666666667,"(1, 1, 0, 1, 0, 0, 0, 1, 1, 1, 0, 0, 1, 1, 1, 0, 1, 0, 1, 0, 0, 1, 0, 0, 0)",10.0,11.0,9.0,13.0,10.849,12.415333333333333,11.850666666666667,15.255,0.0,5.227018777443581,4.676919878029085,7.595664033453179,53.0,24.0,1.0,24.0,0.07836185727481818,0.09496697222567319,0.029172506674293466,0.05630459238996939,1.0,-1.0,3.0,1.5663333333333327,1.001666666666667,4.406000000000001,5.227018777443581,4.676919878029085,7.595664033453179,-7.293660102287623,-7.322685361193032,-6.355182835479544
