step,replica,lambda,beta,phi,syndrome,E0_II,E0_IX,E0_XI,E0_XX,U_II,U_IX,U_XI,U_XX,F_II,F_IX,F_XI,F_XX,g_II,g_IX,g_XI,g_XX,Z_II,Z_IX,Z_XI,Z_XX,delta_E0_IX,delta_E0_XI,delta_E0_XX,delta_U_IX,delta_U_XI,delta_U_XX,delta_F_IX,delta_F_XI,delta_F_XX,delta_S_IX,delta_S_XI,delta_S_XX
0,0,0.0,1.6582280766035322,-2.860333333333333,"(0, 0, 0, 0, 1, 1, 0, 1, 0, 1, 1, 0, 1, 0, 1, 0, 0, 0, 0, 1, 0, 1, 1, 1, 1)",6.0,10.0,9.0,15.0,10.785,15.288,13.645333333333333,18.747,0.0,3.9575639771348023,3.4230433690198576,5.406698705656834,1.0,3.0,1.0,10.0,0.14424285222788583,0.07290116090524783,0.00806740916317304,0.03698882677574104,4.0,3.0,9.0,4.503,2.860333333333333,7.962,3.9575639771348023,3.4230433690198576,5.406698705656834,0.9044573271060371,-0.9331015801619704,4.2372723504611844
0,1,0.2857142857142857,1.6582280766035322,-2.1113296861572453,"(0, 0, 0, 1, 1, 1, 0, 1, 0, 0, 0, 0, 0, 1, 0, 1, 1, 0, 0, 1, 0, 1, 1, 0, 0)",7.0,10.0,12.0,12.0,10.478333333333333,14.928333333333333,17.148666666666667,16.596666666666668,0.0,2.8550173413793187,2.1113296861572453,3.3335635395306915,2.0,2.0,6.0,2.0,0.12914797988542434,0.07891605809552671,0.047218179925899044,0.03689526158769724,3.0,5.0,5.0,4.449999999999999,6.670333333333334,6.118333333333334,2.8550173413793187,2.1113296861572453,3.3335635395306915,2.644845026220559,7.559867849085293,4.617783458960971
0,2,0.5714285714285714,1.6582280766035322,-2.0087130053500974,"(0, 0, 0, 0, 0, 0, 0, 1, 0, 1, 1, 1, 1, 0, 1, 1, 1, 1, 1, 0, 1, 0, 0, 0, 1)",6.0,9.0,9.0,12.0,9.951,13.477666666666666,11.995666666666667,17.407333333333334,0.0,2.8890018045714885,2.0087130053500974,3.960023682115101,2.0,1.0,7.0,5.0,0.15974343510308017,0.0413181615255502,0.11522298182244377,0.020462885350431954,3.0,3.0,6.0,3.5266666666666655,2.044666666666666,7.456333333333333,2.8890018045714885,2.0087130053500974,3.960023682115101,1.057393777789742,0.0596193706518286,5.797678828149976
0,3,0.8571428571428571,1.6582280766035322,-4.638340301606179,"(0, 1, 0, 0, 0, 0, 0, 1, 0, 0, 0, 0, 0, 0, 0, 0, 0, 0, 0, 0, 0, 0, 0, 1, 1)",3.0,7.0,7.0,10.0,4.102333333333333,11.582333333333333,9.165,14.622,0.0,5.2579372224290895,4.638340301606179,6.510590348630007,2.0,2.0,2.0,12.0,0.37529065380286386,0.04558390371051909,0.061171178827881395,0.02956695287513942,4.0,4.0,7.0,7.4799999999999995,5.062666666666666,10.519666666666666,5.2579372224290895,4.638340301606179,6.510590348630007,3.6846868857437127,0.7036298921864202,6.647962911814699
0,4,1.1428571428571428,1.6582280766035322,-3.2813333333333325,"(1, 1, 1, 1, 1, 0, 0, 0, 0, 0, 0, 1, 1, 1, 0, 1, 0, 0, 0, 0, 1, 0, 0, 0, 0)",6.0,9.0,10.0,13.0,9.371333333333334,12.652666666666667,14.938666666666666,16.320666666666668,0.0,3.401550890671436,3.2951018605316933,4.852141174949597,2.0,1.0,7.0,3.0,0.2110103314287377,0.008799451775362682,0.0582113600730361,0.01083279592581736,3.0,4.0,7.0,3.2813333333333325,5.567333333333332,6.949333333333334,3.401550890671436,3.2951018605316933,4.852141174949597,-0.19934812887873815,3.7678780247418726,3.4776229190646744
0,5,1.4285714285714284,1.6582280766035322,-4.4218678385837915,"(0, 0, 1, 0, 0, 0, 0, 1, 0, 0, 0, 0, 0, 0, 0, 0, 0, 0, 1, 1, 0, 0, 0, 0, 0)",2.0,6.0,6.0,10.0,3.1586666666666665,8.359666666666667,9.017333333333333,12.815666666666667,0.0,4.69202082939712,4.4218678385837915,6.949569382397981,1.0,1.0,1.0,31.0,0.21625867098891743,0.07249611729358604,0.03001973567537334,0.012377310637970283,4.0,4.0,8.0,5.2010000000000005,5.858666666666666,9.657,4.69202082939712,4.4218678385837915,6.949569382397981,0.8440035511000753,2.3825401571580747,4.489537465563709
0,6,1.7142857142857142,1.6582280766035322,-2.8893887244560283,"(0, 1, 0, 0, 0, 1, 0, 0, 1, 1, 1, 0, 0, 0, 0, 0, 0, 0, 0, 0, 0, 1, 0, 1, 1)",4.0,7.0,8.0,11.0,5.810333333333333,10.874666666666666,10.443,14.294666666666666,0.0,3.702961480728737,2.8893887244560283,5.262377588723106,1.0,1.0,3.0,2.0,0.3362781950532981,0.13819549987122803,0.018847372979060317,0.043877648197926625,3.0,4.0,7.0,5.064333333333333,4.632666666666666,8.484333333333332,3.702961480728737,2.8893887244560283,5.262377588723106,2.2574650286867066,2.8907524290973097,5.342737477286717
0,7,2.0,1.6582280766035322,-2.1074973368246486,"(1, 0, 0, 0, 0, 1, 0, 0, 0, 1, 0, 1, 1, 0, 1, 0, 1, 0, 0, 0, 1, 0, 1, 0, 1)",6.0,10.0,10.0,11.0,8.194,12.430666666666667,13.288333333333334,15.382,0.0,2.1074973368246486,2.624781585321122,3.4417905586636817,3.0,11.0,6.0,1.0,0.1706918675943809,0.10722247153245418,0.05430129564295848,0.04052603573298538,4.0,4.0,5.0,4.236666666666666,5.094333333333333,7.187999999999999,2.1074973368246486,2.624781585321122,3.4417905586636817,3.530648362587161,4.09508004517918,6.212069676461114
1,0,0.0,1.6582280766035322,-2.488585785962751,"(0, 0, 0, 0, 1, 1, 0, 0, 0, 1, 1, 0, 0, 0, 1, 0, 0, 0, 0, 1, 0, 1, 1, 1, 1)",5.0,9.0,9.0,12.0,7.903333333333333,12.121,14.846,16.891333333333332,0.0,2.488585785962751,3.4610444291086893,5.0761309385859175,1.0,4.0,2.0,13.0,0.09810073454101317,0.10252227325889669,0.05777687812268735,0.016021913640535883,4.0,4.0,7.0,4.217666666666667,6.942666666666667,8.988,2.488585785962751,3.4610444291086893,5.0761309385859175,2.8672104631015967,5.773323746445851,6.486771109633538
1,1,0.2857142857142857,1.6582280766035322,-0.8596070101548645,"(1, 0, 0, 1, 1, 1, 0, 1, 0, 0, 0, 0, 0, 1, 0, 1, 1, 0, 0, 1, 1, 1, 1, 0, 0)",8.0,11.0,13.0,15.0,10.204,16.086,16.964333333333332,19.563,0.0,1.4262880305777161,0.8596070101548645,2.912594705150275,4.0,3.0,12.0,10.0,0.11705135905096765,0.04278558788987407,0.04105621996928199,0.019434451948657335,3.0,5.0,7.0,5.881999999999998,6.760333333333332,9.358999999999998,1.4262880305777161,0.8596070101548645,2.912594705150275,7.388586688954447,9.784750061448063,10.689610253085483
1,2,0.5714285714285714,1.6582280766035322,-2.0087130053500974,"(0, 0, 0, 0, 0, 0, 0, 1, 0, 1, 1, 1, 1, 0, 1, 1, 1, 1, 1, 0, 1, 0, 0, 0, 1)",6.0,9.0,9.0,12.0,9.951,13.477666666666666,11.995666666666667,17.407333333333334,0.0,2.8890018045714885,2.0087130053500974,3.960023682115101,2.0,1.0,7.0,5.0,0.15974343510308017,0.0413181615255502,0.11522298182244377,0.020462885350431954,3.0,3.0,6.0,3.5266666666666655,2.044666666666666,7.456333333333333,2.8890018045714885,2.0087130053500974,3.960023682115101,1.057393777789742,0.0596193706518286,5.797678828149976
1,3,0.8571428571428571,1.6582280766035322,-3.4355906281328243,"(0, 1, 0, 0, 1, 0, 0, 1, 0, 0, 0, 0, 0, 0, 0, 0, 0, 0, 0, 0, 0, 0, 0, 1, 0)",4.0,8.0,8.0,12.0,4.909666666666666,11.730333333333334,9.725666666666667,15.732333333333333,0.0,4.359472401012483,3.4355906281328243,5.4716367596122675,4.0,3.0,18.0,55.0,0.33380283560694707,0.08024483583141964,0.012170232225393195,0.007700385229078269,4.0,4.0,8.0,6.820666666666668,4.816000000000001,10.822666666666667,4.359472401012483,3.4355906281328243,5.4716367596122675,4.081221433283382,2.289033577636798,8.873228030622794
1,4,1.1428571428571428,1.6582280766035322,-2.2654343487429323,"(1, 1, 1, 1, 1, 0, 0, 0, 1, 0, 0, 1, 1, 0, 0, 1, 0, 0, 0, 0, 1, 0, 0, 0, 0)",5.0,9.0,9.0,12.0,7.721333333333333,16.005,14.366333333333333,17.836,0.0,3.08293157813027,2.2654343487429323,4.849782806129537,1.0,2.0,5.0,5.0,0.21961371360122978,0.029966016406555017,0.053892954957997535,0.018104623831151734,4.0,4.0,7.0,8.283666666666665,6.6450000000000005,10.114666666666665,3.08293157813027,2.2654343487429323,4.849782806129537,8.624004942788208,7.2623187262429045,8.730378237599462
1,5,1.4285714285714284,1.6582280766035322,-4.4218678385837915,"(0, 0, 1, 0, 0, 0, 0, 1, 0, 0, 0, 0, 0, 0, 0, 0, 0, 0, 1, 1, 0, 0, 0, 0, 0)",2.0,6.0,6.0,10.0,3.1586666666666665,8.359666666666667,9.017333333333333,12.815666666666667,0.0,4.69202082939712,4.4218678385837915,6.949569382397981,1.0,1.0,1.0,31.0,0.21625867098891743,0.07249611729358604,0.03001973567537334,0.012377310637970283,4.0,4.0,8.0,5.2010000000000005,5.858666666666666,9.657,4.69202082939712,4.4218678385837915,6.949569382397981,0.8440035511000753,2.3825401571580747,4.489537465563709
1,6,1.7142857142857142,1.6582280766035322,-2.8893887244560283,"(0, 1, 0, 0, 0, 1, 0, 0, 1, 1, 1, 0, 0, 0, 0, 0, 0, 0, 0, 0, 0, 1, 0, 1, 1)",4.0,7.0,8.0,11.0,5.810333333333333,10.874666666666666,10.443,14.294666666666666,0.0,3.702961480728737,2.8893887244560283,5.262377588723106,1.0,1.0,3.0,2.0,0.3362781950532981,0.13819549987122803,0.018847372979060317,0.043877648197926625,3.0,4.0,7.0,5.064333333333333,4.632666666666666,8.484333333333332,3.702961480728737,2.8893887244560283,5.262377588723106,2.2574650286867066,2.8907524290973097,5.342737477286717
1,7,2.0,1.6582280766035322,-2.1074973368246486,"(1, 0, 0, 0, 0, 1, 0, 0, 0, 1, 0, 1, 1, 0, 1, 0, 1, 0, 0, 0, 1, 0, 1, 0, 1)",6.0,10.0,10.0,11.0,8.194,12.430666666666667,13.288333333333334,15.382,0.0,2.1074973368246486,2.624781585321122,3.4417905586636817,3.0,11.0,6.0,1.0,0.1706918675943809,0.10722247153245418,0.05430129564295848,0.04052603573298538,4.0,4.0,5.0,4.236666666666666,5.094333333333333,7.187999999999999,2.1074973368246486,2.624781585321122,3.4417905586636817,3.530648362587161,4.09508004517918,6.212069676461114
2,0,0.0,1.6582280766035322,-2.488585785962751,"(0, 0, 0, 0, 1, 1, 0, 0, 0, 1, 1, 0, 0, 0, 1, 0, 0, 0, 0, 1, 0, 1, 1, 1, 1)",5.0,9.0,9.0,12.0,7.903333333333333,12.121,14.846,16.891333333333332,0.0,2.488585785962751,3.4610444291086893,5.0761309385859175,1.0,4.0,2.0,13.0,0.09810073454101317,0.10252227325889669,0.05777687812268735,0.016021913640535883,4.0,4.0,7.0,4.217666666666667,6.942666666666667,8.988,2.488585785962751,3.4610444291086893,5.0761309385859175,2.8672104631015967,5.773323746445851,6.486771109633538
2,1,0.2857142857142857,1.6582280766035322,-0.8596070101548645,"(1, 0, 0, 1, 1, 1, 0, 1, 0, 0, 0, 0, 0, 1, 0, 1, 1, 0, 0, 1, 1, 1, 1, 0, 0)",8.0,11.0,13.0,15.0,10.204,16.086,16.964333333333332,19.563,0.0,1.4262880305777161,0.8596070101548645,2.912594705150275,4.0,3.0,12.0,10.0,0.11705135905096765,0.04278558788987407,0.04105621996928199,0.019434451948657335,3.0,5.0,7.0,5.881999999999998,6.760333333333332,9.358999999999998,1.4262880305777161,0.8596070101548645,2.912594705150275,7.388586688954447,9.784750061448063,10.689610253085483
2,2,0.5714285714285714,1.6582280766035322,-2.0087130053500974,"(0, 0, 0, 0, 0, 0, 0, 1, 0, 1, 1, 1, 1, 0, 1, 1, 1, 1, 1, 0, 1, 0, 0, 0, 1)",6.0,9.0,9.0,12.0,9.951,13.477666666666666,11.995666666666667,17.407333333333334,0.0,2.8890018045714885,2.0087130053500974,3.960023682115101,2.0,1.0,7.0,5.0,0.15974343510308017,0.0413181615255502,0.11522298182244377,0.020462885350431954,3.0,3.0,6.0,3.5266666666666655,2.044666666666666,7.456333333333333,2.8890018045714885,2.0087130053500974,3.960023682115101,1.057393777789742,0.0596193706518286,5.797678828149976
2,3,0.8571428571428571,1.6582280766035322,-3.4355906281328243,"(0, 1, 0, 0, 1, 0, 0, 1, 0, 0, 0, 0, 0, 0, 0, 0, 0, 0, 0, 0, 0, 0, 0, 1, 0)",4.0,8.0,8.0,12.0,4.909666666666666,11.730333333333334,9.725666666666667,15.732333333333333,0.0,4.359472401012483,3.4355906281328243,5.4716367596122675,4.0,3.0,18.0,55.0,0.33380283560694707,0.08024483583141964,0.012170232225393195,0.007700385229078269,4.0,4.0,8.0,6.820666666666668,4.816000000000001,10.822666666666667,4.359472401012483,3.4355906281328243,5.4716367596122675,4.081221433283382,2.289033577636798,8.873228030622794
2,4,1.1428571428571428,1.6582280766035322,-2.2654343487429323,"(1, 1, 1, 1, 1, 0, 0, 0, 1, 0, 0, 1, 1, 0, 0, 1, 0, 0, 0, 0, 1, 0, 0, 0, 0)",5.0,9.0,9.0,12.0,7.721333333333333,16.005,14.366333333333333,17.836,0.0,3.08293157813027,2.2654343487429323,4.849782806129537,1.0,2.0,5.0,5.0,0.21961371360122978,0.029966016406555017,0.053892954957997535,0.018104623831151734,4.0,4.0,7.0,8.283666666666665,6.6450000000000005,10.114666666666665,3.08293157813027,2.2654343487429323,4.849782806129537,8.624004942788208,7.2623187262429045,8.730378237599462
2,5,1.4285714285714284,1.6582280766035322,-4.4218678385837915,"(0, 0, 1, 0, 0, 0, 0, 1, 0, 0, 0, 0, 0, 0, 0, 0, 0, 0, 1, 1, 0, 0, 0, 0, 0)",2.0,6.0,6.0,10.0,3.1586666666666665,8.359666666666667,9.017333333333333,12.815666666666667,0.0,4.69202082939712,4.4218678385837915,6.949569382397981,1.0,1.0,1.0,31.0,0.21625867098891743,0.07249611729358604,0.03001973567537334,0.012377310637970283,4.0,4.0,8.0,5.2010000000000005,5.858666666666666,9.657,4.69202082939712,4.4218678385837915,6.949569382397981,0.8440035511000753,2.3825401571580747,4.489537465563709
2,6,1.7142857142857142,1.6582280766035322,-2.8893887244560283,"(0, 1, 0, 0, 0, 1, 0, 0, 1, 1, 1, 0, 0, 0, 0, 0, 0, 0, 0, 0, 0, 1, 0, 1, 1)",4.0,7.0,8.0,11.0,5.810333333333333,10.874666666666666,10.443,14.294666666666666,0.0,3.702961480728737,2.8893887244560283,5.262377588723106,1.0,1.0,3.0,2.0,0.3362781950532981,0.13819549987122803,0.018847372979060317,0.043877648197926625,3.0,4.0,7.0,5.064333333333333,4.632666666666666,8.484333333333332,3.702961480728737,2.8893887244560283,5.262377588723106,2.2574650286867066,2.8907524290973097,5.342737477286717
2,7,2.0,1.6582280766035322,-2.1074973368246486,"(1, 0, 0, 0, 0, 1, 0, 0, 0, 1, 0, 1, 1, 0, 1, 0, 1, 0, 0, 0, 1, 0, 1, 0, 1)",6.0,10.0,10.0,11.0,8.194,12.430666666666667,13.288333333333334,15.382,0.0,2.1074973368246486,2.624781585321122,3.4417905586636817,3.0,11.0,6.0,1.0,0.1706918675943809,0.10722247153245418,0.05430129564295848,0.04052603573298538,4.0,4.0,5.0,4.236666666666666,5.094333333333333,7.187999999999999,2.1074973368246486,2.624781585321122,3.4417905586636817,3.530648362587161,4.09508004517918,6.212069676461114
3,0,0.0,1.6582280766035322,-1.7220698575527669,"(0, 0, 0, 0, 1, 0, 1, 0, 0, 1, 1, 0, 0, 0, 1, 0, 0, 0, 0, 1, 0, 1, 1, 1, 1)",6.0,10.0,11.0,12.0,10.275,13.494,14.511,17.606,0.0,2.2176865925149536,1.7220698575527669,3.4598376075640496,1.0,14.0,11.0,3.0,0.08577043294088836,0.028116990286244255,0.01316490399903476,0.006524996017754443,4.0,5.0,6.0,3.2189999999999994,4.235999999999999,7.331000000000001,2.2176865925149536,1.7220698575527669,3.4598376075640496,1.6604060057712564,4.168669544825917,6.419270168228996
3,1,0.2857142857142857,1.6582280766035322,-2.6877666150974457,"(1, 0, 0, 1, 1, 0, 0, 1, 0, 1, 0, 0, 0, 1, 0, 1, 1, 0, 0, 1, 1, 1, 1, 0, 0)",8.0,12.0,12.0,14.0,10.629333333333333,17.388,16.272666666666666,19.666333333333334,0.0,2.6877666150974457,2.9616966809741454,3.20607343757449,8.0,5.0,18.0,6.0,0.19090844641512147,0.01961573877292206,0.07726865214530812,0.018573986226065674,4.0,4.0,6.0,6.758666666666668,5.643333333333333,9.037,2.6877666150974457,2.9616966809741454,3.20607343757449,6.750480762558852,4.44676518819111,9.6690061384273
3,2,0.5714285714285714,1.6582280766035322,-3.2754150083111275,"(0, 0, 0, 0, 0, 0, 0, 1, 0, 1, 1, 1, 1, 0, 1, 1, 1, 0, 1, 0, 1, 0, 1, 0, 1)",7.0,10.0,10.0,13.0,8.684,15.179333333333334,13.426,18.582333333333334,0.0,3.4721361324655255,3.2754150083111275,4.306556500612423,4.0,2.0,8.0,2.0,0.22980122725848254,0.011119022405616416,0.06550973982514613,0.019260773275181144,3.0,3.0,6.0,6.495333333333335,4.742000000000001,9.898333333333335,3.4721361324655255,3.2754150083111275,4.306556500612423,5.01315047958821,2.431932409943848,9.27244134211899
3,3,0.8571428571428571,1.6582280766035322,-3.4355906281328243,"(0, 1, 0, 0, 1, 0, 0, 1, 0, 0, 0, 0, 0, 0, 0, 0, 0, 0, 0, 0, 0, 0, 0, 1, 0)",4.0,8.0,8.0,12.0,4.909666666666666,11.730333333333334,9.725666666666667,15.732333333333333,0.0,4.359472401012483,3.4355906281328243,5.4716367596122675,4.0,3.0,18.0,55.0,0.33380283560694707,0.08024483583141964,0.012170232225393195,0.007700385229078269,4.0,4.0,8.0,6.820666666666668,4.816000000000001,10.822666666666667,4.359472401012483,3.4355906281328243,5.4716367596122675,4.081221433283382,2.289033577636798,8.873228030622794
3,4,1.1428571428571428,1.6582280766035322,-2.2654343487429323,"(1, 1, 1, 1, 1, 0, 0, 0, 1, 0, 0, 1, 1, 0, 0, 1, 0, 0, 0, 0, 1, 0, 0, 0, 0)",5.0,9.0,9.0,12.0,7.721333333333333,16.005,14.366333333333333,17.836,0.0,3.08293157813027,2.2654343487429323,4.849782806129537,1.0,2.0,5.0,5.0,0.21961371360122978,0.029966016406555017,0.053892954957997535,0.018104623831151734,4.0,4.0,7.0,8.283666666666665,6.6450000000000005,10.114666666666665,3.08293157813027,2.2654343487429323,4.849782806129537,8.624004942788208,7.2623187262429045,8.730378237599462
3,5,1.4285714285714284,1.6582280766035322,-4.4218678385837915,"(0, 0, 1, 0, 0, 0, 0, 1, 0, 0, 0, 0, 0, 0, 0, 0, 0, 0, 1, 1, 0, 0, 0, 0, 0)",2.0,6.0,6.0,10.0,3.1586666666666665,8.359666666666667,9.017333333333333,12.815666666666667,0.0,4.69202082939712,4.4218678385837915,6.949569382397981,1.0,1.0,1.0,31.0,0.21625867098891743,0.07249611729358604,0.03001973567537334,0.012377310637970283,4.0,4.0,8.0,5.2010000000000005,5.858666666666666,9.657,4.69202082939712,4.4218678385837915,6.949569382397981,0.8440035511000753,2.3825401571580747,4.489537465563709
3,6,1.7142857142857142,1.6582280766035322,-2.8893887244560283,"(0, 1, 0, 0, 0, 1, 0, 0, 1, 1, 1, 0, 0, 0, 0, 0, 0, 0, 0, 0, 0, 1, 0, 1, 1)",4.0,7.0,8.0,11.0,5.810333333333333,10.874666666666666,10.443,14.294666666666666,0.0,3.702961480728737,2.8893887244560283,5.262377588723106,1.0,1.0,3.0,2.0,0.3362781950532981,0.13819549987122803,0.018847372979060317,0.043877648197926625,3.0,4.0,7.0,5.064333333333333,4.632666666666666,8.484333333333332,3.702961480728737,2.8893887244560283,5.262377588723106,2.2574650286867066,2.8907524290973097,5.342737477286717
3,7,2.0,1.6582280766035322,-2.1074973368246486,"(1, 0, 0, 0, 0, 1, 0, 0, 0, 1, 0, 1, 1, 0, 1, 0, 1, 0, 0, 0, 1, 0, 1, 0, 1)",6.0,10.0,10.0,11.0,8.194,12.430666666666667,13.288333333333334,15.382,0.0,2.1074973368246486,2.624781585321122,3.4417905586636817,3.0,11.0,6.0,1.0,0.1706918675943809,0.10722247153245418,0.05430129564295848,0.04052603573298538,4.0,4.0,5.0,4.236666666666666,5.094333333333333,7.187999999999999,2.1074973368246486,2.624781585321122,3.4417905586636817,3.530648362587161,4.09508004517918,6.212069676461114
4,0,0.0,1.6582280766035322,-4.040585929503421,"(0, 0, 0, 0, 1, 0, 1, 0, 0, 1, 1, 0, 0, 0, 1, 0, 0, 0, 0, 1, 0, 0, 0, 1, 1)",5.0,9.0,9.0,11.0,6.127666666666666,11.673,11.484,14.992666666666667,0.0,4.040585929503421,4.515953857174637,5.507730857413006,2.0,8.0,8.0,4.0,0.176002754673703,0.08870407030696996,0.03067473487647116,0.03568339485666088,4.0,4.0,6.0,5.545333333333334,5.356333333333334,8.865,4.040585929503421,4.515953857174637,5.507730857413006,2.4952143932270348,1.39354084236772,5.5671179529524215
4,1,0.2857142857142857,1.6582280766035322,-2.6877666150974457,"(1, 0, 0, 1, 1, 0, 0, 1, 0, 1, 0, 0, 0, 1, 0, 1, 1, 0, 0, 1, 1, 1, 1, 0, 0)",8.0,12.0,12.0,14.0,10.629333333333333,17.388,16.272666666666666,19.666333333333334,0.0,2.6877666150974457,2.9616966809741454,3.20607343757449,8.0,5.0,18.0,6.0,0.19090844641512147,0.01961573877292206,0.07726865214530812,0.018573986226065674,4.0,4.0,6.0,6.758666666666668,5.643333333333333,9.037,2.6877666150974457,2.9616966809741454,3.20607343757449,6.750480762558852,4.44676518819111,9.6690061384273
4,2,0.5714285714285714,1.6582280766035322,-2.4587100434492783,"(0, 0, 0, 0, 0, 0, 0, 1, 0, 1, 1, 1, 0, 0, 1, 1, 1, 1, 1, 0, 1, 0, 1, 0, 1)",7.0,13.0,10.0,15.0,11.094,17.557333333333332,14.183333333333334,19.495,0.0,2.763179143070095,2.4587100434492783,3.5546606164111627,2.0,17.0,2.0,4.0,0.15191939676473906,0.04578848695276718,0.01827494588909355,0.016016312813452786,6.0,3.0,8.0,6.463333333333333,3.089333333333334,8.401000000000002,2.763179143070095,2.4587100434492783,3.5546606164111627,6.13569956605671,1.0457172450458296,8.036336034616468
4,3,0.8571428571428571,1.6582280766035322,-3.4355906281328243,"(0, 1, 0, 0, 1, 0, 0, 1, 0, 0, 0, 0, 0, 0, 0, 0, 0, 0, 0, 0, 0, 0, 0, 1, 0)",4.0,8.0,8.0,12.0,4.909666666666666,11.730333333333334,9.725666666666667,15.732333333333333,0.0,4.359472401012483,3.4355906281328243,5.4716367596122675,4.0,3.0,18.0,55.0,0.33380283560694707,0.08024483583141964,0.012170232225393195,0.007700385229078269,4.0,4.0,8.0,6.820666666666668,4.816000000000001,10.822666666666667,4.359472401012483,3.4355906281328243,5.4716367596122675,4.081221433283382,2.289033577636798,8.873228030622794
4,4,1.1428571428571428,1.6582280766035322,-2.2654343487429323,"(1, 1, 1, 1, 1, 0, 0, 0, 1, 0, 0, 1, 1, 0, 0, 1, 0, 0, 0, 0, 1, 0, 0, 0, 0)",5.0,9.0,9.0,12.0,7.721333333333333,16.005,14.366333333333333,17.836,0.0,3.08293157813027,2.2654343487429323,4.849782806129537,1.0,2.0,5.0,5.0,0.21961371360122978,0.029966016406555017,0.053892954957997535,0.018104623831151734,4.0,4.0,7.0,8.283666666666665,6.6450000000000005,10.114666666666665,3.08293157813027,2.2654343487429323,4.849782806129537,8.624004942788208,7.2623187262429045,8.730378237599462
4,5,1.4285714285714284,1.6582280766035322,-3.645666666666666,"(0, 0, 1, 0, 0, 0, 0, 1, 1, 1, 0, 0, 0, 0, 0, 0, 0, 0, 1, 1, 0, 0, 0, 0, 0)",3.0,6.0,8.0,10.0,4.378666666666667,8.024333333333333,10.870333333333333,14.131333333333334,0.0,4.697916751447263,4.110406543906631,6.509779659348113,1.0,1.0,5.0,6.0,0.22521902385189635,0.11609651208685398,0.08614915072477286,0.04266679335002355,3.0,5.0,7.0,3.645666666666666,6.491666666666666,9.752666666666666,4.697916751447263,4.110406543906631,6.509779659348113,-1.7448706341916325,3.948672393257064,5.377446284788429
4,6,1.7142857142857142,1.6582280766035322,-2.4162133427972092,"(1, 1, 0, 0, 0, 1, 0, 0, 1, 1, 1, 0, 0, 0, 0, 0, 0, 0, 0, 0, 1, 1, 0, 1, 1)",5.0,8.0,8.0,11.0,6.0793333333333335,10.960666666666667,10.882333333333333,16.383666666666667,0.0,2.4162133427972092,3.5501741882261277,4.6361938174847985,2.0,2.0,3.0,2.0,0.3291549978486065,0.0226720751817685,0.05699318367739952,0.014667404094225003,3.0,3.0,6.0,4.881333333333333,4.803,10.304333333333332,2.4162133427972092,3.5501741882261277,4.6361938174847985,4.087731180503634,2.077470936177047,9.39906808728599
4,7,2.0,1.6582280766035322,-2.1074973368246486,"(1, 0, 0, 0, 0, 1, 0, 0, 0, 1, 0, 1, 1, 0, 1, 0, 1, 0, 0, 0, 1, 0, 1, 0, 1)",6.0,10.0,10.0,11.0,8.194,12.430666666666667,13.288333333333334,15.382,0.0,2.1074973368246486,2.624781585321122,3.4417905586636817,3.0,11.0,6.0,1.0,0.1706918675943809,0.10722247153245418,0.05430129564295848,0.04052603573298538,4.0,4.0,5.0,4.236666666666666,5.094333333333333,7.187999999999999,2.1074973368246486,2.624781585321122,3.4417905586636817,3.530648362587161,4.09508004517918,6.212069676461114
5,0,0.0,1.6582280766035322,-4.040585929503421,"(0, 0, 0, 0, 1, 0, 1, 0, 0, 1, 1, 0, 0, 0, 1, 0, 0, 0, 0, 1, 0, 0, 0, 1, 1)",5.0,9.0,9.0,11.0,6.127666666666666,11.673,11.484,14.992666666666667,0.0,4.040585929503421,4.515953857174637,5.507730857413006,2.0,8.0,8.0,4.0,0.176002754673703,0.08870407030696996,0.03067473487647116,0.03568339485666088,4.0,4.0,6.0,5.545333333333334,5.356333333333334,8.865,4.040585929503421,4.515953857174637,5.507730857413006,2.4952143932270348,1.39354084236772,5.5671179529524215
5,1,0.2857142857142857,1.6582280766035322,-2.595808655871576,"(0, 0, 0, 1, 0, 0, 0, 1, 0, 1, 0, 0, 0, 1, 0, 1, 1, 0, 0, 1, 1, 1, 1, 0, 0)",8.0,11.0,13.0,11.0,10.439666666666668,15.973,15.463333333333333,16.055333333333333,0.0,2.79988125783225,2.595808655871576,3.976873121849032,20.0,4.0,40.0,1.0,0.14626252247579313,0.053664344027843654,0.015988355386809063,0.03949886544680523,3.0,5.0,3.0,5.533333333333333,5.023666666666665,5.615666666666666,2.79988125783225,2.595808655871576,3.976873121849032,4.532686977646095,4.025942319507219,2.7174934677732296
5,2,0.5714285714285714,1.6582280766035322,-0.7243333333333322,"(0, 0, 0, 0, 0, 0, 0, 1, 0, 1, 1, 1, 0, 0, 1, 1, 1, 1, 1, 0, 0, 1, 1, 0, 1)",8.0,11.0,10.0,14.0,12.984666666666667,16.85333333333333,13.709,17.951333333333334,0.0,2.23608371178705,2.919586900206619,3.950636268725882,7.0,4.0,8.0,3.0,0.14903691559683016,0.035717796333710895,0.0709806078050944,0.027041941268083323,3.0,2.0,6.0,3.8686666666666643,0.7243333333333322,4.966666666666667,2.23608371178705,2.919586900206619,3.950636268725882,2.707194893165734,-3.6402310998533336,1.6848101325480693
5,3,0.8571428571428571,1.6582280766035322,-3.4355906281328243,"(0, 1, 0, 0, 1, 0, 0, 1, 0, 0, 0, 0, 0, 0, 0, 0, 0, 0, 0, 0, 0, 0, 0, 1, 0)",4.0,8.0,8.0,12.0,4.909666666666666,11.730333333333334,9.725666666666667,15.732333333333333,0.0,4.359472401012483,3.4355906281328243,5.4716367596122675,4.0,3.0,18.0,55.0,0.33380283560694707,0.08024483583141964,0.012170232225393195,0.007700385229078269,4.0,4.0,8.0,6.820666666666668,4.816000000000001,10.822666666666667,4.359472401012483,3.4355906281328243,5.4716367596122675,4.081221433283382,2.289033577636798,8.873228030622794
5,4,1.1428571428571428,1.6582280766035322,-2.2654343487429323,"(1, 1, 1, 1, 1, 0, 0, 0, 1, 0, 0, 1, 1, 0, 0, 1, 0, 0, 0, 0, 1, 0, 0, 0, 0)",5.0,9.0,9.0,12.0,7.721333333333333,16.005,14.366333333333333,17.836,0.0,3.08293157813027,2.2654343487429323,4.849782806129537,1.0,2.0,5.0,5.0,0.21961371360122978,0.029966016406555017,0.053892954957997535,0.018104623831151734,4.0,4.0,7.0,8.283666666666665,6.6450000000000005,10.114666666666665,3.08293157813027,2.2654343487429323,4.849782806129537,8.624004942788208,7.2623187262429045,8.730378237599462
5,5,1.4285714285714284,1.6582280766035322,-3.645666666666666,"(0, 0, 1, 0, 0, 0, 0, 1, 1, 1, 0, 0, 0, 0, 0, 0, 0, 0, 1, 1, 0, 0, 0, 0, 0)",3.0,6.0,8.0,10.0,4.378666666666667,8.024333333333333,10.870333333333333,14.131333333333334,0.0,4.697916751447263,4.110406543906631,6.509779659348113,1.0,1.0,5.0,6.0,0.22521902385189635,0.11609651208685398,0.08614915072477286,0.04266679335002355,3.0,5.0,7.0,3.645666666666666,6.491666666666666,9.752666666666666,4.697916751447263,4.110406543906631,6.509779659348113,-1.7448706341916325,3.948672393257064,5.377446284788429
5,6,1.7142857142857142,1.6582280766035322,-2.4162133427972092,"(1, 1, 0, 0, 0, 1, 0, 0, 1, 1, 1, 0, 0, 0, 0, 0, 0, 0, 0, 0, 1, 1, 0, 1, 1)",5.0,8.0,8.0,11.0,6.0793333333333335,10.960666666666667,10.882333333333333,16.383666666666667,0.0,2.4162133427972092,3.5501741882261277,4.6361938174847985,2.0,2.0,3.0,2.0,0.3291549978486065,0.0226720751817685,0.05699318367739952,0.014667404094225003,3.0,3.0,6.0,4.881333333333333,4.803,10.304333333333332,2.4162133427972092,3.5501741882261277,4.6361938174847985,4.087731180503634,2.077470936177047,9.39906808728599
5,7,2.0,1.6582280766035322,-2.1074973368246486,"(1, 0, 0, 0, 0, 1, 0, 0, 0, 1, 0, 1, 1, 0, 1, 0, 1, 0, 0, 0, 1, 0, 1, 0, 1)",6.0,10.0,10.0,11.0,8.194,12.430666666666667,13.288333333333334,15.382,0.0,2.1074973368246486,2.624781585321122,3.4417905586636817,3.0,11.0,6.0,1.0,0.1706918675943809,0.10722247153245418,0.05430129564295848,0.04052603573298538,4.0,4.0,5.0,4.236666666666666,5.094333333333333,7.187999999999999,2.1074973368246486,2.624781585321122,3.4417905586636817,3.530648362587161,4.09508004517918,6.212069676461114
6,0,0.0,1.6582280766035322,-4.040585929503421,"(0, 0, 0, 0, 1, 0, 1, 0, 0, 1, 1, 0, 0, 0, 1, 0, 0, 0, 0, 1, 0, 0, 0, 1, 1)",5.0,9.0,9.0,11.0,6.127666666666666,11.673,11.484,14.992666666666667,0.0,4.040585929503421,4.515953857174637,5.507730857413006,2.0,8.0,8.0,4.0,0.176002754673703,0.08870407030696996,0.03067473487647116,0.03568339485666088,4.0,4.0,6.0,5.545333333333334,5.356333333333334,8.865,4.040585929503421,4.515953857174637,5.507730857413006,2.4952143932270348,1.39354084236772,5.5671179529524215
6,1,0.2857142857142857,1.6582280766035322,-2.595808655871576,"(0, 0, 0, 1, 0, 0, 0, 1, 0, 1, 0, 0, 0, 1, 0, 1, 1, 0, 0, 1, 1, 1, 1, 0, 0)",8.0,11.0,13.0,11.0,10.439666666666668,15.973,15.463333333333333,16.055333333333333,0.0,2.79988125783225,2.595808655871576,3.976873121849032,20.0,4.0,40.0,1.0,0.14626252247579313,0.053664344027843654,0.015988355386809063,0.03949886544680523,3.0,5.0,3.0,5.533333333333333,5.023666666666665,5.615666666666666,2.79988125783225,2.595808655871576,3.976873121849032,4.532686977646095,4.025942319507219,2.7174934677732296
6,2,0.5714285714285714,1.6582280766035322,-0.7243333333333322,"(0, 0, 0, 0, 0, 0, 0, 1, 0, 1, 1, 1, 0, 0, 1, 1, 1, 1, 1, 0, 0, 1, 1, 0, 1)",8.0,11.0,10.0,14.0,12.984666666666667,16.85333333333333,13.709,17.951333333333334,0.0,2.23608371178705,2.919586900206619,3.950636268725882,7.0,4.0,8.0,3.0,0.14903691559683016,0.035717796333710895,0.0709806078050944,0.027041941268083323,3.0,2.0,6.0,3.8686666666666643,0.7243333333333322,4.966666666666667,2.23608371178705,2.919586900206619,3.950636268725882,2.707194893165734,-3.6402310998533336,1.6848101325480693
6,3,0.8571428571428571,1.6582280766035322,-3.4355906281328243,"(0, 1, 0, 0, 1, 0, 0, 1, 0, 0, 0, 0, 0, 0, 0, 0, 0, 0, 0, 0, 0, 0, 0, 1, 0)",4.0,8.0,8.0,12.0,4.909666666666666,11.730333333333334,9.725666666666667,15.732333333333333,0.0,4.359472401012483,3.4355906281328243,5.4716367596122675,4.0,3.0,18.0,55.0,0.33380283560694707,0.08024483583141964,0.012170232225393195,0.007700385229078269,4.0,4.0,8.0,6.820666666666668,4.816000000000001,10.822666666666667,4.359472401012483,3.4355906281328243,5.4716367596122675,4.081221433283382,2.289033577636798,8.873228030622794
6,4,1.1428571428571428,1.6582280766035322,-3.5190455622770007,"(1, 1, 1, 1, 1, 0, 0, 0, 1, 0, 1, 0, 1, 0, 0, 1, 0, 0, 0, 0, 1, 0, 0, 0, 0)",6.0,10.0,12.0,14.0,8.796,15.725666666666667,16.565,16.665666666666667,0.0,3.5190455622770007,3.6215332697893015,4.90128000028628,2.0,2.0,1.0,24.0,0.21182978875458164,0.014219366650738441,0.045896012314722776,0.022063463474923502,4.0,6.0,8.0,6.929666666666668,7.769000000000002,7.869666666666667,3.5190455622770007,3.6215332697893015,4.90128000028628,5.655587673955493,6.8774457788144305,4.9222621124075205
6,5,1.4285714285714284,1.6582280766035322,-3.645666666666666,"(0, 0, 1, 0, 0, 0, 0, 1, 1, 1, 0, 0, 0, 0, 0, 0, 0, 0, 1, 1, 0, 0, 0, 0, 0)",3.0,6.0,8.0,10.0,4.378666666666667,8.024333333333333,10.870333333333333,14.131333333333334,0.0,4.697916751447263,4.110406543906631,6.509779659348113,1.0,1.0,5.0,6.0,0.22521902385189635,0.11609651208685398,0.08614915072477286,0.04266679335002355,3.0,5.0,7.0,3.645666666666666,6.491666666666666,9.752666666666666,4.697916751447263,4.110406543906631,6.509779659348113,-1.7448706341916325,3.948672393257064,5.377446284788429
6,6,1.7142857142857142,1.6582280766035322,-2.4162133427972092,"(1, 1, 0, 0, 0, 1, 0, 0, 1, 1, 1, 0, 0, 0, 0, 0, 0, 0, 0, 0, 1, 1, 0, 1, 1)",5.0,8.0,8.0,11.0,6.0793333333333335,10.960666666666667,10.882333333333333,16.383666666666667,0.0,2.4162133427972092,3.5501741882261277,4.6361938174847985,2.0,2.0,3.0,2.0,0.3291549978486065,0.0226720751817685,0.05699318367739952,0.014667404094225003,3.0,3.0,6.0,4.881333333333333,4.803,10.304333333333332,2.4162133427972092,3.5501741882261277,4.6361938174847985,4.087731180503634,2.077470936177047,9.39906808728599
6,7,2.0,1.6582280766035322,-2.1074973368246486,"(1, 0, 0, 0, 0, 1, 0, 0, 0, 1, 0, 1, 1, 0, 1, 0, 1, 0, 0, 0, 1, 0, 1, 0, 1)",6.0,10.0,10.0,11.0,8.194,12.430666666666667,13.288333333333334,15.382,0.0,2.1074973368246486,2.624781585321122,3.4417905586636817,3.0,11.0,6.0,1.0,0.1706918675943809,0.10722247153245418,0.05430129564295848,0.04052603573298538,4.0,4.0,5.0,4.236666666666666,5.094333333333333,7.187999999999999,2.1074973368246486,2.624781585321122,3.4417905586636817,3.530648362587161,4.09508004517918,6.212069676461114
7,0,0.0,1.6582280766035322,-4.040585929503421,"(0, 0, 0, 0, 1, 0, 1, 0, 0, 1, 1, 0, 0, 0, 1, 0, 0, 0, 0, 1, 0, 0, 0, 1, 1)",5.0,9.0,9.0,11.0,6.127666666666666,11.673,11.484,14.992666666666667,0.0,4.040585929503421,4.515953857174637,5.507730857413006,2.0,8.0,8.0,4.0,0.176002754673703,0.08870407030696996,0.03067473487647116,0.03568339485666088,4.0,4.0,6.0,5.545333333333334,5.356333333333334,8.865,4.040585929503421,4.515953857174637,5.507730857413006,2.4952143932270348,1.39354084236772,5.5671179529524215
7,1,0.2857142857142857,1.6582280766035322,-2.595808655871576,"(0, 0, 0, 1, 0, 0, 0, 1, 0, 1, 0, 0, 0, 1, 0, 1, 1, 0, 0, 1, 1, 1, 1, 0, 0)",8.0,11.0,13.0,11.0,10.439666666666668,15.973,15.463333333333333,16.055333333333333,0.0,2.79988125783225,2.595808655871576,3.976873121849032,20.0,4.0,40.0,1.0,0.14626252247579313,0.053664344027843654,0.015988355386809063,0.03949886544680523,3.0,5.0,3.0,5.533333333333333,5.023666666666665,5.615666666666666,2.79988125783225,2.595808655871576,3.976873121849032,4.532686977646095,4.025942319507219,2.7174934677732296
7,2,0.5714285714285714,1.6582280766035322,-0.7243333333333322,"(0, 0, 0, 0, 0, 0, 0, 1, 0, 1, 1, 1, 0, 0, 1, 1, 1, 1, 1, 0, 0, 1, 1, 0, 1)",8.0,11.0,10.0,14.0,12.984666666666667,16.85333333333333,13.709,17.951333333333334,0.0,2.23608371178705,2.919586900206619,3.950636268725882,7.0,4.0,8.0,3.0,0.14903691559683016,0.035717796333710895,0.0709806078050944,0.027041941268083323,3.0,2.0,6.0,3.8686666666666643,0.7243333333333322,4.966666666666667,2.23608371178705,2.919586900206619,3.950636268725882,2.707194893165734,-3.6402310998533336,1.6848101325480693
7,3,0.8571428571428571,1.6582280766035322,-3.4355906281328243,"(0, 1, 0, 0, 1, 0, 0, 1, 0, 0, 0, 0, 0, 0, 0, 0, 0, 0, 0, 0, 0, 0, 0, 1, 0)",4.0,8.0,8.0,12.0,4.909666666666666,11.730333333333334,9.725666666666667,15.732333333333333,0.0,4.359472401012483,3.4355906281328243,5.4716367596122675,4.0,3.0,18.0,55.0,0.33380283560694707,0.08024483583141964,0.012170232225393195,0.007700385229078269,4.0,4.0,8.0,6.820666666666668,4.816000000000001,10.822666666666667,4.359472401012483,3.4355906281328243,5.4716367596122675,4.081221433283382,2.289033577636798,8.873228030622794
7,4,1.1428571428571428,1.6582280766035322,-3.5190455622770007,"(1, 1, 1, 1, 1, 0, 0, 0, 1, 0, 1, 0, 1, 0, 0, 1, 0, 0, 0, 0, 1, 0, 0, 0, 0)",6.0,10.0,12.0,14.0,8.796,15.725666666666667,16.565,16.665666666666667,0.0,3.5190455622770007,3.6215332697893015,4.90128000028628,2.0,2.0,1.0,24.0,0.21182978875458164,0.014219366650738441,0.045896012314722776,0.022063463474923502,4.0,6.0,8.0,6.929666666666668,7.769000000000002,7.869666666666667,3.5190455622770007,3.6215332697893015,4.90128000028628,5.655587673955493,6.8774457788144305,4.9222621124075205
7,5,1.4285714285714284,1.6582280766035322,-3.645666666666666,"(0, 0, 1, 0, 0, 0, 0, 1, 1, 1, 0, 0, 0, 0, 0, 0, 0, 0, 1, 1, 0, 0, 0, 0, 0)",3.0,6.0,8.0,10.0,4.378666666666667,8.024333333333333,10.870333333333333,14.131333333333334,0.0,4.697916751447263,4.110406543906631,6.509779659348113,1.0,1.0,5.0,6.0,0.22521902385189635,0.11609651208685398,0.08614915072477286,0.04266679335002355,3.0,5.0,7.0,3.645666666666666,6.491666666666666,9.752666666666666,4.697916751447263,4.110406543906631,6.509779659348113,-1.7448706341916325,3.948672393257064,5.377446284788429
7,6,1.7142857142857142,1.6582280766035322,-2.872,"(1, 1, 0, 0, 0, 1, 0, 0, 1, 1, 1, 0, 0, 0, 0, 0, 0, 0, 0, 0, 1, 1, 0, 0, 0)",4.0,7.0,7.0,10.0,6.563666666666666,9.435666666666666,11.356,17.153666666666666,0.0,3.0103656750224586,4.2576203475962116,6.716477789096744,2.0,2.0,1.0,1.0,0.338846993431107,0.026309018533412793,0.06552807542770461,0.006163587667103482,3.0,3.0,6.0,2.872,4.792333333333334,10.59,3.0103656750224586,4.2576203475962116,6.716477789096744,-0.22944184716044103,0.8866760858737998,6.423183285467168
7,7,2.0,1.6582280766035322,-2.1074973368246486,"(1, 0, 0, 0, 0, 1, 0, 0, 0, 1, 0, 1, 1, 0, 1, 0, 1, 0, 0, 0, 1, 0, 1, 0, 1)",6.0,10.0,10.0,11.0,8.194,12.430666666666667,13.288333333333334,15.382,0.0,2.1074973368246486,2.624781585321122,3.4417905586636817,3.0,11.0,6.0,1.0,0.1706918675943809,0.10722247153245418,0.05430129564295848,0.04052603573298538,4.0,4.0,5.0,4.236666666666666,5.094333333333333,7.187999999999999,2.1074973368246486,2.624781585321122,3.4417905586636817,3.530648362587161,4.09508004517918,6.212069676461114
8,0,0.0,1.6582280766035322,-4.040585929503421,"(0, 0, 0, 0, 1, 0, 1, 0, 0, 1, 1, 0, 0, 0, 1, 0, 0, 0, 0, 1, 0, 0, 0, 1, 1)",5.0,9.0,9.0,11.0,6.127666666666666,11.673,11.484,14.992666666666667,0.0,4.040585929503421,4.515953857174637,5.507730857413006,2.0,8.0,8.0,4.0,0.176002754673703,0.08870407030696996,0.03067473487647116,0.03568339485666088,4.0,4.0,6.0,5.545333333333334,5.356333333333334,8.865,4.040585929503421,4.515953857174637,5.507730857413006,2.4952143932270348,1.39354084236772,5.5671179529524215
8,1,0.2857142857142857,1.6582280766035322,-2.634399308165421,"(0, 0, 0, 1, 0, 0, 0, 1, 0, 1, 0, 0, 0, 1, 0, 1, 1, 0, 0, 1, 1, 1, 0, 1, 0)",7.0,10.0,10.0,13.0,8.523333333333333,15.433,14.895333333333333,16.572,0.0,2.634399308165421,2.977182688733982,3.544748097464354,8.0,5.0,2.0,7.0,0.191591176327851,0.029846364071365556,0.06851584955518622,0.08021005970828272,3.0,3.0,6.0,6.909666666666666,6.372,8.048666666666666,2.634399308165421,2.977182688733982,3.544748097464354,7.089368368853385,5.629381380481024,7.468524226187282
8,2,0.5714285714285714,1.6582280766035322,-0.7243333333333322,"(0, 0, 0, 0, 0, 0, 0, 1, 0, 1, 1, 1, 0, 0, 1, 1, 1, 1, 1, 0, 0, 1, 1, 0, 1)",8.0,11.0,10.0,14.0,12.984666666666667,16.85333333333333,13.709,17.951333333333334,0.0,2.23608371178705,2.919586900206619,3.950636268725882,7.0,4.0,8.0,3.0,0.14903691559683016,0.035717796333710895,0.0709806078050944,0.027041941268083323,3.0,2.0,6.0,3.8686666666666643,0.7243333333333322,4.966666666666667,2.23608371178705,2.919586900206619,3.950636268725882,2.707194893165734,-3.6402310998533336,1.6848101325480693
8,3,0.8571428571428571,1.6582280766035322,-3.4355906281328243,"(0, 1, 0, 0, 1, 0, 0, 1, 0, 0, 0, 0, 0, 0, 0, 0, 0, 0, 0, 0, 0, 0, 0, 1, 0)",4.0,8.0,8.0,12.0,4.909666666666666,11.730333333333334,9.725666666666667,15.732333333333333,0.0,4.359472401012483,3.4355906281328243,5.4716367596122675,4.0,3.0,18.0,55.0,0.33380283560694707,0.08024483583141964,0.012170232225393195,0.007700385229078269,4.0,4.0,8.0,6.820666666666668,4.816000000000001,10.822666666666667,4.359472401012483,3.4355906281328243,5.4716367596122675,4.081221433283382,2.289033577636798,8.873228030622794
8,4,1.1428571428571428,1.6582280766035322,-3.5190455622770007,"(1, 1, 1, 1, 1, 0, 0, 0, 1, 0, 1, 0, 1, 0, 0, 1, 0, 0, 0, 0, 1, 0, 0, 0, 0)",6.0,10.0,12.0,14.0,8.796,15.725666666666667,16.565,16.665666666666667,0.0,3.5190455622770007,3.6215332697893015,4.90128000028628,2.0,2.0,1.0,24.0,0.21182978875458164,0.014219366650738441,0.045896012314722776,0.022063463474923502,4.0,6.0,8.0,6.929666666666668,7.769000000000002,7.869666666666667,3.5190455622770007,3.6215332697893015,4.90128000028628,5.655587673955493,6.8774457788144305,4.9222621124075205
8,5,1.4285714285714284,1.6582280766035322,-3.645666666666666,"(0, 0, 1, 0, 0, 0, 0, 1, 1, 1, 0, 0, 0, 0, 0, 0, 0, 0, 1, 1, 0, 0, 0, 0, 0)",3.0,6.0,8.0,10.0,4.378666666666667,8.024333333333333,10.870333333333333,14.131333333333334,0.0,4.697916751447263,4.110406543906631,6.509779659348113,1.0,1.0,5.0,6.0,0.22521902385189635,0.11609651208685398,0.08614915072477286,0.04266679335002355,3.0,5.0,7.0,3.645666666666666,6.491666666666666,9.752666666666666,4.697916751447263,4.110406543906631,6.509779659348113,-1.7448706341916325,3.948672393257064,5.377446284788429
8,6,1.7142857142857142,1.6582280766035322,-2.872,"(1, 1, 0, 0, 0, 1, 0, 0, 1, 1, 1, 0, 0, 0, 0, 0, 0, 0, 0, 0, 1, 1, 0, 0, 0)",4.0,7.0,7.0,10.0,6.563666666666666,9.435666666666666,11.356,17.153666666666666,0.0,3.0103656750224586,4.2576203475962116,6.716477789096744,2.0,2.0,1.0,1.0,0.338846993431107,0.026309018533412793,0.06552807542770461,0.006163587667103482,3.0,3.0,6.0,2.872,4.792333333333334,10.59,3.0103656750224586,4.2576203475962116,6.716477789096744,-0.22944184716044103,0.8866760858737998,6.423183285467168
8,7,2.0,1.6582280766035322,-2.1074973368246486,"(1, 0, 0, 0, 0, 1, 0, 0, 0, 1, 0, 1, 1, 0, 1, 0, 1, 0, 0, 0, 1, 0, 1, 0, 1)",6.0,10.0,10.0,11.0,8.194,12.430666666666667,13.288333333333334,15.382,0.0,2.1074973368246486,2.624781585321122,3.4417905586636817,3.0,11.0,6.0,1.0,0.1706918675943809,0.10722247153245418,0.05430129564295848,0.04052603573298538,4.0,4.0,5.0,4.236666666666666,5.094333333333333,7.187999999999999,2.1074973368246486,2.624781585321122,3.4417905586636817,3.530648362587161,4.09508004517918,6.212069676461114
9,0,0.0,1.6582280766035322,-4.040585929503421,"(0, 0, 0, 0, 1, 0, 1, 0, 0, 1, 1, 0, 0, 0, 1, 0, 0, 0, 0, 1, 0, 0, 0, 1, 1)",5.0,9.0,9.0,11.0,6.127666666666666,11.673,11.484,14.992666666666667,0.0,4.040585929503421,4.515953857174637,5.507730857413006,2.0,8.0,8.0,4.0,0.176002754673703,0.08870407030696996,0.03067473487647116,0.03568339485666088,4.0,4.0,6.0,5.545333333333334,5.356333333333334,8.865,4.040585929503421,4.515953857174637,5.507730857413006,2.4952143932270348,1.39354084236772,5.5671179529524215
9,1,0.2857142857142857,1.6582280766035322,-2.634399308165421,"(0, 0, 0, 1, 0, 0, 0, 1, 0, 1, 0, 0, 0, 1, 0, 1, 1, 0, 0, 1, 1, 1, 0, 1, 0)",7.0,10.0,10.0,13.0,8.523333333333333,15.433,14.895333333333333,16.572,0.0,2.634399308165421,2.977182688733982,3.544748097464354,8.0,5.0,2.0,7.0,0.191591176327851,0.029846364071365556,0.06851584955518622,0.08021005970828272,3.0,3.0,6.0,6.909666666666666,6.372,8.048666666666666,2.634399308165421,2.977182688733982,3.544748097464354,7.089368368853385,5.629381380481024,7.468524226187282
9,2,0.5714285714285714,1.6582280766035322,-0.7243333333333322,"(0, 0, 0, 0, 0, 0, 0, 1, 0, 1, 1, 1, 0, 0, 1, 1, 1, 1, 1, 0, 0, 1, 1, 0, 1)",8.0,11.0,10.0,14.0,12.984666666666667,16.85333333333333,13.709,17.951333333333334,0.0,2.23608371178705,2.919586900206619,3.950636268725882,7.0,4.0,8.0,3.0,0.14903691559683016,0.035717796333710895,0.0709806078050944,0.027041941268083323,3.0,2.0,6.0,3.8686666666666643,0.7243333333333322,4.966666666666667,2.23608371178705,2.919586900206619,3.950636268725882,2.707194893165734,-3.6402310998533336,1.6848101325480693
9,3,0.8571428571428571,1.6582280766035322,-3.4355906281328243,"(0, 1, 0, 0, 1, 0, 0, 1, 0, 0, 0, 0, 0, 0, 0, 0, 0, 0, 0, 0, 0, 0, 0, 1, 0)",4.0,8.0,8.0,12.0,4.909666666666666,11.730333333333334,9.725666666666667,15.732333333333333,0.0,4.359472401012483,3.4355906281328243,5.4716367596122675,4.0,3.0,18.0,55.0,0.33380283560694707,0.08024483583141964,0.012170232225393195,0.007700385229078269,4.0,4.0,8.0,6.820666666666668,4.816000000000001,10.822666666666667,4.359472401012483,3.4355906281328243,5.4716367596122675,4.081221433283382,2.289033577636798,8.873228030622794
9,4,1.1428571428571428,1.6582280766035322,-1.8441891430164148,"(1, 1, 1, 1, 1, 0, 0, 0, 1, 0, 1, 0, 1, 0, 0, 1, 0, 0, 1, 0, 1, 0, 0, 1, 0)",7.0,12.0,11.0,14.0,9.764,15.435,16.691333333333333,18.523333333333333,0.0,1.8441891430164148,1.8559717747385032,2.8303650173071446,2.0,17.0,8.0,3.0,0.13429254544267544,0.06961257777113833,0.044364291043925023,0.03097648108375962,5.0,4.0,7.0,5.671000000000001,6.927333333333333,8.759333333333334,1.8441891430164148,1.8559717747385032,2.8303650173071446,6.345725206901407,8.409474123069797,9.831581726927391
9,5,1.4285714285714284,1.6582280766035322,-3.645666666666666,"(0, 0, 1, 0, 0, 0, 0, 1, 1, 1, 0, 0, 0, 0, 0, 0, 0, 0, 1, 1, 0, 0, 0, 0, 0)",3.0,6.0,8.0,10.0,4.378666666666667,8.024333333333333,10.870333333333333,14.131333333333334,0.0,4.697916751447263,4.110406543906631,6.509779659348113,1.0,1.0,5.0,6.0,0.22521902385189635,0.11609651208685398,0.08614915072477286,0.04266679335002355,3.0,5.0,7.0,3.645666666666666,6.491666666666666,9.752666666666666,4.697916751447263,4.110406543906631,6.509779659348113,-1.7448706341916325,3.948672393257064,5.377446284788429
9,6,1.7142857142857142,1.6582280766035322,-2.872,"(1, 1, 0, 0, 0, 1, 0, 0, 1, 1, 1, 0, 0, 0, 0, 0, 0, 0, 0, 0, 1, 1, 0, 0, 0)",4.0,7.0,7.0,10.0,6.563666666666666,9.435666666666666,11.356,17.153666666666666,0.0,3.0103656750224586,4.2576203475962116,6.716477789096744,2.0,2.0,1.0,1.0,0.338846993431107,0.026309018533412793,0.06552807542770461,0.006163587667103482,3.0,3.0,6.0,2.872,4.792333333333334,10.59,3.0103656750224586,4.2576203475962116,6.716477789096744,-0.22944184716044103,0.8866760858737998,6.423183285467168
9,7,2.0,1.6582280766035322,-2.42654041876317,"(1, 0, 0, 0, 0, 1, 0, 0, 0, 1, 0, 1, 1, 0, 1, 1, 1, 0, 0, 0, 0, 0, 1, 0, 1)",6.0,11.0,12.0,12.0,10.053333333333333,16.225,16.363333333333333,17.532,0.0,2.42654041876317,2.6937178114168123,3.8866563021035976,1.0,1.0,6.0,1.0,0.1084572999023529,0.015886984975998074,0.07778013255824298,0.030179949769016043,5.0,6.0,6.0,6.171666666666669,6.3100000000000005,7.478666666666667,2.42654041876317,2.6937178114168123,3.8866563021035976,6.210273494698422,5.996620658029912,5.956372437969372
10,0,0.0,1.6582280766035322,-4.040585929503421,"(0, 0, 0, 0, 1, 0, 1, 0, 0, 1, 1, 0, 0, 0, 1, 0, 0, 0, 0, 1, 0, 0, 0, 1, 1)",5.0,9.0,9.0,11.0,6.127666666666666,11.673,11.484,14.992666666666667,0.0,4.040585929503421,4.515953857174637,5.507730857413006,2.0,8.0,8.0,4.0,0.176002754673703,0.08870407030696996,0.03067473487647116,0.03568339485666088,4.0,4.0,6.0,5.545333333333334,5.356333333333334,8.865,4.040585929503421,4.515953857174637,5.507730857413006,2.4952143932270348,1.39354084236772,5.5671179529524215
10,1,0.2857142857142857,1.6582280766035322,-2.634399308165421,"(0, 0, 0, 1, 0, 0, 0, 1, 0, 1, 0, 0, 0, 1, 0, 1, 1, 0, 0, 1, 1, 1, 0, 1, 0)",7.0,10.0,10.0,13.0,8.523333333333333,15.433,14.895333333333333,16.572,0.0,2.634399308165421,2.977182688733982,3.544748097464354,8.0,5.0,2.0,7.0,0.191591176327851,0.029846364071365556,0.06851584955518622,0.08021005970828272,3.0,3.0,6.0,6.909666666666666,6.372,8.048666666666666,2.634399308165421,2.977182688733982,3.544748097464354,7.089368368853385,5.629381380481024,7.468524226187282
10,2,0.5714285714285714,1.6582280766035322,-3.4355906281328243,"(0, 1, 0, 0, 1, 0, 0, 1, 0, 0, 0, 0, 0, 0, 0, 0, 0, 0, 0, 0, 0, 0, 0, 1, 0)",4.0,8.0,8.0,12.0,4.909666666666666,11.730333333333334,9.725666666666667,15.732333333333333,0.0,4.359472401012483,3.4355906281328243,5.4716367596122675,4.0,3.0,18.0,55.0,0.33380283560694707,0.08024483583141964,0.012170232225393195,0.007700385229078269,4.0,4.0,8.0,6.820666666666668,4.816000000000001,10.822666666666667,4.359472401012483,3.4355906281328243,5.4716367596122675,4.081221433283382,2.289033577636798,8.873228030622794
10,3,0.8571428571428571,1.6582280766035322,-1.8441891430164148,"(1, 1, 1, 1, 1, 0, 0, 0, 1, 0, 1, 0, 1, 0, 0, 1, 0, 0, 1, 0, 1, 0, 0, 1, 0)",7.0,12.0,11.0,14.0,9.764,15.435,16.691333333333333,18.523333333333333,0.0,1.8441891430164148,1.8559717747385032,2.8303650173071446,2.0,17.0,8.0,3.0,0.13429254544267544,0.06961257777113833,0.044364291043925023,0.03097648108375962,5.0,4.0,7.0,5.671000000000001,6.927333333333333,8.759333333333334,1.8441891430164148,1.8559717747385032,2.8303650173071446,6.345725206901407,8.409474123069797,9.831581726927391
10,4,1.1428571428571428,1.6582280766035322,-3.645666666666666,"(0, 0, 1, 0, 0, 0, 0, 1, 1, 1, 0, 0, 0, 0, 0, 0, 0, 0, 1, 1, 0, 0, 0, 0, 0)",3.0,6.0,8.0,10.0,4.378666666666667,8.024333333333333,10.870333333333333,14.131333333333334,0.0,4.697916751447263,4.110406543906631,6.509779659348113,1.0,1.0,5.0,6.0,0.22521902385189635,0.11609651208685398,0.08614915072477286,0.04266679335002355,3.0,5.0,7.0,3.645666666666666,6.491666666666666,9.752666666666666,4.697916751447263,4.110406543906631,6.509779659348113,-1.7448706341916325,3.948672393257064,5.377446284788429
10,5,1.4285714285714284,1.6582280766035322,-2.872,"(1, 1, 0, 0, 0, 1, 0, 0, 1, 1, 1, 0, 0, 0, 0, 0, 0, 0, 0, 0, 1, 1, 0, 0, 0)",4.0,7.0,7.0,10.0,6.563666666666666,9.435666666666666,11.356,17.153666666666666,0.0,3.0103656750224586,4.2576203475962116,6.716477789096744,2.0,2.0,1.0,1.0,0.338846993431107,0.026309018533412793,0.06552807542770461,0.006163587667103482,3.0,3.0,6.0,2.872,4.792333333333334,10.59,3.0103656750224586,4.2576203475962116,6.716477789096744,-0.22944184716044103,0.8866760858737998,6.423183285467168
10,6,1.7142857142857142,1.6582280766035322,-2.42654041876317,"(1, 0, 0, 0, 0, 1, 0, 0, 0, 1, 0, 1, 1, 0, 1, 1, 1, 0, 0, 0, 0, 0, 1, 0, 1)",6.0,11.0,12.0,12.0,10.053333333333333,16.225,16.363333333333333,17.532,0.0,2.42654041876317,2.6937178114168123,3.8866563021035976,1.0,1.0,6.0,1.0,0.1084572999023529,0.015886984975998074,0.07778013255824298,0.030179949769016043,5.0,6.0,6.0,6.171666666666669,6.3100000000000005,7.478666666666667,2.42654041876317,2.6937178114168123,3.8866563021035976,6.210273494698422,5.996620658029912,5.956372437969372
10,7,2.0,1.6582280766035322,-1.8354650208578394,"(0, 0, 0, 0, 1, 0, 0, 1, 0, 0, 1, 1, 0, 0, 1, 1, 1, 1, 1, 0, 0, 1, 1, 0, 1)",7.0,13.0,12.0,14.0,10.417333333333334,16.878333333333334,15.909666666666666,18.528333333333332,0.0,2.3746194552090714,1.8354650208578394,3.3578842179875434,2.0,15.0,6.0,3.0,0.11919689468468225,0.041339729538578805,0.061605680258356985,0.010098992791123229,6.0,5.0,7.0,6.461,5.492333333333333,8.110999999999999,2.3746194552090714,1.8354650208578394,3.3578842179875434,6.7761509510587565,6.0639217081886425,7.881750041080409
11,0,0.0,1.6582280766035322,-4.040585929503421,"(0, 0, 0, 0, 1, 0, 1, 0, 0, 1, 1, 0, 0, 0, 1, 0, 0, 0, 0, 1, 0, 0, 0, 1, 1)",5.0,9.0,9.0,11.0,6.127666666666666,11.673,11.484,14.992666666666667,0.0,4.040585929503421,4.515953857174637,5.507730857413006,2.0,8.0,8.0,4.0,0.176002754673703,0.08870407030696996,0.03067473487647116,0.03568339485666088,4.0,4.0,6.0,5.545333333333334,5.356333333333334,8.865,4.040585929503421,4.515953857174637,5.507730857413006,2.4952143932270348,1.39354084236772,5.5671179529524215
11,1,0.2857142857142857,1.6582280766035322,-2.634399308165421,"(0, 0, 0, 1, 0, 0, 0, 1, 0, 1, 0, 0, 0, 1, 0, 1, 1, 0, 0, 1, 1, 1, 0, 1, 0)",7.0,10.0,10.0,13.0,8.523333333333333,15.433,14.895333333333333,16.572,0.0,2.634399308165421,2.977182688733982,3.544748097464354,8.0,5.0,2.0,7.0,0.191591176327851,0.029846364071365556,0.06851584955518622,0.08021005970828272,3.0,3.0,6.0,6.909666666666666,6.372,8.048666666666666,2.634399308165421,2.977182688733982,3.544748097464354,7.089368368853385,5.629381380481024,7.468524226187282
11,2,0.5714285714285714,1.6582280766035322,-3.4355906281328243,"(0, 1, 0, 0, 1, 0, 0, 1, 0, 0, 0, 0, 0, 0, 0, 0, 0, 0, 0, 0, 0, 0, 0, 1, 0)",4.0,8.0,8.0,12.0,4.909666666666666,11.730333333333334,9.725666666666667,15.732333333333333,0.0,4.359472401012483,3.4355906281328243,5.4716367596122675,4.0,3.0,18.0,55.0,0.33380283560694707,0.08024483583141964,0.012170232225393195,0.007700385229078269,4.0,4.0,8.0,6.820666666666668,4.816000000000001,10.822666666666667,4.359472401012483,3.4355906281328243,5.4716367596122675,4.081221433283382,2.289033577636798,8.873228030622794
11,3,0.8571428571428571,1.6582280766035322,-1.8441891430164148,"(1, 1, 1, 1, 1, 0, 0, 0, 1, 0, 1, 0, 1, 0, 0, 1, 0, 0, 1, 0, 1, 0, 0, 1, 0)",7.0,12.0,11.0,14.0,9.764,15.435,16.691333333333333,18.523333333333333,0.0,1.8441891430164148,1.8559717747385032,2.8303650173071446,2.0,17.0,8.0,3.0,0.13429254544267544,0.06961257777113833,0.044364291043925023,0.03097648108375962,5.0,4.0,7.0,5.671000000000001,6.927333333333333,8.759333333333334,1.8441891430164148,1.8559717747385032,2.8303650173071446,6.345725206901407,8.409474123069797,9.831581726927391
11,4,1.1428571428571428,1.6582280766035322,-3.645666666666666,"(0, 0, 1, 0, 0, 0, 0, 1, 1, 1, 0, 0, 0, 0, 0, 0, 0, 0, 1, 1, 0, 0, 0, 0, 0)",3.0,6.0,8.0,10.0,4.378666666666667,8.024333333333333,10.870333333333333,14.131333333333334,0.0,4.697916751447263,4.110406543906631,6.509779659348113,1.0,1.0,5.0,6.0,0.22521902385189635,0.11609651208685398,0.08614915072477286,0.04266679335002355,3.0,5.0,7.0,3.645666666666666,6.491666666666666,9.752666666666666,4.697916751447263,4.110406543906631,6.509779659348113,-1.7448706341916325,3.948672393257064,5.377446284788429
11,5,1.4285714285714284,1.6582280766035322,-2.872,"(1, 1, 0, 0, 0, 1, 0, 0, 1, 1, 1, 0, 0, 0, 0, 0, 0, 0, 0, 0, 1, 1, 0, 0, 0)",4.0,7.0,7.0,10.0,6.563666666666666,9.435666666666666,11.356,17.153666666666666,0.0,3.0103656750224586,4.2576203475962116,6.716477789096744,2.0,2.0,1.0,1.0,0.338846993431107,0.026309018533412793,0.06552807542770461,0.006163587667103482,3.0,3.0,6.0,2.872,4.792333333333334,10.59,3.0103656750224586,4.2576203475962116,6.716477789096744,-0.22944184716044103,0.8866760858737998,6.423183285467168
11,6,1.7142857142857142,1.6582280766035322,-2.42654041876317,"(1, 0, 0, 0, 0, 1, 0, 0, 0, 1, 0, 1, 1, 0, 1, 1, 1, 0, 0, 0, 0, 0, 1, 0, 1)",6.0,11.0,12.0,12.0,10.053333333333333,16.225,16.363333333333333,17.532,0.0,2.42654041876317,2.6937178114168123,3.8866563021035976,1.0,1.0,6.0,1.0,0.1084572999023529,0.015886984975998074,0.07778013255824298,0.030179949769016043,5.0,6.0,6.0,6.171666666666669,6.3100000000000005,7.478666666666667,2.42654041876317,2.6937178114168123,3.8866563021035976,6.210273494698422,5.996620658029912,5.956372437969372
11,7,2.0,1.6582280766035322,-1.8354650208578394,"(0, 0, 0, 0, 1, 0, 0, 1, 0, 0, 1, 1, 0, 0, 1, 1, 1, 1, 1, 0, 0, 1, 1, 0, 1)",7.0,13.0,12.0,14.0,10.417333333333334,16.878333333333334,15.909666666666666,18.528333333333332,0.0,2.3746194552090714,1.8354650208578394,3.3578842179875434,2.0,15.0,6.0,3.0,0.11919689468468225,0.041339729538578805,0.061605680258356985,0.010098992791123229,6.0,5.0,7.0,6.461,5.492333333333333,8.110999999999999,2.3746194552090714,1.8354650208578394,3.3578842179875434,6.7761509510587565,6.0639217081886425,7.881750041080409
12,0,0.0,1.6582280766035322,-3.6474845391881474,"(0, 0, 0, 0, 1, 0, 1, 0, 0, 1, 1, 0, 0, 0, 1, 1, 0, 0, 0, 0, 0, 0, 0, 1, 1)",6.0,9.0,10.0,13.0,7.431666666666667,12.933333333333334,12.738666666666667,17.157,0.0,4.160577155602093,3.6474845391881474,5.284128013661222,8.0,1.0,20.0,10.0,0.19263630271642335,0.0568959068640887,0.034371601430671826,0.03917512335645755,3.0,4.0,7.0,5.501666666666667,5.307,9.725333333333333,4.160577155602093,3.6474845391881474,5.284128013661222,2.2238322804857797,2.7518551306758634,7.36453135504126
12,1,0.2857142857142857,1.6582280766035322,-2.634399308165421,"(0, 0, 0, 1, 0, 0, 0, 1, 0, 1, 0, 0, 0, 1, 0, 1, 1, 0, 0, 1, 1, 1, 0, 1, 0)",7.0,10.0,10.0,13.0,8.523333333333333,15.433,14.895333333333333,16.572,0.0,2.634399308165421,2.977182688733982,3.544748097464354,8.0,5.0,2.0,7.0,0.191591176327851,0.029846364071365556,0.06851584955518622,0.08021005970828272,3.0,3.0,6.0,6.909666666666666,6.372,8.048666666666666,2.634399308165421,2.977182688733982,3.544748097464354,7.089368368853385,5.629381380481024,7.468524226187282
12,2,0.5714285714285714,1.6582280766035322,-3.4355906281328243,"(0, 1, 0, 0, 1, 0, 0, 1, 0, 0, 0, 0, 0, 0, 0, 0, 0, 0, 0, 0, 0, 0, 0, 1, 0)",4.0,8.0,8.0,12.0,4.909666666666666,11.730333333333334,9.725666666666667,15.732333333333333,0.0,4.359472401012483,3.4355906281328243,5.4716367596122675,4.0,3.0,18.0,55.0,0.33380283560694707,0.08024483583141964,0.012170232225393195,0.007700385229078269,4.0,4.0,8.0,6.820666666666668,4.816000000000001,10.822666666666667,4.359472401012483,3.4355906281328243,5.4716367596122675,4.081221433283382,2.289033577636798,8.873228030622794
12,3,0.8571428571428571,1.6582280766035322,-1.8441891430164148,"(1, 1, 1, 1, 1, 0, 0, 0, 1, 0, 1, 0, 1, 0, 0, 1, 0, 0, 1, 0, 1, 0, 0, 1, 0)",7.0,12.0,11.0,14.0,9.764,15.435,16.691333333333333,18.523333333333333,0.0,1.8441891430164148,1.8559717747385032,2.8303650173071446,2.0,17.0,8.0,3.0,0.13429254544267544,0.06961257777113833,0.044364291043925023,0.03097648108375962,5.0,4.0,7.0,5.671000000000001,6.927333333333333,8.759333333333334,1.8441891430164148,1.8559717747385032,2.8303650173071446,6.345725206901407,8.409474123069797,9.831581726927391
12,4,1.1428571428571428,1.6582280766035322,-3.645666666666666,"(0, 0, 1, 0, 0, 0, 0, 1, 1, 1, 0, 0, 0, 0, 0, 0, 0, 0, 1, 1, 0, 0, 0, 0, 0)",3.0,6.0,8.0,10.0,4.378666666666667,8.024333333333333,10.870333333333333,14.131333333333334,0.0,4.697916751447263,4.110406543906631,6.509779659348113,1.0,1.0,5.0,6.0,0.22521902385189635,0.11609651208685398,0.08614915072477286,0.04266679335002355,3.0,5.0,7.0,3.645666666666666,6.491666666666666,9.752666666666666,4.697916751447263,4.110406543906631,6.509779659348113,-1.7448706341916325,3.948672393257064,5.377446284788429
12,5,1.4285714285714284,1.6582280766035322,-3.495185502730315,"(1, 1, 0, 0, 0, 1, 0, 0, 1, 1, 1, 0, 0, 0, 0, 0, 0, 0, 0, 0, 0, 0, 0, 0, 0)",3.0,7.0,7.0,11.0,3.828666666666667,10.67,10.066666666666666,17.439333333333334,0.0,3.734034832408647,3.495185502730315,5.907465160034695,1.0,2.0,2.0,1.0,0.43989839671790754,0.07530229225050561,0.09963658617842581,0.01706058912131984,4.0,4.0,8.0,6.841333333333333,6.2379999999999995,13.610666666666667,3.734034832408647,3.495185502730315,5.907465160034695,5.152609616621381,4.548212008287793,12.773665018031766
12,6,1.7142857142857142,1.6582280766035322,-1.150533913816751,"(1, 0, 0, 0, 0, 0, 0, 0, 0, 1, 1, 1, 1, 0, 1, 1, 1, 0, 0, 0, 0, 0, 1, 0, 1)",7.0,10.0,10.0,13.0,10.34,17.302,16.850666666666665,17.303333333333335,0.0,1.150533913816751,1.4549016772773296,2.6937822980642347,3.0,2.0,2.0,8.0,0.10233364145911682,0.024286827405895627,0.03993802275047804,0.01888688242846563,3.0,3.0,6.0,6.962,6.5106666666666655,6.963333333333335,1.150533913816751,1.4549016772773296,2.6937822980642347,9.636736230338306,8.383611454114556,7.079889401174898
12,7,2.0,1.6582280766035322,-1.8354650208578394,"(0, 0, 0, 0, 1, 0, 0, 1, 0, 0, 1, 1, 0, 0, 1, 1, 1, 1, 1, 0, 0, 1, 1, 0, 1)",7.0,13.0,12.0,14.0,10.417333333333334,16.878333333333334,15.909666666666666,18.528333333333332,0.0,2.3746194552090714,1.8354650208578394,3.3578842179875434,2.0,15.0,6.0,3.0,0.11919689468468225,0.041339729538578805,0.061605680258356985,0.010098992791123229,6.0,5.0,7.0,6.461,5.492333333333333,8.110999999999999,2.3746194552090714,1.8354650208578394,3.3578842179875434,6.7761509510587565,6.0639217081886425,7.881750041080409
13,0,0.0,1.6582280766035322,-3.6474845391881474,"(0, 0, 0, 0, 1, 0, 1, 0, 0, 1, 1, 0, 0, 0, 1, 1, 0, 0, 0, 0, 0, 0, 0, 1, 1)",6.0,9.0,10.0,13.0,7.431666666666667,12.933333333333334,12.738666666666667,17.157,0.0,4.160577155602093,3.6474845391881474,5.284128013661222,8.0,1.0,20.0,10.0,0.19263630271642335,0.0568959068640887,0.034371601430671826,0.03917512335645755,3.0,4.0,7.0,5.501666666666667,5.307,9.725333333333333,4.160577155602093,3.6474845391881474,5.284128013661222,2.2238322804857797,2.7518551306758634,7.36453135504126
13,1,0.2857142857142857,1.6582280766035322,-4.139241287683128,"(0, 0, 0, 1, 0, 0, 0, 1, 0, 1, 0, 0, 0, 1, 0, 1, 1, 0, 0, 1, 0, 0, 0, 1, 0)",6.0,10.0,10.0,13.0,7.785333333333333,15.141,13.761333333333333,17.160333333333334,0.0,4.50282621823486,4.139241287683128,5.819744894782367,4.0,5.0,10.0,8.0,0.1414704796371778,0.02568318961214906,0.015786274428323636,0.013422451074400703,4.0,4.0,7.0,7.355666666666667,5.976,9.375,4.50282621823486,4.139241287683128,5.819744894782367,4.730660129659833,3.045764866709987,5.8954238349599235
13,2,0.5714285714285714,1.6582280766035322,-3.4355906281328243,"(0, 1, 0, 0, 1, 0, 0, 1, 0, 0, 0, 0, 0, 0, 0, 0, 0, 0, 0, 0, 0, 0, 0, 1, 0)",4.0,8.0,8.0,12.0,4.909666666666666,11.730333333333334,9.725666666666667,15.732333333333333,0.0,4.359472401012483,3.4355906281328243,5.4716367596122675,4.0,3.0,18.0,55.0,0.33380283560694707,0.08024483583141964,0.012170232225393195,0.007700385229078269,4.0,4.0,8.0,6.820666666666668,4.816000000000001,10.822666666666667,4.359472401012483,3.4355906281328243,5.4716367596122675,4.081221433283382,2.289033577636798,8.873228030622794
13,3,0.8571428571428571,1.6582280766035322,-2.942129589670225,"(1, 1, 1, 0, 0, 0, 0, 0, 1, 0, 1, 0, 1, 0, 0, 1, 0, 0, 1, 0, 1, 0, 0, 1, 0)",6.0,10.0,10.0,14.0,7.371666666666667,13.207333333333333,13.248333333333333,18.203666666666667,0.0,2.942129589670225,3.950525720187442,5.017899495962526,2.0,6.0,6.0,9.0,0.20336263767087454,0.08653044855067127,0.06407967278211484,0.033816105482303266,4.0,4.0,8.0,5.835666666666666,5.876666666666666,10.832,2.942129589670225,3.950525720187442,5.017899495962526,4.798144421768814,3.193980996947551,9.64110469598969
13,4,1.1428571428571428,1.6582280766035322,-3.4455676337270567,"(0, 0, 1, 0, 0, 0, 0, 1, 1, 0, 0, 0, 0, 0, 1, 0, 0, 0, 1, 1, 0, 0, 0, 0, 0)",4.0,7.0,7.0,10.0,4.700333333333333,10.644666666666666,10.545333333333334,13.381,0.0,3.4455676337270567,3.5184099081809683,5.481401880507823,3.0,2.0,1.0,10.0,0.0912450839286068,0.1773709094744461,0.07780387851658918,0.01218536895609301,3.0,3.0,6.0,5.944333333333333,5.845000000000001,8.680666666666667,3.4455676337270567,3.5184099081809683,5.481401880507823,4.143523439940995,3.8580170130019096,5.305110692897591
13,5,1.4285714285714284,1.6582280766035322,-1.9665018884223342,"(1, 1, 0, 0, 0, 1, 0, 0, 1, 1, 1, 1, 0, 0, 0, 0, 1, 0, 0, 0, 0, 0, 0, 0, 0)",4.0,8.0,8.0,12.0,6.537333333333334,10.66,12.760333333333334,14.628333333333334,0.0,2.307866562747577,1.9665018884223342,4.179398044271545,1.0,4.0,2.0,26.0,0.20347407650615845,0.06118401905570957,0.03428050271285153,0.010088596423939543,4.0,4.0,8.0,4.1226666666666665,6.223,8.091000000000001,2.307866562747577,1.9665018884223342,4.179398044271545,3.009352485741642,7.058244676628,6.4863281874862135
13,6,1.7142857142857142,1.6582280766035322,-1.150533913816751,"(1, 0, 0, 0, 0, 0, 0, 0, 0, 1, 1, 1, 1, 0, 1, 1, 1, 0, 0, 0, 0, 0, 1, 0, 1)",7.0,10.0,10.0,13.0,10.34,17.302,16.850666666666665,17.303333333333335,0.0,1.150533913816751,1.4549016772773296,2.6937822980642347,3.0,2.0,2.0,8.0,0.10233364145911682,0.024286827405895627,0.03993802275047804,0.01888688242846563,3.0,3.0,6.0,6.962,6.5106666666666655,6.963333333333335,1.150533913816751,1.4549016772773296,2.6937822980642347,9.636736230338306,8.383611454114556,7.079889401174898
13,7,2.0,1.6582280766035322,-1.8354650208578394,"(0, 0, 0, 0, 1, 0, 0, 1, 0, 0, 1, 1, 0, 0, 1, 1, 1, 1, 1, 0, 0, 1, 1, 0, 1)",7.0,13.0,12.0,14.0,10.417333333333334,16.878333333333334,15.909666666666666,18.528333333333332,0.0,2.3746194552090714,1.8354650208578394,3.3578842179875434,2.0,15.0,6.0,3.0,0.11919689468468225,0.041339729538578805,0.061605680258356985,0.010098992791123229,6.0,5.0,7.0,6.461,5.492333333333333,8.110999999999999,2.3746194552090714,1.8354650208578394,3.3578842179875434,6.7761509510587565,6.0639217081886425,7.881750041080409
14,0,0.0,1.6582280766035322,-2.3798705107849827,"(0, 0, 0, 0, 1, 0, 1, 0, 0, 1, 1, 0, 0, 0, 1, 1, 0, 0, 1, 1, 0, 0, 0, 1, 1)",6.0,8.0,10.0,12.0,8.430666666666667,11.355666666666666,15.980333333333334,16.959666666666667,0.0,2.3798705107849827,3.93994069763179,5.056333537826915,4.0,2.0,5.0,2.0,0.2461749068589839,0.0450064570489179,0.02262699460237592,0.01872423882102356,2.0,4.0,6.0,2.924999999999999,7.549666666666667,8.529,2.3798705107849827,3.93994069763179,5.056333537826915,0.9039490244008823,5.985748950698525,5.758473028254867
14,1,0.2857142857142857,1.6582280766035322,-4.139241287683128,"(0, 0, 0, 1, 0, 0, 0, 1, 0, 1, 0, 0, 0, 1, 0, 1, 1, 0, 0, 1, 0, 0, 0, 1, 0)",6.0,10.0,10.0,13.0,7.785333333333333,15.141,13.761333333333333,17.160333333333334,0.0,4.50282621823486,4.139241287683128,5.819744894782367,4.0,5.0,10.0,8.0,0.1414704796371778,0.02568318961214906,0.015786274428323636,0.013422451074400703,4.0,4.0,7.0,7.355666666666667,5.976,9.375,4.50282621823486,4.139241287683128,5.819744894782367,4.730660129659833,3.045764866709987,5.8954238349599235
14,2,0.5714285714285714,1.6582280766035322,-3.2645536144093743,"(0, 1, 0, 0, 1, 0, 0, 1, 0, 0, 0, 0, 0, 0, 0, 1, 0, 0, 0, 1, 0, 0, 0, 1, 0)",5.0,9.0,9.0,11.0,7.14,12.781,12.140666666666666,14.203333333333333,0.0,3.879848354611318,3.2645536144093743,4.741159654733804,4.0,7.0,9.0,11.0,0.20771545321260998,0.10450882253261055,0.035079843180570544,0.04020495049989617,4.0,4.0,6.0,5.641000000000001,5.000666666666667,7.0633333333333335,3.879848354611318,3.2645536144093743,4.741159654733804,2.9203911055400216,2.878871407410897,3.8506935926034473
14,3,0.8571428571428571,1.6582280766035322,-2.942129589670225,"(1, 1, 1, 0, 0, 0, 0, 0, 1, 0, 1, 0, 1, 0, 0, 1, 0, 0, 1, 0, 1, 0, 0, 1, 0)",6.0,10.0,10.0,14.0,7.371666666666667,13.207333333333333,13.248333333333333,18.203666666666667,0.0,2.942129589670225,3.950525720187442,5.017899495962526,2.0,6.0,6.0,9.0,0.20336263767087454,0.08653044855067127,0.06407967278211484,0.033816105482303266,4.0,4.0,8.0,5.835666666666666,5.876666666666666,10.832,2.942129589670225,3.950525720187442,5.017899495962526,4.798144421768814,3.193980996947551,9.64110469598969
14,4,1.1428571428571428,1.6582280766035322,-3.4455676337270567,"(0, 0, 1, 0, 0, 0, 0, 1, 1, 0, 0, 0, 0, 0, 1, 0, 0, 0, 1, 1, 0, 0, 0, 0, 0)",4.0,7.0,7.0,10.0,4.700333333333333,10.644666666666666,10.545333333333334,13.381,0.0,3.4455676337270567,3.5184099081809683,5.481401880507823,3.0,2.0,1.0,10.0,0.0912450839286068,0.1773709094744461,0.07780387851658918,0.01218536895609301,3.0,3.0,6.0,5.944333333333333,5.845000000000001,8.680666666666667,3.4455676337270567,3.5184099081809683,5.481401880507823,4.143523439940995,3.8580170130019096,5.305110692897591
14,5,1.4285714285714284,1.6582280766035322,-1.9665018884223342,"(1, 1, 0, 0, 0, 1, 0, 0, 1, 1, 1, 1, 0, 0, 0, 0, 1, 0, 0, 0, 0, 0, 0, 0, 0)",4.0,8.0,8.0,12.0,6.537333333333334,10.66,12.760333333333334,14.628333333333334,0.0,2.307866562747577,1.9665018884223342,4.179398044271545,1.0,4.0,2.0,26.0,0.20347407650615845,0.06118401905570957,0.03428050271285153,0.010088596423939543,4.0,4.0,8.0,4.1226666666666665,6.223,8.091000000000001,2.307866562747577,1.9665018884223342,4.179398044271545,3.009352485741642,7.058244676628,6.4863281874862135
14,6,1.7142857142857142,1.6582280766035322,-1.150533913816751,"(1, 0, 0, 0, 0, 0, 0, 0, 0, 1, 1, 1, 1, 0, 1, 1, 1, 0, 0, 0, 0, 0, 1, 0, 1)",7.0,10.0,10.0,13.0,10.34,17.302,16.850666666666665,17.303333333333335,0.0,1.150533913816751,1.4549016772773296,2.6937822980642347,3.0,2.0,2.0,8.0,0.10233364145911682,0.024286827405895627,0.03993802275047804,0.01888688242846563,3.0,3.0,6.0,6.962,6.5106666666666655,6.963333333333335,1.150533913816751,1.4549016772773296,2.6937822980642347,9.636736230338306,8.383611454114556,7.079889401174898
14,7,2.0,1.6582280766035322,-1.8354650208578394,"(0, 0, 0, 0, 1, 0, 0, 1, 0, 0, 1, 1, 0, 0, 1, 1, 1, 1, 1, 0, 0, 1, 1, 0, 1)",7.0,13.0,12.0,14.0,10.417333333333334,16.878333333333334,15.909666666666666,18.528333333333332,0.0,2.3746194552090714,1.8354650208578394,3.3578842179875434,2.0,15.0,6.0,3.0,0.11919689468468225,0.041339729538578805,0.061605680258356985,0.010098992791123229,6.0,5.0,7.0,6.461,5.492333333333333,8.110999999999999,2.3746194552090714,1.8354650208578394,3.3578842179875434,6.7761509510587565,6.0639217081886425,7.881750041080409
15,0,0.0,1.6582280766035322,-2.742377593086922,"(0, 0, 0, 0, 1, 0, 1, 0, 0, 1, 1, 0, 0, 0, 1, 1, 0, 0, 0, 0, 0, 0, 0, 1, 1)",6.0,10.0,10.0,12.0,8.232333333333333,13.931,14.168,15.256333333333334,0.0,2.742377593086922,3.743652555252948,4.432526560165073,8.0,16.0,14.0,8.0,0.18303797735124547,0.12481706777432036,0.013436478535103583,0.06754260749792321,4.0,4.0,6.0,5.698666666666666,5.935666666666666,7.024000000000001,2.742377593086922,3.743652555252948,4.432526560165073,4.902201544366177,3.6348593438573706,4.297254017706613
15,1,0.2857142857142857,1.6582280766035322,-3.9339895013124235,"(0, 0, 0, 1, 0, 0, 1, 0, 0, 1, 0, 0, 0, 1, 0, 1, 1, 0, 0, 1, 0, 0, 0, 1, 0)",6.0,9.0,9.0,13.0,8.229,14.742666666666667,13.594,16.086666666666666,0.0,3.9339895013124235,3.950571782078458,4.791560575884346,4.0,1.0,2.0,34.0,0.18097186177435615,0.02405352603019626,0.06070957765610838,0.030950385506290135,3.0,3.0,7.0,6.513666666666667,5.365,7.857666666666667,3.9339895013124235,3.950571782078458,4.791560575884346,4.27769310416342,2.3454445832978004,5.084303205580343
15,2,0.5714285714285714,1.6582280766035322,-3.2645536144093743,"(0, 1, 0, 0, 1, 0, 0, 1, 0, 0, 0, 0, 0, 0, 0, 1, 0, 0, 0, 1, 0, 0, 0, 1, 0)",5.0,9.0,9.0,11.0,7.14,12.781,12.140666666666666,14.203333333333333,0.0,3.879848354611318,3.2645536144093743,4.741159654733804,4.0,7.0,9.0,11.0,0.20771545321260998,0.10450882253261055,0.035079843180570544,0.04020495049989617,4.0,4.0,6.0,5.641000000000001,5.000666666666667,7.0633333333333335,3.879848354611318,3.2645536144093743,4.741159654733804,2.9203911055400216,2.878871407410897,3.8506935926034473
15,3,0.8571428571428571,1.6582280766035322,-3.0266900091988007,"(1, 1, 1, 0, 0, 0, 0, 0, 1, 0, 1, 0, 1, 0, 0, 1, 0, 0, 1, 0, 0, 1, 0, 1, 0)",7.0,11.0,11.0,13.0,8.589,14.693,16.02166666666667,16.379333333333335,0.0,3.1903939698723818,3.0266900091988007,4.896001307575759,6.0,11.0,8.0,1.0,0.16717913132768408,0.06737077140823515,0.03300483565335493,0.006277122814422534,4.0,4.0,6.0,6.103999999999999,7.432666666666668,7.790333333333335,3.1903939698723818,3.0266900091988007,4.896001307575759,4.8314233233189725,7.306114198273002,4.79946262812399
15,4,1.1428571428571428,1.6582280766035322,-3.4455676337270567,"(0, 0, 1, 0, 0, 0, 0, 1, 1, 0, 0, 0, 0, 0, 1, 0, 0, 0, 1, 1, 0, 0, 0, 0, 0)",4.0,7.0,7.0,10.0,4.700333333333333,10.644666666666666,10.545333333333334,13.381,0.0,3.4455676337270567,3.5184099081809683,5.481401880507823,3.0,2.0,1.0,10.0,0.0912450839286068,0.1773709094744461,0.07780387851658918,0.01218536895609301,3.0,3.0,6.0,5.944333333333333,5.845000000000001,8.680666666666667,3.4455676337270567,3.5184099081809683,5.481401880507823,4.143523439940995,3.8580170130019096,5.305110692897591
15,5,1.4285714285714284,1.6582280766035322,-1.9665018884223342,"(1, 1, 0, 0, 0, 1, 0, 0, 1, 1, 1, 1, 0, 0, 0, 0, 1, 0, 0, 0, 0, 0, 0, 0, 0)",4.0,8.0,8.0,12.0,6.537333333333334,10.66,12.760333333333334,14.628333333333334,0.0,2.307866562747577,1.9665018884223342,4.179398044271545,1.0,4.0,2.0,26.0,0.20347407650615845,0.06118401905570957,0.03428050271285153,0.010088596423939543,4.0,4.0,8.0,4.1226666666666665,6.223,8.091000000000001,2.307866562747577,1.9665018884223342,4.179398044271545,3.009352485741642,7.058244676628,6.4863281874862135
15,6,1.7142857142857142,1.6582280766035322,-1.6423551489591552,"(1, 1, 0, 0, 0, 0, 1, 0, 0, 1, 1, 1, 1, 0, 1, 1, 1, 0, 0, 0, 0, 0, 1, 0, 1)",8.0,10.0,11.0,13.0,10.979666666666667,15.565,13.847666666666667,17.451666666666668,0.0,1.6423551489591552,2.074323562914375,3.1369253267801223,9.0,1.0,10.0,5.0,0.10845698521271585,0.02808083877537445,0.08576208455945662,0.04349880411130609,2.0,3.0,5.0,4.585333333333333,2.8680000000000003,6.472000000000001,1.6423551489591552,2.074323562914375,3.1369253267801223,4.880129054160948,1.316096551714041,5.530314460702554
15,7,2.0,1.6582280766035322,-1.5890615410527582,"(0, 0, 0, 0, 1, 0, 0, 1, 0, 0, 1, 1, 0, 0, 1, 1, 1, 1, 1, 0, 1, 0, 1, 0, 1)",7.0,12.0,11.0,15.0,11.575666666666667,14.848,15.124666666666666,19.839333333333332,0.0,1.5890615410527582,2.013908786656787,3.1476945968998407,1.0,20.0,6.0,8.0,0.16608292114175566,0.023808788174105366,0.05675498929555969,0.011368977444053163,5.0,4.0,8.0,3.272333333333334,3.5489999999999995,8.263666666666666,1.5890615410527582,2.013908786656787,3.1476945968998407,2.7912485465143995,2.5455313501130976,8.483448525206834
16,0,0.0,1.6582280766035322,-2.7565093812508654,"(0, 0, 0, 0, 1, 0, 1, 0, 0, 1, 1, 0, 0, 1, 0, 1, 0, 0, 0, 0, 0, 0, 0, 1, 1)",6.0,10.0,10.0,13.0,7.574333333333334,15.786,14.877666666666666,15.825333333333333,0.0,3.769603824651793,2.7565093812508654,4.416515446847644,3.0,7.0,10.0,22.0,0.17342984789251892,0.023474215186901588,0.032766508135706474,0.07224270487569145,4.0,4.0,7.0,8.211666666666666,7.303333333333333,8.251,3.769603824651793,2.7565093812508654,4.416515446847644,7.365953322666343,7.539671136716581,6.358449945339785
16,1,0.2857142857142857,1.6582280766035322,-2.1579258951098037,"(0, 0, 0, 0, 0, 0, 1, 0, 0, 1, 0, 0, 0, 1, 0, 1, 1, 0, 0, 1, 0, 0, 0, 0, 0)",5.0,8.0,8.0,13.0,6.847666666666667,11.013333333333334,11.976666666666667,17.621,0.0,2.1579258951098037,4.001313561222527,4.512103083085635,4.0,2.0,2.0,14.0,0.2358144245170565,0.018020722694115778,0.0037276325161709365,0.0027691954116532635,3.0,3.0,8.0,4.165666666666667,5.129,10.773333333333332,2.1579258951098037,4.001313561222527,4.512103083085635,3.3292921179372286,1.8699613143858556,10.382547795040091
16,2,0.5714285714285714,1.6582280766035322,-3.2645536144093743,"(0, 1, 0, 0, 1, 0, 0, 1, 0, 0, 0, 0, 0, 0, 0, 1, 0, 0, 0, 1, 0, 0, 0, 1, 0)",5.0,9.0,9.0,11.0,7.14,12.781,12.140666666666666,14.203333333333333,0.0,3.879848354611318,3.2645536144093743,4.741159654733804,4.0,7.0,9.0,11.0,0.20771545321260998,0.10450882253261055,0.035079843180570544,0.04020495049989617,4.0,4.0,6.0,5.641000000000001,5.000666666666667,7.0633333333333335,3.879848354611318,3.2645536144093743,4.741159654733804,2.9203911055400216,2.878871407410897,3.8506935926034473
16,3,0.8571428571428571,1.6582280766035322,-1.2029799829284382,"(1, 1, 0, 0, 0, 0, 0, 0, 1, 0, 1, 0, 1, 0, 0, 1, 0, 0, 1, 0, 0, 1, 1, 1, 0)",6.0,10.0,10.0,14.0,8.557333333333334,16.415,14.208,18.483666666666668,0.0,2.6495813074445467,1.2029799829284382,3.836476478029932,2.0,4.0,8.0,6.0,0.1419499106317776,0.055586063580928,0.0849801868321095,0.014562307107144366,4.0,4.0,8.0,7.857666666666665,5.650666666666666,9.926333333333334,2.6495813074445467,1.2029799829284382,3.836476478029932,8.63619336800991,7.375278934910384,10.098371619960597
16,4,1.1428571428571428,1.6582280766035322,-3.372679297382127,"(1, 0, 1, 0, 0, 0, 0, 1, 1, 0, 0, 0, 0, 0, 1, 0, 0, 0, 1, 1, 1, 0, 0, 0, 0)",5.0,8.0,9.0,10.0,6.717,13.293666666666667,11.781333333333333,14.247333333333334,0.0,3.4241304296478536,3.372679297382127,5.264542497600895,3.0,2.0,13.0,4.0,0.19272492378456638,0.1539600783533337,0.004389442508033266,0.054185700333448085,3.0,4.0,5.0,6.576666666666667,5.064333333333333,7.530333333333334,3.4241304296478536,3.372679297382127,5.264542497600895,5.227624100734644,2.8051482183139704,3.7571979795225117
16,5,1.4285714285714284,1.6582280766035322,-1.5079834004850492,"(1, 1, 0, 0, 0, 1, 0, 0, 1, 1, 1, 1, 1, 1, 0, 0, 1, 0, 0, 0, 0, 0, 0, 0, 0)",5.0,9.0,9.0,12.0,6.542,12.866333333333333,12.544666666666666,17.44333333333333,0.0,2.471100692132788,1.5079834004850492,3.959212992833204,1.0,4.0,6.0,3.0,0.2722211381890186,0.015148534061215226,0.04749451004705502,0.017497548227447694,4.0,4.0,7.0,6.324333333333334,6.002666666666666,10.901333333333332,2.471100692132788,1.5079834004850492,3.959212992833204,6.38953855132393,7.453209987422426,11.511618859777785
16,6,1.7142857142857142,1.6582280766035322,-1.9815180648937976,"(1, 1, 0, 0, 0, 0, 1, 0, 0, 1, 1, 1, 0, 0, 1, 1, 1, 1, 0, 0, 0, 0, 1, 0, 1)",7.0,11.0,11.0,14.0,9.532666666666668,15.848333333333333,15.763333333333334,17.234333333333332,0.0,1.9815180648937976,2.3418049640487277,3.2845997493798706,1.0,1.0,2.0,11.0,0.10936477965232431,0.016395311616320418,0.01256922960639354,0.02784099886260411,4.0,4.0,7.0,6.315666666666665,6.230666666666666,7.701666666666664,1.9815180648937976,2.3418049640487277,3.2845997493798706,7.187006899631712,6.448619661309282,7.324504378481574
16,7,2.0,1.6582280766035322,-1.5890615410527582,"(0, 0, 0, 0, 1, 0, 0, 1, 0, 0, 1, 1, 0, 0, 1, 1, 1, 1, 1, 0, 1, 0, 1, 0, 1)",7.0,12.0,11.0,15.0,11.575666666666667,14.848,15.124666666666666,19.839333333333332,0.0,1.5890615410527582,2.013908786656787,3.1476945968998407,1.0,20.0,6.0,8.0,0.16608292114175566,0.023808788174105366,0.05675498929555969,0.011368977444053163,5.0,4.0,8.0,3.272333333333334,3.5489999999999995,8.263666666666666,1.5890615410527582,2.013908786656787,3.1476945968998407,2.7912485465143995,2.5455313501130976,8.483448525206834
17,0,0.0,1.6582280766035322,-2.7565093812508654,"(0, 0, 0, 0, 1, 0, 1, 0, 0, 1, 1, 0, 0, 1, 0, 1, 0, 0, 0, 0, 0, 0, 0, 1, 1)",6.0,10.0,10.0,13.0,7.574333333333334,15.786,14.877666666666666,15.825333333333333,0.0,3.769603824651793,2.7565093812508654,4.416515446847644,3.0,7.0,10.0,22.0,0.17342984789251892,0.023474215186901588,0.032766508135706474,0.07224270487569145,4.0,4.0,7.0,8.211666666666666,7.303333333333333,8.251,3.769603824651793,2.7565093812508654,4.416515446847644,7.365953322666343,7.539671136716581,6.358449945339785
17,1,0.2857142857142857,1.6582280766035322,-2.891406235282561,"(0, 0, 0, 0, 0, 1, 1, 0, 0, 0, 0, 0, 0, 1, 0, 1, 1, 0, 0, 1, 0, 0, 0, 0, 0)",4.0,7.0,8.0,12.0,4.962666666666666,9.807333333333334,12.238333333333333,14.291666666666666,0.0,3.139698252619331,2.891406235282561,5.088917719532175,2.0,2.0,2.0,39.0,0.316538741783086,0.07307701100869092,0.016007400825896207,0.04577677717373995,3.0,4.0,8.0,4.844666666666668,7.275666666666667,9.329,3.139698252619331,2.891406235282561,5.088917719532175,2.8272264938954903,7.270103742463039,7.0310234845808814
17,2,0.5714285714285714,1.6582280766035322,-3.2645536144093743,"(0, 1, 0, 0, 1, 0, 0, 1, 0, 0, 0, 0, 0, 0, 0, 1, 0, 0, 0, 1, 0, 0, 0, 1, 0)",5.0,9.0,9.0,11.0,7.14,12.781,12.140666666666666,14.203333333333333,0.0,3.879848354611318,3.2645536144093743,4.741159654733804,4.0,7.0,9.0,11.0,0.20771545321260998,0.10450882253261055,0.035079843180570544,0.04020495049989617,4.0,4.0,6.0,5.641000000000001,5.000666666666667,7.0633333333333335,3.879848354611318,3.2645536144093743,4.741159654733804,2.9203911055400216,2.878871407410897,3.8506935926034473
17,3,0.8571428571428571,1.6582280766035322,-2.9867543496872675,"(0, 1, 0, 0, 0, 0, 0, 0, 1, 0, 1, 0, 1, 0, 0, 1, 0, 0, 1, 0, 1, 1, 1, 1, 0)",7.0,11.0,11.0,13.0,9.047333333333333,15.301666666666666,15.049666666666667,17.901,0.0,3.147740658790858,2.9867543496872675,4.3798133320854875,7.0,14.0,11.0,3.0,0.14852021018865189,0.039169309317345594,0.03642698430977935,0.017021988318770137,4.0,4.0,6.0,6.254333333333333,6.002333333333334,8.853666666666667,3.147740658790858,2.9867543496872675,4.3798133320854875,5.151439195497192,5.000517737897452,7.418669210008849
17,4,1.1428571428571428,1.6582280766035322,-3.372679297382127,"(1, 0, 1, 0, 0, 0, 0, 1, 1, 0, 0, 0, 0, 0, 1, 0, 0, 0, 1, 1, 1, 0, 0, 0, 0)",5.0,8.0,9.0,10.0,6.717,13.293666666666667,11.781333333333333,14.247333333333334,0.0,3.4241304296478536,3.372679297382127,5.264542497600895,3.0,2.0,13.0,4.0,0.19272492378456638,0.1539600783533337,0.004389442508033266,0.054185700333448085,3.0,4.0,5.0,6.576666666666667,5.064333333333333,7.530333333333334,3.4241304296478536,3.372679297382127,5.264542497600895,5.227624100734644,2.8051482183139704,3.7571979795225117
17,5,1.4285714285714284,1.6582280766035322,-2.075318499760336,"(1, 1, 0, 0, 0, 1, 0, 0, 1, 1, 1, 1, 1, 1, 0, 1, 1, 0, 0, 1, 0, 0, 0, 0, 0)",6.0,10.0,9.0,13.0,10.930333333333333,13.970666666666666,13.79,18.273,0.0,2.075318499760336,2.6263753267503014,3.97931440207292,1.0,10.0,1.0,4.0,0.15934357924030676,0.07394018645637963,0.0682282446658883,0.02127485282089725,4.0,3.0,7.0,3.040333333333333,2.8596666666666657,7.342666666666666,2.075318499760336,2.6263753267503014,3.97931440207292,1.6002146913696285,0.3868502498777736,5.577205156657422
17,6,1.7142857142857142,1.6582280766035322,-1.9815180648937976,"(1, 1, 0, 0, 0, 0, 1, 0, 0, 1, 1, 1, 0, 0, 1, 1, 1, 1, 0, 0, 0, 0, 1, 0, 1)",7.0,11.0,11.0,14.0,9.532666666666668,15.848333333333333,15.763333333333334,17.234333333333332,0.0,1.9815180648937976,2.3418049640487277,3.2845997493798706,1.0,1.0,2.0,11.0,0.10936477965232431,0.016395311616320418,0.01256922960639354,0.02784099886260411,4.0,4.0,7.0,6.315666666666665,6.230666666666666,7.701666666666664,1.9815180648937976,2.3418049640487277,3.2845997493798706,7.187006899631712,6.448619661309282,7.324504378481574
17,7,2.0,1.6582280766035322,-1.5890615410527582,"(0, 0, 0, 0, 1, 0, 0, 1, 0, 0, 1, 1, 0, 0, 1, 1, 1, 1, 1, 0, 1, 0, 1, 0, 1)",7.0,12.0,11.0,15.0,11.575666666666667,14.848,15.124666666666666,19.839333333333332,0.0,1.5890615410527582,2.013908786656787,3.1476945968998407,1.0,20.0,6.0,8.0,0.16608292114175566,0.023808788174105366,0.05675498929555969,0.011368977444053163,5.0,4.0,8.0,3.272333333333334,3.5489999999999995,8.263666666666666,1.5890615410527582,2.013908786656787,3.1476945968998407,2.7912485465143995,2.5455313501130976,8.483448525206834
18,0,0.0,1.6582280766035322,-3.5174333960914135,"(0, 0, 0, 0, 1, 0, 1, 0, 0, 1, 1, 0, 0, 1, 0, 0, 0, 0, 0, 0, 1, 0, 0, 1, 1)",6.0,10.0,10.0,13.0,8.678,13.979666666666667,12.715333333333334,16.496,0.0,3.5174333960914135,4.046592400092007,5.526293799492762,2.0,2.0,5.0,1.0,0.15634186692677443,0.0585943510925805,0.052430403617038,0.021227133398025514,4.0,4.0,7.0,5.301666666666666,4.037333333333333,7.817999999999998,3.5174333960914135,4.046592400092007,5.526293799492762,2.9586657044780305,-0.01535364446238014,3.800171565007503
18,1,0.2857142857142857,1.6582280766035322,-2.891406235282561,"(0, 0, 0, 0, 0, 1, 1, 0, 0, 0, 0, 0, 0, 1, 0, 1, 1, 0, 0, 1, 0, 0, 0, 0, 0)",4.0,7.0,8.0,12.0,4.962666666666666,9.807333333333334,12.238333333333333,14.291666666666666,0.0,3.139698252619331,2.891406235282561,5.088917719532175,2.0,2.0,2.0,39.0,0.316538741783086,0.07307701100869092,0.016007400825896207,0.04577677717373995,3.0,4.0,8.0,4.844666666666668,7.275666666666667,9.329,3.139698252619331,2.891406235282561,5.088917719532175,2.8272264938954903,7.270103742463039,7.0310234845808814
18,2,0.5714285714285714,1.6582280766035322,-3.2645536144093743,"(0, 1, 0, 0, 1, 0, 0, 1, 0, 0, 0, 0, 0, 0, 0, 1, 0, 0, 0, 1, 0, 0, 0, 1, 0)",5.0,9.0,9.0,11.0,7.14,12.781,12.140666666666666,14.203333333333333,0.0,3.879848354611318,3.2645536144093743,4.741159654733804,4.0,7.0,9.0,11.0,0.20771545321260998,0.10450882253261055,0.035079843180570544,0.04020495049989617,4.0,4.0,6.0,5.641000000000001,5.000666666666667,7.0633333333333335,3.879848354611318,3.2645536144093743,4.741159654733804,2.9203911055400216,2.878871407410897,3.8506935926034473
18,3,0.8571428571428571,1.6582280766035322,-0.9339999999999993,"(0, 1, 0, 0, 0, 0, 0, 0, 1, 0, 1, 0, 1, 0, 0, 1, 0, 0, 1, 0, 0, 0, 1, 1, 0)",6.0,10.0,10.0,12.0,11.745666666666667,14.127333333333333,12.679666666666666,17.459,0.0,3.0561235575585135,3.130808307653095,4.703941646792257,4.0,2.0,14.0,6.0,0.20935482512315787,0.03169028400877663,0.012321667741121707,0.02897772929850202,4.0,4.0,6.0,2.381666666666666,0.9339999999999993,5.713333333333333,3.0561235575585135,3.130808307653095,4.703941646792257,-1.1184033529355868,-3.642809214666254,1.6738016349126046
18,4,1.1428571428571428,1.6582280766035322,-3.372679297382127,"(1, 0, 1, 0, 0, 0, 0, 1, 1, 0, 0, 0, 0, 0, 1, 0, 0, 0, 1, 1, 1, 0, 0, 0, 0)",5.0,8.0,9.0,10.0,6.717,13.293666666666667,11.781333333333333,14.247333333333334,0.0,3.4241304296478536,3.372679297382127,5.264542497600895,3.0,2.0,13.0,4.0,0.19272492378456638,0.1539600783533337,0.004389442508033266,0.054185700333448085,3.0,4.0,5.0,6.576666666666667,5.064333333333333,7.530333333333334,3.4241304296478536,3.372679297382127,5.264542497600895,5.227624100734644,2.8051482183139704,3.7571979795225117
18,5,1.4285714285714284,1.6582280766035322,-2.075318499760336,"(1, 1, 0, 0, 0, 1, 0, 0, 1, 1, 1, 1, 1, 1, 0, 1, 1, 0, 0, 1, 0, 0, 0, 0, 0)",6.0,10.0,9.0,13.0,10.930333333333333,13.970666666666666,13.79,18.273,0.0,2.075318499760336,2.6263753267503014,3.97931440207292,1.0,10.0,1.0,4.0,0.15934357924030676,0.07394018645637963,0.0682282446658883,0.02127485282089725,4.0,3.0,7.0,3.040333333333333,2.8596666666666657,7.342666666666666,2.075318499760336,2.6263753267503014,3.97931440207292,1.6002146913696285,0.3868502498777736,5.577205156657422
18,6,1.7142857142857142,1.6582280766035322,-1.9815180648937976,"(1, 1, 0, 0, 0, 0, 1, 0, 0, 1, 1, 1, 0, 0, 1, 1, 1, 1, 0, 0, 0, 0, 1, 0, 1)",7.0,11.0,11.0,14.0,9.532666666666668,15.848333333333333,15.763333333333334,17.234333333333332,0.0,1.9815180648937976,2.3418049640487277,3.2845997493798706,1.0,1.0,2.0,11.0,0.10936477965232431,0.016395311616320418,0.01256922960639354,0.02784099886260411,4.0,4.0,7.0,6.315666666666665,6.230666666666666,7.701666666666664,1.9815180648937976,2.3418049640487277,3.2845997493798706,7.187006899631712,6.448619661309282,7.324504378481574
18,7,2.0,1.6582280766035322,-1.5890615410527582,"(0, 0, 0, 0, 1, 0, 0, 1, 0, 0, 1, 1, 0, 0, 1, 1, 1, 1, 1, 0, 1, 0, 1, 0, 1)",7.0,12.0,11.0,15.0,11.575666666666667,14.848,15.124666666666666,19.839333333333332,0.0,1.5890615410527582,2.013908786656787,3.1476945968998407,1.0,20.0,6.0,8.0,0.16608292114175566,0.023808788174105366,0.05675498929555969,0.011368977444053163,5.0,4.0,8.0,3.272333333333334,3.5489999999999995,8.263666666666666,1.5890615410527582,2.013908786656787,3.1476945968998407,2.7912485465143995,2.5455313501130976,8.483448525206834
19,0,0.0,1.6582280766035322,-3.2990723955373387,"(0, 0, 0, 0, 1, 1, 1, 0, 0, 1, 0, 0, 0, 1, 0, 0, 0, 0, 0, 0, 1, 0, 0, 1, 1)",5.0,10.0,9.0,12.0,6.6803333333333335,12.406333333333333,11.735,16.054,0.0,3.2990723955373387,3.8559606579300243,4.778893555854737,1.0,21.0,5.0,2.0,0.16389252242251248,0.06094550449744104,0.0297185202692974,0.08442487970985187,5.0,4.0,7.0,5.725999999999999,5.054666666666666,9.373666666666665,3.2990723955373387,3.8559606579300243,4.778893555854737,4.024399493604135,1.9877279592804582,7.619181777971291
19,1,0.2857142857142857,1.6582280766035322,-2.891406235282561,"(0, 0, 0, 0, 0, 1, 1, 0, 0, 0, 0, 0, 0, 1, 0, 1, 1, 0, 0, 1, 0, 0, 0, 0, 0)",4.0,7.0,8.0,12.0,4.962666666666666,9.807333333333334,12.238333333333333,14.291666666666666,0.0,3.139698252619331,2.891406235282561,5.088917719532175,2.0,2.0,2.0,39.0,0.316538741783086,0.07307701100869092,0.016007400825896207,0.04577677717373995,3.0,4.0,8.0,4.844666666666668,7.275666666666667,9.329,3.139698252619331,2.891406235282561,5.088917719532175,2.8272264938954903,7.270103742463039,7.0310234845808814
19,2,0.5714285714285714,1.6582280766035322,-3.2645536144093743,"(0, 1, 0, 0, 1, 0, 0, 1, 0, 0, 0, 0, 0, 0, 0, 1, 0, 0, 0, 1, 0, 0, 0, 1, 0)",5.0,9.0,9.0,11.0,7.14,12.781,12.140666666666666,14.203333333333333,0.0,3.879848354611318,3.2645536144093743,4.741159654733804,4.0,7.0,9.0,11.0,0.20771545321260998,0.10450882253261055,0.035079843180570544,0.04020495049989617,4.0,4.0,6.0,5.641000000000001,5.000666666666667,7.0633333333333335,3.879848354611318,3.2645536144093743,4.741159654733804,2.9203911055400216,2.878871407410897,3.8506935926034473
19,3,0.8571428571428571,1.6582280766035322,-0.9339999999999993,"(0, 1, 0, 0, 0, 0, 0, 0, 1, 0, 1, 0, 1, 0, 0, 1, 0, 0, 1, 0, 0, 0, 1, 1, 0)",6.0,10.0,10.0,12.0,11.745666666666667,14.127333333333333,12.679666666666666,17.459,0.0,3.0561235575585135,3.130808307653095,4.703941646792257,4.0,2.0,14.0,6.0,0.20935482512315787,0.03169028400877663,0.012321667741121707,0.02897772929850202,4.0,4.0,6.0,2.381666666666666,0.9339999999999993,5.713333333333333,3.0561235575585135,3.130808307653095,4.703941646792257,-1.1184033529355868,-3.642809214666254,1.6738016349126046
19,4,1.1428571428571428,1.6582280766035322,-2.098994311742955,"(1, 0, 1, 0, 0, 0, 0, 1, 1, 0, 0, 0, 0, 0, 1, 0, 0, 0, 1, 1, 1, 0, 0, 1, 1)",6.0,8.0,10.0,12.0,9.616,12.963666666666667,14.466666666666667,15.093666666666667,0.0,2.098994311742955,3.223199248654523,4.4004859087738115,5.0,2.0,5.0,22.0,0.13230208777702815,0.09442256304927418,0.0074043240683716125,0.014770237249009081,2.0,4.0,6.0,3.347666666666667,4.850666666666667,5.477666666666668,2.098994311742955,3.223199248654523,4.4004859087738115,2.0705835574131504,2.6987121663051945,1.7862113763150063
19,5,1.4285714285714284,1.6582280766035322,-2.075318499760336,"(1, 1, 0, 0, 0, 1, 0, 0, 1, 1, 1, 1, 1, 1, 0, 1, 1, 0, 0, 1, 0, 0, 0, 0, 0)",6.0,10.0,9.0,13.0,10.930333333333333,13.970666666666666,13.79,18.273,0.0,2.075318499760336,2.6263753267503014,3.97931440207292,1.0,10.0,1.0,4.0,0.15934357924030676,0.07394018645637963,0.0682282446658883,0.02127485282089725,4.0,3.0,7.0,3.040333333333333,2.8596666666666657,7.342666666666666,2.075318499760336,2.6263753267503014,3.97931440207292,1.6002146913696285,0.3868502498777736,5.577205156657422
19,6,1.7142857142857142,1.6582280766035322,-1.9815180648937976,"(1, 1, 0, 0, 0, 0, 1, 0, 0, 1, 1, 1, 0, 0, 1, 1, 1, 1, 0, 0, 0, 0, 1, 0, 1)",7.0,11.0,11.0,14.0,9.532666666666668,15.848333333333333,15.763333333333334,17.234333333333332,0.0,1.9815180648937976,2.3418049640487277,3.2845997493798706,1.0,1.0,2.0,11.0,0.10936477965232431,0.016395311616320418,0.01256922960639354,0.02784099886260411,4.0,4.0,7.0,6.315666666666665,6.230666666666666,7.701666666666664,1.9815180648937976,2.3418049640487277,3.2845997493798706,7.187006899631712,6.448619661309282,7.324504378481574
19,7,2.0,1.6582280766035322,-1.5890615410527582,"(0, 0, 0, 0, 1, 0, 0, 1, 0, 0, 1, 1, 0, 0, 1, 1, 1, 1, 1, 0, 1, 0, 1, 0, 1)",7.0,12.0,11.0,15.0,11.575666666666667,14.848,15.124666666666666,19.839333333333332,0.0,1.5890615410527582,2.013908786656787,3.1476945968998407,1.0,20.0,6.0,8.0,0.16608292114175566,0.023808788174105366,0.05675498929555969,0.011368977444053163,5.0,4.0,8.0,3.272333333333334,3.5489999999999995,8.263666666666666,1.5890615410527582,2.013908786656787,3.1476945968998407,2.7912485465143995,2.5455313501130976,8.483448525206834
20,0,0.0,1.6582280766035322,-2.891406235282561,"(0, 0, 0, 0, 0, 1, 1, 0, 0, 0, 0, 0, 0, 1, 0, 1, 1, 0, 0, 1, 0, 0, 0, 0, 0)",4.0,7.0,8.0,12.0,4.962666666666666,9.807333333333334,12.238333333333333,14.291666666666666,0.0,3.139698252619331,2.891406235282561,5.088917719532175,2.0,2.0,2.0,39.0,0.316538741783086,0.07307701100869092,0.016007400825896207,0.04577677717373995,3.0,4.0,8.0,4.844666666666668,7.275666666666667,9.329,3.139698252619331,2.891406235282561,5.088917719532175,2.8272264938954903,7.270103742463039,7.0310234845808814
20,1,0.2857142857142857,1.6582280766035322,-3.8000000000000007,"(0, 1, 0, 0, 1, 0, 0, 1, 0, 0, 0, 0, 0, 0, 0, 1, 1, 0, 0, 1, 0, 1, 0, 1, 0)",6.0,10.0,10.0,13.0,9.292,13.092,14.708333333333334,16.644,0.0,4.058568491756365,3.988314895577596,4.653356478077645,4.0,4.0,17.0,8.0,0.1744087875513623,0.03918964943455125,0.05128281306520927,0.03008967604536982,4.0,4.0,7.0,3.8000000000000007,5.416333333333334,7.3519999999999985,4.058568491756365,3.988314895577596,4.653356478077645,-0.4287655327554317,2.3679802673940786,4.474966456795887
20,2,0.5714285714285714,1.6582280766035322,-0.9339999999999993,"(0, 1, 0, 0, 0, 0, 0, 0, 1, 0, 1, 0, 1, 0, 0, 1, 0, 0, 1, 0, 0, 0, 1, 1, 0)",6.0,10.0,10.0,12.0,11.745666666666667,14.127333333333333,12.679666666666666,17.459,0.0,3.0561235575585135,3.130808307653095,4.703941646792257,4.0,2.0,14.0,6.0,0.20935482512315787,0.03169028400877663,0.012321667741121707,0.02897772929850202,4.0,4.0,6.0,2.381666666666666,0.9339999999999993,5.713333333333333,3.0561235575585135,3.130808307653095,4.703941646792257,-1.1184033529355868,-3.642809214666254,1.6738016349126046
20,3,0.8571428571428571,1.6582280766035322,-2.098994311742955,"(1, 0, 1, 0, 0, 0, 0, 1, 1, 0, 0, 0, 0, 0, 1, 0, 0, 0, 1, 1, 1, 0, 0, 1, 1)",6.0,8.0,10.0,12.0,9.616,12.963666666666667,14.466666666666667,15.093666666666667,0.0,2.098994311742955,3.223199248654523,4.4004859087738115,5.0,2.0,5.0,22.0,0.13230208777702815,0.09442256304927418,0.0074043240683716125,0.014770237249009081,2.0,4.0,6.0,3.347666666666667,4.850666666666667,5.477666666666668,2.098994311742955,3.223199248654523,4.4004859087738115,2.0705835574131504,2.6987121663051945,1.7862113763150063
20,4,1.1428571428571428,1.6582280766035322,-1.2479548133172074,"(1, 1, 0, 0, 0, 1, 0, 0, 1, 1, 1, 1, 1, 1, 0, 1, 1, 0, 0, 1, 0, 1, 1, 0, 0)",7.0,11.0,10.0,15.0,9.717666666666666,15.768666666666666,14.762333333333334,18.698666666666668,0.0,1.8512366123419808,1.2479548133172074,2.41025293409964,1.0,5.0,1.0,16.0,0.13690341178033133,0.030306916603032724,0.04378078191880024,0.03807296873050122,4.0,3.0,8.0,6.051,5.044666666666668,8.981000000000002,1.8512366123419808,1.2479548133172074,2.41025293409964,6.964165564506092,6.295814193997508,10.89579726893626
20,5,1.4285714285714284,1.6582280766035322,-1.5470000000000006,"(0, 0, 0, 0, 1, 1, 1, 0, 0, 1, 0, 0, 0, 1, 0, 0, 0, 0, 0, 0, 1, 0, 1, 0, 1)",6.0,10.0,10.0,13.0,11.914333333333333,13.461333333333334,14.801,17.942333333333334,0.0,4.263783428614255,4.402263897767057,5.332207415504522,3.0,9.0,6.0,20.0,0.11202144835688725,0.060758478760493166,0.04290941407978626,0.026783835657896302,4.0,4.0,7.0,1.5470000000000006,2.8866666666666667,6.0280000000000005,4.263783428614255,4.402263897767057,5.332207415504522,-4.505046559379365,-2.513205881433239,1.1537827991029381
20,6,1.7142857142857142,1.6582280766035322,-1.5890615410527582,"(0, 0, 0, 0, 1, 0, 0, 1, 0, 0, 1, 1, 0, 0, 1, 1, 1, 1, 1, 0, 1, 0, 1, 0, 1)",7.0,12.0,11.0,15.0,11.575666666666667,14.848,15.124666666666666,19.839333333333332,0.0,1.5890615410527582,2.013908786656787,3.1476945968998407,1.0,20.0,6.0,8.0,0.16608292114175566,0.023808788174105366,0.05675498929555969,0.011368977444053163,5.0,4.0,8.0,3.272333333333334,3.5489999999999995,8.263666666666666,1.5890615410527582,2.013908786656787,3.1476945968998407,2.7912485465143995,2.5455313501130976,8.483448525206834
20,7,2.0,1.6582280766035322,-1.0641218062693,"(1, 1, 0, 0, 0, 0, 1, 0, 0, 1, 1, 1, 0, 0, 1, 1, 1, 1, 0, 0, 1, 1, 1, 0, 1)",7.0,9.0,12.0,13.0,9.577,14.198,16.15,17.472666666666665,0.0,1.0641218062693,1.7485554448874077,3.1560594363084857,2.0,1.0,15.0,4.0,0.1950235232357752,0.07202666114319284,0.04726658490495555,0.01996300859410064,2.0,5.0,6.0,4.621,6.572999999999999,7.895666666666665,1.0641218062693,1.7485554448874077,3.1560594363084857,5.8981152859031045,8.000029415304736,7.859349781453039
21,0,0.0,1.6582280766035322,-2.891406235282561,"(0, 0, 0, 0, 0, 1, 1, 0, 0, 0, 0, 0, 0, 1, 0, 1, 1, 0, 0, 1, 0, 0, 0, 0, 0)",4.0,7.0,8.0,12.0,4.962666666666666,9.807333333333334,12.238333333333333,14.291666666666666,0.0,3.139698252619331,2.891406235282561,5.088917719532175,2.0,2.0,2.0,39.0,0.316538741783086,0.07307701100869092,0.016007400825896207,0.04577677717373995,3.0,4.0,8.0,4.844666666666668,7.275666666666667,9.329,3.139698252619331,2.891406235282561,5.088917719532175,2.8272264938954903,7.270103742463039,7.0310234845808814
21,1,0.2857142857142857,1.6582280766035322,-3.8000000000000007,"(0, 1, 0, 0, 1, 0, 0, 1, 0, 0, 0, 0, 0, 0, 0, 1, 1, 0, 0, 1, 0, 1, 0, 1, 0)",6.0,10.0,10.0,13.0,9.292,13.092,14.708333333333334,16.644,0.0,4.058568491756365,3.988314895577596,4.653356478077645,4.0,4.0,17.0,8.0,0.1744087875513623,0.03918964943455125,0.05128281306520927,0.03008967604536982,4.0,4.0,7.0,3.8000000000000007,5.416333333333334,7.3519999999999985,4.058568491756365,3.988314895577596,4.653356478077645,-0.4287655327554317,2.3679802673940786,4.474966456795887
21,2,0.5714285714285714,1.6582280766035322,-0.9339999999999993,"(0, 1, 0, 0, 0, 0, 0, 0, 1, 0, 1, 0, 1, 0, 0, 1, 0, 0, 1, 0, 0, 0, 1, 1, 0)",6.0,10.0,10.0,12.0,11.745666666666667,14.127333333333333,12.679666666666666,17.459,0.0,3.0561235575585135,3.130808307653095,4.703941646792257,4.0,2.0,14.0,6.0,0.20935482512315787,0.03169028400877663,0.012321667741121707,0.02897772929850202,4.0,4.0,6.0,2.381666666666666,0.9339999999999993,5.713333333333333,3.0561235575585135,3.130808307653095,4.703941646792257,-1.1184033529355868,-3.642809214666254,1.6738016349126046
21,3,0.8571428571428571,1.6582280766035322,-3.121485380911302,"(1, 0, 0, 0, 0, 0, 0, 0, 1, 0, 0, 0, 0, 0, 1, 0, 0, 0, 1, 1, 1, 0, 0, 1, 1)",5.0,7.0,8.0,10.0,6.604333333333333,9.915333333333333,11.191333333333333,14.541333333333334,0.0,3.121485380911302,4.0976934619860055,5.01403950949532,5.0,2.0,3.0,5.0,0.19627615062676185,0.16831455490603497,0.05910931823066324,0.012664868080408308,2.0,3.0,5.0,3.311,4.587,7.937000000000001,3.121485380911302,4.0976934619860055,5.01403950949532,0.31425846229970283,0.8113818394004788,4.846935152157695
21,4,1.1428571428571428,1.6582280766035322,-1.2479548133172074,"(1, 1, 0, 0, 0, 1, 0, 0, 1, 1, 1, 1, 1, 1, 0, 1, 1, 0, 0, 1, 0, 1, 1, 0, 0)",7.0,11.0,10.0,15.0,9.717666666666666,15.768666666666666,14.762333333333334,18.698666666666668,0.0,1.8512366123419808,1.2479548133172074,2.41025293409964,1.0,5.0,1.0,16.0,0.13690341178033133,0.030306916603032724,0.04378078191880024,0.03807296873050122,4.0,3.0,8.0,6.051,5.044666666666668,8.981000000000002,1.8512366123419808,1.2479548133172074,2.41025293409964,6.964165564506092,6.295814193997508,10.89579726893626
21,5,1.4285714285714284,1.6582280766035322,-1.5470000000000006,"(0, 0, 0, 0, 1, 1, 1, 0, 0, 1, 0, 0, 0, 1, 0, 0, 0, 0, 0, 0, 1, 0, 1, 0, 1)",6.0,10.0,10.0,13.0,11.914333333333333,13.461333333333334,14.801,17.942333333333334,0.0,4.263783428614255,4.402263897767057,5.332207415504522,3.0,9.0,6.0,20.0,0.11202144835688725,0.060758478760493166,0.04290941407978626,0.026783835657896302,4.0,4.0,7.0,1.5470000000000006,2.8866666666666667,6.0280000000000005,4.263783428614255,4.402263897767057,5.332207415504522,-4.505046559379365,-2.513205881433239,1.1537827991029381
21,6,1.7142857142857142,1.6582280766035322,-1.5890615410527582,"(0, 0, 0, 0, 1, 0, 0, 1, 0, 0, 1, 1, 0, 0, 1, 1, 1, 1, 1, 0, 1, 0, 1, 0, 1)",7.0,12.0,11.0,15.0,11.575666666666667,14.848,15.124666666666666,19.839333333333332,0.0,1.5890615410527582,2.013908786656787,3.1476945968998407,1.0,20.0,6.0,8.0,0.16608292114175566,0.023808788174105366,0.05675498929555969,0.011368977444053163,5.0,4.0,8.0,3.272333333333334,3.5489999999999995,8.263666666666666,1.5890615410527582,2.013908786656787,3.1476945968998407,2.7912485465143995,2.5455313501130976,8.483448525206834
21,7,2.0,1.6582280766035322,-1.0641218062693,"(1, 1, 0, 0, 0, 0, 1, 0, 0, 1, 1, 1, 0, 0, 1, 1, 1, 1, 0, 0, 1, 1, 1, 0, 1)",7.0,9.0,12.0,13.0,9.577,14.198,16.15,17.472666666666665,0.0,1.0641218062693,1.7485554448874077,3.1560594363084857,2.0,1.0,15.0,4.0,0.1950235232357752,0.07202666114319284,0.04726658490495555,0.01996300859410064,2.0,5.0,6.0,4.621,6.572999999999999,7.895666666666665,1.0641218062693,1.7485554448874077,3.1560594363084857,5.8981152859031045,8.000029415304736,7.859349781453039
22,0,0.0,1.6582280766035322,-3.002931285812354,"(0, 0, 0, 0, 0, 1, 1, 0, 0, 0, 0, 0, 0, 1, 0, 1, 1, 1, 1, 1, 0, 0, 0, 0, 0)",4.0,8.0,8.0,11.0,5.992666666666667,11.560666666666666,11.843666666666667,13.707666666666666,0.0,3.5310769282105796,3.002931285812354,5.369996590894676,1.0,2.0,4.0,13.0,0.31831979114975195,0.025283561327632854,0.05688064787456559,0.008445597001873799,4.0,4.0,7.0,5.568,5.851000000000001,7.715,3.5310769282105796,3.002931285812354,5.369996590894676,3.3776830275227283,4.722747505962077,3.8885504927094474
22,1,0.2857142857142857,1.6582280766035322,-3.8000000000000007,"(0, 1, 0, 0, 1, 0, 0, 1, 0, 0, 0, 0, 0, 0, 0, 1, 1, 0, 0, 1, 0, 1, 0, 1, 0)",6.0,10.0,10.0,13.0,9.292,13.092,14.708333333333334,16.644,0.0,4.058568491756365,3.988314895577596,4.653356478077645,4.0,4.0,17.0,8.0,0.1744087875513623,0.03918964943455125,0.05128281306520927,0.03008967604536982,4.0,4.0,7.0,3.8000000000000007,5.416333333333334,7.3519999999999985,4.058568491756365,3.988314895577596,4.653356478077645,-0.4287655327554317,2.3679802673940786,4.474966456795887
22,2,0.5714285714285714,1.6582280766035322,-0.9339999999999993,"(0, 1, 0, 0, 0, 0, 0, 0, 1, 0, 1, 0, 1, 0, 0, 1, 0, 0, 1, 0, 0, 0, 1, 1, 0)",6.0,10.0,10.0,12.0,11.745666666666667,14.127333333333333,12.679666666666666,17.459,0.0,3.0561235575585135,3.130808307653095,4.703941646792257,4.0,2.0,14.0,6.0,0.20935482512315787,0.03169028400877663,0.012321667741121707,0.02897772929850202,4.0,4.0,6.0,2.381666666666666,0.9339999999999993,5.713333333333333,3.0561235575585135,3.130808307653095,4.703941646792257,-1.1184033529355868,-3.642809214666254,1.6738016349126046
22,3,0.8571428571428571,1.6582280766035322,-2.777666666666666,"(1, 0, 0, 0, 0, 0, 0, 0, 1, 1, 0, 0, 0, 0, 0, 0, 0, 0, 1, 1, 1, 0, 0, 1, 1)",4.0,6.0,7.0,10.0,5.586666666666667,8.364333333333333,12.818,13.394333333333334,0.0,4.932906094658391,4.169190729222228,6.833539478926749,2.0,1.0,1.0,4.0,0.2578044467509239,0.19098473479603054,0.06512086430007213,0.07192163937898906,2.0,3.0,6.0,2.777666666666666,7.231333333333333,7.807666666666667,4.932906094658391,4.169190729222228,6.833539478926749,-3.573878531298816,5.077730840700889,1.6153250528931722
22,4,1.1428571428571428,1.6582280766035322,-2.6313592233583174,"(1, 1, 0, 0, 0, 1, 0, 0, 1, 1, 1, 0, 1, 1, 0, 1, 0, 0, 0, 1, 0, 1, 1, 0, 0)",6.0,10.0,10.0,13.0,8.246666666666666,13.735,18.835,17.995333333333335,0.0,2.6313592233583174,2.733727169953975,3.6588065520000685,1.0,5.0,1.0,3.0,0.23090626994332497,0.05892214113150687,0.028578678807199602,0.01264248025761676,4.0,4.0,7.0,5.488333333333333,10.588333333333335,9.748666666666669,2.6313592233583174,2.733727169953975,3.6588065520000685,4.737514683289959,13.024728470778806,10.098377024728162
22,5,1.4285714285714284,1.6582280766035322,-1.5470000000000006,"(0, 0, 0, 0, 1, 1, 1, 0, 0, 1, 0, 0, 0, 1, 0, 0, 0, 0, 0, 0, 1, 0, 1, 0, 1)",6.0,10.0,10.0,13.0,11.914333333333333,13.461333333333334,14.801,17.942333333333334,0.0,4.263783428614255,4.402263897767057,5.332207415504522,3.0,9.0,6.0,20.0,0.11202144835688725,0.060758478760493166,0.04290941407978626,0.026783835657896302,4.0,4.0,7.0,1.5470000000000006,2.8866666666666667,6.0280000000000005,4.263783428614255,4.402263897767057,5.332207415504522,-4.505046559379365,-2.513205881433239,1.1537827991029381
22,6,1.7142857142857142,1.6582280766035322,-1.5890615410527582,"(0, 0, 0, 0, 1, 0, 0, 1, 0, 0, 1, 1, 0, 0, 1, 1, 1, 1, 1, 0, 1, 0, 1, 0, 1)",7.0,12.0,11.0,15.0,11.575666666666667,14.848,15.124666666666666,19.839333333333332,0.0,1.5890615410527582,2.013908786656787,3.1476945968998407,1.0,20.0,6.0,8.0,0.16608292114175566,0.023808788174105366,0.05675498929555969,0.011368977444053163,5.0,4.0,8.0,3.272333333333334,3.5489999999999995,8.263666666666666,1.5890615410527582,2.013908786656787,3.1476945968998407,2.7912485465143995,2.5455313501130976,8.483448525206834
22,7,2.0,1.6582280766035322,-1.0641218062693,"(1, 1, 0, 0, 0, 0, 1, 0, 0, 1, 1, 1, 0, 0, 1, 1, 1, 1, 0, 0, 1, 1, 1, 0, 1)",7.0,9.0,12.0,13.0,9.577,14.198,16.15,17.472666666666665,0.0,1.0641218062693,1.7485554448874077,3.1560594363084857,2.0,1.0,15.0,4.0,0.1950235232357752,0.07202666114319284,0.04726658490495555,0.01996300859410064,2.0,5.0,6.0,4.621,6.572999999999999,7.895666666666665,1.0641218062693,1.7485554448874077,3.1560594363084857,5.8981152859031045,8.000029415304736,7.859349781453039
23,0,0.0,1.6582280766035322,-3.002931285812354,"(0, 0, 0, 0, 0, 1, 1, 0, 0, 0, 0, 0, 0, 1, 0, 1, 1, 1, 1, 1, 0, 0, 0, 0, 0)",4.0,8.0,8.0,11.0,5.992666666666667,11.560666666666666,11.843666666666667,13.707666666666666,0.0,3.5310769282105796,3.002931285812354,5.369996590894676,1.0,2.0,4.0,13.0,0.31831979114975195,0.025283561327632854,0.05688064787456559,0.008445597001873799,4.0,4.0,7.0,5.568,5.851000000000001,7.715,3.5310769282105796,3.002931285812354,5.369996590894676,3.3776830275227283,4.722747505962077,3.8885504927094474
23,1,0.2857142857142857,1.6582280766035322,-3.8000000000000007,"(0, 1, 0, 0, 1, 0, 0, 1, 0, 0, 0, 0, 0, 0, 0, 1, 1, 0, 0, 1, 0, 1, 0, 1, 0)",6.0,10.0,10.0,13.0,9.292,13.092,14.708333333333334,16.644,0.0,4.058568491756365,3.988314895577596,4.653356478077645,4.0,4.0,17.0,8.0,0.1744087875513623,0.03918964943455125,0.05128281306520927,0.03008967604536982,4.0,4.0,7.0,3.8000000000000007,5.416333333333334,7.3519999999999985,4.058568491756365,3.988314895577596,4.653356478077645,-0.4287655327554317,2.3679802673940786,4.474966456795887
23,2,0.5714285714285714,1.6582280766035322,-3.1528443163155164,"(0, 0, 1, 0, 0, 0, 0, 0, 1, 0, 1, 0, 1, 0, 0, 1, 0, 0, 1, 0, 0, 0, 1, 1, 0)",5.0,9.0,9.0,11.0,6.558333333333334,13.209666666666667,16.537333333333333,14.238333333333333,0.0,3.1528443163155164,3.802390678677527,5.316279213590925,2.0,8.0,2.0,2.0,0.2581607354001956,0.10776103064097013,0.033166957353013435,0.0023428010659714044,4.0,4.0,6.0,6.6513333333333335,9.979,7.68,3.1528443163155164,3.802390678677527,5.316279213590925,5.801292713708037,10.24222699482801,3.9195881732749083
23,3,0.8571428571428571,1.6582280766035322,-2.777666666666666,"(1, 0, 0, 0, 0, 0, 0, 0, 1, 1, 0, 0, 0, 0, 0, 0, 0, 0, 1, 1, 1, 0, 0, 1, 1)",4.0,6.0,7.0,10.0,5.586666666666667,8.364333333333333,12.818,13.394333333333334,0.0,4.932906094658391,4.169190729222228,6.833539478926749,2.0,1.0,1.0,4.0,0.2578044467509239,0.19098473479603054,0.06512086430007213,0.07192163937898906,2.0,3.0,6.0,2.777666666666666,7.231333333333333,7.807666666666667,4.932906094658391,4.169190729222228,6.833539478926749,-3.573878531298816,5.077730840700889,1.6153250528931722
23,4,1.1428571428571428,1.6582280766035322,-2.6313592233583174,"(1, 1, 0, 0, 0, 1, 0, 0, 1, 1, 1, 0, 1, 1, 0, 1, 0, 0, 0, 1, 0, 1, 1, 0, 0)",6.0,10.0,10.0,13.0,8.246666666666666,13.735,18.835,17.995333333333335,0.0,2.6313592233583174,2.733727169953975,3.6588065520000685,1.0,5.0,1.0,3.0,0.23090626994332497,0.05892214113150687,0.028578678807199602,0.01264248025761676,4.0,4.0,7.0,5.488333333333333,10.588333333333335,9.748666666666669,2.6313592233583174,2.733727169953975,3.6588065520000685,4.737514683289959,13.024728470778806,10.098377024728162
23,5,1.4285714285714284,1.6582280766035322,-1.5470000000000006,"(0, 0, 0, 0, 1, 1, 1, 0, 0, 1, 0, 0, 0, 1, 0, 0, 0, 0, 0, 0, 1, 0, 1, 0, 1)",6.0,10.0,10.0,13.0,11.914333333333333,13.461333333333334,14.801,17.942333333333334,0.0,4.263783428614255,4.402263897767057,5.332207415504522,3.0,9.0,6.0,20.0,0.11202144835688725,0.060758478760493166,0.04290941407978626,0.026783835657896302,4.0,4.0,7.0,1.5470000000000006,2.8866666666666667,6.0280000000000005,4.263783428614255,4.402263897767057,5.332207415504522,-4.505046559379365,-2.513205881433239,1.1537827991029381
23,6,1.7142857142857142,1.6582280766035322,-2.3726666666666656,"(0, 0, 0, 0, 1, 0, 0, 1, 0, 0, 1, 1, 0, 0, 1, 1, 1, 0, 1, 0, 1, 0, 0, 0, 1)",9.0,10.0,11.0,13.0,10.515,12.887666666666666,17.375666666666667,17.73966666666667,0.0,2.930162710384067,3.27586641484309,3.854486677417486,66.0,2.0,7.0,7.0,0.16189010731780767,0.05377291956251259,0.03337076065793161,0.014047028471399763,1.0,2.0,4.0,2.3726666666666656,6.860666666666667,7.224666666666668,2.930162710384067,3.27586641484309,3.854486677417486,-0.924455592287585,5.944416426589268,5.588527081380383
23,7,2.0,1.6582280766035322,-1.0641218062693,"(1, 1, 0, 0, 0, 0, 1, 0, 0, 1, 1, 1, 0, 0, 1, 1, 1, 1, 0, 0, 1, 1, 1, 0, 1)",7.0,9.0,12.0,13.0,9.577,14.198,16.15,17.472666666666665,0.0,1.0641218062693,1.7485554448874077,3.1560594363084857,2.0,1.0,15.0,4.0,0.1950235232357752,0.07202666114319284,0.04726658490495555,0.01996300859410064,2.0,5.0,6.0,4.621,6.572999999999999,7.895666666666665,1.0641218062693,1.7485554448874077,3.1560594363084857,5.8981152859031045,8.000029415304736,7.859349781453039
24,0,0.0,1.6582280766035322,-3.002931285812354,"(0, 0, 0, 0, 0, 1, 1, 0, 0, 0, 0, 0, 0, 1, 0, 1, 1, 1, 1, 1, 0, 0, 0, 0, 0)",4.0,8.0,8.0,11.0,5.992666666666667,11.560666666666666,11.843666666666667,13.707666666666666,0.0,3.5310769282105796,3.002931285812354,5.369996590894676,1.0,2.0,4.0,13.0,0.31831979114975195,0.025283561327632854,0.05688064787456559,0.008445597001873799,4.0,4.0,7.0,5.568,5.851000000000001,7.715,3.5310769282105796,3.002931285812354,5.369996590894676,3.3776830275227283,4.722747505962077,3.8885504927094474
24,1,0.2857142857142857,1.6582280766035322,-3.8000000000000007,"(0, 1, 0, 0, 1, 0, 0, 1, 0, 0, 0, 0, 0, 0, 0, 1, 1, 0, 0, 1, 0, 1, 0, 1, 0)",6.0,10.0,10.0,13.0,9.292,13.092,14.708333333333334,16.644,0.0,4.058568491756365,3.988314895577596,4.653356478077645,4.0,4.0,17.0,8.0,0.1744087875513623,0.03918964943455125,0.05128281306520927,0.03008967604536982,4.0,4.0,7.0,3.8000000000000007,5.416333333333334,7.3519999999999985,4.058568491756365,3.988314895577596,4.653356478077645,-0.4287655327554317,2.3679802673940786,4.474966456795887
24,2,0.5714285714285714,1.6582280766035322,-3.1528443163155164,"(0, 0, 1, 0, 0, 0, 0, 0, 1, 0, 1, 0, 1, 0, 0, 1, 0, 0, 1, 0, 0, 0, 1, 1, 0)",5.0,9.0,9.0,11.0,6.558333333333334,13.209666666666667,16.537333333333333,14.238333333333333,0.0,3.1528443163155164,3.802390678677527,5.316279213590925,2.0,8.0,2.0,2.0,0.2581607354001956,0.10776103064097013,0.033166957353013435,0.0023428010659714044,4.0,4.0,6.0,6.6513333333333335,9.979,7.68,3.1528443163155164,3.802390678677527,5.316279213590925,5.801292713708037,10.24222699482801,3.9195881732749083
24,3,0.8571428571428571,1.6582280766035322,-2.777666666666666,"(1, 0, 0, 0, 0, 0, 0, 0, 1, 1, 0, 0, 0, 0, 0, 0, 0, 0, 1, 1, 1, 0, 0, 1, 1)",4.0,6.0,7.0,10.0,5.586666666666667,8.364333333333333,12.818,13.394333333333334,0.0,4.932906094658391,4.169190729222228,6.833539478926749,2.0,1.0,1.0,4.0,0.2578044467509239,0.19098473479603054,0.06512086430007213,0.07192163937898906,2.0,3.0,6.0,2.777666666666666,7.231333333333333,7.807666666666667,4.932906094658391,4.169190729222228,6.833539478926749,-3.573878531298816,5.077730840700889,1.6153250528931722
24,4,1.1428571428571428,1.6582280766035322,-2.6313592233583174,"(1, 1, 0, 0, 0, 1, 0, 0, 1, 1, 1, 0, 1, 1, 0, 1, 0, 0, 0, 1, 0, 1, 1, 0, 0)",6.0,10.0,10.0,13.0,8.246666666666666,13.735,18.835,17.995333333333335,0.0,2.6313592233583174,2.733727169953975,3.6588065520000685,1.0,5.0,1.0,3.0,0.23090626994332497,0.05892214113150687,0.028578678807199602,0.01264248025761676,4.0,4.0,7.0,5.488333333333333,10.588333333333335,9.748666666666669,2.6313592233583174,2.733727169953975,3.6588065520000685,4.737514683289959,13.024728470778806,10.098377024728162
24,5,1.4285714285714284,1.6582280766035322,-1.5470000000000006,"(0, 0, 0, 0, 1, 1, 1, 0, 0, 1, 0, 0, 0, 1, 0, 0, 0, 0, 0, 0, 1, 0, 1, 0, 1)",6.0,10.0,10.0,13.0,11.914333333333333,13.461333333333334,14.801,17.942333333333334,0.0,4.263783428614255,4.402263897767057,5.332207415504522,3.0,9.0,6.0,20.0,0.11202144835688725,0.060758478760493166,0.04290941407978626,0.026783835657896302,4.0,4.0,7.0,1.5470000000000006,2.8866666666666667,6.0280000000000005,4.263783428614255,4.402263897767057,5.332207415504522,-4.505046559379365,-2.513205881433239,1.1537827991029381
24,6,1.7142857142857142,1.6582280766035322,-2.3726666666666656,"(0, 0, 0, 0, 1, 0, 0, 1, 0, 0, 1, 1, 0, 0, 1, 1, 1, 0, 1, 0, 1, 0, 0, 0, 1)",9.0,10.0,11.0,13.0,10.515,12.887666666666666,17.375666666666667,17.73966666666667,0.0,2.930162710384067,3.27586641484309,3.854486677417486,66.0,2.0,7.0,7.0,0.16189010731780767,0.05377291956251259,0.03337076065793161,0.014047028471399763,1.0,2.0,4.0,2.3726666666666656,6.860666666666667,7.224666666666668,2.930162710384067,3.27586641484309,3.854486677417486,-0.924455592287585,5.944416426589268,5.588527081380383
24,7,2.0,1.6582280766035322,-1.0641218062693,"(1, 1, 0, 0, 0, 0, 1, 0, 0, 1, 1, 1, 0, 0, 1, 1, 1, 1, 0, 0, 1, 1, 1, 0, 1)",7.0,9.0,12.0,13.0,9.577,14.198,16.15,17.472666666666665,0.0,1.0641218062693,1.7485554448874077,3.1560594363084857,2.0,1.0,15.0,4.0,0.1950235232357752,0.07202666114319284,0.04726658490495555,0.01996300859410064,2.0,5.0,6.0,4.621,6.572999999999999,7.895666666666665,1.0641218062693,1.7485554448874077,3.1560594363084857,5.8981152859031045,8.000029415304736,7.859349781453039
25,0,0.0,1.6582280766035322,-3.3205095996165404,"(0, 0, 0, 0, 0, 1, 1, 0, 0, 0, 0, 0, 0, 1, 0, 0, 0, 1, 1, 1, 0, 0, 0, 0, 0)",4.0,8.0,8.0,11.0,6.897333333333333,10.773666666666667,10.712,13.426666666666666,0.0,3.3205095996165404,3.624361469897732,5.216757891860103,3.0,3.0,4.0,22.0,0.17591881559768102,0.06299446550262135,0.08198367322908183,0.01751849903382565,4.0,4.0,7.0,3.876333333333334,3.8146666666666667,6.529333333333333,3.3205095996165404,3.624361469897732,5.216757891860103,0.9216825208917927,0.3155694204058076,2.1765494497111852
25,1,0.2857142857142857,1.6582280766035322,-3.1143089382908897,"(0, 1, 0, 0, 1, 0, 0, 1, 0, 0, 0, 0, 0, 0, 0, 1, 0, 0, 0, 1, 0, 0, 0, 1, 0)",5.0,9.0,9.0,12.0,5.8646666666666665,14.172333333333333,11.873666666666667,15.707666666666666,0.0,3.467594430011274,3.1143089382908897,4.977807226021534,4.0,9.0,14.0,24.0,0.2505343525800915,0.06716472414793882,0.06449416453500159,0.011994931130188222,4.0,4.0,7.0,8.307666666666666,6.009,9.843,3.467594430011274,3.1143089382908897,4.977807226021534,8.025943675611225,4.800057991619335,8.067599255899715
25,2,0.5714285714285714,1.6582280766035322,-2.5519393108672093,"(0, 0, 1, 1, 1, 0, 0, 0, 1, 0, 1, 0, 1, 0, 0, 1, 0, 0, 1, 0, 0, 0, 1, 1, 0)",6.0,10.0,10.0,13.0,9.235,15.718,14.528333333333334,18.551333333333332,0.0,2.5519393108672093,3.3686534881072614,4.889921137961546,2.0,1.0,4.0,2.0,0.14672802819265607,0.05955551714303842,0.07308350636611023,0.010289109598478504,4.0,4.0,7.0,6.4830000000000005,5.293333333333335,9.316333333333333,2.5519393108672093,3.3686534881072614,4.889921137961546,6.518595205552424,3.1915581578268157,7.340000980985776
25,3,0.8571428571428571,1.6582280766035322,-2.777666666666666,"(1, 0, 0, 0, 0, 0, 0, 0, 1, 1, 0, 0, 0, 0, 0, 0, 0, 0, 1, 1, 1, 0, 0, 1, 1)",4.0,6.0,7.0,10.0,5.586666666666667,8.364333333333333,12.818,13.394333333333334,0.0,4.932906094658391,4.169190729222228,6.833539478926749,2.0,1.0,1.0,4.0,0.2578044467509239,0.19098473479603054,0.06512086430007213,0.07192163937898906,2.0,3.0,6.0,2.777666666666666,7.231333333333333,7.807666666666667,4.932906094658391,4.169190729222228,6.833539478926749,-3.573878531298816,5.077730840700889,1.6153250528931722
25,4,1.1428571428571428,1.6582280766035322,-2.954483388840922,"(1, 1, 0, 0, 0, 0, 0, 0, 1, 1, 0, 0, 1, 1, 0, 1, 0, 0, 0, 1, 0, 1, 1, 0, 0)",5.0,9.0,10.0,13.0,6.987,14.631666666666666,13.043,18.392333333333333,0.0,3.7244815962117706,2.954483388840922,4.966245691376325,1.0,2.0,4.0,6.0,0.13619361182856773,0.05441357561318042,0.04972918528438667,0.013321692435183708,4.0,5.0,8.0,7.644666666666666,6.055999999999999,11.405333333333333,3.7244815962117706,2.954483388840922,4.966245691376325,6.500560949310303,5.143021924676222,10.677475915603944
25,5,1.4285714285714284,1.6582280766035322,-1.5470000000000006,"(0, 0, 0, 0, 1, 1, 1, 0, 0, 1, 0, 0, 0, 1, 0, 0, 0, 0, 0, 0, 1, 0, 1, 0, 1)",6.0,10.0,10.0,13.0,11.914333333333333,13.461333333333334,14.801,17.942333333333334,0.0,4.263783428614255,4.402263897767057,5.332207415504522,3.0,9.0,6.0,20.0,0.11202144835688725,0.060758478760493166,0.04290941407978626,0.026783835657896302,4.0,4.0,7.0,1.5470000000000006,2.8866666666666667,6.0280000000000005,4.263783428614255,4.402263897767057,5.332207415504522,-4.505046559379365,-2.513205881433239,1.1537827991029381
25,6,1.7142857142857142,1.6582280766035322,-2.3726666666666656,"(0, 0, 0, 0, 1, 0, 0, 1, 0, 0, 1, 1, 0, 0, 1, 1, 1, 0, 1, 0, 1, 0, 0, 0, 1)",9.0,10.0,11.0,13.0,10.515,12.887666666666666,17.375666666666667,17.73966666666667,0.0,2.930162710384067,3.27586641484309,3.854486677417486,66.0,2.0,7.0,7.0,0.16189010731780767,0.05377291956251259,0.03337076065793161,0.014047028471399763,1.0,2.0,4.0,2.3726666666666656,6.860666666666667,7.224666666666668,2.930162710384067,3.27586641484309,3.854486677417486,-0.924455592287585,5.944416426589268,5.588527081380383
25,7,2.0,1.6582280766035322,-1.0641218062693,"(1, 1, 0, 0, 0, 0, 1, 0, 0, 1, 1, 1, 0, 0, 1, 1, 1, 1, 0, 0, 1, 1, 1, 0, 1)",7.0,9.0,12.0,13.0,9.577,14.198,16.15,17.472666666666665,0.0,1.0641218062693,1.7485554448874077,3.1560594363084857,2.0,1.0,15.0,4.0,0.1950235232357752,0.07202666114319284,0.04726658490495555,0.01996300859410064,2.0,5.0,6.0,4.621,6.572999999999999,7.895666666666665,1.0641218062693,1.7485554448874077,3.1560594363084857,5.8981152859031045,8.000029415304736,7.859349781453039
26,0,0.0,1.6582280766035322,-3.3205095996165404,"(0, 0, 0, 0, 0, 1, 1, 0, 0, 0, 0, 0, 0, 1, 0, 0, 0, 1, 1, 1, 0, 0, 0, 0, 0)",4.0,8.0,8.0,11.0,6.897333333333333,10.773666666666667,10.712,13.426666666666666,0.0,3.3205095996165404,3.624361469897732,5.216757891860103,3.0,3.0,4.0,22.0,0.17591881559768102,0.06299446550262135,0.08198367322908183,0.01751849903382565,4.0,4.0,7.0,3.876333333333334,3.8146666666666667,6.529333333333333,3.3205095996165404,3.624361469897732,5.216757891860103,0.9216825208917927,0.3155694204058076,2.1765494497111852
26,1,0.2857142857142857,1.6582280766035322,-3.1143089382908897,"(0, 1, 0, 0, 1, 0, 0, 1, 0, 0, 0, 0, 0, 0, 0, 1, 0, 0, 0, 1, 0, 0, 0, 1, 0)",5.0,9.0,9.0,12.0,5.8646666666666665,14.172333333333333,11.873666666666667,15.707666666666666,0.0,3.467594430011274,3.1143089382908897,4.977807226021534,4.0,9.0,14.0,24.0,0.2505343525800915,0.06716472414793882,0.06449416453500159,0.011994931130188222,4.0,4.0,7.0,8.307666666666666,6.009,9.843,3.467594430011274,3.1143089382908897,4.977807226021534,8.025943675611225,4.800057991619335,8.067599255899715
26,2,0.5714285714285714,1.6582280766035322,-2.5519393108672093,"(0, 0, 1, 1, 1, 0, 0, 0, 1, 0, 1, 0, 1, 0, 0, 1, 0, 0, 1, 0, 0, 0, 1, 1, 0)",6.0,10.0,10.0,13.0,9.235,15.718,14.528333333333334,18.551333333333332,0.0,2.5519393108672093,3.3686534881072614,4.889921137961546,2.0,1.0,4.0,2.0,0.14672802819265607,0.05955551714303842,0.07308350636611023,0.010289109598478504,4.0,4.0,7.0,6.4830000000000005,5.293333333333335,9.316333333333333,2.5519393108672093,3.3686534881072614,4.889921137961546,6.518595205552424,3.1915581578268157,7.340000980985776
26,3,0.8571428571428571,1.6582280766035322,-2.777666666666666,"(1, 0, 0, 0, 0, 0, 0, 0, 1, 1, 0, 0, 0, 0, 0, 0, 0, 0, 1, 1, 1, 0, 0, 1, 1)",4.0,6.0,7.0,10.0,5.586666666666667,8.364333333333333,12.818,13.394333333333334,0.0,4.932906094658391,4.169190729222228,6.833539478926749,2.0,1.0,1.0,4.0,0.2578044467509239,0.19098473479603054,0.06512086430007213,0.07192163937898906,2.0,3.0,6.0,2.777666666666666,7.231333333333333,7.807666666666667,4.932906094658391,4.169190729222228,6.833539478926749,-3.573878531298816,5.077730840700889,1.6153250528931722
26,4,1.1428571428571428,1.6582280766035322,-2.954483388840922,"(1, 1, 0, 0, 0, 0, 0, 0, 1, 1, 0, 0, 1, 1, 0, 1, 0, 0, 0, 1, 0, 1, 1, 0, 0)",5.0,9.0,10.0,13.0,6.987,14.631666666666666,13.043,18.392333333333333,0.0,3.7244815962117706,2.954483388840922,4.966245691376325,1.0,2.0,4.0,6.0,0.13619361182856773,0.05441357561318042,0.04972918528438667,0.013321692435183708,4.0,5.0,8.0,7.644666666666666,6.055999999999999,11.405333333333333,3.7244815962117706,2.954483388840922,4.966245691376325,6.500560949310303,5.143021924676222,10.677475915603944
26,5,1.4285714285714284,1.6582280766035322,-1.5470000000000006,"(0, 0, 0, 0, 1, 1, 1, 0, 0, 1, 0, 0, 0, 1, 0, 0, 0, 0, 0, 0, 1, 0, 1, 0, 1)",6.0,10.0,10.0,13.0,11.914333333333333,13.461333333333334,14.801,17.942333333333334,0.0,4.263783428614255,4.402263897767057,5.332207415504522,3.0,9.0,6.0,20.0,0.11202144835688725,0.060758478760493166,0.04290941407978626,0.026783835657896302,4.0,4.0,7.0,1.5470000000000006,2.8866666666666667,6.0280000000000005,4.263783428614255,4.402263897767057,5.332207415504522,-4.505046559379365,-2.513205881433239,1.1537827991029381
26,6,1.7142857142857142,1.6582280766035322,-1.5295127283462842,"(0, 0, 0, 0, 1, 0, 0, 1, 0, 0, 1, 1, 0, 0, 1, 1, 1, 0, 1, 0, 1, 0, 1, 1, 1)",7.0,12.0,11.0,14.0,9.946,15.045666666666667,13.922666666666666,17.601,0.0,1.970527697697198,1.5295127283462842,2.7923823819747216,1.0,22.0,13.0,28.0,0.1591731100858739,0.11065340775470296,0.026684885976804122,0.013827920560924689,5.0,4.0,7.0,5.099666666666668,3.9766666666666666,7.654999999999999,1.970527697697198,1.5295127283462842,2.7923823819747216,5.1888260939394035,4.057939368293766,8.063329059996505
26,7,2.0,1.6582280766035322,-1.811,"(1, 1, 0, 0, 0, 0, 1, 0, 0, 1, 1, 0, 1, 0, 1, 1, 1, 1, 0, 0, 1, 1, 1, 0, 1)",8.0,10.0,11.0,15.0,12.238333333333333,14.049333333333333,15.042333333333334,17.80666666666667,0.0,2.1624491728076496,2.804690119254401,3.4435316981441155,7.0,5.0,3.0,39.0,0.20651951682928277,0.09865491063402661,0.012760342589323842,0.02818778197642025,2.0,3.0,7.0,1.811,2.8040000000000003,5.568333333333335,2.1624491728076496,2.804690119254401,3.4435316981441155,-0.5827828858487313,-0.0011443751238518639,3.52340572868386
27,0,0.0,1.6582280766035322,-3.3205095996165404,"(0, 0, 0, 0, 0, 1, 1, 0, 0, 0, 0, 0, 0, 1, 0, 0, 0, 1, 1, 1, 0, 0, 0, 0, 0)",4.0,8.0,8.0,11.0,6.897333333333333,10.773666666666667,10.712,13.426666666666666,0.0,3.3205095996165404,3.624361469897732,5.216757891860103,3.0,3.0,4.0,22.0,0.17591881559768102,0.06299446550262135,0.08198367322908183,0.01751849903382565,4.0,4.0,7.0,3.876333333333334,3.8146666666666667,6.529333333333333,3.3205095996165404,3.624361469897732,5.216757891860103,0.9216825208917927,0.3155694204058076,2.1765494497111852
27,1,0.2857142857142857,1.6582280766035322,-3.1143089382908897,"(0, 1, 0, 0, 1, 0, 0, 1, 0, 0, 0, 0, 0, 0, 0, 1, 0, 0, 0, 1, 0, 0, 0, 1, 0)",5.0,9.0,9.0,12.0,5.8646666666666665,14.172333333333333,11.873666666666667,15.707666666666666,0.0,3.467594430011274,3.1143089382908897,4.977807226021534,4.0,9.0,14.0,24.0,0.2505343525800915,0.06716472414793882,0.06449416453500159,0.011994931130188222,4.0,4.0,7.0,8.307666666666666,6.009,9.843,3.467594430011274,3.1143089382908897,4.977807226021534,8.025943675611225,4.800057991619335,8.067599255899715
27,2,0.5714285714285714,1.6582280766035322,-2.5519393108672093,"(0, 0, 1, 1, 1, 0, 0, 0, 1, 0, 1, 0, 1, 0, 0, 1, 0, 0, 1, 0, 0, 0, 1, 1, 0)",6.0,10.0,10.0,13.0,9.235,15.718,14.528333333333334,18.551333333333332,0.0,2.5519393108672093,3.3686534881072614,4.889921137961546,2.0,1.0,4.0,2.0,0.14672802819265607,0.05955551714303842,0.07308350636611023,0.010289109598478504,4.0,4.0,7.0,6.4830000000000005,5.293333333333335,9.316333333333333,2.5519393108672093,3.3686534881072614,4.889921137961546,6.518595205552424,3.1915581578268157,7.340000980985776
27,3,0.8571428571428571,1.6582280766035322,-2.7860000000000005,"(1, 0, 0, 0, 0, 0, 0, 1, 1, 1, 0, 0, 1, 0, 0, 0, 0, 0, 1, 1, 1, 0, 0, 1, 1)",5.0,7.0,9.0,11.0,6.062,8.848,13.005333333333333,14.371666666666666,0.0,2.812207419868338,3.4739878204844015,5.148448107482242,2.0,1.0,4.0,10.0,0.3177955762288408,0.1206509221932095,0.020069582106879306,0.015061631329864765,2.0,4.0,6.0,2.7860000000000005,6.9433333333333325,8.309666666666665,2.812207419868338,3.4739878204844015,5.148448107482242,-0.043457879441014896,5.752966136844578,5.242021371119775
27,4,1.1428571428571428,1.6582280766035322,-4.73502421085037,"(1, 1, 0, 0, 0, 0, 0, 0, 1, 1, 0, 0, 1, 1, 0, 1, 0, 0, 0, 1, 0, 0, 0, 0, 0)",4.0,8.0,9.0,11.0,5.213,13.630666666666666,12.683,15.319,0.0,4.867212625690281,4.73502421085037,6.048386909411384,1.0,2.0,5.0,1.0,0.3650770052935563,0.009456660898989448,0.027822847256710664,0.008233381975780782,4.0,5.0,7.0,8.417666666666666,7.47,10.106000000000002,4.867212625690281,4.73502421085037,6.048386909411384,5.8874625754375085,4.535213642398818,6.728447950808077
27,5,1.4285714285714284,1.6582280766035322,-1.5470000000000006,"(0, 0, 0, 0, 1, 1, 1, 0, 0, 1, 0, 0, 0, 1, 0, 0, 0, 0, 0, 0, 1, 0, 1, 0, 1)",6.0,10.0,10.0,13.0,11.914333333333333,13.461333333333334,14.801,17.942333333333334,0.0,4.263783428614255,4.402263897767057,5.332207415504522,3.0,9.0,6.0,20.0,0.11202144835688725,0.060758478760493166,0.04290941407978626,0.026783835657896302,4.0,4.0,7.0,1.5470000000000006,2.8866666666666667,6.0280000000000005,4.263783428614255,4.402263897767057,5.332207415504522,-4.505046559379365,-2.513205881433239,1.1537827991029381
27,6,1.7142857142857142,1.6582280766035322,-1.5295127283462842,"(0, 0, 0, 0, 1, 0, 0, 1, 0, 0, 1, 1, 0, 0, 1, 1, 1, 0, 1, 0, 1, 0, 1, 1, 1)",7.0,12.0,11.0,14.0,9.946,15.045666666666667,13.922666666666666,17.601,0.0,1.970527697697198,1.5295127283462842,2.7923823819747216,1.0,22.0,13.0,28.0,0.1591731100858739,0.11065340775470296,0.026684885976804122,0.013827920560924689,5.0,4.0,7.0,5.099666666666668,3.9766666666666666,7.654999999999999,1.970527697697198,1.5295127283462842,2.7923823819747216,5.1888260939394035,4.057939368293766,8.063329059996505
27,7,2.0,1.6582280766035322,-1.811,"(1, 1, 0, 0, 0, 0, 1, 0, 0, 1, 1, 0, 1, 0, 1, 1, 1, 1, 0, 0, 1, 1, 1, 0, 1)",8.0,10.0,11.0,15.0,12.238333333333333,14.049333333333333,15.042333333333334,17.80666666666667,0.0,2.1624491728076496,2.804690119254401,3.4435316981441155,7.0,5.0,3.0,39.0,0.20651951682928277,0.09865491063402661,0.012760342589323842,0.02818778197642025,2.0,3.0,7.0,1.811,2.8040000000000003,5.568333333333335,2.1624491728076496,2.804690119254401,3.4435316981441155,-0.5827828858487313,-0.0011443751238518639,3.52340572868386
28,0,0.0,1.6582280766035322,-4.5846597738152415,"(0, 0, 0, 0, 0, 1, 1, 0, 0, 0, 0, 0, 1, 0, 0, 0, 0, 1, 1, 1, 0, 0, 0, 0, 0)",3.0,7.0,7.0,11.0,3.657,13.224,10.635666666666667,14.209333333333333,0.0,5.739366894958113,4.5846597738152415,7.496047657420878,1.0,1.0,1.0,4.0,0.294309991878535,0.08673952006244212,0.03195643585549922,0.005800264118856457,4.0,4.0,8.0,9.567,6.978666666666667,10.552333333333333,5.739366894958113,4.5846597738152415,7.496047657420878,6.347088681717614,3.969809445308618,5.068018717919238
28,1,0.2857142857142857,1.6582280766035322,-2.026760054250464,"(0, 1, 0, 0, 1, 0, 0, 1, 0, 0, 0, 1, 1, 0, 0, 1, 0, 0, 0, 1, 0, 0, 0, 1, 0)",6.0,9.0,9.0,13.0,8.016666666666667,13.181,12.706,17.984333333333332,0.0,2.026760054250464,2.3454162163044425,3.639442133016618,6.0,2.0,2.0,1.0,0.2390331232504038,0.06554805296288975,0.05395316374513291,0.02347040139974216,3.0,3.0,7.0,5.164333333333332,4.689333333333332,9.967666666666664,2.026760054250464,2.3454162163044425,3.639442133016618,5.202812103776221,3.8867491726889116,10.493639596749802
28,2,0.5714285714285714,1.6582280766035322,-2.028409069948864,"(0, 0, 1, 1, 1, 0, 0, 0, 1, 1, 1, 0, 1, 0, 1, 1, 0, 0, 1, 0, 0, 0, 1, 1, 0)",7.0,9.0,10.0,12.0,11.368333333333334,14.572,15.494333333333334,16.543,0.0,2.028409069948864,2.617494594162269,3.52379914942993,4.0,2.0,1.0,3.0,0.12069636336386191,0.06494585652677685,0.03805289870722824,0.05608004801968912,2.0,3.0,5.0,3.203666666666665,4.1259999999999994,5.174666666666665,2.028409069948864,2.617494594162269,3.52379914942993,1.948845144119049,2.501446017668331,2.7375148678347196
28,3,0.8571428571428571,1.6582280766035322,-2.7860000000000005,"(1, 0, 0, 0, 0, 0, 0, 1, 1, 1, 0, 0, 1, 0, 0, 0, 0, 0, 1, 1, 1, 0, 0, 1, 1)",5.0,7.0,9.0,11.0,6.062,8.848,13.005333333333333,14.371666666666666,0.0,2.812207419868338,3.4739878204844015,5.148448107482242,2.0,1.0,4.0,10.0,0.3177955762288408,0.1206509221932095,0.020069582106879306,0.015061631329864765,2.0,4.0,6.0,2.7860000000000005,6.9433333333333325,8.309666666666665,2.812207419868338,3.4739878204844015,5.148448107482242,-0.043457879441014896,5.752966136844578,5.242021371119775
28,4,1.1428571428571428,1.6582280766035322,-2.989379877475221,"(1, 1, 0, 0, 0, 0, 0, 0, 1, 1, 0, 0, 1, 1, 0, 1, 0, 0, 0, 0, 0, 0, 0, 0, 1)",5.0,9.0,10.0,12.0,6.87,11.284666666666666,12.284333333333333,14.845333333333333,0.0,2.989379877475221,3.669281026017278,4.700551491613422,2.0,7.0,14.0,8.0,0.2411739336659755,0.09154153999923724,0.03880396556775521,0.026177536014253884,4.0,5.0,7.0,4.414666666666666,5.4143333333333326,7.9753333333333325,2.989379877475221,3.669281026017278,4.700551491613422,2.3634505710493547,2.8936947311332575,5.43033519469138
28,5,1.4285714285714284,1.6582280766035322,-1.5470000000000006,"(0, 0, 0, 0, 1, 1, 1, 0, 0, 1, 0, 0, 0, 1, 0, 0, 0, 0, 0, 0, 1, 0, 1, 0, 1)",6.0,10.0,10.0,13.0,11.914333333333333,13.461333333333334,14.801,17.942333333333334,0.0,4.263783428614255,4.402263897767057,5.332207415504522,3.0,9.0,6.0,20.0,0.11202144835688725,0.060758478760493166,0.04290941407978626,0.026783835657896302,4.0,4.0,7.0,1.5470000000000006,2.8866666666666667,6.0280000000000005,4.263783428614255,4.402263897767057,5.332207415504522,-4.505046559379365,-2.513205881433239,1.1537827991029381
28,6,1.7142857142857142,1.6582280766035322,-1.5295127283462842,"(0, 0, 0, 0, 1, 0, 0, 1, 0, 0, 1, 1, 0, 0, 1, 1, 1, 0, 1, 0, 1, 0, 1, 1, 1)",7.0,12.0,11.0,14.0,9.946,15.045666666666667,13.922666666666666,17.601,0.0,1.970527697697198,1.5295127283462842,2.7923823819747216,1.0,22.0,13.0,28.0,0.1591731100858739,0.11065340775470296,0.026684885976804122,0.013827920560924689,5.0,4.0,7.0,5.099666666666668,3.9766666666666666,7.654999999999999,1.970527697697198,1.5295127283462842,2.7923823819747216,5.1888260939394035,4.057939368293766,8.063329059996505
28,7,2.0,1.6582280766035322,-2.1251021915712562,"(1, 1, 0, 0, 0, 0, 1, 0, 0, 1, 1, 0, 1, 0, 1, 0, 1, 1, 0, 0, 0, 1, 1, 0, 1)",8.0,11.0,12.0,14.0,10.658666666666667,16.611,15.825333333333333,19.840666666666667,0.0,2.6364076066137527,2.1251021915712562,3.8165777411106885,6.0,2.0,15.0,1.0,0.17435863774135107,0.021496768445846352,0.011377147109987829,0.004880629841032938,3.0,4.0,6.0,5.952333333333334,5.166666666666666,9.182,2.6364076066137527,2.1251021915712562,3.8165777411106885,5.4985611399783805,5.043607609403094,8.897093832523803
29,0,0.0,1.6582280766035322,-4.5846597738152415,"(0, 0, 0, 0, 0, 1, 1, 0, 0, 0, 0, 0, 1, 0, 0, 0, 0, 1, 1, 1, 0, 0, 0, 0, 0)",3.0,7.0,7.0,11.0,3.657,13.224,10.635666666666667,14.209333333333333,0.0,5.739366894958113,4.5846597738152415,7.496047657420878,1.0,1.0,1.0,4.0,0.294309991878535,0.08673952006244212,0.03195643585549922,0.005800264118856457,4.0,4.0,8.0,9.567,6.978666666666667,10.552333333333333,5.739366894958113,4.5846597738152415,7.496047657420878,6.347088681717614,3.969809445308618,5.068018717919238
29,1,0.2857142857142857,1.6582280766035322,-2.026760054250464,"(0, 1, 0, 0, 1, 0, 0, 1, 0, 0, 0, 1, 1, 0, 0, 1, 0, 0, 0, 1, 0, 0, 0, 1, 0)",6.0,9.0,9.0,13.0,8.016666666666667,13.181,12.706,17.984333333333332,0.0,2.026760054250464,2.3454162163044425,3.639442133016618,6.0,2.0,2.0,1.0,0.2390331232504038,0.06554805296288975,0.05395316374513291,0.02347040139974216,3.0,3.0,7.0,5.164333333333332,4.689333333333332,9.967666666666664,2.026760054250464,2.3454162163044425,3.639442133016618,5.202812103776221,3.8867491726889116,10.493639596749802
29,2,0.5714285714285714,1.6582280766035322,-2.028409069948864,"(0, 0, 1, 1, 1, 0, 0, 0, 1, 1, 1, 0, 1, 0, 1, 1, 0, 0, 1, 0, 0, 0, 1, 1, 0)",7.0,9.0,10.0,12.0,11.368333333333334,14.572,15.494333333333334,16.543,0.0,2.028409069948864,2.617494594162269,3.52379914942993,4.0,2.0,1.0,3.0,0.12069636336386191,0.06494585652677685,0.03805289870722824,0.05608004801968912,2.0,3.0,5.0,3.203666666666665,4.1259999999999994,5.174666666666665,2.028409069948864,2.617494594162269,3.52379914942993,1.948845144119049,2.501446017668331,2.7375148678347196
29,3,0.8571428571428571,1.6582280766035322,-2.542164977593452,"(1, 0, 0, 0, 0, 0, 0, 1, 1, 1, 0, 0, 1, 1, 1, 0, 0, 0, 1, 1, 1, 0, 0, 1, 1)",6.0,11.0,9.0,12.0,7.735,15.861333333333333,12.415666666666667,16.777,0.0,2.542164977593452,3.3032640276198633,4.228997488518396,7.0,23.0,3.0,8.0,0.27309543809899994,0.057062485748498634,0.06297550922896111,0.04067767922420046,5.0,3.0,6.0,8.126333333333331,4.680666666666666,9.042000000000002,2.542164977593452,3.3032640276198633,4.228997488518396,9.25982475196885,2.2840477288552097,7.981055897302113
29,4,1.1428571428571428,1.6582280766035322,-2.989379877475221,"(1, 1, 0, 0, 0, 0, 0, 0, 1, 1, 0, 0, 1, 1, 0, 1, 0, 0, 0, 0, 0, 0, 0, 0, 1)",5.0,9.0,10.0,12.0,6.87,11.284666666666666,12.284333333333333,14.845333333333333,0.0,2.989379877475221,3.669281026017278,4.700551491613422,2.0,7.0,14.0,8.0,0.2411739336659755,0.09154153999923724,0.03880396556775521,0.026177536014253884,4.0,5.0,7.0,4.414666666666666,5.4143333333333326,7.9753333333333325,2.989379877475221,3.669281026017278,4.700551491613422,2.3634505710493547,2.8936947311332575,5.43033519469138
29,5,1.4285714285714284,1.6582280766035322,-1.5470000000000006,"(0, 0, 0, 0, 1, 1, 1, 0, 0, 1, 0, 0, 0, 1, 0, 0, 0, 0, 0, 0, 1, 0, 1, 0, 1)",6.0,10.0,10.0,13.0,11.914333333333333,13.461333333333334,14.801,17.942333333333334,0.0,4.263783428614255,4.402263897767057,5.332207415504522,3.0,9.0,6.0,20.0,0.11202144835688725,0.060758478760493166,0.04290941407978626,0.026783835657896302,4.0,4.0,7.0,1.5470000000000006,2.8866666666666667,6.0280000000000005,4.263783428614255,4.402263897767057,5.332207415504522,-4.505046559379365,-2.513205881433239,1.1537827991029381
29,6,1.7142857142857142,1.6582280766035322,-1.9099102491191349,"(0, 0, 0, 0, 1, 1, 1, 1, 0, 0, 1, 1, 0, 0, 1, 1, 1, 0, 1, 0, 1, 0, 1, 1, 1)",8.0,12.0,11.0,14.0,13.497666666666667,15.506666666666666,16.199,18.175,0.0,2.465048159653185,1.9099102491191349,2.356848777654804,1.0,6.0,4.0,6.0,0.04913240918789675,0.09356324147009822,0.009222519094366005,0.013594182464148433,4.0,3.0,6.0,2.0089999999999986,2.7013333333333343,4.677333333333333,2.465048159653185,1.9099102491191349,2.356848777654804,-0.7562318626202836,1.312359978716147,3.84789264155101
29,7,2.0,1.6582280766035322,-2.1251021915712562,"(1, 1, 0, 0, 0, 0, 1, 0, 0, 1, 1, 0, 1, 0, 1, 0, 1, 1, 0, 0, 0, 1, 1, 0, 1)",8.0,11.0,12.0,14.0,10.658666666666667,16.611,15.825333333333333,19.840666666666667,0.0,2.6364076066137527,2.1251021915712562,3.8165777411106885,6.0,2.0,15.0,1.0,0.17435863774135107,0.021496768445846352,0.011377147109987829,0.004880629841032938,3.0,4.0,6.0,5.952333333333334,5.166666666666666,9.182,2.6364076066137527,2.1251021915712562,3.8165777411106885,5.4985611399783805,5.043607609403094,8.897093832523803
30,0,0.0,1.6582280766035322,-4.5846597738152415,"(0, 0, 0, 0, 0, 1, 1, 0, 0, 0, 0, 0, 1, 0, 0, 0, 0, 1, 1, 1, 0, 0, 0, 0, 0)",3.0,7.0,7.0,11.0,3.657,13.224,10.635666666666667,14.209333333333333,0.0,5.739366894958113,4.5846597738152415,7.496047657420878,1.0,1.0,1.0,4.0,0.294309991878535,0.08673952006244212,0.03195643585549922,0.005800264118856457,4.0,4.0,8.0,9.567,6.978666666666667,10.552333333333333,5.739366894958113,4.5846597738152415,7.496047657420878,6.347088681717614,3.969809445308618,5.068018717919238
30,1,0.2857142857142857,1.6582280766035322,-2.527268562038629,"(0, 0, 1, 0, 1, 0, 0, 0, 1, 1, 1, 0, 1, 0, 1, 1, 0, 0, 1, 0, 0, 0, 1, 0, 0)",7.0,10.0,12.0,13.0,10.395333333333333,13.660666666666666,17.713333333333335,17.754333333333335,0.0,2.6547402392384254,2.527268562038629,4.149236718033764,12.0,4.0,3.0,5.0,0.1918541162366326,0.11542766159664235,0.03681359234686946,0.023803548148378945,3.0,5.0,6.0,3.2653333333333325,7.318000000000001,7.359000000000002,2.6547402392384254,2.527268562038629,4.149236718033764,1.0125026120083975,7.944125377894761,5.322519593407515
30,2,0.5714285714285714,1.6582280766035322,-2.542164977593452,"(1, 0, 0, 0, 0, 0, 0, 1, 1, 1, 0, 0, 1, 1, 1, 0, 0, 0, 1, 1, 1, 0, 0, 1, 1)",6.0,11.0,9.0,12.0,7.735,15.861333333333333,12.415666666666667,16.777,0.0,2.542164977593452,3.3032640276198633,4.228997488518396,7.0,23.0,3.0,8.0,0.27309543809899994,0.057062485748498634,0.06297550922896111,0.04067767922420046,5.0,3.0,6.0,8.126333333333331,4.680666666666666,9.042000000000002,2.542164977593452,3.3032640276198633,4.228997488518396,9.25982475196885,2.2840477288552097,7.981055897302113
30,3,0.8571428571428571,1.6582280766035322,-2.5442653998238156,"(1, 1, 0, 0, 0, 0, 0, 0, 1, 1, 0, 1, 1, 1, 0, 1, 1, 0, 0, 0, 0, 0, 0, 0, 1)",6.0,11.0,10.0,13.0,8.993333333333334,16.919,14.751666666666667,17.036333333333335,0.0,2.5442653998238156,2.6810600037654035,3.654891291263642,1.0,5.0,3.0,10.0,0.12126866716488198,0.03273290694281031,0.013655778801629149,0.03490432147872408,5.0,4.0,7.0,7.925666666666666,5.758333333333333,8.043000000000001,2.5442653998238156,2.6810600037654035,3.654891291263642,8.92359067214863,5.102821034472775,7.276485064015103
30,4,1.1428571428571428,1.6582280766035322,-3.044073766868528,"(0, 0, 1, 0, 1, 0, 0, 1, 0, 0, 0, 1, 1, 0, 0, 1, 0, 0, 0, 1, 0, 0, 0, 1, 0)",5.0,9.0,10.0,12.0,6.064,11.909666666666666,13.327666666666667,16.238,0.0,3.044073766868528,3.384646176668284,4.779667395623818,2.0,6.0,11.0,6.0,0.20267173596982607,0.09969701265604904,0.028771915322025842,0.0787919021965832,4.0,5.0,7.0,5.845666666666666,7.263666666666667,10.174,3.044073766868528,3.384646176668284,4.779667395623818,4.64568000565838,6.432300686235711,8.945033779114437
30,5,1.4285714285714284,1.6582280766035322,-2.2438958085034932,"(0, 0, 0, 0, 1, 0, 1, 1, 0, 0, 0, 1, 0, 0, 1, 1, 1, 0, 1, 0, 1, 0, 1, 1, 1)",7.0,11.0,11.0,15.0,9.525,18.464,13.884333333333334,19.362,0.0,2.398313691948096,2.2438958085034932,3.292706642198821,2.0,3.0,18.0,8.0,0.12836517625040958,0.032951601806327904,0.02877001283192253,0.030898478682297722,4.0,4.0,8.0,8.938999999999998,4.359333333333334,9.836999999999998,2.398313691948096,2.2438958085034932,3.292706642198821,10.845949676267963,3.5078778979735232,10.851930987435917
30,6,1.7142857142857142,1.6582280766035322,-1.5815258156824155,"(1, 1, 1, 1, 0, 0, 1, 0, 0, 1, 1, 0, 1, 0, 1, 0, 1, 1, 0, 0, 0, 1, 1, 0, 1)",9.0,12.0,12.0,15.0,13.537,16.703,17.387333333333334,18.253666666666668,0.0,1.5815258156824155,1.6397664706840134,3.1329547917744778,14.0,16.0,2.0,21.0,0.10607285705469904,0.03820817840572238,0.028156898139875777,0.018885405057033795,3.0,3.0,6.0,3.1659999999999986,3.8503333333333334,4.716666666666667,1.5815258156824155,1.6397664706840134,3.1329547917744778,2.6274195790888966,3.6656240368544863,2.6261554961966485
30,7,2.0,1.6582280766035322,-1.5470000000000006,"(0, 0, 0, 0, 1, 1, 1, 0, 0, 1, 0, 0, 0, 1, 0, 0, 0, 0, 0, 0, 1, 0, 1, 0, 1)",6.0,10.0,10.0,13.0,11.914333333333333,13.461333333333334,14.801,17.942333333333334,0.0,4.263783428614255,4.402263897767057,5.332207415504522,3.0,9.0,6.0,20.0,0.11202144835688725,0.060758478760493166,0.04290941407978626,0.026783835657896302,4.0,4.0,7.0,1.5470000000000006,2.8866666666666667,6.0280000000000005,4.263783428614255,4.402263897767057,5.332207415504522,-4.505046559379365,-2.513205881433239,1.1537827991029381
31,0,0.0,1.6582280766035322,-4.883923879751164,"(0, 0, 0, 0, 0, 1, 1, 0, 0, 0, 0, 0, 1, 0, 0, 0, 0, 1, 1, 1, 1, 0, 0, 0, 1)",4.0,8.0,8.0,10.0,4.881666666666667,12.289333333333333,11.089333333333334,15.123333333333333,0.0,4.883923879751164,5.365722047408319,5.91629983073171,1.0,1.0,2.0,3.0,0.2600477912259032,0.019949957863751606,0.11438064616716283,0.03919745643616341,4.0,4.0,6.0,7.407666666666667,6.207666666666667,10.241666666666667,4.883923879751164,5.365722047408319,5.91629983073171,4.184941147388932,1.3961362065994642,7.172444728957131
31,1,0.2857142857142857,1.6582280766035322,-2.527268562038629,"(0, 0, 1, 0, 1, 0, 0, 0, 1, 1, 1, 0, 1, 0, 1, 1, 0, 0, 1, 0, 0, 0, 1, 0, 0)",7.0,10.0,12.0,13.0,10.395333333333333,13.660666666666666,17.713333333333335,17.754333333333335,0.0,2.6547402392384254,2.527268562038629,4.149236718033764,12.0,4.0,3.0,5.0,0.1918541162366326,0.11542766159664235,0.03681359234686946,0.023803548148378945,3.0,5.0,6.0,3.2653333333333325,7.318000000000001,7.359000000000002,2.6547402392384254,2.527268562038629,4.149236718033764,1.0125026120083975,7.944125377894761,5.322519593407515
31,2,0.5714285714285714,1.6582280766035322,-2.542164977593452,"(1, 0, 0, 0, 0, 0, 0, 1, 1, 1, 0, 0, 1, 1, 1, 0, 0, 0, 1, 1, 1, 0, 0, 1, 1)",6.0,11.0,9.0,12.0,7.735,15.861333333333333,12.415666666666667,16.777,0.0,2.542164977593452,3.3032640276198633,4.228997488518396,7.0,23.0,3.0,8.0,0.27309543809899994,0.057062485748498634,0.06297550922896111,0.04067767922420046,5.0,3.0,6.0,8.126333333333331,4.680666666666666,9.042000000000002,2.542164977593452,3.3032640276198633,4.228997488518396,9.25982475196885,2.2840477288552097,7.981055897302113
31,3,0.8571428571428571,1.6582280766035322,-2.933460741780869,"(1, 1, 0, 0, 0, 0, 0, 0, 1, 1, 0, 1, 1, 1, 0, 0, 1, 0, 0, 1, 0, 0, 0, 0, 1)",5.0,9.0,9.0,12.0,8.392666666666667,13.138666666666667,13.596,15.825333333333333,0.0,2.933460741780869,3.144451839772262,4.630104435492383,1.0,2.0,2.0,10.0,0.17490889192566847,0.039887628763460185,0.07520900924542581,0.0388434429474952,4.0,4.0,7.0,4.746,5.203333333333333,7.432666666666666,2.933460741780869,3.144451839772262,4.630104435492383,3.0056034879251037,3.4140950990223824,4.647287378161836
31,4,1.1428571428571428,1.6582280766035322,-3.1777914364901965,"(0, 0, 1, 0, 1, 0, 0, 1, 0, 0, 0, 0, 0, 0, 0, 1, 0, 0, 0, 1, 0, 0, 0, 1, 0)",4.0,8.0,8.0,11.0,4.889,11.104333333333333,11.383666666666667,15.708333333333334,0.0,3.6880190032829003,3.1777914364901965,5.747639610584724,2.0,6.0,3.0,7.0,0.17929006008066947,0.09054783464374395,0.10875348473277255,0.012004878128407896,4.0,4.0,7.0,6.215333333333333,6.494666666666666,10.819333333333333,3.6880190032829003,3.1777914364901965,5.747639610584724,4.190863580492073,5.500135633269426,8.410024926995634
31,5,1.4285714285714284,1.6582280766035322,-2.316553835393338,"(0, 0, 0, 0, 0, 0, 1, 1, 0, 1, 0, 1, 0, 0, 1, 1, 1, 0, 1, 0, 1, 0, 1, 1, 1)",7.0,11.0,10.0,14.0,10.768,15.985,15.844333333333333,17.843333333333334,0.0,2.316553835393338,2.4394285358696597,2.4817870508486757,1.0,1.0,1.0,14.0,0.0833665130538636,0.040791619566027545,0.08319838761448106,0.009930297038174123,4.0,3.0,7.0,5.216999999999999,5.0763333333333325,7.075333333333333,2.316553835393338,2.4394285358696597,2.4817870508486757,4.809601264827795,4.372589570484813,7.6171474167938396
31,6,1.7142857142857142,1.6582280766035322,-1.144287921394878,"(1, 1, 1, 1, 0, 0, 1, 0, 0, 1, 1, 0, 1, 0, 1, 0, 1, 0, 1, 0, 0, 1, 1, 0, 1)",10.0,13.0,13.0,16.0,13.007333333333333,17.145,18.178333333333335,20.130666666666666,0.0,1.144287921394878,1.4502494262846362,2.245130267182744,8.0,8.0,3.0,1.0,0.1241226294692183,0.039731093485170066,0.04470304493674039,0.03222931800282006,3.0,3.0,6.0,4.137666666666666,5.171000000000001,7.123333333333333,1.144287921394878,1.4502494262846362,2.245130267182744,4.963704679317932,6.169853067373518,8.089173287664345
31,7,2.0,1.6582280766035322,-1.5470000000000006,"(0, 0, 0, 0, 1, 1, 1, 0, 0, 1, 0, 0, 0, 1, 0, 0, 0, 0, 0, 0, 1, 0, 1, 0, 1)",6.0,10.0,10.0,13.0,11.914333333333333,13.461333333333334,14.801,17.942333333333334,0.0,4.263783428614255,4.402263897767057,5.332207415504522,3.0,9.0,6.0,20.0,0.11202144835688725,0.060758478760493166,0.04290941407978626,0.026783835657896302,4.0,4.0,7.0,1.5470000000000006,2.8866666666666667,6.0280000000000005,4.263783428614255,4.402263897767057,5.332207415504522,-4.505046559379365,-2.513205881433239,1.1537827991029381
32,0,0.0,1.6582280766035322,-4.883923879751164,"(0, 0, 0, 0, 0, 1, 1, 0, 0, 0, 0, 0, 1, 0, 0, 0, 0, 1, 1, 1, 1, 0, 0, 0, 1)",4.0,8.0,8.0,10.0,4.881666666666667,12.289333333333333,11.089333333333334,15.123333333333333,0.0,4.883923879751164,5.365722047408319,5.91629983073171,1.0,1.0,2.0,3.0,0.2600477912259032,0.019949957863751606,0.11438064616716283,0.03919745643616341,4.0,4.0,6.0,7.407666666666667,6.207666666666667,10.241666666666667,4.883923879751164,5.365722047408319,5.91629983073171,4.184941147388932,1.3961362065994642,7.172444728957131
32,1,0.2857142857142857,1.6582280766035322,-2.527268562038629,"(0, 0, 1, 0, 1, 0, 0, 0, 1, 1, 1, 0, 1, 0, 1, 1, 0, 0, 1, 0, 0, 0, 1, 0, 0)",7.0,10.0,12.0,13.0,10.395333333333333,13.660666666666666,17.713333333333335,17.754333333333335,0.0,2.6547402392384254,2.527268562038629,4.149236718033764,12.0,4.0,3.0,5.0,0.1918541162366326,0.11542766159664235,0.03681359234686946,0.023803548148378945,3.0,5.0,6.0,3.2653333333333325,7.318000000000001,7.359000000000002,2.6547402392384254,2.527268562038629,4.149236718033764,1.0125026120083975,7.944125377894761,5.322519593407515
32,2,0.5714285714285714,1.6582280766035322,-2.542164977593452,"(1, 0, 0, 0, 0, 0, 0, 1, 1, 1, 0, 0, 1, 1, 1, 0, 0, 0, 1, 1, 1, 0, 0, 1, 1)",6.0,11.0,9.0,12.0,7.735,15.861333333333333,12.415666666666667,16.777,0.0,2.542164977593452,3.3032640276198633,4.228997488518396,7.0,23.0,3.0,8.0,0.27309543809899994,0.057062485748498634,0.06297550922896111,0.04067767922420046,5.0,3.0,6.0,8.126333333333331,4.680666666666666,9.042000000000002,2.542164977593452,3.3032640276198633,4.228997488518396,9.25982475196885,2.2840477288552097,7.981055897302113
32,3,0.8571428571428571,1.6582280766035322,-2.553486990405374,"(1, 1, 0, 0, 0, 0, 0, 0, 1, 0, 0, 1, 1, 1, 1, 0, 1, 0, 0, 1, 0, 0, 0, 0, 1)",6.0,10.0,10.0,12.0,7.899,16.177,12.232333333333333,18.678333333333335,0.0,2.553486990405374,2.9445155956248916,4.396119241505422,3.0,2.0,19.0,2.0,0.15362737908780816,0.009727213987994468,0.10527395628511638,0.01263615776175711,4.0,4.0,6.0,8.277999999999999,4.333333333333333,10.779333333333334,2.553486990405374,2.9445155956248916,4.396119241505422,9.492548197391992,2.302976565953138,10.58482482604036
32,4,1.1428571428571428,1.6582280766035322,-3.1777914364901965,"(0, 0, 1, 0, 1, 0, 0, 1, 0, 0, 0, 0, 0, 0, 0, 1, 0, 0, 0, 1, 0, 0, 0, 1, 0)",4.0,8.0,8.0,11.0,4.889,11.104333333333333,11.383666666666667,15.708333333333334,0.0,3.6880190032829003,3.1777914364901965,5.747639610584724,2.0,6.0,3.0,7.0,0.17929006008066947,0.09054783464374395,0.10875348473277255,0.012004878128407896,4.0,4.0,7.0,6.215333333333333,6.494666666666666,10.819333333333333,3.6880190032829003,3.1777914364901965,5.747639610584724,4.190863580492073,5.500135633269426,8.410024926995634
32,5,1.4285714285714284,1.6582280766035322,-2.316553835393338,"(0, 0, 0, 0, 0, 0, 1, 1, 0, 1, 0, 1, 0, 0, 1, 1, 1, 0, 1, 0, 1, 0, 1, 1, 1)",7.0,11.0,10.0,14.0,10.768,15.985,15.844333333333333,17.843333333333334,0.0,2.316553835393338,2.4394285358696597,2.4817870508486757,1.0,1.0,1.0,14.0,0.0833665130538636,0.040791619566027545,0.08319838761448106,0.009930297038174123,4.0,3.0,7.0,5.216999999999999,5.0763333333333325,7.075333333333333,2.316553835393338,2.4394285358696597,2.4817870508486757,4.809601264827795,4.372589570484813,7.6171474167938396
32,6,1.7142857142857142,1.6582280766035322,-1.7974086864997891,"(1, 1, 1, 1, 0, 0, 1, 0, 0, 1, 1, 0, 1, 0, 1, 0, 1, 0, 1, 0, 1, 1, 1, 0, 0)",9.0,12.0,12.0,15.0,13.420666666666667,16.498666666666665,17.897333333333332,19.470666666666666,0.0,1.7974086864997891,2.286724154770881,2.836380700273934,4.0,1.0,4.0,9.0,0.13907520483825447,0.038526046426602734,0.030483265849115815,0.010494948691423797,3.0,3.0,6.0,3.0779999999999976,4.476666666666665,6.049999999999999,1.7974086864997891,2.286724154770881,2.836380700273934,2.123512470700642,3.6314241593732537,5.328913750320742
32,7,2.0,1.6582280766035322,-1.5470000000000006,"(0, 0, 0, 0, 1, 1, 1, 0, 0, 1, 0, 0, 0, 1, 0, 0, 0, 0, 0, 0, 1, 0, 1, 0, 1)",6.0,10.0,10.0,13.0,11.914333333333333,13.461333333333334,14.801,17.942333333333334,0.0,4.263783428614255,4.402263897767057,5.332207415504522,3.0,9.0,6.0,20.0,0.11202144835688725,0.060758478760493166,0.04290941407978626,0.026783835657896302,4.0,4.0,7.0,1.5470000000000006,2.8866666666666667,6.0280000000000005,4.263783428614255,4.402263897767057,5.332207415504522,-4.505046559379365,-2.513205881433239,1.1537827991029381
33,0,0.0,1.6582280766035322,-4.883923879751164,"(0, 0, 0, 0, 0, 1, 1, 0, 0, 0, 0, 0, 1, 0, 0, 0, 0, 1, 1, 1, 1, 0, 0, 0, 1)",4.0,8.0,8.0,10.0,4.881666666666667,12.289333333333333,11.089333333333334,15.123333333333333,0.0,4.883923879751164,5.365722047408319,5.91629983073171,1.0,1.0,2.0,3.0,0.2600477912259032,0.019949957863751606,0.11438064616716283,0.03919745643616341,4.0,4.0,6.0,7.407666666666667,6.207666666666667,10.241666666666667,4.883923879751164,5.365722047408319,5.91629983073171,4.184941147388932,1.3961362065994642,7.172444728957131
33,1,0.2857142857142857,1.6582280766035322,-3.1761516331699995,"(0, 0, 1, 1, 0, 0, 0, 0, 1, 1, 1, 0, 1, 0, 1, 1, 0, 0, 1, 0, 0, 0, 1, 0, 0)",6.0,11.0,10.0,13.0,8.346,15.289333333333333,15.125,17.456,0.0,3.1761516331699995,3.30756620824083,4.899409887510999,2.0,25.0,6.0,14.0,0.19852557085627792,0.054919667419432584,0.06494483048473933,0.027823826465510158,5.0,4.0,7.0,6.943333333333333,6.779,9.11,3.1761516331699995,3.30756620824083,4.899409887510999,6.246846464877869,5.756428979565316,6.982118743598485
33,2,0.5714285714285714,1.6582280766035322,-2.542164977593452,"(1, 0, 0, 0, 0, 0, 0, 1, 1, 1, 0, 0, 1, 1, 1, 0, 0, 0, 1, 1, 1, 0, 0, 1, 1)",6.0,11.0,9.0,12.0,7.735,15.861333333333333,12.415666666666667,16.777,0.0,2.542164977593452,3.3032640276198633,4.228997488518396,7.0,23.0,3.0,8.0,0.27309543809899994,0.057062485748498634,0.06297550922896111,0.04067767922420046,5.0,3.0,6.0,8.126333333333331,4.680666666666666,9.042000000000002,2.542164977593452,3.3032640276198633,4.228997488518396,9.25982475196885,2.2840477288552097,7.981055897302113
33,3,0.8571428571428571,1.6582280766035322,-2.553486990405374,"(1, 1, 0, 0, 0, 0, 0, 0, 1, 0, 0, 1, 1, 1, 1, 0, 1, 0, 0, 1, 0, 0, 0, 0, 1)",6.0,10.0,10.0,12.0,7.899,16.177,12.232333333333333,18.678333333333335,0.0,2.553486990405374,2.9445155956248916,4.396119241505422,3.0,2.0,19.0,2.0,0.15362737908780816,0.009727213987994468,0.10527395628511638,0.01263615776175711,4.0,4.0,6.0,8.277999999999999,4.333333333333333,10.779333333333334,2.553486990405374,2.9445155956248916,4.396119241505422,9.492548197391992,2.302976565953138,10.58482482604036
33,4,1.1428571428571428,1.6582280766035322,-3.1777914364901965,"(0, 0, 1, 0, 1, 0, 0, 1, 0, 0, 0, 0, 0, 0, 0, 1, 0, 0, 0, 1, 0, 0, 0, 1, 0)",4.0,8.0,8.0,11.0,4.889,11.104333333333333,11.383666666666667,15.708333333333334,0.0,3.6880190032829003,3.1777914364901965,5.747639610584724,2.0,6.0,3.0,7.0,0.17929006008066947,0.09054783464374395,0.10875348473277255,0.012004878128407896,4.0,4.0,7.0,6.215333333333333,6.494666666666666,10.819333333333333,3.6880190032829003,3.1777914364901965,5.747639610584724,4.190863580492073,5.500135633269426,8.410024926995634
33,5,1.4285714285714284,1.6582280766035322,-2.316553835393338,"(0, 0, 0, 0, 0, 0, 1, 1, 0, 1, 0, 1, 0, 0, 1, 1, 1, 0, 1, 0, 1, 0, 1, 1, 1)",7.0,11.0,10.0,14.0,10.768,15.985,15.844333333333333,17.843333333333334,0.0,2.316553835393338,2.4394285358696597,2.4817870508486757,1.0,1.0,1.0,14.0,0.0833665130538636,0.040791619566027545,0.08319838761448106,0.009930297038174123,4.0,3.0,7.0,5.216999999999999,5.0763333333333325,7.075333333333333,2.316553835393338,2.4394285358696597,2.4817870508486757,4.809601264827795,4.372589570484813,7.6171474167938396
33,6,1.7142857142857142,1.6582280766035322,-1.7974086864997891,"(1, 1, 1, 1, 0, 0, 1, 0, 0, 1, 1, 0, 1, 0, 1, 0, 1, 0, 1, 0, 1, 1, 1, 0, 0)",9.0,12.0,12.0,15.0,13.420666666666667,16.498666666666665,17.897333333333332,19.470666666666666,0.0,1.7974086864997891,2.286724154770881,2.836380700273934,4.0,1.0,4.0,9.0,0.13907520483825447,0.038526046426602734,0.030483265849115815,0.010494948691423797,3.0,3.0,6.0,3.0779999999999976,4.476666666666665,6.049999999999999,1.7974086864997891,2.286724154770881,2.836380700273934,2.123512470700642,3.6314241593732537,5.328913750320742
33,7,2.0,1.6582280766035322,-1.5470000000000006,"(0, 0, 0, 0, 1, 1, 1, 0, 0, 1, 0, 0, 0, 1, 0, 0, 0, 0, 0, 0, 1, 0, 1, 0, 1)",6.0,10.0,10.0,13.0,11.914333333333333,13.461333333333334,14.801,17.942333333333334,0.0,4.263783428614255,4.402263897767057,5.332207415504522,3.0,9.0,6.0,20.0,0.11202144835688725,0.060758478760493166,0.04290941407978626,0.026783835657896302,4.0,4.0,7.0,1.5470000000000006,2.8866666666666667,6.0280000000000005,4.263783428614255,4.402263897767057,5.332207415504522,-4.505046559379365,-2.513205881433239,1.1537827991029381
34,0,0.0,1.6582280766035322,-4.883923879751164,"(0, 0, 0, 0, 0, 1, 1, 0, 0, 0, 0, 0, 1, 0, 0, 0, 0, 1, 1, 1, 1, 0, 0, 0, 1)",4.0,8.0,8.0,10.0,4.881666666666667,12.289333333333333,11.089333333333334,15.123333333333333,0.0,4.883923879751164,5.365722047408319,5.91629983073171,1.0,1.0,2.0,3.0,0.2600477912259032,0.019949957863751606,0.11438064616716283,0.03919745643616341,4.0,4.0,6.0,7.407666666666667,6.207666666666667,10.241666666666667,4.883923879751164,5.365722047408319,5.91629983073171,4.184941147388932,1.3961362065994642,7.172444728957131
34,1,0.2857142857142857,1.6582280766035322,-4.216892423559191,"(0, 0, 1, 1, 0, 0, 0, 0, 1, 1, 1, 1, 0, 0, 1, 1, 0, 0, 1, 0, 0, 0, 1, 0, 0)",6.0,12.0,10.0,13.0,8.209666666666667,17.095333333333333,14.831666666666667,17.842666666666666,0.0,4.216892423559191,4.517390988174359,5.169719488753781,1.0,8.0,4.0,3.0,0.1766945869468687,0.016085585048630512,0.046070606184314224,0.025562110896731955,6.0,4.0,7.0,8.885666666666665,6.622,9.633,4.216892423559191,4.517390988174359,5.169719488753781,7.741892533244219,3.489921753682093,7.401137057505846
34,2,0.5714285714285714,1.6582280766035322,-2.542164977593452,"(1, 0, 0, 0, 0, 0, 0, 1, 1, 1, 0, 0, 1, 1, 1, 0, 0, 0, 1, 1, 1, 0, 0, 1, 1)",6.0,11.0,9.0,12.0,7.735,15.861333333333333,12.415666666666667,16.777,0.0,2.542164977593452,3.3032640276198633,4.228997488518396,7.0,23.0,3.0,8.0,0.27309543809899994,0.057062485748498634,0.06297550922896111,0.04067767922420046,5.0,3.0,6.0,8.126333333333331,4.680666666666666,9.042000000000002,2.542164977593452,3.3032640276198633,4.228997488518396,9.25982475196885,2.2840477288552097,7.981055897302113
34,3,0.8571428571428571,1.6582280766035322,-2.553486990405374,"(1, 1, 0, 0, 0, 0, 0, 0, 1, 0, 0, 1, 1, 1, 1, 0, 1, 0, 0, 1, 0, 0, 0, 0, 1)",6.0,10.0,10.0,12.0,7.899,16.177,12.232333333333333,18.678333333333335,0.0,2.553486990405374,2.9445155956248916,4.396119241505422,3.0,2.0,19.0,2.0,0.15362737908780816,0.009727213987994468,0.10527395628511638,0.01263615776175711,4.0,4.0,6.0,8.277999999999999,4.333333333333333,10.779333333333334,2.553486990405374,2.9445155956248916,4.396119241505422,9.492548197391992,2.302976565953138,10.58482482604036
34,4,1.1428571428571428,1.6582280766035322,-3.3441946239773594,"(0, 0, 1, 1, 1, 0, 0, 1, 1, 0, 0, 0, 0, 0, 0, 1, 0, 0, 0, 1, 0, 0, 0, 1, 0)",5.0,8.0,9.0,11.0,6.306333333333333,10.897666666666666,13.702333333333334,15.435,0.0,3.3441946239773594,3.6551123883405228,5.644562310867406,6.0,3.0,6.0,2.0,0.2554284330174037,0.16549621968349745,0.03270972235250235,0.008298668956104401,3.0,4.0,6.0,4.591333333333333,7.396000000000001,9.128666666666668,3.3441946239773594,3.6551123883405228,5.644562310867406,2.0680404232731675,6.203244869072078,5.777439664602998
34,5,1.4285714285714284,1.6582280766035322,-2.6176666666666666,"(0, 0, 0, 0, 0, 0, 1, 1, 1, 0, 0, 1, 0, 0, 1, 1, 1, 0, 1, 0, 1, 0, 1, 1, 1)",9.0,11.0,11.0,14.0,12.262333333333334,16.025,14.88,17.935,0.0,3.0520977482836487,2.7771266836699695,3.940585564106024,24.0,4.0,4.0,4.0,0.14962673854630829,0.007694353132204441,0.06068597359957637,0.028836358736158724,2.0,2.0,5.0,3.7626666666666644,2.6176666666666666,5.6726666666666645,3.0520977482836487,2.7771266836699695,3.940585564106024,1.1782853308245205,-0.26442107729055353,2.872185515220456
34,6,1.7142857142857142,1.6582280766035322,-1.0576178672577332,"(1, 1, 1, 1, 0, 0, 1, 0, 0, 1, 1, 0, 1, 0, 1, 0, 1, 0, 1, 1, 1, 1, 1, 0, 1)",10.0,14.0,13.0,16.0,14.297666666666666,17.560333333333332,17.805333333333333,19.654333333333334,0.0,1.4415713660170775,1.0576178672577332,1.957400058757421,8.0,15.0,2.0,8.0,0.07591831986477406,0.07065953428485501,0.04883122904248777,0.014654236181527534,4.0,3.0,6.0,3.262666666666666,3.507666666666667,5.356666666666667,1.4415713660170775,1.0576178672577332,1.957400058757421,3.0197913577078985,4.06273970822867,5.636759329095963
34,7,2.0,1.6582280766035322,-1.5470000000000006,"(0, 0, 0, 0, 1, 1, 1, 0, 0, 1, 0, 0, 0, 1, 0, 0, 0, 0, 0, 0, 1, 0, 1, 0, 1)",6.0,10.0,10.0,13.0,11.914333333333333,13.461333333333334,14.801,17.942333333333334,0.0,4.263783428614255,4.402263897767057,5.332207415504522,3.0,9.0,6.0,20.0,0.11202144835688725,0.060758478760493166,0.04290941407978626,0.026783835657896302,4.0,4.0,7.0,1.5470000000000006,2.8866666666666667,6.0280000000000005,4.263783428614255,4.402263897767057,5.332207415504522,-4.505046559379365,-2.513205881433239,1.1537827991029381
35,0,0.0,1.6582280766035322,-2.933893723556426,"(1, 0, 0, 0, 0, 0, 1, 0, 0, 0, 0, 0, 1, 0, 0, 0, 0, 1, 1, 1, 1, 0, 0, 0, 1)",5.0,9.0,9.0,11.0,6.023,12.421333333333333,11.857,15.488,0.0,3.2427755523366475,2.933893723556426,4.748640105834925,2.0,4.0,2.0,2.0,0.12858563753986793,0.05713645566332903,0.06340523160319479,0.016907321785170345,4.0,4.0,6.0,6.398333333333333,5.834,9.465,3.2427755523366475,2.933893723556426,4.748640105834925,5.232634509793445,4.809037652732859,7.820800395871391
35,1,0.2857142857142857,1.6582280766035322,-4.216892423559191,"(0, 0, 1, 1, 0, 0, 0, 0, 1, 1, 1, 1, 0, 0, 1, 1, 0, 0, 1, 0, 0, 0, 1, 0, 0)",6.0,12.0,10.0,13.0,8.209666666666667,17.095333333333333,14.831666666666667,17.842666666666666,0.0,4.216892423559191,4.517390988174359,5.169719488753781,1.0,8.0,4.0,3.0,0.1766945869468687,0.016085585048630512,0.046070606184314224,0.025562110896731955,6.0,4.0,7.0,8.885666666666665,6.622,9.633,4.216892423559191,4.517390988174359,5.169719488753781,7.741892533244219,3.489921753682093,7.401137057505846
35,2,0.5714285714285714,1.6582280766035322,-2.9526666666666666,"(1, 0, 0, 1, 1, 0, 0, 1, 1, 1, 0, 0, 1, 1, 1, 0, 0, 0, 1, 1, 1, 0, 0, 1, 1)",7.0,7.0,9.0,12.0,7.866666666666666,10.819333333333333,11.111666666666666,16.071,0.0,2.9753125759587022,3.365604190921952,4.910040971957669,18.0,1.0,4.0,4.0,0.15866545293091522,0.20833402450746416,0.10406196347541957,0.02168302400837279,0.0,2.0,5.0,2.9526666666666666,3.245,8.204333333333334,2.9753125759587022,3.365604190921952,4.910040971957669,-0.03755208260827041,-0.1999892555428332,5.462688086173677
35,3,0.8571428571428571,1.6582280766035322,-2.553486990405374,"(1, 1, 0, 0, 0, 0, 0, 0, 1, 0, 0, 1, 1, 1, 1, 0, 1, 0, 0, 1, 0, 0, 0, 0, 1)",6.0,10.0,10.0,12.0,7.899,16.177,12.232333333333333,18.678333333333335,0.0,2.553486990405374,2.9445155956248916,4.396119241505422,3.0,2.0,19.0,2.0,0.15362737908780816,0.009727213987994468,0.10527395628511638,0.01263615776175711,4.0,4.0,6.0,8.277999999999999,4.333333333333333,10.779333333333334,2.553486990405374,2.9445155956248916,4.396119241505422,9.492548197391992,2.302976565953138,10.58482482604036
35,4,1.1428571428571428,1.6582280766035322,-3.3441946239773594,"(0, 0, 1, 1, 1, 0, 0, 1, 1, 0, 0, 0, 0, 0, 0, 1, 0, 0, 0, 1, 0, 0, 0, 1, 0)",5.0,8.0,9.0,11.0,6.306333333333333,10.897666666666666,13.702333333333334,15.435,0.0,3.3441946239773594,3.6551123883405228,5.644562310867406,6.0,3.0,6.0,2.0,0.2554284330174037,0.16549621968349745,0.03270972235250235,0.008298668956104401,3.0,4.0,6.0,4.591333333333333,7.396000000000001,9.128666666666668,3.3441946239773594,3.6551123883405228,5.644562310867406,2.0680404232731675,6.203244869072078,5.777439664602998
35,5,1.4285714285714284,1.6582280766035322,-2.6176666666666666,"(0, 0, 0, 0, 0, 0, 1, 1, 1, 0, 0, 1, 0, 0, 1, 1, 1, 0, 1, 0, 1, 0, 1, 1, 1)",9.0,11.0,11.0,14.0,12.262333333333334,16.025,14.88,17.935,0.0,3.0520977482836487,2.7771266836699695,3.940585564106024,24.0,4.0,4.0,4.0,0.14962673854630829,0.007694353132204441,0.06068597359957637,0.028836358736158724,2.0,2.0,5.0,3.7626666666666644,2.6176666666666666,5.6726666666666645,3.0520977482836487,2.7771266836699695,3.940585564106024,1.1782853308245205,-0.26442107729055353,2.872185515220456
35,6,1.7142857142857142,1.6582280766035322,-1.0576178672577332,"(1, 1, 1, 1, 0, 0, 1, 0, 0, 1, 1, 0, 1, 0, 1, 0, 1, 0, 1, 1, 1, 1, 1, 0, 1)",10.0,14.0,13.0,16.0,14.297666666666666,17.560333333333332,17.805333333333333,19.654333333333334,0.0,1.4415713660170775,1.0576178672577332,1.957400058757421,8.0,15.0,2.0,8.0,0.07591831986477406,0.07065953428485501,0.04883122904248777,0.014654236181527534,4.0,3.0,6.0,3.262666666666666,3.507666666666667,5.356666666666667,1.4415713660170775,1.0576178672577332,1.957400058757421,3.0197913577078985,4.06273970822867,5.636759329095963
35,7,2.0,1.6582280766035322,-1.5470000000000006,"(0, 0, 0, 0, 1, 1, 1, 0, 0, 1, 0, 0, 0, 1, 0, 0, 0, 0, 0, 0, 1, 0, 1, 0, 1)",6.0,10.0,10.0,13.0,11.914333333333333,13.461333333333334,14.801,17.942333333333334,0.0,4.263783428614255,4.402263897767057,5.332207415504522,3.0,9.0,6.0,20.0,0.11202144835688725,0.060758478760493166,0.04290941407978626,0.026783835657896302,4.0,4.0,7.0,1.5470000000000006,2.8866666666666667,6.0280000000000005,4.263783428614255,4.402263897767057,5.332207415504522,-4.505046559379365,-2.513205881433239,1.1537827991029381
36,0,0.0,1.6582280766035322,-2.933893723556426,"(1, 0, 0, 0, 0, 0, 1, 0, 0, 0, 0, 0, 1, 0, 0, 0, 0, 1, 1, 1, 1, 0, 0, 0, 1)",5.0,9.0,9.0,11.0,6.023,12.421333333333333,11.857,15.488,0.0,3.2427755523366475,2.933893723556426,4.748640105834925,2.0,4.0,2.0,2.0,0.12858563753986793,0.05713645566332903,0.06340523160319479,0.016907321785170345,4.0,4.0,6.0,6.398333333333333,5.834,9.465,3.2427755523366475,2.933893723556426,4.748640105834925,5.232634509793445,4.809037652732859,7.820800395871391
36,1,0.2857142857142857,1.6582280766035322,-2.2814270373039527,"(0, 0, 0, 1, 0, 0, 0, 0, 1, 1, 1, 1, 0, 0, 1, 1, 0, 0, 1, 0, 0, 0, 0, 0, 0)",5.0,9.0,9.0,12.0,8.259,14.480666666666666,15.033666666666667,16.873666666666665,0.0,2.2814270373039527,2.826366845166891,4.347385760809684,1.0,1.0,2.0,8.0,0.25403607917523086,0.011137933049877594,0.0183739206115502,0.02491014015273201,4.0,4.0,7.0,6.221666666666666,6.774666666666667,8.614666666666665,2.2814270373039527,2.826366845166891,4.347385760809684,6.533815981955146,6.547181618859643,7.0761250088462
36,2,0.5714285714285714,1.6582280766035322,-2.9526666666666666,"(1, 0, 0, 1, 1, 0, 0, 1, 1, 1, 0, 0, 1, 1, 1, 0, 0, 0, 1, 1, 1, 0, 0, 1, 1)",7.0,7.0,9.0,12.0,7.866666666666666,10.819333333333333,11.111666666666666,16.071,0.0,2.9753125759587022,3.365604190921952,4.910040971957669,18.0,1.0,4.0,4.0,0.15866545293091522,0.20833402450746416,0.10406196347541957,0.02168302400837279,0.0,2.0,5.0,2.9526666666666666,3.245,8.204333333333334,2.9753125759587022,3.365604190921952,4.910040971957669,-0.03755208260827041,-0.1999892555428332,5.462688086173677
36,3,0.8571428571428571,1.6582280766035322,-2.553486990405374,"(1, 1, 0, 0, 0, 0, 0, 0, 1, 0, 0, 1, 1, 1, 1, 0, 1, 0, 0, 1, 0, 0, 0, 0, 1)",6.0,10.0,10.0,12.0,7.899,16.177,12.232333333333333,18.678333333333335,0.0,2.553486990405374,2.9445155956248916,4.396119241505422,3.0,2.0,19.0,2.0,0.15362737908780816,0.009727213987994468,0.10527395628511638,0.01263615776175711,4.0,4.0,6.0,8.277999999999999,4.333333333333333,10.779333333333334,2.553486990405374,2.9445155956248916,4.396119241505422,9.492548197391992,2.302976565953138,10.58482482604036
36,4,1.1428571428571428,1.6582280766035322,-3.3441946239773594,"(0, 0, 1, 1, 1, 0, 0, 1, 1, 0, 0, 0, 0, 0, 0, 1, 0, 0, 0, 1, 0, 0, 0, 1, 0)",5.0,8.0,9.0,11.0,6.306333333333333,10.897666666666666,13.702333333333334,15.435,0.0,3.3441946239773594,3.6551123883405228,5.644562310867406,6.0,3.0,6.0,2.0,0.2554284330174037,0.16549621968349745,0.03270972235250235,0.008298668956104401,3.0,4.0,6.0,4.591333333333333,7.396000000000001,9.128666666666668,3.3441946239773594,3.6551123883405228,5.644562310867406,2.0680404232731675,6.203244869072078,5.777439664602998
36,5,1.4285714285714284,1.6582280766035322,-2.6176666666666666,"(0, 0, 0, 0, 0, 0, 1, 1, 1, 0, 0, 1, 0, 0, 1, 1, 1, 0, 1, 0, 1, 0, 1, 1, 1)",9.0,11.0,11.0,14.0,12.262333333333334,16.025,14.88,17.935,0.0,3.0520977482836487,2.7771266836699695,3.940585564106024,24.0,4.0,4.0,4.0,0.14962673854630829,0.007694353132204441,0.06068597359957637,0.028836358736158724,2.0,2.0,5.0,3.7626666666666644,2.6176666666666666,5.6726666666666645,3.0520977482836487,2.7771266836699695,3.940585564106024,1.1782853308245205,-0.26442107729055353,2.872185515220456
36,6,1.7142857142857142,1.6582280766035322,-1.6496329277398045,"(1, 1, 1, 1, 0, 1, 1, 0, 0, 1, 0, 0, 1, 0, 1, 0, 1, 0, 1, 1, 1, 1, 1, 0, 1)",9.0,13.0,13.0,14.0,14.282666666666668,17.727,17.194333333333333,19.481666666666666,0.0,1.6724796256841192,1.6496329277398045,3.052871588052729,4.0,5.0,4.0,2.0,0.05883666516348461,0.060344136816517596,0.07947800669952956,0.03257202785593274,4.0,4.0,5.0,3.444333333333333,2.9116666666666653,5.198999999999998,1.6724796256841192,1.6496329277398045,3.052871588052729,2.9381375656579927,2.0927397795094524,3.5587703886875133
36,7,2.0,1.6582280766035322,-1.5470000000000006,"(0, 0, 0, 0, 1, 1, 1, 0, 0, 1, 0, 0, 0, 1, 0, 0, 0, 0, 0, 0, 1, 0, 1, 0, 1)",6.0,10.0,10.0,13.0,11.914333333333333,13.461333333333334,14.801,17.942333333333334,0.0,4.263783428614255,4.402263897767057,5.332207415504522,3.0,9.0,6.0,20.0,0.11202144835688725,0.060758478760493166,0.04290941407978626,0.026783835657896302,4.0,4.0,7.0,1.5470000000000006,2.8866666666666667,6.0280000000000005,4.263783428614255,4.402263897767057,5.332207415504522,-4.505046559379365,-2.513205881433239,1.1537827991029381
37,0,0.0,1.6582280766035322,-2.933893723556426,"(1, 0, 0, 0, 0, 0, 1, 0, 0, 0, 0, 0, 1, 0, 0, 0, 0, 1, 1, 1, 1, 0, 0, 0, 1)",5.0,9.0,9.0,11.0,6.023,12.421333333333333,11.857,15.488,0.0,3.2427755523366475,2.933893723556426,4.748640105834925,2.0,4.0,2.0,2.0,0.12858563753986793,0.05713645566332903,0.06340523160319479,0.016907321785170345,4.0,4.0,6.0,6.398333333333333,5.834,9.465,3.2427755523366475,2.933893723556426,4.748640105834925,5.232634509793445,4.809037652732859,7.820800395871391
37,1,0.2857142857142857,1.6582280766035322,-3.1021762361970744,"(0, 0, 0, 1, 0, 0, 0, 0, 1, 1, 1, 1, 0, 1, 1, 1, 0, 0, 0, 0, 0, 0, 0, 0, 0)",5.0,10.0,9.0,13.0,6.791333333333333,15.753,12.606,16.515666666666668,0.0,3.4788519561757694,3.1021762361970744,5.11827756886626,1.0,7.0,19.0,31.0,0.1720473280344643,0.03249591322006249,0.008919071758281797,0.005427263347898918,5.0,4.0,8.0,8.961666666666666,5.814666666666667,9.724333333333334,3.4788519561757694,3.1021762361970744,5.11827756886626,9.091757291750872,4.497927789323079,7.637890991040848
37,2,0.5714285714285714,1.6582280766035322,-2.9526666666666666,"(1, 0, 0, 1, 1, 0, 0, 1, 1, 1, 0, 0, 1, 1, 1, 0, 0, 0, 1, 1, 1, 0, 0, 1, 1)",7.0,7.0,9.0,12.0,7.866666666666666,10.819333333333333,11.111666666666666,16.071,0.0,2.9753125759587022,3.365604190921952,4.910040971957669,18.0,1.0,4.0,4.0,0.15866545293091522,0.20833402450746416,0.10406196347541957,0.02168302400837279,0.0,2.0,5.0,2.9526666666666666,3.245,8.204333333333334,2.9753125759587022,3.365604190921952,4.910040971957669,-0.03755208260827041,-0.1999892555428332,5.462688086173677
37,3,0.8571428571428571,1.6582280766035322,-2.553486990405374,"(1, 1, 0, 0, 0, 0, 0, 0, 1, 0, 0, 1, 1, 1, 1, 0, 1, 0, 0, 1, 0, 0, 0, 0, 1)",6.0,10.0,10.0,12.0,7.899,16.177,12.232333333333333,18.678333333333335,0.0,2.553486990405374,2.9445155956248916,4.396119241505422,3.0,2.0,19.0,2.0,0.15362737908780816,0.009727213987994468,0.10527395628511638,0.01263615776175711,4.0,4.0,6.0,8.277999999999999,4.333333333333333,10.779333333333334,2.553486990405374,2.9445155956248916,4.396119241505422,9.492548197391992,2.302976565953138,10.58482482604036
37,4,1.1428571428571428,1.6582280766035322,-3.3441946239773594,"(0, 0, 1, 1, 1, 0, 0, 1, 1, 0, 0, 0, 0, 0, 0, 1, 0, 0, 0, 1, 0, 0, 0, 1, 0)",5.0,8.0,9.0,11.0,6.306333333333333,10.897666666666666,13.702333333333334,15.435,0.0,3.3441946239773594,3.6551123883405228,5.644562310867406,6.0,3.0,6.0,2.0,0.2554284330174037,0.16549621968349745,0.03270972235250235,0.008298668956104401,3.0,4.0,6.0,4.591333333333333,7.396000000000001,9.128666666666668,3.3441946239773594,3.6551123883405228,5.644562310867406,2.0680404232731675,6.203244869072078,5.777439664602998
37,5,1.4285714285714284,1.6582280766035322,-2.6176666666666666,"(0, 0, 0, 0, 0, 0, 1, 1, 1, 0, 0, 1, 0, 0, 1, 1, 1, 0, 1, 0, 1, 0, 1, 1, 1)",9.0,11.0,11.0,14.0,12.262333333333334,16.025,14.88,17.935,0.0,3.0520977482836487,2.7771266836699695,3.940585564106024,24.0,4.0,4.0,4.0,0.14962673854630829,0.007694353132204441,0.06068597359957637,0.028836358736158724,2.0,2.0,5.0,3.7626666666666644,2.6176666666666666,5.6726666666666645,3.0520977482836487,2.7771266836699695,3.940585564106024,1.1782853308245205,-0.26442107729055353,2.872185515220456
37,6,1.7142857142857142,1.6582280766035322,-1.6496329277398045,"(1, 1, 1, 1, 0, 1, 1, 0, 0, 1, 0, 0, 1, 0, 1, 0, 1, 0, 1, 1, 1, 1, 1, 0, 1)",9.0,13.0,13.0,14.0,14.282666666666668,17.727,17.194333333333333,19.481666666666666,0.0,1.6724796256841192,1.6496329277398045,3.052871588052729,4.0,5.0,4.0,2.0,0.05883666516348461,0.060344136816517596,0.07947800669952956,0.03257202785593274,4.0,4.0,5.0,3.444333333333333,2.9116666666666653,5.198999999999998,1.6724796256841192,1.6496329277398045,3.052871588052729,2.9381375656579927,2.0927397795094524,3.5587703886875133
37,7,2.0,1.6582280766035322,-1.5470000000000006,"(0, 0, 0, 0, 1, 1, 1, 0, 0, 1, 0, 0, 0, 1, 0, 0, 0, 0, 0, 0, 1, 0, 1, 0, 1)",6.0,10.0,10.0,13.0,11.914333333333333,13.461333333333334,14.801,17.942333333333334,0.0,4.263783428614255,4.402263897767057,5.332207415504522,3.0,9.0,6.0,20.0,0.11202144835688725,0.060758478760493166,0.04290941407978626,0.026783835657896302,4.0,4.0,7.0,1.5470000000000006,2.8866666666666667,6.0280000000000005,4.263783428614255,4.402263897767057,5.332207415504522,-4.505046559379365,-2.513205881433239,1.1537827991029381
38,0,0.0,1.6582280766035322,-3.4616985079611275,"(0, 0, 0, 0, 0, 1, 1, 0, 0, 0, 0, 0, 1, 0, 0, 0, 0, 1, 1, 1, 1, 0, 0, 0, 1)",4.0,8.0,8.0,10.0,4.937333333333333,9.889,11.104666666666667,15.16,0.0,3.4616985079611275,4.0235522422054215,5.585667577013371,1.0,2.0,2.0,3.0,0.1664496791231491,0.05784581849463455,0.09189684721031509,0.01696175409703718,4.0,4.0,6.0,4.951666666666666,6.167333333333334,10.222666666666667,3.4616985079611275,4.0235522422054215,5.585667577013371,2.470707034010792,3.554877995400059,7.689202081648115
38,1,0.2857142857142857,1.6582280766035322,-3.1021762361970744,"(0, 0, 0, 1, 0, 0, 0, 0, 1, 1, 1, 1, 0, 1, 1, 1, 0, 0, 0, 0, 0, 0, 0, 0, 0)",5.0,10.0,9.0,13.0,6.791333333333333,15.753,12.606,16.515666666666668,0.0,3.4788519561757694,3.1021762361970744,5.11827756886626,1.0,7.0,19.0,31.0,0.1720473280344643,0.03249591322006249,0.008919071758281797,0.005427263347898918,5.0,4.0,8.0,8.961666666666666,5.814666666666667,9.724333333333334,3.4788519561757694,3.1021762361970744,5.11827756886626,9.091757291750872,4.497927789323079,7.637890991040848
38,2,0.5714285714285714,1.6582280766035322,-2.9526666666666666,"(1, 0, 0, 1, 1, 0, 0, 1, 1, 1, 0, 0, 1, 1, 1, 0, 0, 0, 1, 1, 1, 0, 0, 1, 1)",7.0,7.0,9.0,12.0,7.866666666666666,10.819333333333333,11.111666666666666,16.071,0.0,2.9753125759587022,3.365604190921952,4.910040971957669,18.0,1.0,4.0,4.0,0.15866545293091522,0.20833402450746416,0.10406196347541957,0.02168302400837279,0.0,2.0,5.0,2.9526666666666666,3.245,8.204333333333334,2.9753125759587022,3.365604190921952,4.910040971957669,-0.03755208260827041,-0.1999892555428332,5.462688086173677
38,3,0.8571428571428571,1.6582280766035322,-2.553486990405374,"(1, 1, 0, 0, 0, 0, 0, 0, 1, 0, 0, 1, 1, 1, 1, 0, 1, 0, 0, 1, 0, 0, 0, 0, 1)",6.0,10.0,10.0,12.0,7.899,16.177,12.232333333333333,18.678333333333335,0.0,2.553486990405374,2.9445155956248916,4.396119241505422,3.0,2.0,19.0,2.0,0.15362737908780816,0.009727213987994468,0.10527395628511638,0.01263615776175711,4.0,4.0,6.0,8.277999999999999,4.333333333333333,10.779333333333334,2.553486990405374,2.9445155956248916,4.396119241505422,9.492548197391992,2.302976565953138,10.58482482604036
38,4,1.1428571428571428,1.6582280766035322,-3.3441946239773594,"(0, 0, 1, 1, 1, 0, 0, 1, 1, 0, 0, 0, 0, 0, 0, 1, 0, 0, 0, 1, 0, 0, 0, 1, 0)",5.0,8.0,9.0,11.0,6.306333333333333,10.897666666666666,13.702333333333334,15.435,0.0,3.3441946239773594,3.6551123883405228,5.644562310867406,6.0,3.0,6.0,2.0,0.2554284330174037,0.16549621968349745,0.03270972235250235,0.008298668956104401,3.0,4.0,6.0,4.591333333333333,7.396000000000001,9.128666666666668,3.3441946239773594,3.6551123883405228,5.644562310867406,2.0680404232731675,6.203244869072078,5.777439664602998
38,5,1.4285714285714284,1.6582280766035322,-2.6176666666666666,"(0, 0, 0, 0, 0, 0, 1, 1, 1, 0, 0, 1, 0, 0, 1, 1, 1, 0, 1, 0, 1, 0, 1, 1, 1)",9.0,11.0,11.0,14.0,12.262333333333334,16.025,14.88,17.935,0.0,3.0520977482836487,2.7771266836699695,3.940585564106024,24.0,4.0,4.0,4.0,0.14962673854630829,0.007694353132204441,0.06068597359957637,0.028836358736158724,2.0,2.0,5.0,3.7626666666666644,2.6176666666666666,5.6726666666666645,3.0520977482836487,2.7771266836699695,3.940585564106024,1.1782853308245205,-0.26442107729055353,2.872185515220456
38,6,1.7142857142857142,1.6582280766035322,-2.240570139972084,"(1, 1, 0, 0, 0, 1, 1, 0, 0, 1, 0, 0, 1, 0, 1, 0, 1, 0, 1, 1, 1, 1, 1, 0, 1)",8.0,11.0,12.0,14.0,10.131666666666666,17.869666666666667,15.827333333333334,18.939333333333334,0.0,3.1341800380755234,2.240570139972084,3.5751028836444023,5.0,6.0,4.0,3.0,0.16516513358375065,0.020494275904594343,0.06549243396677315,0.0378461518814122,3.0,4.0,6.0,7.738000000000001,5.695666666666668,8.807666666666668,3.1341800380755234,2.240570139972084,3.5751028836444023,7.634183520490973,5.729338067940304,8.676784177626313
38,7,2.0,1.6582280766035322,-1.5470000000000006,"(0, 0, 0, 0, 1, 1, 1, 0, 0, 1, 0, 0, 0, 1, 0, 0, 0, 0, 0, 0, 1, 0, 1, 0, 1)",6.0,10.0,10.0,13.0,11.914333333333333,13.461333333333334,14.801,17.942333333333334,0.0,4.263783428614255,4.402263897767057,5.332207415504522,3.0,9.0,6.0,20.0,0.11202144835688725,0.060758478760493166,0.04290941407978626,0.026783835657896302,4.0,4.0,7.0,1.5470000000000006,2.8866666666666667,6.0280000000000005,4.263783428614255,4.402263897767057,5.332207415504522,-4.505046559379365,-2.513205881433239,1.1537827991029381
39,0,0.0,1.6582280766035322,-3.4616985079611275,"(0, 0, 0, 0, 0, 1, 1, 0, 0, 0, 0, 0, 1, 0, 0, 0, 0, 1, 1, 1, 1, 0, 0, 0, 1)",4.0,8.0,8.0,10.0,4.937333333333333,9.889,11.104666666666667,15.16,0.0,3.4616985079611275,4.0235522422054215,5.585667577013371,1.0,2.0,2.0,3.0,0.1664496791231491,0.05784581849463455,0.09189684721031509,0.01696175409703718,4.0,4.0,6.0,4.951666666666666,6.167333333333334,10.222666666666667,3.4616985079611275,4.0235522422054215,5.585667577013371,2.470707034010792,3.554877995400059,7.689202081648115
39,1,0.2857142857142857,1.6582280766035322,-4.364170713896192,"(0, 0, 0, 1, 0, 0, 0, 0, 0, 1, 1, 1, 0, 0, 1, 1, 0, 0, 0, 0, 0, 0, 0, 0, 0)",5.0,9.0,9.0,11.0,5.798,12.332666666666666,12.639,15.169666666666666,0.0,4.364170713896192,4.770464229798668,6.434007848625534,6.0,11.0,10.0,11.0,0.3309643911314083,0.027400398541664265,0.013916130164325646,0.01304658687097417,4.0,4.0,6.0,6.534666666666666,6.840999999999999,9.371666666666666,4.364170713896192,4.770464229798668,6.434007848625534,3.5991773290383358,3.4334205477597672,4.871308331557753
39,2,0.5714285714285714,1.6582280766035322,-2.9526666666666666,"(1, 0, 0, 1, 1, 0, 0, 1, 1, 1, 0, 0, 1, 1, 1, 0, 0, 0, 1, 1, 1, 0, 0, 1, 1)",7.0,7.0,9.0,12.0,7.866666666666666,10.819333333333333,11.111666666666666,16.071,0.0,2.9753125759587022,3.365604190921952,4.910040971957669,18.0,1.0,4.0,4.0,0.15866545293091522,0.20833402450746416,0.10406196347541957,0.02168302400837279,0.0,2.0,5.0,2.9526666666666666,3.245,8.204333333333334,2.9753125759587022,3.365604190921952,4.910040971957669,-0.03755208260827041,-0.1999892555428332,5.462688086173677
39,3,0.8571428571428571,1.6582280766035322,-2.553486990405374,"(1, 1, 0, 0, 0, 0, 0, 0, 1, 0, 0, 1, 1, 1, 1, 0, 1, 0, 0, 1, 0, 0, 0, 0, 1)",6.0,10.0,10.0,12.0,7.899,16.177,12.232333333333333,18.678333333333335,0.0,2.553486990405374,2.9445155956248916,4.396119241505422,3.0,2.0,19.0,2.0,0.15362737908780816,0.009727213987994468,0.10527395628511638,0.01263615776175711,4.0,4.0,6.0,8.277999999999999,4.333333333333333,10.779333333333334,2.553486990405374,2.9445155956248916,4.396119241505422,9.492548197391992,2.302976565953138,10.58482482604036
39,4,1.1428571428571428,1.6582280766035322,-3.033525593825688,"(0, 0, 1, 1, 1, 0, 0, 1, 1, 0, 0, 1, 0, 0, 0, 1, 1, 0, 0, 1, 0, 0, 0, 1, 0)",6.0,10.0,10.0,12.0,7.421666666666667,13.548,13.543,16.549,0.0,3.9278448450507875,3.033525593825688,5.5956261578511945,6.0,9.0,10.0,3.0,0.1270232624949705,0.1045731341799004,0.1217315127317186,0.027102484503698558,4.0,4.0,6.0,6.126333333333333,6.121333333333332,9.127333333333333,3.9278448450507875,3.033525593825688,5.5956261578511945,3.645595337359773,5.120289488805262,5.856375996726639
39,5,1.4285714285714284,1.6582280766035322,-1.4936666666666678,"(0, 0, 0, 0, 0, 0, 1, 1, 1, 0, 0, 1, 0, 0, 1, 1, 1, 0, 1, 1, 1, 0, 1, 1, 0)",7.0,9.0,9.0,12.0,10.300333333333333,13.778666666666666,11.794,15.725666666666667,0.0,2.826357632788688,2.3595756416029956,3.8434870978426834,7.0,1.0,2.0,8.0,0.15171851721047222,0.043600056586427224,0.04144200622791363,0.01823498312468891,2.0,2.0,5.0,3.4783333333333335,1.4936666666666678,5.4253333333333345,2.826357632788688,2.3595756416029956,3.8434870978426834,1.081124411906388,-1.435874574022403,2.6230618405602004
39,6,1.7142857142857142,1.6582280766035322,-2.240570139972084,"(1, 1, 0, 0, 0, 1, 1, 0, 0, 1, 0, 0, 1, 0, 1, 0, 1, 0, 1, 1, 1, 1, 1, 0, 1)",8.0,11.0,12.0,14.0,10.131666666666666,17.869666666666667,15.827333333333334,18.939333333333334,0.0,3.1341800380755234,2.240570139972084,3.5751028836444023,5.0,6.0,4.0,3.0,0.16516513358375065,0.020494275904594343,0.06549243396677315,0.0378461518814122,3.0,4.0,6.0,7.738000000000001,5.695666666666668,8.807666666666668,3.1341800380755234,2.240570139972084,3.5751028836444023,7.634183520490973,5.729338067940304,8.676784177626313
39,7,2.0,1.6582280766035322,-1.5470000000000006,"(0, 0, 0, 0, 1, 1, 1, 0, 0, 1, 0, 0, 0, 1, 0, 0, 0, 0, 0, 0, 1, 0, 1, 0, 1)",6.0,10.0,10.0,13.0,11.914333333333333,13.461333333333334,14.801,17.942333333333334,0.0,4.263783428614255,4.402263897767057,5.332207415504522,3.0,9.0,6.0,20.0,0.11202144835688725,0.060758478760493166,0.04290941407978626,0.026783835657896302,4.0,4.0,7.0,1.5470000000000006,2.8866666666666667,6.0280000000000005,4.263783428614255,4.402263897767057,5.332207415504522,-4.505046559379365,-2.513205881433239,1.1537827991029381
40,0,0.0,1.6582280766035322,-4.364170713896192,"(0, 0, 0, 1, 0, 0, 0, 0, 0, 1, 1, 1, 0, 0, 1, 1, 0, 0, 0, 0, 0, 0, 0, 0, 0)",5.0,9.0,9.0,11.0,5.798,12.332666666666666,12.639,15.169666666666666,0.0,4.364170713896192,4.770464229798668,6.434007848625534,6.0,11.0,10.0,11.0,0.3309643911314083,0.027400398541664265,0.013916130164325646,0.01304658687097417,4.0,4.0,6.0,6.534666666666666,6.840999999999999,9.371666666666666,4.364170713896192,4.770464229798668,6.434007848625534,3.5991773290383358,3.4334205477597672,4.871308331557753
40,1,0.2857142857142857,1.6582280766035322,-0.20106936666638142,"(1, 0, 0, 1, 1, 0, 0, 1, 1, 1, 0, 0, 0, 1, 1, 0, 0, 1, 1, 1, 1, 0, 0, 1, 1)",7.0,11.0,12.0,13.0,9.693,14.670333333333334,17.02466666666667,17.848333333333333,0.0,0.20106936666638142,1.1310036720256427,2.4492581434126386,1.0,19.0,21.0,5.0,0.06953062048084646,0.07769364006388006,0.040299398472029076,0.04509169071016142,4.0,5.0,6.0,4.977333333333334,7.331666666666669,8.155333333333333,0.20106936666638142,1.1310036720256427,2.4492581434126386,7.920135010796899,10.282113471270286,9.461974087137328
40,2,0.5714285714285714,1.6582280766035322,-2.553486990405374,"(1, 1, 0, 0, 0, 0, 0, 0, 1, 0, 0, 1, 1, 1, 1, 0, 1, 0, 0, 1, 0, 0, 0, 0, 1)",6.0,10.0,10.0,12.0,7.899,16.177,12.232333333333333,18.678333333333335,0.0,2.553486990405374,2.9445155956248916,4.396119241505422,3.0,2.0,19.0,2.0,0.15362737908780816,0.009727213987994468,0.10527395628511638,0.01263615776175711,4.0,4.0,6.0,8.277999999999999,4.333333333333333,10.779333333333334,2.553486990405374,2.9445155956248916,4.396119241505422,9.492548197391992,2.302976565953138,10.58482482604036
40,3,0.8571428571428571,1.6582280766035322,-3.1871327879883946,"(0, 0, 0, 1, 1, 0, 0, 0, 1, 0, 0, 1, 0, 0, 0, 1, 1, 0, 0, 1, 0, 0, 0, 1, 0)",5.0,9.0,9.0,12.0,6.209,14.102666666666666,11.622,17.245,0.0,4.015933605431248,3.1871327879883946,5.387057915327285,3.0,8.0,6.0,11.0,0.2553993840049768,0.04679827762419228,0.015217895794752362,0.014922502981080533,4.0,4.0,7.0,7.893666666666666,5.413,11.036000000000001,4.015933605431248,3.1871327879883946,5.387057915327285,6.430165835714336,3.6909955057488717,9.367234367911587
40,4,1.1428571428571428,1.6582280766035322,-3.4616985079611275,"(0, 0, 0, 0, 0, 1, 1, 0, 0, 0, 0, 0, 1, 0, 0, 0, 0, 1, 1, 1, 1, 0, 0, 0, 1)",4.0,8.0,8.0,10.0,4.937333333333333,9.889,11.104666666666667,15.16,0.0,3.4616985079611275,4.0235522422054215,5.585667577013371,1.0,2.0,2.0,3.0,0.1664496791231491,0.05784581849463455,0.09189684721031509,0.01696175409703718,4.0,4.0,6.0,4.951666666666666,6.167333333333334,10.222666666666667,3.4616985079611275,4.0235522422054215,5.585667577013371,2.470707034010792,3.554877995400059,7.689202081648115
40,5,1.4285714285714284,1.6582280766035322,-1.4643904268267829,"(1, 1, 0, 0, 0, 1, 1, 0, 1, 0, 0, 0, 1, 0, 1, 0, 1, 0, 1, 1, 1, 1, 1, 0, 1)",9.0,12.0,13.0,14.0,11.769333333333334,17.716333333333335,17.786666666666665,18.165,0.0,1.736312194255152,1.4643904268267829,3.220030190552569,24.0,2.0,3.0,6.0,0.17836571852241914,0.06325448936123594,0.025559774248350365,0.03246294049735724,3.0,4.0,5.0,5.947000000000001,6.017333333333331,6.395666666666665,1.736312194255152,1.4643904268267829,3.220030190552569,6.9822807412982275,7.54981775874205,5.2659295657786975
40,6,1.7142857142857142,1.6582280766035322,-1.5470000000000006,"(0, 0, 0, 0, 1, 1, 1, 0, 0, 1, 0, 0, 0, 1, 0, 0, 0, 0, 0, 0, 1, 0, 1, 0, 1)",6.0,10.0,10.0,13.0,11.914333333333333,13.461333333333334,14.801,17.942333333333334,0.0,4.263783428614255,4.402263897767057,5.332207415504522,3.0,9.0,6.0,20.0,0.11202144835688725,0.060758478760493166,0.04290941407978626,0.026783835657896302,4.0,4.0,7.0,1.5470000000000006,2.8866666666666667,6.0280000000000005,4.263783428614255,4.402263897767057,5.332207415504522,-4.505046559379365,-2.513205881433239,1.1537827991029381
40,7,2.0,1.6582280766035322,-1.4936666666666678,"(0, 0, 0, 0, 0, 0, 1, 1, 1, 0, 0, 1, 0, 0, 1, 1, 1, 0, 1, 1, 1, 0, 1, 1, 0)",7.0,9.0,9.0,12.0,10.300333333333333,13.778666666666666,11.794,15.725666666666667,0.0,2.826357632788688,2.3595756416029956,3.8434870978426834,7.0,1.0,2.0,8.0,0.15171851721047222,0.043600056586427224,0.04144200622791363,0.01823498312468891,2.0,2.0,5.0,3.4783333333333335,1.4936666666666678,5.4253333333333345,2.826357632788688,2.3595756416029956,3.8434870978426834,1.081124411906388,-1.435874574022403,2.6230618405602004
41,0,0.0,1.6582280766035322,-4.364170713896192,"(0, 0, 0, 1, 0, 0, 0, 0, 0, 1, 1, 1, 0, 0, 1, 1, 0, 0, 0, 0, 0, 0, 0, 0, 0)",5.0,9.0,9.0,11.0,5.798,12.332666666666666,12.639,15.169666666666666,0.0,4.364170713896192,4.770464229798668,6.434007848625534,6.0,11.0,10.0,11.0,0.3309643911314083,0.027400398541664265,0.013916130164325646,0.01304658687097417,4.0,4.0,6.0,6.534666666666666,6.840999999999999,9.371666666666666,4.364170713896192,4.770464229798668,6.434007848625534,3.5991773290383358,3.4334205477597672,4.871308331557753
41,1,0.2857142857142857,1.6582280766035322,-1.9576666666666664,"(1, 0, 0, 1, 1, 0, 0, 0, 1, 1, 0, 0, 1, 1, 1, 0, 0, 1, 1, 1, 1, 0, 0, 1, 1)",7.0,7.0,9.0,13.0,9.203666666666667,11.161333333333333,14.174,18.712,0.0,3.6906353186926504,3.023253792128949,5.082063710148878,18.0,1.0,2.0,4.0,0.2316722201175446,0.10701915483560458,0.03243398195837641,0.011587184250399271,0.0,2.0,6.0,1.9576666666666664,4.970333333333333,9.508333333333333,3.6906353186926504,3.023253792128949,5.082063710148878,-2.8736572746632634,3.2287019626054327,7.3397645637818
41,2,0.5714285714285714,1.6582280766035322,-2.553486990405374,"(1, 1, 0, 0, 0, 0, 0, 0, 1, 0, 0, 1, 1, 1, 1, 0, 1, 0, 0, 1, 0, 0, 0, 0, 1)",6.0,10.0,10.0,12.0,7.899,16.177,12.232333333333333,18.678333333333335,0.0,2.553486990405374,2.9445155956248916,4.396119241505422,3.0,2.0,19.0,2.0,0.15362737908780816,0.009727213987994468,0.10527395628511638,0.01263615776175711,4.0,4.0,6.0,8.277999999999999,4.333333333333333,10.779333333333334,2.553486990405374,2.9445155956248916,4.396119241505422,9.492548197391992,2.302976565953138,10.58482482604036
41,3,0.8571428571428571,1.6582280766035322,-3.1871327879883946,"(0, 0, 0, 1, 1, 0, 0, 0, 1, 0, 0, 1, 0, 0, 0, 1, 1, 0, 0, 1, 0, 0, 0, 1, 0)",5.0,9.0,9.0,12.0,6.209,14.102666666666666,11.622,17.245,0.0,4.015933605431248,3.1871327879883946,5.387057915327285,3.0,8.0,6.0,11.0,0.2553993840049768,0.04679827762419228,0.015217895794752362,0.014922502981080533,4.0,4.0,7.0,7.893666666666666,5.413,11.036000000000001,4.015933605431248,3.1871327879883946,5.387057915327285,6.430165835714336,3.6909955057488717,9.367234367911587
41,4,1.1428571428571428,1.6582280766035322,-3.4616985079611275,"(0, 0, 0, 0, 0, 1, 1, 0, 0, 0, 0, 0, 1, 0, 0, 0, 0, 1, 1, 1, 1, 0, 0, 0, 1)",4.0,8.0,8.0,10.0,4.937333333333333,9.889,11.104666666666667,15.16,0.0,3.4616985079611275,4.0235522422054215,5.585667577013371,1.0,2.0,2.0,3.0,0.1664496791231491,0.05784581849463455,0.09189684721031509,0.01696175409703718,4.0,4.0,6.0,4.951666666666666,6.167333333333334,10.222666666666667,3.4616985079611275,4.0235522422054215,5.585667577013371,2.470707034010792,3.554877995400059,7.689202081648115
41,5,1.4285714285714284,1.6582280766035322,-2.393781201872046,"(1, 1, 0, 0, 0, 1, 1, 0, 1, 0, 0, 0, 1, 0, 1, 0, 0, 1, 1, 1, 1, 1, 1, 0, 1)",8.0,11.0,10.0,13.0,12.241333333333333,15.971666666666666,14.897666666666666,18.705,0.0,2.8747594678691035,2.393781201872046,3.523181920090305,10.0,8.0,2.0,2.0,0.15285926471034458,0.06098333472279352,0.10768379067515747,0.040447750857443135,3.0,2.0,5.0,3.7303333333333324,2.6563333333333325,6.463666666666665,2.8747594678691035,2.393781201872046,3.523181920090305,1.4187366053209975,0.4353713159612071,4.875994365597342
41,6,1.7142857142857142,1.6582280766035322,-1.5470000000000006,"(0, 0, 0, 0, 1, 1, 1, 0, 0, 1, 0, 0, 0, 1, 0, 0, 0, 0, 0, 0, 1, 0, 1, 0, 1)",6.0,10.0,10.0,13.0,11.914333333333333,13.461333333333334,14.801,17.942333333333334,0.0,4.263783428614255,4.402263897767057,5.332207415504522,3.0,9.0,6.0,20.0,0.11202144835688725,0.060758478760493166,0.04290941407978626,0.026783835657896302,4.0,4.0,7.0,1.5470000000000006,2.8866666666666667,6.0280000000000005,4.263783428614255,4.402263897767057,5.332207415504522,-4.505046559379365,-2.513205881433239,1.1537827991029381
41,7,2.0,1.6582280766035322,-1.4936666666666678,"(0, 0, 0, 0, 0, 0, 1, 1, 1, 0, 0, 1, 0, 0, 1, 1, 1, 0, 1, 1, 1, 0, 1, 1, 0)",7.0,9.0,9.0,12.0,10.300333333333333,13.778666666666666,11.794,15.725666666666667,0.0,2.826357632788688,2.3595756416029956,3.8434870978426834,7.0,1.0,2.0,8.0,0.15171851721047222,0.043600056586427224,0.04144200622791363,0.01823498312468891,2.0,2.0,5.0,3.4783333333333335,1.4936666666666678,5.4253333333333345,2.826357632788688,2.3595756416029956,3.8434870978426834,1.081124411906388,-1.435874574022403,2.6230618405602004
42,0,0.0,1.6582280766035322,-4.364170713896192,"(0, 0, 0, 1, 0, 0, 0, 0, 0, 1, 1, 1, 0, 0, 1, 1, 0, 0, 0, 0, 0, 0, 0, 0, 0)",5.0,9.0,9.0,11.0,5.798,12.332666666666666,12.639,15.169666666666666,0.0,4.364170713896192,4.770464229798668,6.434007848625534,6.0,11.0,10.0,11.0,0.3309643911314083,0.027400398541664265,0.013916130164325646,0.01304658687097417,4.0,4.0,6.0,6.534666666666666,6.840999999999999,9.371666666666666,4.364170713896192,4.770464229798668,6.434007848625534,3.5991773290383358,3.4334205477597672,4.871308331557753
42,1,0.2857142857142857,1.6582280766035322,-1.9576666666666664,"(1, 0, 0, 1, 1, 0, 0, 0, 1, 1, 0, 0, 1, 1, 1, 0, 0, 1, 1, 1, 1, 0, 0, 1, 1)",7.0,7.0,9.0,13.0,9.203666666666667,11.161333333333333,14.174,18.712,0.0,3.6906353186926504,3.023253792128949,5.082063710148878,18.0,1.0,2.0,4.0,0.2316722201175446,0.10701915483560458,0.03243398195837641,0.011587184250399271,0.0,2.0,6.0,1.9576666666666664,4.970333333333333,9.508333333333333,3.6906353186926504,3.023253792128949,5.082063710148878,-2.8736572746632634,3.2287019626054327,7.3397645637818
42,2,0.5714285714285714,1.6582280766035322,-2.553486990405374,"(1, 1, 0, 0, 0, 0, 0, 0, 1, 0, 0, 1, 1, 1, 1, 0, 1, 0, 0, 1, 0, 0, 0, 0, 1)",6.0,10.0,10.0,12.0,7.899,16.177,12.232333333333333,18.678333333333335,0.0,2.553486990405374,2.9445155956248916,4.396119241505422,3.0,2.0,19.0,2.0,0.15362737908780816,0.009727213987994468,0.10527395628511638,0.01263615776175711,4.0,4.0,6.0,8.277999999999999,4.333333333333333,10.779333333333334,2.553486990405374,2.9445155956248916,4.396119241505422,9.492548197391992,2.302976565953138,10.58482482604036
42,3,0.8571428571428571,1.6582280766035322,-2.9657040654926035,"(0, 0, 0, 1, 1, 0, 0, 0, 1, 0, 0, 1, 1, 0, 0, 1, 1, 1, 0, 1, 0, 0, 0, 1, 0)",6.0,9.0,9.0,12.0,8.083333333333334,15.384333333333334,15.084666666666667,15.647,0.0,2.9657040654926035,3.6522749758538904,4.98065385088637,6.0,1.0,2.0,17.0,0.14699901989128938,0.049047631223947265,0.13034775116006625,0.025836812977021315,3.0,3.0,6.0,7.301,7.001333333333333,7.563666666666666,2.9657040654926035,3.6522749758538904,4.98065385088637,7.188909438985313,5.553502598556121,4.283224373353636
42,4,1.1428571428571428,1.6582280766035322,-3.4616985079611275,"(0, 0, 0, 0, 0, 1, 1, 0, 0, 0, 0, 0, 1, 0, 0, 0, 0, 1, 1, 1, 1, 0, 0, 0, 1)",4.0,8.0,8.0,10.0,4.937333333333333,9.889,11.104666666666667,15.16,0.0,3.4616985079611275,4.0235522422054215,5.585667577013371,1.0,2.0,2.0,3.0,0.1664496791231491,0.05784581849463455,0.09189684721031509,0.01696175409703718,4.0,4.0,6.0,4.951666666666666,6.167333333333334,10.222666666666667,3.4616985079611275,4.0235522422054215,5.585667577013371,2.470707034010792,3.554877995400059,7.689202081648115
42,5,1.4285714285714284,1.6582280766035322,-2.393781201872046,"(1, 1, 0, 0, 0, 1, 1, 0, 1, 0, 0, 0, 1, 0, 1, 0, 0, 1, 1, 1, 1, 1, 1, 0, 1)",8.0,11.0,10.0,13.0,12.241333333333333,15.971666666666666,14.897666666666666,18.705,0.0,2.8747594678691035,2.393781201872046,3.523181920090305,10.0,8.0,2.0,2.0,0.15285926471034458,0.06098333472279352,0.10768379067515747,0.040447750857443135,3.0,2.0,5.0,3.7303333333333324,2.6563333333333325,6.463666666666665,2.8747594678691035,2.393781201872046,3.523181920090305,1.4187366053209975,0.4353713159612071,4.875994365597342
42,6,1.7142857142857142,1.6582280766035322,-1.5470000000000006,"(0, 0, 0, 0, 1, 1, 1, 0, 0, 1, 0, 0, 0, 1, 0, 0, 0, 0, 0, 0, 1, 0, 1, 0, 1)",6.0,10.0,10.0,13.0,11.914333333333333,13.461333333333334,14.801,17.942333333333334,0.0,4.263783428614255,4.402263897767057,5.332207415504522,3.0,9.0,6.0,20.0,0.11202144835688725,0.060758478760493166,0.04290941407978626,0.026783835657896302,4.0,4.0,7.0,1.5470000000000006,2.8866666666666667,6.0280000000000005,4.263783428614255,4.402263897767057,5.332207415504522,-4.505046559379365,-2.513205881433239,1.1537827991029381
42,7,2.0,1.6582280766035322,-1.4936666666666678,"(0, 0, 0, 0, 0, 0, 1, 1, 1, 0, 0, 1, 0, 0, 1, 1, 1, 0, 1, 1, 1, 0, 1, 1, 0)",7.0,9.0,9.0,12.0,10.300333333333333,13.778666666666666,11.794,15.725666666666667,0.0,2.826357632788688,2.3595756416029956,3.8434870978426834,7.0,1.0,2.0,8.0,0.15171851721047222,0.043600056586427224,0.04144200622791363,0.01823498312468891,2.0,2.0,5.0,3.4783333333333335,1.4936666666666678,5.4253333333333345,2.826357632788688,2.3595756416029956,3.8434870978426834,1.081124411906388,-1.435874574022403,2.6230618405602004
43,0,0.0,1.6582280766035322,-4.364170713896192,"(0, 0, 0, 1, 0, 0, 0, 0, 0, 1, 1, 1, 0, 0, 1, 1, 0, 0, 0, 0, 0, 0, 0, 0, 0)",5.0,9.0,9.0,11.0,5.798,12.332666666666666,12.639,15.169666666666666,0.0,4.364170713896192,4.770464229798668,6.434007848625534,6.0,11.0,10.0,11.0,0.3309643911314083,0.027400398541664265,0.013916130164325646,0.01304658687097417,4.0,4.0,6.0,6.534666666666666,6.840999999999999,9.371666666666666,4.364170713896192,4.770464229798668,6.434007848625534,3.5991773290383358,3.4334205477597672,4.871308331557753
43,1,0.2857142857142857,1.6582280766035322,0.8223333333333329,"(0, 0, 0, 1, 1, 1, 0, 0, 1, 1, 0, 0, 1, 1, 1, 0, 0, 1, 1, 1, 1, 0, 0, 1, 1)",9.0,9.0,10.0,13.0,15.427333333333333,15.660666666666666,14.605,18.117333333333335,0.0,2.5942517639552083,2.6504104214828494,4.385220998090853,37.0,1.0,3.0,4.0,0.15961892743802494,0.07995363014941664,0.07853516332222711,0.02776513659238808,0.0,1.0,4.0,0.2333333333333325,-0.8223333333333329,2.6900000000000013,2.5942517639552083,2.6504104214828494,4.385220998090853,-3.914941228227943,-5.758601197085767,-2.811063055082113
43,2,0.5714285714285714,1.6582280766035322,-2.553486990405374,"(1, 1, 0, 0, 0, 0, 0, 0, 1, 0, 0, 1, 1, 1, 1, 0, 1, 0, 0, 1, 0, 0, 0, 0, 1)",6.0,10.0,10.0,12.0,7.899,16.177,12.232333333333333,18.678333333333335,0.0,2.553486990405374,2.9445155956248916,4.396119241505422,3.0,2.0,19.0,2.0,0.15362737908780816,0.009727213987994468,0.10527395628511638,0.01263615776175711,4.0,4.0,6.0,8.277999999999999,4.333333333333333,10.779333333333334,2.553486990405374,2.9445155956248916,4.396119241505422,9.492548197391992,2.302976565953138,10.58482482604036
43,3,0.8571428571428571,1.6582280766035322,-2.9657040654926035,"(0, 0, 0, 1, 1, 0, 0, 0, 1, 0, 0, 1, 1, 0, 0, 1, 1, 1, 0, 1, 0, 0, 0, 1, 0)",6.0,9.0,9.0,12.0,8.083333333333334,15.384333333333334,15.084666666666667,15.647,0.0,2.9657040654926035,3.6522749758538904,4.98065385088637,6.0,1.0,2.0,17.0,0.14699901989128938,0.049047631223947265,0.13034775116006625,0.025836812977021315,3.0,3.0,6.0,7.301,7.001333333333333,7.563666666666666,2.9657040654926035,3.6522749758538904,4.98065385088637,7.188909438985313,5.553502598556121,4.283224373353636
43,4,1.1428571428571428,1.6582280766035322,-2.733616621415534,"(0, 0, 0, 0, 0, 1, 1, 0, 0, 0, 0, 0, 0, 1, 0, 0, 0, 1, 1, 1, 1, 0, 0, 0, 1)",5.0,9.0,9.0,11.0,5.989333333333334,15.441666666666666,12.891,16.581,0.0,2.8721615772157585,2.733616621415534,4.555539446314444,3.0,2.0,2.0,5.0,0.13491662171091648,0.01851166045777348,0.1469568530337832,0.018029340080479486,4.0,4.0,6.0,9.452333333333332,6.901666666666666,10.591666666666665,2.8721615772157585,2.733616621415534,4.555539446314444,10.911425554867732,6.911577609724049,10.00927563073889
43,5,1.4285714285714284,1.6582280766035322,-2.2303259754099534,"(1, 1, 0, 0, 0, 1, 1, 0, 1, 0, 0, 0, 0, 0, 1, 0, 0, 0, 1, 1, 1, 1, 1, 0, 1)",7.0,11.0,10.0,11.0,9.898333333333333,17.445666666666668,13.498,16.679333333333332,0.0,2.2303259754099534,2.588217656232013,3.5402340321447108,6.0,2.0,5.0,2.0,0.11739371267552777,0.014487479428916941,0.021551207354885284,0.03990162254540478,4.0,3.0,4.0,7.547333333333334,3.599666666666666,6.780999999999999,2.2303259754099534,2.588217656232013,3.5402340321447108,8.816810884416117,1.6772131471556007,5.373929117598859
43,6,1.7142857142857142,1.6582280766035322,-1.5470000000000006,"(0, 0, 0, 0, 1, 1, 1, 0, 0, 1, 0, 0, 0, 1, 0, 0, 0, 0, 0, 0, 1, 0, 1, 0, 1)",6.0,10.0,10.0,13.0,11.914333333333333,13.461333333333334,14.801,17.942333333333334,0.0,4.263783428614255,4.402263897767057,5.332207415504522,3.0,9.0,6.0,20.0,0.11202144835688725,0.060758478760493166,0.04290941407978626,0.026783835657896302,4.0,4.0,7.0,1.5470000000000006,2.8866666666666667,6.0280000000000005,4.263783428614255,4.402263897767057,5.332207415504522,-4.505046559379365,-2.513205881433239,1.1537827991029381
43,7,2.0,1.6582280766035322,-1.4936666666666678,"(0, 0, 0, 0, 0, 0, 1, 1, 1, 0, 0, 1, 0, 0, 1, 1, 1, 0, 1, 1, 1, 0, 1, 1, 0)",7.0,9.0,9.0,12.0,10.300333333333333,13.778666666666666,11.794,15.725666666666667,0.0,2.826357632788688,2.3595756416029956,3.8434870978426834,7.0,1.0,2.0,8.0,0.15171851721047222,0.043600056586427224,0.04144200622791363,0.01823498312468891,2.0,2.0,5.0,3.4783333333333335,1.4936666666666678,5.4253333333333345,2.826357632788688,2.3595756416029956,3.8434870978426834,1.081124411906388,-1.435874574022403,2.6230618405602004
44,0,0.0,1.6582280766035322,-4.364170713896192,"(0, 0, 0, 1, 0, 0, 0, 0, 0, 1, 1, 1, 0, 0, 1, 1, 0, 0, 0, 0, 0, 0, 0, 0, 0)",5.0,9.0,9.0,11.0,5.798,12.332666666666666,12.639,15.169666666666666,0.0,4.364170713896192,4.770464229798668,6.434007848625534,6.0,11.0,10.0,11.0,0.3309643911314083,0.027400398541664265,0.013916130164325646,0.01304658687097417,4.0,4.0,6.0,6.534666666666666,6.840999999999999,9.371666666666666,4.364170713896192,4.770464229798668,6.434007848625534,3.5991773290383358,3.4334205477597672,4.871308331557753
44,1,0.2857142857142857,1.6582280766035322,-1.1728002319342568,"(0, 1, 0, 1, 1, 1, 1, 0, 1, 1, 0, 0, 1, 1, 1, 0, 0, 1, 1, 1, 1, 0, 0, 1, 1)",8.0,12.0,13.0,13.0,12.547666666666666,16.572666666666667,17.207333333333334,18.109666666666666,0.0,1.7905915266293084,1.1728002319342568,2.436996468023976,1.0,13.0,8.0,1.0,0.10104079947791526,0.057421386986114445,0.024819282360858903,0.05140264955599757,4.0,5.0,5.0,4.025,4.659666666666668,5.561999999999999,1.7905915266293084,1.1728002319342568,2.436996468023976,3.7051588651441176,5.782019821439742,5.181968596207846
44,2,0.5714285714285714,1.6582280766035322,-2.553486990405374,"(1, 1, 0, 0, 0, 0, 0, 0, 1, 0, 0, 1, 1, 1, 1, 0, 1, 0, 0, 1, 0, 0, 0, 0, 1)",6.0,10.0,10.0,12.0,7.899,16.177,12.232333333333333,18.678333333333335,0.0,2.553486990405374,2.9445155956248916,4.396119241505422,3.0,2.0,19.0,2.0,0.15362737908780816,0.009727213987994468,0.10527395628511638,0.01263615776175711,4.0,4.0,6.0,8.277999999999999,4.333333333333333,10.779333333333334,2.553486990405374,2.9445155956248916,4.396119241505422,9.492548197391992,2.302976565953138,10.58482482604036
44,3,0.8571428571428571,1.6582280766035322,-2.9657040654926035,"(0, 0, 0, 1, 1, 0, 0, 0, 1, 0, 0, 1, 1, 0, 0, 1, 1, 1, 0, 1, 0, 0, 0, 1, 0)",6.0,9.0,9.0,12.0,8.083333333333334,15.384333333333334,15.084666666666667,15.647,0.0,2.9657040654926035,3.6522749758538904,4.98065385088637,6.0,1.0,2.0,17.0,0.14699901989128938,0.049047631223947265,0.13034775116006625,0.025836812977021315,3.0,3.0,6.0,7.301,7.001333333333333,7.563666666666666,2.9657040654926035,3.6522749758538904,4.98065385088637,7.188909438985313,5.553502598556121,4.283224373353636
44,4,1.1428571428571428,1.6582280766035322,-2.733616621415534,"(0, 0, 0, 0, 0, 1, 1, 0, 0, 0, 0, 0, 0, 1, 0, 0, 0, 1, 1, 1, 1, 0, 0, 0, 1)",5.0,9.0,9.0,11.0,5.989333333333334,15.441666666666666,12.891,16.581,0.0,2.8721615772157585,2.733616621415534,4.555539446314444,3.0,2.0,2.0,5.0,0.13491662171091648,0.01851166045777348,0.1469568530337832,0.018029340080479486,4.0,4.0,6.0,9.452333333333332,6.901666666666666,10.591666666666665,2.8721615772157585,2.733616621415534,4.555539446314444,10.911425554867732,6.911577609724049,10.00927563073889
44,5,1.4285714285714284,1.6582280766035322,-2.2303259754099534,"(1, 1, 0, 0, 0, 1, 1, 0, 1, 0, 0, 0, 0, 0, 1, 0, 0, 0, 1, 1, 1, 1, 1, 0, 1)",7.0,11.0,10.0,11.0,9.898333333333333,17.445666666666668,13.498,16.679333333333332,0.0,2.2303259754099534,2.588217656232013,3.5402340321447108,6.0,2.0,5.0,2.0,0.11739371267552777,0.014487479428916941,0.021551207354885284,0.03990162254540478,4.0,3.0,4.0,7.547333333333334,3.599666666666666,6.780999999999999,2.2303259754099534,2.588217656232013,3.5402340321447108,8.816810884416117,1.6772131471556007,5.373929117598859
44,6,1.7142857142857142,1.6582280766035322,-1.5470000000000006,"(0, 0, 0, 0, 1, 1, 1, 0, 0, 1, 0, 0, 0, 1, 0, 0, 0, 0, 0, 0, 1, 0, 1, 0, 1)",6.0,10.0,10.0,13.0,11.914333333333333,13.461333333333334,14.801,17.942333333333334,0.0,4.263783428614255,4.402263897767057,5.332207415504522,3.0,9.0,6.0,20.0,0.11202144835688725,0.060758478760493166,0.04290941407978626,0.026783835657896302,4.0,4.0,7.0,1.5470000000000006,2.8866666666666667,6.0280000000000005,4.263783428614255,4.402263897767057,5.332207415504522,-4.505046559379365,-2.513205881433239,1.1537827991029381
44,7,2.0,1.6582280766035322,-1.4936666666666678,"(0, 0, 0, 0, 0, 0, 1, 1, 1, 0, 0, 1, 0, 0, 1, 1, 1, 0, 1, 1, 1, 0, 1, 1, 0)",7.0,9.0,9.0,12.0,10.300333333333333,13.778666666666666,11.794,15.725666666666667,0.0,2.826357632788688,2.3595756416029956,3.8434870978426834,7.0,1.0,2.0,8.0,0.15171851721047222,0.043600056586427224,0.04144200622791363,0.01823498312468891,2.0,2.0,5.0,3.4783333333333335,1.4936666666666678,5.4253333333333345,2.826357632788688,2.3595756416029956,3.8434870978426834,1.081124411906388,-1.435874574022403,2.6230618405602004
45,0,0.0,1.6582280766035322,-4.364170713896192,"(0, 0, 0, 1, 0, 0, 0, 0, 0, 1, 1, 1, 0, 0, 1, 1, 0, 0, 0, 0, 0, 0, 0, 0, 0)",5.0,9.0,9.0,11.0,5.798,12.332666666666666,12.639,15.169666666666666,0.0,4.364170713896192,4.770464229798668,6.434007848625534,6.0,11.0,10.0,11.0,0.3309643911314083,0.027400398541664265,0.013916130164325646,0.01304658687097417,4.0,4.0,6.0,6.534666666666666,6.840999999999999,9.371666666666666,4.364170713896192,4.770464229798668,6.434007848625534,3.5991773290383358,3.4334205477597672,4.871308331557753
45,1,0.2857142857142857,1.6582280766035322,-2.147930464759166,"(0, 1, 0, 1, 1, 0, 1, 0, 1, 1, 1, 0, 1, 1, 1, 0, 0, 1, 1, 1, 1, 0, 0, 1, 1)",8.0,10.0,13.0,14.0,12.369666666666667,14.696333333333333,18.49,16.907,0.0,2.147930464759166,2.2746283021898788,3.4224169273020304,1.0,5.0,2.0,24.0,0.11533632532922748,0.10232044099736314,0.045052281960123786,0.06619694160535552,2.0,5.0,6.0,2.326666666666666,6.120333333333331,4.537333333333333,2.147930464759166,2.2746283021898788,3.4224169273020304,0.29638538830849476,6.377056056977534,1.8487856875470092
45,2,0.5714285714285714,1.6582280766035322,-2.553486990405374,"(1, 1, 0, 0, 0, 0, 0, 0, 1, 0, 0, 1, 1, 1, 1, 0, 1, 0, 0, 1, 0, 0, 0, 0, 1)",6.0,10.0,10.0,12.0,7.899,16.177,12.232333333333333,18.678333333333335,0.0,2.553486990405374,2.9445155956248916,4.396119241505422,3.0,2.0,19.0,2.0,0.15362737908780816,0.009727213987994468,0.10527395628511638,0.01263615776175711,4.0,4.0,6.0,8.277999999999999,4.333333333333333,10.779333333333334,2.553486990405374,2.9445155956248916,4.396119241505422,9.492548197391992,2.302976565953138,10.58482482604036
45,3,0.8571428571428571,1.6582280766035322,-2.9657040654926035,"(0, 0, 0, 1, 1, 0, 0, 0, 1, 0, 0, 1, 1, 0, 0, 1, 1, 1, 0, 1, 0, 0, 0, 1, 0)",6.0,9.0,9.0,12.0,8.083333333333334,15.384333333333334,15.084666666666667,15.647,0.0,2.9657040654926035,3.6522749758538904,4.98065385088637,6.0,1.0,2.0,17.0,0.14699901989128938,0.049047631223947265,0.13034775116006625,0.025836812977021315,3.0,3.0,6.0,7.301,7.001333333333333,7.563666666666666,2.9657040654926035,3.6522749758538904,4.98065385088637,7.188909438985313,5.553502598556121,4.283224373353636
45,4,1.1428571428571428,1.6582280766035322,-2.965169747556808,"(0, 0, 0, 0, 0, 1, 1, 0, 0, 1, 0, 0, 0, 1, 1, 0, 0, 1, 1, 1, 1, 0, 0, 0, 1)",6.0,9.0,10.0,12.0,8.415333333333333,12.198666666666666,14.989666666666666,16.572333333333333,0.0,2.965169747556808,3.838770360202567,4.934822269324688,4.0,1.0,11.0,1.0,0.12088474247347551,0.10752569896987114,0.03136757610654421,0.02105338618923528,3.0,4.0,6.0,3.783333333333333,6.574333333333334,8.157,2.965169747556808,3.838770360202567,4.934822269324688,1.3567018291892565,4.536187327362471,5.343105580812456
45,5,1.4285714285714284,1.6582280766035322,-2.5640904377174336,"(0, 1, 0, 0, 0, 0, 1, 0, 1, 0, 0, 0, 0, 0, 1, 0, 0, 0, 1, 1, 1, 1, 1, 0, 1)",6.0,12.0,11.0,12.0,9.000666666666667,16.065,16.19333333333333,17.529333333333334,0.0,3.440049419183249,2.5640904377174336,3.380648004528029,3.0,5.0,4.0,4.0,0.16669667895606108,0.015155525184673906,0.017828985627142295,0.020074717543443938,6.0,5.0,6.0,7.064333333333334,7.192666666666664,8.528666666666666,3.440049419183249,2.5640904377174336,3.380648004528029,6.009889344026216,7.675235057543312,8.536589084437242
45,6,1.7142857142857142,1.6582280766035322,-1.5470000000000006,"(0, 0, 0, 0, 1, 1, 1, 0, 0, 1, 0, 0, 0, 1, 0, 0, 0, 0, 0, 0, 1, 0, 1, 0, 1)",6.0,10.0,10.0,13.0,11.914333333333333,13.461333333333334,14.801,17.942333333333334,0.0,4.263783428614255,4.402263897767057,5.332207415504522,3.0,9.0,6.0,20.0,0.11202144835688725,0.060758478760493166,0.04290941407978626,0.026783835657896302,4.0,4.0,7.0,1.5470000000000006,2.8866666666666667,6.0280000000000005,4.263783428614255,4.402263897767057,5.332207415504522,-4.505046559379365,-2.513205881433239,1.1537827991029381
45,7,2.0,1.6582280766035322,-1.4936666666666678,"(0, 0, 0, 0, 0, 0, 1, 1, 1, 0, 0, 1, 0, 0, 1, 1, 1, 0, 1, 1, 1, 0, 1, 1, 0)",7.0,9.0,9.0,12.0,10.300333333333333,13.778666666666666,11.794,15.725666666666667,0.0,2.826357632788688,2.3595756416029956,3.8434870978426834,7.0,1.0,2.0,8.0,0.15171851721047222,0.043600056586427224,0.04144200622791363,0.01823498312468891,2.0,2.0,5.0,3.4783333333333335,1.4936666666666678,5.4253333333333345,2.826357632788688,2.3595756416029956,3.8434870978426834,1.081124411906388,-1.435874574022403,2.6230618405602004
46,0,0.0,1.6582280766035322,-4.364170713896192,"(0, 0, 0, 1, 0, 0, 0, 0, 0, 1, 1, 1, 0, 0, 1, 1, 0, 0, 0, 0, 0, 0, 0, 0, 0)",5.0,9.0,9.0,11.0,5.798,12.332666666666666,12.639,15.169666666666666,0.0,4.364170713896192,4.770464229798668,6.434007848625534,6.0,11.0,10.0,11.0,0.3309643911314083,0.027400398541664265,0.013916130164325646,0.01304658687097417,4.0,4.0,6.0,6.534666666666666,6.840999999999999,9.371666666666666,4.364170713896192,4.770464229798668,6.434007848625534,3.5991773290383358,3.4334205477597672,4.871308331557753
46,1,0.2857142857142857,1.6582280766035322,-1.8389012379276906,"(0, 1, 0, 1, 1, 0, 1, 0, 1, 1, 1, 0, 1, 1, 1, 1, 0, 1, 1, 0, 1, 0, 0, 1, 1)",8.0,10.0,10.0,13.0,10.731333333333334,14.685,14.165333333333333,18.46066666666667,0.0,1.8389012379276906,1.8847328194893715,3.1760042351187456,8.0,3.0,3.0,2.0,0.19254130562207633,0.09897290939739035,0.044716495146227025,0.024624020619611046,2.0,2.0,5.0,3.953666666666667,3.4339999999999993,7.729333333333335,1.8389012379276906,1.8847328194893715,3.1760042351187456,3.5067634093654765,2.5690383368831156,7.550458152675274
46,2,0.5714285714285714,1.6582280766035322,-2.553486990405374,"(1, 1, 0, 0, 0, 0, 0, 0, 1, 0, 0, 1, 1, 1, 1, 0, 1, 0, 0, 1, 0, 0, 0, 0, 1)",6.0,10.0,10.0,12.0,7.899,16.177,12.232333333333333,18.678333333333335,0.0,2.553486990405374,2.9445155956248916,4.396119241505422,3.0,2.0,19.0,2.0,0.15362737908780816,0.009727213987994468,0.10527395628511638,0.01263615776175711,4.0,4.0,6.0,8.277999999999999,4.333333333333333,10.779333333333334,2.553486990405374,2.9445155956248916,4.396119241505422,9.492548197391992,2.302976565953138,10.58482482604036
46,3,0.8571428571428571,1.6582280766035322,-2.9657040654926035,"(0, 0, 0, 1, 1, 0, 0, 0, 1, 0, 0, 1, 1, 0, 0, 1, 1, 1, 0, 1, 0, 0, 0, 1, 0)",6.0,9.0,9.0,12.0,8.083333333333334,15.384333333333334,15.084666666666667,15.647,0.0,2.9657040654926035,3.6522749758538904,4.98065385088637,6.0,1.0,2.0,17.0,0.14699901989128938,0.049047631223947265,0.13034775116006625,0.025836812977021315,3.0,3.0,6.0,7.301,7.001333333333333,7.563666666666666,2.9657040654926035,3.6522749758538904,4.98065385088637,7.188909438985313,5.553502598556121,4.283224373353636
46,4,1.1428571428571428,1.6582280766035322,-2.965169747556808,"(0, 0, 0, 0, 0, 1, 1, 0, 0, 1, 0, 0, 0, 1, 1, 0, 0, 1, 1, 1, 1, 0, 0, 0, 1)",6.0,9.0,10.0,12.0,8.415333333333333,12.198666666666666,14.989666666666666,16.572333333333333,0.0,2.965169747556808,3.838770360202567,4.934822269324688,4.0,1.0,11.0,1.0,0.12088474247347551,0.10752569896987114,0.03136757610654421,0.02105338618923528,3.0,4.0,6.0,3.783333333333333,6.574333333333334,8.157,2.965169747556808,3.838770360202567,4.934822269324688,1.3567018291892565,4.536187327362471,5.343105580812456
46,5,1.4285714285714284,1.6582280766035322,-2.5640904377174336,"(0, 1, 0, 0, 0, 0, 1, 0, 1, 0, 0, 0, 0, 0, 1, 0, 0, 0, 1, 1, 1, 1, 1, 0, 1)",6.0,12.0,11.0,12.0,9.000666666666667,16.065,16.19333333333333,17.529333333333334,0.0,3.440049419183249,2.5640904377174336,3.380648004528029,3.0,5.0,4.0,4.0,0.16669667895606108,0.015155525184673906,0.017828985627142295,0.020074717543443938,6.0,5.0,6.0,7.064333333333334,7.192666666666664,8.528666666666666,3.440049419183249,2.5640904377174336,3.380648004528029,6.009889344026216,7.675235057543312,8.536589084437242
46,6,1.7142857142857142,1.6582280766035322,-1.5470000000000006,"(0, 0, 0, 0, 1, 1, 1, 0, 0, 1, 0, 0, 0, 1, 0, 0, 0, 0, 0, 0, 1, 0, 1, 0, 1)",6.0,10.0,10.0,13.0,11.914333333333333,13.461333333333334,14.801,17.942333333333334,0.0,4.263783428614255,4.402263897767057,5.332207415504522,3.0,9.0,6.0,20.0,0.11202144835688725,0.060758478760493166,0.04290941407978626,0.026783835657896302,4.0,4.0,7.0,1.5470000000000006,2.8866666666666667,6.0280000000000005,4.263783428614255,4.402263897767057,5.332207415504522,-4.505046559379365,-2.513205881433239,1.1537827991029381
46,7,2.0,1.6582280766035322,-1.4936666666666678,"(0, 0, 0, 0, 0, 0, 1, 1, 1, 0, 0, 1, 0, 0, 1, 1, 1, 0, 1, 1, 1, 0, 1, 1, 0)",7.0,9.0,9.0,12.0,10.300333333333333,13.778666666666666,11.794,15.725666666666667,0.0,2.826357632788688,2.3595756416029956,3.8434870978426834,7.0,1.0,2.0,8.0,0.15171851721047222,0.043600056586427224,0.04144200622791363,0.01823498312468891,2.0,2.0,5.0,3.4783333333333335,1.4936666666666678,5.4253333333333345,2.826357632788688,2.3595756416029956,3.8434870978426834,1.081124411906388,-1.435874574022403,2.6230618405602004
47,0,0.0,1.6582280766035322,-4.364170713896192,"(0, 0, 0, 1, 0, 0, 0, 0, 0, 1, 1, 1, 0, 0, 1, 1, 0, 0, 0, 0, 0, 0, 0, 0, 0)",5.0,9.0,9.0,11.0,5.798,12.332666666666666,12.639,15.169666666666666,0.0,4.364170713896192,4.770464229798668,6.434007848625534,6.0,11.0,10.0,11.0,0.3309643911314083,0.027400398541664265,0.013916130164325646,0.01304658687097417,4.0,4.0,6.0,6.534666666666666,6.840999999999999,9.371666666666666,4.364170713896192,4.770464229798668,6.434007848625534,3.5991773290383358,3.4334205477597672,4.871308331557753
47,1,0.2857142857142857,1.6582280766035322,-1.8389012379276906,"(0, 1, 0, 1, 1, 0, 1, 0, 1, 1, 1, 0, 1, 1, 1, 1, 0, 1, 1, 0, 1, 0, 0, 1, 1)",8.0,10.0,10.0,13.0,10.731333333333334,14.685,14.165333333333333,18.46066666666667,0.0,1.8389012379276906,1.8847328194893715,3.1760042351187456,8.0,3.0,3.0,2.0,0.19254130562207633,0.09897290939739035,0.044716495146227025,0.024624020619611046,2.0,2.0,5.0,3.953666666666667,3.4339999999999993,7.729333333333335,1.8389012379276906,1.8847328194893715,3.1760042351187456,3.5067634093654765,2.5690383368831156,7.550458152675274
47,2,0.5714285714285714,1.6582280766035322,-2.553486990405374,"(1, 1, 0, 0, 0, 0, 0, 0, 1, 0, 0, 1, 1, 1, 1, 0, 1, 0, 0, 1, 0, 0, 0, 0, 1)",6.0,10.0,10.0,12.0,7.899,16.177,12.232333333333333,18.678333333333335,0.0,2.553486990405374,2.9445155956248916,4.396119241505422,3.0,2.0,19.0,2.0,0.15362737908780816,0.009727213987994468,0.10527395628511638,0.01263615776175711,4.0,4.0,6.0,8.277999999999999,4.333333333333333,10.779333333333334,2.553486990405374,2.9445155956248916,4.396119241505422,9.492548197391992,2.302976565953138,10.58482482604036
47,3,0.8571428571428571,1.6582280766035322,-2.9657040654926035,"(0, 0, 0, 1, 1, 0, 0, 0, 1, 0, 0, 1, 1, 0, 0, 1, 1, 1, 0, 1, 0, 0, 0, 1, 0)",6.0,9.0,9.0,12.0,8.083333333333334,15.384333333333334,15.084666666666667,15.647,0.0,2.9657040654926035,3.6522749758538904,4.98065385088637,6.0,1.0,2.0,17.0,0.14699901989128938,0.049047631223947265,0.13034775116006625,0.025836812977021315,3.0,3.0,6.0,7.301,7.001333333333333,7.563666666666666,2.9657040654926035,3.6522749758538904,4.98065385088637,7.188909438985313,5.553502598556121,4.283224373353636
47,4,1.1428571428571428,1.6582280766035322,-2.8000000000000007,"(1, 0, 0, 0, 0, 0, 1, 0, 0, 1, 0, 0, 0, 1, 1, 0, 0, 1, 1, 1, 1, 0, 0, 0, 1)",6.0,10.0,11.0,13.0,12.310666666666666,15.110666666666667,15.424,18.111666666666668,0.0,3.4325321185693105,3.1692239247610763,4.648584466168309,1.0,1.0,6.0,12.0,0.06680692872830442,0.11136958325653706,0.04961255907733943,0.04075446614064745,4.0,5.0,7.0,2.8000000000000007,3.1133333333333333,5.801000000000002,3.4325321185693105,3.1692239247610763,4.648584466168309,-1.048882518365144,-0.09267934792346014,1.910967794113761
47,5,1.4285714285714284,1.6582280766035322,-2.5640904377174336,"(0, 1, 0, 0, 0, 0, 1, 0, 1, 0, 0, 0, 0, 0, 1, 0, 0, 0, 1, 1, 1, 1, 1, 0, 1)",6.0,12.0,11.0,12.0,9.000666666666667,16.065,16.19333333333333,17.529333333333334,0.0,3.440049419183249,2.5640904377174336,3.380648004528029,3.0,5.0,4.0,4.0,0.16669667895606108,0.015155525184673906,0.017828985627142295,0.020074717543443938,6.0,5.0,6.0,7.064333333333334,7.192666666666664,8.528666666666666,3.440049419183249,2.5640904377174336,3.380648004528029,6.009889344026216,7.675235057543312,8.536589084437242
47,6,1.7142857142857142,1.6582280766035322,-1.5470000000000006,"(0, 0, 0, 0, 1, 1, 1, 0, 0, 1, 0, 0, 0, 1, 0, 0, 0, 0, 0, 0, 1, 0, 1, 0, 1)",6.0,10.0,10.0,13.0,11.914333333333333,13.461333333333334,14.801,17.942333333333334,0.0,4.263783428614255,4.402263897767057,5.332207415504522,3.0,9.0,6.0,20.0,0.11202144835688725,0.060758478760493166,0.04290941407978626,0.026783835657896302,4.0,4.0,7.0,1.5470000000000006,2.8866666666666667,6.0280000000000005,4.263783428614255,4.402263897767057,5.332207415504522,-4.505046559379365,-2.513205881433239,1.1537827991029381
47,7,2.0,1.6582280766035322,-1.4936666666666678,"(0, 0, 0, 0, 0, 0, 1, 1, 1, 0, 0, 1, 0, 0, 1, 1, 1, 0, 1, 1, 1, 0, 1, 1, 0)",7.0,9.0,9.0,12.0,10.300333333333333,13.778666666666666,11.794,15.725666666666667,0.0,2.826357632788688,2.3595756416029956,3.8434870978426834,7.0,1.0,2.0,8.0,0.15171851721047222,0.043600056586427224,0.04144200622791363,0.01823498312468891,2.0,2.0,5.0,3.4783333333333335,1.4936666666666678,5.4253333333333345,2.826357632788688,2.3595756416029956,3.8434870978426834,1.081124411906388,-1.435874574022403,2.6230618405602004
48,0,0.0,1.6582280766035322,-4.364170713896192,"(0, 0, 0, 1, 0, 0, 0, 0, 0, 1, 1, 1, 0, 0, 1, 1, 0, 0, 0, 0, 0, 0, 0, 0, 0)",5.0,9.0,9.0,11.0,5.798,12.332666666666666,12.639,15.169666666666666,0.0,4.364170713896192,4.770464229798668,6.434007848625534,6.0,11.0,10.0,11.0,0.3309643911314083,0.027400398541664265,0.013916130164325646,0.01304658687097417,4.0,4.0,6.0,6.534666666666666,6.840999999999999,9.371666666666666,4.364170713896192,4.770464229798668,6.434007848625534,3.5991773290383358,3.4334205477597672,4.871308331557753
48,1,0.2857142857142857,1.6582280766035322,-1.8389012379276906,"(0, 1, 0, 1, 1, 0, 1, 0, 1, 1, 1, 0, 1, 1, 1, 1, 0, 1, 1, 0, 1, 0, 0, 1, 1)",8.0,10.0,10.0,13.0,10.731333333333334,14.685,14.165333333333333,18.46066666666667,0.0,1.8389012379276906,1.8847328194893715,3.1760042351187456,8.0,3.0,3.0,2.0,0.19254130562207633,0.09897290939739035,0.044716495146227025,0.024624020619611046,2.0,2.0,5.0,3.953666666666667,3.4339999999999993,7.729333333333335,1.8389012379276906,1.8847328194893715,3.1760042351187456,3.5067634093654765,2.5690383368831156,7.550458152675274
48,2,0.5714285714285714,1.6582280766035322,-3.486323194898689,"(1, 1, 0, 0, 0, 0, 1, 1, 1, 0, 0, 1, 1, 1, 1, 0, 1, 0, 0, 1, 0, 0, 0, 0, 1)",7.0,10.0,11.0,13.0,9.409333333333333,15.127333333333333,15.516666666666667,18.252,0.0,3.486323194898689,3.5027580776134704,4.409449552765672,5.0,1.0,11.0,1.0,0.1945405511820301,0.009439136243157955,0.038166611538311204,0.03702962345762483,3.0,4.0,6.0,5.718,6.107333333333335,8.842666666666666,3.486323194898689,3.5027580776134704,4.409449552765672,3.700629136123863,4.318979816661504,7.3512850879499085
48,3,0.8571428571428571,1.6582280766035322,-0.9056666666666668,"(0, 0, 0, 1, 1, 0, 0, 0, 1, 0, 0, 1, 0, 1, 0, 1, 1, 1, 0, 1, 0, 0, 0, 1, 0)",6.0,10.0,9.0,12.0,10.89,12.721333333333334,11.795666666666667,17.062666666666665,0.0,3.5613027410957785,3.4328361270500216,4.038577631055089,2.0,9.0,1.0,3.0,0.11470856870500393,0.03262804976935585,0.0763138046456184,0.01568390668309076,4.0,3.0,6.0,1.8313333333333333,0.9056666666666668,6.1726666666666645,3.5613027410957785,3.4328361270500216,4.038577631055089,-2.8686838436168713,-4.1906233535426765,3.5388063568228696
48,4,1.1428571428571428,1.6582280766035322,-2.3182673377391616,"(1, 0, 0, 0, 0, 0, 1, 0, 0, 1, 0, 0, 0, 1, 0, 0, 0, 1, 1, 0, 1, 0, 0, 0, 1)",6.0,10.0,9.0,13.0,8.970333333333333,13.059,15.145666666666667,17.692,0.0,2.3182673377391616,2.465361380512098,3.5673460611971786,4.0,15.0,1.0,4.0,0.17135779430502038,0.04382626632950311,0.04044403502963545,0.010740908694724034,4.0,3.0,7.0,4.088666666666667,6.1753333333333345,8.721666666666668,2.3182673377391616,2.465361380512098,3.5673460611971786,2.935725874027641,6.151979655579809,8.547039143805625
48,5,1.4285714285714284,1.6582280766035322,-2.5640904377174336,"(0, 1, 0, 0, 0, 0, 1, 0, 1, 0, 0, 0, 0, 0, 1, 0, 0, 0, 1, 1, 1, 1, 1, 0, 1)",6.0,12.0,11.0,12.0,9.000666666666667,16.065,16.19333333333333,17.529333333333334,0.0,3.440049419183249,2.5640904377174336,3.380648004528029,3.0,5.0,4.0,4.0,0.16669667895606108,0.015155525184673906,0.017828985627142295,0.020074717543443938,6.0,5.0,6.0,7.064333333333334,7.192666666666664,8.528666666666666,3.440049419183249,2.5640904377174336,3.380648004528029,6.009889344026216,7.675235057543312,8.536589084437242
48,6,1.7142857142857142,1.6582280766035322,-1.5470000000000006,"(0, 0, 0, 0, 1, 1, 1, 0, 0, 1, 0, 0, 0, 1, 0, 0, 0, 0, 0, 0, 1, 0, 1, 0, 1)",6.0,10.0,10.0,13.0,11.914333333333333,13.461333333333334,14.801,17.942333333333334,0.0,4.263783428614255,4.402263897767057,5.332207415504522,3.0,9.0,6.0,20.0,0.11202144835688725,0.060758478760493166,0.04290941407978626,0.026783835657896302,4.0,4.0,7.0,1.5470000000000006,2.8866666666666667,6.0280000000000005,4.263783428614255,4.402263897767057,5.332207415504522,-4.505046559379365,-2.513205881433239,1.1537827991029381
48,7,2.0,1.6582280766035322,-1.5798399504712022,"(0, 0, 0, 0, 0, 0, 1, 1, 1, 1, 0, 1, 0, 0, 0, 1, 1, 0, 1, 1, 1, 0, 1, 1, 0)",6.0,10.0,10.0,12.0,8.869666666666667,14.66,14.343,18.051,0.0,2.6555693532767286,1.5798399504712022,3.6123853782333724,1.0,1.0,7.0,3.0,0.13797268152478767,0.027410281649301853,0.07757327040164466,0.03585684424001715,4.0,4.0,6.0,5.790333333333333,5.473333333333333,9.181333333333331,2.6555693532767286,1.5798399504712022,3.6123853782333724,5.198153645255297,6.4563000435320514,9.234585856290579
49,0,0.0,1.6582280766035322,-3.179016682791241,"(0, 0, 0, 1, 0, 0, 0, 0, 0, 1, 1, 0, 0, 0, 1, 1, 1, 0, 0, 0, 0, 0, 0, 0, 0)",4.0,8.0,8.0,12.0,5.657,10.858,11.760666666666667,17.298,0.0,3.179016682791241,3.2209974902639207,5.3770993344894595,2.0,9.0,2.0,8.0,0.26662568644461665,0.05539587965798545,0.056120901036751075,0.002103064201664006,4.0,4.0,8.0,5.2010000000000005,6.103666666666667,11.640999999999998,3.179016682791241,3.2209974902639207,5.3770993344894595,3.3529095070195107,4.780122963870615,10.386975952605127
49,1,0.2857142857142857,1.6582280766035322,-1.8389012379276906,"(0, 1, 0, 1, 1, 0, 1, 0, 1, 1, 1, 0, 1, 1, 1, 1, 0, 1, 1, 0, 1, 0, 0, 1, 1)",8.0,10.0,10.0,13.0,10.731333333333334,14.685,14.165333333333333,18.46066666666667,0.0,1.8389012379276906,1.8847328194893715,3.1760042351187456,8.0,3.0,3.0,2.0,0.19254130562207633,0.09897290939739035,0.044716495146227025,0.024624020619611046,2.0,2.0,5.0,3.953666666666667,3.4339999999999993,7.729333333333335,1.8389012379276906,1.8847328194893715,3.1760042351187456,3.5067634093654765,2.5690383368831156,7.550458152675274
49,2,0.5714285714285714,1.6582280766035322,-2.058616458077658,"(1, 1, 0, 1, 0, 0, 1, 1, 0, 0, 0, 1, 1, 1, 1, 0, 1, 0, 0, 1, 0, 0, 0, 0, 1)",7.0,11.0,12.0,14.0,9.357666666666667,13.784,17.372666666666667,18.597,0.0,2.8154133274831046,2.058616458077658,3.4527625011038747,2.0,20.0,6.0,9.0,0.14033969878312516,0.08076432735029812,0.024144838181394315,0.020998265046195203,4.0,5.0,7.0,4.426333333333334,8.015,9.239333333333335,2.8154133274831046,2.058616458077658,3.4527625011038747,2.6712727828631766,9.877042424234821,9.595454221257958
49,3,0.8571428571428571,1.6582280766035322,-0.9056666666666668,"(0, 0, 0, 1, 1, 0, 0, 0, 1, 0, 0, 1, 0, 1, 0, 1, 1, 1, 0, 1, 0, 0, 0, 1, 0)",6.0,10.0,9.0,12.0,10.89,12.721333333333334,11.795666666666667,17.062666666666665,0.0,3.5613027410957785,3.4328361270500216,4.038577631055089,2.0,9.0,1.0,3.0,0.11470856870500393,0.03262804976935585,0.0763138046456184,0.01568390668309076,4.0,3.0,6.0,1.8313333333333333,0.9056666666666668,6.1726666666666645,3.5613027410957785,3.4328361270500216,4.038577631055089,-2.8686838436168713,-4.1906233535426765,3.5388063568228696
49,4,1.1428571428571428,1.6582280766035322,-2.3182673377391616,"(1, 0, 0, 0, 0, 0, 1, 0, 0, 1, 0, 0, 0, 1, 0, 0, 0, 1, 1, 0, 1, 0, 0, 0, 1)",6.0,10.0,9.0,13.0,8.970333333333333,13.059,15.145666666666667,17.692,0.0,2.3182673377391616,2.465361380512098,3.5673460611971786,4.0,15.0,1.0,4.0,0.17135779430502038,0.04382626632950311,0.04044403502963545,0.010740908694724034,4.0,3.0,7.0,4.088666666666667,6.1753333333333345,8.721666666666668,2.3182673377391616,2.465361380512098,3.5673460611971786,2.935725874027641,6.151979655579809,8.547039143805625
49,5,1.4285714285714284,1.6582280766035322,-2.8225989824817184,"(0, 1, 0, 0, 0, 0, 1, 0, 1, 0, 0, 0, 0, 0, 1, 0, 1, 0, 1, 1, 1, 0, 1, 0, 1)",7.0,12.0,11.0,13.0,9.28,17.660333333333334,14.892,19.163666666666668,0.0,3.0589241205323336,2.8225989824817184,4.2202180920906,6.0,5.0,15.0,5.0,0.2409162022571046,0.03053622863387359,0.06739250036017526,0.04840225336396172,5.0,4.0,6.0,8.380333333333335,5.612,9.883666666666668,3.0589241205323336,2.8225989824817184,4.2202180920906,8.82411016376332,4.625463084155276,9.39128943676229
49,6,1.7142857142857142,1.6582280766035322,-1.5470000000000006,"(0, 0, 0, 0, 1, 1, 1, 0, 0, 1, 0, 0, 0, 1, 0, 0, 0, 0, 0, 0, 1, 0, 1, 0, 1)",6.0,10.0,10.0,13.0,11.914333333333333,13.461333333333334,14.801,17.942333333333334,0.0,4.263783428614255,4.402263897767057,5.332207415504522,3.0,9.0,6.0,20.0,0.11202144835688725,0.060758478760493166,0.04290941407978626,0.026783835657896302,4.0,4.0,7.0,1.5470000000000006,2.8866666666666667,6.0280000000000005,4.263783428614255,4.402263897767057,5.332207415504522,-4.505046559379365,-2.513205881433239,1.1537827991029381
49,7,2.0,1.6582280766035322,-1.5798399504712022,"(0, 0, 0, 0, 0, 0, 1, 1, 1, 1, 0, 1, 0, 0, 0, 1, 1, 0, 1, 1, 1, 0, 1, 1, 0)",6.0,10.0,10.0,12.0,8.869666666666667,14.66,14.343,18.051,0.0,2.6555693532767286,1.5798399504712022,3.6123853782333724,1.0,1.0,7.0,3.0,0.13797268152478767,0.027410281649301853,0.07757327040164466,0.03585684424001715,4.0,4.0,6.0,5.790333333333333,5.473333333333333,9.181333333333331,2.6555693532767286,1.5798399504712022,3.6123853782333724,5.198153645255297,6.4563000435320514,9.234585856290579
