step,replica,lambda,beta,phi,syndrome,E0_II,E0_IX,E0_XI,E0_XX,U_II,U_IX,U_XI,U_XX,F_II,F_IX,F_XI,F_XX,g_II,g_IX,g_XI,g_XX,Z_II,Z_IX,Z_XI,Z_XX,delta_E0_IX,delta_E0_XI,delta_E0_XX,delta_U_IX,delta_U_XI,delta_U_XX,delta_F_IX,delta_F_XI,delta_F_XX,delta_S_IX,delta_S_XI,delta_S_XX
0,0,0.0,1.3862943611198906,-1.064496931727266,"(0, 0, 0, 0, 0, 1, 0, 1, 1, 1, 1, 1, 0, 1, 1, 1, 0, 1, 1, 1, 0, 1, 0, 0, 1)",8.0,11.0,11.0,14.0,13.416,21.089,18.114333333333335,21.202,0.0,1.4045164303332769,1.064496931727266,1.9874994189962278,2.0,1.0,4.0,1.0,0.11907078729663113,0.02269356855595125,0.04662656862563375,0.028356595413154027,3.0,3.0,6.0,7.672999999999998,4.698333333333334,7.786000000000001,1.4045164303332769,1.064496931727266,1.9874994189962278,8.68996342540166,5.037566912778686,8.03842865839594
0,1,0.2857142857142857,1.3862943611198906,-1.4640192649666792,"(1, 0, 0, 0, 0, 1, 1, 1, 0, 0, 0, 0, 0, 1, 0, 1, 1, 0, 1, 0, 0, 0, 0, 0, 0)",4.0,8.0,8.0,11.0,11.643666666666666,15.939666666666668,14.302,19.053333333333335,0.0,1.4640192649666792,1.9260403689865808,2.5624110938233264,1.0,3.0,2.0,1.0,0.18058285355979525,0.0448352607004828,0.09189432838856179,0.03313414318988105,4.0,4.0,7.0,4.296000000000001,2.658333333333333,7.409666666666668,1.4640192649666792,1.9260403689865808,2.5624110938233264,3.9259589237768573,1.015173607161672,6.719723067539689
0,2,0.5714285714285714,1.3862943611198906,-1.865913701890676,"(0, 0, 0, 0, 0, 0, 0, 0, 1, 0, 1, 0, 0, 0, 0, 1, 0, 1, 1, 0, 1, 0, 0, 0, 0)",5.0,9.0,9.0,12.0,13.144666666666666,16.217666666666666,17.587666666666667,18.153,0.0,1.865913701890676,2.2116016041065993,3.06403400675922,3.0,15.0,4.0,1.0,0.1497830829619028,0.051743633638205146,0.027207275706593002,0.011385014288555083,4.0,4.0,7.0,3.0730000000000004,4.443000000000001,5.008333333333333,1.865913701890676,2.2116016041065993,3.06403400675922,1.6733769284540396,3.0933750136389926,2.695371192758893
0,3,0.8571428571428571,1.3862943611198906,-0.7062784688138858,"(0, 1, 0, 1, 1, 0, 1, 0, 1, 1, 0, 0, 1, 1, 1, 1, 0, 0, 0, 1, 0, 1, 0, 1, 1)",8.0,12.0,10.0,13.0,12.720666666666666,19.122,18.795666666666666,20.998666666666665,0.0,0.7062784688138858,0.7982282931328324,1.5480903163332593,6.0,3.0,4.0,2.0,0.11163418579691453,0.05716203299701033,0.05931233546415354,0.033237391289738405,4.0,2.0,5.0,6.4013333333333335,6.074999999999999,8.277999999999999,0.7062784688138858,0.7982282931328324,1.5480903163332593,7.895022444951713,7.315158862146934,9.329635845313348
0,4,1.1428571428571428,1.3862943611198906,-1.4515657206226198,"(0, 0, 0, 1, 0, 0, 1, 0, 1, 0, 1, 0, 0, 1, 0, 1, 1, 1, 1, 1, 0, 0, 0, 0, 0)",6.0,11.0,9.0,12.0,10.291,19.048333333333332,16.167666666666666,18.842333333333332,0.0,1.9715955420200486,1.4515657206226198,2.3003552497596305,2.0,12.0,1.0,1.0,0.1561895575262444,0.03796660441346615,0.06170387976591003,0.05113130995800428,5.0,3.0,6.0,8.757333333333332,5.876666666666665,8.551333333333332,1.9715955420200486,1.4515657206226198,2.3003552497596305,9.407030036135744,6.134492488887153,8.665695668742243
0,5,1.4285714285714284,1.3862943611198906,-1.6831538952830358,"(0, 0, 1, 1, 1, 0, 1, 0, 1, 0, 1, 0, 0, 1, 0, 1, 1, 1, 1, 0, 0, 0, 0, 0, 1)",7.0,14.0,10.0,14.0,13.065333333333333,21.659,19.053333333333335,19.883333333333333,0.0,1.6831538952830358,1.703748068181005,2.14079276879473,6.0,17.0,5.0,4.0,0.07931137202374208,0.05282769877438981,0.06342152737632728,0.06787987334410076,7.0,3.0,7.0,8.593666666666666,5.988000000000001,6.818,1.6831538952830358,1.703748068181005,2.14079276879473,9.580004887416113,5.939234294697672,6.483986010409041
0,6,1.7142857142857142,1.3862943611198906,-1.7875957721227416,"(1, 1, 0, 0, 0, 0, 1, 1, 0, 0, 1, 1, 0, 0, 0, 0, 1, 0, 1, 0, 0, 0, 1, 0, 1)",7.0,10.0,10.0,15.0,13.558666666666667,16.712,16.38,20.733333333333334,0.0,1.7875957721227416,1.8411837508153643,2.460918943318673,1.0,3.0,1.0,6.0,0.14053452954730866,0.04610424744552725,0.06192725261560874,0.029698234909815345,3.0,3.0,8.0,3.1533333333333324,2.8213333333333317,7.174666666666667,1.7875957721227416,1.8411837508153643,2.460918943318673,1.8933142798758735,1.358775839298673,6.5346418886190465
0,7,2.0,1.3862943611198906,-1.1343199577156708,"(1, 0, 0, 1, 1, 0, 0, 0, 0, 0, 0, 1, 1, 0, 0, 1, 0, 1, 0, 1, 1, 0, 0, 0, 1)",6.0,10.0,9.0,14.0,12.226666666666667,16.877,15.751333333333333,20.521,0.0,1.293697599432422,1.1343199577156708,1.8450884799325182,2.0,1.0,2.0,4.0,0.15057081810375364,0.03294538966773058,0.06569475404198243,0.03163200592422312,4.0,3.0,8.0,4.650333333333332,3.5246666666666666,8.294333333333334,1.293697599432422,1.1343199577156708,1.8450884799325182,4.653285190240358,3.313724163740254,8.940551773751027
1,0,0.0,1.3862943611198906,-1.064496931727266,"(0, 0, 0, 0, 0, 1, 0, 1, 1, 1, 1, 1, 0, 1, 1, 1, 0, 1, 1, 1, 0, 1, 0, 0, 1)",8.0,11.0,11.0,14.0,13.416,21.089,18.114333333333335,21.202,0.0,1.4045164303332769,1.064496931727266,1.9874994189962278,2.0,1.0,4.0,1.0,0.11907078729663113,0.02269356855595125,0.04662656862563375,0.028356595413154027,3.0,3.0,6.0,7.672999999999998,4.698333333333334,7.786000000000001,1.4045164303332769,1.064496931727266,1.9874994189962278,8.68996342540166,5.037566912778686,8.03842865839594
1,1,0.2857142857142857,1.3862943611198906,-0.6656600440330729,"(1, 0, 0, 0, 0, 0, 1, 1, 0, 0, 1, 0, 0, 1, 0, 1, 1, 0, 1, 0, 0, 0, 0, 0, 0)",5.0,8.0,9.0,13.0,11.821,16.387666666666668,15.044333333333332,20.534666666666666,0.0,0.7812846953858121,0.6656600440330729,1.2099115085734031,1.0,1.0,7.0,2.0,0.18989563508646098,0.10918040088131721,0.06478985208962641,0.06493813195478491,3.0,4.0,8.0,4.566666666666668,3.2233333333333327,8.713666666666667,0.7812846953858121,0.6656600440330729,1.2099115085734031,5.247653681471546,3.5456880585439126,10.402413462888985
1,2,0.5714285714285714,1.3862943611198906,-0.9761745776532501,"(0, 0, 0, 1, 1, 0, 0, 0, 1, 0, 1, 0, 0, 0, 0, 1, 0, 1, 1, 0, 1, 0, 0, 0, 0)",5.0,9.0,10.0,12.0,8.124666666666666,19.131666666666668,16.242,19.789666666666665,0.0,1.2952995395830498,0.9761745776532501,2.0488352428404455,2.0,2.0,2.0,9.0,0.19461880760610517,0.0472814423790119,0.05369084431837976,0.0372445071030204,4.0,5.0,7.0,11.007000000000001,8.117333333333335,11.665,1.2952995395830498,0.9761745776532501,2.0488352428404455,13.463275585161465,9.899748114861236,13.330834978450111
1,3,0.8571428571428571,1.3862943611198906,-0.7062784688138858,"(0, 1, 0, 1, 1, 0, 1, 0, 1, 1, 0, 0, 1, 1, 1, 1, 0, 0, 0, 1, 0, 1, 0, 1, 1)",8.0,12.0,10.0,13.0,12.720666666666666,19.122,18.795666666666666,20.998666666666665,0.0,0.7062784688138858,0.7982282931328324,1.5480903163332593,6.0,3.0,4.0,2.0,0.11163418579691453,0.05716203299701033,0.05931233546415354,0.033237391289738405,4.0,2.0,5.0,6.4013333333333335,6.074999999999999,8.277999999999999,0.7062784688138858,0.7982282931328324,1.5480903163332593,7.895022444951713,7.315158862146934,9.329635845313348
1,4,1.1428571428571428,1.3862943611198906,-1.4515657206226198,"(0, 0, 0, 1, 0, 0, 1, 0, 1, 0, 1, 0, 0, 1, 0, 1, 1, 1, 1, 1, 0, 0, 0, 0, 0)",6.0,11.0,9.0,12.0,10.291,19.048333333333332,16.167666666666666,18.842333333333332,0.0,1.9715955420200486,1.4515657206226198,2.3003552497596305,2.0,12.0,1.0,1.0,0.1561895575262444,0.03796660441346615,0.06170387976591003,0.05113130995800428,5.0,3.0,6.0,8.757333333333332,5.876666666666665,8.551333333333332,1.9715955420200486,1.4515657206226198,2.3003552497596305,9.407030036135744,6.134492488887153,8.665695668742243
1,5,1.4285714285714284,1.3862943611198906,-0.6347148732387413,"(0, 0, 1, 1, 1, 1, 1, 0, 1, 1, 1, 0, 0, 1, 0, 1, 1, 1, 1, 0, 0, 0, 0, 0, 1)",7.0,11.0,13.0,14.0,15.317666666666666,17.193,20.954666666666668,20.161,0.0,0.6347148732387413,1.2656867517024588,1.453506532728186,1.0,5.0,2.0,7.0,0.1190586422793872,0.05003678099414296,0.050424076033640505,0.01138717765573708,4.0,6.0,7.0,1.8753333333333355,5.637000000000002,4.8433333333333355,0.6347148732387413,1.2656867517024588,1.453506532728186,1.719862375530378,6.059926906803557,4.6992977788519985
1,6,1.7142857142857142,1.3862943611198906,-1.3027470209563985,"(1, 1, 0, 0, 0, 0, 1, 1, 0, 0, 1, 1, 0, 0, 0, 1, 0, 0, 1, 0, 0, 0, 1, 0, 1)",7.0,12.0,10.0,13.0,12.736333333333333,18.408666666666665,17.041666666666668,19.936,0.0,1.3027470209563985,1.4108009647703537,2.0421040135536734,5.0,15.0,4.0,8.0,0.19213447783370013,0.04847046630100969,0.08686525562696827,0.04113328254314526,5.0,3.0,6.0,5.672333333333333,4.305333333333335,7.199666666666667,1.3027470209563985,1.4108009647703537,2.0421040135536734,6.0575328652748,4.012673900617862,7.149900023133085
1,7,2.0,1.3862943611198906,-1.1343199577156708,"(1, 0, 0, 1, 1, 0, 0, 0, 0, 0, 0, 1, 1, 0, 0, 1, 0, 1, 0, 1, 1, 0, 0, 0, 1)",6.0,10.0,9.0,14.0,12.226666666666667,16.877,15.751333333333333,20.521,0.0,1.293697599432422,1.1343199577156708,1.8450884799325182,2.0,1.0,2.0,4.0,0.15057081810375364,0.03294538966773058,0.06569475404198243,0.03163200592422312,4.0,3.0,8.0,4.650333333333332,3.5246666666666666,8.294333333333334,1.293697599432422,1.1343199577156708,1.8450884799325182,4.653285190240358,3.313724163740254,8.940551773751027
2,0,0.0,1.3862943611198906,-1.8629177657435878,"(0, 0, 0, 0, 0, 1, 0, 1, 1, 1, 1, 1, 0, 1, 1, 0, 1, 1, 1, 1, 0, 1, 0, 0, 1)",9.0,12.0,10.0,14.0,15.662333333333333,18.691333333333333,17.984333333333332,21.619333333333334,0.0,1.9031896169341205,1.8629177657435878,2.2673460406942976,7.0,6.0,1.0,4.0,0.17865713385377208,0.11895354876978087,0.057698024031284524,0.03282559000400008,3.0,1.0,5.0,3.029,2.321999999999999,5.957000000000001,1.9031896169341205,1.8629177657435878,2.2673460406942976,1.5607045857344526,0.6364231126399837,5.114946478269174
2,1,0.2857142857142857,1.3862943611198906,-0.6656600440330729,"(1, 0, 0, 0, 0, 0, 1, 1, 0, 0, 1, 0, 0, 1, 0, 1, 1, 0, 1, 0, 0, 0, 0, 0, 0)",5.0,8.0,9.0,13.0,11.821,16.387666666666668,15.044333333333332,20.534666666666666,0.0,0.7812846953858121,0.6656600440330729,1.2099115085734031,1.0,1.0,7.0,2.0,0.18989563508646098,0.10918040088131721,0.06478985208962641,0.06493813195478491,3.0,4.0,8.0,4.566666666666668,3.2233333333333327,8.713666666666667,0.7812846953858121,0.6656600440330729,1.2099115085734031,5.247653681471546,3.5456880585439126,10.402413462888985
2,2,0.5714285714285714,1.3862943611198906,-2.3927825754696284,"(0, 0, 0, 1, 1, 0, 0, 0, 1, 0, 1, 0, 0, 0, 0, 0, 0, 1, 1, 0, 0, 0, 0, 0, 0)",5.0,9.0,8.0,11.0,8.278,15.153333333333334,17.177666666666667,18.041333333333334,0.0,2.4268469085764797,2.3927825754696284,3.4895031494575917,6.0,11.0,1.0,8.0,0.07907863952495828,0.09273330369398919,0.050860966558100205,0.08001819552418972,4.0,3.0,6.0,6.875333333333334,8.899666666666667,9.763333333333334,2.4268469085764797,2.3927825754696284,3.4895031494575917,6.16691164615881,9.020456724087179,8.697375406530707
2,3,0.8571428571428571,1.3862943611198906,-0.7062784688138858,"(0, 1, 0, 1, 1, 0, 1, 0, 1, 1, 0, 0, 1, 1, 1, 1, 0, 0, 0, 1, 0, 1, 0, 1, 1)",8.0,12.0,10.0,13.0,12.720666666666666,19.122,18.795666666666666,20.998666666666665,0.0,0.7062784688138858,0.7982282931328324,1.5480903163332593,6.0,3.0,4.0,2.0,0.11163418579691453,0.05716203299701033,0.05931233546415354,0.033237391289738405,4.0,2.0,5.0,6.4013333333333335,6.074999999999999,8.277999999999999,0.7062784688138858,0.7982282931328324,1.5480903163332593,7.895022444951713,7.315158862146934,9.329635845313348
2,4,1.1428571428571428,1.3862943611198906,0.3731365305660976,"(0, 0, 0, 1, 0, 0, 1, 0, 1, 0, 1, 0, 0, 1, 0, 1, 1, 1, 1, 1, 0, 0, 1, 1, 0)",7.0,12.0,12.0,13.0,19.437,17.854666666666667,20.694333333333333,20.654,0.0,0.3731365305660976,0.20478648367876645,0.9989560149876529,3.0,5.0,1.0,2.0,0.10081795520684896,0.04436884603698964,0.04846692179269208,0.048858732020909755,5.0,5.0,6.0,-1.5823333333333345,1.2573333333333316,1.2169999999999987,0.3731365305660976,0.20478648367876645,0.9989560149876529,-2.710856845663663,1.4591397624906288,0.30227314689872503
2,5,1.4285714285714284,1.3862943611198906,-0.5573673495235915,"(0, 0, 1, 1, 1, 0, 1, 0, 1, 0, 1, 0, 0, 1, 0, 1, 1, 1, 1, 0, 0, 0, 0, 0, 1)",7.0,10.0,12.0,15.0,10.087,19.081,17.304333333333332,21.755333333333333,0.0,1.1487605239773366,0.5573673495235915,1.5427068732309126,3.0,2.0,8.0,2.0,0.1674285861907044,0.032892213912377614,0.04681955270396871,0.03787977987581542,3.0,5.0,8.0,8.994,7.2173333333333325,11.668333333333333,1.1487605239773366,0.5573673495235915,1.5427068732309126,10.875811247245384,9.232673288605728,14.037098864446344
2,6,1.7142857142857142,1.3862943611198906,-1.3027470209563985,"(1, 1, 0, 0, 0, 0, 1, 1, 0, 0, 1, 1, 0, 0, 0, 1, 0, 0, 1, 0, 0, 0, 1, 0, 1)",7.0,12.0,10.0,13.0,12.736333333333333,18.408666666666665,17.041666666666668,19.936,0.0,1.3027470209563985,1.4108009647703537,2.0421040135536734,5.0,15.0,4.0,8.0,0.19213447783370013,0.04847046630100969,0.08686525562696827,0.04113328254314526,5.0,3.0,6.0,5.672333333333333,4.305333333333335,7.199666666666667,1.3027470209563985,1.4108009647703537,2.0421040135536734,6.0575328652748,4.012673900617862,7.149900023133085
2,7,2.0,1.3862943611198906,-1.1343199577156708,"(1, 0, 0, 1, 1, 0, 0, 0, 0, 0, 0, 1, 1, 0, 0, 1, 0, 1, 0, 1, 1, 0, 0, 0, 1)",6.0,10.0,9.0,14.0,12.226666666666667,16.877,15.751333333333333,20.521,0.0,1.293697599432422,1.1343199577156708,1.8450884799325182,2.0,1.0,2.0,4.0,0.15057081810375364,0.03294538966773058,0.06569475404198243,0.03163200592422312,4.0,3.0,8.0,4.650333333333332,3.5246666666666666,8.294333333333334,1.293697599432422,1.1343199577156708,1.8450884799325182,4.653285190240358,3.313724163740254,8.940551773751027
3,0,0.0,1.3862943611198906,-1.8629177657435878,"(0, 0, 0, 0, 0, 1, 0, 1, 1, 1, 1, 1, 0, 1, 1, 0, 1, 1, 1, 1, 0, 1, 0, 0, 1)",9.0,12.0,10.0,14.0,15.662333333333333,18.691333333333333,17.984333333333332,21.619333333333334,0.0,1.9031896169341205,1.8629177657435878,2.2673460406942976,7.0,6.0,1.0,4.0,0.17865713385377208,0.11895354876978087,0.057698024031284524,0.03282559000400008,3.0,1.0,5.0,3.029,2.321999999999999,5.957000000000001,1.9031896169341205,1.8629177657435878,2.2673460406942976,1.5607045857344526,0.6364231126399837,5.114946478269174
3,1,0.2857142857142857,1.3862943611198906,-0.6656600440330729,"(1, 0, 0, 0, 0, 0, 1, 1, 0, 0, 1, 0, 0, 1, 0, 1, 1, 0, 1, 0, 0, 0, 0, 0, 0)",5.0,8.0,9.0,13.0,11.821,16.387666666666668,15.044333333333332,20.534666666666666,0.0,0.7812846953858121,0.6656600440330729,1.2099115085734031,1.0,1.0,7.0,2.0,0.18989563508646098,0.10918040088131721,0.06478985208962641,0.06493813195478491,3.0,4.0,8.0,4.566666666666668,3.2233333333333327,8.713666666666667,0.7812846953858121,0.6656600440330729,1.2099115085734031,5.247653681471546,3.5456880585439126,10.402413462888985
3,2,0.5714285714285714,1.3862943611198906,-1.302223309753308,"(0, 0, 0, 0, 1, 0, 0, 0, 0, 0, 1, 0, 0, 0, 0, 0, 0, 1, 1, 0, 0, 0, 0, 0, 0)",4.0,9.0,8.0,13.0,9.548333333333334,15.201333333333332,13.218,18.630666666666666,0.0,1.302223309753308,1.4035922340925302,2.7062237305188357,2.0,15.0,1.0,16.0,0.161876365870948,0.07833860380854046,0.07034061780002668,0.05621057701882564,5.0,4.0,9.0,5.652999999999999,3.669666666666666,9.082333333333333,1.302223309753308,1.4035922340925302,2.7062237305188357,6.031457192180848,3.1414462077554806,8.83916478826412
3,3,0.8571428571428571,1.3862943611198906,-0.7387562650407897,"(0, 1, 0, 1, 1, 0, 1, 0, 1, 1, 0, 0, 1, 1, 1, 0, 0, 0, 0, 0, 0, 1, 0, 1, 1)",7.0,13.0,13.0,13.0,12.422333333333333,18.47,19.492333333333335,19.895666666666667,0.0,1.2749441173806044,0.7387562650407897,2.22142889079987,8.0,20.0,8.0,3.0,0.20802706075898303,0.041378727540580085,0.1007927139686117,0.06361285710141566,6.0,6.0,6.0,6.047666666666666,7.070000000000002,7.4733333333333345,1.2749441173806044,0.7387562650407897,2.22142889079987,6.616398357265017,8.776967488649591,7.280685513824644
3,4,1.1428571428571428,1.3862943611198906,0.3731365305660976,"(0, 0, 0, 1, 0, 0, 1, 0, 1, 0, 1, 0, 0, 1, 0, 1, 1, 1, 1, 1, 0, 0, 1, 1, 0)",7.0,12.0,12.0,13.0,19.437,17.854666666666667,20.694333333333333,20.654,0.0,0.3731365305660976,0.20478648367876645,0.9989560149876529,3.0,5.0,1.0,2.0,0.10081795520684896,0.04436884603698964,0.04846692179269208,0.048858732020909755,5.0,5.0,6.0,-1.5823333333333345,1.2573333333333316,1.2169999999999987,0.3731365305660976,0.20478648367876645,0.9989560149876529,-2.710856845663663,1.4591397624906288,0.30227314689872503
3,5,1.4285714285714284,1.3862943611198906,-1.8110241468256667,"(0, 0, 1, 1, 1, 0, 1, 0, 1, 0, 1, 0, 1, 0, 0, 1, 1, 1, 1, 0, 0, 0, 0, 0, 1)",8.0,11.0,11.0,12.0,11.722333333333333,15.486333333333333,16.848333333333333,20.089,0.0,1.9224591085536875,1.8110241468256667,2.364294226348614,24.0,17.0,4.0,1.0,0.18439082971060913,0.06291348573066834,0.039087339732655414,0.03234418472372875,3.0,3.0,4.0,3.7639999999999993,5.1259999999999994,8.366666666666665,1.9224591085536875,1.8110241468256667,2.364294226348614,2.5529177535837184,4.595532332504176,8.321055067354353
3,6,1.7142857142857142,1.3862943611198906,-1.3027470209563985,"(1, 1, 0, 0, 0, 0, 1, 1, 0, 0, 1, 1, 0, 0, 0, 1, 0, 0, 1, 0, 0, 0, 1, 0, 1)",7.0,12.0,10.0,13.0,12.736333333333333,18.408666666666665,17.041666666666668,19.936,0.0,1.3027470209563985,1.4108009647703537,2.0421040135536734,5.0,15.0,4.0,8.0,0.19213447783370013,0.04847046630100969,0.08686525562696827,0.04113328254314526,5.0,3.0,6.0,5.672333333333333,4.305333333333335,7.199666666666667,1.3027470209563985,1.4108009647703537,2.0421040135536734,6.0575328652748,4.012673900617862,7.149900023133085
3,7,2.0,1.3862943611198906,-0.6407914635216496,"(1, 0, 0, 1, 1, 0, 0, 0, 0, 0, 0, 1, 1, 0, 0, 1, 0, 1, 0, 1, 1, 0, 1, 1, 1)",6.0,11.0,11.0,14.0,14.941666666666666,18.408333333333335,17.554666666666666,20.325333333333333,0.0,1.396506729580139,0.6407914635216496,2.2539683001094883,4.0,1.0,4.0,15.0,0.10937469074269814,0.03882070377185791,0.06404024132260189,0.03847115185758808,5.0,5.0,8.0,3.4666666666666686,2.6129999999999995,5.383666666666667,1.396506729580139,0.6407914635216496,2.2539683001094883,2.8698510473993633,2.7340615730724487,4.3386831975643485
4,0,0.0,1.3862943611198906,-1.2308830616030118,"(0, 0, 0, 0, 0, 1, 0, 1, 1, 1, 1, 1, 0, 1, 1, 0, 1, 1, 1, 1, 0, 1, 1, 1, 1)",8.0,13.0,11.0,15.0,13.867,20.143,19.018666666666668,20.979,0.0,1.3259366449638,1.2308830616030118,2.020685765674372,6.0,4.0,1.0,2.0,0.10335322549918122,0.06933438472587099,0.08180978022148917,0.03875388705152943,5.0,3.0,7.0,6.276,5.151666666666667,7.111999999999998,1.3259366449638,1.2308830616030118,2.020685765674372,6.86224491627289,5.4353602028710615,7.0580602137350485
4,1,0.2857142857142857,1.3862943611198906,-0.6656600440330729,"(1, 0, 0, 0, 0, 0, 1, 1, 0, 0, 1, 0, 0, 1, 0, 1, 1, 0, 1, 0, 0, 0, 0, 0, 0)",5.0,8.0,9.0,13.0,11.821,16.387666666666668,15.044333333333332,20.534666666666666,0.0,0.7812846953858121,0.6656600440330729,1.2099115085734031,1.0,1.0,7.0,2.0,0.18989563508646098,0.10918040088131721,0.06478985208962641,0.06493813195478491,3.0,4.0,8.0,4.566666666666668,3.2233333333333327,8.713666666666667,0.7812846953858121,0.6656600440330729,1.2099115085734031,5.247653681471546,3.5456880585439126,10.402413462888985
4,2,0.5714285714285714,1.3862943611198906,-1.302223309753308,"(0, 0, 0, 0, 1, 0, 0, 0, 0, 0, 1, 0, 0, 0, 0, 0, 0, 1, 1, 0, 0, 0, 0, 0, 0)",4.0,9.0,8.0,13.0,9.548333333333334,15.201333333333332,13.218,18.630666666666666,0.0,1.302223309753308,1.4035922340925302,2.7062237305188357,2.0,15.0,1.0,16.0,0.161876365870948,0.07833860380854046,0.07034061780002668,0.05621057701882564,5.0,4.0,9.0,5.652999999999999,3.669666666666666,9.082333333333333,1.302223309753308,1.4035922340925302,2.7062237305188357,6.031457192180848,3.1414462077554806,8.83916478826412
4,3,0.8571428571428571,1.3862943611198906,0.6413333333333338,"(0, 1, 1, 1, 1, 0, 1, 1, 1, 1, 0, 0, 1, 1, 1, 0, 0, 0, 0, 0, 0, 1, 0, 1, 1)",8.0,11.0,10.0,14.0,15.374,14.732666666666667,18.639,19.161,0.0,0.7929603745605777,1.0213215640137208,1.3400383392705242,13.0,18.0,2.0,15.0,0.17724682154814572,0.11451498845010857,0.045867790476836943,0.029600301966249375,3.0,2.0,6.0,-0.6413333333333338,3.264999999999999,3.787000000000001,0.7929603745605777,1.0213215640137208,1.3400383392705242,-1.9883532794430687,3.110398763974073,3.3922091521458357
4,4,1.1428571428571428,1.3862943611198906,0.3731365305660976,"(0, 0, 0, 1, 0, 0, 1, 0, 1, 0, 1, 0, 0, 1, 0, 1, 1, 1, 1, 1, 0, 0, 1, 1, 0)",7.0,12.0,12.0,13.0,19.437,17.854666666666667,20.694333333333333,20.654,0.0,0.3731365305660976,0.20478648367876645,0.9989560149876529,3.0,5.0,1.0,2.0,0.10081795520684896,0.04436884603698964,0.04846692179269208,0.048858732020909755,5.0,5.0,6.0,-1.5823333333333345,1.2573333333333316,1.2169999999999987,0.3731365305660976,0.20478648367876645,0.9989560149876529,-2.710856845663663,1.4591397624906288,0.30227314689872503
4,5,1.4285714285714284,1.3862943611198906,-1.1862597864456297,"(0, 0, 1, 1, 1, 0, 1, 0, 1, 0, 1, 0, 1, 0, 0, 1, 1, 0, 1, 0, 0, 0, 1, 0, 1)",8.0,14.0,11.0,15.0,14.634333333333334,18.02466666666667,16.182333333333332,20.430666666666667,0.0,1.3370192982174183,1.1862597864456297,1.7649144560477517,2.0,14.0,1.0,8.0,0.10771820774645656,0.04068446078623403,0.0856162060541407,0.031587387821465814,6.0,3.0,7.0,3.3903333333333343,1.5479999999999983,5.796333333333333,1.3370192982174183,1.1862597864456297,1.7649144560477517,2.846497668489523,0.5014784182407261,5.588733256893281
4,6,1.7142857142857142,1.3862943611198906,-1.3027470209563985,"(1, 1, 0, 0, 0, 0, 1, 1, 0, 0, 1, 1, 0, 0, 0, 1, 0, 0, 1, 0, 0, 0, 1, 0, 1)",7.0,12.0,10.0,13.0,12.736333333333333,18.408666666666665,17.041666666666668,19.936,0.0,1.3027470209563985,1.4108009647703537,2.0421040135536734,5.0,15.0,4.0,8.0,0.19213447783370013,0.04847046630100969,0.08686525562696827,0.04113328254314526,5.0,3.0,6.0,5.672333333333333,4.305333333333335,7.199666666666667,1.3027470209563985,1.4108009647703537,2.0421040135536734,6.0575328652748,4.012673900617862,7.149900023133085
4,7,2.0,1.3862943611198906,-0.8873824238235202,"(0, 0, 0, 1, 0, 0, 0, 0, 0, 0, 0, 1, 1, 0, 0, 1, 0, 1, 0, 1, 1, 0, 1, 1, 1)",5.0,9.0,7.0,13.0,11.168666666666667,16.445,15.757333333333333,19.673,0.0,1.5628004398318107,0.8873824238235202,2.030682488345113,2.0,5.0,1.0,12.0,0.1347060860051257,0.052126022269989754,0.07025553171576952,0.02200072058460252,4.0,2.0,8.0,5.2763333333333335,4.588666666666667,8.504333333333332,1.5628004398318107,0.8873824238235202,2.030682488345113,5.1480497100943925,5.131069474755358,8.974385662266183
5,0,0.0,1.3862943611198906,-1.2308830616030118,"(0, 0, 0, 0, 0, 1, 0, 1, 1, 1, 1, 1, 0, 1, 1, 0, 1, 1, 1, 1, 0, 1, 1, 1, 1)",8.0,13.0,11.0,15.0,13.867,20.143,19.018666666666668,20.979,0.0,1.3259366449638,1.2308830616030118,2.020685765674372,6.0,4.0,1.0,2.0,0.10335322549918122,0.06933438472587099,0.08180978022148917,0.03875388705152943,5.0,3.0,7.0,6.276,5.151666666666667,7.111999999999998,1.3259366449638,1.2308830616030118,2.020685765674372,6.86224491627289,5.4353602028710615,7.0580602137350485
5,1,0.2857142857142857,1.3862943611198906,-0.6656600440330729,"(1, 0, 0, 0, 0, 0, 1, 1, 0, 0, 1, 0, 0, 1, 0, 1, 1, 0, 1, 0, 0, 0, 0, 0, 0)",5.0,8.0,9.0,13.0,11.821,16.387666666666668,15.044333333333332,20.534666666666666,0.0,0.7812846953858121,0.6656600440330729,1.2099115085734031,1.0,1.0,7.0,2.0,0.18989563508646098,0.10918040088131721,0.06478985208962641,0.06493813195478491,3.0,4.0,8.0,4.566666666666668,3.2233333333333327,8.713666666666667,0.7812846953858121,0.6656600440330729,1.2099115085734031,5.247653681471546,3.5456880585439126,10.402413462888985
5,2,0.5714285714285714,1.3862943611198906,-1.302223309753308,"(0, 0, 0, 0, 1, 0, 0, 0, 0, 0, 1, 0, 0, 0, 0, 0, 0, 1, 1, 0, 0, 0, 0, 0, 0)",4.0,9.0,8.0,13.0,9.548333333333334,15.201333333333332,13.218,18.630666666666666,0.0,1.302223309753308,1.4035922340925302,2.7062237305188357,2.0,15.0,1.0,16.0,0.161876365870948,0.07833860380854046,0.07034061780002668,0.05621057701882564,5.0,4.0,9.0,5.652999999999999,3.669666666666666,9.082333333333333,1.302223309753308,1.4035922340925302,2.7062237305188357,6.031457192180848,3.1414462077554806,8.83916478826412
5,3,0.8571428571428571,1.3862943611198906,0.6413333333333338,"(0, 1, 1, 1, 1, 0, 1, 1, 1, 1, 0, 0, 1, 1, 1, 0, 0, 0, 0, 0, 0, 1, 0, 1, 1)",8.0,11.0,10.0,14.0,15.374,14.732666666666667,18.639,19.161,0.0,0.7929603745605777,1.0213215640137208,1.3400383392705242,13.0,18.0,2.0,15.0,0.17724682154814572,0.11451498845010857,0.045867790476836943,0.029600301966249375,3.0,2.0,6.0,-0.6413333333333338,3.264999999999999,3.787000000000001,0.7929603745605777,1.0213215640137208,1.3400383392705242,-1.9883532794430687,3.110398763974073,3.3922091521458357
5,4,1.1428571428571428,1.3862943611198906,0.3731365305660976,"(0, 0, 0, 1, 0, 0, 1, 0, 1, 0, 1, 0, 0, 1, 0, 1, 1, 1, 1, 1, 0, 0, 1, 1, 0)",7.0,12.0,12.0,13.0,19.437,17.854666666666667,20.694333333333333,20.654,0.0,0.3731365305660976,0.20478648367876645,0.9989560149876529,3.0,5.0,1.0,2.0,0.10081795520684896,0.04436884603698964,0.04846692179269208,0.048858732020909755,5.0,5.0,6.0,-1.5823333333333345,1.2573333333333316,1.2169999999999987,0.3731365305660976,0.20478648367876645,0.9989560149876529,-2.710856845663663,1.4591397624906288,0.30227314689872503
5,5,1.4285714285714284,1.3862943611198906,-0.7735368502342204,"(0, 0, 1, 1, 1, 0, 1, 0, 1, 0, 0, 0, 1, 0, 0, 0, 1, 0, 1, 0, 0, 0, 1, 0, 1)",7.0,11.0,12.0,13.0,14.782666666666668,16.985666666666667,18.418,19.862,0.0,0.7735368502342204,1.0265278695032611,2.048211410377941,1.0,12.0,18.0,3.0,0.08418807133463631,0.0896976570034767,0.12503584211522406,0.06641825138466027,4.0,5.0,6.0,2.2029999999999994,3.6353333333333318,5.079333333333331,0.7735368502342204,1.0265278695032611,2.048211410377941,1.9816567039489772,3.6165723037663877,4.202027229659936
5,6,1.7142857142857142,1.3862943611198906,-1.3027470209563985,"(1, 1, 0, 0, 0, 0, 1, 1, 0, 0, 1, 1, 0, 0, 0, 1, 0, 0, 1, 0, 0, 0, 1, 0, 1)",7.0,12.0,10.0,13.0,12.736333333333333,18.408666666666665,17.041666666666668,19.936,0.0,1.3027470209563985,1.4108009647703537,2.0421040135536734,5.0,15.0,4.0,8.0,0.19213447783370013,0.04847046630100969,0.08686525562696827,0.04113328254314526,5.0,3.0,6.0,5.672333333333333,4.305333333333335,7.199666666666667,1.3027470209563985,1.4108009647703537,2.0421040135536734,6.0575328652748,4.012673900617862,7.149900023133085
5,7,2.0,1.3862943611198906,-0.8873824238235202,"(0, 0, 0, 1, 0, 0, 0, 0, 0, 0, 0, 1, 1, 0, 0, 1, 0, 1, 0, 1, 1, 0, 1, 1, 1)",5.0,9.0,7.0,13.0,11.168666666666667,16.445,15.757333333333333,19.673,0.0,1.5628004398318107,0.8873824238235202,2.030682488345113,2.0,5.0,1.0,12.0,0.1347060860051257,0.052126022269989754,0.07025553171576952,0.02200072058460252,4.0,2.0,8.0,5.2763333333333335,4.588666666666667,8.504333333333332,1.5628004398318107,0.8873824238235202,2.030682488345113,5.1480497100943925,5.131069474755358,8.974385662266183
6,0,0.0,1.3862943611198906,-0.4603344458805393,"(0, 0, 0, 0, 0, 1, 0, 0, 1, 1, 1, 1, 1, 1, 1, 0, 1, 1, 1, 1, 0, 1, 1, 1, 1)",8.0,12.0,10.0,14.0,13.763666666666667,21.037333333333333,16.534333333333333,20.785,0.0,0.5178040487842974,0.4603344458805393,1.1151120791788218,22.0,2.0,1.0,3.0,0.18124196531724157,0.06621490981277701,0.041941014014699386,0.02934239478190362,4.0,2.0,6.0,7.273666666666665,2.7706666666666653,7.021333333333333,0.5178040487842974,0.4603344458805393,1.1151120791788218,9.365614251670989,3.2028005299894007,8.187761220160846
6,1,0.2857142857142857,1.3862943611198906,-0.6656600440330729,"(1, 0, 0, 0, 0, 0, 1, 1, 0, 0, 1, 0, 0, 1, 0, 1, 1, 0, 1, 0, 0, 0, 0, 0, 0)",5.0,8.0,9.0,13.0,11.821,16.387666666666668,15.044333333333332,20.534666666666666,0.0,0.7812846953858121,0.6656600440330729,1.2099115085734031,1.0,1.0,7.0,2.0,0.18989563508646098,0.10918040088131721,0.06478985208962641,0.06493813195478491,3.0,4.0,8.0,4.566666666666668,3.2233333333333327,8.713666666666667,0.7812846953858121,0.6656600440330729,1.2099115085734031,5.247653681471546,3.5456880585439126,10.402413462888985
6,2,0.5714285714285714,1.3862943611198906,-1.302223309753308,"(0, 0, 0, 0, 1, 0, 0, 0, 0, 0, 1, 0, 0, 0, 0, 0, 0, 1, 1, 0, 0, 0, 0, 0, 0)",4.0,9.0,8.0,13.0,9.548333333333334,15.201333333333332,13.218,18.630666666666666,0.0,1.302223309753308,1.4035922340925302,2.7062237305188357,2.0,15.0,1.0,16.0,0.161876365870948,0.07833860380854046,0.07034061780002668,0.05621057701882564,5.0,4.0,9.0,5.652999999999999,3.669666666666666,9.082333333333333,1.302223309753308,1.4035922340925302,2.7062237305188357,6.031457192180848,3.1414462077554806,8.83916478826412
6,3,0.8571428571428571,1.3862943611198906,1.8606919931304577,"(0, 1, 1, 1, 1, 0, 1, 1, 1, 1, 0, 0, 1, 1, 1, 0, 0, 0, 1, 0, 0, 1, 0, 0, 1)",9.0,11.0,11.0,14.0,21.497,15.919666666666666,17.180666666666667,21.167666666666666,0.0,1.8606919931304577,1.6487121820445472,2.397534484474135,2.0,11.0,4.0,6.0,0.10635573064872052,0.0530667144358185,0.047509030954100355,0.022811415606235442,2.0,2.0,5.0,-5.577333333333334,-4.316333333333333,-0.32933333333333437,1.8606919931304577,1.6487121820445472,2.397534484474135,-10.311292567943688,-8.269308961791847,-3.7802414793457957
6,4,1.1428571428571428,1.3862943611198906,0.3731365305660976,"(0, 0, 0, 1, 0, 0, 1, 0, 1, 0, 1, 0, 0, 1, 0, 1, 1, 1, 1, 1, 0, 0, 1, 1, 0)",7.0,12.0,12.0,13.0,19.437,17.854666666666667,20.694333333333333,20.654,0.0,0.3731365305660976,0.20478648367876645,0.9989560149876529,3.0,5.0,1.0,2.0,0.10081795520684896,0.04436884603698964,0.04846692179269208,0.048858732020909755,5.0,5.0,6.0,-1.5823333333333345,1.2573333333333316,1.2169999999999987,0.3731365305660976,0.20478648367876645,0.9989560149876529,-2.710856845663663,1.4591397624906288,0.30227314689872503
6,5,1.4285714285714284,1.3862943611198906,-0.7735368502342204,"(0, 0, 1, 1, 1, 0, 1, 0, 1, 0, 0, 0, 1, 0, 0, 0, 1, 0, 1, 0, 0, 0, 1, 0, 1)",7.0,11.0,12.0,13.0,14.782666666666668,16.985666666666667,18.418,19.862,0.0,0.7735368502342204,1.0265278695032611,2.048211410377941,1.0,12.0,18.0,3.0,0.08418807133463631,0.0896976570034767,0.12503584211522406,0.06641825138466027,4.0,5.0,6.0,2.2029999999999994,3.6353333333333318,5.079333333333331,0.7735368502342204,1.0265278695032611,2.048211410377941,1.9816567039489772,3.6165723037663877,4.202027229659936
6,6,1.7142857142857142,1.3862943611198906,-1.7145996723744392,"(1, 1, 0, 0, 0, 0, 1, 1, 0, 0, 1, 1, 0, 0, 0, 1, 0, 0, 0, 1, 0, 0, 1, 0, 1)",6.0,11.0,10.0,15.0,12.584333333333333,17.772666666666666,18.041333333333334,20.453666666666667,0.0,1.7145996723744392,2.0315527731384826,2.7193165105960793,1.0,2.0,2.0,18.0,0.1034200826199443,0.026576414682190963,0.05725992845577651,0.037728114117713575,5.0,4.0,9.0,5.188333333333333,5.457000000000001,7.8693333333333335,1.7145996723744392,2.0315527731384826,2.7193165105960793,4.815617386219667,4.748678174911889,7.139439281033231
6,7,2.0,1.3862943611198906,-0.8873824238235202,"(0, 0, 0, 1, 0, 0, 0, 0, 0, 0, 0, 1, 1, 0, 0, 1, 0, 1, 0, 1, 1, 0, 1, 1, 1)",5.0,9.0,7.0,13.0,11.168666666666667,16.445,15.757333333333333,19.673,0.0,1.5628004398318107,0.8873824238235202,2.030682488345113,2.0,5.0,1.0,12.0,0.1347060860051257,0.052126022269989754,0.07025553171576952,0.02200072058460252,4.0,2.0,8.0,5.2763333333333335,4.588666666666667,8.504333333333332,1.5628004398318107,0.8873824238235202,2.030682488345113,5.1480497100943925,5.131069474755358,8.974385662266183
7,0,0.0,1.3862943611198906,-0.4603344458805393,"(0, 0, 0, 0, 0, 1, 0, 0, 1, 1, 1, 1, 1, 1, 1, 0, 1, 1, 1, 1, 0, 1, 1, 1, 1)",8.0,12.0,10.0,14.0,13.763666666666667,21.037333333333333,16.534333333333333,20.785,0.0,0.5178040487842974,0.4603344458805393,1.1151120791788218,22.0,2.0,1.0,3.0,0.18124196531724157,0.06621490981277701,0.041941014014699386,0.02934239478190362,4.0,2.0,6.0,7.273666666666665,2.7706666666666653,7.021333333333333,0.5178040487842974,0.4603344458805393,1.1151120791788218,9.365614251670989,3.2028005299894007,8.187761220160846
7,1,0.2857142857142857,1.3862943611198906,-1.8776124859714587,"(1, 0, 0, 0, 0, 0, 1, 1, 0, 0, 1, 0, 0, 1, 0, 1, 1, 1, 0, 0, 0, 0, 0, 0, 0)",6.0,10.0,10.0,12.0,9.383,15.934666666666667,17.589,18.895666666666667,0.0,1.9507395135205339,1.8857146063486714,1.8776124859714587,2.0,17.0,3.0,3.0,0.17760156385483342,0.05704461456624689,0.052547646065196345,0.04025036584383979,4.0,4.0,6.0,6.551666666666668,8.206,9.512666666666668,1.9507395135205339,1.8857146063486714,1.8776124859714587,6.378239368329876,8.761776001887245,10.584432557542614
7,2,0.5714285714285714,1.3862943611198906,-1.302223309753308,"(0, 0, 0, 0, 1, 0, 0, 0, 0, 0, 1, 0, 0, 0, 0, 0, 0, 1, 1, 0, 0, 0, 0, 0, 0)",4.0,9.0,8.0,13.0,9.548333333333334,15.201333333333332,13.218,18.630666666666666,0.0,1.302223309753308,1.4035922340925302,2.7062237305188357,2.0,15.0,1.0,16.0,0.161876365870948,0.07833860380854046,0.07034061780002668,0.05621057701882564,5.0,4.0,9.0,5.652999999999999,3.669666666666666,9.082333333333333,1.302223309753308,1.4035922340925302,2.7062237305188357,6.031457192180848,3.1414462077554806,8.83916478826412
7,3,0.8571428571428571,1.3862943611198906,1.8606919931304577,"(0, 1, 1, 1, 1, 0, 1, 1, 1, 1, 0, 0, 1, 1, 1, 0, 0, 0, 1, 0, 0, 1, 0, 0, 1)",9.0,11.0,11.0,14.0,21.497,15.919666666666666,17.180666666666667,21.167666666666666,0.0,1.8606919931304577,1.6487121820445472,2.397534484474135,2.0,11.0,4.0,6.0,0.10635573064872052,0.0530667144358185,0.047509030954100355,0.022811415606235442,2.0,2.0,5.0,-5.577333333333334,-4.316333333333333,-0.32933333333333437,1.8606919931304577,1.6487121820445472,2.397534484474135,-10.311292567943688,-8.269308961791847,-3.7802414793457957
7,4,1.1428571428571428,1.3862943611198906,0.3731365305660976,"(0, 0, 0, 1, 0, 0, 1, 0, 1, 0, 1, 0, 0, 1, 0, 1, 1, 1, 1, 1, 0, 0, 1, 1, 0)",7.0,12.0,12.0,13.0,19.437,17.854666666666667,20.694333333333333,20.654,0.0,0.3731365305660976,0.20478648367876645,0.9989560149876529,3.0,5.0,1.0,2.0,0.10081795520684896,0.04436884603698964,0.04846692179269208,0.048858732020909755,5.0,5.0,6.0,-1.5823333333333345,1.2573333333333316,1.2169999999999987,0.3731365305660976,0.20478648367876645,0.9989560149876529,-2.710856845663663,1.4591397624906288,0.30227314689872503
7,5,1.4285714285714284,1.3862943611198906,-0.7735368502342204,"(0, 0, 1, 1, 1, 0, 1, 0, 1, 0, 0, 0, 1, 0, 0, 0, 1, 0, 1, 0, 0, 0, 1, 0, 1)",7.0,11.0,12.0,13.0,14.782666666666668,16.985666666666667,18.418,19.862,0.0,0.7735368502342204,1.0265278695032611,2.048211410377941,1.0,12.0,18.0,3.0,0.08418807133463631,0.0896976570034767,0.12503584211522406,0.06641825138466027,4.0,5.0,6.0,2.2029999999999994,3.6353333333333318,5.079333333333331,0.7735368502342204,1.0265278695032611,2.048211410377941,1.9816567039489772,3.6165723037663877,4.202027229659936
7,6,1.7142857142857142,1.3862943611198906,-1.5573553836467444,"(1, 1, 0, 0, 0, 1, 1, 1, 0, 1, 1, 1, 0, 0, 0, 1, 0, 0, 0, 1, 0, 0, 1, 0, 1)",7.0,12.0,11.0,14.0,14.272666666666666,17.441333333333333,18.97833333333333,18.921333333333333,0.0,1.7310965752717644,1.5573553836467444,2.0693832059263775,1.0,11.0,2.0,4.0,0.12426936549656582,0.06745185277405578,0.045918364569607434,0.04267654137469677,5.0,4.0,7.0,3.1686666666666667,4.705666666666666,4.648666666666667,1.7310965752717644,1.5573553836467444,2.0693832059263775,1.992895311415359,4.364486178700645,3.57564611735406
7,7,2.0,1.3862943611198906,-0.8873824238235202,"(0, 0, 0, 1, 0, 0, 0, 0, 0, 0, 0, 1, 1, 0, 0, 1, 0, 1, 0, 1, 1, 0, 1, 1, 1)",5.0,9.0,7.0,13.0,11.168666666666667,16.445,15.757333333333333,19.673,0.0,1.5628004398318107,0.8873824238235202,2.030682488345113,2.0,5.0,1.0,12.0,0.1347060860051257,0.052126022269989754,0.07025553171576952,0.02200072058460252,4.0,2.0,8.0,5.2763333333333335,4.588666666666667,8.504333333333332,1.5628004398318107,0.8873824238235202,2.030682488345113,5.1480497100943925,5.131069474755358,8.974385662266183
8,0,0.0,1.3862943611198906,-0.4603344458805393,"(0, 0, 0, 0, 0, 1, 0, 0, 1, 1, 1, 1, 1, 1, 1, 0, 1, 1, 1, 1, 0, 1, 1, 1, 1)",8.0,12.0,10.0,14.0,13.763666666666667,21.037333333333333,16.534333333333333,20.785,0.0,0.5178040487842974,0.4603344458805393,1.1151120791788218,22.0,2.0,1.0,3.0,0.18124196531724157,0.06621490981277701,0.041941014014699386,0.02934239478190362,4.0,2.0,6.0,7.273666666666665,2.7706666666666653,7.021333333333333,0.5178040487842974,0.4603344458805393,1.1151120791788218,9.365614251670989,3.2028005299894007,8.187761220160846
8,1,0.2857142857142857,1.3862943611198906,-1.8776124859714587,"(1, 0, 0, 0, 0, 0, 1, 1, 0, 0, 1, 0, 0, 1, 0, 1, 1, 1, 0, 0, 0, 0, 0, 0, 0)",6.0,10.0,10.0,12.0,9.383,15.934666666666667,17.589,18.895666666666667,0.0,1.9507395135205339,1.8857146063486714,1.8776124859714587,2.0,17.0,3.0,3.0,0.17760156385483342,0.05704461456624689,0.052547646065196345,0.04025036584383979,4.0,4.0,6.0,6.551666666666668,8.206,9.512666666666668,1.9507395135205339,1.8857146063486714,1.8776124859714587,6.378239368329876,8.761776001887245,10.584432557542614
8,2,0.5714285714285714,1.3862943611198906,-1.2937669141504786,"(0, 0, 0, 0, 1, 1, 1, 0, 0, 0, 1, 0, 0, 0, 0, 0, 0, 1, 1, 0, 0, 0, 0, 0, 0)",5.0,9.0,10.0,12.0,7.315,16.066333333333333,15.879666666666667,18.846,0.0,1.2937669141504786,2.073611403727794,2.7669896333479254,6.0,5.0,5.0,4.0,0.19980945740616615,0.04135439006686262,0.039588015783741694,0.03055230177073247,4.0,5.0,7.0,8.751333333333331,8.564666666666668,11.530999999999999,1.2937669141504786,2.073611403727794,2.7669896333479254,10.338382274590243,8.998513308729748,12.149498152086034
8,3,0.8571428571428571,1.3862943611198906,1.8606919931304577,"(0, 1, 1, 1, 1, 0, 1, 1, 1, 1, 0, 0, 1, 1, 1, 0, 0, 0, 1, 0, 0, 1, 0, 0, 1)",9.0,11.0,11.0,14.0,21.497,15.919666666666666,17.180666666666667,21.167666666666666,0.0,1.8606919931304577,1.6487121820445472,2.397534484474135,2.0,11.0,4.0,6.0,0.10635573064872052,0.0530667144358185,0.047509030954100355,0.022811415606235442,2.0,2.0,5.0,-5.577333333333334,-4.316333333333333,-0.32933333333333437,1.8606919931304577,1.6487121820445472,2.397534484474135,-10.311292567943688,-8.269308961791847,-3.7802414793457957
8,4,1.1428571428571428,1.3862943611198906,0.3731365305660976,"(0, 0, 0, 1, 0, 0, 1, 0, 1, 0, 1, 0, 0, 1, 0, 1, 1, 1, 1, 1, 0, 0, 1, 1, 0)",7.0,12.0,12.0,13.0,19.437,17.854666666666667,20.694333333333333,20.654,0.0,0.3731365305660976,0.20478648367876645,0.9989560149876529,3.0,5.0,1.0,2.0,0.10081795520684896,0.04436884603698964,0.04846692179269208,0.048858732020909755,5.0,5.0,6.0,-1.5823333333333345,1.2573333333333316,1.2169999999999987,0.3731365305660976,0.20478648367876645,0.9989560149876529,-2.710856845663663,1.4591397624906288,0.30227314689872503
8,5,1.4285714285714284,1.3862943611198906,-0.7735368502342204,"(0, 0, 1, 1, 1, 0, 1, 0, 1, 0, 0, 0, 1, 0, 0, 0, 1, 0, 1, 0, 0, 0, 1, 0, 1)",7.0,11.0,12.0,13.0,14.782666666666668,16.985666666666667,18.418,19.862,0.0,0.7735368502342204,1.0265278695032611,2.048211410377941,1.0,12.0,18.0,3.0,0.08418807133463631,0.0896976570034767,0.12503584211522406,0.06641825138466027,4.0,5.0,6.0,2.2029999999999994,3.6353333333333318,5.079333333333331,0.7735368502342204,1.0265278695032611,2.048211410377941,1.9816567039489772,3.6165723037663877,4.202027229659936
8,6,1.7142857142857142,1.3862943611198906,-0.7410128441952778,"(1, 1, 0, 0, 0, 1, 1, 1, 0, 1, 1, 1, 1, 0, 0, 1, 0, 1, 0, 1, 0, 0, 1, 0, 1)",7.0,10.0,10.0,15.0,15.369,16.966,18.954,22.177666666666667,0.0,1.0278602524170033,0.7410128441952778,1.5811226303046106,2.0,2.0,2.0,2.0,0.12094673313047326,0.06929398836945694,0.038164239546912115,0.03947538257200404,3.0,3.0,8.0,1.5970000000000013,3.585000000000001,6.808666666666667,1.0278602524170033,0.7410128441952778,1.5811226303046106,0.788995222763508,3.9426033571894834,7.246914820114631
8,7,2.0,1.3862943611198906,-0.8873824238235202,"(0, 0, 0, 1, 0, 0, 0, 0, 0, 0, 0, 1, 1, 0, 0, 1, 0, 1, 0, 1, 1, 0, 1, 1, 1)",5.0,9.0,7.0,13.0,11.168666666666667,16.445,15.757333333333333,19.673,0.0,1.5628004398318107,0.8873824238235202,2.030682488345113,2.0,5.0,1.0,12.0,0.1347060860051257,0.052126022269989754,0.07025553171576952,0.02200072058460252,4.0,2.0,8.0,5.2763333333333335,4.588666666666667,8.504333333333332,1.5628004398318107,0.8873824238235202,2.030682488345113,5.1480497100943925,5.131069474755358,8.974385662266183
9,0,0.0,1.3862943611198906,-0.4603344458805393,"(0, 0, 0, 0, 0, 1, 0, 0, 1, 1, 1, 1, 1, 1, 1, 0, 1, 1, 1, 1, 0, 1, 1, 1, 1)",8.0,12.0,10.0,14.0,13.763666666666667,21.037333333333333,16.534333333333333,20.785,0.0,0.5178040487842974,0.4603344458805393,1.1151120791788218,22.0,2.0,1.0,3.0,0.18124196531724157,0.06621490981277701,0.041941014014699386,0.02934239478190362,4.0,2.0,6.0,7.273666666666665,2.7706666666666653,7.021333333333333,0.5178040487842974,0.4603344458805393,1.1151120791788218,9.365614251670989,3.2028005299894007,8.187761220160846
9,1,0.2857142857142857,1.3862943611198906,-1.8776124859714587,"(1, 0, 0, 0, 0, 0, 1, 1, 0, 0, 1, 0, 0, 1, 0, 1, 1, 1, 0, 0, 0, 0, 0, 0, 0)",6.0,10.0,10.0,12.0,9.383,15.934666666666667,17.589,18.895666666666667,0.0,1.9507395135205339,1.8857146063486714,1.8776124859714587,2.0,17.0,3.0,3.0,0.17760156385483342,0.05704461456624689,0.052547646065196345,0.04025036584383979,4.0,4.0,6.0,6.551666666666668,8.206,9.512666666666668,1.9507395135205339,1.8857146063486714,1.8776124859714587,6.378239368329876,8.761776001887245,10.584432557542614
9,2,0.5714285714285714,1.3862943611198906,-1.2937669141504786,"(0, 0, 0, 0, 1, 1, 1, 0, 0, 0, 1, 0, 0, 0, 0, 0, 0, 1, 1, 0, 0, 0, 0, 0, 0)",5.0,9.0,10.0,12.0,7.315,16.066333333333333,15.879666666666667,18.846,0.0,1.2937669141504786,2.073611403727794,2.7669896333479254,6.0,5.0,5.0,4.0,0.19980945740616615,0.04135439006686262,0.039588015783741694,0.03055230177073247,4.0,5.0,7.0,8.751333333333331,8.564666666666668,11.530999999999999,1.2937669141504786,2.073611403727794,2.7669896333479254,10.338382274590243,8.998513308729748,12.149498152086034
9,3,0.8571428571428571,1.3862943611198906,1.8606919931304577,"(0, 1, 1, 1, 1, 0, 1, 1, 1, 1, 0, 0, 1, 1, 1, 0, 0, 0, 1, 0, 0, 1, 0, 0, 1)",9.0,11.0,11.0,14.0,21.497,15.919666666666666,17.180666666666667,21.167666666666666,0.0,1.8606919931304577,1.6487121820445472,2.397534484474135,2.0,11.0,4.0,6.0,0.10635573064872052,0.0530667144358185,0.047509030954100355,0.022811415606235442,2.0,2.0,5.0,-5.577333333333334,-4.316333333333333,-0.32933333333333437,1.8606919931304577,1.6487121820445472,2.397534484474135,-10.311292567943688,-8.269308961791847,-3.7802414793457957
9,4,1.1428571428571428,1.3862943611198906,0.3731365305660976,"(0, 0, 0, 1, 0, 0, 1, 0, 1, 0, 1, 0, 0, 1, 0, 1, 1, 1, 1, 1, 0, 0, 1, 1, 0)",7.0,12.0,12.0,13.0,19.437,17.854666666666667,20.694333333333333,20.654,0.0,0.3731365305660976,0.20478648367876645,0.9989560149876529,3.0,5.0,1.0,2.0,0.10081795520684896,0.04436884603698964,0.04846692179269208,0.048858732020909755,5.0,5.0,6.0,-1.5823333333333345,1.2573333333333316,1.2169999999999987,0.3731365305660976,0.20478648367876645,0.9989560149876529,-2.710856845663663,1.4591397624906288,0.30227314689872503
9,5,1.4285714285714284,1.3862943611198906,-1.022245760254469,"(0, 0, 1, 1, 1, 0, 1, 0, 1, 0, 0, 0, 1, 0, 0, 0, 1, 0, 1, 0, 0, 0, 1, 1, 0)",7.0,12.0,11.0,13.0,14.336333333333334,18.004,18.512333333333334,19.819666666666667,0.0,1.022245760254469,1.39079981779353,1.349511350738175,3.0,9.0,1.0,3.0,0.06636936477309123,0.10354494267537076,0.06531443711821272,0.04667527693739304,5.0,4.0,6.0,3.6676666666666673,4.176,5.4833333333333325,1.022245760254469,1.39079981779353,1.349511350738175,3.6673320853479003,3.8611073071829214,5.730694104345114
9,6,1.7142857142857142,1.3862943611198906,-1.2540495807043928,"(0, 1, 0, 0, 0, 1, 1, 1, 0, 1, 1, 1, 1, 0, 0, 1, 0, 1, 0, 1, 1, 0, 1, 0, 1)",7.0,13.0,11.0,15.0,15.741666666666667,20.666,20.981,20.911,0.0,1.2540495807043928,1.3920705876245565,1.9597196203264533,2.0,4.0,4.0,2.0,0.15919791518092022,0.07397995308457496,0.046360726712992115,0.03193789081914089,6.0,4.0,8.0,4.924333333333333,5.2393333333333345,5.169333333333334,1.2540495807043928,1.3920705876245565,1.9597196203264533,5.088093669979451,5.333438650122706,4.449469391714514
9,7,2.0,1.3862943611198906,-0.8873824238235202,"(0, 0, 0, 1, 0, 0, 0, 0, 0, 0, 0, 1, 1, 0, 0, 1, 0, 1, 0, 1, 1, 0, 1, 1, 1)",5.0,9.0,7.0,13.0,11.168666666666667,16.445,15.757333333333333,19.673,0.0,1.5628004398318107,0.8873824238235202,2.030682488345113,2.0,5.0,1.0,12.0,0.1347060860051257,0.052126022269989754,0.07025553171576952,0.02200072058460252,4.0,2.0,8.0,5.2763333333333335,4.588666666666667,8.504333333333332,1.5628004398318107,0.8873824238235202,2.030682488345113,5.1480497100943925,5.131069474755358,8.974385662266183
10,0,0.0,1.3862943611198906,-1.8776124859714587,"(1, 0, 0, 0, 0, 0, 1, 1, 0, 0, 1, 0, 0, 1, 0, 1, 1, 1, 0, 0, 0, 0, 0, 0, 0)",6.0,10.0,10.0,12.0,9.383,15.934666666666667,17.589,18.895666666666667,0.0,1.9507395135205339,1.8857146063486714,1.8776124859714587,2.0,17.0,3.0,3.0,0.17760156385483342,0.05704461456624689,0.052547646065196345,0.04025036584383979,4.0,4.0,6.0,6.551666666666668,8.206,9.512666666666668,1.9507395135205339,1.8857146063486714,1.8776124859714587,6.378239368329876,8.761776001887245,10.584432557542614
10,1,0.2857142857142857,1.3862943611198906,-1.2937669141504786,"(0, 0, 0, 0, 1, 1, 1, 0, 0, 0, 1, 0, 0, 0, 0, 0, 0, 1, 1, 0, 0, 0, 0, 0, 0)",5.0,9.0,10.0,12.0,7.315,16.066333333333333,15.879666666666667,18.846,0.0,1.2937669141504786,2.073611403727794,2.7669896333479254,6.0,5.0,5.0,4.0,0.19980945740616615,0.04135439006686262,0.039588015783741694,0.03055230177073247,4.0,5.0,7.0,8.751333333333331,8.564666666666668,11.530999999999999,1.2937669141504786,2.073611403727794,2.7669896333479254,10.338382274590243,8.998513308729748,12.149498152086034
10,2,0.5714285714285714,1.3862943611198906,1.8606919931304577,"(0, 1, 1, 1, 1, 0, 1, 1, 1, 1, 0, 0, 1, 1, 1, 0, 0, 0, 1, 0, 0, 1, 0, 0, 1)",9.0,11.0,11.0,14.0,21.497,15.919666666666666,17.180666666666667,21.167666666666666,0.0,1.8606919931304577,1.6487121820445472,2.397534484474135,2.0,11.0,4.0,6.0,0.10635573064872052,0.0530667144358185,0.047509030954100355,0.022811415606235442,2.0,2.0,5.0,-5.577333333333334,-4.316333333333333,-0.32933333333333437,1.8606919931304577,1.6487121820445472,2.397534484474135,-10.311292567943688,-8.269308961791847,-3.7802414793457957
10,3,0.8571428571428571,1.3862943611198906,-0.4603344458805393,"(0, 0, 0, 0, 0, 1, 0, 0, 1, 1, 1, 1, 1, 1, 1, 0, 1, 1, 1, 1, 0, 1, 1, 1, 1)",8.0,12.0,10.0,14.0,13.763666666666667,21.037333333333333,16.534333333333333,20.785,0.0,0.5178040487842974,0.4603344458805393,1.1151120791788218,22.0,2.0,1.0,3.0,0.18124196531724157,0.06621490981277701,0.041941014014699386,0.02934239478190362,4.0,2.0,6.0,7.273666666666665,2.7706666666666653,7.021333333333333,0.5178040487842974,0.4603344458805393,1.1151120791788218,9.365614251670989,3.2028005299894007,8.187761220160846
10,4,1.1428571428571428,1.3862943611198906,-1.022245760254469,"(0, 0, 1, 1, 1, 0, 1, 0, 1, 0, 0, 0, 1, 0, 0, 0, 1, 0, 1, 0, 0, 0, 1, 1, 0)",7.0,12.0,11.0,13.0,14.336333333333334,18.004,18.512333333333334,19.819666666666667,0.0,1.022245760254469,1.39079981779353,1.349511350738175,3.0,9.0,1.0,3.0,0.06636936477309123,0.10354494267537076,0.06531443711821272,0.04667527693739304,5.0,4.0,6.0,3.6676666666666673,4.176,5.4833333333333325,1.022245760254469,1.39079981779353,1.349511350738175,3.6673320853479003,3.8611073071829214,5.730694104345114
10,5,1.4285714285714284,1.3862943611198906,-0.593287776747276,"(0, 1, 0, 0, 0, 1, 1, 1, 0, 1, 0, 0, 1, 0, 0, 1, 0, 1, 0, 1, 1, 0, 1, 0, 1)",6.0,14.0,10.0,13.0,14.517666666666667,20.882666666666665,19.905666666666665,19.181333333333335,0.0,1.188624188494873,0.593287776747276,1.7700668500899135,2.0,1.0,4.0,23.0,0.09942518100582284,0.06569886752210456,0.022917283621668103,0.038970941590799134,8.0,4.0,7.0,6.364999999999998,5.387999999999998,4.663666666666668,1.188624188494873,0.593287776747276,1.7700668500899135,7.175980598526953,6.646882518287862,4.011381109057904
10,6,1.7142857142857142,1.3862943611198906,-0.8873824238235202,"(0, 0, 0, 1, 0, 0, 0, 0, 0, 0, 0, 1, 1, 0, 0, 1, 0, 1, 0, 1, 1, 0, 1, 1, 1)",5.0,9.0,7.0,13.0,11.168666666666667,16.445,15.757333333333333,19.673,0.0,1.5628004398318107,0.8873824238235202,2.030682488345113,2.0,5.0,1.0,12.0,0.1347060860051257,0.052126022269989754,0.07025553171576952,0.02200072058460252,4.0,2.0,8.0,5.2763333333333335,4.588666666666667,8.504333333333332,1.5628004398318107,0.8873824238235202,2.030682488345113,5.1480497100943925,5.131069474755358,8.974385662266183
10,7,2.0,1.3862943611198906,0.3731365305660976,"(0, 0, 0, 1, 0, 0, 1, 0, 1, 0, 1, 0, 0, 1, 0, 1, 1, 1, 1, 1, 0, 0, 1, 1, 0)",7.0,12.0,12.0,13.0,19.437,17.854666666666667,20.694333333333333,20.654,0.0,0.3731365305660976,0.20478648367876645,0.9989560149876529,3.0,5.0,1.0,2.0,0.10081795520684896,0.04436884603698964,0.04846692179269208,0.048858732020909755,5.0,5.0,6.0,-1.5823333333333345,1.2573333333333316,1.2169999999999987,0.3731365305660976,0.20478648367876645,0.9989560149876529,-2.710856845663663,1.4591397624906288,0.30227314689872503
11,0,0.0,1.3862943611198906,0.120000000000001,"(1, 0, 0, 0, 0, 0, 1, 1, 0, 0, 1, 1, 0, 1, 0, 1, 0, 1, 0, 0, 0, 0, 0, 0, 0)",8.0,13.0,11.0,13.0,17.598666666666666,17.478666666666665,20.125333333333334,20.317333333333334,0.0,1.504745512642246,2.0839007885414387,2.221644536589378,5.0,19.0,5.0,2.0,0.13793354596347618,0.07247266767730434,0.04367501710139187,0.031773364484292944,5.0,3.0,5.0,-0.120000000000001,2.5266666666666673,2.7186666666666675,1.504745512642246,2.0839007885414387,2.221644536589378,-2.252375542430793,0.6138038401413011,0.6890189762779428
11,1,0.2857142857142857,1.3862943611198906,-1.2937669141504786,"(0, 0, 0, 0, 1, 1, 1, 0, 0, 0, 1, 0, 0, 0, 0, 0, 0, 1, 1, 0, 0, 0, 0, 0, 0)",5.0,9.0,10.0,12.0,7.315,16.066333333333333,15.879666666666667,18.846,0.0,1.2937669141504786,2.073611403727794,2.7669896333479254,6.0,5.0,5.0,4.0,0.19980945740616615,0.04135439006686262,0.039588015783741694,0.03055230177073247,4.0,5.0,7.0,8.751333333333331,8.564666666666668,11.530999999999999,1.2937669141504786,2.073611403727794,2.7669896333479254,10.338382274590243,8.998513308729748,12.149498152086034
11,2,0.5714285714285714,1.3862943611198906,1.8606919931304577,"(0, 1, 1, 1, 1, 0, 1, 1, 1, 1, 0, 0, 1, 1, 1, 0, 0, 0, 1, 0, 0, 1, 0, 0, 1)",9.0,11.0,11.0,14.0,21.497,15.919666666666666,17.180666666666667,21.167666666666666,0.0,1.8606919931304577,1.6487121820445472,2.397534484474135,2.0,11.0,4.0,6.0,0.10635573064872052,0.0530667144358185,0.047509030954100355,0.022811415606235442,2.0,2.0,5.0,-5.577333333333334,-4.316333333333333,-0.32933333333333437,1.8606919931304577,1.6487121820445472,2.397534484474135,-10.311292567943688,-8.269308961791847,-3.7802414793457957
11,3,0.8571428571428571,1.3862943611198906,-0.4603344458805393,"(0, 0, 0, 0, 0, 1, 0, 0, 1, 1, 1, 1, 1, 1, 1, 0, 1, 1, 1, 1, 0, 1, 1, 1, 1)",8.0,12.0,10.0,14.0,13.763666666666667,21.037333333333333,16.534333333333333,20.785,0.0,0.5178040487842974,0.4603344458805393,1.1151120791788218,22.0,2.0,1.0,3.0,0.18124196531724157,0.06621490981277701,0.041941014014699386,0.02934239478190362,4.0,2.0,6.0,7.273666666666665,2.7706666666666653,7.021333333333333,0.5178040487842974,0.4603344458805393,1.1151120791788218,9.365614251670989,3.2028005299894007,8.187761220160846
11,4,1.1428571428571428,1.3862943611198906,-1.022245760254469,"(0, 0, 1, 1, 1, 0, 1, 0, 1, 0, 0, 0, 1, 0, 0, 0, 1, 0, 1, 0, 0, 0, 1, 1, 0)",7.0,12.0,11.0,13.0,14.336333333333334,18.004,18.512333333333334,19.819666666666667,0.0,1.022245760254469,1.39079981779353,1.349511350738175,3.0,9.0,1.0,3.0,0.06636936477309123,0.10354494267537076,0.06531443711821272,0.04667527693739304,5.0,4.0,6.0,3.6676666666666673,4.176,5.4833333333333325,1.022245760254469,1.39079981779353,1.349511350738175,3.6673320853479003,3.8611073071829214,5.730694104345114
11,5,1.4285714285714284,1.3862943611198906,-0.593287776747276,"(0, 1, 0, 0, 0, 1, 1, 1, 0, 1, 0, 0, 1, 0, 0, 1, 0, 1, 0, 1, 1, 0, 1, 0, 1)",6.0,14.0,10.0,13.0,14.517666666666667,20.882666666666665,19.905666666666665,19.181333333333335,0.0,1.188624188494873,0.593287776747276,1.7700668500899135,2.0,1.0,4.0,23.0,0.09942518100582284,0.06569886752210456,0.022917283621668103,0.038970941590799134,8.0,4.0,7.0,6.364999999999998,5.387999999999998,4.663666666666668,1.188624188494873,0.593287776747276,1.7700668500899135,7.175980598526953,6.646882518287862,4.011381109057904
11,6,1.7142857142857142,1.3862943611198906,-0.8328009341720951,"(0, 0, 1, 0, 0, 0, 0, 0, 0, 0, 0, 1, 1, 0, 0, 1, 0, 1, 0, 1, 1, 0, 1, 1, 1)",6.0,12.0,9.0,12.0,15.987666666666666,19.11,17.461333333333332,18.957333333333334,0.0,0.8328009341720951,1.1788662165196568,1.3546098333329608,1.0,1.0,2.0,1.0,0.14466935818928567,0.03109502654285258,0.0433929045604912,0.04596113659884416,6.0,3.0,6.0,3.1223333333333336,1.4736666666666665,2.9696666666666687,0.8328009341720951,1.1788662165196568,1.3546098333329608,3.1739658545585194,0.40868020169440483,2.2389441809386663
11,7,2.0,1.3862943611198906,0.3731365305660976,"(0, 0, 0, 1, 0, 0, 1, 0, 1, 0, 1, 0, 0, 1, 0, 1, 1, 1, 1, 1, 0, 0, 1, 1, 0)",7.0,12.0,12.0,13.0,19.437,17.854666666666667,20.694333333333333,20.654,0.0,0.3731365305660976,0.20478648367876645,0.9989560149876529,3.0,5.0,1.0,2.0,0.10081795520684896,0.04436884603698964,0.04846692179269208,0.048858732020909755,5.0,5.0,6.0,-1.5823333333333345,1.2573333333333316,1.2169999999999987,0.3731365305660976,0.20478648367876645,0.9989560149876529,-2.710856845663663,1.4591397624906288,0.30227314689872503
12,0,0.0,1.3862943611198906,0.120000000000001,"(1, 0, 0, 0, 0, 0, 1, 1, 0, 0, 1, 1, 0, 1, 0, 1, 0, 1, 0, 0, 0, 0, 0, 0, 0)",8.0,13.0,11.0,13.0,17.598666666666666,17.478666666666665,20.125333333333334,20.317333333333334,0.0,1.504745512642246,2.0839007885414387,2.221644536589378,5.0,19.0,5.0,2.0,0.13793354596347618,0.07247266767730434,0.04367501710139187,0.031773364484292944,5.0,3.0,5.0,-0.120000000000001,2.5266666666666673,2.7186666666666675,1.504745512642246,2.0839007885414387,2.221644536589378,-2.252375542430793,0.6138038401413011,0.6890189762779428
12,1,0.2857142857142857,1.3862943611198906,-1.2937669141504786,"(0, 0, 0, 0, 1, 1, 1, 0, 0, 0, 1, 0, 0, 0, 0, 0, 0, 1, 1, 0, 0, 0, 0, 0, 0)",5.0,9.0,10.0,12.0,7.315,16.066333333333333,15.879666666666667,18.846,0.0,1.2937669141504786,2.073611403727794,2.7669896333479254,6.0,5.0,5.0,4.0,0.19980945740616615,0.04135439006686262,0.039588015783741694,0.03055230177073247,4.0,5.0,7.0,8.751333333333331,8.564666666666668,11.530999999999999,1.2937669141504786,2.073611403727794,2.7669896333479254,10.338382274590243,8.998513308729748,12.149498152086034
12,2,0.5714285714285714,1.3862943611198906,1.8606919931304577,"(0, 1, 1, 1, 1, 0, 1, 1, 1, 1, 0, 0, 1, 1, 1, 0, 0, 0, 1, 0, 0, 1, 0, 0, 1)",9.0,11.0,11.0,14.0,21.497,15.919666666666666,17.180666666666667,21.167666666666666,0.0,1.8606919931304577,1.6487121820445472,2.397534484474135,2.0,11.0,4.0,6.0,0.10635573064872052,0.0530667144358185,0.047509030954100355,0.022811415606235442,2.0,2.0,5.0,-5.577333333333334,-4.316333333333333,-0.32933333333333437,1.8606919931304577,1.6487121820445472,2.397534484474135,-10.311292567943688,-8.269308961791847,-3.7802414793457957
12,3,0.8571428571428571,1.3862943611198906,-0.4603344458805393,"(0, 0, 0, 0, 0, 1, 0, 0, 1, 1, 1, 1, 1, 1, 1, 0, 1, 1, 1, 1, 0, 1, 1, 1, 1)",8.0,12.0,10.0,14.0,13.763666666666667,21.037333333333333,16.534333333333333,20.785,0.0,0.5178040487842974,0.4603344458805393,1.1151120791788218,22.0,2.0,1.0,3.0,0.18124196531724157,0.06621490981277701,0.041941014014699386,0.02934239478190362,4.0,2.0,6.0,7.273666666666665,2.7706666666666653,7.021333333333333,0.5178040487842974,0.4603344458805393,1.1151120791788218,9.365614251670989,3.2028005299894007,8.187761220160846
12,4,1.1428571428571428,1.3862943611198906,-0.6937633113871101,"(0, 0, 1, 1, 1, 0, 1, 0, 1, 0, 0, 0, 0, 0, 0, 0, 1, 1, 1, 0, 0, 0, 1, 1, 0)",8.0,10.0,10.0,14.0,14.486333333333333,16.202666666666666,17.228,20.533333333333335,0.0,1.1433385726982903,0.6937633113871101,1.510637263677005,21.0,1.0,3.0,7.0,0.05944273676672087,0.09725446762428994,0.05476647711470831,0.04787265304275315,2.0,2.0,6.0,1.716333333333333,2.741666666666669,6.047000000000002,1.1433385726982903,0.6937633113871101,1.510637263677005,0.7943394056196011,2.8389968735425564,6.288734081358968
12,5,1.4285714285714284,1.3862943611198906,-0.593287776747276,"(0, 1, 0, 0, 0, 1, 1, 1, 0, 1, 0, 0, 1, 0, 0, 1, 0, 1, 0, 1, 1, 0, 1, 0, 1)",6.0,14.0,10.0,13.0,14.517666666666667,20.882666666666665,19.905666666666665,19.181333333333335,0.0,1.188624188494873,0.593287776747276,1.7700668500899135,2.0,1.0,4.0,23.0,0.09942518100582284,0.06569886752210456,0.022917283621668103,0.038970941590799134,8.0,4.0,7.0,6.364999999999998,5.387999999999998,4.663666666666668,1.188624188494873,0.593287776747276,1.7700668500899135,7.175980598526953,6.646882518287862,4.011381109057904
12,6,1.7142857142857142,1.3862943611198906,-1.1123333333333338,"(0, 0, 1, 1, 1, 0, 0, 0, 0, 0, 0, 1, 1, 0, 0, 1, 0, 1, 0, 1, 1, 0, 1, 1, 1)",7.0,9.0,11.0,14.0,14.579333333333333,15.691666666666666,18.444666666666667,21.2,0.0,1.3356021973149392,1.1840340138324996,2.198501122394017,9.0,1.0,3.0,5.0,0.14675379196485905,0.08790978083135843,0.02557287486270413,0.08416284483144397,2.0,4.0,7.0,1.1123333333333338,3.865333333333334,6.620666666666667,1.3356021973149392,1.1840340138324996,2.198501122394017,-0.3095163671513434,3.7170701270986064,6.130423157963846
12,7,2.0,1.3862943611198906,0.3731365305660976,"(0, 0, 0, 1, 0, 0, 1, 0, 1, 0, 1, 0, 0, 1, 0, 1, 1, 1, 1, 1, 0, 0, 1, 1, 0)",7.0,12.0,12.0,13.0,19.437,17.854666666666667,20.694333333333333,20.654,0.0,0.3731365305660976,0.20478648367876645,0.9989560149876529,3.0,5.0,1.0,2.0,0.10081795520684896,0.04436884603698964,0.04846692179269208,0.048858732020909755,5.0,5.0,6.0,-1.5823333333333345,1.2573333333333316,1.2169999999999987,0.3731365305660976,0.20478648367876645,0.9989560149876529,-2.710856845663663,1.4591397624906288,0.30227314689872503
13,0,0.0,1.3862943611198906,0.120000000000001,"(1, 0, 0, 0, 0, 0, 1, 1, 0, 0, 1, 1, 0, 1, 0, 1, 0, 1, 0, 0, 0, 0, 0, 0, 0)",8.0,13.0,11.0,13.0,17.598666666666666,17.478666666666665,20.125333333333334,20.317333333333334,0.0,1.504745512642246,2.0839007885414387,2.221644536589378,5.0,19.0,5.0,2.0,0.13793354596347618,0.07247266767730434,0.04367501710139187,0.031773364484292944,5.0,3.0,5.0,-0.120000000000001,2.5266666666666673,2.7186666666666675,1.504745512642246,2.0839007885414387,2.221644536589378,-2.252375542430793,0.6138038401413011,0.6890189762779428
13,1,0.2857142857142857,1.3862943611198906,-1.2937669141504786,"(0, 0, 0, 0, 1, 1, 1, 0, 0, 0, 1, 0, 0, 0, 0, 0, 0, 1, 1, 0, 0, 0, 0, 0, 0)",5.0,9.0,10.0,12.0,7.315,16.066333333333333,15.879666666666667,18.846,0.0,1.2937669141504786,2.073611403727794,2.7669896333479254,6.0,5.0,5.0,4.0,0.19980945740616615,0.04135439006686262,0.039588015783741694,0.03055230177073247,4.0,5.0,7.0,8.751333333333331,8.564666666666668,11.530999999999999,1.2937669141504786,2.073611403727794,2.7669896333479254,10.338382274590243,8.998513308729748,12.149498152086034
13,2,0.5714285714285714,1.3862943611198906,1.8606919931304577,"(0, 1, 1, 1, 1, 0, 1, 1, 1, 1, 0, 0, 1, 1, 1, 0, 0, 0, 1, 0, 0, 1, 0, 0, 1)",9.0,11.0,11.0,14.0,21.497,15.919666666666666,17.180666666666667,21.167666666666666,0.0,1.8606919931304577,1.6487121820445472,2.397534484474135,2.0,11.0,4.0,6.0,0.10635573064872052,0.0530667144358185,0.047509030954100355,0.022811415606235442,2.0,2.0,5.0,-5.577333333333334,-4.316333333333333,-0.32933333333333437,1.8606919931304577,1.6487121820445472,2.397534484474135,-10.311292567943688,-8.269308961791847,-3.7802414793457957
13,3,0.8571428571428571,1.3862943611198906,-0.4603344458805393,"(0, 0, 0, 0, 0, 1, 0, 0, 1, 1, 1, 1, 1, 1, 1, 0, 1, 1, 1, 1, 0, 1, 1, 1, 1)",8.0,12.0,10.0,14.0,13.763666666666667,21.037333333333333,16.534333333333333,20.785,0.0,0.5178040487842974,0.4603344458805393,1.1151120791788218,22.0,2.0,1.0,3.0,0.18124196531724157,0.06621490981277701,0.041941014014699386,0.02934239478190362,4.0,2.0,6.0,7.273666666666665,2.7706666666666653,7.021333333333333,0.5178040487842974,0.4603344458805393,1.1151120791788218,9.365614251670989,3.2028005299894007,8.187761220160846
13,4,1.1428571428571428,1.3862943611198906,-0.6937633113871101,"(0, 0, 1, 1, 1, 0, 1, 0, 1, 0, 0, 0, 0, 0, 0, 0, 1, 1, 1, 0, 0, 0, 1, 1, 0)",8.0,10.0,10.0,14.0,14.486333333333333,16.202666666666666,17.228,20.533333333333335,0.0,1.1433385726982903,0.6937633113871101,1.510637263677005,21.0,1.0,3.0,7.0,0.05944273676672087,0.09725446762428994,0.05476647711470831,0.04787265304275315,2.0,2.0,6.0,1.716333333333333,2.741666666666669,6.047000000000002,1.1433385726982903,0.6937633113871101,1.510637263677005,0.7943394056196011,2.8389968735425564,6.288734081358968
13,5,1.4285714285714284,1.3862943611198906,-0.6176326460556094,"(1, 1, 0, 0, 0, 1, 1, 1, 0, 1, 0, 0, 1, 0, 0, 1, 0, 1, 0, 1, 0, 0, 1, 0, 1)",9.0,12.0,14.0,13.0,17.054,17.959333333333333,20.042666666666666,21.675666666666668,0.0,0.6176326460556094,1.0754178506387546,1.548721850431105,3.0,2.0,12.0,1.0,0.057007918009621884,0.05200477373808128,0.05130861364468625,0.0620636196905289,3.0,5.0,4.0,0.9053333333333349,2.988666666666667,4.62166666666667,0.6176326460556094,1.0754178506387546,1.548721850431105,0.39883784046342785,2.652326045078802,4.260006070779961
13,6,1.7142857142857142,1.3862943611198906,-1.1123333333333338,"(0, 0, 1, 1, 1, 0, 0, 0, 0, 0, 0, 1, 1, 0, 0, 1, 0, 1, 0, 1, 1, 0, 1, 1, 1)",7.0,9.0,11.0,14.0,14.579333333333333,15.691666666666666,18.444666666666667,21.2,0.0,1.3356021973149392,1.1840340138324996,2.198501122394017,9.0,1.0,3.0,5.0,0.14675379196485905,0.08790978083135843,0.02557287486270413,0.08416284483144397,2.0,4.0,7.0,1.1123333333333338,3.865333333333334,6.620666666666667,1.3356021973149392,1.1840340138324996,2.198501122394017,-0.3095163671513434,3.7170701270986064,6.130423157963846
13,7,2.0,1.3862943611198906,0.3731365305660976,"(0, 0, 0, 1, 0, 0, 1, 0, 1, 0, 1, 0, 0, 1, 0, 1, 1, 1, 1, 1, 0, 0, 1, 1, 0)",7.0,12.0,12.0,13.0,19.437,17.854666666666667,20.694333333333333,20.654,0.0,0.3731365305660976,0.20478648367876645,0.9989560149876529,3.0,5.0,1.0,2.0,0.10081795520684896,0.04436884603698964,0.04846692179269208,0.048858732020909755,5.0,5.0,6.0,-1.5823333333333345,1.2573333333333316,1.2169999999999987,0.3731365305660976,0.20478648367876645,0.9989560149876529,-2.710856845663663,1.4591397624906288,0.30227314689872503
14,0,0.0,1.3862943611198906,-1.515512398846943,"(0, 0, 0, 0, 0, 1, 1, 1, 0, 0, 1, 1, 0, 1, 0, 1, 0, 1, 0, 0, 0, 0, 0, 0, 0)",6.0,8.0,9.0,12.0,8.393666666666666,14.746,17.663,18.344333333333335,0.0,1.7469080326238726,1.515512398846943,2.4761450763849715,17.0,1.0,3.0,3.0,0.16853166624912233,0.07855863532659818,0.048625711709968975,0.025643580713055267,2.0,3.0,6.0,6.352333333333334,9.269333333333334,9.950666666666669,1.7469080326238726,1.515512398846943,2.4761450763849715,6.384475124932402,10.749078238611844,10.361887132676394
14,1,0.2857142857142857,1.3862943611198906,-2.0432207506779094,"(0, 0, 0, 0, 1, 1, 1, 0, 0, 0, 1, 0, 0, 0, 0, 0, 0, 0, 1, 0, 0, 0, 1, 0, 0)",6.0,10.0,11.0,12.0,13.001,18.43166666666667,18.391,18.221666666666668,0.0,2.1380355833431697,2.0432207506779094,2.597029944674626,11.0,4.0,7.0,9.0,0.12577980187396157,0.05551612099602693,0.052445450608427556,0.029190321672647915,4.0,5.0,6.0,5.430666666666669,5.389999999999999,5.220666666666668,2.1380355833431697,2.0432207506779094,2.597029944674626,4.564555904059444,4.639621201248273,3.637132793324642
14,2,0.5714285714285714,1.3862943611198906,1.8606919931304577,"(0, 1, 1, 1, 1, 0, 1, 1, 1, 1, 0, 0, 1, 1, 1, 0, 0, 0, 1, 0, 0, 1, 0, 0, 1)",9.0,11.0,11.0,14.0,21.497,15.919666666666666,17.180666666666667,21.167666666666666,0.0,1.8606919931304577,1.6487121820445472,2.397534484474135,2.0,11.0,4.0,6.0,0.10635573064872052,0.0530667144358185,0.047509030954100355,0.022811415606235442,2.0,2.0,5.0,-5.577333333333334,-4.316333333333333,-0.32933333333333437,1.8606919931304577,1.6487121820445472,2.397534484474135,-10.311292567943688,-8.269308961791847,-3.7802414793457957
14,3,0.8571428571428571,1.3862943611198906,-0.4603344458805393,"(0, 0, 0, 0, 0, 1, 0, 0, 1, 1, 1, 1, 1, 1, 1, 0, 1, 1, 1, 1, 0, 1, 1, 1, 1)",8.0,12.0,10.0,14.0,13.763666666666667,21.037333333333333,16.534333333333333,20.785,0.0,0.5178040487842974,0.4603344458805393,1.1151120791788218,22.0,2.0,1.0,3.0,0.18124196531724157,0.06621490981277701,0.041941014014699386,0.02934239478190362,4.0,2.0,6.0,7.273666666666665,2.7706666666666653,7.021333333333333,0.5178040487842974,0.4603344458805393,1.1151120791788218,9.365614251670989,3.2028005299894007,8.187761220160846
14,4,1.1428571428571428,1.3862943611198906,-0.6937633113871101,"(0, 0, 1, 1, 1, 0, 1, 0, 1, 0, 0, 0, 0, 0, 0, 0, 1, 1, 1, 0, 0, 0, 1, 1, 0)",8.0,10.0,10.0,14.0,14.486333333333333,16.202666666666666,17.228,20.533333333333335,0.0,1.1433385726982903,0.6937633113871101,1.510637263677005,21.0,1.0,3.0,7.0,0.05944273676672087,0.09725446762428994,0.05476647711470831,0.04787265304275315,2.0,2.0,6.0,1.716333333333333,2.741666666666669,6.047000000000002,1.1433385726982903,0.6937633113871101,1.510637263677005,0.7943394056196011,2.8389968735425564,6.288734081358968
14,5,1.4285714285714284,1.3862943611198906,-1.131424142827999,"(1, 1, 0, 0, 0, 1, 1, 1, 0, 1, 0, 0, 1, 0, 0, 1, 0, 1, 0, 1, 0, 0, 1, 1, 0)",6.0,11.0,14.0,14.0,12.148,19.568666666666665,20.369,20.764666666666667,0.0,1.4619937348723757,1.131424142827999,1.5635552000950865,1.0,2.0,5.0,1.0,0.056407280865098,0.041791359018163485,0.05519471370321042,0.03195094249152764,5.0,8.0,8.0,7.420666666666666,8.221,8.616666666666667,1.4619937348723757,1.131424142827999,1.5635552000950865,8.26047468510415,9.82823903352926,9.777688654458224
14,6,1.7142857142857142,1.3862943611198906,-0.982135643406066,"(0, 0, 1, 0, 1, 0, 0, 0, 0, 0, 0, 1, 1, 0, 0, 1, 0, 1, 0, 1, 1, 0, 1, 0, 1)",6.0,10.0,8.0,13.0,9.931,18.232666666666667,16.115,19.310666666666666,0.0,1.1725277706352042,0.982135643406066,1.7399611575475924,3.0,4.0,1.0,3.0,0.1844774422804276,0.03625239903134236,0.03994609118325349,0.02523638927199335,4.0,2.0,7.0,8.301666666666668,6.183999999999999,9.379666666666667,1.1725277706352042,0.982135643406066,1.7399611575475924,9.8830850512089,7.211315224856718,10.590880667908337
14,7,2.0,1.3862943611198906,0.3731365305660976,"(0, 0, 0, 1, 0, 0, 1, 0, 1, 0, 1, 0, 0, 1, 0, 1, 1, 1, 1, 1, 0, 0, 1, 1, 0)",7.0,12.0,12.0,13.0,19.437,17.854666666666667,20.694333333333333,20.654,0.0,0.3731365305660976,0.20478648367876645,0.9989560149876529,3.0,5.0,1.0,2.0,0.10081795520684896,0.04436884603698964,0.04846692179269208,0.048858732020909755,5.0,5.0,6.0,-1.5823333333333345,1.2573333333333316,1.2169999999999987,0.3731365305660976,0.20478648367876645,0.9989560149876529,-2.710856845663663,1.4591397624906288,0.30227314689872503
15,0,0.0,1.3862943611198906,-1.515512398846943,"(0, 0, 0, 0, 0, 1, 1, 1, 0, 0, 1, 1, 0, 1, 0, 1, 0, 1, 0, 0, 0, 0, 0, 0, 0)",6.0,8.0,9.0,12.0,8.393666666666666,14.746,17.663,18.344333333333335,0.0,1.7469080326238726,1.515512398846943,2.4761450763849715,17.0,1.0,3.0,3.0,0.16853166624912233,0.07855863532659818,0.048625711709968975,0.025643580713055267,2.0,3.0,6.0,6.352333333333334,9.269333333333334,9.950666666666669,1.7469080326238726,1.515512398846943,2.4761450763849715,6.384475124932402,10.749078238611844,10.361887132676394
15,1,0.2857142857142857,1.3862943611198906,-1.4822413341800655,"(0, 0, 0, 0, 1, 1, 1, 0, 0, 0, 1, 0, 0, 0, 0, 0, 0, 0, 0, 1, 0, 0, 1, 0, 0)",6.0,10.0,10.0,12.0,11.354333333333333,16.363333333333333,16.838333333333335,19.294666666666668,0.0,1.5026506678298868,1.4822413341800655,1.9846498139205935,6.0,7.0,1.0,8.0,0.13316400192306718,0.024691766401468043,0.07154831147789703,0.034435712743912814,4.0,4.0,6.0,5.009,5.484000000000002,7.940333333333335,1.5026506678298868,1.4822413341800655,1.9846498139205935,4.860832307303923,5.547615472988835,8.256330479576548
15,2,0.5714285714285714,1.3862943611198906,-0.7996068858586146,"(0, 1, 1, 1, 1, 0, 1, 1, 1, 1, 0, 0, 1, 1, 1, 0, 0, 0, 1, 0, 0, 0, 1, 0, 1)",9.0,12.0,12.0,14.0,13.724,19.203666666666667,19.102333333333334,19.209333333333333,0.0,1.0724527210330277,0.7996068858586146,1.0276446066274965,51.0,3.0,4.0,10.0,0.1497831938526176,0.05786199558759069,0.09769669837525548,0.07473000393957212,3.0,3.0,5.0,5.479666666666667,5.378333333333334,5.485333333333333,1.0724527210330277,0.7996068858586146,1.0276446066274965,6.109695841080859,6.347462655244712,6.179668745460007
15,3,0.8571428571428571,1.3862943611198906,-0.4603344458805393,"(0, 0, 0, 0, 0, 1, 0, 0, 1, 1, 1, 1, 1, 1, 1, 0, 1, 1, 1, 1, 0, 1, 1, 1, 1)",8.0,12.0,10.0,14.0,13.763666666666667,21.037333333333333,16.534333333333333,20.785,0.0,0.5178040487842974,0.4603344458805393,1.1151120791788218,22.0,2.0,1.0,3.0,0.18124196531724157,0.06621490981277701,0.041941014014699386,0.02934239478190362,4.0,2.0,6.0,7.273666666666665,2.7706666666666653,7.021333333333333,0.5178040487842974,0.4603344458805393,1.1151120791788218,9.365614251670989,3.2028005299894007,8.187761220160846
15,4,1.1428571428571428,1.3862943611198906,-0.31400000000000006,"(0, 0, 1, 1, 1, 0, 1, 0, 1, 0, 0, 0, 0, 0, 1, 0, 1, 1, 1, 1, 0, 0, 1, 1, 0)",9.0,11.0,11.0,14.0,17.579333333333334,18.106,17.893333333333334,20.777,0.0,0.7172070893607143,0.9890440103056458,1.8076277256409221,10.0,4.0,2.0,5.0,0.10334250822561963,0.07469055627434333,0.039311115601301225,0.042623997263744724,2.0,2.0,5.0,0.5266666666666673,0.31400000000000006,3.1976666666666667,0.7172070893607143,0.9890440103056458,1.8076277256409221,-0.26414511354615783,-0.935809704994474,1.9270031456810537
15,5,1.4285714285714284,1.3862943611198906,-0.4647628862007833,"(1, 1, 0, 0, 0, 1, 1, 1, 0, 1, 0, 0, 1, 0, 0, 0, 1, 1, 0, 1, 0, 0, 1, 1, 0)",7.0,12.0,11.0,13.0,14.040666666666667,17.005666666666666,18.104666666666667,18.412,0.0,0.4647628862007833,0.7703483732036448,1.3253128125012943,3.0,3.0,1.0,2.0,0.1019273055072081,0.06310827544419553,0.11371071543333515,0.06782918112136471,5.0,4.0,6.0,2.965,4.064,4.371333333333332,0.4647628862007833,0.7703483732036448,1.3253128125012943,3.466064612322524,4.5659706777211415,4.222681071884927
15,6,1.7142857142857142,1.3862943611198906,-1.2314914907948364,"(0, 0, 1, 1, 1, 0, 0, 0, 0, 0, 0, 1, 1, 0, 0, 1, 0, 1, 0, 1, 1, 0, 1, 1, 1)",7.0,11.0,11.0,15.0,15.221666666666666,16.625666666666667,20.872,21.85,0.0,1.4382187865791705,1.2314914907948364,2.0343176602253847,9.0,3.0,2.0,1.0,0.16641582381510603,0.045058756669691793,0.03860571352261574,0.0299470810619961,4.0,4.0,8.0,1.4040000000000017,5.650333333333334,6.628333333333336,1.4382187865791705,1.2314914907948364,2.0343176602253847,-0.047437310879066656,6.1258155289917475,6.36865802252595
15,7,2.0,1.3862943611198906,0.3731365305660976,"(0, 0, 0, 1, 0, 0, 1, 0, 1, 0, 1, 0, 0, 1, 0, 1, 1, 1, 1, 1, 0, 0, 1, 1, 0)",7.0,12.0,12.0,13.0,19.437,17.854666666666667,20.694333333333333,20.654,0.0,0.3731365305660976,0.20478648367876645,0.9989560149876529,3.0,5.0,1.0,2.0,0.10081795520684896,0.04436884603698964,0.04846692179269208,0.048858732020909755,5.0,5.0,6.0,-1.5823333333333345,1.2573333333333316,1.2169999999999987,0.3731365305660976,0.20478648367876645,0.9989560149876529,-2.710856845663663,1.4591397624906288,0.30227314689872503
16,0,0.0,1.3862943611198906,-1.515512398846943,"(0, 0, 0, 0, 0, 1, 1, 1, 0, 0, 1, 1, 0, 1, 0, 1, 0, 1, 0, 0, 0, 0, 0, 0, 0)",6.0,8.0,9.0,12.0,8.393666666666666,14.746,17.663,18.344333333333335,0.0,1.7469080326238726,1.515512398846943,2.4761450763849715,17.0,1.0,3.0,3.0,0.16853166624912233,0.07855863532659818,0.048625711709968975,0.025643580713055267,2.0,3.0,6.0,6.352333333333334,9.269333333333334,9.950666666666669,1.7469080326238726,1.515512398846943,2.4761450763849715,6.384475124932402,10.749078238611844,10.361887132676394
16,1,0.2857142857142857,1.3862943611198906,-1.4822413341800655,"(0, 0, 0, 0, 1, 1, 1, 0, 0, 0, 1, 0, 0, 0, 0, 0, 0, 0, 0, 1, 0, 0, 1, 0, 0)",6.0,10.0,10.0,12.0,11.354333333333333,16.363333333333333,16.838333333333335,19.294666666666668,0.0,1.5026506678298868,1.4822413341800655,1.9846498139205935,6.0,7.0,1.0,8.0,0.13316400192306718,0.024691766401468043,0.07154831147789703,0.034435712743912814,4.0,4.0,6.0,5.009,5.484000000000002,7.940333333333335,1.5026506678298868,1.4822413341800655,1.9846498139205935,4.860832307303923,5.547615472988835,8.256330479576548
16,2,0.5714285714285714,1.3862943611198906,-0.7009720420649341,"(1, 0, 1, 1, 1, 0, 1, 1, 1, 1, 0, 0, 1, 1, 1, 0, 0, 0, 1, 0, 0, 0, 1, 0, 1)",8.0,12.0,13.0,14.0,15.332333333333333,20.02166666666667,19.735666666666667,21.755333333333333,0.0,0.7009720420649341,0.9993950082020088,1.3784540963442233,1.0,7.0,8.0,6.0,0.09493999730686434,0.08478936875037192,0.0990301534429752,0.033781515360698795,4.0,5.0,6.0,4.689333333333336,4.403333333333334,6.423,0.7009720420649341,0.9993950082020088,1.3784540963442233,5.5290427681942305,4.718860505729442,6.993225540648447
16,3,0.8571428571428571,1.3862943611198906,-0.4603344458805393,"(0, 0, 0, 0, 0, 1, 0, 0, 1, 1, 1, 1, 1, 1, 1, 0, 1, 1, 1, 1, 0, 1, 1, 1, 1)",8.0,12.0,10.0,14.0,13.763666666666667,21.037333333333333,16.534333333333333,20.785,0.0,0.5178040487842974,0.4603344458805393,1.1151120791788218,22.0,2.0,1.0,3.0,0.18124196531724157,0.06621490981277701,0.041941014014699386,0.02934239478190362,4.0,2.0,6.0,7.273666666666665,2.7706666666666653,7.021333333333333,0.5178040487842974,0.4603344458805393,1.1151120791788218,9.365614251670989,3.2028005299894007,8.187761220160846
16,4,1.1428571428571428,1.3862943611198906,-0.31400000000000006,"(0, 0, 1, 1, 1, 0, 1, 0, 1, 0, 0, 0, 0, 0, 1, 0, 1, 1, 1, 1, 0, 0, 1, 1, 0)",9.0,11.0,11.0,14.0,17.579333333333334,18.106,17.893333333333334,20.777,0.0,0.7172070893607143,0.9890440103056458,1.8076277256409221,10.0,4.0,2.0,5.0,0.10334250822561963,0.07469055627434333,0.039311115601301225,0.042623997263744724,2.0,2.0,5.0,0.5266666666666673,0.31400000000000006,3.1976666666666667,0.7172070893607143,0.9890440103056458,1.8076277256409221,-0.26414511354615783,-0.935809704994474,1.9270031456810537
16,5,1.4285714285714284,1.3862943611198906,-0.4647628862007833,"(1, 1, 0, 0, 0, 1, 1, 1, 0, 1, 0, 0, 1, 0, 0, 0, 1, 1, 0, 1, 0, 0, 1, 1, 0)",7.0,12.0,11.0,13.0,14.040666666666667,17.005666666666666,18.104666666666667,18.412,0.0,0.4647628862007833,0.7703483732036448,1.3253128125012943,3.0,3.0,1.0,2.0,0.1019273055072081,0.06310827544419553,0.11371071543333515,0.06782918112136471,5.0,4.0,6.0,2.965,4.064,4.371333333333332,0.4647628862007833,0.7703483732036448,1.3253128125012943,3.466064612322524,4.5659706777211415,4.222681071884927
16,6,1.7142857142857142,1.3862943611198906,-1.2314914907948364,"(0, 0, 1, 1, 1, 0, 0, 0, 0, 0, 0, 1, 1, 0, 0, 1, 0, 1, 0, 1, 1, 0, 1, 1, 1)",7.0,11.0,11.0,15.0,15.221666666666666,16.625666666666667,20.872,21.85,0.0,1.4382187865791705,1.2314914907948364,2.0343176602253847,9.0,3.0,2.0,1.0,0.16641582381510603,0.045058756669691793,0.03860571352261574,0.0299470810619961,4.0,4.0,8.0,1.4040000000000017,5.650333333333334,6.628333333333336,1.4382187865791705,1.2314914907948364,2.0343176602253847,-0.047437310879066656,6.1258155289917475,6.36865802252595
16,7,2.0,1.3862943611198906,0.3731365305660976,"(0, 0, 0, 1, 0, 0, 1, 0, 1, 0, 1, 0, 0, 1, 0, 1, 1, 1, 1, 1, 0, 0, 1, 1, 0)",7.0,12.0,12.0,13.0,19.437,17.854666666666667,20.694333333333333,20.654,0.0,0.3731365305660976,0.20478648367876645,0.9989560149876529,3.0,5.0,1.0,2.0,0.10081795520684896,0.04436884603698964,0.04846692179269208,0.048858732020909755,5.0,5.0,6.0,-1.5823333333333345,1.2573333333333316,1.2169999999999987,0.3731365305660976,0.20478648367876645,0.9989560149876529,-2.710856845663663,1.4591397624906288,0.30227314689872503
17,0,0.0,1.3862943611198906,-1.515512398846943,"(0, 0, 0, 0, 0, 1, 1, 1, 0, 0, 1, 1, 0, 1, 0, 1, 0, 1, 0, 0, 0, 0, 0, 0, 0)",6.0,8.0,9.0,12.0,8.393666666666666,14.746,17.663,18.344333333333335,0.0,1.7469080326238726,1.515512398846943,2.4761450763849715,17.0,1.0,3.0,3.0,0.16853166624912233,0.07855863532659818,0.048625711709968975,0.025643580713055267,2.0,3.0,6.0,6.352333333333334,9.269333333333334,9.950666666666669,1.7469080326238726,1.515512398846943,2.4761450763849715,6.384475124932402,10.749078238611844,10.361887132676394
17,1,0.2857142857142857,1.3862943611198906,-1.4822413341800655,"(0, 0, 0, 0, 1, 1, 1, 0, 0, 0, 1, 0, 0, 0, 0, 0, 0, 0, 0, 1, 0, 0, 1, 0, 0)",6.0,10.0,10.0,12.0,11.354333333333333,16.363333333333333,16.838333333333335,19.294666666666668,0.0,1.5026506678298868,1.4822413341800655,1.9846498139205935,6.0,7.0,1.0,8.0,0.13316400192306718,0.024691766401468043,0.07154831147789703,0.034435712743912814,4.0,4.0,6.0,5.009,5.484000000000002,7.940333333333335,1.5026506678298868,1.4822413341800655,1.9846498139205935,4.860832307303923,5.547615472988835,8.256330479576548
17,2,0.5714285714285714,1.3862943611198906,-0.7009720420649341,"(1, 0, 1, 1, 1, 0, 1, 1, 1, 1, 0, 0, 1, 1, 1, 0, 0, 0, 1, 0, 0, 0, 1, 0, 1)",8.0,12.0,13.0,14.0,15.332333333333333,20.02166666666667,19.735666666666667,21.755333333333333,0.0,0.7009720420649341,0.9993950082020088,1.3784540963442233,1.0,7.0,8.0,6.0,0.09493999730686434,0.08478936875037192,0.0990301534429752,0.033781515360698795,4.0,5.0,6.0,4.689333333333336,4.403333333333334,6.423,0.7009720420649341,0.9993950082020088,1.3784540963442233,5.5290427681942305,4.718860505729442,6.993225540648447
17,3,0.8571428571428571,1.3862943611198906,1.3484177185199584,"(0, 0, 0, 0, 0, 1, 0, 0, 1, 1, 1, 1, 1, 1, 1, 0, 1, 1, 0, 1, 0, 1, 1, 0, 1)",7.0,10.0,9.0,13.0,18.93166666666667,18.653666666666666,15.541,18.802333333333333,0.0,1.9700475133167972,1.3484177185199584,1.909697498796045,7.0,2.0,1.0,1.0,0.13918698047818429,0.07087599070540151,0.059625313596337916,0.06048263606708659,3.0,2.0,6.0,-0.27800000000000225,-3.390666666666668,-0.12933333333333508,1.9700475133167972,1.3484177185199584,1.909697498796045,-3.1164555912406713,-6.569765960055544,-2.8266969447305574
17,4,1.1428571428571428,1.3862943611198906,-1.2346645645547318,"(0, 0, 1, 1, 1, 0, 1, 1, 0, 0, 0, 0, 0, 0, 1, 0, 1, 1, 1, 1, 0, 0, 1, 1, 0)",6.0,11.0,11.0,14.0,10.068,18.202,21.004,19.961666666666666,0.0,1.6555281293200519,1.2346645645547318,2.4208781411883242,1.0,4.0,3.0,3.0,0.11622072319073344,0.02637430992276258,0.05208120880852271,0.038740311699601605,5.0,5.0,8.0,8.134000000000002,10.936000000000002,9.893666666666666,1.6555281293200519,1.2346645645547318,2.4208781411883242,8.981069022997444,13.448906609490356,10.359484594712047
17,5,1.4285714285714284,1.3862943611198906,-0.4647628862007833,"(1, 1, 0, 0, 0, 1, 1, 1, 0, 1, 0, 0, 1, 0, 0, 0, 1, 1, 0, 1, 0, 0, 1, 1, 0)",7.0,12.0,11.0,13.0,14.040666666666667,17.005666666666666,18.104666666666667,18.412,0.0,0.4647628862007833,0.7703483732036448,1.3253128125012943,3.0,3.0,1.0,2.0,0.1019273055072081,0.06310827544419553,0.11371071543333515,0.06782918112136471,5.0,4.0,6.0,2.965,4.064,4.371333333333332,0.4647628862007833,0.7703483732036448,1.3253128125012943,3.466064612322524,4.5659706777211415,4.222681071884927
17,6,1.7142857142857142,1.3862943611198906,-1.2314914907948364,"(0, 0, 1, 1, 1, 0, 0, 0, 0, 0, 0, 1, 1, 0, 0, 1, 0, 1, 0, 1, 1, 0, 1, 1, 1)",7.0,11.0,11.0,15.0,15.221666666666666,16.625666666666667,20.872,21.85,0.0,1.4382187865791705,1.2314914907948364,2.0343176602253847,9.0,3.0,2.0,1.0,0.16641582381510603,0.045058756669691793,0.03860571352261574,0.0299470810619961,4.0,4.0,8.0,1.4040000000000017,5.650333333333334,6.628333333333336,1.4382187865791705,1.2314914907948364,2.0343176602253847,-0.047437310879066656,6.1258155289917475,6.36865802252595
17,7,2.0,1.3862943611198906,0.3731365305660976,"(0, 0, 0, 1, 0, 0, 1, 0, 1, 0, 1, 0, 0, 1, 0, 1, 1, 1, 1, 1, 0, 0, 1, 1, 0)",7.0,12.0,12.0,13.0,19.437,17.854666666666667,20.694333333333333,20.654,0.0,0.3731365305660976,0.20478648367876645,0.9989560149876529,3.0,5.0,1.0,2.0,0.10081795520684896,0.04436884603698964,0.04846692179269208,0.048858732020909755,5.0,5.0,6.0,-1.5823333333333345,1.2573333333333316,1.2169999999999987,0.3731365305660976,0.20478648367876645,0.9989560149876529,-2.710856845663663,1.4591397624906288,0.30227314689872503
18,0,0.0,1.3862943611198906,-1.515512398846943,"(0, 0, 0, 0, 0, 1, 1, 1, 0, 0, 1, 1, 0, 1, 0, 1, 0, 1, 0, 0, 0, 0, 0, 0, 0)",6.0,8.0,9.0,12.0,8.393666666666666,14.746,17.663,18.344333333333335,0.0,1.7469080326238726,1.515512398846943,2.4761450763849715,17.0,1.0,3.0,3.0,0.16853166624912233,0.07855863532659818,0.048625711709968975,0.025643580713055267,2.0,3.0,6.0,6.352333333333334,9.269333333333334,9.950666666666669,1.7469080326238726,1.515512398846943,2.4761450763849715,6.384475124932402,10.749078238611844,10.361887132676394
18,1,0.2857142857142857,1.3862943611198906,-1.4822413341800655,"(0, 0, 0, 0, 1, 1, 1, 0, 0, 0, 1, 0, 0, 0, 0, 0, 0, 0, 0, 1, 0, 0, 1, 0, 0)",6.0,10.0,10.0,12.0,11.354333333333333,16.363333333333333,16.838333333333335,19.294666666666668,0.0,1.5026506678298868,1.4822413341800655,1.9846498139205935,6.0,7.0,1.0,8.0,0.13316400192306718,0.024691766401468043,0.07154831147789703,0.034435712743912814,4.0,4.0,6.0,5.009,5.484000000000002,7.940333333333335,1.5026506678298868,1.4822413341800655,1.9846498139205935,4.860832307303923,5.547615472988835,8.256330479576548
18,2,0.5714285714285714,1.3862943611198906,-1.038157338865988,"(1, 0, 1, 1, 1, 0, 1, 1, 0, 1, 0, 0, 1, 0, 1, 0, 0, 0, 1, 0, 0, 0, 1, 0, 1)",8.0,11.0,13.0,15.0,14.113,18.523,19.429333333333332,21.557666666666666,0.0,1.038157338865988,1.0539148847707176,1.9307229632730298,8.0,3.0,2.0,4.0,0.06991835525164844,0.04170013342656206,0.041670010253213166,0.0666657058248758,3.0,5.0,7.0,4.41,5.316333333333333,7.4446666666666665,1.038157338865988,1.0539148847707176,1.9307229632730298,4.6743664677135675,5.9089666599757456,7.643949063547125
18,3,0.8571428571428571,1.3862943611198906,1.3484177185199584,"(0, 0, 0, 0, 0, 1, 0, 0, 1, 1, 1, 1, 1, 1, 1, 0, 1, 1, 0, 1, 0, 1, 1, 0, 1)",7.0,10.0,9.0,13.0,18.93166666666667,18.653666666666666,15.541,18.802333333333333,0.0,1.9700475133167972,1.3484177185199584,1.909697498796045,7.0,2.0,1.0,1.0,0.13918698047818429,0.07087599070540151,0.059625313596337916,0.06048263606708659,3.0,2.0,6.0,-0.27800000000000225,-3.390666666666668,-0.12933333333333508,1.9700475133167972,1.3484177185199584,1.909697498796045,-3.1164555912406713,-6.569765960055544,-2.8266969447305574
18,4,1.1428571428571428,1.3862943611198906,-1.2588708044269536,"(0, 0, 1, 1, 0, 0, 1, 1, 0, 0, 0, 0, 0, 0, 1, 0, 1, 1, 1, 1, 0, 0, 1, 1, 1)",7.0,13.0,10.0,13.0,13.329666666666666,20.312,16.220666666666666,19.764,0.0,1.8317954573364459,1.2588708044269536,1.935374751018121,5.0,2.0,3.0,4.0,0.07254221116048043,0.0606287701829822,0.07866368516235854,0.02709981285784275,6.0,3.0,6.0,6.982333333333335,2.891,6.434333333333333,1.8317954573364459,1.2588708044269536,1.935374751018121,7.140161614228906,2.2626115004420573,6.236880913575516
18,5,1.4285714285714284,1.3862943611198906,-0.8563333333333318,"(1, 1, 0, 0, 0, 1, 1, 1, 0, 1, 0, 0, 0, 1, 0, 0, 1, 1, 0, 1, 0, 0, 1, 1, 0)",7.0,11.0,14.0,15.0,15.608,16.464333333333332,19.162666666666667,20.38233333333333,0.0,1.104892009083233,1.2802274392235422,1.338074422258938,1.0,4.0,11.0,7.0,0.14104549626705726,0.046407237799257234,0.10994462713433113,0.045097168671863586,4.0,7.0,8.0,0.8563333333333318,3.554666666666666,4.774333333333331,1.104892009083233,1.2802274392235422,1.338074422258938,-0.3445754905995153,3.153042275714283,4.763666351770407
18,6,1.7142857142857142,1.3862943611198906,1.1909346790967392,"(0, 0, 1, 1, 1, 0, 0, 0, 0, 0, 0, 1, 0, 0, 0, 1, 0, 0, 0, 1, 1, 0, 1, 1, 1)",7.0,12.0,10.0,12.0,16.492333333333335,19.698666666666668,15.219,19.347333333333335,0.0,1.1217585904768563,1.1909346790967392,1.5808376697970472,1.0,1.0,3.0,3.0,0.08425060199278368,0.051393881659691165,0.060757820519550844,0.029017719396412272,5.0,3.0,5.0,3.2063333333333333,-1.2733333333333352,2.8550000000000004,1.1217585904768563,1.1909346790967392,1.5808376697970472,2.8898342113548794,-3.4162008499199326,1.766364053511734
18,7,2.0,1.3862943611198906,-1.436100836860792,"(0, 0, 0, 1, 0, 0, 1, 0, 1, 0, 1, 0, 0, 1, 0, 1, 1, 0, 0, 1, 0, 0, 1, 1, 0)",7.0,13.0,13.0,12.0,13.969,18.550333333333334,19.272,20.193,0.0,1.9670592788050496,1.436100836860792,2.48742027052208,6.0,7.0,8.0,1.0,0.06338521368093741,0.05291297596418411,0.1158823288628182,0.03879462129025761,6.0,6.0,5.0,4.581333333333335,5.302999999999999,6.224000000000002,1.9670592788050496,1.436100836860792,2.48742027052208,3.6241533802145955,5.360660504879107,5.179999408850129
19,0,0.0,1.3862943611198906,-1.515512398846943,"(0, 0, 0, 0, 0, 1, 1, 1, 0, 0, 1, 1, 0, 1, 0, 1, 0, 1, 0, 0, 0, 0, 0, 0, 0)",6.0,8.0,9.0,12.0,8.393666666666666,14.746,17.663,18.344333333333335,0.0,1.7469080326238726,1.515512398846943,2.4761450763849715,17.0,1.0,3.0,3.0,0.16853166624912233,0.07855863532659818,0.048625711709968975,0.025643580713055267,2.0,3.0,6.0,6.352333333333334,9.269333333333334,9.950666666666669,1.7469080326238726,1.515512398846943,2.4761450763849715,6.384475124932402,10.749078238611844,10.361887132676394
19,1,0.2857142857142857,1.3862943611198906,-1.6344410517603507,"(0, 0, 0, 1, 0, 1, 1, 0, 0, 0, 1, 0, 0, 0, 0, 0, 0, 0, 0, 1, 0, 0, 1, 0, 0)",5.0,9.0,10.0,11.0,10.149333333333333,14.328333333333333,14.442,18.432666666666666,0.0,1.8210439744024267,1.6344410517603507,3.0903813012558357,4.0,2.0,16.0,13.0,0.11848019173069378,0.06470398332835117,0.0333496556757409,0.01686309010614158,4.0,5.0,6.0,4.179,4.292666666666667,8.283333333333333,1.8210439744024267,1.6344410517603507,3.0903813012558357,3.2688211420545845,3.6850831805290807,7.198960119635113
19,2,0.5714285714285714,1.3862943611198906,-0.6542539220951921,"(1, 1, 0, 1, 1, 0, 1, 1, 0, 1, 0, 0, 1, 0, 1, 0, 0, 0, 1, 0, 0, 0, 1, 0, 1)",8.0,12.0,12.0,14.0,14.747333333333334,18.611333333333334,19.577333333333332,21.119666666666667,0.0,0.6542539220951921,0.8046129488293241,1.3252357961478982,3.0,2.0,1.0,3.0,0.14714910245334434,0.05031618322019988,0.052736482856063346,0.03969242900041476,4.0,4.0,6.0,3.8640000000000008,4.829999999999998,6.372333333333334,0.6542539220951921,0.8046129488293241,1.3252357961478982,4.4496528884261215,5.58037137036293,6.996762855822257
19,3,0.8571428571428571,1.3862943611198906,1.3484177185199584,"(0, 0, 0, 0, 0, 1, 0, 0, 1, 1, 1, 1, 1, 1, 1, 0, 1, 1, 0, 1, 0, 1, 1, 0, 1)",7.0,10.0,9.0,13.0,18.93166666666667,18.653666666666666,15.541,18.802333333333333,0.0,1.9700475133167972,1.3484177185199584,1.909697498796045,7.0,2.0,1.0,1.0,0.13918698047818429,0.07087599070540151,0.059625313596337916,0.06048263606708659,3.0,2.0,6.0,-0.27800000000000225,-3.390666666666668,-0.12933333333333508,1.9700475133167972,1.3484177185199584,1.909697498796045,-3.1164555912406713,-6.569765960055544,-2.8266969447305574
19,4,1.1428571428571428,1.3862943611198906,-0.8440530234031843,"(0, 0, 1, 1, 0, 0, 1, 1, 0, 0, 0, 0, 0, 0, 1, 1, 1, 1, 1, 1, 1, 0, 1, 1, 1)",7.0,13.0,12.0,14.0,12.341333333333333,19.377666666666666,18.892333333333333,20.39666666666667,0.0,1.5722888545701421,0.8440530234031843,1.5026352645592065,3.0,15.0,1.0,4.0,0.11656548872691366,0.08204849217563875,0.025231236211951176,0.026726320149470347,6.0,5.0,7.0,7.036333333333333,6.551,8.055333333333335,1.5722888545701421,0.8440530234031843,1.5026352645592065,7.574774049817684,7.911508412866374,9.083968382862771
19,5,1.4285714285714284,1.3862943611198906,-0.9411860483056534,"(1, 1, 0, 0, 0, 1, 1, 1, 0, 1, 0, 0, 0, 1, 0, 0, 1, 1, 0, 1, 0, 0, 1, 0, 1)",8.0,13.0,13.0,13.0,16.504666666666665,19.536,18.447333333333333,20.356,0.0,0.9612025985531562,0.9411860483056534,1.5628851578205465,2.0,6.0,11.0,1.0,0.09116101570830955,0.044585709015040303,0.05678751595588419,0.02842325820287186,5.0,5.0,5.0,3.031333333333336,1.9426666666666677,3.8513333333333364,0.9612025985531562,0.9411860483056534,1.5628851578205465,2.8698105644067393,1.3883469340047352,3.172462801428482
19,6,1.7142857142857142,1.3862943611198906,1.1909346790967392,"(0, 0, 1, 1, 1, 0, 0, 0, 0, 0, 0, 1, 0, 0, 0, 1, 0, 0, 0, 1, 1, 0, 1, 1, 1)",7.0,12.0,10.0,12.0,16.492333333333335,19.698666666666668,15.219,19.347333333333335,0.0,1.1217585904768563,1.1909346790967392,1.5808376697970472,1.0,1.0,3.0,3.0,0.08425060199278368,0.051393881659691165,0.060757820519550844,0.029017719396412272,5.0,3.0,5.0,3.2063333333333333,-1.2733333333333352,2.8550000000000004,1.1217585904768563,1.1909346790967392,1.5808376697970472,2.8898342113548794,-3.4162008499199326,1.766364053511734
19,7,2.0,1.3862943611198906,-0.7086582741338087,"(0, 0, 0, 1, 0, 0, 1, 0, 1, 0, 1, 0, 0, 1, 0, 1, 1, 0, 1, 1, 0, 0, 1, 0, 0)",7.0,12.0,10.0,14.0,13.545666666666667,19.361666666666668,17.41433333333333,19.493666666666666,0.0,0.7086582741338087,0.8539342215438338,1.3285089911672092,3.0,9.0,2.0,2.0,0.08158262389561402,0.03629231784562996,0.017319434239350225,0.04102411036269415,5.0,3.0,7.0,5.816000000000001,3.8686666666666643,5.947999999999999,0.7086582741338087,0.8539342215438338,1.3285089911672092,7.080279034880632,4.17930658895896,6.403974336788931
20,0,0.0,1.3862943611198906,-1.6344410517603507,"(0, 0, 0, 1, 0, 1, 1, 0, 0, 0, 1, 0, 0, 0, 0, 0, 0, 0, 0, 1, 0, 0, 1, 0, 0)",5.0,9.0,10.0,11.0,10.149333333333333,14.328333333333333,14.442,18.432666666666666,0.0,1.8210439744024267,1.6344410517603507,3.0903813012558357,4.0,2.0,16.0,13.0,0.11848019173069378,0.06470398332835117,0.0333496556757409,0.01686309010614158,4.0,5.0,6.0,4.179,4.292666666666667,8.283333333333333,1.8210439744024267,1.6344410517603507,3.0903813012558357,3.2688211420545845,3.6850831805290807,7.198960119635113
20,1,0.2857142857142857,1.3862943611198906,-0.6542539220951921,"(1, 1, 0, 1, 1, 0, 1, 1, 0, 1, 0, 0, 1, 0, 1, 0, 0, 0, 1, 0, 0, 0, 1, 0, 1)",8.0,12.0,12.0,14.0,14.747333333333334,18.611333333333334,19.577333333333332,21.119666666666667,0.0,0.6542539220951921,0.8046129488293241,1.3252357961478982,3.0,2.0,1.0,3.0,0.14714910245334434,0.05031618322019988,0.052736482856063346,0.03969242900041476,4.0,4.0,6.0,3.8640000000000008,4.829999999999998,6.372333333333334,0.6542539220951921,0.8046129488293241,1.3252357961478982,4.4496528884261215,5.58037137036293,6.996762855822257
20,2,0.5714285714285714,1.3862943611198906,-1.515512398846943,"(0, 0, 0, 0, 0, 1, 1, 1, 0, 0, 1, 1, 0, 1, 0, 1, 0, 1, 0, 0, 0, 0, 0, 0, 0)",6.0,8.0,9.0,12.0,8.393666666666666,14.746,17.663,18.344333333333335,0.0,1.7469080326238726,1.515512398846943,2.4761450763849715,17.0,1.0,3.0,3.0,0.16853166624912233,0.07855863532659818,0.048625711709968975,0.025643580713055267,2.0,3.0,6.0,6.352333333333334,9.269333333333334,9.950666666666669,1.7469080326238726,1.515512398846943,2.4761450763849715,6.384475124932402,10.749078238611844,10.361887132676394
20,3,0.8571428571428571,1.3862943611198906,-1.4836045236351678,"(0, 0, 1, 1, 0, 0, 1, 1, 0, 0, 0, 0, 0, 0, 1, 1, 0, 0, 1, 1, 1, 0, 1, 1, 1)",7.0,11.0,10.0,13.0,9.638666666666667,18.569,17.266666666666666,18.954333333333334,0.0,1.4836045236351678,1.4905359954407664,1.8386037029766127,14.0,5.0,4.0,2.0,0.18875627794256983,0.02460928501534472,0.12089545471597875,0.03954948117624213,4.0,3.0,6.0,8.930333333333332,7.627999999999998,9.315666666666667,1.4836045236351678,1.4905359954407664,1.8386037029766127,10.3233581576736,8.508331741096764,10.365410224301899
20,4,1.1428571428571428,1.3862943611198906,-0.9411860483056534,"(1, 1, 0, 0, 0, 1, 1, 1, 0, 1, 0, 0, 0, 1, 0, 0, 1, 1, 0, 1, 0, 0, 1, 0, 1)",8.0,13.0,13.0,13.0,16.504666666666665,19.536,18.447333333333333,20.356,0.0,0.9612025985531562,0.9411860483056534,1.5628851578205465,2.0,6.0,11.0,1.0,0.09116101570830955,0.044585709015040303,0.05678751595588419,0.02842325820287186,5.0,5.0,5.0,3.031333333333336,1.9426666666666677,3.8513333333333364,0.9612025985531562,0.9411860483056534,1.5628851578205465,2.8698105644067393,1.3883469340047352,3.172462801428482
20,5,1.4285714285714284,1.3862943611198906,1.1909346790967392,"(0, 0, 1, 1, 1, 0, 0, 0, 0, 0, 0, 1, 0, 0, 0, 1, 0, 0, 0, 1, 1, 0, 1, 1, 1)",7.0,12.0,10.0,12.0,16.492333333333335,19.698666666666668,15.219,19.347333333333335,0.0,1.1217585904768563,1.1909346790967392,1.5808376697970472,1.0,1.0,3.0,3.0,0.08425060199278368,0.051393881659691165,0.060757820519550844,0.029017719396412272,5.0,3.0,5.0,3.2063333333333333,-1.2733333333333352,2.8550000000000004,1.1217585904768563,1.1909346790967392,1.5808376697970472,2.8898342113548794,-3.4162008499199326,1.766364053511734
20,6,1.7142857142857142,1.3862943611198906,-0.7821241736378226,"(0, 0, 0, 1, 0, 0, 1, 1, 0, 0, 1, 0, 0, 1, 0, 1, 1, 0, 1, 1, 0, 0, 1, 0, 0)",7.0,12.0,10.0,13.0,9.719666666666667,18.113666666666667,15.559,19.373333333333335,0.0,0.7821241736378226,1.1451715619091052,1.9667666166621476,8.0,1.0,2.0,6.0,0.22872681590176322,0.04255764623455882,0.03795802535312418,0.018205384734878483,5.0,3.0,6.0,8.394,5.839333333333332,9.653666666666668,0.7821241736378226,1.1451715619091052,1.9667666166621476,10.552300535630694,6.507489993909963,10.65630619381347
20,7,2.0,1.3862943611198906,1.3484177185199584,"(0, 0, 0, 0, 0, 1, 0, 0, 1, 1, 1, 1, 1, 1, 1, 0, 1, 1, 0, 1, 0, 1, 1, 0, 1)",7.0,10.0,9.0,13.0,18.93166666666667,18.653666666666666,15.541,18.802333333333333,0.0,1.9700475133167972,1.3484177185199584,1.909697498796045,7.0,2.0,1.0,1.0,0.13918698047818429,0.07087599070540151,0.059625313596337916,0.06048263606708659,3.0,2.0,6.0,-0.27800000000000225,-3.390666666666668,-0.12933333333333508,1.9700475133167972,1.3484177185199584,1.909697498796045,-3.1164555912406713,-6.569765960055544,-2.8266969447305574
21,0,0.0,1.3862943611198906,-1.8411452426386659,"(0, 0, 0, 1, 0, 1, 1, 0, 0, 0, 1, 0, 1, 1, 0, 0, 0, 0, 0, 1, 0, 0, 1, 0, 0)",6.0,11.0,10.0,12.0,12.009666666666666,16.777666666666665,16.512,19.043666666666667,0.0,1.8411452426386659,1.9135175099244635,2.459671278393663,4.0,11.0,4.0,5.0,0.11169179226138523,0.05750635194183458,0.037121609027825506,0.025516964287010786,5.0,4.0,6.0,4.767999999999999,4.502333333333334,7.034000000000001,1.8411452426386659,1.9135175099244635,2.459671278393663,4.057482245946942,3.5888607779696646,6.341366112671624
21,1,0.2857142857142857,1.3862943611198906,-0.6542539220951921,"(1, 1, 0, 1, 1, 0, 1, 1, 0, 1, 0, 0, 1, 0, 1, 0, 0, 0, 1, 0, 0, 0, 1, 0, 1)",8.0,12.0,12.0,14.0,14.747333333333334,18.611333333333334,19.577333333333332,21.119666666666667,0.0,0.6542539220951921,0.8046129488293241,1.3252357961478982,3.0,2.0,1.0,3.0,0.14714910245334434,0.05031618322019988,0.052736482856063346,0.03969242900041476,4.0,4.0,6.0,3.8640000000000008,4.829999999999998,6.372333333333334,0.6542539220951921,0.8046129488293241,1.3252357961478982,4.4496528884261215,5.58037137036293,6.996762855822257
21,2,0.5714285714285714,1.3862943611198906,-1.5246773449010138,"(0, 0, 0, 0, 0, 1, 1, 1, 0, 0, 1, 0, 0, 1, 0, 1, 1, 1, 0, 0, 0, 0, 0, 0, 0)",5.0,9.0,9.0,14.0,11.164333333333333,14.050666666666666,14.486,20.834666666666667,0.0,1.5571936493046143,1.5246773449010138,2.5115032842288683,4.0,7.0,10.0,14.0,0.17930519972792616,0.06089380707568528,0.03795906155973457,0.0197510345179056,4.0,4.0,9.0,2.886333333333333,3.321666666666667,9.670333333333334,1.5571936493046143,1.5246773449010138,2.5115032842288683,1.8425788491096857,2.491156163756382,9.924245729289149
21,3,0.8571428571428571,1.3862943611198906,-0.9665013236667694,"(0, 0, 1, 1, 0, 0, 1, 1, 0, 0, 0, 0, 0, 0, 1, 1, 0, 0, 0, 0, 1, 0, 1, 1, 1)",6.0,9.0,9.0,11.0,9.534333333333333,14.783,17.468333333333334,18.737,0.0,1.3896907823046343,0.9665013236667694,1.6090795665871964,6.0,4.0,1.0,4.0,0.13299511412986478,0.06390280910543555,0.05446720204633047,0.023964636225730727,3.0,3.0,5.0,5.248666666666667,7.934000000000001,9.202666666666666,1.3896907823046343,0.9665013236667694,1.6090795665871964,5.349676508188729,9.65900412611106,10.52694697751291
21,4,1.1428571428571428,1.3862943611198906,-1.049802211499395,"(0, 1, 0, 0, 1, 1, 1, 1, 0, 1, 0, 0, 0, 1, 0, 0, 1, 1, 0, 1, 0, 0, 1, 0, 1)",8.0,12.0,13.0,15.0,13.157,19.203666666666667,20.372,20.868,0.0,1.049802211499395,1.316918029981179,1.468309075850811,3.0,7.0,5.0,4.0,0.08789053424505508,0.04993644376266122,0.02937746830902381,0.0323829458103775,4.0,5.0,7.0,6.046666666666667,7.215,7.7109999999999985,1.049802211499395,1.316918029981179,1.468309075850811,6.927125017478803,8.176477776459988,8.654207226362336
21,5,1.4285714285714284,1.3862943611198906,1.1909346790967392,"(0, 0, 1, 1, 1, 0, 0, 0, 0, 0, 0, 1, 0, 0, 0, 1, 0, 0, 0, 1, 1, 0, 1, 1, 1)",7.0,12.0,10.0,12.0,16.492333333333335,19.698666666666668,15.219,19.347333333333335,0.0,1.1217585904768563,1.1909346790967392,1.5808376697970472,1.0,1.0,3.0,3.0,0.08425060199278368,0.051393881659691165,0.060757820519550844,0.029017719396412272,5.0,3.0,5.0,3.2063333333333333,-1.2733333333333352,2.8550000000000004,1.1217585904768563,1.1909346790967392,1.5808376697970472,2.8898342113548794,-3.4162008499199326,1.766364053511734
21,6,1.7142857142857142,1.3862943611198906,-0.7821241736378226,"(0, 0, 0, 1, 0, 0, 1, 1, 0, 0, 1, 0, 0, 1, 0, 1, 1, 0, 1, 1, 0, 0, 1, 0, 0)",7.0,12.0,10.0,13.0,9.719666666666667,18.113666666666667,15.559,19.373333333333335,0.0,0.7821241736378226,1.1451715619091052,1.9667666166621476,8.0,1.0,2.0,6.0,0.22872681590176322,0.04255764623455882,0.03795802535312418,0.018205384734878483,5.0,3.0,6.0,8.394,5.839333333333332,9.653666666666668,0.7821241736378226,1.1451715619091052,1.9667666166621476,10.552300535630694,6.507489993909963,10.65630619381347
21,7,2.0,1.3862943611198906,1.3484177185199584,"(0, 0, 0, 0, 0, 1, 0, 0, 1, 1, 1, 1, 1, 1, 1, 0, 1, 1, 0, 1, 0, 1, 1, 0, 1)",7.0,10.0,9.0,13.0,18.93166666666667,18.653666666666666,15.541,18.802333333333333,0.0,1.9700475133167972,1.3484177185199584,1.909697498796045,7.0,2.0,1.0,1.0,0.13918698047818429,0.07087599070540151,0.059625313596337916,0.06048263606708659,3.0,2.0,6.0,-0.27800000000000225,-3.390666666666668,-0.12933333333333508,1.9700475133167972,1.3484177185199584,1.909697498796045,-3.1164555912406713,-6.569765960055544,-2.8266969447305574
22,0,0.0,1.3862943611198906,-1.8411452426386659,"(0, 0, 0, 1, 0, 1, 1, 0, 0, 0, 1, 0, 1, 1, 0, 0, 0, 0, 0, 1, 0, 0, 1, 0, 0)",6.0,11.0,10.0,12.0,12.009666666666666,16.777666666666665,16.512,19.043666666666667,0.0,1.8411452426386659,1.9135175099244635,2.459671278393663,4.0,11.0,4.0,5.0,0.11169179226138523,0.05750635194183458,0.037121609027825506,0.025516964287010786,5.0,4.0,6.0,4.767999999999999,4.502333333333334,7.034000000000001,1.8411452426386659,1.9135175099244635,2.459671278393663,4.057482245946942,3.5888607779696646,6.341366112671624
22,1,0.2857142857142857,1.3862943611198906,-0.6542539220951921,"(1, 1, 0, 1, 1, 0, 1, 1, 0, 1, 0, 0, 1, 0, 1, 0, 0, 0, 1, 0, 0, 0, 1, 0, 1)",8.0,12.0,12.0,14.0,14.747333333333334,18.611333333333334,19.577333333333332,21.119666666666667,0.0,0.6542539220951921,0.8046129488293241,1.3252357961478982,3.0,2.0,1.0,3.0,0.14714910245334434,0.05031618322019988,0.052736482856063346,0.03969242900041476,4.0,4.0,6.0,3.8640000000000008,4.829999999999998,6.372333333333334,0.6542539220951921,0.8046129488293241,1.3252357961478982,4.4496528884261215,5.58037137036293,6.996762855822257
22,2,0.5714285714285714,1.3862943611198906,-1.5246773449010138,"(0, 0, 0, 0, 0, 1, 1, 1, 0, 0, 1, 0, 0, 1, 0, 1, 1, 1, 0, 0, 0, 0, 0, 0, 0)",5.0,9.0,9.0,14.0,11.164333333333333,14.050666666666666,14.486,20.834666666666667,0.0,1.5571936493046143,1.5246773449010138,2.5115032842288683,4.0,7.0,10.0,14.0,0.17930519972792616,0.06089380707568528,0.03795906155973457,0.0197510345179056,4.0,4.0,9.0,2.886333333333333,3.321666666666667,9.670333333333334,1.5571936493046143,1.5246773449010138,2.5115032842288683,1.8425788491096857,2.491156163756382,9.924245729289149
22,3,0.8571428571428571,1.3862943611198906,-1.2225190856242547,"(0, 0, 1, 1, 0, 0, 1, 1, 0, 0, 0, 0, 0, 0, 1, 1, 0, 1, 0, 0, 1, 0, 0, 1, 1)",7.0,12.0,11.0,14.0,11.347,18.059333333333335,19.050666666666668,20.408,0.0,1.4654594707751754,1.2225190856242547,1.5232140341864975,12.0,2.0,12.0,7.0,0.17900542838358405,0.04658670565132562,0.08622755142616487,0.04895979247406664,5.0,4.0,7.0,6.712333333333335,7.703666666666669,9.061000000000002,1.4654594707751754,1.2225190856242547,1.5232140341864975,7.273711649171717,8.984778345184917,10.449590179735909
22,4,1.1428571428571428,1.3862943611198906,-1.3786697421337322,"(0, 1, 0, 0, 1, 0, 1, 1, 0, 1, 1, 0, 0, 1, 0, 0, 1, 1, 0, 1, 0, 0, 1, 0, 1)",8.0,13.0,12.0,15.0,14.935333333333332,19.453,18.782333333333334,20.662333333333333,0.0,1.406033652495171,1.3786697421337322,2.065162709760301,1.0,3.0,3.0,1.0,0.13194425480559624,0.03350511120818332,0.054487471694274425,0.05053790230672224,5.0,4.0,7.0,4.517666666666667,3.8470000000000013,5.727,1.406033652495171,1.3786697421337322,2.065162709760301,4.313639301420433,3.421832317861614,5.076384386797835
22,5,1.4285714285714284,1.3862943611198906,1.1909346790967392,"(0, 0, 1, 1, 1, 0, 0, 0, 0, 0, 0, 1, 0, 0, 0, 1, 0, 0, 0, 1, 1, 0, 1, 1, 1)",7.0,12.0,10.0,12.0,16.492333333333335,19.698666666666668,15.219,19.347333333333335,0.0,1.1217585904768563,1.1909346790967392,1.5808376697970472,1.0,1.0,3.0,3.0,0.08425060199278368,0.051393881659691165,0.060757820519550844,0.029017719396412272,5.0,3.0,5.0,3.2063333333333333,-1.2733333333333352,2.8550000000000004,1.1217585904768563,1.1909346790967392,1.5808376697970472,2.8898342113548794,-3.4162008499199326,1.766364053511734
22,6,1.7142857142857142,1.3862943611198906,-0.7821241736378226,"(0, 0, 0, 1, 0, 0, 1, 1, 0, 0, 1, 0, 0, 1, 0, 1, 1, 0, 1, 1, 0, 0, 1, 0, 0)",7.0,12.0,10.0,13.0,9.719666666666667,18.113666666666667,15.559,19.373333333333335,0.0,0.7821241736378226,1.1451715619091052,1.9667666166621476,8.0,1.0,2.0,6.0,0.22872681590176322,0.04255764623455882,0.03795802535312418,0.018205384734878483,5.0,3.0,6.0,8.394,5.839333333333332,9.653666666666668,0.7821241736378226,1.1451715619091052,1.9667666166621476,10.552300535630694,6.507489993909963,10.65630619381347
22,7,2.0,1.3862943611198906,1.3484177185199584,"(0, 0, 0, 0, 0, 1, 0, 0, 1, 1, 1, 1, 1, 1, 1, 0, 1, 1, 0, 1, 0, 1, 1, 0, 1)",7.0,10.0,9.0,13.0,18.93166666666667,18.653666666666666,15.541,18.802333333333333,0.0,1.9700475133167972,1.3484177185199584,1.909697498796045,7.0,2.0,1.0,1.0,0.13918698047818429,0.07087599070540151,0.059625313596337916,0.06048263606708659,3.0,2.0,6.0,-0.27800000000000225,-3.390666666666668,-0.12933333333333508,1.9700475133167972,1.3484177185199584,1.909697498796045,-3.1164555912406713,-6.569765960055544,-2.8266969447305574
23,0,0.0,1.3862943611198906,-2.3182538502887553,"(0, 0, 0, 0, 0, 1, 1, 0, 0, 0, 1, 0, 1, 1, 0, 0, 0, 0, 0, 1, 0, 0, 1, 1, 0)",5.0,10.0,9.0,13.0,8.660333333333334,19.113,14.001333333333333,18.296,0.0,2.4275092492156825,2.3182538502887553,3.032734560739268,2.0,3.0,8.0,11.0,0.17076153523348464,0.03304306393908075,0.054585122014922105,0.026127591177737955,5.0,4.0,8.0,10.452666666666666,5.340999999999999,9.635666666666665,2.4275092492156825,2.3182538502887553,3.032734560739268,11.125230474911763,4.190415942441558,9.153607545304634
23,1,0.2857142857142857,1.3862943611198906,-0.6542539220951921,"(1, 1, 0, 1, 1, 0, 1, 1, 0, 1, 0, 0, 1, 0, 1, 0, 0, 0, 1, 0, 0, 0, 1, 0, 1)",8.0,12.0,12.0,14.0,14.747333333333334,18.611333333333334,19.577333333333332,21.119666666666667,0.0,0.6542539220951921,0.8046129488293241,1.3252357961478982,3.0,2.0,1.0,3.0,0.14714910245334434,0.05031618322019988,0.052736482856063346,0.03969242900041476,4.0,4.0,6.0,3.8640000000000008,4.829999999999998,6.372333333333334,0.6542539220951921,0.8046129488293241,1.3252357961478982,4.4496528884261215,5.58037137036293,6.996762855822257
23,2,0.5714285714285714,1.3862943611198906,-1.5246773449010138,"(0, 0, 0, 0, 0, 1, 1, 1, 0, 0, 1, 0, 0, 1, 0, 1, 1, 1, 0, 0, 0, 0, 0, 0, 0)",5.0,9.0,9.0,14.0,11.164333333333333,14.050666666666666,14.486,20.834666666666667,0.0,1.5571936493046143,1.5246773449010138,2.5115032842288683,4.0,7.0,10.0,14.0,0.17930519972792616,0.06089380707568528,0.03795906155973457,0.0197510345179056,4.0,4.0,9.0,2.886333333333333,3.321666666666667,9.670333333333334,1.5571936493046143,1.5246773449010138,2.5115032842288683,1.8425788491096857,2.491156163756382,9.924245729289149
23,3,0.8571428571428571,1.3862943611198906,-1.2225190856242547,"(0, 0, 1, 1, 0, 0, 1, 1, 0, 0, 0, 0, 0, 0, 1, 1, 0, 1, 0, 0, 1, 0, 0, 1, 1)",7.0,12.0,11.0,14.0,11.347,18.059333333333335,19.050666666666668,20.408,0.0,1.4654594707751754,1.2225190856242547,1.5232140341864975,12.0,2.0,12.0,7.0,0.17900542838358405,0.04658670565132562,0.08622755142616487,0.04895979247406664,5.0,4.0,7.0,6.712333333333335,7.703666666666669,9.061000000000002,1.4654594707751754,1.2225190856242547,1.5232140341864975,7.273711649171717,8.984778345184917,10.449590179735909
23,4,1.1428571428571428,1.3862943611198906,-0.6253496846658437,"(0, 1, 0, 0, 1, 0, 1, 1, 0, 1, 1, 0, 0, 1, 0, 0, 1, 1, 0, 1, 1, 1, 1, 0, 1)",11.0,14.0,13.0,15.0,18.46066666666667,19.762666666666668,19.664,20.496666666666666,0.0,0.6253496846658437,0.7841805102734867,1.139210496156289,37.0,9.0,2.0,12.0,0.07603060475584371,0.07642935244066197,0.04928069230283593,0.06123564919897065,3.0,2.0,4.0,1.3019999999999996,1.2033333333333331,2.035999999999998,0.6253496846658437,0.7841805102734867,1.139210496156289,0.9380365165977361,0.5810691950553484,1.243214232290038
23,5,1.4285714285714284,1.3862943611198906,1.1909346790967392,"(0, 0, 1, 1, 1, 0, 0, 0, 0, 0, 0, 1, 0, 0, 0, 1, 0, 0, 0, 1, 1, 0, 1, 1, 1)",7.0,12.0,10.0,12.0,16.492333333333335,19.698666666666668,15.219,19.347333333333335,0.0,1.1217585904768563,1.1909346790967392,1.5808376697970472,1.0,1.0,3.0,3.0,0.08425060199278368,0.051393881659691165,0.060757820519550844,0.029017719396412272,5.0,3.0,5.0,3.2063333333333333,-1.2733333333333352,2.8550000000000004,1.1217585904768563,1.1909346790967392,1.5808376697970472,2.8898342113548794,-3.4162008499199326,1.766364053511734
23,6,1.7142857142857142,1.3862943611198906,-0.7821241736378226,"(0, 0, 0, 1, 0, 0, 1, 1, 0, 0, 1, 0, 0, 1, 0, 1, 1, 0, 1, 1, 0, 0, 1, 0, 0)",7.0,12.0,10.0,13.0,9.719666666666667,18.113666666666667,15.559,19.373333333333335,0.0,0.7821241736378226,1.1451715619091052,1.9667666166621476,8.0,1.0,2.0,6.0,0.22872681590176322,0.04255764623455882,0.03795802535312418,0.018205384734878483,5.0,3.0,6.0,8.394,5.839333333333332,9.653666666666668,0.7821241736378226,1.1451715619091052,1.9667666166621476,10.552300535630694,6.507489993909963,10.65630619381347
23,7,2.0,1.3862943611198906,1.3484177185199584,"(0, 0, 0, 0, 0, 1, 0, 0, 1, 1, 1, 1, 1, 1, 1, 0, 1, 1, 0, 1, 0, 1, 1, 0, 1)",7.0,10.0,9.0,13.0,18.93166666666667,18.653666666666666,15.541,18.802333333333333,0.0,1.9700475133167972,1.3484177185199584,1.909697498796045,7.0,2.0,1.0,1.0,0.13918698047818429,0.07087599070540151,0.059625313596337916,0.06048263606708659,3.0,2.0,6.0,-0.27800000000000225,-3.390666666666668,-0.12933333333333508,1.9700475133167972,1.3484177185199584,1.909697498796045,-3.1164555912406713,-6.569765960055544,-2.8266969447305574
24,0,0.0,1.3862943611198906,-2.5897827058201055,"(0, 0, 0, 0, 0, 1, 1, 0, 0, 0, 0, 0, 1, 1, 0, 1, 0, 0, 0, 1, 0, 0, 1, 1, 0)",4.0,7.0,9.0,12.0,7.441666666666666,14.670666666666667,14.735,17.637666666666668,0.0,2.5897827058201055,3.4018200311167606,3.0295152771673344,1.0,1.0,11.0,1.0,0.15265398534057711,0.03851824154163692,0.08674197904717419,0.04917446671317974,3.0,5.0,8.0,7.229000000000001,7.293333333333333,10.196000000000002,2.5897827058201055,3.4018200311167606,3.0295152771673344,6.431320774931465,5.394782947085879,9.93485736031477
24,1,0.2857142857142857,1.3862943611198906,-0.6542539220951921,"(1, 1, 0, 1, 1, 0, 1, 1, 0, 1, 0, 0, 1, 0, 1, 0, 0, 0, 1, 0, 0, 0, 1, 0, 1)",8.0,12.0,12.0,14.0,14.747333333333334,18.611333333333334,19.577333333333332,21.119666666666667,0.0,0.6542539220951921,0.8046129488293241,1.3252357961478982,3.0,2.0,1.0,3.0,0.14714910245334434,0.05031618322019988,0.052736482856063346,0.03969242900041476,4.0,4.0,6.0,3.8640000000000008,4.829999999999998,6.372333333333334,0.6542539220951921,0.8046129488293241,1.3252357961478982,4.4496528884261215,5.58037137036293,6.996762855822257
24,2,0.5714285714285714,1.3862943611198906,-1.5246773449010138,"(0, 0, 0, 0, 0, 1, 1, 1, 0, 0, 1, 0, 0, 1, 0, 1, 1, 1, 0, 0, 0, 0, 0, 0, 0)",5.0,9.0,9.0,14.0,11.164333333333333,14.050666666666666,14.486,20.834666666666667,0.0,1.5571936493046143,1.5246773449010138,2.5115032842288683,4.0,7.0,10.0,14.0,0.17930519972792616,0.06089380707568528,0.03795906155973457,0.0197510345179056,4.0,4.0,9.0,2.886333333333333,3.321666666666667,9.670333333333334,1.5571936493046143,1.5246773449010138,2.5115032842288683,1.8425788491096857,2.491156163756382,9.924245729289149
24,3,0.8571428571428571,1.3862943611198906,-0.9866333984443647,"(0, 0, 1, 1, 0, 0, 1, 1, 0, 0, 0, 1, 1, 0, 1, 1, 0, 1, 0, 0, 1, 0, 0, 1, 1)",11.0,12.0,11.0,13.0,15.602333333333334,19.044666666666668,18.745,20.083666666666666,0.0,0.9866333984443647,1.1272113482972619,1.6865503164677793,48.0,2.0,2.0,3.0,0.13904332691640847,0.03829919113815201,0.059537004288474936,0.031149039848560968,1.0,0.0,2.0,3.442333333333334,3.142666666666667,4.481333333333332,0.9866333984443647,1.1272113482972619,1.6865503164677793,3.40432297233906,2.7940143429445996,3.874391936834351
24,4,1.1428571428571428,1.3862943611198906,-1.0715516296982992,"(0, 1, 0, 0, 1, 0, 1, 1, 0, 1, 1, 0, 1, 0, 0, 0, 1, 1, 0, 1, 1, 1, 1, 0, 1)",8.0,13.0,13.0,14.0,13.396333333333333,16.989,19.091,21.075333333333333,0.0,1.0715516296982992,1.2465481878836664,1.8784442625881301,8.0,20.0,8.0,3.0,0.1231121912478776,0.039833489618228045,0.05710449274641218,0.03152226708173038,5.0,5.0,6.0,3.592666666666668,5.694666666666668,7.679,1.0715516296982992,1.2465481878836664,1.8784442625881301,3.495007559483814,6.1664015647300605,8.041277710135704
24,5,1.4285714285714284,1.3862943611198906,1.1909346790967392,"(0, 0, 1, 1, 1, 0, 0, 0, 0, 0, 0, 1, 0, 0, 0, 1, 0, 0, 0, 1, 1, 0, 1, 1, 1)",7.0,12.0,10.0,12.0,16.492333333333335,19.698666666666668,15.219,19.347333333333335,0.0,1.1217585904768563,1.1909346790967392,1.5808376697970472,1.0,1.0,3.0,3.0,0.08425060199278368,0.051393881659691165,0.060757820519550844,0.029017719396412272,5.0,3.0,5.0,3.2063333333333333,-1.2733333333333352,2.8550000000000004,1.1217585904768563,1.1909346790967392,1.5808376697970472,2.8898342113548794,-3.4162008499199326,1.766364053511734
24,6,1.7142857142857142,1.3862943611198906,-0.7821241736378226,"(0, 0, 0, 1, 0, 0, 1, 1, 0, 0, 1, 0, 0, 1, 0, 1, 1, 0, 1, 1, 0, 0, 1, 0, 0)",7.0,12.0,10.0,13.0,9.719666666666667,18.113666666666667,15.559,19.373333333333335,0.0,0.7821241736378226,1.1451715619091052,1.9667666166621476,8.0,1.0,2.0,6.0,0.22872681590176322,0.04255764623455882,0.03795802535312418,0.018205384734878483,5.0,3.0,6.0,8.394,5.839333333333332,9.653666666666668,0.7821241736378226,1.1451715619091052,1.9667666166621476,10.552300535630694,6.507489993909963,10.65630619381347
24,7,2.0,1.3862943611198906,1.3484177185199584,"(0, 0, 0, 0, 0, 1, 0, 0, 1, 1, 1, 1, 1, 1, 1, 0, 1, 1, 0, 1, 0, 1, 1, 0, 1)",7.0,10.0,9.0,13.0,18.93166666666667,18.653666666666666,15.541,18.802333333333333,0.0,1.9700475133167972,1.3484177185199584,1.909697498796045,7.0,2.0,1.0,1.0,0.13918698047818429,0.07087599070540151,0.059625313596337916,0.06048263606708659,3.0,2.0,6.0,-0.27800000000000225,-3.390666666666668,-0.12933333333333508,1.9700475133167972,1.3484177185199584,1.909697498796045,-3.1164555912406713,-6.569765960055544,-2.8266969447305574
25,0,0.0,1.3862943611198906,-2.5897827058201055,"(0, 0, 0, 0, 0, 1, 1, 0, 0, 0, 0, 0, 1, 1, 0, 1, 0, 0, 0, 1, 0, 0, 1, 1, 0)",4.0,7.0,9.0,12.0,7.441666666666666,14.670666666666667,14.735,17.637666666666668,0.0,2.5897827058201055,3.4018200311167606,3.0295152771673344,1.0,1.0,11.0,1.0,0.15265398534057711,0.03851824154163692,0.08674197904717419,0.04917446671317974,3.0,5.0,8.0,7.229000000000001,7.293333333333333,10.196000000000002,2.5897827058201055,3.4018200311167606,3.0295152771673344,6.431320774931465,5.394782947085879,9.93485736031477
25,1,0.2857142857142857,1.3862943611198906,-0.6542539220951921,"(1, 1, 0, 1, 1, 0, 1, 1, 0, 1, 0, 0, 1, 0, 1, 0, 0, 0, 1, 0, 0, 0, 1, 0, 1)",8.0,12.0,12.0,14.0,14.747333333333334,18.611333333333334,19.577333333333332,21.119666666666667,0.0,0.6542539220951921,0.8046129488293241,1.3252357961478982,3.0,2.0,1.0,3.0,0.14714910245334434,0.05031618322019988,0.052736482856063346,0.03969242900041476,4.0,4.0,6.0,3.8640000000000008,4.829999999999998,6.372333333333334,0.6542539220951921,0.8046129488293241,1.3252357961478982,4.4496528884261215,5.58037137036293,6.996762855822257
25,2,0.5714285714285714,1.3862943611198906,-1.5246773449010138,"(0, 0, 0, 0, 0, 1, 1, 1, 0, 0, 1, 0, 0, 1, 0, 1, 1, 1, 0, 0, 0, 0, 0, 0, 0)",5.0,9.0,9.0,14.0,11.164333333333333,14.050666666666666,14.486,20.834666666666667,0.0,1.5571936493046143,1.5246773449010138,2.5115032842288683,4.0,7.0,10.0,14.0,0.17930519972792616,0.06089380707568528,0.03795906155973457,0.0197510345179056,4.0,4.0,9.0,2.886333333333333,3.321666666666667,9.670333333333334,1.5571936493046143,1.5246773449010138,2.5115032842288683,1.8425788491096857,2.491156163756382,9.924245729289149
25,3,0.8571428571428571,1.3862943611198906,-0.9866333984443647,"(0, 0, 1, 1, 0, 0, 1, 1, 0, 0, 0, 1, 1, 0, 1, 1, 0, 1, 0, 0, 1, 0, 0, 1, 1)",11.0,12.0,11.0,13.0,15.602333333333334,19.044666666666668,18.745,20.083666666666666,0.0,0.9866333984443647,1.1272113482972619,1.6865503164677793,48.0,2.0,2.0,3.0,0.13904332691640847,0.03829919113815201,0.059537004288474936,0.031149039848560968,1.0,0.0,2.0,3.442333333333334,3.142666666666667,4.481333333333332,0.9866333984443647,1.1272113482972619,1.6865503164677793,3.40432297233906,2.7940143429445996,3.874391936834351
25,4,1.1428571428571428,1.3862943611198906,-1.0715516296982992,"(0, 1, 0, 0, 1, 0, 1, 1, 0, 1, 1, 0, 1, 0, 0, 0, 1, 1, 0, 1, 1, 1, 1, 0, 1)",8.0,13.0,13.0,14.0,13.396333333333333,16.989,19.091,21.075333333333333,0.0,1.0715516296982992,1.2465481878836664,1.8784442625881301,8.0,20.0,8.0,3.0,0.1231121912478776,0.039833489618228045,0.05710449274641218,0.03152226708173038,5.0,5.0,6.0,3.592666666666668,5.694666666666668,7.679,1.0715516296982992,1.2465481878836664,1.8784442625881301,3.495007559483814,6.1664015647300605,8.041277710135704
25,5,1.4285714285714284,1.3862943611198906,1.1909346790967392,"(0, 0, 1, 1, 1, 0, 0, 0, 0, 0, 0, 1, 0, 0, 0, 1, 0, 0, 0, 1, 1, 0, 1, 1, 1)",7.0,12.0,10.0,12.0,16.492333333333335,19.698666666666668,15.219,19.347333333333335,0.0,1.1217585904768563,1.1909346790967392,1.5808376697970472,1.0,1.0,3.0,3.0,0.08425060199278368,0.051393881659691165,0.060757820519550844,0.029017719396412272,5.0,3.0,5.0,3.2063333333333333,-1.2733333333333352,2.8550000000000004,1.1217585904768563,1.1909346790967392,1.5808376697970472,2.8898342113548794,-3.4162008499199326,1.766364053511734
25,6,1.7142857142857142,1.3862943611198906,-0.7821241736378226,"(0, 0, 0, 1, 0, 0, 1, 1, 0, 0, 1, 0, 0, 1, 0, 1, 1, 0, 1, 1, 0, 0, 1, 0, 0)",7.0,12.0,10.0,13.0,9.719666666666667,18.113666666666667,15.559,19.373333333333335,0.0,0.7821241736378226,1.1451715619091052,1.9667666166621476,8.0,1.0,2.0,6.0,0.22872681590176322,0.04255764623455882,0.03795802535312418,0.018205384734878483,5.0,3.0,6.0,8.394,5.839333333333332,9.653666666666668,0.7821241736378226,1.1451715619091052,1.9667666166621476,10.552300535630694,6.507489993909963,10.65630619381347
25,7,2.0,1.3862943611198906,1.3484177185199584,"(0, 0, 0, 0, 0, 1, 0, 0, 1, 1, 1, 1, 1, 1, 1, 0, 1, 1, 0, 1, 0, 1, 1, 0, 1)",7.0,10.0,9.0,13.0,18.93166666666667,18.653666666666666,15.541,18.802333333333333,0.0,1.9700475133167972,1.3484177185199584,1.909697498796045,7.0,2.0,1.0,1.0,0.13918698047818429,0.07087599070540151,0.059625313596337916,0.06048263606708659,3.0,2.0,6.0,-0.27800000000000225,-3.390666666666668,-0.12933333333333508,1.9700475133167972,1.3484177185199584,1.909697498796045,-3.1164555912406713,-6.569765960055544,-2.8266969447305574
26,0,0.0,1.3862943611198906,-2.5897827058201055,"(0, 0, 0, 0, 0, 1, 1, 0, 0, 0, 0, 0, 1, 1, 0, 1, 0, 0, 0, 1, 0, 0, 1, 1, 0)",4.0,7.0,9.0,12.0,7.441666666666666,14.670666666666667,14.735,17.637666666666668,0.0,2.5897827058201055,3.4018200311167606,3.0295152771673344,1.0,1.0,11.0,1.0,0.15265398534057711,0.03851824154163692,0.08674197904717419,0.04917446671317974,3.0,5.0,8.0,7.229000000000001,7.293333333333333,10.196000000000002,2.5897827058201055,3.4018200311167606,3.0295152771673344,6.431320774931465,5.394782947085879,9.93485736031477
26,1,0.2857142857142857,1.3862943611198906,-0.19333333333333513,"(1, 1, 1, 0, 1, 0, 1, 1, 0, 1, 0, 0, 1, 0, 1, 0, 0, 0, 1, 0, 0, 0, 1, 0, 1)",7.0,12.0,11.0,14.0,18.959,19.152333333333335,19.826333333333334,19.724666666666668,0.0,1.303278433794828,1.2512307821701154,1.782528096069314,2.0,5.0,2.0,8.0,0.11248559073997136,0.04833534106636653,0.029001999781352563,0.03243022704229393,5.0,4.0,7.0,0.19333333333333513,0.8673333333333346,0.765666666666668,1.303278433794828,1.2512307821701154,1.782528096069314,-1.538710633922418,-0.5321948685707409,-1.4096692656211998
26,2,0.5714285714285714,1.3862943611198906,-1.53716939742177,"(0, 0, 0, 0, 0, 0, 0, 1, 0, 0, 1, 0, 0, 1, 0, 1, 1, 1, 0, 0, 0, 0, 0, 0, 0)",4.0,9.0,8.0,11.0,8.530333333333333,18.577333333333332,14.01,19.410666666666668,0.0,1.53716939742177,2.068312678614178,2.8930654038564385,2.0,2.0,9.0,1.0,0.20484842347320192,0.06476413378741648,0.06338474970048794,0.02639604162174458,5.0,4.0,7.0,10.046999999999999,5.479666666666667,10.880333333333335,1.53716939742177,2.068312678614178,2.8930654038564385,11.797130178439678,4.729140797421016,11.072704491387565
26,3,0.8571428571428571,1.3862943611198906,-0.9866333984443647,"(0, 0, 1, 1, 0, 0, 1, 1, 0, 0, 0, 1, 1, 0, 1, 1, 0, 1, 0, 0, 1, 0, 0, 1, 1)",11.0,12.0,11.0,13.0,15.602333333333334,19.044666666666668,18.745,20.083666666666666,0.0,0.9866333984443647,1.1272113482972619,1.6865503164677793,48.0,2.0,2.0,3.0,0.13904332691640847,0.03829919113815201,0.059537004288474936,0.031149039848560968,1.0,0.0,2.0,3.442333333333334,3.142666666666667,4.481333333333332,0.9866333984443647,1.1272113482972619,1.6865503164677793,3.40432297233906,2.7940143429445996,3.874391936834351
26,4,1.1428571428571428,1.3862943611198906,-1.0182409098778995,"(0, 1, 0, 1, 0, 0, 1, 1, 0, 1, 1, 0, 1, 0, 0, 0, 1, 1, 0, 1, 1, 1, 1, 0, 1)",9.0,13.0,14.0,15.0,15.580666666666668,20.96,18.44633333333333,21.501333333333335,0.0,1.0182409098778995,1.026574079315298,1.3253513206779919,2.0,4.0,13.0,1.0,0.09785322639903887,0.042286323503359126,0.07073086999625866,0.08772993367785059,4.0,5.0,6.0,5.379333333333333,2.865666666666664,5.920666666666667,1.0182409098778995,1.026574079315298,1.3253513206779919,6.045757834958946,2.5495236834225885,6.3704597517118
26,5,1.4285714285714284,1.3862943611198906,1.1909346790967392,"(0, 0, 1, 1, 1, 0, 0, 0, 0, 0, 0, 1, 0, 0, 0, 1, 0, 0, 0, 1, 1, 0, 1, 1, 1)",7.0,12.0,10.0,12.0,16.492333333333335,19.698666666666668,15.219,19.347333333333335,0.0,1.1217585904768563,1.1909346790967392,1.5808376697970472,1.0,1.0,3.0,3.0,0.08425060199278368,0.051393881659691165,0.060757820519550844,0.029017719396412272,5.0,3.0,5.0,3.2063333333333333,-1.2733333333333352,2.8550000000000004,1.1217585904768563,1.1909346790967392,1.5808376697970472,2.8898342113548794,-3.4162008499199326,1.766364053511734
26,6,1.7142857142857142,1.3862943611198906,-0.7821241736378226,"(0, 0, 0, 1, 0, 0, 1, 1, 0, 0, 1, 0, 0, 1, 0, 1, 1, 0, 1, 1, 0, 0, 1, 0, 0)",7.0,12.0,10.0,13.0,9.719666666666667,18.113666666666667,15.559,19.373333333333335,0.0,0.7821241736378226,1.1451715619091052,1.9667666166621476,8.0,1.0,2.0,6.0,0.22872681590176322,0.04255764623455882,0.03795802535312418,0.018205384734878483,5.0,3.0,6.0,8.394,5.839333333333332,9.653666666666668,0.7821241736378226,1.1451715619091052,1.9667666166621476,10.552300535630694,6.507489993909963,10.65630619381347
26,7,2.0,1.3862943611198906,1.3484177185199584,"(0, 0, 0, 0, 0, 1, 0, 0, 1, 1, 1, 1, 1, 1, 1, 0, 1, 1, 0, 1, 0, 1, 1, 0, 1)",7.0,10.0,9.0,13.0,18.93166666666667,18.653666666666666,15.541,18.802333333333333,0.0,1.9700475133167972,1.3484177185199584,1.909697498796045,7.0,2.0,1.0,1.0,0.13918698047818429,0.07087599070540151,0.059625313596337916,0.06048263606708659,3.0,2.0,6.0,-0.27800000000000225,-3.390666666666668,-0.12933333333333508,1.9700475133167972,1.3484177185199584,1.909697498796045,-3.1164555912406713,-6.569765960055544,-2.8266969447305574
27,0,0.0,1.3862943611198906,-0.6506666666666678,"(1, 0, 0, 0, 0, 1, 1, 0, 0, 0, 0, 0, 1, 1, 0, 1, 0, 0, 0, 1, 1, 0, 1, 1, 0)",5.0,8.0,10.0,12.0,15.206,15.856666666666667,16.326,17.31,0.0,1.8185178380110536,1.751490505650906,1.8415380260409824,1.0,1.0,4.0,3.0,0.08143082103652154,0.0404097527866589,0.08816247663243179,0.04536376472628115,3.0,5.0,7.0,0.6506666666666678,1.120000000000001,2.103999999999999,1.8185178380110536,1.751490505650906,1.8415380260409824,-1.6189854934619812,-0.875431727084598,0.36384955450778056
27,1,0.2857142857142857,1.3862943611198906,-0.19333333333333513,"(1, 1, 1, 0, 1, 0, 1, 1, 0, 1, 0, 0, 1, 0, 1, 0, 0, 0, 1, 0, 0, 0, 1, 0, 1)",7.0,12.0,11.0,14.0,18.959,19.152333333333335,19.826333333333334,19.724666666666668,0.0,1.303278433794828,1.2512307821701154,1.782528096069314,2.0,5.0,2.0,8.0,0.11248559073997136,0.04833534106636653,0.029001999781352563,0.03243022704229393,5.0,4.0,7.0,0.19333333333333513,0.8673333333333346,0.765666666666668,1.303278433794828,1.2512307821701154,1.782528096069314,-1.538710633922418,-0.5321948685707409,-1.4096692656211998
27,2,0.5714285714285714,1.3862943611198906,-1.4120717346013811,"(0, 0, 0, 0, 0, 0, 0, 1, 0, 0, 1, 0, 0, 1, 0, 1, 0, 1, 0, 0, 0, 1, 0, 0, 0)",5.0,8.0,10.0,12.0,8.794666666666666,15.797333333333333,17.751,17.502666666666666,0.0,1.6890533479531344,1.4120717346013811,2.918195839969407,4.0,1.0,5.0,4.0,0.1483527072837871,0.048784656102435923,0.062112416951051096,0.014616481398102016,3.0,5.0,7.0,7.002666666666666,8.956333333333335,8.708,1.6890533479531344,1.4120717346013811,2.918195839969407,7.366232180904118,10.458567313135438,8.026372859038895
27,3,0.8571428571428571,1.3862943611198906,-0.9866333984443647,"(0, 0, 1, 1, 0, 0, 1, 1, 0, 0, 0, 1, 1, 0, 1, 1, 0, 1, 0, 0, 1, 0, 0, 1, 1)",11.0,12.0,11.0,13.0,15.602333333333334,19.044666666666668,18.745,20.083666666666666,0.0,0.9866333984443647,1.1272113482972619,1.6865503164677793,48.0,2.0,2.0,3.0,0.13904332691640847,0.03829919113815201,0.059537004288474936,0.031149039848560968,1.0,0.0,2.0,3.442333333333334,3.142666666666667,4.481333333333332,0.9866333984443647,1.1272113482972619,1.6865503164677793,3.40432297233906,2.7940143429445996,3.874391936834351
27,4,1.1428571428571428,1.3862943611198906,-0.33999639369999285,"(0, 1, 1, 1, 0, 0, 1, 1, 0, 1, 1, 0, 1, 0, 0, 0, 1, 1, 0, 1, 1, 1, 0, 0, 1)",10.0,12.0,13.0,15.0,15.545333333333334,18.515666666666668,20.219,22.462333333333333,0.0,0.385412937297347,0.33999639369999285,0.8766848523368796,10.0,10.0,7.0,3.0,0.1979749240053559,0.05079784383738577,0.04709879147623301,0.035920561381365436,2.0,3.0,5.0,2.9703333333333344,4.6736666666666675,6.917,0.385412937297347,0.33999639369999285,0.8766848523368796,3.5834605689684835,6.007742662366598,8.373654828592443
27,5,1.4285714285714284,1.3862943611198906,1.1909346790967392,"(0, 0, 1, 1, 1, 0, 0, 0, 0, 0, 0, 1, 0, 0, 0, 1, 0, 0, 0, 1, 1, 0, 1, 1, 1)",7.0,12.0,10.0,12.0,16.492333333333335,19.698666666666668,15.219,19.347333333333335,0.0,1.1217585904768563,1.1909346790967392,1.5808376697970472,1.0,1.0,3.0,3.0,0.08425060199278368,0.051393881659691165,0.060757820519550844,0.029017719396412272,5.0,3.0,5.0,3.2063333333333333,-1.2733333333333352,2.8550000000000004,1.1217585904768563,1.1909346790967392,1.5808376697970472,2.8898342113548794,-3.4162008499199326,1.766364053511734
27,6,1.7142857142857142,1.3862943611198906,-0.7821241736378226,"(0, 0, 0, 1, 0, 0, 1, 1, 0, 0, 1, 0, 0, 1, 0, 1, 1, 0, 1, 1, 0, 0, 1, 0, 0)",7.0,12.0,10.0,13.0,9.719666666666667,18.113666666666667,15.559,19.373333333333335,0.0,0.7821241736378226,1.1451715619091052,1.9667666166621476,8.0,1.0,2.0,6.0,0.22872681590176322,0.04255764623455882,0.03795802535312418,0.018205384734878483,5.0,3.0,6.0,8.394,5.839333333333332,9.653666666666668,0.7821241736378226,1.1451715619091052,1.9667666166621476,10.552300535630694,6.507489993909963,10.65630619381347
27,7,2.0,1.3862943611198906,1.3484177185199584,"(0, 0, 0, 0, 0, 1, 0, 0, 1, 1, 1, 1, 1, 1, 1, 0, 1, 1, 0, 1, 0, 1, 1, 0, 1)",7.0,10.0,9.0,13.0,18.93166666666667,18.653666666666666,15.541,18.802333333333333,0.0,1.9700475133167972,1.3484177185199584,1.909697498796045,7.0,2.0,1.0,1.0,0.13918698047818429,0.07087599070540151,0.059625313596337916,0.06048263606708659,3.0,2.0,6.0,-0.27800000000000225,-3.390666666666668,-0.12933333333333508,1.9700475133167972,1.3484177185199584,1.909697498796045,-3.1164555912406713,-6.569765960055544,-2.8266969447305574
28,0,0.0,1.3862943611198906,-0.6506666666666678,"(1, 0, 0, 0, 0, 1, 1, 0, 0, 0, 0, 0, 1, 1, 0, 1, 0, 0, 0, 1, 1, 0, 1, 1, 0)",5.0,8.0,10.0,12.0,15.206,15.856666666666667,16.326,17.31,0.0,1.8185178380110536,1.751490505650906,1.8415380260409824,1.0,1.0,4.0,3.0,0.08143082103652154,0.0404097527866589,0.08816247663243179,0.04536376472628115,3.0,5.0,7.0,0.6506666666666678,1.120000000000001,2.103999999999999,1.8185178380110536,1.751490505650906,1.8415380260409824,-1.6189854934619812,-0.875431727084598,0.36384955450778056
28,1,0.2857142857142857,1.3862943611198906,-0.19333333333333513,"(1, 1, 1, 0, 1, 0, 1, 1, 0, 1, 0, 0, 1, 0, 1, 0, 0, 0, 1, 0, 0, 0, 1, 0, 1)",7.0,12.0,11.0,14.0,18.959,19.152333333333335,19.826333333333334,19.724666666666668,0.0,1.303278433794828,1.2512307821701154,1.782528096069314,2.0,5.0,2.0,8.0,0.11248559073997136,0.04833534106636653,0.029001999781352563,0.03243022704229393,5.0,4.0,7.0,0.19333333333333513,0.8673333333333346,0.765666666666668,1.303278433794828,1.2512307821701154,1.782528096069314,-1.538710633922418,-0.5321948685707409,-1.4096692656211998
28,2,0.5714285714285714,1.3862943611198906,-0.8453623014109087,"(0, 0, 0, 0, 0, 0, 1, 0, 0, 0, 1, 0, 0, 1, 0, 1, 0, 1, 0, 0, 0, 1, 0, 0, 0)",5.0,9.0,8.0,12.0,8.203333333333333,15.345,17.619666666666667,17.080666666666666,0.0,1.1931296451685116,0.8453623014109087,1.8077432501710158,2.0,2.0,1.0,3.0,0.17281825359898034,0.05649574136121803,0.060751188251124605,0.03244257412049479,4.0,3.0,7.0,7.1416666666666675,9.416333333333334,8.877333333333333,1.1931296451685116,0.8453623014109087,1.8077432501710158,8.246423329815803,11.881888810875989,9.800532867717019
28,3,0.8571428571428571,1.3862943611198906,-0.9866333984443647,"(0, 0, 1, 1, 0, 0, 1, 1, 0, 0, 0, 1, 1, 0, 1, 1, 0, 1, 0, 0, 1, 0, 0, 1, 1)",11.0,12.0,11.0,13.0,15.602333333333334,19.044666666666668,18.745,20.083666666666666,0.0,0.9866333984443647,1.1272113482972619,1.6865503164677793,48.0,2.0,2.0,3.0,0.13904332691640847,0.03829919113815201,0.059537004288474936,0.031149039848560968,1.0,0.0,2.0,3.442333333333334,3.142666666666667,4.481333333333332,0.9866333984443647,1.1272113482972619,1.6865503164677793,3.40432297233906,2.7940143429445996,3.874391936834351
28,4,1.1428571428571428,1.3862943611198906,-0.12802428424942158,"(0, 1, 1, 0, 1, 0, 1, 1, 0, 1, 1, 0, 1, 0, 0, 0, 1, 1, 0, 1, 1, 1, 0, 0, 1)",8.0,13.0,10.0,13.0,16.559333333333335,18.984333333333332,20.094333333333335,20.071666666666665,0.0,0.12802428424942158,0.4831081815796029,0.7448944684064149,5.0,7.0,3.0,2.0,0.12884680244326954,0.06384194068950375,0.0415950280032964,0.03593830654852632,5.0,2.0,5.0,2.424999999999997,3.535,3.5123333333333306,0.12802428424942158,0.4831081815796029,0.7448944684064149,3.1842844823743475,4.230820418624125,3.836484893192214
28,5,1.4285714285714284,1.3862943611198906,1.1909346790967392,"(0, 0, 1, 1, 1, 0, 0, 0, 0, 0, 0, 1, 0, 0, 0, 1, 0, 0, 0, 1, 1, 0, 1, 1, 1)",7.0,12.0,10.0,12.0,16.492333333333335,19.698666666666668,15.219,19.347333333333335,0.0,1.1217585904768563,1.1909346790967392,1.5808376697970472,1.0,1.0,3.0,3.0,0.08425060199278368,0.051393881659691165,0.060757820519550844,0.029017719396412272,5.0,3.0,5.0,3.2063333333333333,-1.2733333333333352,2.8550000000000004,1.1217585904768563,1.1909346790967392,1.5808376697970472,2.8898342113548794,-3.4162008499199326,1.766364053511734
28,6,1.7142857142857142,1.3862943611198906,-0.7821241736378226,"(0, 0, 0, 1, 0, 0, 1, 1, 0, 0, 1, 0, 0, 1, 0, 1, 1, 0, 1, 1, 0, 0, 1, 0, 0)",7.0,12.0,10.0,13.0,9.719666666666667,18.113666666666667,15.559,19.373333333333335,0.0,0.7821241736378226,1.1451715619091052,1.9667666166621476,8.0,1.0,2.0,6.0,0.22872681590176322,0.04255764623455882,0.03795802535312418,0.018205384734878483,5.0,3.0,6.0,8.394,5.839333333333332,9.653666666666668,0.7821241736378226,1.1451715619091052,1.9667666166621476,10.552300535630694,6.507489993909963,10.65630619381347
28,7,2.0,1.3862943611198906,1.3484177185199584,"(0, 0, 0, 0, 0, 1, 0, 0, 1, 1, 1, 1, 1, 1, 1, 0, 1, 1, 0, 1, 0, 1, 1, 0, 1)",7.0,10.0,9.0,13.0,18.93166666666667,18.653666666666666,15.541,18.802333333333333,0.0,1.9700475133167972,1.3484177185199584,1.909697498796045,7.0,2.0,1.0,1.0,0.13918698047818429,0.07087599070540151,0.059625313596337916,0.06048263606708659,3.0,2.0,6.0,-0.27800000000000225,-3.390666666666668,-0.12933333333333508,1.9700475133167972,1.3484177185199584,1.909697498796045,-3.1164555912406713,-6.569765960055544,-2.8266969447305574
29,0,0.0,1.3862943611198906,-0.6506666666666678,"(1, 0, 0, 0, 0, 1, 1, 0, 0, 0, 0, 0, 1, 1, 0, 1, 0, 0, 0, 1, 1, 0, 1, 1, 0)",5.0,8.0,10.0,12.0,15.206,15.856666666666667,16.326,17.31,0.0,1.8185178380110536,1.751490505650906,1.8415380260409824,1.0,1.0,4.0,3.0,0.08143082103652154,0.0404097527866589,0.08816247663243179,0.04536376472628115,3.0,5.0,7.0,0.6506666666666678,1.120000000000001,2.103999999999999,1.8185178380110536,1.751490505650906,1.8415380260409824,-1.6189854934619812,-0.875431727084598,0.36384955450778056
29,1,0.2857142857142857,1.3862943611198906,-0.9061667124166961,"(1, 1, 1, 0, 1, 0, 1, 1, 0, 1, 0, 0, 1, 0, 1, 0, 0, 1, 1, 0, 0, 0, 0, 0, 1)",7.0,11.0,10.0,13.0,11.742333333333333,20.794333333333334,17.664,20.737666666666666,0.0,1.157917768396068,0.9061667124166961,1.0604458715386602,4.0,1.0,1.0,2.0,0.09243333968880683,0.04702341207834025,0.04364742802486362,0.022381033979788537,4.0,3.0,6.0,9.052000000000001,5.921666666666669,8.995333333333333,1.157917768396068,0.9061667124166961,1.0604458715386602,10.943521683889255,6.952959304773806,11.000089744406875
29,2,0.5714285714285714,1.3862943611198906,-0.8453623014109087,"(0, 0, 0, 0, 0, 0, 1, 0, 0, 0, 1, 0, 0, 1, 0, 1, 0, 1, 0, 0, 0, 1, 0, 0, 0)",5.0,9.0,8.0,12.0,8.203333333333333,15.345,17.619666666666667,17.080666666666666,0.0,1.1931296451685116,0.8453623014109087,1.8077432501710158,2.0,2.0,1.0,3.0,0.17281825359898034,0.05649574136121803,0.060751188251124605,0.03244257412049479,4.0,3.0,7.0,7.1416666666666675,9.416333333333334,8.877333333333333,1.1931296451685116,0.8453623014109087,1.8077432501710158,8.246423329815803,11.881888810875989,9.800532867717019
29,3,0.8571428571428571,1.3862943611198906,-1.419958209189086,"(0, 0, 1, 1, 0, 1, 1, 1, 0, 1, 0, 1, 1, 0, 1, 1, 0, 1, 0, 0, 1, 0, 0, 1, 1)",10.0,13.0,14.0,14.0,13.872333333333334,18.821666666666665,21.101666666666667,21.476333333333333,0.0,1.4753791770925238,1.419958209189086,1.886338438811175,14.0,2.0,2.0,3.0,0.09403484021752999,0.0633484336337237,0.037490344343736805,0.023765184976830278,3.0,4.0,4.0,4.949333333333332,7.229333333333333,7.603999999999999,1.4753791770925238,1.419958209189086,1.886338438811175,4.815923057585639,8.053503976231333,7.926361981068017
29,4,1.1428571428571428,1.3862943611198906,-0.12802428424942158,"(0, 1, 1, 0, 1, 0, 1, 1, 0, 1, 1, 0, 1, 0, 0, 0, 1, 1, 0, 1, 1, 1, 0, 0, 1)",8.0,13.0,10.0,13.0,16.559333333333335,18.984333333333332,20.094333333333335,20.071666666666665,0.0,0.12802428424942158,0.4831081815796029,0.7448944684064149,5.0,7.0,3.0,2.0,0.12884680244326954,0.06384194068950375,0.0415950280032964,0.03593830654852632,5.0,2.0,5.0,2.424999999999997,3.535,3.5123333333333306,0.12802428424942158,0.4831081815796029,0.7448944684064149,3.1842844823743475,4.230820418624125,3.836484893192214
29,5,1.4285714285714284,1.3862943611198906,1.1909346790967392,"(0, 0, 1, 1, 1, 0, 0, 0, 0, 0, 0, 1, 0, 0, 0, 1, 0, 0, 0, 1, 1, 0, 1, 1, 1)",7.0,12.0,10.0,12.0,16.492333333333335,19.698666666666668,15.219,19.347333333333335,0.0,1.1217585904768563,1.1909346790967392,1.5808376697970472,1.0,1.0,3.0,3.0,0.08425060199278368,0.051393881659691165,0.060757820519550844,0.029017719396412272,5.0,3.0,5.0,3.2063333333333333,-1.2733333333333352,2.8550000000000004,1.1217585904768563,1.1909346790967392,1.5808376697970472,2.8898342113548794,-3.4162008499199326,1.766364053511734
29,6,1.7142857142857142,1.3862943611198906,-0.7821241736378226,"(0, 0, 0, 1, 0, 0, 1, 1, 0, 0, 1, 0, 0, 1, 0, 1, 1, 0, 1, 1, 0, 0, 1, 0, 0)",7.0,12.0,10.0,13.0,9.719666666666667,18.113666666666667,15.559,19.373333333333335,0.0,0.7821241736378226,1.1451715619091052,1.9667666166621476,8.0,1.0,2.0,6.0,0.22872681590176322,0.04255764623455882,0.03795802535312418,0.018205384734878483,5.0,3.0,6.0,8.394,5.839333333333332,9.653666666666668,0.7821241736378226,1.1451715619091052,1.9667666166621476,10.552300535630694,6.507489993909963,10.65630619381347
29,7,2.0,1.3862943611198906,1.3484177185199584,"(0, 0, 0, 0, 0, 1, 0, 0, 1, 1, 1, 1, 1, 1, 1, 0, 1, 1, 0, 1, 0, 1, 1, 0, 1)",7.0,10.0,9.0,13.0,18.93166666666667,18.653666666666666,15.541,18.802333333333333,0.0,1.9700475133167972,1.3484177185199584,1.909697498796045,7.0,2.0,1.0,1.0,0.13918698047818429,0.07087599070540151,0.059625313596337916,0.06048263606708659,3.0,2.0,6.0,-0.27800000000000225,-3.390666666666668,-0.12933333333333508,1.9700475133167972,1.3484177185199584,1.909697498796045,-3.1164555912406713,-6.569765960055544,-2.8266969447305574
30,0,0.0,1.3862943611198906,-0.6506666666666678,"(1, 0, 0, 0, 0, 1, 1, 0, 0, 0, 0, 0, 1, 1, 0, 1, 0, 0, 0, 1, 1, 0, 1, 1, 0)",5.0,8.0,10.0,12.0,15.206,15.856666666666667,16.326,17.31,0.0,1.8185178380110536,1.751490505650906,1.8415380260409824,1.0,1.0,4.0,3.0,0.08143082103652154,0.0404097527866589,0.08816247663243179,0.04536376472628115,3.0,5.0,7.0,0.6506666666666678,1.120000000000001,2.103999999999999,1.8185178380110536,1.751490505650906,1.8415380260409824,-1.6189854934619812,-0.875431727084598,0.36384955450778056
30,1,0.2857142857142857,1.3862943611198906,-0.8453623014109087,"(0, 0, 0, 0, 0, 0, 1, 0, 0, 0, 1, 0, 0, 1, 0, 1, 0, 1, 0, 0, 0, 1, 0, 0, 0)",5.0,9.0,8.0,12.0,8.203333333333333,15.345,17.619666666666667,17.080666666666666,0.0,1.1931296451685116,0.8453623014109087,1.8077432501710158,2.0,2.0,1.0,3.0,0.17281825359898034,0.05649574136121803,0.060751188251124605,0.03244257412049479,4.0,3.0,7.0,7.1416666666666675,9.416333333333334,8.877333333333333,1.1931296451685116,0.8453623014109087,1.8077432501710158,8.246423329815803,11.881888810875989,9.800532867717019
30,2,0.5714285714285714,1.3862943611198906,-1.419958209189086,"(0, 0, 1, 1, 0, 1, 1, 1, 0, 1, 0, 1, 1, 0, 1, 1, 0, 1, 0, 0, 1, 0, 0, 1, 1)",10.0,13.0,14.0,14.0,13.872333333333334,18.821666666666665,21.101666666666667,21.476333333333333,0.0,1.4753791770925238,1.419958209189086,1.886338438811175,14.0,2.0,2.0,3.0,0.09403484021752999,0.0633484336337237,0.037490344343736805,0.023765184976830278,3.0,4.0,4.0,4.949333333333332,7.229333333333333,7.603999999999999,1.4753791770925238,1.419958209189086,1.886338438811175,4.815923057585639,8.053503976231333,7.926361981068017
30,3,0.8571428571428571,1.3862943611198906,-0.20723560371674546,"(0, 1, 1, 0, 1, 0, 1, 1, 0, 1, 1, 0, 1, 0, 0, 0, 1, 1, 1, 0, 1, 1, 0, 0, 1)",10.0,14.0,14.0,14.0,17.848666666666666,21.81,19.598,20.576666666666668,0.0,0.20723560371674546,0.4854494787228279,1.2422352720935148,6.0,4.0,6.0,6.0,0.09920897746074922,0.048176197653046565,0.06564458449976295,0.025088544513015995,4.0,4.0,4.0,3.9613333333333323,1.7493333333333325,2.7280000000000015,0.20723560371674546,0.4854494787228279,1.2422352720935148,5.2042845136604585,1.7521150607570142,2.059707264247591
30,4,1.1428571428571428,1.3862943611198906,0.7484603255686291,"(1, 1, 1, 0, 1, 0, 1, 1, 0, 1, 0, 0, 1, 0, 1, 0, 1, 0, 1, 0, 0, 0, 0, 0, 1)",8.0,12.0,12.0,16.0,18.881666666666668,19.098,17.049,21.69633333333333,0.0,0.888245006981552,0.7484603255686291,1.4124953245450562,1.0,6.0,5.0,3.0,0.09197160056384748,0.06998245877744064,0.0308615709221798,0.023544181522398677,4.0,4.0,8.0,0.21633333333333127,-1.8326666666666682,2.814666666666664,0.888245006981552,0.7484603255686291,1.4124953245450562,-0.9314673643491566,-3.5782017946701363,1.9438222249070938
30,5,1.4285714285714284,1.3862943611198906,-0.7821241736378226,"(0, 0, 0, 1, 0, 0, 1, 1, 0, 0, 1, 0, 0, 1, 0, 1, 1, 0, 1, 1, 0, 0, 1, 0, 0)",7.0,12.0,10.0,13.0,9.719666666666667,18.113666666666667,15.559,19.373333333333335,0.0,0.7821241736378226,1.1451715619091052,1.9667666166621476,8.0,1.0,2.0,6.0,0.22872681590176322,0.04255764623455882,0.03795802535312418,0.018205384734878483,5.0,3.0,6.0,8.394,5.839333333333332,9.653666666666668,0.7821241736378226,1.1451715619091052,1.9667666166621476,10.552300535630694,6.507489993909963,10.65630619381347
30,6,1.7142857142857142,1.3862943611198906,1.3484177185199584,"(0, 0, 0, 0, 0, 1, 0, 0, 1, 1, 1, 1, 1, 1, 1, 0, 1, 1, 0, 1, 0, 1, 1, 0, 1)",7.0,10.0,9.0,13.0,18.93166666666667,18.653666666666666,15.541,18.802333333333333,0.0,1.9700475133167972,1.3484177185199584,1.909697498796045,7.0,2.0,1.0,1.0,0.13918698047818429,0.07087599070540151,0.059625313596337916,0.06048263606708659,3.0,2.0,6.0,-0.27800000000000225,-3.390666666666668,-0.12933333333333508,1.9700475133167972,1.3484177185199584,1.909697498796045,-3.1164555912406713,-6.569765960055544,-2.8266969447305574
30,7,2.0,1.3862943611198906,1.1909346790967392,"(0, 0, 1, 1, 1, 0, 0, 0, 0, 0, 0, 1, 0, 0, 0, 1, 0, 0, 0, 1, 1, 0, 1, 1, 1)",7.0,12.0,10.0,12.0,16.492333333333335,19.698666666666668,15.219,19.347333333333335,0.0,1.1217585904768563,1.1909346790967392,1.5808376697970472,1.0,1.0,3.0,3.0,0.08425060199278368,0.051393881659691165,0.060757820519550844,0.029017719396412272,5.0,3.0,5.0,3.2063333333333333,-1.2733333333333352,2.8550000000000004,1.1217585904768563,1.1909346790967392,1.5808376697970472,2.8898342113548794,-3.4162008499199326,1.766364053511734
31,0,0.0,1.3862943611198906,-1.5664587166180988,"(1, 0, 0, 0, 0, 1, 1, 0, 0, 0, 1, 0, 1, 1, 0, 0, 0, 0, 0, 1, 1, 0, 1, 1, 0)",8.0,13.0,12.0,14.0,12.233,20.169,17.806,22.012333333333334,0.0,1.874716671083787,1.5664587166180988,1.7221934848192395,1.0,2.0,7.0,4.0,0.08408308597988236,0.05738447638050306,0.029100976335184988,0.0213288572860195,5.0,4.0,6.0,7.936,5.573,9.779333333333334,1.874716671083787,1.5664587166180988,1.7221934848192395,8.402722900026545,5.5542455887463795,11.169567538749458
31,1,0.2857142857142857,1.3862943611198906,-2.5339612528790103,"(0, 0, 0, 0, 0, 0, 1, 0, 0, 0, 0, 0, 0, 1, 1, 1, 0, 1, 0, 0, 0, 1, 0, 0, 0)",5.0,9.0,11.0,13.0,7.842333333333333,16.340666666666667,16.827333333333332,19.397,0.0,2.552160217186379,2.5339612528790103,2.8183287345213976,1.0,3.0,18.0,7.0,0.12925145640907768,0.03429730544864066,0.03733169281799054,0.019021135916430353,4.0,6.0,8.0,8.498333333333335,8.985,11.554666666666666,2.552160217186379,2.5339612528790103,2.8183287345213976,8.243146261157213,8.943038638499752,12.11113601217079
31,2,0.5714285714285714,1.3862943611198906,-1.1216815741234623,"(0, 0, 1, 1, 0, 1, 1, 1, 0, 1, 1, 1, 1, 0, 1, 0, 0, 1, 0, 0, 1, 0, 0, 1, 1)",7.0,14.0,11.0,15.0,12.218,20.405,17.971,21.636,0.0,1.1290212326020586,1.1216815741234623,1.6857339431217875,3.0,12.0,4.0,3.0,0.15580671646619842,0.038422264327990785,0.04398579613053061,0.03795788420093391,7.0,4.0,8.0,8.187000000000001,5.753,9.418,1.1290212326020586,1.1216815741234623,1.6857339431217875,9.784436166147684,6.420370618343292,10.719196833328995
31,3,0.8571428571428571,1.3862943611198906,-0.20723560371674546,"(0, 1, 1, 0, 1, 0, 1, 1, 0, 1, 1, 0, 1, 0, 0, 0, 1, 1, 1, 0, 1, 1, 0, 0, 1)",10.0,14.0,14.0,14.0,17.848666666666666,21.81,19.598,20.576666666666668,0.0,0.20723560371674546,0.4854494787228279,1.2422352720935148,6.0,4.0,6.0,6.0,0.09920897746074922,0.048176197653046565,0.06564458449976295,0.025088544513015995,4.0,4.0,4.0,3.9613333333333323,1.7493333333333325,2.7280000000000015,0.20723560371674546,0.4854494787228279,1.2422352720935148,5.2042845136604585,1.7521150607570142,2.059707264247591
31,4,1.1428571428571428,1.3862943611198906,0.7484603255686291,"(1, 1, 1, 0, 1, 0, 1, 1, 0, 1, 0, 0, 1, 0, 1, 0, 1, 0, 1, 0, 0, 0, 0, 0, 1)",8.0,12.0,12.0,16.0,18.881666666666668,19.098,17.049,21.69633333333333,0.0,0.888245006981552,0.7484603255686291,1.4124953245450562,1.0,6.0,5.0,3.0,0.09197160056384748,0.06998245877744064,0.0308615709221798,0.023544181522398677,4.0,4.0,8.0,0.21633333333333127,-1.8326666666666682,2.814666666666664,0.888245006981552,0.7484603255686291,1.4124953245450562,-0.9314673643491566,-3.5782017946701363,1.9438222249070938
31,5,1.4285714285714284,1.3862943611198906,-0.7821241736378226,"(0, 0, 0, 1, 0, 0, 1, 1, 0, 0, 1, 0, 0, 1, 0, 1, 1, 0, 1, 1, 0, 0, 1, 0, 0)",7.0,12.0,10.0,13.0,9.719666666666667,18.113666666666667,15.559,19.373333333333335,0.0,0.7821241736378226,1.1451715619091052,1.9667666166621476,8.0,1.0,2.0,6.0,0.22872681590176322,0.04255764623455882,0.03795802535312418,0.018205384734878483,5.0,3.0,6.0,8.394,5.839333333333332,9.653666666666668,0.7821241736378226,1.1451715619091052,1.9667666166621476,10.552300535630694,6.507489993909963,10.65630619381347
31,6,1.7142857142857142,1.3862943611198906,1.3484177185199584,"(0, 0, 0, 0, 0, 1, 0, 0, 1, 1, 1, 1, 1, 1, 1, 0, 1, 1, 0, 1, 0, 1, 1, 0, 1)",7.0,10.0,9.0,13.0,18.93166666666667,18.653666666666666,15.541,18.802333333333333,0.0,1.9700475133167972,1.3484177185199584,1.909697498796045,7.0,2.0,1.0,1.0,0.13918698047818429,0.07087599070540151,0.059625313596337916,0.06048263606708659,3.0,2.0,6.0,-0.27800000000000225,-3.390666666666668,-0.12933333333333508,1.9700475133167972,1.3484177185199584,1.909697498796045,-3.1164555912406713,-6.569765960055544,-2.8266969447305574
31,7,2.0,1.3862943611198906,1.1909346790967392,"(0, 0, 1, 1, 1, 0, 0, 0, 0, 0, 0, 1, 0, 0, 0, 1, 0, 0, 0, 1, 1, 0, 1, 1, 1)",7.0,12.0,10.0,12.0,16.492333333333335,19.698666666666668,15.219,19.347333333333335,0.0,1.1217585904768563,1.1909346790967392,1.5808376697970472,1.0,1.0,3.0,3.0,0.08425060199278368,0.051393881659691165,0.060757820519550844,0.029017719396412272,5.0,3.0,5.0,3.2063333333333333,-1.2733333333333352,2.8550000000000004,1.1217585904768563,1.1909346790967392,1.5808376697970472,2.8898342113548794,-3.4162008499199326,1.766364053511734
32,0,0.0,1.3862943611198906,-1.5664587166180988,"(1, 0, 0, 0, 0, 1, 1, 0, 0, 0, 1, 0, 1, 1, 0, 0, 0, 0, 0, 1, 1, 0, 1, 1, 0)",8.0,13.0,12.0,14.0,12.233,20.169,17.806,22.012333333333334,0.0,1.874716671083787,1.5664587166180988,1.7221934848192395,1.0,2.0,7.0,4.0,0.08408308597988236,0.05738447638050306,0.029100976335184988,0.0213288572860195,5.0,4.0,6.0,7.936,5.573,9.779333333333334,1.874716671083787,1.5664587166180988,1.7221934848192395,8.402722900026545,5.5542455887463795,11.169567538749458
32,1,0.2857142857142857,1.3862943611198906,-2.5339612528790103,"(0, 0, 0, 0, 0, 0, 1, 0, 0, 0, 0, 0, 0, 1, 1, 1, 0, 1, 0, 0, 0, 1, 0, 0, 0)",5.0,9.0,11.0,13.0,7.842333333333333,16.340666666666667,16.827333333333332,19.397,0.0,2.552160217186379,2.5339612528790103,2.8183287345213976,1.0,3.0,18.0,7.0,0.12925145640907768,0.03429730544864066,0.03733169281799054,0.019021135916430353,4.0,6.0,8.0,8.498333333333335,8.985,11.554666666666666,2.552160217186379,2.5339612528790103,2.8183287345213976,8.243146261157213,8.943038638499752,12.11113601217079
32,2,0.5714285714285714,1.3862943611198906,-0.17398764395588634,"(0, 0, 1, 1, 0, 1, 1, 1, 0, 1, 1, 1, 1, 0, 1, 0, 1, 1, 0, 0, 1, 1, 0, 1, 1)",12.0,13.0,14.0,13.0,17.875666666666667,20.83566666666667,18.520333333333333,21.25,0.0,0.9145537933014715,0.17398764395588634,1.076873459717932,16.0,2.0,14.0,1.0,0.05879054223080732,0.05842550952070107,0.05418241736688374,0.03190117452627358,1.0,2.0,1.0,2.960000000000001,0.6446666666666658,3.3743333333333325,0.9145537933014715,0.17398764395588634,1.076873459717932,2.8355905423202414,0.6524996750813745,3.184955667692246
32,3,0.8571428571428571,1.3862943611198906,-0.20723560371674546,"(0, 1, 1, 0, 1, 0, 1, 1, 0, 1, 1, 0, 1, 0, 0, 0, 1, 1, 1, 0, 1, 1, 0, 0, 1)",10.0,14.0,14.0,14.0,17.848666666666666,21.81,19.598,20.576666666666668,0.0,0.20723560371674546,0.4854494787228279,1.2422352720935148,6.0,4.0,6.0,6.0,0.09920897746074922,0.048176197653046565,0.06564458449976295,0.025088544513015995,4.0,4.0,4.0,3.9613333333333323,1.7493333333333325,2.7280000000000015,0.20723560371674546,0.4854494787228279,1.2422352720935148,5.2042845136604585,1.7521150607570142,2.059707264247591
32,4,1.1428571428571428,1.3862943611198906,-0.3057010115329548,"(1, 1, 1, 0, 1, 0, 1, 1, 1, 1, 0, 0, 1, 1, 1, 0, 1, 0, 1, 0, 0, 0, 0, 0, 1)",11.0,15.0,13.0,15.0,15.377666666666666,21.613666666666667,21.562333333333335,20.509333333333334,0.0,0.5857940855618902,0.3057010115329548,0.95835299347752,47.0,6.0,3.0,6.0,0.09572425296255758,0.058968622487503154,0.046130344982004745,0.05683633182317465,4.0,2.0,4.0,6.236000000000001,6.1846666666666685,5.131666666666668,0.5857940855618902,0.3057010115329548,0.95835299347752,7.8328485983518075,8.14997693692937,5.785441212326653
32,5,1.4285714285714284,1.3862943611198906,-0.7821241736378226,"(0, 0, 0, 1, 0, 0, 1, 1, 0, 0, 1, 0, 0, 1, 0, 1, 1, 0, 1, 1, 0, 0, 1, 0, 0)",7.0,12.0,10.0,13.0,9.719666666666667,18.113666666666667,15.559,19.373333333333335,0.0,0.7821241736378226,1.1451715619091052,1.9667666166621476,8.0,1.0,2.0,6.0,0.22872681590176322,0.04255764623455882,0.03795802535312418,0.018205384734878483,5.0,3.0,6.0,8.394,5.839333333333332,9.653666666666668,0.7821241736378226,1.1451715619091052,1.9667666166621476,10.552300535630694,6.507489993909963,10.65630619381347
32,6,1.7142857142857142,1.3862943611198906,1.3484177185199584,"(0, 0, 0, 0, 0, 1, 0, 0, 1, 1, 1, 1, 1, 1, 1, 0, 1, 1, 0, 1, 0, 1, 1, 0, 1)",7.0,10.0,9.0,13.0,18.93166666666667,18.653666666666666,15.541,18.802333333333333,0.0,1.9700475133167972,1.3484177185199584,1.909697498796045,7.0,2.0,1.0,1.0,0.13918698047818429,0.07087599070540151,0.059625313596337916,0.06048263606708659,3.0,2.0,6.0,-0.27800000000000225,-3.390666666666668,-0.12933333333333508,1.9700475133167972,1.3484177185199584,1.909697498796045,-3.1164555912406713,-6.569765960055544,-2.8266969447305574
32,7,2.0,1.3862943611198906,1.1909346790967392,"(0, 0, 1, 1, 1, 0, 0, 0, 0, 0, 0, 1, 0, 0, 0, 1, 0, 0, 0, 1, 1, 0, 1, 1, 1)",7.0,12.0,10.0,12.0,16.492333333333335,19.698666666666668,15.219,19.347333333333335,0.0,1.1217585904768563,1.1909346790967392,1.5808376697970472,1.0,1.0,3.0,3.0,0.08425060199278368,0.051393881659691165,0.060757820519550844,0.029017719396412272,5.0,3.0,5.0,3.2063333333333333,-1.2733333333333352,2.8550000000000004,1.1217585904768563,1.1909346790967392,1.5808376697970472,2.8898342113548794,-3.4162008499199326,1.766364053511734
33,0,0.0,1.3862943611198906,-1.5664587166180988,"(1, 0, 0, 0, 0, 1, 1, 0, 0, 0, 1, 0, 1, 1, 0, 0, 0, 0, 0, 1, 1, 0, 1, 1, 0)",8.0,13.0,12.0,14.0,12.233,20.169,17.806,22.012333333333334,0.0,1.874716671083787,1.5664587166180988,1.7221934848192395,1.0,2.0,7.0,4.0,0.08408308597988236,0.05738447638050306,0.029100976335184988,0.0213288572860195,5.0,4.0,6.0,7.936,5.573,9.779333333333334,1.874716671083787,1.5664587166180988,1.7221934848192395,8.402722900026545,5.5542455887463795,11.169567538749458
33,1,0.2857142857142857,1.3862943611198906,-2.5339612528790103,"(0, 0, 0, 0, 0, 0, 1, 0, 0, 0, 0, 0, 0, 1, 1, 1, 0, 1, 0, 0, 0, 1, 0, 0, 0)",5.0,9.0,11.0,13.0,7.842333333333333,16.340666666666667,16.827333333333332,19.397,0.0,2.552160217186379,2.5339612528790103,2.8183287345213976,1.0,3.0,18.0,7.0,0.12925145640907768,0.03429730544864066,0.03733169281799054,0.019021135916430353,4.0,6.0,8.0,8.498333333333335,8.985,11.554666666666666,2.552160217186379,2.5339612528790103,2.8183287345213976,8.243146261157213,8.943038638499752,12.11113601217079
33,2,0.5714285714285714,1.3862943611198906,-0.17398764395588634,"(0, 0, 1, 1, 0, 1, 1, 1, 0, 1, 1, 1, 1, 0, 1, 0, 1, 1, 0, 0, 1, 1, 0, 1, 1)",12.0,13.0,14.0,13.0,17.875666666666667,20.83566666666667,18.520333333333333,21.25,0.0,0.9145537933014715,0.17398764395588634,1.076873459717932,16.0,2.0,14.0,1.0,0.05879054223080732,0.05842550952070107,0.05418241736688374,0.03190117452627358,1.0,2.0,1.0,2.960000000000001,0.6446666666666658,3.3743333333333325,0.9145537933014715,0.17398764395588634,1.076873459717932,2.8355905423202414,0.6524996750813745,3.184955667692246
33,3,0.8571428571428571,1.3862943611198906,-0.20723560371674546,"(0, 1, 1, 0, 1, 0, 1, 1, 0, 1, 1, 0, 1, 0, 0, 0, 1, 1, 1, 0, 1, 1, 0, 0, 1)",10.0,14.0,14.0,14.0,17.848666666666666,21.81,19.598,20.576666666666668,0.0,0.20723560371674546,0.4854494787228279,1.2422352720935148,6.0,4.0,6.0,6.0,0.09920897746074922,0.048176197653046565,0.06564458449976295,0.025088544513015995,4.0,4.0,4.0,3.9613333333333323,1.7493333333333325,2.7280000000000015,0.20723560371674546,0.4854494787228279,1.2422352720935148,5.2042845136604585,1.7521150607570142,2.059707264247591
33,4,1.1428571428571428,1.3862943611198906,-0.3057010115329548,"(1, 1, 1, 0, 1, 0, 1, 1, 1, 1, 0, 0, 1, 1, 1, 0, 1, 0, 1, 0, 0, 0, 0, 0, 1)",11.0,15.0,13.0,15.0,15.377666666666666,21.613666666666667,21.562333333333335,20.509333333333334,0.0,0.5857940855618902,0.3057010115329548,0.95835299347752,47.0,6.0,3.0,6.0,0.09572425296255758,0.058968622487503154,0.046130344982004745,0.05683633182317465,4.0,2.0,4.0,6.236000000000001,6.1846666666666685,5.131666666666668,0.5857940855618902,0.3057010115329548,0.95835299347752,7.8328485983518075,8.14997693692937,5.785441212326653
33,5,1.4285714285714284,1.3862943611198906,-0.7821241736378226,"(0, 0, 0, 1, 0, 0, 1, 1, 0, 0, 1, 0, 0, 1, 0, 1, 1, 0, 1, 1, 0, 0, 1, 0, 0)",7.0,12.0,10.0,13.0,9.719666666666667,18.113666666666667,15.559,19.373333333333335,0.0,0.7821241736378226,1.1451715619091052,1.9667666166621476,8.0,1.0,2.0,6.0,0.22872681590176322,0.04255764623455882,0.03795802535312418,0.018205384734878483,5.0,3.0,6.0,8.394,5.839333333333332,9.653666666666668,0.7821241736378226,1.1451715619091052,1.9667666166621476,10.552300535630694,6.507489993909963,10.65630619381347
33,6,1.7142857142857142,1.3862943611198906,1.3484177185199584,"(0, 0, 0, 0, 0, 1, 0, 0, 1, 1, 1, 1, 1, 1, 1, 0, 1, 1, 0, 1, 0, 1, 1, 0, 1)",7.0,10.0,9.0,13.0,18.93166666666667,18.653666666666666,15.541,18.802333333333333,0.0,1.9700475133167972,1.3484177185199584,1.909697498796045,7.0,2.0,1.0,1.0,0.13918698047818429,0.07087599070540151,0.059625313596337916,0.06048263606708659,3.0,2.0,6.0,-0.27800000000000225,-3.390666666666668,-0.12933333333333508,1.9700475133167972,1.3484177185199584,1.909697498796045,-3.1164555912406713,-6.569765960055544,-2.8266969447305574
33,7,2.0,1.3862943611198906,1.1909346790967392,"(0, 0, 1, 1, 1, 0, 0, 0, 0, 0, 0, 1, 0, 0, 0, 1, 0, 0, 0, 1, 1, 0, 1, 1, 1)",7.0,12.0,10.0,12.0,16.492333333333335,19.698666666666668,15.219,19.347333333333335,0.0,1.1217585904768563,1.1909346790967392,1.5808376697970472,1.0,1.0,3.0,3.0,0.08425060199278368,0.051393881659691165,0.060757820519550844,0.029017719396412272,5.0,3.0,5.0,3.2063333333333333,-1.2733333333333352,2.8550000000000004,1.1217585904768563,1.1909346790967392,1.5808376697970472,2.8898342113548794,-3.4162008499199326,1.766364053511734
34,0,0.0,1.3862943611198906,-2.049890366881963,"(1, 0, 0, 0, 0, 1, 1, 0, 0, 0, 0, 0, 1, 1, 0, 1, 0, 0, 0, 1, 1, 0, 1, 1, 0)",5.0,9.0,10.0,12.0,8.126333333333333,14.609333333333334,18.336,19.059,0.0,2.334142323994257,2.049890366881963,2.4685358606694914,1.0,5.0,4.0,3.0,0.18348405638003407,0.09593562066766485,0.02415693058842817,0.016641375240982963,4.0,5.0,7.0,6.4830000000000005,10.209666666666665,10.932666666666668,2.334142323994257,2.049890366881963,2.4685358606694914,5.751538001335736,11.311851872391259,11.733776808135039
34,1,0.2857142857142857,1.3862943611198906,-1.3273537458662774,"(0, 0, 0, 0, 0, 0, 1, 0, 0, 0, 0, 0, 0, 1, 1, 1, 0, 1, 0, 0, 0, 1, 0, 1, 1)",8.0,13.0,11.0,15.0,14.029333333333334,20.161333333333335,18.150666666666666,20.19633333333333,0.0,1.3273537458662774,1.768010513454253,1.8175705368642903,2.0,5.0,4.0,17.0,0.05329975156605778,0.08334434900202052,0.025854717804390054,0.01821469557204343,5.0,3.0,7.0,6.1320000000000014,4.121333333333332,6.166999999999998,1.3273537458662774,1.768010513454253,1.8175705368642903,6.660654009281386,3.2623981550931282,6.029589538833745
34,2,0.5714285714285714,1.3862943611198906,0.3578949942291185,"(0, 0, 1, 1, 0, 1, 1, 1, 0, 1, 1, 1, 0, 0, 1, 0, 1, 0, 0, 0, 1, 1, 0, 1, 1)",7.0,10.0,9.0,14.0,19.096,19.413333333333334,18.607,21.666333333333334,0.0,1.2521934865875608,0.3578949942291185,1.2596640728669284,3.0,2.0,1.0,2.0,0.07703055016219414,0.026183465498434862,0.07759721901996337,0.029035144525342536,3.0,2.0,7.0,0.3173333333333339,-0.48900000000000077,2.570333333333334,1.2521934865875608,0.3578949942291185,1.2596640728669284,-1.2959913588920116,-1.1740457549604904,1.8169734050777553
34,3,0.8571428571428571,1.3862943611198906,-0.20723560371674546,"(0, 1, 1, 0, 1, 0, 1, 1, 0, 1, 1, 0, 1, 0, 0, 0, 1, 1, 1, 0, 1, 1, 0, 0, 1)",10.0,14.0,14.0,14.0,17.848666666666666,21.81,19.598,20.576666666666668,0.0,0.20723560371674546,0.4854494787228279,1.2422352720935148,6.0,4.0,6.0,6.0,0.09920897746074922,0.048176197653046565,0.06564458449976295,0.025088544513015995,4.0,4.0,4.0,3.9613333333333323,1.7493333333333325,2.7280000000000015,0.20723560371674546,0.4854494787228279,1.2422352720935148,5.2042845136604585,1.7521150607570142,2.059707264247591
34,4,1.1428571428571428,1.3862943611198906,-0.3057010115329548,"(1, 1, 1, 0, 1, 0, 1, 1, 1, 1, 0, 0, 1, 1, 1, 0, 1, 0, 1, 0, 0, 0, 0, 0, 1)",11.0,15.0,13.0,15.0,15.377666666666666,21.613666666666667,21.562333333333335,20.509333333333334,0.0,0.5857940855618902,0.3057010115329548,0.95835299347752,47.0,6.0,3.0,6.0,0.09572425296255758,0.058968622487503154,0.046130344982004745,0.05683633182317465,4.0,2.0,4.0,6.236000000000001,6.1846666666666685,5.131666666666668,0.5857940855618902,0.3057010115329548,0.95835299347752,7.8328485983518075,8.14997693692937,5.785441212326653
34,5,1.4285714285714284,1.3862943611198906,-0.43299999999999983,"(0, 0, 0, 1, 0, 0, 1, 1, 0, 0, 1, 1, 1, 1, 0, 1, 1, 0, 1, 1, 0, 0, 1, 0, 0)",7.0,11.0,12.0,16.0,17.779666666666667,18.666,18.212666666666667,20.924,0.0,1.698626480680203,1.3506819993097876,2.045207772595513,3.0,7.0,3.0,7.0,0.09972494246725445,0.1034483793391218,0.05555703750440985,0.034341862260110594,4.0,5.0,9.0,0.886333333333333,0.43299999999999983,3.144333333333332,1.698626480680203,1.3506819993097876,2.045207772595513,-1.1260774097432942,-1.2721773809443861,1.5237115670135766
34,6,1.7142857142857142,1.3862943611198906,1.3484177185199584,"(0, 0, 0, 0, 0, 1, 0, 0, 1, 1, 1, 1, 1, 1, 1, 0, 1, 1, 0, 1, 0, 1, 1, 0, 1)",7.0,10.0,9.0,13.0,18.93166666666667,18.653666666666666,15.541,18.802333333333333,0.0,1.9700475133167972,1.3484177185199584,1.909697498796045,7.0,2.0,1.0,1.0,0.13918698047818429,0.07087599070540151,0.059625313596337916,0.06048263606708659,3.0,2.0,6.0,-0.27800000000000225,-3.390666666666668,-0.12933333333333508,1.9700475133167972,1.3484177185199584,1.909697498796045,-3.1164555912406713,-6.569765960055544,-2.8266969447305574
34,7,2.0,1.3862943611198906,1.1909346790967392,"(0, 0, 1, 1, 1, 0, 0, 0, 0, 0, 0, 1, 0, 0, 0, 1, 0, 0, 0, 1, 1, 0, 1, 1, 1)",7.0,12.0,10.0,12.0,16.492333333333335,19.698666666666668,15.219,19.347333333333335,0.0,1.1217585904768563,1.1909346790967392,1.5808376697970472,1.0,1.0,3.0,3.0,0.08425060199278368,0.051393881659691165,0.060757820519550844,0.029017719396412272,5.0,3.0,5.0,3.2063333333333333,-1.2733333333333352,2.8550000000000004,1.1217585904768563,1.1909346790967392,1.5808376697970472,2.8898342113548794,-3.4162008499199326,1.766364053511734
35,0,0.0,1.3862943611198906,-1.60120849527017,"(1, 0, 0, 0, 1, 1, 1, 0, 0, 0, 0, 0, 1, 1, 0, 1, 0, 0, 0, 1, 1, 0, 1, 1, 1)",6.0,8.0,9.0,14.0,10.596666666666666,15.339666666666666,16.085333333333335,21.539666666666665,0.0,1.60120849527017,1.7704904400335877,2.3589646946936416,3.0,1.0,2.0,9.0,0.08707021313436922,0.0267874218806397,0.044551985860877975,0.02645681178431767,2.0,3.0,8.0,4.743,5.488666666666669,10.943,1.60120849527017,1.7704904400335877,2.3589646946936416,4.35544784682134,5.154486736631473,11.899999739400263
35,1,0.2857142857142857,1.3862943611198906,-1.3273537458662774,"(0, 0, 0, 0, 0, 0, 1, 0, 0, 0, 0, 0, 0, 1, 1, 1, 0, 1, 0, 0, 0, 1, 0, 1, 1)",8.0,13.0,11.0,15.0,14.029333333333334,20.161333333333335,18.150666666666666,20.19633333333333,0.0,1.3273537458662774,1.768010513454253,1.8175705368642903,2.0,5.0,4.0,17.0,0.05329975156605778,0.08334434900202052,0.025854717804390054,0.01821469557204343,5.0,3.0,7.0,6.1320000000000014,4.121333333333332,6.166999999999998,1.3273537458662774,1.768010513454253,1.8175705368642903,6.660654009281386,3.2623981550931282,6.029589538833745
35,2,0.5714285714285714,1.3862943611198906,0.3578949942291185,"(0, 0, 1, 1, 0, 1, 1, 1, 0, 1, 1, 1, 0, 0, 1, 0, 1, 0, 0, 0, 1, 1, 0, 1, 1)",7.0,10.0,9.0,14.0,19.096,19.413333333333334,18.607,21.666333333333334,0.0,1.2521934865875608,0.3578949942291185,1.2596640728669284,3.0,2.0,1.0,2.0,0.07703055016219414,0.026183465498434862,0.07759721901996337,0.029035144525342536,3.0,2.0,7.0,0.3173333333333339,-0.48900000000000077,2.570333333333334,1.2521934865875608,0.3578949942291185,1.2596640728669284,-1.2959913588920116,-1.1740457549604904,1.8169734050777553
35,3,0.8571428571428571,1.3862943611198906,-1.1136795750056652,"(0, 1, 1, 0, 1, 0, 1, 0, 0, 1, 1, 0, 0, 0, 0, 0, 1, 1, 1, 0, 1, 1, 0, 0, 1)",7.0,11.0,14.0,15.0,14.057,17.819666666666667,21.055666666666667,21.729666666666667,0.0,1.1136795750056652,1.2749364157452658,1.6454235837545566,2.0,4.0,14.0,3.0,0.15649593995953,0.05161986717395483,0.044843771156756765,0.03375411254832178,4.0,7.0,8.0,3.762666666666666,6.998666666666667,7.672666666666666,1.1136795750056652,1.2749364157452658,1.6454235837545566,3.6722758678490246,7.934774971423674,8.355533098939922
35,4,1.1428571428571428,1.3862943611198906,-0.3057010115329548,"(1, 1, 1, 0, 1, 0, 1, 1, 1, 1, 0, 0, 1, 1, 1, 0, 1, 0, 1, 0, 0, 0, 0, 0, 1)",11.0,15.0,13.0,15.0,15.377666666666666,21.613666666666667,21.562333333333335,20.509333333333334,0.0,0.5857940855618902,0.3057010115329548,0.95835299347752,47.0,6.0,3.0,6.0,0.09572425296255758,0.058968622487503154,0.046130344982004745,0.05683633182317465,4.0,2.0,4.0,6.236000000000001,6.1846666666666685,5.131666666666668,0.5857940855618902,0.3057010115329548,0.95835299347752,7.8328485983518075,8.14997693692937,5.785441212326653
35,5,1.4285714285714284,1.3862943611198906,-1.5456257930246036,"(0, 0, 0, 1, 0, 0, 1, 1, 0, 0, 1, 1, 1, 1, 0, 1, 0, 0, 1, 1, 0, 1, 1, 0, 0)",7.0,11.0,12.0,14.0,11.838,17.43,18.461,21.464333333333332,0.0,1.5456257930246036,1.981068553487701,2.1723848769575853,4.0,6.0,2.0,1.0,0.1508960827310738,0.0545932776137328,0.03176054333741458,0.02517916360461931,4.0,5.0,7.0,5.5920000000000005,6.622999999999999,9.626333333333333,1.5456257930246036,1.981068553487701,2.1723848769575853,5.609465746110962,6.435083389005096,10.333366713152012
35,6,1.7142857142857142,1.3862943611198906,1.3484177185199584,"(0, 0, 0, 0, 0, 1, 0, 0, 1, 1, 1, 1, 1, 1, 1, 0, 1, 1, 0, 1, 0, 1, 1, 0, 1)",7.0,10.0,9.0,13.0,18.93166666666667,18.653666666666666,15.541,18.802333333333333,0.0,1.9700475133167972,1.3484177185199584,1.909697498796045,7.0,2.0,1.0,1.0,0.13918698047818429,0.07087599070540151,0.059625313596337916,0.06048263606708659,3.0,2.0,6.0,-0.27800000000000225,-3.390666666666668,-0.12933333333333508,1.9700475133167972,1.3484177185199584,1.909697498796045,-3.1164555912406713,-6.569765960055544,-2.8266969447305574
35,7,2.0,1.3862943611198906,1.1909346790967392,"(0, 0, 1, 1, 1, 0, 0, 0, 0, 0, 0, 1, 0, 0, 0, 1, 0, 0, 0, 1, 1, 0, 1, 1, 1)",7.0,12.0,10.0,12.0,16.492333333333335,19.698666666666668,15.219,19.347333333333335,0.0,1.1217585904768563,1.1909346790967392,1.5808376697970472,1.0,1.0,3.0,3.0,0.08425060199278368,0.051393881659691165,0.060757820519550844,0.029017719396412272,5.0,3.0,5.0,3.2063333333333333,-1.2733333333333352,2.8550000000000004,1.1217585904768563,1.1909346790967392,1.5808376697970472,2.8898342113548794,-3.4162008499199326,1.766364053511734
36,0,0.0,1.3862943611198906,-0.6489474953462385,"(1, 1, 1, 0, 1, 1, 1, 0, 0, 0, 0, 0, 1, 1, 0, 1, 0, 0, 0, 1, 1, 0, 1, 1, 1)",7.0,10.0,12.0,15.0,13.168,18.913333333333334,18.097666666666665,20.431,0.0,0.8543501098521696,0.6489474953462385,1.235388518276651,3.0,1.0,4.0,13.0,0.08040553834762237,0.063523716758108,0.07932567916535917,0.05085839842641072,3.0,5.0,8.0,5.745333333333335,4.929666666666666,7.263000000000002,0.8543501098521696,0.6489474953462385,1.235388518276651,6.780342463043925,5.93433684873932,8.356043808134588
36,1,0.2857142857142857,1.3862943611198906,-1.3273537458662774,"(0, 0, 0, 0, 0, 0, 1, 0, 0, 0, 0, 0, 0, 1, 1, 1, 0, 1, 0, 0, 0, 1, 0, 1, 1)",8.0,13.0,11.0,15.0,14.029333333333334,20.161333333333335,18.150666666666666,20.19633333333333,0.0,1.3273537458662774,1.768010513454253,1.8175705368642903,2.0,5.0,4.0,17.0,0.05329975156605778,0.08334434900202052,0.025854717804390054,0.01821469557204343,5.0,3.0,7.0,6.1320000000000014,4.121333333333332,6.166999999999998,1.3273537458662774,1.768010513454253,1.8175705368642903,6.660654009281386,3.2623981550931282,6.029589538833745
36,2,0.5714285714285714,1.3862943611198906,0.3578949942291185,"(0, 0, 1, 1, 0, 1, 1, 1, 0, 1, 1, 1, 0, 0, 1, 0, 1, 0, 0, 0, 1, 1, 0, 1, 1)",7.0,10.0,9.0,14.0,19.096,19.413333333333334,18.607,21.666333333333334,0.0,1.2521934865875608,0.3578949942291185,1.2596640728669284,3.0,2.0,1.0,2.0,0.07703055016219414,0.026183465498434862,0.07759721901996337,0.029035144525342536,3.0,2.0,7.0,0.3173333333333339,-0.48900000000000077,2.570333333333334,1.2521934865875608,0.3578949942291185,1.2596640728669284,-1.2959913588920116,-1.1740457549604904,1.8169734050777553
36,3,0.8571428571428571,1.3862943611198906,-0.2696496565084981,"(0, 1, 1, 0, 1, 0, 1, 0, 0, 1, 1, 0, 0, 0, 1, 0, 1, 1, 1, 1, 1, 1, 0, 0, 1)",8.0,12.0,11.0,16.0,15.024,17.621666666666666,16.297333333333334,22.83,0.0,0.2696496565084981,0.7727974932416232,1.536075765203556,3.0,1.0,4.0,2.0,0.15229071310705614,0.08026967581913869,0.048694526018774824,0.021350576104843384,4.0,3.0,8.0,2.597666666666667,1.2733333333333352,7.805999999999999,0.2696496565084981,0.7727974932416232,1.536075765203556,3.2273168537734565,0.6938900126575477,8.691960611347254
36,4,1.1428571428571428,1.3862943611198906,-0.3057010115329548,"(1, 1, 1, 0, 1, 0, 1, 1, 1, 1, 0, 0, 1, 1, 1, 0, 1, 0, 1, 0, 0, 0, 0, 0, 1)",11.0,15.0,13.0,15.0,15.377666666666666,21.613666666666667,21.562333333333335,20.509333333333334,0.0,0.5857940855618902,0.3057010115329548,0.95835299347752,47.0,6.0,3.0,6.0,0.09572425296255758,0.058968622487503154,0.046130344982004745,0.05683633182317465,4.0,2.0,4.0,6.236000000000001,6.1846666666666685,5.131666666666668,0.5857940855618902,0.3057010115329548,0.95835299347752,7.8328485983518075,8.14997693692937,5.785441212326653
36,5,1.4285714285714284,1.3862943611198906,-0.9189822336217146,"(0, 0, 0, 1, 0, 0, 1, 1, 0, 0, 1, 1, 0, 1, 0, 1, 0, 1, 1, 1, 0, 1, 1, 0, 0)",9.0,12.0,11.0,17.0,16.255,18.044333333333334,20.642333333333333,22.057333333333332,0.0,0.9189822336217146,1.0703193680439704,1.423824430129542,8.0,2.0,1.0,13.0,0.09130011737977878,0.039812433308625425,0.05000082797871322,0.01835718362384888,3.0,2.0,8.0,1.7893333333333352,4.387333333333334,5.802333333333333,0.9189822336217146,1.0703193680439704,1.423824430129542,1.2065628217247153,4.598357755836574,6.069902202624652
36,6,1.7142857142857142,1.3862943611198906,1.3484177185199584,"(0, 0, 0, 0, 0, 1, 0, 0, 1, 1, 1, 1, 1, 1, 1, 0, 1, 1, 0, 1, 0, 1, 1, 0, 1)",7.0,10.0,9.0,13.0,18.93166666666667,18.653666666666666,15.541,18.802333333333333,0.0,1.9700475133167972,1.3484177185199584,1.909697498796045,7.0,2.0,1.0,1.0,0.13918698047818429,0.07087599070540151,0.059625313596337916,0.06048263606708659,3.0,2.0,6.0,-0.27800000000000225,-3.390666666666668,-0.12933333333333508,1.9700475133167972,1.3484177185199584,1.909697498796045,-3.1164555912406713,-6.569765960055544,-2.8266969447305574
36,7,2.0,1.3862943611198906,1.1909346790967392,"(0, 0, 1, 1, 1, 0, 0, 0, 0, 0, 0, 1, 0, 0, 0, 1, 0, 0, 0, 1, 1, 0, 1, 1, 1)",7.0,12.0,10.0,12.0,16.492333333333335,19.698666666666668,15.219,19.347333333333335,0.0,1.1217585904768563,1.1909346790967392,1.5808376697970472,1.0,1.0,3.0,3.0,0.08425060199278368,0.051393881659691165,0.060757820519550844,0.029017719396412272,5.0,3.0,5.0,3.2063333333333333,-1.2733333333333352,2.8550000000000004,1.1217585904768563,1.1909346790967392,1.5808376697970472,2.8898342113548794,-3.4162008499199326,1.766364053511734
37,0,0.0,1.3862943611198906,-0.6489474953462385,"(1, 1, 1, 0, 1, 1, 1, 0, 0, 0, 0, 0, 1, 1, 0, 1, 0, 0, 0, 1, 1, 0, 1, 1, 1)",7.0,10.0,12.0,15.0,13.168,18.913333333333334,18.097666666666665,20.431,0.0,0.8543501098521696,0.6489474953462385,1.235388518276651,3.0,1.0,4.0,13.0,0.08040553834762237,0.063523716758108,0.07932567916535917,0.05085839842641072,3.0,5.0,8.0,5.745333333333335,4.929666666666666,7.263000000000002,0.8543501098521696,0.6489474953462385,1.235388518276651,6.780342463043925,5.93433684873932,8.356043808134588
37,1,0.2857142857142857,1.3862943611198906,-1.3273537458662774,"(0, 0, 0, 0, 0, 0, 1, 0, 0, 0, 0, 0, 0, 1, 1, 1, 0, 1, 0, 0, 0, 1, 0, 1, 1)",8.0,13.0,11.0,15.0,14.029333333333334,20.161333333333335,18.150666666666666,20.19633333333333,0.0,1.3273537458662774,1.768010513454253,1.8175705368642903,2.0,5.0,4.0,17.0,0.05329975156605778,0.08334434900202052,0.025854717804390054,0.01821469557204343,5.0,3.0,7.0,6.1320000000000014,4.121333333333332,6.166999999999998,1.3273537458662774,1.768010513454253,1.8175705368642903,6.660654009281386,3.2623981550931282,6.029589538833745
37,2,0.5714285714285714,1.3862943611198906,0.3578949942291185,"(0, 0, 1, 1, 0, 1, 1, 1, 0, 1, 1, 1, 0, 0, 1, 0, 1, 0, 0, 0, 1, 1, 0, 1, 1)",7.0,10.0,9.0,14.0,19.096,19.413333333333334,18.607,21.666333333333334,0.0,1.2521934865875608,0.3578949942291185,1.2596640728669284,3.0,2.0,1.0,2.0,0.07703055016219414,0.026183465498434862,0.07759721901996337,0.029035144525342536,3.0,2.0,7.0,0.3173333333333339,-0.48900000000000077,2.570333333333334,1.2521934865875608,0.3578949942291185,1.2596640728669284,-1.2959913588920116,-1.1740457549604904,1.8169734050777553
37,3,0.8571428571428571,1.3862943611198906,-0.2696496565084981,"(0, 1, 1, 0, 1, 0, 1, 0, 0, 1, 1, 0, 0, 0, 1, 0, 1, 1, 1, 1, 1, 1, 0, 0, 1)",8.0,12.0,11.0,16.0,15.024,17.621666666666666,16.297333333333334,22.83,0.0,0.2696496565084981,0.7727974932416232,1.536075765203556,3.0,1.0,4.0,2.0,0.15229071310705614,0.08026967581913869,0.048694526018774824,0.021350576104843384,4.0,3.0,8.0,2.597666666666667,1.2733333333333352,7.805999999999999,0.2696496565084981,0.7727974932416232,1.536075765203556,3.2273168537734565,0.6938900126575477,8.691960611347254
37,4,1.1428571428571428,1.3862943611198906,-0.3057010115329548,"(1, 1, 1, 0, 1, 0, 1, 1, 1, 1, 0, 0, 1, 1, 1, 0, 1, 0, 1, 0, 0, 0, 0, 0, 1)",11.0,15.0,13.0,15.0,15.377666666666666,21.613666666666667,21.562333333333335,20.509333333333334,0.0,0.5857940855618902,0.3057010115329548,0.95835299347752,47.0,6.0,3.0,6.0,0.09572425296255758,0.058968622487503154,0.046130344982004745,0.05683633182317465,4.0,2.0,4.0,6.236000000000001,6.1846666666666685,5.131666666666668,0.5857940855618902,0.3057010115329548,0.95835299347752,7.8328485983518075,8.14997693692937,5.785441212326653
37,5,1.4285714285714284,1.3862943611198906,-0.9189822336217146,"(0, 0, 0, 1, 0, 0, 1, 1, 0, 0, 1, 1, 0, 1, 0, 1, 0, 1, 1, 1, 0, 1, 1, 0, 0)",9.0,12.0,11.0,17.0,16.255,18.044333333333334,20.642333333333333,22.057333333333332,0.0,0.9189822336217146,1.0703193680439704,1.423824430129542,8.0,2.0,1.0,13.0,0.09130011737977878,0.039812433308625425,0.05000082797871322,0.01835718362384888,3.0,2.0,8.0,1.7893333333333352,4.387333333333334,5.802333333333333,0.9189822336217146,1.0703193680439704,1.423824430129542,1.2065628217247153,4.598357755836574,6.069902202624652
37,6,1.7142857142857142,1.3862943611198906,1.3484177185199584,"(0, 0, 0, 0, 0, 1, 0, 0, 1, 1, 1, 1, 1, 1, 1, 0, 1, 1, 0, 1, 0, 1, 1, 0, 1)",7.0,10.0,9.0,13.0,18.93166666666667,18.653666666666666,15.541,18.802333333333333,0.0,1.9700475133167972,1.3484177185199584,1.909697498796045,7.0,2.0,1.0,1.0,0.13918698047818429,0.07087599070540151,0.059625313596337916,0.06048263606708659,3.0,2.0,6.0,-0.27800000000000225,-3.390666666666668,-0.12933333333333508,1.9700475133167972,1.3484177185199584,1.909697498796045,-3.1164555912406713,-6.569765960055544,-2.8266969447305574
37,7,2.0,1.3862943611198906,1.1909346790967392,"(0, 0, 1, 1, 1, 0, 0, 0, 0, 0, 0, 1, 0, 0, 0, 1, 0, 0, 0, 1, 1, 0, 1, 1, 1)",7.0,12.0,10.0,12.0,16.492333333333335,19.698666666666668,15.219,19.347333333333335,0.0,1.1217585904768563,1.1909346790967392,1.5808376697970472,1.0,1.0,3.0,3.0,0.08425060199278368,0.051393881659691165,0.060757820519550844,0.029017719396412272,5.0,3.0,5.0,3.2063333333333333,-1.2733333333333352,2.8550000000000004,1.1217585904768563,1.1909346790967392,1.5808376697970472,2.8898342113548794,-3.4162008499199326,1.766364053511734
38,0,0.0,1.3862943611198906,0.25,"(1, 1, 1, 0, 0, 1, 1, 0, 0, 0, 0, 0, 1, 1, 0, 1, 0, 0, 0, 1, 1, 0, 1, 1, 0)",11.0,10.0,11.0,14.0,18.71066666666667,20.345666666666666,18.46066666666667,20.113,0.0,1.4579888844958084,1.0368018510462265,2.055397036149745,2.0,2.0,3.0,9.0,0.1391894452394866,0.030793423422192885,0.054223950002548565,0.047903682688152885,-1.0,0.0,3.0,1.634999999999998,-0.25,1.4023333333333312,1.4579888844958084,1.0368018510462265,2.055397036149745,0.24538951127899963,-1.783886149984021,-0.9053385286664706
38,1,0.2857142857142857,1.3862943611198906,-1.3273537458662774,"(0, 0, 0, 0, 0, 0, 1, 0, 0, 0, 0, 0, 0, 1, 1, 1, 0, 1, 0, 0, 0, 1, 0, 1, 1)",8.0,13.0,11.0,15.0,14.029333333333334,20.161333333333335,18.150666666666666,20.19633333333333,0.0,1.3273537458662774,1.768010513454253,1.8175705368642903,2.0,5.0,4.0,17.0,0.05329975156605778,0.08334434900202052,0.025854717804390054,0.01821469557204343,5.0,3.0,7.0,6.1320000000000014,4.121333333333332,6.166999999999998,1.3273537458662774,1.768010513454253,1.8175705368642903,6.660654009281386,3.2623981550931282,6.029589538833745
38,2,0.5714285714285714,1.3862943611198906,0.3578949942291185,"(0, 0, 1, 1, 0, 1, 1, 1, 0, 1, 1, 1, 0, 0, 1, 0, 1, 0, 0, 0, 1, 1, 0, 1, 1)",7.0,10.0,9.0,14.0,19.096,19.413333333333334,18.607,21.666333333333334,0.0,1.2521934865875608,0.3578949942291185,1.2596640728669284,3.0,2.0,1.0,2.0,0.07703055016219414,0.026183465498434862,0.07759721901996337,0.029035144525342536,3.0,2.0,7.0,0.3173333333333339,-0.48900000000000077,2.570333333333334,1.2521934865875608,0.3578949942291185,1.2596640728669284,-1.2959913588920116,-1.1740457549604904,1.8169734050777553
38,3,0.8571428571428571,1.3862943611198906,-0.7628546820182565,"(1, 1, 1, 0, 0, 0, 1, 0, 0, 1, 1, 0, 0, 0, 1, 0, 1, 1, 1, 1, 1, 1, 0, 0, 1)",8.0,13.0,13.0,13.0,14.419666666666666,17.348666666666666,19.586333333333332,20.930333333333333,0.0,1.2220184793271835,0.7628546820182565,1.3616491280333152,3.0,18.0,5.0,1.0,0.19788555446713454,0.050120395065560826,0.06477584740700128,0.041541506377590146,5.0,5.0,5.0,2.9290000000000003,5.166666666666666,6.510666666666667,1.2220184793271835,0.7628546820182565,1.3616491280333152,2.3663788566445816,6.104979721750285,7.138053979114834
38,4,1.1428571428571428,1.3862943611198906,-0.3057010115329548,"(1, 1, 1, 0, 1, 0, 1, 1, 1, 1, 0, 0, 1, 1, 1, 0, 1, 0, 1, 0, 0, 0, 0, 0, 1)",11.0,15.0,13.0,15.0,15.377666666666666,21.613666666666667,21.562333333333335,20.509333333333334,0.0,0.5857940855618902,0.3057010115329548,0.95835299347752,47.0,6.0,3.0,6.0,0.09572425296255758,0.058968622487503154,0.046130344982004745,0.05683633182317465,4.0,2.0,4.0,6.236000000000001,6.1846666666666685,5.131666666666668,0.5857940855618902,0.3057010115329548,0.95835299347752,7.8328485983518075,8.14997693692937,5.785441212326653
38,5,1.4285714285714284,1.3862943611198906,-0.9189822336217146,"(0, 0, 0, 1, 0, 0, 1, 1, 0, 0, 1, 1, 0, 1, 0, 1, 0, 1, 1, 1, 0, 1, 1, 0, 0)",9.0,12.0,11.0,17.0,16.255,18.044333333333334,20.642333333333333,22.057333333333332,0.0,0.9189822336217146,1.0703193680439704,1.423824430129542,8.0,2.0,1.0,13.0,0.09130011737977878,0.039812433308625425,0.05000082797871322,0.01835718362384888,3.0,2.0,8.0,1.7893333333333352,4.387333333333334,5.802333333333333,0.9189822336217146,1.0703193680439704,1.423824430129542,1.2065628217247153,4.598357755836574,6.069902202624652
38,6,1.7142857142857142,1.3862943611198906,1.3484177185199584,"(0, 0, 0, 0, 0, 1, 0, 0, 1, 1, 1, 1, 1, 1, 1, 0, 1, 1, 0, 1, 0, 1, 1, 0, 1)",7.0,10.0,9.0,13.0,18.93166666666667,18.653666666666666,15.541,18.802333333333333,0.0,1.9700475133167972,1.3484177185199584,1.909697498796045,7.0,2.0,1.0,1.0,0.13918698047818429,0.07087599070540151,0.059625313596337916,0.06048263606708659,3.0,2.0,6.0,-0.27800000000000225,-3.390666666666668,-0.12933333333333508,1.9700475133167972,1.3484177185199584,1.909697498796045,-3.1164555912406713,-6.569765960055544,-2.8266969447305574
38,7,2.0,1.3862943611198906,1.1909346790967392,"(0, 0, 1, 1, 1, 0, 0, 0, 0, 0, 0, 1, 0, 0, 0, 1, 0, 0, 0, 1, 1, 0, 1, 1, 1)",7.0,12.0,10.0,12.0,16.492333333333335,19.698666666666668,15.219,19.347333333333335,0.0,1.1217585904768563,1.1909346790967392,1.5808376697970472,1.0,1.0,3.0,3.0,0.08425060199278368,0.051393881659691165,0.060757820519550844,0.029017719396412272,5.0,3.0,5.0,3.2063333333333333,-1.2733333333333352,2.8550000000000004,1.1217585904768563,1.1909346790967392,1.5808376697970472,2.8898342113548794,-3.4162008499199326,1.766364053511734
39,0,0.0,1.3862943611198906,-1.2393163522998225,"(1, 1, 1, 0, 0, 1, 1, 0, 0, 0, 0, 0, 1, 1, 0, 0, 0, 0, 0, 0, 1, 0, 1, 1, 0)",5.0,11.0,11.0,11.0,11.501333333333333,15.827333333333334,19.22,18.133,0.0,1.2393163522998225,1.8736923535836254,2.309096605870025,1.0,12.0,3.0,2.0,0.24539041288862345,0.07070474071993668,0.046359596387183684,0.06336089601835726,6.0,6.0,6.0,4.3260000000000005,7.718666666666666,6.631666666666666,1.2393163522998225,1.8736923535836254,2.309096605870025,4.279052135367731,8.102854931117625,5.992354500828046
39,1,0.2857142857142857,1.3862943611198906,-1.752376193714955,"(0, 0, 0, 0, 0, 0, 1, 0, 0, 0, 0, 0, 0, 1, 1, 1, 0, 1, 1, 1, 0, 1, 0, 1, 1)",6.0,11.0,11.0,14.0,11.587333333333333,17.219333333333335,19.066666666666666,19.665,0.0,2.2476683624017335,1.752376193714955,2.538767073330893,1.0,1.0,1.0,5.0,0.09204763549497709,0.08257043931428784,0.03489336639603204,0.03478872565536005,5.0,5.0,8.0,5.6320000000000014,7.479333333333333,8.077666666666666,2.2476683624017335,1.752376193714955,2.538767073330893,4.691679865362124,7.939248389028255,7.678545273050636
39,2,0.5714285714285714,1.3862943611198906,-1.576124268969241,"(0, 0, 1, 1, 0, 1, 1, 0, 1, 1, 1, 1, 0, 0, 1, 0, 1, 0, 0, 0, 1, 1, 0, 1, 1)",9.0,11.0,12.0,15.0,14.095333333333333,18.926666666666666,18.051,20.654,0.0,1.576124268969241,1.6720019273113604,2.229084316327388,20.0,1.0,8.0,6.0,0.19812018333902665,0.041261324662374095,0.04475480382058654,0.022018628795633828,2.0,3.0,6.0,4.831333333333333,3.9556666666666658,6.558666666666667,1.576124268969241,1.6720019273113604,2.229084316327388,4.5126779701942965,3.1658315508565846,6.0020755982795455
39,3,0.8571428571428571,1.3862943611198906,0.8629999999999995,"(0, 1, 1, 0, 1, 0, 1, 0, 0, 1, 1, 0, 0, 0, 1, 0, 1, 1, 1, 1, 1, 1, 0, 0, 1)",12.0,13.0,11.0,14.0,19.948666666666668,20.502333333333333,19.08566666666667,19.859,0.0,1.6835620819560326,1.4582584417326925,2.0596791453985372,22.0,2.0,1.0,6.0,0.1357872165346877,0.05152107149460391,0.04084476605816343,0.0185815449108742,1.0,-1.0,2.0,0.5536666666666648,-0.8629999999999995,-0.08966666666666612,1.6835620819560326,1.4582584417326925,2.0596791453985372,-1.5663676428708677,-3.217947488475975,-2.9796259793626434
39,4,1.1428571428571428,1.3862943611198906,-0.4853031476513753,"(1, 1, 1, 0, 1, 0, 1, 1, 1, 1, 0, 0, 1, 1, 1, 0, 1, 0, 0, 0, 0, 0, 0, 1, 1)",8.0,13.0,13.0,15.0,15.928,20.683666666666667,19.108,21.979666666666667,0.0,0.7528656609828536,0.4853031476513753,1.336765144251213,4.0,3.0,8.0,1.0,0.13788288055858092,0.05598385597589774,0.04942101457347167,0.026030862336025085,5.0,5.0,7.0,4.7556666666666665,3.1799999999999997,6.051666666666666,0.7528656609828536,0.4853031476513753,1.336765144251213,5.549060462864498,3.7356430513384167,6.536241393760129
39,5,1.4285714285714284,1.3862943611198906,-0.6050558755461155,"(0, 0, 0, 1, 0, 0, 1, 1, 0, 0, 1, 1, 0, 1, 1, 1, 0, 1, 1, 0, 0, 1, 1, 0, 0)",7.0,11.0,11.0,13.0,16.355666666666668,18.374,20.847666666666665,18.689,0.0,0.6050558755461155,0.6390354906642319,1.1992062354514226,2.0,3.0,1.0,9.0,0.06643613756075012,0.059808039428747156,0.09432637979425558,0.04246604211409405,4.0,4.0,6.0,2.018333333333331,4.491999999999997,2.333333333333332,0.6050558755461155,0.6390354906642319,1.1992062354514226,1.9592185704282707,5.3413429728872375,1.5722340005869575
39,6,1.7142857142857142,1.3862943611198906,1.3484177185199584,"(0, 0, 0, 0, 0, 1, 0, 0, 1, 1, 1, 1, 1, 1, 1, 0, 1, 1, 0, 1, 0, 1, 1, 0, 1)",7.0,10.0,9.0,13.0,18.93166666666667,18.653666666666666,15.541,18.802333333333333,0.0,1.9700475133167972,1.3484177185199584,1.909697498796045,7.0,2.0,1.0,1.0,0.13918698047818429,0.07087599070540151,0.059625313596337916,0.06048263606708659,3.0,2.0,6.0,-0.27800000000000225,-3.390666666666668,-0.12933333333333508,1.9700475133167972,1.3484177185199584,1.909697498796045,-3.1164555912406713,-6.569765960055544,-2.8266969447305574
39,7,2.0,1.3862943611198906,1.1909346790967392,"(0, 0, 1, 1, 1, 0, 0, 0, 0, 0, 0, 1, 0, 0, 0, 1, 0, 0, 0, 1, 1, 0, 1, 1, 1)",7.0,12.0,10.0,12.0,16.492333333333335,19.698666666666668,15.219,19.347333333333335,0.0,1.1217585904768563,1.1909346790967392,1.5808376697970472,1.0,1.0,3.0,3.0,0.08425060199278368,0.051393881659691165,0.060757820519550844,0.029017719396412272,5.0,3.0,5.0,3.2063333333333333,-1.2733333333333352,2.8550000000000004,1.1217585904768563,1.1909346790967392,1.5808376697970472,2.8898342113548794,-3.4162008499199326,1.766364053511734
40,0,0.0,1.3862943611198906,-1.7115575264153151,"(0, 0, 0, 0, 0, 0, 1, 0, 0, 0, 0, 0, 0, 1, 1, 1, 1, 1, 1, 1, 0, 0, 0, 1, 1)",8.0,11.0,10.0,14.0,13.545666666666667,18.134,16.826666666666668,20.050666666666668,0.0,2.078286296378902,1.7115575264153151,2.6946943824155216,27.0,8.0,6.0,3.0,0.07225784253102474,0.04256308191268154,0.04549363088879945,0.06547963710739747,3.0,2.0,6.0,4.588333333333333,3.2810000000000006,6.505000000000001,2.078286296378902,1.7115575264153151,2.6946943824155216,3.479664053475617,2.1757092512325023,5.282205191800806
40,1,0.2857142857142857,1.3862943611198906,-0.7165909585335507,"(0, 0, 1, 1, 1, 1, 1, 0, 1, 0, 1, 1, 0, 0, 1, 0, 1, 0, 0, 0, 1, 1, 0, 1, 1)",8.0,11.0,14.0,15.0,15.267,17.087666666666667,19.651,21.623666666666665,0.0,1.176933106049429,0.7165909585335507,1.5614449520120492,5.0,5.0,13.0,2.0,0.15796449978726942,0.030384761032065916,0.07219116827828209,0.04564482187793995,3.0,6.0,7.0,1.8206666666666678,4.384,6.356666666666666,1.176933106049429,0.7165909585335507,1.5614449520120492,0.8924042051473073,5.084108474105042,6.647588823345347
40,2,0.5714285714285714,1.3862943611198906,0.8629999999999995,"(0, 1, 1, 0, 1, 0, 1, 0, 0, 1, 1, 0, 0, 0, 1, 0, 1, 1, 1, 1, 1, 1, 0, 0, 1)",12.0,13.0,11.0,14.0,19.948666666666668,20.502333333333333,19.08566666666667,19.859,0.0,1.6835620819560326,1.4582584417326925,2.0596791453985372,22.0,2.0,1.0,6.0,0.1357872165346877,0.05152107149460391,0.04084476605816343,0.0185815449108742,1.0,-1.0,2.0,0.5536666666666648,-0.8629999999999995,-0.08966666666666612,1.6835620819560326,1.4582584417326925,2.0596791453985372,-1.5663676428708677,-3.217947488475975,-2.9796259793626434
40,3,0.8571428571428571,1.3862943611198906,-0.4853031476513753,"(1, 1, 1, 0, 1, 0, 1, 1, 1, 1, 0, 0, 1, 1, 1, 0, 1, 0, 0, 0, 0, 0, 0, 1, 1)",8.0,13.0,13.0,15.0,15.928,20.683666666666667,19.108,21.979666666666667,0.0,0.7528656609828536,0.4853031476513753,1.336765144251213,4.0,3.0,8.0,1.0,0.13788288055858092,0.05598385597589774,0.04942101457347167,0.026030862336025085,5.0,5.0,7.0,4.7556666666666665,3.1799999999999997,6.051666666666666,0.7528656609828536,0.4853031476513753,1.336765144251213,5.549060462864498,3.7356430513384167,6.536241393760129
40,4,1.1428571428571428,1.3862943611198906,-0.6050558755461155,"(0, 0, 0, 1, 0, 0, 1, 1, 0, 0, 1, 1, 0, 1, 1, 1, 0, 1, 1, 0, 0, 1, 1, 0, 0)",7.0,11.0,11.0,13.0,16.355666666666668,18.374,20.847666666666665,18.689,0.0,0.6050558755461155,0.6390354906642319,1.1992062354514226,2.0,3.0,1.0,9.0,0.06643613756075012,0.059808039428747156,0.09432637979425558,0.04246604211409405,4.0,4.0,6.0,2.018333333333331,4.491999999999997,2.333333333333332,0.6050558755461155,0.6390354906642319,1.1992062354514226,1.9592185704282707,5.3413429728872375,1.5722340005869575
40,5,1.4285714285714284,1.3862943611198906,1.3484177185199584,"(0, 0, 0, 0, 0, 1, 0, 0, 1, 1, 1, 1, 1, 1, 1, 0, 1, 1, 0, 1, 0, 1, 1, 0, 1)",7.0,10.0,9.0,13.0,18.93166666666667,18.653666666666666,15.541,18.802333333333333,0.0,1.9700475133167972,1.3484177185199584,1.909697498796045,7.0,2.0,1.0,1.0,0.13918698047818429,0.07087599070540151,0.059625313596337916,0.06048263606708659,3.0,2.0,6.0,-0.27800000000000225,-3.390666666666668,-0.12933333333333508,1.9700475133167972,1.3484177185199584,1.909697498796045,-3.1164555912406713,-6.569765960055544,-2.8266969447305574
40,6,1.7142857142857142,1.3862943611198906,1.1909346790967392,"(0, 0, 1, 1, 1, 0, 0, 0, 0, 0, 0, 1, 0, 0, 0, 1, 0, 0, 0, 1, 1, 0, 1, 1, 1)",7.0,12.0,10.0,12.0,16.492333333333335,19.698666666666668,15.219,19.347333333333335,0.0,1.1217585904768563,1.1909346790967392,1.5808376697970472,1.0,1.0,3.0,3.0,0.08425060199278368,0.051393881659691165,0.060757820519550844,0.029017719396412272,5.0,3.0,5.0,3.2063333333333333,-1.2733333333333352,2.8550000000000004,1.1217585904768563,1.1909346790967392,1.5808376697970472,2.8898342113548794,-3.4162008499199326,1.766364053511734
40,7,2.0,1.3862943611198906,0.6459823657405113,"(1, 1, 1, 0, 0, 1, 1, 0, 0, 0, 0, 0, 1, 1, 0, 0, 1, 1, 0, 0, 1, 0, 1, 1, 0)",6.0,9.0,12.0,13.0,12.456333333333333,16.348333333333333,18.924,19.430666666666667,0.0,-0.6459823657405113,0.26035378265365544,0.5774301095831326,1.0,1.0,7.0,4.0,0.06375143775976906,0.07500271665616018,0.02660039652571026,0.04851705062639863,3.0,6.0,7.0,3.8919999999999995,6.467666666666666,6.974333333333334,-0.6459823657405113,0.26035378265365544,0.5774301095831326,6.290979364487572,8.605162848814082,8.867990867714553
41,0,0.0,1.3862943611198906,-1.669668331803475,"(0, 0, 0, 0, 0, 0, 1, 0, 0, 0, 0, 0, 0, 0, 0, 1, 1, 1, 1, 1, 0, 0, 0, 1, 1)",5.0,10.0,11.0,12.0,8.411666666666667,17.729,18.504,18.624333333333333,0.0,1.669668331803475,1.9668282297448634,2.512465988646313,1.0,7.0,2.0,10.0,0.10662479753983434,0.03126028228160434,0.05405077995898846,0.01724553759891748,5.0,6.0,7.0,9.317333333333332,10.092333333333334,10.212666666666665,1.669668331803475,1.9668282297448634,2.512465988646313,10.60191486735478,11.26434190635559,10.674744779431173
41,1,0.2857142857142857,1.3862943611198906,-0.7165909585335507,"(0, 0, 1, 1, 1, 1, 1, 0, 1, 0, 1, 1, 0, 0, 1, 0, 1, 0, 0, 0, 1, 1, 0, 1, 1)",8.0,11.0,14.0,15.0,15.267,17.087666666666667,19.651,21.623666666666665,0.0,1.176933106049429,0.7165909585335507,1.5614449520120492,5.0,5.0,13.0,2.0,0.15796449978726942,0.030384761032065916,0.07219116827828209,0.04564482187793995,3.0,6.0,7.0,1.8206666666666678,4.384,6.356666666666666,1.176933106049429,0.7165909585335507,1.5614449520120492,0.8924042051473073,5.084108474105042,6.647588823345347
41,2,0.5714285714285714,1.3862943611198906,0.8629999999999995,"(0, 1, 1, 0, 1, 0, 1, 0, 0, 1, 1, 0, 0, 0, 1, 0, 1, 1, 1, 1, 1, 1, 0, 0, 1)",12.0,13.0,11.0,14.0,19.948666666666668,20.502333333333333,19.08566666666667,19.859,0.0,1.6835620819560326,1.4582584417326925,2.0596791453985372,22.0,2.0,1.0,6.0,0.1357872165346877,0.05152107149460391,0.04084476605816343,0.0185815449108742,1.0,-1.0,2.0,0.5536666666666648,-0.8629999999999995,-0.08966666666666612,1.6835620819560326,1.4582584417326925,2.0596791453985372,-1.5663676428708677,-3.217947488475975,-2.9796259793626434
41,3,0.8571428571428571,1.3862943611198906,-0.4853031476513753,"(1, 1, 1, 0, 1, 0, 1, 1, 1, 1, 0, 0, 1, 1, 1, 0, 1, 0, 0, 0, 0, 0, 0, 1, 1)",8.0,13.0,13.0,15.0,15.928,20.683666666666667,19.108,21.979666666666667,0.0,0.7528656609828536,0.4853031476513753,1.336765144251213,4.0,3.0,8.0,1.0,0.13788288055858092,0.05598385597589774,0.04942101457347167,0.026030862336025085,5.0,5.0,7.0,4.7556666666666665,3.1799999999999997,6.051666666666666,0.7528656609828536,0.4853031476513753,1.336765144251213,5.549060462864498,3.7356430513384167,6.536241393760129
41,4,1.1428571428571428,1.3862943611198906,-1.4431324299258064,"(0, 1, 0, 1, 0, 0, 1, 1, 0, 0, 1, 1, 0, 1, 1, 1, 0, 1, 1, 0, 0, 0, 1, 0, 0)",8.0,12.0,12.0,13.0,14.515,17.138666666666666,19.75,18.074666666666666,0.0,1.4431324299258064,1.9511091920168318,2.1160166079073828,5.0,23.0,2.0,2.0,0.061662695645405635,0.03757400549090812,0.042240107119062516,0.043660708527149865,4.0,4.0,5.0,2.623666666666665,5.234999999999999,3.559666666666665,1.4431324299258064,1.9511091920168318,2.1160166079073828,1.6365679555028263,4.552439309640507,2.0013239358883914
41,5,1.4285714285714284,1.3862943611198906,1.3484177185199584,"(0, 0, 0, 0, 0, 1, 0, 0, 1, 1, 1, 1, 1, 1, 1, 0, 1, 1, 0, 1, 0, 1, 1, 0, 1)",7.0,10.0,9.0,13.0,18.93166666666667,18.653666666666666,15.541,18.802333333333333,0.0,1.9700475133167972,1.3484177185199584,1.909697498796045,7.0,2.0,1.0,1.0,0.13918698047818429,0.07087599070540151,0.059625313596337916,0.06048263606708659,3.0,2.0,6.0,-0.27800000000000225,-3.390666666666668,-0.12933333333333508,1.9700475133167972,1.3484177185199584,1.909697498796045,-3.1164555912406713,-6.569765960055544,-2.8266969447305574
41,6,1.7142857142857142,1.3862943611198906,1.1909346790967392,"(0, 0, 1, 1, 1, 0, 0, 0, 0, 0, 0, 1, 0, 0, 0, 1, 0, 0, 0, 1, 1, 0, 1, 1, 1)",7.0,12.0,10.0,12.0,16.492333333333335,19.698666666666668,15.219,19.347333333333335,0.0,1.1217585904768563,1.1909346790967392,1.5808376697970472,1.0,1.0,3.0,3.0,0.08425060199278368,0.051393881659691165,0.060757820519550844,0.029017719396412272,5.0,3.0,5.0,3.2063333333333333,-1.2733333333333352,2.8550000000000004,1.1217585904768563,1.1909346790967392,1.5808376697970472,2.8898342113548794,-3.4162008499199326,1.766364053511734
41,7,2.0,1.3862943611198906,0.6459823657405113,"(1, 1, 1, 0, 0, 1, 1, 0, 0, 0, 0, 0, 1, 1, 0, 0, 1, 1, 0, 0, 1, 0, 1, 1, 0)",6.0,9.0,12.0,13.0,12.456333333333333,16.348333333333333,18.924,19.430666666666667,0.0,-0.6459823657405113,0.26035378265365544,0.5774301095831326,1.0,1.0,7.0,4.0,0.06375143775976906,0.07500271665616018,0.02660039652571026,0.04851705062639863,3.0,6.0,7.0,3.8919999999999995,6.467666666666666,6.974333333333334,-0.6459823657405113,0.26035378265365544,0.5774301095831326,6.290979364487572,8.605162848814082,8.867990867714553
42,0,0.0,1.3862943611198906,-1.669668331803475,"(0, 0, 0, 0, 0, 0, 1, 0, 0, 0, 0, 0, 0, 0, 0, 1, 1, 1, 1, 1, 0, 0, 0, 1, 1)",5.0,10.0,11.0,12.0,8.411666666666667,17.729,18.504,18.624333333333333,0.0,1.669668331803475,1.9668282297448634,2.512465988646313,1.0,7.0,2.0,10.0,0.10662479753983434,0.03126028228160434,0.05405077995898846,0.01724553759891748,5.0,6.0,7.0,9.317333333333332,10.092333333333334,10.212666666666665,1.669668331803475,1.9668282297448634,2.512465988646313,10.60191486735478,11.26434190635559,10.674744779431173
42,1,0.2857142857142857,1.3862943611198906,-1.248696944143401,"(0, 0, 1, 1, 1, 1, 0, 0, 1, 0, 1, 0, 0, 0, 1, 0, 1, 0, 0, 0, 1, 1, 0, 1, 1)",8.0,13.0,12.0,15.0,14.012,19.843666666666667,18.731,22.189,0.0,2.0024636964609837,1.248696944143401,2.1120502657075106,20.0,12.0,1.0,5.0,0.2269845664054683,0.04551487838985615,0.07348224488316987,0.021422891517734067,5.0,4.0,7.0,5.831666666666667,4.719000000000001,8.177,2.0024636964609837,1.248696944143401,2.1120502657075106,5.308402485179675,4.81086155771113,8.407805617125256
42,2,0.5714285714285714,1.3862943611198906,0.8629999999999995,"(0, 1, 1, 0, 1, 0, 1, 0, 0, 1, 1, 0, 0, 0, 1, 0, 1, 1, 1, 1, 1, 1, 0, 0, 1)",12.0,13.0,11.0,14.0,19.948666666666668,20.502333333333333,19.08566666666667,19.859,0.0,1.6835620819560326,1.4582584417326925,2.0596791453985372,22.0,2.0,1.0,6.0,0.1357872165346877,0.05152107149460391,0.04084476605816343,0.0185815449108742,1.0,-1.0,2.0,0.5536666666666648,-0.8629999999999995,-0.08966666666666612,1.6835620819560326,1.4582584417326925,2.0596791453985372,-1.5663676428708677,-3.217947488475975,-2.9796259793626434
42,3,0.8571428571428571,1.3862943611198906,-0.4853031476513753,"(1, 1, 1, 0, 1, 0, 1, 1, 1, 1, 0, 0, 1, 1, 1, 0, 1, 0, 0, 0, 0, 0, 0, 1, 1)",8.0,13.0,13.0,15.0,15.928,20.683666666666667,19.108,21.979666666666667,0.0,0.7528656609828536,0.4853031476513753,1.336765144251213,4.0,3.0,8.0,1.0,0.13788288055858092,0.05598385597589774,0.04942101457347167,0.026030862336025085,5.0,5.0,7.0,4.7556666666666665,3.1799999999999997,6.051666666666666,0.7528656609828536,0.4853031476513753,1.336765144251213,5.549060462864498,3.7356430513384167,6.536241393760129
42,4,1.1428571428571428,1.3862943611198906,-0.42344361260407126,"(0, 1, 1, 1, 0, 0, 1, 1, 0, 0, 1, 1, 0, 1, 1, 1, 0, 1, 1, 0, 0, 0, 0, 0, 0)",7.0,11.0,11.0,13.0,14.825666666666667,19.221,19.253666666666668,19.311333333333334,0.0,0.42344361260407126,0.6197814023153452,1.7354325959679346,3.0,2.0,1.0,5.0,0.08752465905810572,0.07841558350751737,0.06723420147014723,0.0570214261800568,4.0,4.0,6.0,4.395333333333333,4.428000000000001,4.485666666666667,0.42344361260407126,0.6197814023153452,1.7354325959679346,5.506208322837033,5.279311967882135,3.8126339839694547
42,5,1.4285714285714284,1.3862943611198906,1.3484177185199584,"(0, 0, 0, 0, 0, 1, 0, 0, 1, 1, 1, 1, 1, 1, 1, 0, 1, 1, 0, 1, 0, 1, 1, 0, 1)",7.0,10.0,9.0,13.0,18.93166666666667,18.653666666666666,15.541,18.802333333333333,0.0,1.9700475133167972,1.3484177185199584,1.909697498796045,7.0,2.0,1.0,1.0,0.13918698047818429,0.07087599070540151,0.059625313596337916,0.06048263606708659,3.0,2.0,6.0,-0.27800000000000225,-3.390666666666668,-0.12933333333333508,1.9700475133167972,1.3484177185199584,1.909697498796045,-3.1164555912406713,-6.569765960055544,-2.8266969447305574
42,6,1.7142857142857142,1.3862943611198906,1.1909346790967392,"(0, 0, 1, 1, 1, 0, 0, 0, 0, 0, 0, 1, 0, 0, 0, 1, 0, 0, 0, 1, 1, 0, 1, 1, 1)",7.0,12.0,10.0,12.0,16.492333333333335,19.698666666666668,15.219,19.347333333333335,0.0,1.1217585904768563,1.1909346790967392,1.5808376697970472,1.0,1.0,3.0,3.0,0.08425060199278368,0.051393881659691165,0.060757820519550844,0.029017719396412272,5.0,3.0,5.0,3.2063333333333333,-1.2733333333333352,2.8550000000000004,1.1217585904768563,1.1909346790967392,1.5808376697970472,2.8898342113548794,-3.4162008499199326,1.766364053511734
42,7,2.0,1.3862943611198906,0.6459823657405113,"(1, 1, 1, 0, 0, 1, 1, 0, 0, 0, 0, 0, 1, 1, 0, 0, 1, 1, 0, 0, 1, 0, 1, 1, 0)",6.0,9.0,12.0,13.0,12.456333333333333,16.348333333333333,18.924,19.430666666666667,0.0,-0.6459823657405113,0.26035378265365544,0.5774301095831326,1.0,1.0,7.0,4.0,0.06375143775976906,0.07500271665616018,0.02660039652571026,0.04851705062639863,3.0,6.0,7.0,3.8919999999999995,6.467666666666666,6.974333333333334,-0.6459823657405113,0.26035378265365544,0.5774301095831326,6.290979364487572,8.605162848814082,8.867990867714553
43,0,0.0,1.3862943611198906,-1.669668331803475,"(0, 0, 0, 0, 0, 0, 1, 0, 0, 0, 0, 0, 0, 0, 0, 1, 1, 1, 1, 1, 0, 0, 0, 1, 1)",5.0,10.0,11.0,12.0,8.411666666666667,17.729,18.504,18.624333333333333,0.0,1.669668331803475,1.9668282297448634,2.512465988646313,1.0,7.0,2.0,10.0,0.10662479753983434,0.03126028228160434,0.05405077995898846,0.01724553759891748,5.0,6.0,7.0,9.317333333333332,10.092333333333334,10.212666666666665,1.669668331803475,1.9668282297448634,2.512465988646313,10.60191486735478,11.26434190635559,10.674744779431173
43,1,0.2857142857142857,1.3862943611198906,-1.248696944143401,"(0, 0, 1, 1, 1, 1, 0, 0, 1, 0, 1, 0, 0, 0, 1, 0, 1, 0, 0, 0, 1, 1, 0, 1, 1)",8.0,13.0,12.0,15.0,14.012,19.843666666666667,18.731,22.189,0.0,2.0024636964609837,1.248696944143401,2.1120502657075106,20.0,12.0,1.0,5.0,0.2269845664054683,0.04551487838985615,0.07348224488316987,0.021422891517734067,5.0,4.0,7.0,5.831666666666667,4.719000000000001,8.177,2.0024636964609837,1.248696944143401,2.1120502657075106,5.308402485179675,4.81086155771113,8.407805617125256
43,2,0.5714285714285714,1.3862943611198906,0.8629999999999995,"(0, 1, 1, 0, 1, 0, 1, 0, 0, 1, 1, 0, 0, 0, 1, 0, 1, 1, 1, 1, 1, 1, 0, 0, 1)",12.0,13.0,11.0,14.0,19.948666666666668,20.502333333333333,19.08566666666667,19.859,0.0,1.6835620819560326,1.4582584417326925,2.0596791453985372,22.0,2.0,1.0,6.0,0.1357872165346877,0.05152107149460391,0.04084476605816343,0.0185815449108742,1.0,-1.0,2.0,0.5536666666666648,-0.8629999999999995,-0.08966666666666612,1.6835620819560326,1.4582584417326925,2.0596791453985372,-1.5663676428708677,-3.217947488475975,-2.9796259793626434
43,3,0.8571428571428571,1.3862943611198906,-0.4853031476513753,"(1, 1, 1, 0, 1, 0, 1, 1, 1, 1, 0, 0, 1, 1, 1, 0, 1, 0, 0, 0, 0, 0, 0, 1, 1)",8.0,13.0,13.0,15.0,15.928,20.683666666666667,19.108,21.979666666666667,0.0,0.7528656609828536,0.4853031476513753,1.336765144251213,4.0,3.0,8.0,1.0,0.13788288055858092,0.05598385597589774,0.04942101457347167,0.026030862336025085,5.0,5.0,7.0,4.7556666666666665,3.1799999999999997,6.051666666666666,0.7528656609828536,0.4853031476513753,1.336765144251213,5.549060462864498,3.7356430513384167,6.536241393760129
43,4,1.1428571428571428,1.3862943611198906,-0.42344361260407126,"(0, 1, 1, 1, 0, 0, 1, 1, 0, 0, 1, 1, 0, 1, 1, 1, 0, 1, 1, 0, 0, 0, 0, 0, 0)",7.0,11.0,11.0,13.0,14.825666666666667,19.221,19.253666666666668,19.311333333333334,0.0,0.42344361260407126,0.6197814023153452,1.7354325959679346,3.0,2.0,1.0,5.0,0.08752465905810572,0.07841558350751737,0.06723420147014723,0.0570214261800568,4.0,4.0,6.0,4.395333333333333,4.428000000000001,4.485666666666667,0.42344361260407126,0.6197814023153452,1.7354325959679346,5.506208322837033,5.279311967882135,3.8126339839694547
43,5,1.4285714285714284,1.3862943611198906,1.3484177185199584,"(0, 0, 0, 0, 0, 1, 0, 0, 1, 1, 1, 1, 1, 1, 1, 0, 1, 1, 0, 1, 0, 1, 1, 0, 1)",7.0,10.0,9.0,13.0,18.93166666666667,18.653666666666666,15.541,18.802333333333333,0.0,1.9700475133167972,1.3484177185199584,1.909697498796045,7.0,2.0,1.0,1.0,0.13918698047818429,0.07087599070540151,0.059625313596337916,0.06048263606708659,3.0,2.0,6.0,-0.27800000000000225,-3.390666666666668,-0.12933333333333508,1.9700475133167972,1.3484177185199584,1.909697498796045,-3.1164555912406713,-6.569765960055544,-2.8266969447305574
43,6,1.7142857142857142,1.3862943611198906,1.1909346790967392,"(0, 0, 1, 1, 1, 0, 0, 0, 0, 0, 0, 1, 0, 0, 0, 1, 0, 0, 0, 1, 1, 0, 1, 1, 1)",7.0,12.0,10.0,12.0,16.492333333333335,19.698666666666668,15.219,19.347333333333335,0.0,1.1217585904768563,1.1909346790967392,1.5808376697970472,1.0,1.0,3.0,3.0,0.08425060199278368,0.051393881659691165,0.060757820519550844,0.029017719396412272,5.0,3.0,5.0,3.2063333333333333,-1.2733333333333352,2.8550000000000004,1.1217585904768563,1.1909346790967392,1.5808376697970472,2.8898342113548794,-3.4162008499199326,1.766364053511734
43,7,2.0,1.3862943611198906,0.6459823657405113,"(1, 1, 1, 0, 0, 1, 1, 0, 0, 0, 0, 0, 1, 1, 0, 0, 1, 1, 0, 0, 1, 0, 1, 1, 0)",6.0,9.0,12.0,13.0,12.456333333333333,16.348333333333333,18.924,19.430666666666667,0.0,-0.6459823657405113,0.26035378265365544,0.5774301095831326,1.0,1.0,7.0,4.0,0.06375143775976906,0.07500271665616018,0.02660039652571026,0.04851705062639863,3.0,6.0,7.0,3.8919999999999995,6.467666666666666,6.974333333333334,-0.6459823657405113,0.26035378265365544,0.5774301095831326,6.290979364487572,8.605162848814082,8.867990867714553
44,0,0.0,1.3862943611198906,-1.1213118956271624,"(0, 0, 0, 0, 0, 1, 1, 0, 0, 0, 1, 0, 0, 0, 0, 1, 1, 1, 1, 1, 0, 0, 0, 1, 1)",5.0,10.0,8.0,12.0,7.960333333333334,15.521,16.503333333333334,18.222333333333335,0.0,1.2975946269142364,1.1213118956271624,1.766531799469058,2.0,7.0,3.0,1.0,0.20170023568173598,0.09695788175093514,0.044852732880273534,0.043809798640420464,5.0,3.0,7.0,7.560666666666667,8.543,10.262,1.2975946269142364,1.1213118956271624,1.766531799469058,8.682461451996446,10.288644369082634,11.777219661469388
44,1,0.2857142857142857,1.3862943611198906,-1.2676968785260847,"(0, 0, 1, 1, 1, 1, 0, 0, 1, 0, 1, 0, 0, 0, 1, 1, 1, 0, 0, 1, 1, 1, 0, 1, 1)",8.0,13.0,12.0,15.0,15.685,19.953333333333333,18.870666666666665,21.964666666666666,0.0,1.3099865581755807,1.2676968785260847,1.7831288236257985,7.0,1.0,4.0,4.0,0.10596817403531938,0.05624772294398794,0.04024564001284747,0.031154805824251244,5.0,4.0,7.0,4.268333333333333,3.1856666666666644,6.279666666666666,1.3099865581755807,1.2676968785260847,1.7831288236257985,4.101139452638404,2.658870702097597,6.23352505636975
44,2,0.5714285714285714,1.3862943611198906,0.8629999999999995,"(0, 1, 1, 0, 1, 0, 1, 0, 0, 1, 1, 0, 0, 0, 1, 0, 1, 1, 1, 1, 1, 1, 0, 0, 1)",12.0,13.0,11.0,14.0,19.948666666666668,20.502333333333333,19.08566666666667,19.859,0.0,1.6835620819560326,1.4582584417326925,2.0596791453985372,22.0,2.0,1.0,6.0,0.1357872165346877,0.05152107149460391,0.04084476605816343,0.0185815449108742,1.0,-1.0,2.0,0.5536666666666648,-0.8629999999999995,-0.08966666666666612,1.6835620819560326,1.4582584417326925,2.0596791453985372,-1.5663676428708677,-3.217947488475975,-2.9796259793626434
44,3,0.8571428571428571,1.3862943611198906,-0.4853031476513753,"(1, 1, 1, 0, 1, 0, 1, 1, 1, 1, 0, 0, 1, 1, 1, 0, 1, 0, 0, 0, 0, 0, 0, 1, 1)",8.0,13.0,13.0,15.0,15.928,20.683666666666667,19.108,21.979666666666667,0.0,0.7528656609828536,0.4853031476513753,1.336765144251213,4.0,3.0,8.0,1.0,0.13788288055858092,0.05598385597589774,0.04942101457347167,0.026030862336025085,5.0,5.0,7.0,4.7556666666666665,3.1799999999999997,6.051666666666666,0.7528656609828536,0.4853031476513753,1.336765144251213,5.549060462864498,3.7356430513384167,6.536241393760129
44,4,1.1428571428571428,1.3862943611198906,-0.42344361260407126,"(0, 1, 1, 1, 0, 0, 1, 1, 0, 0, 1, 1, 0, 1, 1, 1, 0, 1, 1, 0, 0, 0, 0, 0, 0)",7.0,11.0,11.0,13.0,14.825666666666667,19.221,19.253666666666668,19.311333333333334,0.0,0.42344361260407126,0.6197814023153452,1.7354325959679346,3.0,2.0,1.0,5.0,0.08752465905810572,0.07841558350751737,0.06723420147014723,0.0570214261800568,4.0,4.0,6.0,4.395333333333333,4.428000000000001,4.485666666666667,0.42344361260407126,0.6197814023153452,1.7354325959679346,5.506208322837033,5.279311967882135,3.8126339839694547
44,5,1.4285714285714284,1.3862943611198906,1.3484177185199584,"(0, 0, 0, 0, 0, 1, 0, 0, 1, 1, 1, 1, 1, 1, 1, 0, 1, 1, 0, 1, 0, 1, 1, 0, 1)",7.0,10.0,9.0,13.0,18.93166666666667,18.653666666666666,15.541,18.802333333333333,0.0,1.9700475133167972,1.3484177185199584,1.909697498796045,7.0,2.0,1.0,1.0,0.13918698047818429,0.07087599070540151,0.059625313596337916,0.06048263606708659,3.0,2.0,6.0,-0.27800000000000225,-3.390666666666668,-0.12933333333333508,1.9700475133167972,1.3484177185199584,1.909697498796045,-3.1164555912406713,-6.569765960055544,-2.8266969447305574
44,6,1.7142857142857142,1.3862943611198906,1.1909346790967392,"(0, 0, 1, 1, 1, 0, 0, 0, 0, 0, 0, 1, 0, 0, 0, 1, 0, 0, 0, 1, 1, 0, 1, 1, 1)",7.0,12.0,10.0,12.0,16.492333333333335,19.698666666666668,15.219,19.347333333333335,0.0,1.1217585904768563,1.1909346790967392,1.5808376697970472,1.0,1.0,3.0,3.0,0.08425060199278368,0.051393881659691165,0.060757820519550844,0.029017719396412272,5.0,3.0,5.0,3.2063333333333333,-1.2733333333333352,2.8550000000000004,1.1217585904768563,1.1909346790967392,1.5808376697970472,2.8898342113548794,-3.4162008499199326,1.766364053511734
44,7,2.0,1.3862943611198906,0.6459823657405113,"(1, 1, 1, 0, 0, 1, 1, 0, 0, 0, 0, 0, 1, 1, 0, 0, 1, 1, 0, 0, 1, 0, 1, 1, 0)",6.0,9.0,12.0,13.0,12.456333333333333,16.348333333333333,18.924,19.430666666666667,0.0,-0.6459823657405113,0.26035378265365544,0.5774301095831326,1.0,1.0,7.0,4.0,0.06375143775976906,0.07500271665616018,0.02660039652571026,0.04851705062639863,3.0,6.0,7.0,3.8919999999999995,6.467666666666666,6.974333333333334,-0.6459823657405113,0.26035378265365544,0.5774301095831326,6.290979364487572,8.605162848814082,8.867990867714553
45,0,0.0,1.3862943611198906,-1.1213118956271624,"(0, 0, 0, 0, 0, 1, 1, 0, 0, 0, 1, 0, 0, 0, 0, 1, 1, 1, 1, 1, 0, 0, 0, 1, 1)",5.0,10.0,8.0,12.0,7.960333333333334,15.521,16.503333333333334,18.222333333333335,0.0,1.2975946269142364,1.1213118956271624,1.766531799469058,2.0,7.0,3.0,1.0,0.20170023568173598,0.09695788175093514,0.044852732880273534,0.043809798640420464,5.0,3.0,7.0,7.560666666666667,8.543,10.262,1.2975946269142364,1.1213118956271624,1.766531799469058,8.682461451996446,10.288644369082634,11.777219661469388
45,1,0.2857142857142857,1.3862943611198906,-1.2676968785260847,"(0, 0, 1, 1, 1, 1, 0, 0, 1, 0, 1, 0, 0, 0, 1, 1, 1, 0, 0, 1, 1, 1, 0, 1, 1)",8.0,13.0,12.0,15.0,15.685,19.953333333333333,18.870666666666665,21.964666666666666,0.0,1.3099865581755807,1.2676968785260847,1.7831288236257985,7.0,1.0,4.0,4.0,0.10596817403531938,0.05624772294398794,0.04024564001284747,0.031154805824251244,5.0,4.0,7.0,4.268333333333333,3.1856666666666644,6.279666666666666,1.3099865581755807,1.2676968785260847,1.7831288236257985,4.101139452638404,2.658870702097597,6.23352505636975
45,2,0.5714285714285714,1.3862943611198906,0.8629999999999995,"(0, 1, 1, 0, 1, 0, 1, 0, 0, 1, 1, 0, 0, 0, 1, 0, 1, 1, 1, 1, 1, 1, 0, 0, 1)",12.0,13.0,11.0,14.0,19.948666666666668,20.502333333333333,19.08566666666667,19.859,0.0,1.6835620819560326,1.4582584417326925,2.0596791453985372,22.0,2.0,1.0,6.0,0.1357872165346877,0.05152107149460391,0.04084476605816343,0.0185815449108742,1.0,-1.0,2.0,0.5536666666666648,-0.8629999999999995,-0.08966666666666612,1.6835620819560326,1.4582584417326925,2.0596791453985372,-1.5663676428708677,-3.217947488475975,-2.9796259793626434
45,3,0.8571428571428571,1.3862943611198906,-0.8315070594350498,"(1, 1, 1, 0, 1, 0, 1, 1, 1, 0, 0, 0, 1, 1, 0, 0, 1, 0, 0, 0, 0, 0, 0, 1, 1)",7.0,11.0,11.0,14.0,15.389,19.932666666666666,17.27466666666667,19.596666666666668,0.0,0.8315070594350498,0.8698843083320521,1.5359602406734605,5.0,3.0,7.0,9.0,0.13797278984803246,0.04654763836793624,0.04371765818138327,0.06607148566376726,4.0,4.0,7.0,4.543666666666667,1.885666666666669,4.207666666666668,0.8315070594350498,0.8698843083320521,1.5359602406734605,5.146145931082218,1.4081733554843434,3.70377155292216
45,4,1.1428571428571428,1.3862943611198906,-1.5328102718195842,"(0, 1, 1, 1, 0, 0, 1, 1, 0, 0, 1, 1, 1, 0, 1, 1, 0, 1, 1, 0, 0, 0, 0, 0, 0)",7.0,12.0,11.0,13.0,12.786666666666667,19.773333333333333,17.548333333333332,19.346,0.0,1.5328102718195842,1.889842682890672,2.037683274868769,2.0,6.0,4.0,5.0,0.09722010185517041,0.10814330673935142,0.02648916114949489,0.02350645967490911,5.0,4.0,6.0,6.986666666666666,4.761666666666665,6.559333333333333,1.5328102718195842,1.889842682890672,2.037683274868769,7.560650366534166,3.9811933948375193,6.268337979006849
45,5,1.4285714285714284,1.3862943611198906,0.5376666666666665,"(0, 0, 0, 0, 0, 1, 0, 0, 1, 1, 1, 0, 0, 1, 1, 0, 1, 1, 0, 1, 0, 1, 1, 0, 1)",6.0,9.0,8.0,12.0,12.667,16.898666666666667,12.129333333333333,18.886,0.0,2.7062622386955337,1.417193322102185,2.8880131310736896,6.0,1.0,3.0,1.0,0.21879715053661392,0.04264221668913664,0.07099213484905348,0.029090603994039788,3.0,2.0,6.0,4.231666666666667,-0.5376666666666665,6.218999999999999,2.7062622386955337,1.417193322102185,2.8880131310736896,2.114659556923695,-2.7100113792091514,4.617728313356944
45,6,1.7142857142857142,1.3862943611198906,1.1909346790967392,"(0, 0, 1, 1, 1, 0, 0, 0, 0, 0, 0, 1, 0, 0, 0, 1, 0, 0, 0, 1, 1, 0, 1, 1, 1)",7.0,12.0,10.0,12.0,16.492333333333335,19.698666666666668,15.219,19.347333333333335,0.0,1.1217585904768563,1.1909346790967392,1.5808376697970472,1.0,1.0,3.0,3.0,0.08425060199278368,0.051393881659691165,0.060757820519550844,0.029017719396412272,5.0,3.0,5.0,3.2063333333333333,-1.2733333333333352,2.8550000000000004,1.1217585904768563,1.1909346790967392,1.5808376697970472,2.8898342113548794,-3.4162008499199326,1.766364053511734
45,7,2.0,1.3862943611198906,0.6459823657405113,"(1, 1, 1, 0, 0, 1, 1, 0, 0, 0, 0, 0, 1, 1, 0, 0, 1, 1, 0, 0, 1, 0, 1, 1, 0)",6.0,9.0,12.0,13.0,12.456333333333333,16.348333333333333,18.924,19.430666666666667,0.0,-0.6459823657405113,0.26035378265365544,0.5774301095831326,1.0,1.0,7.0,4.0,0.06375143775976906,0.07500271665616018,0.02660039652571026,0.04851705062639863,3.0,6.0,7.0,3.8919999999999995,6.467666666666666,6.974333333333334,-0.6459823657405113,0.26035378265365544,0.5774301095831326,6.290979364487572,8.605162848814082,8.867990867714553
46,0,0.0,1.3862943611198906,-1.1213118956271624,"(0, 0, 0, 0, 0, 1, 1, 0, 0, 0, 1, 0, 0, 0, 0, 1, 1, 1, 1, 1, 0, 0, 0, 1, 1)",5.0,10.0,8.0,12.0,7.960333333333334,15.521,16.503333333333334,18.222333333333335,0.0,1.2975946269142364,1.1213118956271624,1.766531799469058,2.0,7.0,3.0,1.0,0.20170023568173598,0.09695788175093514,0.044852732880273534,0.043809798640420464,5.0,3.0,7.0,7.560666666666667,8.543,10.262,1.2975946269142364,1.1213118956271624,1.766531799469058,8.682461451996446,10.288644369082634,11.777219661469388
46,1,0.2857142857142857,1.3862943611198906,0.8303333333333338,"(1, 0, 1, 1, 1, 0, 0, 0, 1, 0, 1, 0, 0, 0, 1, 1, 1, 0, 0, 1, 1, 1, 0, 1, 1)",8.0,12.0,10.0,14.0,14.986666666666666,18.27466666666667,14.156333333333333,21.280333333333335,0.0,1.2651476372286907,1.2068385560729213,2.115246444373427,10.0,5.0,6.0,2.0,0.14290263787612148,0.051336525054585545,0.058939910691764914,0.027594896926950392,4.0,2.0,6.0,3.288000000000002,-0.8303333333333338,6.2936666666666685,1.2651476372286907,1.2068385560729213,2.115246444373427,2.8042688238879157,-2.824119902915845,5.79252039255444
46,2,0.5714285714285714,1.3862943611198906,-0.8171435095267783,"(0, 1, 1, 0, 1, 0, 1, 0, 0, 1, 1, 0, 0, 0, 1, 0, 0, 1, 1, 1, 1, 0, 0, 0, 1)",7.0,11.0,12.0,14.0,15.926,18.730666666666668,19.177333333333333,19.619333333333334,0.0,0.8171435095267783,0.9432654898473313,1.7096167143097458,1.0,2.0,3.0,5.0,0.10409832227800082,0.04078866615877525,0.05667510223667094,0.04525160776787017,4.0,5.0,7.0,2.8046666666666678,3.251333333333333,3.6933333333333334,0.8171435095267783,0.9432654898473313,1.7096167143097458,2.755292145338231,3.1996614365067906,2.750015163012214
46,3,0.8571428571428571,1.3862943611198906,-0.8315070594350498,"(1, 1, 1, 0, 1, 0, 1, 1, 1, 0, 0, 0, 1, 1, 0, 0, 1, 0, 0, 0, 0, 0, 0, 1, 1)",7.0,11.0,11.0,14.0,15.389,19.932666666666666,17.27466666666667,19.596666666666668,0.0,0.8315070594350498,0.8698843083320521,1.5359602406734605,5.0,3.0,7.0,9.0,0.13797278984803246,0.04654763836793624,0.04371765818138327,0.06607148566376726,4.0,4.0,7.0,4.543666666666667,1.885666666666669,4.207666666666668,0.8315070594350498,0.8698843083320521,1.5359602406734605,5.146145931082218,1.4081733554843434,3.70377155292216
46,4,1.1428571428571428,1.3862943611198906,-1.5328102718195842,"(0, 1, 1, 1, 0, 0, 1, 1, 0, 0, 1, 1, 1, 0, 1, 1, 0, 1, 1, 0, 0, 0, 0, 0, 0)",7.0,12.0,11.0,13.0,12.786666666666667,19.773333333333333,17.548333333333332,19.346,0.0,1.5328102718195842,1.889842682890672,2.037683274868769,2.0,6.0,4.0,5.0,0.09722010185517041,0.10814330673935142,0.02648916114949489,0.02350645967490911,5.0,4.0,6.0,6.986666666666666,4.761666666666665,6.559333333333333,1.5328102718195842,1.889842682890672,2.037683274868769,7.560650366534166,3.9811933948375193,6.268337979006849
46,5,1.4285714285714284,1.3862943611198906,-0.9610639691170441,"(0, 0, 0, 0, 0, 1, 0, 0, 1, 1, 1, 0, 0, 1, 1, 0, 1, 1, 1, 1, 0, 1, 1, 1, 1)",7.0,8.0,11.0,11.0,12.976333333333333,20.429666666666666,18.251333333333335,16.269666666666666,0.0,0.9610639691170441,1.1866448682126087,1.59604069795733,13.0,1.0,5.0,2.0,0.07159175252833132,0.06025438413074435,0.04968622052187086,0.09711497881877013,1.0,4.0,4.0,7.453333333333333,5.275000000000002,3.293333333333333,0.9610639691170441,1.1866448682126087,1.59604069795733,9.00019641048446,5.66766366545243,2.3529472095920716
46,6,1.7142857142857142,1.3862943611198906,1.1909346790967392,"(0, 0, 1, 1, 1, 0, 0, 0, 0, 0, 0, 1, 0, 0, 0, 1, 0, 0, 0, 1, 1, 0, 1, 1, 1)",7.0,12.0,10.0,12.0,16.492333333333335,19.698666666666668,15.219,19.347333333333335,0.0,1.1217585904768563,1.1909346790967392,1.5808376697970472,1.0,1.0,3.0,3.0,0.08425060199278368,0.051393881659691165,0.060757820519550844,0.029017719396412272,5.0,3.0,5.0,3.2063333333333333,-1.2733333333333352,2.8550000000000004,1.1217585904768563,1.1909346790967392,1.5808376697970472,2.8898342113548794,-3.4162008499199326,1.766364053511734
46,7,2.0,1.3862943611198906,0.6459823657405113,"(1, 1, 1, 0, 0, 1, 1, 0, 0, 0, 0, 0, 1, 1, 0, 0, 1, 1, 0, 0, 1, 0, 1, 1, 0)",6.0,9.0,12.0,13.0,12.456333333333333,16.348333333333333,18.924,19.430666666666667,0.0,-0.6459823657405113,0.26035378265365544,0.5774301095831326,1.0,1.0,7.0,4.0,0.06375143775976906,0.07500271665616018,0.02660039652571026,0.04851705062639863,3.0,6.0,7.0,3.8919999999999995,6.467666666666666,6.974333333333334,-0.6459823657405113,0.26035378265365544,0.5774301095831326,6.290979364487572,8.605162848814082,8.867990867714553
47,0,0.0,1.3862943611198906,-1.71232768994927,"(0, 0, 1, 1, 0, 1, 1, 0, 0, 0, 1, 0, 0, 0, 0, 1, 1, 1, 1, 1, 0, 0, 0, 1, 1)",6.0,12.0,12.0,12.0,13.71,18.477333333333334,19.049333333333333,19.215333333333334,0.0,1.8502485756100209,1.71232768994927,2.542194301056996,2.0,1.0,8.0,6.0,0.14881104392598912,0.04822135520777851,0.05363868388243902,0.03823984468299404,6.0,6.0,6.0,4.767333333333333,5.339333333333332,5.505333333333333,1.8502485756100209,1.71232768994927,2.542194301056996,4.04393815054061,5.028097471173346,4.107782931658935
47,1,0.2857142857142857,1.3862943611198906,-1.3746956982985201,"(1, 0, 1, 1, 1, 0, 0, 0, 1, 0, 0, 0, 0, 0, 1, 0, 1, 0, 0, 1, 1, 1, 0, 1, 1)",7.0,12.0,9.0,14.0,11.733,17.624333333333333,15.168666666666667,20.074333333333332,0.0,1.6870586244001893,1.3746956982985201,2.0856336564928366,9.0,6.0,3.0,3.0,0.12396873108767886,0.05772120470266746,0.03641954133621717,0.06175555902497599,5.0,2.0,7.0,5.891333333333332,3.435666666666666,8.341333333333331,1.6870586244001893,1.3746956982985201,2.0856336564928366,5.828362321592985,2.857112431880561,8.6722411868635
47,2,0.5714285714285714,1.3862943611198906,0.47099999999999653,"(0, 1, 1, 0, 1, 0, 1, 0, 0, 1, 1, 0, 0, 0, 1, 0, 0, 1, 0, 1, 1, 0, 0, 1, 1)",10.0,11.0,12.0,14.0,17.673,17.202,19.020666666666667,19.246333333333332,0.0,1.1540130392789125,1.7554106380387402,1.6668803398105565,9.0,2.0,2.0,3.0,0.07550533967755295,0.07268024535559992,0.06666395311662421,0.06383579933005654,1.0,2.0,4.0,-0.47099999999999653,1.3476666666666688,1.5733333333333341,1.1540130392789125,1.7554106380387402,1.6668803398105565,-2.252746413098647,-0.5652531682937327,-0.12968368757901924
47,3,0.8571428571428571,1.3862943611198906,-0.8192691608804974,"(1, 1, 1, 0, 0, 0, 1, 1, 1, 1, 0, 0, 1, 1, 0, 0, 1, 0, 0, 0, 0, 0, 0, 1, 1)",7.0,11.0,11.0,14.0,11.926,18.031666666666666,18.402666666666665,20.814333333333334,0.0,1.5323558753345496,0.8192691608804974,1.1635476638292825,1.0,4.0,1.0,1.0,0.14684632695911573,0.05952742472354591,0.09143640402753499,0.029165343931195273,4.0,4.0,7.0,6.105666666666666,6.476666666666665,8.888333333333334,1.5323558753345496,0.8192691608804974,1.1635476638292825,6.339954961672458,7.842818260885097,10.708826814493206
47,4,1.1428571428571428,1.3862943611198906,-0.29720610775342415,"(0, 1, 1, 1, 0, 0, 1, 1, 0, 0, 1, 1, 0, 0, 1, 1, 0, 0, 1, 0, 0, 0, 0, 0, 0)",7.0,12.0,11.0,14.0,11.313,19.471,16.018666666666668,20.78933333333333,0.0,0.6164696991193359,0.29720610775342415,1.259325200911987,12.0,7.0,12.0,3.0,0.14971603409900933,0.033903621642115425,0.08741716345383246,0.032838935384286734,5.0,4.0,7.0,8.158,4.7056666666666676,9.476333333333331,0.6164696991193359,0.29720610775342415,1.259325200911987,10.454780930325656,6.11142401404087,11.391192039251994
47,5,1.4285714285714284,1.3862943611198906,-0.9610639691170441,"(0, 0, 0, 0, 0, 1, 0, 0, 1, 1, 1, 0, 0, 1, 1, 0, 1, 1, 1, 1, 0, 1, 1, 1, 1)",7.0,8.0,11.0,11.0,12.976333333333333,20.429666666666666,18.251333333333335,16.269666666666666,0.0,0.9610639691170441,1.1866448682126087,1.59604069795733,13.0,1.0,5.0,2.0,0.07159175252833132,0.06025438413074435,0.04968622052187086,0.09711497881877013,1.0,4.0,4.0,7.453333333333333,5.275000000000002,3.293333333333333,0.9610639691170441,1.1866448682126087,1.59604069795733,9.00019641048446,5.66766366545243,2.3529472095920716
47,6,1.7142857142857142,1.3862943611198906,1.1909346790967392,"(0, 0, 1, 1, 1, 0, 0, 0, 0, 0, 0, 1, 0, 0, 0, 1, 0, 0, 0, 1, 1, 0, 1, 1, 1)",7.0,12.0,10.0,12.0,16.492333333333335,19.698666666666668,15.219,19.347333333333335,0.0,1.1217585904768563,1.1909346790967392,1.5808376697970472,1.0,1.0,3.0,3.0,0.08425060199278368,0.051393881659691165,0.060757820519550844,0.029017719396412272,5.0,3.0,5.0,3.2063333333333333,-1.2733333333333352,2.8550000000000004,1.1217585904768563,1.1909346790967392,1.5808376697970472,2.8898342113548794,-3.4162008499199326,1.766364053511734
47,7,2.0,1.3862943611198906,0.6459823657405113,"(1, 1, 1, 0, 0, 1, 1, 0, 0, 0, 0, 0, 1, 1, 0, 0, 1, 1, 0, 0, 1, 0, 1, 1, 0)",6.0,9.0,12.0,13.0,12.456333333333333,16.348333333333333,18.924,19.430666666666667,0.0,-0.6459823657405113,0.26035378265365544,0.5774301095831326,1.0,1.0,7.0,4.0,0.06375143775976906,0.07500271665616018,0.02660039652571026,0.04851705062639863,3.0,6.0,7.0,3.8919999999999995,6.467666666666666,6.974333333333334,-0.6459823657405113,0.26035378265365544,0.5774301095831326,6.290979364487572,8.605162848814082,8.867990867714553
48,0,0.0,1.3862943611198906,-1.272649030049417,"(0, 0, 1, 1, 1, 1, 1, 0, 0, 0, 1, 0, 0, 0, 0, 1, 1, 1, 1, 1, 0, 0, 0, 1, 0)",7.0,10.0,11.0,14.0,12.705,17.556333333333335,17.447,21.390333333333334,0.0,1.272649030049417,1.551779399660907,1.964679473485127,4.0,3.0,1.0,10.0,0.16446365817650216,0.04877115057339709,0.02845569146800445,0.026384800505854532,3.0,4.0,7.0,4.851333333333335,4.741999999999999,8.685333333333334,1.272649030049417,1.551779399660907,1.964679473485127,4.961109869870759,4.422584828978596,9.316804548946196
48,1,0.2857142857142857,1.3862943611198906,-1.4127032686992247,"(1, 0, 1, 1, 1, 0, 0, 0, 1, 0, 0, 0, 0, 0, 1, 0, 1, 0, 0, 0, 1, 1, 0, 1, 0)",7.0,10.0,10.0,13.0,12.101333333333333,17.125333333333334,16.418333333333333,20.605333333333334,0.0,1.4757873637655206,1.4127032686992247,2.098025587754182,9.0,3.0,1.0,6.0,0.10337377735231097,0.1013466352374263,0.06755395320028733,0.03999787808036737,3.0,3.0,6.0,5.024000000000001,4.317,8.504000000000001,1.4757873637655206,1.4127032686992247,2.098025587754182,4.918867169666202,4.026210181621195,8.880566205174684
48,2,0.5714285714285714,1.3862943611198906,-1.585427844459425,"(0, 1, 1, 0, 1, 1, 0, 0, 0, 1, 1, 0, 0, 0, 1, 0, 0, 1, 0, 1, 1, 0, 0, 1, 1)",7.0,11.0,12.0,14.0,12.419,16.945,18.896,21.182666666666666,0.0,1.585427844459425,1.8117326972769063,2.1230636042430744,2.0,1.0,2.0,1.0,0.13363285019274362,0.045379522719350716,0.018611557766154616,0.026376366877234783,4.0,5.0,7.0,4.526,6.477,8.763666666666666,1.585427844459425,1.8117326972769063,2.1230636042430744,4.07649859769206,6.467433754882026,9.205830579873302
48,3,0.8571428571428571,1.3862943611198906,-0.1844156582056435,"(1, 1, 1, 0, 0, 0, 1, 1, 1, 1, 0, 0, 1, 1, 0, 1, 1, 0, 0, 0, 1, 0, 0, 1, 1)",7.0,14.0,10.0,12.0,14.531333333333333,20.976666666666667,15.368333333333334,19.07133333333333,0.0,0.1844156582056435,0.667924324822902,0.5428728718145488,1.0,4.0,4.0,2.0,0.0988763796516642,0.08223853316010321,0.06499726676689076,0.050439250805936524,7.0,3.0,5.0,6.445333333333334,0.8370000000000015,4.539999999999999,0.1844156582056435,0.667924324822902,0.5428728718145488,8.679474868465373,0.23438865510055135,5.541194798482832
48,4,1.1428571428571428,1.3862943611198906,-0.29720610775342415,"(0, 1, 1, 1, 0, 0, 1, 1, 0, 0, 1, 1, 0, 0, 1, 1, 0, 0, 1, 0, 0, 0, 0, 0, 0)",7.0,12.0,11.0,14.0,11.313,19.471,16.018666666666668,20.78933333333333,0.0,0.6164696991193359,0.29720610775342415,1.259325200911987,12.0,7.0,12.0,3.0,0.14971603409900933,0.033903621642115425,0.08741716345383246,0.032838935384286734,5.0,4.0,7.0,8.158,4.7056666666666676,9.476333333333331,0.6164696991193359,0.29720610775342415,1.259325200911987,10.454780930325656,6.11142401404087,11.391192039251994
48,5,1.4285714285714284,1.3862943611198906,-0.9610639691170441,"(0, 0, 0, 0, 0, 1, 0, 0, 1, 1, 1, 0, 0, 1, 1, 0, 1, 1, 1, 1, 0, 1, 1, 1, 1)",7.0,8.0,11.0,11.0,12.976333333333333,20.429666666666666,18.251333333333335,16.269666666666666,0.0,0.9610639691170441,1.1866448682126087,1.59604069795733,13.0,1.0,5.0,2.0,0.07159175252833132,0.06025438413074435,0.04968622052187086,0.09711497881877013,1.0,4.0,4.0,7.453333333333333,5.275000000000002,3.293333333333333,0.9610639691170441,1.1866448682126087,1.59604069795733,9.00019641048446,5.66766366545243,2.3529472095920716
48,6,1.7142857142857142,1.3862943611198906,1.1909346790967392,"(0, 0, 1, 1, 1, 0, 0, 0, 0, 0, 0, 1, 0, 0, 0, 1, 0, 0, 0, 1, 1, 0, 1, 1, 1)",7.0,12.0,10.0,12.0,16.492333333333335,19.698666666666668,15.219,19.347333333333335,0.0,1.1217585904768563,1.1909346790967392,1.5808376697970472,1.0,1.0,3.0,3.0,0.08425060199278368,0.051393881659691165,0.060757820519550844,0.029017719396412272,5.0,3.0,5.0,3.2063333333333333,-1.2733333333333352,2.8550000000000004,1.1217585904768563,1.1909346790967392,1.5808376697970472,2.8898342113548794,-3.4162008499199326,1.766364053511734
48,7,2.0,1.3862943611198906,0.6459823657405113,"(1, 1, 1, 0, 0, 1, 1, 0, 0, 0, 0, 0, 1, 1, 0, 0, 1, 1, 0, 0, 1, 0, 1, 1, 0)",6.0,9.0,12.0,13.0,12.456333333333333,16.348333333333333,18.924,19.430666666666667,0.0,-0.6459823657405113,0.26035378265365544,0.5774301095831326,1.0,1.0,7.0,4.0,0.06375143775976906,0.07500271665616018,0.02660039652571026,0.04851705062639863,3.0,6.0,7.0,3.8919999999999995,6.467666666666666,6.974333333333334,-0.6459823657405113,0.26035378265365544,0.5774301095831326,6.290979364487572,8.605162848814082,8.867990867714553
49,0,0.0,1.3862943611198906,-1.272649030049417,"(0, 0, 1, 1, 1, 1, 1, 0, 0, 0, 1, 0, 0, 0, 0, 1, 1, 1, 1, 1, 0, 0, 0, 1, 0)",7.0,10.0,11.0,14.0,12.705,17.556333333333335,17.447,21.390333333333334,0.0,1.272649030049417,1.551779399660907,1.964679473485127,4.0,3.0,1.0,10.0,0.16446365817650216,0.04877115057339709,0.02845569146800445,0.026384800505854532,3.0,4.0,7.0,4.851333333333335,4.741999999999999,8.685333333333334,1.272649030049417,1.551779399660907,1.964679473485127,4.961109869870759,4.422584828978596,9.316804548946196
49,1,0.2857142857142857,1.3862943611198906,-1.4127032686992247,"(1, 0, 1, 1, 1, 0, 0, 0, 1, 0, 0, 0, 0, 0, 1, 0, 1, 0, 0, 0, 1, 1, 0, 1, 0)",7.0,10.0,10.0,13.0,12.101333333333333,17.125333333333334,16.418333333333333,20.605333333333334,0.0,1.4757873637655206,1.4127032686992247,2.098025587754182,9.0,3.0,1.0,6.0,0.10337377735231097,0.1013466352374263,0.06755395320028733,0.03999787808036737,3.0,3.0,6.0,5.024000000000001,4.317,8.504000000000001,1.4757873637655206,1.4127032686992247,2.098025587754182,4.918867169666202,4.026210181621195,8.880566205174684
49,2,0.5714285714285714,1.3862943611198906,-1.585427844459425,"(0, 1, 1, 0, 1, 1, 0, 0, 0, 1, 1, 0, 0, 0, 1, 0, 0, 1, 0, 1, 1, 0, 0, 1, 1)",7.0,11.0,12.0,14.0,12.419,16.945,18.896,21.182666666666666,0.0,1.585427844459425,1.8117326972769063,2.1230636042430744,2.0,1.0,2.0,1.0,0.13363285019274362,0.045379522719350716,0.018611557766154616,0.026376366877234783,4.0,5.0,7.0,4.526,6.477,8.763666666666666,1.585427844459425,1.8117326972769063,2.1230636042430744,4.07649859769206,6.467433754882026,9.205830579873302
49,3,0.8571428571428571,1.3862943611198906,-0.1844156582056435,"(1, 1, 1, 0, 0, 0, 1, 1, 1, 1, 0, 0, 1, 1, 0, 1, 1, 0, 0, 0, 1, 0, 0, 1, 1)",7.0,14.0,10.0,12.0,14.531333333333333,20.976666666666667,15.368333333333334,19.07133333333333,0.0,0.1844156582056435,0.667924324822902,0.5428728718145488,1.0,4.0,4.0,2.0,0.0988763796516642,0.08223853316010321,0.06499726676689076,0.050439250805936524,7.0,3.0,5.0,6.445333333333334,0.8370000000000015,4.539999999999999,0.1844156582056435,0.667924324822902,0.5428728718145488,8.679474868465373,0.23438865510055135,5.541194798482832
49,4,1.1428571428571428,1.3862943611198906,-1.182324250787118,"(0, 1, 1, 1, 0, 0, 1, 1, 0, 0, 1, 1, 0, 0, 1, 1, 0, 0, 0, 0, 0, 0, 0, 1, 0)",6.0,10.0,9.0,12.0,10.834333333333333,18.381,15.757,17.795333333333332,0.0,1.9701861427529102,1.182324250787118,2.4169117989884543,6.0,2.0,1.0,11.0,0.20168325269246096,0.04036265227713502,0.032757362701064247,0.01803539619348091,4.0,3.0,6.0,7.546666666666667,4.922666666666666,6.9609999999999985,1.9701861427529102,1.182324250787118,2.4169117989884543,7.730643505196534,5.185215599791367,6.299443849493731
49,5,1.4285714285714284,1.3862943611198906,-0.9610639691170441,"(0, 0, 0, 0, 0, 1, 0, 0, 1, 1, 1, 0, 0, 1, 1, 0, 1, 1, 1, 1, 0, 1, 1, 1, 1)",7.0,8.0,11.0,11.0,12.976333333333333,20.429666666666666,18.251333333333335,16.269666666666666,0.0,0.9610639691170441,1.1866448682126087,1.59604069795733,13.0,1.0,5.0,2.0,0.07159175252833132,0.06025438413074435,0.04968622052187086,0.09711497881877013,1.0,4.0,4.0,7.453333333333333,5.275000000000002,3.293333333333333,0.9610639691170441,1.1866448682126087,1.59604069795733,9.00019641048446,5.66766366545243,2.3529472095920716
49,6,1.7142857142857142,1.3862943611198906,1.1909346790967392,"(0, 0, 1, 1, 1, 0, 0, 0, 0, 0, 0, 1, 0, 0, 0, 1, 0, 0, 0, 1, 1, 0, 1, 1, 1)",7.0,12.0,10.0,12.0,16.492333333333335,19.698666666666668,15.219,19.347333333333335,0.0,1.1217585904768563,1.1909346790967392,1.5808376697970472,1.0,1.0,3.0,3.0,0.08425060199278368,0.051393881659691165,0.060757820519550844,0.029017719396412272,5.0,3.0,5.0,3.2063333333333333,-1.2733333333333352,2.8550000000000004,1.1217585904768563,1.1909346790967392,1.5808376697970472,2.8898342113548794,-3.4162008499199326,1.766364053511734
49,7,2.0,1.3862943611198906,0.37899999999999956,"(1, 1, 1, 0, 0, 1, 1, 0, 0, 0, 0, 0, 1, 1, 0, 0, 0, 0, 0, 0, 1, 0, 1, 1, 0)",5.0,9.0,11.0,12.0,16.275333333333332,15.896333333333333,19.672333333333334,18.793333333333333,0.0,0.9315436008605287,1.0034768749319722,1.3635899401388825,1.0,3.0,1.0,1.0,0.18883674077257695,0.08087407049396036,0.05060355703781135,0.06238961196262573,4.0,6.0,7.0,-0.37899999999999956,3.397000000000002,2.5180000000000007,0.9315436008605287,1.0034768749319722,1.3635899401388825,-1.816799203874707,3.3181276114918683,1.6003521564055436
